timestamp,x,y,z
6.895,1.992265047308316,0.00029162095846636257,0.0
6.995,1.992263897481271,0.00029152458522411454,0.0
7.095,1.9922520178836969,0.00030461216462310215,0.0
7.195,1.9922473695774507,0.0003484611984509806,0.0
7.295,1.99225386787584,0.00028549637476570327,0.0
7.395,1.9922429001618003,0.00031585158545270587,0.0
7.495,1.9922374968334393,0.00034327834617764506,0.0
7.595,1.9922329356636195,0.0003295777395057351,0.0
7.695,1.9922348237226806,0.0003710901936944391,0.0
7.795,1.9922293212017288,0.0003172087664259965,0.0
7.895,1.9922362919520116,0.0003644899653466619,0.0
7.995,1.9922277119546943,0.00038227999378166456,0.0
8.095,1.9922255644801037,0.00035693136689712114,0.0
8.195,1.9922186446131627,0.0003626679377811152,0.0
8.295,1.9922155636180676,0.00038392652240049833,0.0
8.395,1.992224202006086,0.00038780542442508266,0.0
8.495,1.9922128310598697,0.0004155085713436225,0.0
8.595,1.9968389011161674,0.0004061156156531728,0.0
8.695,2.011589587344322,0.0004053575767498555,0.0
8.795,2.035996541923753,0.0004008619079592467,0.0
8.895,2.0683558693183146,0.0004149475814469969,0.0
8.995000000000001,2.1007720413479376,0.00042920021642836673,0.0
9.095,2.135656913917821,0.0004277329810252156,0.0
9.195,2.1684023626638242,0.0004296930110310743,0.0
9.295,2.203409326392494,0.0004135178400433215,0.0
9.395,2.2361330290000847,0.000396279023421728,0.0
9.495,2.2708850218075263,0.00036361586968004084,0.0
9.595,2.3035971809792346,0.00033425374502940423,0.0
9.695,2.338195900046782,0.000408066060864789,0.0
9.795,2.371843959664885,0.0002639654052191845,0.0
9.895,2.4057198596942224,0.00021634813453179176,0.0
9.995000000000001,2.4391724121039986,0.0001758153169169986,0.0
10.095,2.4732295873555286,0.00012484449366981083,0.0
10.195,2.5068758774586466,8.387289362726698e-05,0.0
10.295,2.5407886257485224,1.1901604547745262e-05,0.0
10.395,2.574277139800461,4.706701743107288e-05,0.0
10.495,2.6080552161524047,-1.5121255666839348e-05,0.0
10.595,2.6416670070477113,-2.5125780665342738e-05,0.0
10.695,2.6754835599856883,-9.678185684082786e-05,0.0
10.795,2.7095834763365456,-0.0001386223382207498,0.0
10.895,2.738980054730621,-0.00019969248638667617,0.0
10.995000000000001,2.7591922569193557,-0.0002703573995894852,0.0
11.095,2.773448070332274,-0.0005769400998688631,0.0
11.195,2.783612236653646,-0.0013435429694463638,0.0
11.295,2.7937022239498366,-0.002787464401787678,0.0
11.395,2.8035791546076156,-0.004932921785569771,0.0
11.495,2.8137283828433786,-0.007653340206253845,0.0
11.595,2.823827965781055,-0.010880184152687187,0.0
11.695,2.8339039621968354,-0.014357205913840371,0.0
11.795,2.843637956682275,-0.018232595392146226,0.0
11.895,2.8528396586294344,-0.022661379719544666,0.0
11.995000000000001,2.8617297020182058,-0.027498493006090124,0.0
12.095,2.8703713066946834,-0.03283948549504131,0.0
12.195,2.878623189102468,-0.03870563284757596,0.0
12.295,2.886337925974713,-0.045075410665973245,0.0
12.395,2.890431554401515,-0.04902839460635453,0.0
12.495,2.887017473894463,-0.04600623097280812,0.0
12.595,2.8780331941086454,-0.037276315129846846,0.0
12.695,2.8670394303156996,-0.025299344271322872,0.0
12.795,2.8596374971271823,-0.016331557820530918,0.0
12.895,2.8587033993881117,-0.015626508920351268,0.0
12.995000000000001,2.8620838481018023,-0.023840460774482927,0.0
13.095,2.8677094338157767,-0.04130516785114342,0.0
13.195,2.8733741255887915,-0.0643365493157967,0.0
13.295,2.878975506197631,-0.09132951266247559,0.0
13.395,2.8842184365612815,-0.1216509902203609,0.0
13.495,2.889524691965156,-0.1550166374683524,0.0
13.595,2.8955207699374723,-0.18844520084040628,0.0
13.695,2.9017776478295563,-0.22307852200886621,0.0
13.795,2.907695410768082,-0.25344996338879167,0.0
13.895,2.912941263337119,-0.28117841757598944,0.0
13.995000000000001,2.917178353449392,-0.3085668127290211,0.0
14.095,2.921158617580942,-0.3391324407726225,0.0
14.195,2.925050671773897,-0.3726530841493108,0.0
14.295,2.929074229437532,-0.40599925821654975,0.0
14.395,2.9329945153641592,-0.4398613292471663,0.0
14.495,2.9368773512249966,-0.47262706663601434,0.0
14.595,2.9408564591521404,-0.506444376518075,0.0
14.695,2.944784848276883,-0.5393809566471214,0.0
14.795,2.948889720360023,-0.573556189210096,0.0
14.895,2.9526918651777496,-0.6062208701769133,0.0
14.995000000000001,2.9567592540031047,-0.637376868935644,0.0
15.095,2.959300885592095,-0.664336625553304,0.0
15.195,2.9615348417833647,-0.6951570743743705,0.0
15.295,2.963388059270784,-0.7289911097574703,0.0
15.395,2.9652347843373286,-0.7637305607602035,0.0
15.495,2.9675717845525047,-0.7972402223183757,0.0
15.595,2.9698867638093547,-0.8320966060190992,0.0
15.695,2.972823005823762,-0.8656704541970475,0.0
15.795,2.9756582140803363,-0.9000318917183923,0.0
15.895,2.979263042772481,-0.9335195751706366,0.0
15.995000000000001,2.982497782336993,-0.9646247598545158,0.0
16.095,2.984861384454626,-0.9924565123336492,0.0
16.195,2.9860937453620884,-1.0219363077408399,0.0
16.295,2.9874075993675087,-1.056304411117055,0.0
16.395,2.988695699166979,-1.0894729590040149,0.0
16.495,2.9900446138852312,-1.1245500056625233,0.0
16.595,2.9914082257170853,-1.1577601750501523,0.0
16.695,2.9926724787523575,-1.1898225878436501,0.0
16.795,2.9942357113668154,-1.213832332239516,0.0
16.895,2.995689329708614,-1.2319625272434214,0.0
16.995,2.9963868929490145,-1.245462533132059,0.0
17.095,2.9964662251379655,-1.256155754782902,0.0
17.195,2.9958754856274954,-1.2667508930819096,0.0
17.295,2.994647545394977,-1.2773559004325405,0.0
17.395,2.992785924084243,-1.2875142917998659,0.0
17.495,2.990403463125338,-1.2973393180701636,0.0
17.595,2.9873476462398916,-1.3070743765865986,0.0
17.695,2.9837078672389756,-1.3167785281724649,0.0
17.795,2.979242409781591,-1.326594059727947,0.0
17.895,2.9743066976549697,-1.3362958628464263,0.0
17.995,2.96946761558368,-1.345871969683259,0.0
18.095,2.9641972589557306,-1.3547150085082167,0.0
18.195,2.9585212171262074,-1.3630775632578387,0.0
18.295,2.955103464068543,-1.367321491774869,0.0
18.395,2.9578805535443613,-1.3632403293189237,0.0
18.495,2.9662139525309517,-1.3534155591559425,0.0
18.595,2.977274074850392,-1.3415885582106313,0.0
18.695,2.985930850473931,-1.3334727870247325,0.0
18.795,2.986537106954829,-1.3329736314634681,0.0
18.895,2.9778379240940014,-1.3363103403236691,0.0
18.995,2.9602413846061255,-1.342599144889181,0.0
19.095,2.937800540550161,-1.3491204052612156,0.0
19.195,2.9116157820957547,-1.3556414410009068,0.0
19.295,2.8851200196384283,-1.361365003554368,0.0
19.395,2.8543493234453816,-1.3673742305330427,0.0
19.495,2.8205465485872963,-1.373750750207192,0.0
19.595,2.787025147428546,-1.3797713963315346,0.0
19.695,2.7537902897584208,-1.386321350795512,0.0
19.795,2.7199768413727825,-1.3925766241744868,0.0
19.895,2.6894318121292557,-1.398712496642284,0.0
19.995,2.661347028362423,-1.4034046492841352,0.0
20.095,2.6313140198403553,-1.40745785786214,0.0
20.195,2.597654332146751,-1.411829309739764,0.0
20.295,2.5637310289057336,-1.416364963903471,0.0
20.395,2.530291917370148,-1.4202326427385754,0.0
20.495,2.496253293912583,-1.4244884271584344,0.0
20.595,2.463003489500726,-1.4282097921846542,0.0
20.695,2.4292157206269565,-1.4322107303892118,0.0
20.795,2.3956967964076847,-1.4358903878879754,0.0
20.895,2.3616486800330483,-1.4400523435816246,0.0
20.995,2.327797049928791,-1.4441794378824235,0.0
21.095,2.295999770848835,-1.4481209166590698,0.0
21.195,2.2688491735054597,-1.4512044865719242,0.0
21.295,2.23844158828951,-1.4536875338080917,0.0
21.395,2.2038535817430787,-1.4564103382279683,0.0
21.495,2.170353961105788,-1.4587187199542186,0.0
21.595,2.135620610387034,-1.4614187954677138,0.0
21.695,2.1016224575818763,-1.4638603082957324,0.0
21.795,2.066757930325558,-1.4663799284866297,0.0
21.895,2.0327354632775374,-1.4684312320377293,0.0
21.995,1.9978113743501942,-1.4706294058363099,0.0
22.095,1.9641211588687277,-1.472646968867738,0.0
22.195,1.9296803110605174,-1.4745551807014752,0.0
22.295,1.8959963713038772,-1.4763824108686137,0.0
22.395,1.8608315217217708,-1.4787085041634274,0.0
22.495,1.8270869658238333,-1.48063448352999,0.0
22.595,1.7926331644245832,-1.4826770653796055,0.0
22.695,1.75874910309255,-1.4842813118505092,0.0
22.795,1.724206378793412,-1.486341514903021,0.0
22.895,1.6904466504893232,-1.4883078968841876,0.0
22.995,1.6558126687698715,-1.490373214203391,0.0
23.095,1.6212599576600184,-1.4921975652101627,0.0
23.195,1.5868219640517547,-1.4942370700688994,0.0
23.295,1.5527949920396347,-1.495874249752197,0.0
23.395,1.517867065725121,-1.497903900965208,0.0
23.495,1.4833569537607476,-1.499633996060885,0.0
23.595,1.4490336299023452,-1.5014891182808714,0.0
23.695,1.414713472372024,-1.5030482119091981,0.0
23.795,1.3800895272513451,-1.5049267586189554,0.0
23.895,1.345585712030181,-1.5064519277628656,0.0
23.995,1.3114789674041472,-1.5081147396656567,0.0
24.095,1.2775192057342568,-1.5093707224961257,0.0
24.195,1.2428169968864182,-1.5111215464178283,0.0
24.295,1.2087275718052204,-1.5124965672795558,0.0
24.395,1.174882346281687,-1.5140251757929397,0.0
24.495,1.1403198277822415,-1.5152499019385464,0.0
24.595,1.1067714980674994,-1.5164055119203703,0.0
24.695,1.0724081679456503,-1.517570523751466,0.0
24.795,1.0384189630243248,-1.5185466543041533,0.0
24.895,1.0036701266657502,-1.5200626093034948,0.0
24.995,0.9699677889952013,-1.5208013372511027,0.0
25.095,0.9352599367397185,-1.5219738537241438,0.0
25.195,0.9018483686923934,-1.5228184981412614,0.0
25.295,0.8672512089616263,-1.5238684554097008,0.0
25.395,0.8337695237994832,-1.5247625456454161,0.0
25.495,0.7995221613152804,-1.525595576577682,0.0
25.595,0.7658128739587295,-1.5263130203420208,0.0
25.695,0.7305560291054737,-1.5270987737572852,0.0
25.795,0.6962447214928141,-1.5277220795972957,0.0
25.895,0.6615418148452414,-1.5284113932419476,0.0
25.995,0.6280631101204416,-1.5288296615709183,0.0
26.095,0.5933271525372855,-1.5294153420247352,0.0
26.195,0.5598399149181648,-1.5296306701009268,0.0
26.295,0.5255445001559914,-1.530038897377378,0.0
26.395,0.4922007984839022,-1.5302437514631655,0.0
26.495,0.45794705141953407,-1.5304544398565914,0.0
26.595,0.4235512012644883,-1.5306279846480453,0.0
26.695,0.38859330806104103,-1.5308716632415351,0.0
26.795,0.3539849363159876,-1.5308106203687304,0.0
26.895,0.319883155280686,-1.5309282939375997,0.0
26.995,0.28565190416187186,-1.530808571642773,0.0
27.095,0.2514478897649792,-1.5309048308071358,0.0
27.195,0.21794564334321792,-1.530712914413016,0.0
27.295,0.1833795142927731,-1.5307146270581362,0.0
27.395,0.1486423801927064,-1.5302953268990755,0.0
27.495,0.11480408821248657,-1.5302256283696676,0.0
27.595,0.08092900240041215,-1.5297620387356887,0.0
27.695,0.04627200240650156,-1.5292669393043061,0.0
27.795,0.011713000292399432,-1.5286680132222115,0.0
27.895,-0.022327183009914237,-1.5279861229109122,0.0
27.995,-0.056707197716547135,-1.5273412928262813,0.0
28.095,-0.09175377884135401,-1.5262770532285863,0.0
28.195,-0.12665046381285916,-1.5256407388630053,0.0
28.295,-0.16032315872470998,-1.5245918635951896,0.0
28.395,-0.1947953042077549,-1.5238525686282778,0.0
28.495,-0.22811613893594593,-1.5227712300196385,0.0
28.595,-0.26238885496761444,-1.521909736756576,0.0
28.695,-0.29553063953641107,-1.5208638601757434,0.0
28.795,-0.3296888148828828,-1.5197510330534085,0.0
28.895,-0.36283841709164333,-1.518743750273248,0.0
28.995,-0.3974029184140089,-1.5172617271608446,0.0
29.095,-0.430181751959457,-1.5161977768704258,0.0
29.195,-0.46528078830028274,-1.514710036696906,0.0
29.295,-0.4981962748746922,-1.5136507249193765,0.0
29.395,-0.5330143523766439,-1.512066899089464,0.0
29.495,-0.5658317206133143,-1.5107556223590919,0.0
29.595,-0.6006405185221928,-1.5089568319934372,0.0
29.695,-0.6334858640009233,-1.5076548734576405,0.0
29.795,-0.6683341971755655,-1.505721850453023,0.0
29.895,-0.7017063347498256,-1.5041100010490334,0.0
29.995,-0.7361632652949446,-1.502158018839071,0.0
30.095,-0.7693116038464073,-1.500369039502889,0.0
30.195,-0.8036229250819376,-1.4983264097305171,0.0
30.295,-0.8371704128567383,-1.4962519705682842,0.0
30.395,-0.8713180787757911,-1.4941598102939688,0.0
30.495,-0.9050492454835974,-1.4919471654600278,0.0
30.595,-0.939131607770941,-1.489794923567889,0.0
30.695,-0.9730362226841262,-1.4873559578652573,0.0
30.795,-1.007212493325228,-1.4849949020050415,0.0
30.895,-1.0409367431043808,-1.4824350977464513,0.0
30.995,-1.0747740377194426,-1.4797901836218128,0.0
31.095,-1.108748353827411,-1.4769058886058757,0.0
31.195,-1.1425003983880393,-1.4742147851700602,0.0
31.295,-1.1760755415646285,-1.4714130455577341,0.0
31.395,-1.2100841092694408,-1.4683840399985135,0.0
31.495,-1.2443427570841987,-1.465015223535899,0.0
31.595,-1.2776211453928754,-1.4617110025587656,0.0
31.695,-1.311573645874121,-1.4584826749008735,0.0
31.795,-1.3448841623959273,-1.4547944051347526,0.0
31.896,-1.3795630387085827,-1.4511669889225018,0.0
31.996,-1.413017436203891,-1.4472944735322555,0.0
32.096,-1.4473606811167796,-1.4434910289071032,0.0
32.196,-1.4805361520889067,-1.4396765402946403,0.0
32.296,-1.5145578134941702,-1.4357472839025647,0.0
32.396,-1.5479766092826908,-1.4317588430365509,0.0
32.496,-1.5819644351132167,-1.4276648764556288,0.0
32.596000000000004,-1.6151401206858684,-1.423629957142372,0.0
32.696,-1.6490904529984827,-1.4193770728399921,0.0
32.796,-1.6827097393876338,-1.4150956784397637,0.0
32.896,-1.7170078318906474,-1.4105195929153826,0.0
32.996,-1.7500072271654066,-1.4062718354410086,0.0
33.096,-1.783827038465149,-1.4015236368588182,0.0
33.196,-1.8166149479797735,-1.3972323879845503,0.0
33.296,-1.8503794494942893,-1.3923340498756105,0.0
33.396,-1.8834001996967762,-1.3877878233654886,0.0
33.496,-1.916971673552648,-1.382857422841404,0.0
33.596000000000004,-1.9501906416544148,-1.3781926038376568,0.0
33.696,-1.9838885969569535,-1.3732142995296721,0.0
33.796,-2.0173165194911045,-1.3681983717346125,0.0
33.897,-2.050907285050196,-1.3631429039123726,0.0
33.997,-2.084152265553923,-1.3581313138583329,0.0
34.097,-2.1178185668829337,-1.3530144937375164,0.0
34.197,-2.1510917190662795,-1.3477766579745973,0.0
34.297,-2.1844971544134673,-1.3425401957728955,0.0
34.397,-2.218201706041889,-1.3369254288672412,0.0
34.497,-2.2512013764744534,-1.331863901640474,0.0
34.597,-2.2845830501800015,-1.3262093533425519,0.0
34.697,-2.3178229421323766,-1.320873997596355,0.0
34.797,-2.3514701563384492,-1.3149576598110322,0.0
34.897,-2.384354651576805,-1.3094903274795158,0.0
34.997,-2.4180109897031667,-1.3036493408949463,0.0
35.097,-2.4505328669801805,-1.2979340628297724,0.0
35.197,-2.4840490792915726,-1.2921839356075282,0.0
35.297,-2.517396146909044,-1.286006520863642,0.0
35.397,-2.5516792743794197,-1.279600228827008,0.0
35.497,-2.58452095948063,-1.273599576000113,0.0
35.597,-2.6182672616399274,-1.267338322827979,0.0
35.697,-2.6512760023674273,-1.2611605879784105,0.0
35.797,-2.685254314883348,-1.2545704984961528,0.0
35.897,-2.7174943325877545,-1.248269010519074,0.0
35.997,-2.751543614672361,-1.2415872947989461,0.0
36.097,-2.784339247131909,-1.2349960708885201,0.0
36.197,-2.8180465195053332,-1.2282700311991268,0.0
36.297,-2.850352278687662,-1.2219437693260404,0.0
36.397,-2.8843955290180134,-1.2147047736961718,0.0
36.497,-2.917251709733419,-1.2078330715802914,0.0
36.597,-2.951352548313001,-1.2003338524452694,0.0
36.697,-2.983545054510975,-1.1934596866437008,0.0
36.797,-3.0173519004768172,-1.1858933780641607,0.0
36.897,-3.049589662982941,-1.178782744915287,0.0
36.997,-3.083233078895484,-1.17128728826869,0.0
37.097,-3.115737276344478,-1.1639527482324759,0.0
37.197,-3.1497492229937416,-1.156152123640699,0.0
37.297,-3.182239520584037,-1.1485718884428362,0.0
37.397,-3.2157657400359856,-1.1405534427745645,0.0
37.497,-3.248325930591928,-1.1327040575277647,0.0
37.597,-3.2818565144866,-1.124602051719846,0.0
37.697,-3.315361788192003,-1.1159537141982554,0.0
37.797,-3.3477716424282136,-1.108139717255707,0.0
37.897,-3.3811363424796284,-1.099327157756806,0.0
37.997,-3.4104014722315528,-1.0918278540922361,0.0
38.097,-3.4333509661943507,-1.0864507537430421,0.0
38.197,-3.4476074740999025,-1.0835755599029537,0.0
38.297,-3.458146882987597,-1.081948712841468,0.0
38.397,-3.47385451002374,-1.0804717382371474,0.0
38.497,-3.498760333181339,-1.0790119395648108,0.0
38.597,-3.5262761040292765,-1.078542568626804,0.0
38.697,-3.549965494336884,-1.0784446376168726,0.0
38.797,-3.56361010200815,-1.079059212715073,0.0
38.897,-3.5745190204938027,-1.0803222354014181,0.0
38.997,-3.585337551452526,-1.0823784708673865,0.0
39.097,-3.5961128413793664,-1.084702643600607,0.0
39.197,-3.6068067679383877,-1.0872647968854787,0.0
39.297,-3.617330964748682,-1.0905184111629844,0.0
39.397,-3.627452105077162,-1.094386651577124,0.0
39.497,-3.637159706514056,-1.0987851597108174,0.0
39.597,-3.6467625809406066,-1.1039831233601658,0.0
39.697,-3.660387538865872,-1.1121339202466094,0.0
39.797,-3.681056192061432,-1.1254434483356355,0.0
39.897,-3.704299609390924,-1.1414845872704817,0.0
39.997,-3.7264459704796358,-1.1580792093190884,0.0
40.097,-3.7503491554368487,-1.176720691703555,0.0
40.197,-3.7769897537440342,-1.198198204241767,0.0
40.297,-3.8039147694210285,-1.2203199629850743,0.0
40.397,-3.8306911885600776,-1.241359553106883,0.0
40.497,-3.8579696730489026,-1.2631178538966106,0.0
40.597,-3.884980114464501,-1.2832038901973306,0.0
40.697,-3.912525000379441,-1.3044149367684184,0.0
40.797,-3.93961010381839,-1.3241946372476088,0.0
40.897,-3.9669797086842142,-1.3452006614014487,0.0
40.997,-3.991270506741266,-1.3630295045379954,0.0
41.097,-4.013004586372659,-1.380357597469862,0.0
41.197,-4.03419981484881,-1.3976681383218152,0.0
41.297,-4.055231974983498,-1.4163140146494528,0.0
41.397,-4.0752931598448745,-1.4352779532274151,0.0
41.497,-4.0951032335362445,-1.4549542671797482,0.0
41.597,-4.114000984138114,-1.4750087681687187,0.0
41.697,-4.134616900065718,-1.4971081841022325,0.0
41.797,-4.156965233711133,-1.5227207054812892,0.0
41.897,-4.1799772855223125,-1.548828737221585,0.0
41.997,-4.2028644801818205,-1.5740914519924474,0.0
42.097,-4.22630452256671,-1.599785475166299,0.0
42.197,-4.249393870422743,-1.6241748242762268,0.0
42.297,-4.272249663412488,-1.6489877269506743,0.0
42.397,-4.295276880929525,-1.6732401681705629,0.0
42.497,-4.318544972994754,-1.698476501769558,0.0
42.597,-4.342580699605603,-1.7235621219918174,0.0
42.697,-4.36557133000243,-1.7486566987631778,0.0
42.797,-4.389160407329096,-1.7734928632427263,0.0
42.897,-4.412575915802594,-1.7983152045025552,0.0
42.997,-4.435802426058876,-1.8225133835047893,0.0
43.097,-4.458953928201785,-1.8471340734952477,0.0
43.197,-4.481037955184248,-1.8700291622869367,0.0
43.297,-4.498981921013435,-1.8899243250385205,0.0
43.397,-4.5176547918356205,-1.9108570296755634,0.0
43.497,-4.53508010886173,-1.9321505276566011,0.0
43.597,-4.551650637648473,-1.9543154236353766,0.0
43.697,-4.567834833080746,-1.9761220692383092,0.0
43.797,-4.583276187523387,-1.9990531384805326,0.0
43.897,-4.598430159096214,-2.022706572455262,0.0
43.997,-4.613908745233111,-2.0489076631582863,0.0
44.097,-4.6309971731115915,-2.078506675121167,0.0
44.197,-4.64900571374793,-2.108169420923785,0.0
44.297,-4.6664831176230965,-2.1375681212057023,0.0
44.397,-4.68450282970648,-2.1660476329536715,0.0
44.497,-4.702586802393111,-2.195442385071455,0.0
44.597,-4.72072691880491,-2.2240038435504004,0.0
44.697,-4.737987102873963,-2.2526670019183324,0.0
44.797,-4.754464173564862,-2.2787959844807877,0.0
44.897,-4.768601468771972,-2.302623416558078,0.0
44.997,-4.781934681262323,-2.3264928485326424,0.0
45.097,-4.794756035210098,-2.3512777776121436,0.0
45.197,-4.808376765836953,-2.379348551570236,0.0
45.297,-4.823129369245641,-2.410002972602454,0.0
45.397,-4.837475815695382,-2.439976043243061,0.0
45.497,-4.8521622685071115,-2.470682795378166,0.0
45.597,-4.866280397741574,-2.5002245612227023,0.0
45.697,-4.881079167410668,-2.5311701415540537,0.0
45.797,-4.8952023710449515,-2.5608682421845392,0.0
45.897,-4.910045156915179,-2.5915985379124686,0.0
45.997,-4.924277415497523,-2.6212792692841016,0.0
46.097,-4.939292523332548,-2.6523046469532474,0.0
46.197,-4.953395908449168,-2.681524891426429,0.0
46.297,-4.968932659169543,-2.7131110446871616,0.0
46.397,-4.982913489261614,-2.742134034016578,0.0
46.497,-4.998362833737011,-2.7735041495546584,0.0
46.597,-5.012664860888006,-2.80288574325313,0.0
46.697,-5.027883531525565,-2.833778229553112,0.0
46.797,-5.042097084506888,-2.862943045485244,0.0
46.897,-5.057445502900179,-2.893939041316387,0.0
46.997,-5.0715792964702,-2.9230384290267666,0.0
47.097,-5.087042644873737,-2.9543088479852946,0.0
47.197,-5.101723945966398,-2.984284146368935,0.0
47.297,-5.116703775087145,-3.0144004593810556,0.0
47.397,-5.1314685448480395,-3.0446317513846544,0.0
47.497,-5.1463101445509425,-3.0748896105826664,0.0
47.597,-5.160996418522809,-3.1046197454411173,0.0
47.697,-5.176419160103398,-3.135704020303088,0.0
47.797,-5.191686955767676,-3.1665792160556396,0.0
47.897,-5.206398791182062,-3.196603120531303,0.0
47.998,-5.221623719117744,-3.227498109788177,0.0
48.098,-5.236373896211058,-3.2573252704106093,0.0
48.198,-5.251508592998406,-3.287904507356806,0.0
48.298,-5.2660708406967105,-3.317473699541642,0.0
48.398,-5.2809396093212255,-3.3475359929956965,0.0
48.498,-5.2960534514254896,-3.3778392421760546,0.0
48.598,-5.311376243227956,-3.4084373611466217,0.0
48.698,-5.325986797751121,-3.4381389989777644,0.0
48.798,-5.341483091112503,-3.4686679898439983,0.0
48.898,-5.3562875911657875,-3.498147962051078,0.0
48.998,-5.371488967327336,-3.528716248000445,0.0
49.098,-5.38637063429824,-3.5582074550491045,0.0
49.198,-5.401547287301281,-3.588737949841912,0.0
49.298,-5.4162945328912775,-3.618319246629117,0.0
49.398,-5.431841080171874,-3.6491126731150736,0.0
49.498,-5.446568314405338,-3.6786077404170503,0.0
49.598,-5.462525643142922,-3.709797240221873,0.0
49.698,-5.4776376585046,-3.739331238627379,0.0
49.798,-5.4930127320244,-3.7699579711182363,0.0
49.898,-5.5079204855417165,-3.799390327827802,0.0
49.998,-5.52362601493589,-3.8300763249022376,0.0
50.098,-5.5384334302299,-3.8593656957866984,0.0
50.198,-5.554182034036139,-3.8898690810703007,0.0
50.298,-5.569243127499166,-3.9195073500874043,0.0
50.398,-5.583253467772072,-3.9469275369014283,0.0
50.498,-5.59387802389083,-3.9683247795850027,0.0
50.598,-5.603628047283768,-3.9898922409156694,0.0
50.698,-5.614389716757764,-4.015706921264708,0.0
50.798,-5.6246831133858715,-4.041416111453073,0.0
50.898,-5.6340943717082554,-4.067942232216403,0.0
50.998,-5.642335875010637,-4.094124162147649,0.0
51.098,-5.65035705522078,-4.121088818303607,0.0
51.198,-5.6573725012809275,-4.148210721264419,0.0
51.298,-5.664170468959196,-4.177667327290881,0.0
51.398,-5.671146536982334,-4.21087519953477,0.0
51.498,-5.678456537906479,-4.244359177903423,0.0
51.598,-5.6853758031545745,-4.2776191211446255,0.0
51.698,-5.692550307090826,-4.311646002528526,0.0
51.798,-5.700017804756068,-4.344693448370502,0.0
51.898,-5.706768393450181,-4.377234718860512,0.0
51.998,-5.713701801062169,-4.410158263031156,0.0
52.098,-5.72040290016278,-4.443436566283618,0.0
52.198,-5.727844678778184,-4.4772595478960255,0.0
52.298,-5.733644269865985,-4.509422580328756,0.0
52.398,-5.740854069785743,-4.543810409934501,0.0
52.498,-5.747066431574596,-4.577295348477561,0.0
52.598,-5.754260138112201,-4.6116149010287835,0.0
52.698,-5.759695193166765,-4.6443046806768,0.0
52.798,-5.766031706510651,-4.67810875861273,0.0
52.898,-5.771837970205289,-4.712245254267487,0.0
52.998,-5.778147873893276,-4.745888570876815,0.0
53.098,-5.7829776551736245,-4.7789350734577525,0.0
53.198,-5.788876536852908,-4.812613705355444,0.0
53.298,-5.793823894517764,-4.8457899940246945,0.0
53.398,-5.800299401919114,-4.879860378336665,0.0
53.498,-5.80535471157432,-4.913219197754763,0.0
53.598,-5.811602476937813,-4.947159788154099,0.0
53.698,-5.816627718469642,-4.980500011081013,0.0
53.798,-5.822544713903245,-5.014551573770653,0.0
53.898,-5.826675455476602,-5.046864445541964,0.0
53.998,-5.832229799547335,-5.081410194840439,0.0
54.098,-5.836050439199833,-5.113933770597063,0.0
54.198,-5.841647232700435,-5.148888251057726,0.0
54.298,-5.846440748691197,-5.1823613714862535,0.0
54.398,-5.851258994695803,-5.212010468937749,0.0
54.498,-5.854169924533844,-5.231987978889977,0.0
54.598,-5.856018264870755,-5.246240421755805,0.0
54.698,-5.857480599977437,-5.2624507975086665,0.0
54.798,-5.858653976277358,-5.288034408315094,0.0
54.898,-5.859321693584313,-5.315776204005219,0.0
54.998,-5.858771525662873,-5.342985189444273,0.0
55.098,-5.857525738134152,-5.37059004811907,0.0
55.198,-5.855870014082938,-5.398235322603502,0.0
55.298,-5.852958442084631,-5.4252237694963,0.0
55.398,-5.849757196839175,-5.453118216571789,0.0
55.498,-5.844639998556138,-5.482899384382139,0.0
55.598,-5.839144575043171,-5.517225801806109,0.0
55.698,-5.833246293772943,-5.550568609514083,0.0
55.798,-5.827159560930766,-5.58436962588394,0.0
55.898,-5.8212870291575,-5.617144240429288,0.0
55.998,-5.814623830582437,-5.650883869241959,0.0
56.098,-5.808036496151042,-5.685178064650934,0.0
56.198,-5.80159211177357,-5.7177878251458525,0.0
56.298,-5.795063684171117,-5.7509252267282,0.0
56.398,-5.787607729776497,-5.784238811290614,0.0
56.498,-5.780351061309407,-5.81828147297862,0.0
56.598,-5.77262651840044,-5.850156977210689,0.0
56.698,-5.764845940436209,-5.8840498016769365,0.0
56.798,-5.756295297888719,-5.91791222652696,0.0
56.898,-5.748559423959966,-5.950929542076952,0.0
56.998,-5.740141729732692,-5.982829632643196,0.0
57.098,-5.731658553903937,-6.016511286340695,0.0
57.198,-5.722471825607539,-6.048009875556237,0.0
57.298,-5.713183551674796,-6.08080693849108,0.0
57.398,-5.703280312188884,-6.113037944514199,0.0
57.498,-5.693594975725094,-6.146164253661916,0.0
57.598,-5.683564537919716,-6.17774992518262,0.0
57.698,-5.673317983001413,-6.210539610761502,0.0
57.798,-5.662459327088107,-6.241851515388841,0.0
57.898,-5.651860896239304,-6.274780192691848,0.0
57.998,-5.64061145795771,-6.3074596289344536,0.0
58.098,-5.629740274721637,-6.339886486181817,0.0
58.198,-5.61844406659139,-6.3716910738529915,0.0
58.298,-5.607623831467615,-6.4042233045761785,0.0
58.398,-5.59555520984425,-6.43624135372045,0.0
58.498,-5.584439802026231,-6.468030485774947,0.0
58.598,-5.573440509190542,-6.498694442563365,0.0
58.698,-5.560708133968144,-6.5316110113880255,0.0
58.798,-5.5488198499062396,-6.563422679989483,0.0
58.898,-5.536496386405595,-6.5951429471963,0.0
58.998,-5.524714096614189,-6.626401433275555,0.0
59.098,-5.512337069539191,-6.657212242601719,0.0
59.198,-5.499774817788332,-6.688811854157679,0.0
59.298,-5.487116104490499,-6.719394234865462,0.0
59.398,-5.473444692274209,-6.750265782515785,0.0
59.498,-5.459413601600878,-6.780893791256487,0.0
59.598,-5.445407408220386,-6.812078436401965,0.0
59.698,-5.430732415420599,-6.843095576345763,0.0
59.798,-5.417148542476462,-6.873580571893177,0.0
59.898,-5.402712854241938,-6.903961447574694,0.0
59.998,-5.387871142461927,-6.935906183323709,0.0
60.098,-5.373219319954707,-6.966160212904321,0.0
60.198,-5.35835415362181,-6.997566422938171,0.0
60.298,-5.343295554642227,-7.027710579077087,0.0
60.398,-5.328846186136531,-7.058000963559333,0.0
60.498,-5.313312050442187,-7.088764612524902,0.0
60.598,-5.298386389647435,-7.1199853766454755,0.0
60.698,-5.282850760684534,-7.149780023351639,0.0
60.798,-5.267212650570434,-7.180641257725953,0.0
60.898,-5.2513255299356025,-7.209920323313979,0.0
60.998,-5.235625336711785,-7.241113644571555,0.0
61.098,-5.22016143545026,-7.270017061269533,0.0
61.198,-5.204491665140394,-7.3003314974157645,0.0
61.298,-5.188300392675152,-7.329436989377008,0.0
61.398,-5.171956549507638,-7.359632436517217,0.0
61.498,-5.155260979894141,-7.3888489638334995,0.0
61.598,-5.138790167790967,-7.419395464223161,0.0
61.698,-5.122485592325373,-7.448113137130635,0.0
61.798,-5.105632184942539,-7.478597176270813,0.0
61.898,-5.0888266350230635,-7.507338470244525,0.0
61.998,-5.072196032506321,-7.537548982477975,0.0
62.098,-5.055047429451675,-7.566564258647158,0.0
62.198,-5.037712026771345,-7.596677152979364,0.0
62.298,-5.02100335573577,-7.625477958253511,0.0
62.398,-5.00544220453637,-7.651917819866908,0.0
62.498,-4.991689301343689,-7.676364673628712,0.0
62.598,-4.978788778336729,-7.700388780655095,0.0
62.698,-4.966626230797512,-7.725623191408353,0.0
62.798,-4.954526172500803,-7.750808378671474,0.0
62.898,-4.943869559081929,-7.7760711160351965,0.0
62.998,-4.933744375274112,-7.802213802312409,0.0
63.098,-4.923970509074467,-7.828089565948636,0.0
63.198,-4.91468059737438,-7.8574312526135355,0.0
63.298,-4.904811027469834,-7.889464318960412,0.0
63.398,-4.894775832348526,-7.921377204220412,0.0
63.498,-4.884813188365195,-7.951132142155306,0.0
63.598,-4.8767037211380035,-7.977721821053871,0.0
63.698,-4.8695623922229725,-8.004256271255713,0.0
63.798,-4.862008514371888,-8.034121824463949,0.0
63.898,-4.854099475287186,-8.06769769264416,0.0
63.998,-4.846411104798489,-8.100416787419915,0.0
64.098,-4.838140426465093,-8.133667297666761,0.0
64.198,-4.829897867211289,-8.164184145651454,0.0
64.298,-4.823820813765512,-8.190211703429402,0.0
64.398,-4.818177156850039,-8.217280158748743,0.0
64.498,-4.81244458643474,-8.24736618600907,0.0
64.598,-4.806522571974115,-8.281213977108617,0.0
64.698,-4.800486219495717,-8.315189941523233,0.0
64.798,-4.79500885493075,-8.345565805557495,0.0
64.898,-4.7901122837501475,-8.368762000470673,0.0
64.998,-4.786294886733802,-8.38644210785123,0.0
65.098,-4.783827289857213,-8.399370227397249,0.0
65.198,-4.782693806726813,-8.409673816473752,0.0
65.298,-4.782093766103257,-8.420256146584721,0.0
65.398,-4.782106261677307,-8.431435541475363,0.0
65.498,-4.7827423666048725,-8.442333227687378,0.0
65.598,-4.783452748060516,-8.453259593018657,0.0
65.698,-4.784766921005334,-8.464002002743408,0.0
65.798,-4.786858207762185,-8.474349267699154,0.0
65.898,-4.789269137279844,-8.4845143826243,0.0
65.998,-4.792274076975598,-8.494179840484252,0.0
66.098,-4.795912739148856,-8.503606958499546,0.0
66.198,-4.800153634622477,-8.512789472907366,0.0
66.298,-4.805128844092159,-8.522007073989249,0.0
66.398,-4.808106643207159,-8.526867930325166,0.0
66.498,-4.805692624847642,-8.522201775316072,0.0
66.598,-4.803514104121455,-8.517903951716407,0.0
66.698,-4.806914335608386,-8.521859282233985,0.0
66.798,-4.817313417488209,-8.533199866155314,0.0
66.898,-4.8345072457488385,-8.550672503162819,0.0
66.998,-4.856758216671461,-8.571589882834834,0.0
67.098,-4.881536126649364,-8.594941223830821,0.0
67.198,-4.906448354033795,-8.617751740606414,0.0
67.298,-4.931497007239199,-8.641475272701847,0.0
67.398,-4.956649128405437,-8.664467461144012,0.0
67.498,-4.981124054554396,-8.687473279886438,0.0
67.598,-5.006430200200295,-8.710866147454178,0.0
67.698,-5.030523390843929,-8.733572345952103,0.0
67.798,-5.056028452095283,-8.757686295482577,0.0
67.898,-5.080561365197691,-8.781075352967571,0.0
67.998,-5.105242914188943,-8.80389383356604,0.0
68.098,-5.129432301715721,-8.826949665110773,0.0
68.198,-5.154671794059163,-8.850822787331763,0.0
68.298,-5.179175720370308,-8.87413529704836,0.0
68.398,-5.20487367190643,-8.898464856963704,0.0
68.498,-5.22933404585294,-8.921030101742458,0.0
68.598,-5.253906000481308,-8.943943781486864,0.0
68.698,-5.280019603591448,-8.967699684379067,0.0
68.798,-5.303786362795214,-8.99009328327695,0.0
68.898,-5.3290776624377,-9.013289420203922,0.0
68.998,-5.353914242776757,-9.036692591850047,0.0
69.098,-5.379263067874475,-9.059571766706261,0.0
69.198,-5.403414181787884,-9.08249874882595,0.0
69.298,-5.42819245756709,-9.10519856094201,0.0
69.398,-5.452517108183576,-9.128453223941868,0.0
69.498,-5.477886742538124,-9.151840272114857,0.0
69.598,-5.501941293882162,-9.17493546993682,0.0
69.698,-5.527798287905875,-9.198328440127503,0.0
69.798,-5.55250095491301,-9.221534207267707,0.0
69.898,-5.5779811011062685,-9.244112620598143,0.0
69.998,-5.601793054738757,-9.26648087902063,0.0
70.098,-5.627608157449102,-9.289724269638898,0.0
70.198,-5.651949508157156,-9.312712376605043,0.0
70.298,-5.677677157290131,-9.33587285937916,0.0
70.398,-5.702397094600819,-9.358915016868101,0.0
70.498,-5.727811718153709,-9.381612119998797,0.0
70.598,-5.752089890893674,-9.404215441656383,0.0
70.698,-5.778345079714549,-9.427261674648124,0.0
70.798,-5.803588260854936,-9.449966133775636,0.0
70.898,-5.829577574178522,-9.47226474619578,0.0
70.998,-5.854240557816166,-9.494506149644838,0.0
71.098,-5.877764970363184,-9.514872432999512,0.0
71.198,-5.899263404383778,-9.533034234054893,0.0
71.298,-5.920432605702216,-9.54992124569265,0.0
71.398,-5.942726533683733,-9.566622979844697,0.0
71.498,-5.965228813895781,-9.582922814924943,0.0
71.598,-5.987756325808742,-9.597633946025322,0.0
71.698,-6.011152996502924,-9.612423968730567,0.0
71.798,-6.034707383053175,-9.62633260092535,0.0
71.898,-6.058920429673636,-9.63945531946915,0.0
71.998,-6.083881543278802,-9.652226950665648,0.0
72.098,-6.108654444590948,-9.663592810880608,0.0
72.198,-6.134233861994489,-9.674451981703548,0.0
72.298,-6.160104271073864,-9.684988819666861,0.0
72.398,-6.185796206352639,-9.694403592033144,0.0
72.498,-6.212749245536692,-9.703364569487855,0.0
72.598,-6.238676967864492,-9.710994283666366,0.0
72.698,-6.269012330014105,-9.719023977850307,0.0
72.798,-6.301337586998269,-9.727379250732895,0.0
72.898,-6.3350630973809485,-9.73564456331792,0.0
72.998,-6.3679224253707725,-9.74447705296064,0.0
73.098,-6.39741611718819,-9.752121036237705,0.0
73.199,-6.424361625696949,-9.759268760813624,0.0
73.299,-6.450665667906848,-9.765108677661551,0.0
73.399,-6.481383406941802,-9.770948665761328,0.0
73.499,-6.513476229344119,-9.776710615530227,0.0
73.599,-6.548097636259135,-9.783478060392774,0.0
73.699,-6.581346396358942,-9.789986164070381,0.0
73.799,-6.615399299320971,-9.796439006895316,0.0
73.899,-6.646055886944542,-9.80264794748071,0.0
73.999,-6.672781456954769,-9.807047747792257,0.0
74.099,-6.703566043406788,-9.81169909305153,0.0
74.199,-6.7366358675037485,-9.816457087363494,0.0
74.299,-6.7701374086521655,-9.820775792258246,0.0
74.399,-6.803441037789134,-9.825939332484777,0.0
74.499,-6.837813060459441,-9.830759963348987,0.0
74.599,-6.866613021019852,-9.835567520296934,0.0
74.699,-6.8945116121276,-9.83976847654204,0.0
74.799,-6.921865843263534,-9.843369220393951,0.0
74.899,-6.952923027679454,-9.846084162279693,0.0
74.999,-6.986924132158378,-9.849103899759452,0.0
75.099,-7.020409368204357,-9.85263568360046,0.0
75.199,-7.055317382735778,-9.856077756615704,0.0
75.299,-7.088472714388971,-9.86023437946809,0.0
75.399,-7.119488590389387,-9.864068132020698,0.0
75.499,-7.147136336320398,-9.867168679974313,0.0
75.599,-7.1742330175975875,-9.869206544982084,0.0
75.699,-7.202103415953931,-9.871538181248228,0.0
75.799,-7.225407902694415,-9.873780265934723,0.0
75.899,-7.243266923451735,-9.875487970826887,0.0
75.999,-7.256554981717869,-9.87643737838124,0.0
76.099,-7.267446615494779,-9.876787493474302,0.0
76.199,-7.27827290501081,-9.876577494688956,0.0
76.299,-7.2887885454412285,-9.875620723186508,0.0
76.399,-7.299482637083513,-9.873998232188375,0.0
76.499,-7.3099721654986896,-9.871863325599213,0.0
76.599,-7.320033224052573,-9.869137769279956,0.0
76.699,-7.329986806707979,-9.865740603384674,0.0
76.799,-7.339635211147218,-9.861689746351297,0.0
76.899,-7.3496280747683675,-9.856994343078485,0.0
76.999,-7.359224782977835,-9.85211114147221,0.0
77.099,-7.368716800005808,-9.84698363290156,0.0
77.199,-7.37745947693537,-9.841371253486018,0.0
77.299,-7.381668918928427,-9.838214130051885,0.0
77.399,-7.377576371083806,-9.841287278358205,0.0
77.499,-7.367549689449895,-9.849640086722454,0.0
77.599,-7.3555462456812295,-9.860534757276628,0.0
77.699,-7.347822266051113,-9.868631080296838,0.0
77.799,-7.348082311879682,-9.868069473119242,0.0
77.899,-7.352348590421527,-9.858358073045588,0.0
77.999,-7.359834605485818,-9.840180663657417,0.0
78.099,-7.368019814372966,-9.8160436395182,0.0
78.199,-7.3769865977825,-9.78663174899991,0.0
78.299,-7.3859592665795715,-9.753887221361614,0.0
78.399,-7.395233360736721,-9.721751767417421,0.0
78.499,-7.404728602540498,-9.68833564633504,0.0
78.599,-7.413995597536206,-9.656315555701239,0.0
78.699,-7.423599848025242,-9.622720188869158,0.0
78.799,-7.433679085001838,-9.589394465825896,0.0
78.899,-7.442910824199503,-9.557047664454052,0.0
78.999,-7.452976430182003,-9.524414466116802,0.0
79.099,-7.462668048231651,-9.49177365242466,0.0
79.199,-7.472866199342895,-9.459333345489007,0.0
79.299,-7.482913905822207,-9.42611736546117,0.0
79.399,-7.493592785001709,-9.393287105325799,0.0
79.499,-7.503802079778049,-9.361211154410052,0.0
79.599,-7.5144744735417355,-9.32832055547348,0.0
79.699,-7.524604362966581,-9.296598693138575,0.0
79.799,-7.53531605503161,-9.263585178274546,0.0
79.899,-7.545800840299554,-9.231443404713271,0.0
79.999,-7.556369146363246,-9.199305031977268,0.0
80.099,-7.567265015703042,-9.16721786588916,0.0
80.199,-7.57846950965292,-9.134045862396574,0.0
80.299,-7.589397306252324,-9.102590905287727,0.0
80.399,-7.600447741333042,-9.06978744288755,0.0
80.499,-7.6111584733566255,-9.03804806836012,0.0
80.599,-7.622431158334832,-9.004882142538998,0.0
80.699,-7.63360255719393,-8.972915273397954,0.0
80.799,-7.645351521761767,-8.940546164693634,0.0
80.899,-7.657099079900713,-8.909408518799566,0.0
80.999,-7.669271736960041,-8.876540522233368,0.0
81.099,-7.681030883981348,-8.845636880883392,0.0
81.199,-7.693056133001231,-8.813395955596347,0.0
81.299,-7.704858650116705,-8.782203925851336,0.0
81.399,-7.717579179904591,-8.749438943267368,0.0
81.499,-7.729536108680596,-8.718813292178433,0.0
81.599,-7.742450941312425,-8.686224279189059,0.0
81.699,-7.754634238483056,-8.655826335363585,0.0
81.799,-7.767500275131012,-8.623497349681767,0.0
81.899,-7.780316446498538,-8.592053610394759,0.0
81.999,-7.793128445641105,-8.559711268080553,0.0
82.099,-7.806167675972852,-8.528833123683187,0.0
82.199,-7.819428081246347,-8.496540059984605,0.0
82.299,-7.83257569606778,-8.465098775953933,0.0
82.399,-7.8455518004989,-8.433129918785646,0.0
82.499,-7.858765934959198,-8.401903031625325,0.0
82.599,-7.872106787410675,-8.370244399079162,0.0
82.699,-7.885822192580409,-8.339669626508307,0.0
82.799,-7.8999294852163455,-8.308312364640257,0.0
82.899,-7.913459536151072,-8.277655295419821,0.0
82.999,-7.9277386179833025,-8.246336985633368,0.0
83.099,-7.942128994220211,-8.214989118245917,0.0
83.199,-7.956149349675085,-8.184386642329498,0.0
83.299,-7.970600193061893,-8.153370762679382,0.0
83.399,-7.9849004520506535,-8.122888190399884,0.0
83.499,-7.999684790773144,-8.091618183960751,0.0
83.599,-8.013823385369077,-8.061500921063065,0.0
83.699,-8.028874718564648,-8.030398293892157,0.0
83.799,-8.043521815780311,-8.000256673242696,0.0
83.899,-8.058338537187263,-7.969205185000394,0.0
83.999,-8.073132089847228,-7.938669247854031,0.0
84.099,-8.088890319704447,-7.907173779650222,0.0
84.199,-8.1044688615442,-7.876420148835246,0.0
84.299,-8.120111536484647,-7.845484899016607,0.0
84.399,-8.135489498658412,-7.8162575877989795,0.0
84.499,-8.151881065604444,-7.784639729914179,0.0
84.599,-8.167960153065401,-7.754512202487662,0.0
84.699,-8.183870333558563,-7.723919994595824,0.0
84.799,-8.199424019185763,-7.69473342222342,0.0
84.899,-8.216069003099063,-7.664124807975102,0.0
84.999,-8.232445501461537,-7.634167393327949,0.0
85.099,-8.248934207400266,-7.603735157369222,0.0
85.199,-8.265719437254619,-7.574000722097141,0.0
85.299,-8.280872829452937,-7.546823648171535,0.0
85.399,-8.293784375150933,-7.522654000739748,0.0
85.499,-8.306021703085214,-7.497620933798642,0.0
85.599,-8.317425134717798,-7.472427109312488,0.0
85.699,-8.32788037908376,-7.447566861479923,0.0
85.799,-8.337377390471177,-7.4219224189539315,0.0
85.899,-8.347729600276496,-7.392955499568529,0.0
85.999,-8.358334541688178,-7.36100543997122,0.0
86.099,-8.369526414512494,-7.3273468592767905,0.0
86.199,-8.378683923652726,-7.295587925790519,0.0
86.299,-8.389324502375525,-7.262097867110566,0.0
86.399,-8.398054956016635,-7.229111703194277,0.0
86.499,-8.40772238598724,-7.195579865840618,0.0
86.599,-8.41588484733063,-7.16306189244037,0.0
86.699,-8.424780322117424,-7.129333466580135,0.0
86.799,-8.43206189766743,-7.0960377169667765,0.0
86.899,-8.439928023078144,-7.062169643388771,0.0
86.999,-8.446420444109364,-7.029096422648474,0.0
87.099,-8.453703135547624,-6.995391879417734,0.0
87.199,-8.459985724568641,-6.962145144079615,0.0
87.299,-8.46687576870853,-6.928343445654783,0.0
87.399,-8.472475662894249,-6.89443149711884,0.0
87.499,-8.47835821742067,-6.860741315052196,0.0
87.599,-8.483321992296286,-6.826873629711721,0.0
87.699,-8.488993834780116,-6.793182925103153,0.0
87.799,-8.493872011870547,-6.758824032023516,0.0
87.899,-8.498713564476322,-6.7254864405269155,0.0
87.999,-8.50298796963204,-6.691277110981753,0.0
88.099,-8.50696624771077,-6.657355149226576,0.0
88.199,-8.510721274513159,-6.623250527457486,0.0
88.299,-8.514826157189539,-6.5894436940334895,0.0
88.399,-8.518643647908617,-6.554279823740367,0.0
88.499,-8.521718379768863,-6.521018309035928,0.0
88.599,-8.524717317303036,-6.485585566224056,0.0
88.699,-8.526929181219055,-6.452806528669999,0.0
88.799,-8.529409469127804,-6.418100448068428,0.0
88.899,-8.531286283500085,-6.383832511907653,0.0
88.999,-8.533884688519962,-6.348962566921005,0.0
89.099,-8.535238918608254,-6.315582402916652,0.0
89.199,-8.537112683314463,-6.280768422156162,0.0
89.299,-8.538302123852139,-6.2467802769275265,0.0
89.399,-8.539520982089156,-6.212401675885366,0.0
89.499,-8.53964695426408,-6.178486149826169,0.0
89.599,-8.540730680251038,-6.143448848433527,0.0
89.699,-8.540529190990403,-6.109415021511189,0.0
89.799,-8.541214531961675,-6.074550153815939,0.0
89.899,-8.54060745437748,-6.0413048447550874,0.0
89.999,-8.540570894301764,-6.005892312387056,0.0
90.099,-8.539785711085454,-5.971802096780018,0.0
90.199,-8.539362868863329,-5.937366969361196,0.0
90.299,-8.53837705624075,-5.9036235183406145,0.0
90.399,-8.537299255017095,-5.8686762767919465,0.0
90.499,-8.535287712158977,-5.834584625419235,0.0
90.599,-8.533646456819161,-5.800034970828906,0.0
90.699,-8.53100339871281,-5.765936432409374,0.0
90.799,-8.528660228452683,-5.731681103014713,0.0
90.899,-8.525571333282413,-5.698026623383646,0.0
90.999,-8.522406404334138,-5.663687207663995,0.0
91.099,-8.518836114136004,-5.629808994023516,0.0
91.199,-8.514961883188247,-5.595725802076656,0.0
91.299,-8.510360535633467,-5.561780339545729,0.0
91.399,-8.505285495917164,-5.528688818783995,0.0
91.499,-8.499789538295584,-5.494764176425631,0.0
91.599,-8.493358410141855,-5.461424582730532,0.0
91.699,-8.486865833216376,-5.426955860672902,0.0
91.799,-8.479594734363893,-5.394290316687531,0.0
91.899,-8.471858253817626,-5.3600130144168725,0.0
91.999,-8.463762980125338,-5.3272145360619865,0.0
92.099,-8.455762224176576,-5.293239802482196,0.0
92.199,-8.44708574526045,-5.261609076119176,0.0
92.299,-8.438197134743172,-5.227545616224483,0.0
92.399,-8.428559978782586,-5.196156841026243,0.0
92.499,-8.418664416921956,-5.162212491370447,0.0
92.599,-8.408600504200827,-5.130052909137362,0.0
92.699,-8.398499168839466,-5.096838773621282,0.0
92.799,-8.38830268307541,-5.064761291546543,0.0
92.899,-8.377623230286611,-5.031832228597553,0.0
92.999,-8.366421856121189,-5.000101875895099,0.0
93.099,-8.355778300159361,-4.967240270187465,0.0
93.199,-8.344907355672301,-4.935731899187319,0.0
93.299,-8.333487015320676,-4.9028043879191685,0.0
93.399,-8.322139467665206,-4.871245756091488,0.0
93.499,-8.310370542176468,-4.838502040647729,0.0
93.599,-8.298330534609269,-4.807823742133107,0.0
93.699,-8.285538365000326,-4.775042172292468,0.0
93.799,-8.272876049773792,-4.744248572579179,0.0
93.899,-8.259737028346173,-4.7120016455755325,0.0
93.999,-8.24652011926712,-4.681081368767242,0.0
94.099,-8.232944478667527,-4.648888044670934,0.0
94.199,-8.21868550079927,-4.618332001195069,0.0
94.299,-8.204331431601972,-4.586798260266601,0.0
94.399,-8.188996556920797,-4.556614056932748,0.0
94.49,-8.174980879214901,-4.528767048695947,0.0
94.5,-8.173313239071037,-4.525573557899617,0.0
94.59,-8.159014280374356,-4.498170930945846,0.0
94.69,-8.142942750888338,-4.4686977670896715,0.0
94.79,-8.125606385671897,-4.438551318753899,0.0
94.89,-8.108386859140838,-4.409449326257632,0.0
94.99,-8.09011222346872,-4.379667244995734,0.0
95.09,-8.071413935447698,-4.350782060662431,0.0
95.19,-8.052553407655761,-4.321760090422423,0.0
95.29,-8.033885520694318,-4.29317061964734,0.0
95.3,-8.031910457856918,-4.2904052086541675,0.0
95.39,-8.014609451966157,-4.264160481205197,0.0
95.49,-7.9955563954396265,-4.235753611004437,0.0
95.59,-7.976448151196883,-4.207023501230398,0.0
95.69,-7.957639348889566,-4.178464063035963,0.0
95.7,-7.955493889630052,-4.1758715714508305,0.0
95.79,-7.938254764267968,-4.149571171632554,0.0
95.89,-7.919205799182055,-4.122103448375281,0.0
95.99,-7.898904176250254,-4.093600573589824,0.0
96.0,-7.897075959689058,-4.090634432918278,0.0
96.09,-7.8796337115587995,-4.066309363068892,0.0
96.19,-7.858684707669033,-4.0379664664608095,0.0
96.29,-7.838484849659025,-4.011209914228266,0.0
96.39,-7.817441105278278,-3.983722707222953,0.0
96.4,-7.815342419214594,-3.980661769025917,0.0
96.49,-7.796438305172846,-3.95720848509091,0.0
96.59,-7.774276713699395,-3.930328254027548,0.0
96.69,-7.7522726178277646,-3.9045975462994367,0.0
96.79,-7.729307340506203,-3.8785680991926172,0.0
96.89,-7.706403092368008,-3.8536817869579214,0.0
96.9,-7.703989794098443,-3.851532825105066,0.0
96.99,-7.682530801532981,-3.828434128094895,0.0
97.09,-7.658704404613798,-3.8042330680178,0.0
97.1,-7.6562599645272424,-3.8020753627267716,0.0
97.19,-7.634583295012981,-3.7803344185596046,0.0
97.2,-7.632156050746509,-3.777547422622114,0.0
97.29,-7.609954328322017,-3.756780367969504,0.0
97.39,-7.584999547665476,-3.7332984443716875,0.0
97.49,-7.559885689018148,-3.710292189357615,0.0
97.5,-7.557353545255715,-3.7081772224852583,0.0
97.59,-7.5344556843855734,-3.687453024348758,0.0
97.6,-7.531855476968025,-3.684843012038988,0.0
97.69,-7.508334867731916,-3.6649605520742594,0.0
97.7,-7.505757566795399,-3.662931268836495,0.0
97.8,-7.479585994537354,-3.6405582767777838,0.0
97.89,-7.455723636019821,-3.6211830363892434,0.0
97.99,-7.429757095481719,-3.6000563188959083,0.0
98.0,-7.426998524145088,-3.5975592957571436,0.0
98.09,-7.402779774521483,-3.5784883636082956,0.0
98.19,-7.37591771564197,-3.5577938562109575,0.0
98.29,-7.348684928949723,-3.5368864495878194,0.0
98.39,-7.321640533589763,-3.5166980373806345,0.0
98.49,-7.292887184363891,-3.4962898113753154,0.0
98.5,-7.290126337710562,-3.494382252622243,0.0
98.59,-7.265262442957293,-3.4771494341218885,0.0
98.69,-7.236238730187708,-3.457947930852425,0.0
98.79,-7.207703331145999,-3.4392387120254715,0.0
98.89,-7.1788146039896485,-3.420222449108595,0.0
98.99,-7.150849508646709,-3.401692413044422,0.0
99.09,-7.121784538570238,-3.3826766429924464,0.0
99.1,-7.118824272861496,-3.3809334998571154,0.0
99.19,-7.0933443915451395,-3.363979330553832,0.0
99.2,-7.0900744284422155,-3.3621020940322257,0.0
99.29,-7.064329858230199,-3.3446888783956696,0.0
99.3,-7.061362843353388,-3.342794013266864,0.0
99.39,-7.036322154649501,-3.32613094682173,0.0
99.49,-7.00704021295484,-3.307177265255444,0.0
99.59,-6.978710680480636,-3.289125091912705,0.0
99.6,-6.975745871798356,-3.287657323691977,0.0
99.69,-6.948766604334734,-3.2710215117918318,0.0
99.7,-6.945751337369239,-3.2689442452392368,0.0
99.79,-6.919532451399972,-3.253957288871883,0.0
99.8,-6.91655811383008,-3.2525557704386534,0.0
99.89,-6.889381343715166,-3.236976358095729,0.0
99.99,-6.8601742748743195,-3.220251522281278,0.0
100.09,-6.832203765497501,-3.204722381977871,0.0
100.1,-6.829913247330324,-3.2031155499417063,0.0
100.19,-6.807473417011036,-3.191782958232402,0.0
100.29,-6.7829631583116505,-3.1798062831969176,0.0
100.3,-6.78045432049947,-3.1788435618573017,0.0
100.39,-6.75789954571622,-3.1684902519838967,0.0
100.4,-6.755511549798244,-3.167119475430883,0.0
100.49,-6.736280237253502,-3.1595218968801677,0.0
100.59,-6.723180690382112,-3.154408757140069,0.0
100.69,-6.713497885788019,-3.1513174144867317,0.0
100.7,-6.712503207019689,-3.151011241387259,0.0
100.79,-6.703631807779186,-3.1488598875431317,0.0
100.89,-6.693688016140982,-3.1470547343142687,0.0
100.99,-6.683680958889613,-3.1457621085196776,0.0
101.0,-6.682642340570165,-3.145685632580467,0.0
101.09,-6.673335544454408,-3.1449834019557854,0.0
101.19,-6.6626226932828585,-3.1447596936889353,0.0
101.29,-6.647943668311607,-3.1446594042318847,0.0
101.3,-6.646319404189639,-3.1446877861660796,0.0
101.39,-6.624483604195056,-3.146167832612598,0.0
101.4,-6.62171589310292,-3.1462521034098025,0.0
101.49,-6.596856531599376,-3.1488800272691337,0.0
101.6,-6.566992808183828,-3.152684084288792,0.0
101.69,-6.542343551418851,-3.156652230195895,0.0
101.7,-6.53942175814802,-3.157143160874765,0.0
101.79,-6.515121164060256,-3.161761046642864,0.0
101.8,-6.512435330158998,-3.1625415833379376,0.0
101.89,-6.487978997865433,-3.1675630674856587,0.0
101.99,-6.458232121682202,-3.174778669398003,0.0
102.09,-6.424824909536172,-3.1829189984362314,0.0
102.19,-6.392123191562,-3.191044074977133,0.0
102.2,-6.388719071003554,-3.191583183247971,0.0
102.29,-6.3579999147101125,-3.19933334055333,0.0
102.39,-6.325373129974331,-3.20707483398465,0.0
102.5,-6.288015137938426,-3.2155943673100764,0.0
102.59,-6.258620990041497,-3.2219100651881893,0.0
102.69,-6.224354836367596,-3.229283194378468,0.0
102.79,-6.191387665801627,-3.236073600903,0.0
102.9,-6.154297776906426,-3.244065770164032,0.0
102.99,-6.124997699591458,-3.2498436854902697,0.0
103.0,-6.122018749162689,-3.2502579156461913,0.0
103.09,-6.09091217603028,-3.257025135054836,0.0
103.19,-6.0577793424755475,-3.2635282891170694,0.0
103.29,-6.02402422541574,-3.2702845550565907,0.0
103.39,-5.99069631220068,-3.276861124650053,0.0
103.4,-5.987729971403786,-3.2773458233123995,0.0
103.49,-5.957024749055987,-3.2834785200674306,0.0
103.59,-5.923765062477408,-3.2896819198737615,0.0
103.6,-5.920408938801569,-3.290234125348208,0.0
103.69,-5.889801041454044,-3.296191276272004,0.0
103.7,-5.886446616263557,-3.2971299147720425,0.0
103.79,-5.856319490727967,-3.3026100814554153,0.0
103.89,-5.822212571327436,-3.309294190598369,0.0
103.99,-5.78889299410635,-3.3160166990229447,0.0
104.0,-5.785555774571752,-3.316628156569269,0.0
104.09,-5.755240790470586,-3.3226742867965484,0.0
104.1,-5.751804834551986,-3.3235417689627025,0.0
104.19,-5.7213000070872475,-3.329234891627716,0.0
104.29,-5.6880764906309444,-3.3354806175442158,0.0
104.39,-5.654425423075396,-3.341607859761623,0.0
104.49,-5.620880501002463,-3.3477701431698303,0.0
104.5,-5.617360222060039,-3.348689506167135,0.0
104.59,-5.5871813379365545,-3.353724298878089,0.0
104.6,-5.58412519675233,-3.3541436902244564,0.0
104.69,-5.553745880662613,-3.359545053115584,0.0
104.7,-5.550196508991322,-3.3601699212265306,0.0
104.79,-5.519659757710059,-3.365629242358323,0.0
104.89,-5.485927529040027,-3.3714632841506242,0.0
104.99,-5.451732064247248,-3.3775899066752992,0.0
105.09,-5.418577166990328,-3.383616803819076,0.0
105.1,-5.415205906043992,-3.3841243230015117,0.0
105.19,-5.38435054154577,-3.3895512619940376,0.0
105.2,-5.380879373923826,-3.390112689945466,0.0
105.29,-5.351213903070977,-3.395357731022083,0.0
105.39,-5.317044176002074,-3.4014753236839517,0.0
105.5,-5.280519634824187,-3.4075559263582456,0.0
105.59,-5.2502092683076,-3.412855067774686,0.0
105.6,-5.246961801151352,-3.4133750233574296,0.0
105.69,-5.216755283477973,-3.418556243386739,0.0
105.79,-5.182237633369206,-3.424144292823902,0.0
105.89,-5.149044112353063,-3.4293810606544763,0.0
105.9,-5.145426788517524,-3.4296977484432682,0.0
105.99,-5.114696006339975,-3.4347872453322896,0.0
106.0,-5.111333881604467,-3.4353529294841927,0.0
106.09,-5.081453240021817,-3.4400771209937164,0.0
106.19,-5.047203605707575,-3.445867003979139,0.0
106.29,-5.014031000240599,-3.4511633813391103,0.0
106.39,-4.979854671325223,-3.456562565629027,0.0
106.49,-4.946486520203135,-3.461687689546181,0.0
106.59,-4.911983331894368,-3.466706543644383,0.0
106.69,-4.878177539315127,-3.4712865887457993,0.0
106.7,-4.875231226785631,-3.4715259257821316,0.0
106.79,-4.844067078193127,-3.475991744485129,0.0
106.8,-4.840753947492784,-3.476742574104405,0.0
106.89,-4.810254714140763,-3.4804621154149133,0.0
106.9,-4.806949993821251,-3.48077000850306,0.0
106.99,-4.7760977389560955,-3.4849059202252577,0.0
107.09,-4.742619216199857,-3.488873064335931,0.0
107.19,-4.708243168651201,-3.493107212933061,0.0
107.29,-4.674322449736938,-3.497283155983945,0.0
107.39,-4.640442727307915,-3.501579876712086,0.0
107.4,-4.636904071547271,-3.502206350452638,0.0
107.49,-4.6063983578537275,-3.505349347726484,0.0
107.5,-4.603451658021489,-3.5055210903570595,0.0
107.6,-4.569203132605794,-3.5094382274597864,0.0
107.69,-4.538708829709901,-3.512298173588282,0.0
107.7,-4.535554790345921,-3.5124719067004153,0.0
107.79,-4.504590572553444,-3.5159732432504076,0.0
107.89,-4.470620992767445,-3.519720284477569,0.0
107.99,-4.436778415334048,-3.5232556562569903,0.0
108.0,-4.433172781660906,-3.5237017678597637,0.0
108.09,-4.402203954495053,-3.5270224076615753,0.0
108.19,-4.368627850963183,-3.53013143948002,0.0
108.2,-4.3649959480314395,-3.5304040346640364,0.0
108.29,-4.33393786938424,-3.5331520082969896,0.0
108.3,-4.330390762507834,-3.5333414112052512,0.0
108.39,-4.300394137512348,-3.5359020561178283,0.0
108.49,-4.266049833658033,-3.5386852367253376,0.0
108.5,-4.262563916783182,-3.5389165009362316,0.0
108.59,-4.232391105098543,-3.5413354501148686,0.0
108.69,-4.1976458714530125,-3.543877126350636,0.0
108.7,-4.194353892572119,-3.5439429418389494,0.0
108.79,-4.164026317916147,-3.5461346650738848,0.0
108.8,-4.160461690968727,-3.546125557949353,0.0
108.89,-4.1296358395479915,-3.548477547083676,0.0
108.9,-4.126223956372486,-3.5486879997030747,0.0
108.99,-4.09626804838059,-3.550712218507577,0.0
109.09,-4.061641241821479,-3.553124848200793,0.0
109.19,-4.028281410504735,-3.5554324226419665,0.0
109.2,-4.0247097765763415,-3.5556050026582047,0.0
109.29,-3.993830670419642,-3.5577114840574975,0.0
109.39,-3.960329787488704,-3.5596096320146557,0.0
109.49,-3.9255611175006,-3.561728061006303,0.0
109.59,-3.8921052968928525,-3.563616340957329,0.0
109.69,-3.8575282081956597,-3.5656424255065926,0.0
109.7,-3.854034875520084,-3.5660113120888997,0.0
109.79,-3.823964114875007,-3.567540391943379,0.0
109.89,-3.789519479042829,-3.5696677617036534,0.0
109.9,-3.786091840015026,-3.5699346402544854,0.0
110.0,-3.751484520342332,-3.57163075858447,0.0
110.091,-3.7201094970485946,-3.5735450594280875,0.0
110.191,-3.6856355733429598,-3.575382898226092,0.0
110.291,-3.6511165583684853,-3.5770581431437534,0.0
110.391,-3.6169407085515823,-3.578578277721571,0.0
110.491,-3.5822970559020937,-3.580117262641048,0.0
110.591,-3.5479620226688273,-3.5812838591807865,0.0
110.691,-3.5141503527381914,-3.582337887436417,0.0
110.791,-3.480134913929257,-3.5831267353054335,0.0
110.891,-3.4460916834753177,-3.584053217259935,0.0
110.991,-3.4123840609764184,-3.5847505234769694,0.0
111.091,-3.377994278084453,-3.5854760293927264,0.0
111.191,-3.343077715941809,-3.5862363280363,0.0
111.291,-3.3088243904732333,-3.5867368426955797,0.0
111.391,-3.274727104114349,-3.5870374043886835,0.0
111.491,-3.2400642836017486,-3.5873550684483404,0.0
111.591,-3.205099435465104,-3.5875218271143345,0.0
111.691,-3.170845616970362,-3.587465590757855,0.0
111.791,-3.1364764002461873,-3.5875124932067655,0.0
111.891,-3.10246335931198,-3.5870821667567423,0.0
111.991,-3.067542282479078,-3.5867637026149306,0.0
112.091,-3.0342692941360605,-3.586405589824548,0.0
112.191,-2.9997809982398316,-3.5858272021525006,0.0
112.291,-2.966321029829297,-3.5853193165787314,0.0
112.391,-2.9319396464495107,-3.584569968625425,0.0
112.491,-2.898601108694032,-3.584066856259417,0.0
112.591,-2.8637953365373576,-3.583190486384023,0.0
112.691,-2.8301568280969422,-3.5825316358997843,0.0
112.791,-2.7956728562900564,-3.5816071269911944,0.0
112.891,-2.762065839409102,-3.580885974418024,0.0
112.991,-2.7271352269905904,-3.579827703289434,0.0
113.091,-2.6939017891135166,-3.578808960503744,0.0
113.191,-2.6592263472344935,-3.577652659449415,0.0
113.291,-2.6258332142138507,-3.576671795254592,0.0
113.391,-2.5907666800867495,-3.575494485368394,0.0
113.491,-2.5563984670856374,-3.57415819741263,0.0
113.591,-2.5217901350709804,-3.5725488570500623,0.0
113.691,-2.4879832261527457,-3.5710727852280337,0.0
113.791,-2.4535786671807562,-3.5694645063509203,0.0
113.891,-2.4202073763254206,-3.5679410739491955,0.0
113.991,-2.385959778962385,-3.566143952417129,0.0
114.091,-2.3526055465023554,-3.5644948634508196,0.0
114.191,-2.318300201108213,-3.56265352661432,0.0
114.291,-2.284761682916526,-3.5608526915315464,0.0
114.391,-2.250313682746094,-3.558736212355291,0.0
114.491,-2.215659472085487,-3.5566403661270005,0.0
114.591,-2.18162217156586,-3.55457259999935,0.0
114.691,-2.14736137989256,-3.552424032371793,0.0
114.791,-2.1135391476406284,-3.550176381118202,0.0
114.891,-2.0795463780574024,-3.547791255148329,0.0
114.991,-2.0457009199096237,-3.545118765257088,0.0
115.091,-2.0114256068077987,-3.5423507529865987,0.0
115.192,-1.976963623023052,-3.5394178962727465,0.0
115.292,-1.942129581664049,-3.5362434291347413,0.0
115.392,-1.9088915103508683,-3.533370165987053,0.0
115.492,-1.874917712100743,-3.530142286619563,0.0
115.592,-1.84165292068141,-3.527036852390896,0.0
115.692,-1.8073020003127727,-3.52340288620118,0.0
115.792,-1.7735530486526598,-3.519852581181187,0.0
115.892,-1.738922859867682,-3.5157407634922917,0.0
115.992,-1.7053663560308727,-3.5120680069364743,0.0
116.092,-1.6708577807542195,-3.5078378230294067,0.0
116.192,-1.6377313398576985,-3.5036977489796013,0.0
116.292,-1.603222967971194,-3.499325341906932,0.0
116.392,-1.5702024449904535,-3.4950353751501875,0.0
116.492,-1.5355867654293183,-3.4904545533983207,0.0
116.592,-1.5023760449929175,-3.4859721110796835,0.0
116.692,-1.4679243974332306,-3.4811894874062856,0.0
116.792,-1.4351172888137,-3.47675232070494,0.0
116.892,-1.4008481645796613,-3.4717728045033596,0.0
116.992,-1.3676582562332051,-3.467038013057136,0.0
117.092,-1.333395262611847,-3.462051392920742,0.0
117.193,-1.299071466406412,-3.4567671257410155,0.0
117.293,-1.2649820096292717,-3.45156087373272,0.0
117.393,-1.2313215735629492,-3.446104771050765,0.0
117.493,-1.1971475070559492,-3.440640168081049,0.0
117.593,-1.163662580362764,-3.4349685502450464,0.0
117.693,-1.1300551048850203,-3.429286451436895,0.0
117.793,-1.0958332455265027,-3.423062018057451,0.0
117.893,-1.0620860395326748,-3.4170883994062153,0.0
117.993,-1.0289159572528954,-3.410969425788649,0.0
118.093,-0.9949845079046067,-3.4043548332042044,0.0
118.193,-0.9613153337373999,-3.3975867673568922,0.0
118.293,-0.9279499706770338,-3.390910536875128,0.0
118.393,-0.8945590507219714,-3.3843183921058335,0.0
118.493,-0.861185845908121,-3.377298892678501,0.0
118.593,-0.8278412819539218,-3.3704316522446303,0.0
118.693,-0.7940226710703239,-3.3631967177640996,0.0
118.793,-0.7605910303684646,-3.3561112937193984,0.0
118.893,-0.7276712192350364,-3.349111205054567,0.0
118.993,-0.6939391195916438,-3.3418415671754818,0.0
119.093,-0.6611045347505673,-3.3348347060244854,0.0
119.193,-0.6272190388440037,-3.3274821375002532,0.0
119.293,-0.5943333877773959,-3.3203350879277895,0.0
119.393,-0.5604965799977336,-3.31289809089149,0.0
119.493,-0.5277651934925803,-3.305435394349224,0.0
119.593,-0.497028026791221,-3.2981789047665546,0.0
119.693,-0.4704379883403082,-3.2912870741227844,0.0
119.793,-0.4435891528062067,-3.2834977550234963,0.0
119.893,-0.42124201960962687,-3.276417361660791,0.0
119.993,-0.40811931095142245,-3.2715278930732143,0.0
120.093,-0.39876080188100504,-3.2674360424118474,0.0
120.193,-0.38977319361676577,-3.2627219741017774,0.0
120.293,-0.3808996697011461,-3.257504957258984,0.0
120.393,-0.37229777784396834,-3.2517003611805926,0.0
120.493,-0.36365987638618263,-3.2452401329047116,0.0
120.593,-0.3550745869149722,-3.2387481838043706,0.0
120.693,-0.347131941869632,-3.231819600051829,0.0
120.793,-0.33990283318313963,-3.2247908909057803,0.0
120.893,-0.32999154621167837,-3.214008254823641,0.0
120.993,-0.31460113375205295,-3.195257878081722,0.0
121.093,-0.2976059769574694,-3.1732273549823575,0.0
121.193,-0.28156980835143036,-3.150998681489034,0.0
121.293,-0.2658106635395671,-3.1278691219459476,0.0
121.393,-0.2507013278525762,-3.1039259400197503,0.0
121.493,-0.23679570002159495,-3.0803858077457296,0.0
121.593,-0.22318008540796824,-3.055701960726469,0.0
121.693,-0.210080236373572,-3.0308402522523292,0.0
121.793,-0.19849324501914314,-3.006605289474534,0.0
121.893,-0.18688342003806774,-2.980722946159329,0.0
121.993,-0.17621752113551997,-2.9552349506268625,0.0
122.093,-0.16622484047794017,-2.929082396711007,0.0
122.193,-0.1570274063391635,-2.9027859415235238,0.0
122.293,-0.14897259925068915,-2.8768658982640503,0.0
122.393,-0.14138000696205266,-2.8500103130555474,0.0
122.493,-0.13447438327176264,-2.8231482615418377,0.0
122.593,-0.12857445604219747,-2.7963583496028113,0.0
122.693,-0.12338230617221059,-2.769134051780201,0.0
122.793,-0.11899007645661297,-2.7400019873576418,0.0
122.893,-0.11422460761549692,-2.706539782169958,0.0
122.993,-0.10915423977286765,-2.6725691468591983,0.0
123.093,-0.10437466835453109,-2.6397708520135352,0.0
123.193,-0.09925583172345341,-2.6059654102119434,0.0
123.293,-0.09443829289238583,-2.5730829654737,0.0
123.393,-0.08909632628678334,-2.5386710752856105,0.0
123.493,-0.08388568808193318,-2.5053803368576726,0.0
123.593,-0.07799515838414156,-2.4712606897278855,0.0
123.693,-0.07225429145239648,-2.4378336150128095,0.0
123.793,-0.06635394156370716,-2.4049857475815934,0.0
123.893,-0.05963193770262462,-2.370878382074315,0.0
123.993,-0.053005692282778,-2.337640146866166,0.0
124.093,-0.046809721900726256,-2.304724047705864,0.0
124.193,-0.0399907286996798,-2.271375709989992,0.0
124.293,-0.03351322107860628,-2.238020528451232,0.0
124.393,-0.026577669190433754,-2.2047375389077337,0.0
124.493,-0.019230114778081005,-2.1719398412185806,0.0
124.593,-0.011848288178514932,-2.138251854063151,0.0
124.693,-0.0045174190360999945,-2.1058148369445484,0.0
124.793,0.0031282633206986747,-2.0721574989822846,0.0
124.893,0.010716605178124103,-2.0393076133022343,0.0
124.993,0.018872073240863433,-2.0060028336643683,0.0
125.093,0.02695372189038483,-1.973265569777442,0.0
125.193,0.03541089567538624,-1.9405442487774718,0.0
125.293,0.0437075786309962,-1.9080841900272854,0.0
125.393,0.05253281755775061,-1.875123245514974,0.0
125.493,0.06113875594503317,-1.8423091326252474,0.0
125.593,0.07014035878542814,-1.8097612137071932,0.0
125.693,0.07934897835008457,-1.7765849794601742,0.0
125.793,0.08873112954000507,-1.7437853176756177,0.0
125.893,0.09806203632936641,-1.7114887746730996,0.0
125.993,0.10732788557311065,-1.6793913272223888,0.0
126.093,0.11666544141194536,-1.6471452166582132,0.0
126.193,0.12604470672429496,-1.6148324491704065,0.0
126.293,0.1356844144368054,-1.5819133144137143,0.0
126.393,0.14556977049361836,-1.5492699289714755,0.0
126.493,0.1557153438884921,-1.5167992333612692,0.0
126.593,0.16538258949620294,-1.484863861122911,0.0
126.693,0.17568236621384745,-1.4524134680677911,0.0
126.793,0.18504431320174597,-1.42114133594501,0.0
126.893,0.19494159501919903,-1.388533993407373,0.0
126.993,0.20404853889293106,-1.3563482605168544,0.0
127.093,0.21353738349608314,-1.3235414079692915,0.0
127.193,0.22257572158214567,-1.2913194518862876,0.0
127.293,0.23237709578322302,-1.2589168482965853,0.0
127.393,0.24178178117627255,-1.2265354655595997,0.0
127.494,0.25178276349998485,-1.1935116520452083,0.0
127.594,0.26036336985938374,-1.1624366621544826,0.0
127.694,0.270502983206877,-1.1293134654152022,0.0
127.794,0.2794237018798498,-1.0973463110180635,0.0
127.894,0.2884260088106006,-1.0644441587287945,0.0
127.994,0.29720151071638734,-1.0327237746057625,0.0
128.094,0.30692488887773034,-0.9993288590547025,0.0
128.194,0.31628783134801736,-0.96703209013897,0.0
128.294,0.32647559076420823,-0.9339050669055573,0.0
128.394,0.33643609062431296,-0.9017703079704006,0.0
128.495,0.3467317878065403,-0.8689673615246648,0.0
128.595,0.3564012574706107,-0.8365765444763636,0.0
128.695,0.36671754965005837,-0.803083737073949,0.0
128.795,0.37690829660801445,-0.7712323770992598,0.0
128.895,0.3871266806068348,-0.7396474295349955,0.0
128.995,0.3973808822022921,-0.707765573696157,0.0
129.095,0.4083165945032442,-0.6745351418048001,0.0
129.195,0.4193645880222951,-0.6419867116438532,0.0
129.295,0.4294653502342361,-0.6104479473299602,0.0
129.395,0.44034714049688034,-0.5778315903313153,0.0
129.495,0.45122900113561953,-0.5452598912194256,0.0
129.595,0.4626362877763786,-0.5133644513035199,0.0
129.695,0.4735211813575311,-0.4817161906897514,0.0
129.795,0.48473204117711327,-0.44950296262829004,0.0
129.895,0.49579337564809434,-0.4175286416839854,0.0
129.995,0.5073481270290153,-0.3853929401208764,0.0
130.095,0.5175910816046853,-0.354424078201724,0.0
130.195,0.5287629308051696,-0.3219793889385426,0.0
130.295,0.5397192990607501,-0.2890216820217596,0.0
130.395,0.5508213741881314,-0.2568419870327815,0.0
130.495,0.5610953701448302,-0.22510477428028336,0.0
130.595,0.5723232114644382,-0.19240025862520063,0.0
130.695,0.5831102762726903,-0.16020173680136487,0.0
130.795,0.5945488077907406,-0.12740565798377612,0.0
130.895,0.6048887349264197,-0.09569234858680764,0.0
130.995,0.6157372990534475,-0.06357313460593311,0.0
131.095,0.6256435446887443,-0.03240677932134114,0.0
131.195,0.6370313312302358,0.0008254339573140034,0.0
131.295,0.6464546617805493,0.032457105395210906,0.0
131.395,0.6575106199319407,0.06599820580607023,0.0
131.495,0.6680945117735508,0.09827517479503135,0.0
131.595,0.6788481736005344,0.1312450214331503,0.0
131.695,0.6894625672316428,0.16308327084879837,0.0
131.795,0.7002157645792381,0.19582674937464511,0.0
131.895,0.7107265563430673,0.22786991697773923,0.0
131.995,0.7212213521939468,0.2603774809648622,0.0
132.095,0.7316777719601315,0.29237746573438017,0.0
132.195,0.7425076399263802,0.3249540047829288,0.0
132.295,0.753382254189776,0.3570746814711402,0.0
132.396,0.7644186474299769,0.38957376152307127,0.0
132.496,0.7758867431469724,0.42250927311636544,0.0
132.596,0.7865548963852665,0.454266548941793,0.0
132.696,0.7973511626266504,0.48630202022047714,0.0
132.796,0.8080501697664229,0.5184714712331762,0.0
132.896,0.8190070243770833,0.5502140105749534,0.0
132.996,0.8308512073032409,0.583383895982386,0.0
133.096,0.8427520800809775,0.6153170424221752,0.0
133.196,0.8546768927756926,0.647407650197925,0.0
133.296,0.8672220424570213,0.6789215097329847,0.0
133.396,0.8796461969418757,0.7104000510234392,0.0
133.496,0.8925759750926913,0.7417837560422283,0.0
133.596,0.905584790256522,0.7738147805264123,0.0
133.696,0.9188312668508962,0.8050281645010188,0.0
133.796,0.9319554958605961,0.8366809825316004,0.0
133.896,0.9458806945782611,0.8685832968401559,0.0
133.996,0.9588766540264198,0.8996027020958036,0.0
134.096,0.9723871486176244,0.9309832440844997,0.0
134.196,0.9847920475216849,0.9616813739955825,0.0
134.296,0.9989274098731763,0.9935246231669599,0.0
134.397,1.0116543212053049,1.0247592694689478,0.0
134.497,1.0255892674304792,1.056433534410109,0.0
134.597,1.0380329101278087,1.087377189545873,0.0
134.697,1.0519986197909243,1.11939036253852,0.0
134.797,1.065401436245476,1.1504391544109125,0.0
134.897,1.079451596366768,1.1822659707194854,0.0
134.997,1.092599761024657,1.2132650499591915,0.0
135.097,1.1066987947754054,1.2453019020547837,0.0
135.197,1.120746685840186,1.2764638147633265,0.0
135.297,1.1346776325690462,1.3079815703130329,0.0
135.397,1.1481922054859863,1.338441224480805,0.0
135.497,1.1623145003774582,1.3701935059542245,0.0
135.598,1.176525860160081,1.4015330021868235,0.0
135.698,1.1901664180471674,1.4322333468728687,0.0
135.798,1.2035835456547044,1.4624151691703846,0.0
135.898,1.2176490127552597,1.4940425997464326,0.0
135.998,1.2322282901190549,1.525918172811342,0.0
136.098,1.2459204003884632,1.5566955782992415,0.0
136.198,1.260160355688242,1.5876867202542355,0.0
136.298,1.273165641436497,1.6179651281830334,0.0
136.398,1.2876420151760875,1.6495771241605062,0.0
136.498,1.3013941742862254,1.680643757103858,0.0
136.598,1.31608859273484,1.7114975030562825,0.0
136.698,1.3305745125484172,1.7428946632930402,0.0
136.798,1.3456857890854343,1.77405949070466,0.0
136.898,1.3595284723070589,1.8045354548287997,0.0
136.998,1.3746648900350225,1.8352192515395191,0.0
137.098,1.3888587222542905,1.8658810898250457,0.0
137.198,1.4041847058699866,1.8963249039183658,0.0
137.298,1.4187273273734726,1.927133147590318,0.0
137.398,1.433869777050683,1.957625156565348,0.0
137.498,1.448639962187163,1.9881789819521951,0.0
137.598,1.4645039061280458,2.0189315110037502,0.0
137.698,1.4795424327069011,2.0494063636092297,0.0
137.798,1.4950699445790536,2.0801152976042463,0.0
137.898,1.5093870348072085,2.1098949609426336,0.0
137.998,1.525318190807194,2.1408084859985026,0.0
138.098,1.5400664266715256,2.1718997248502236,0.0
138.198,1.555873063997581,2.202401417523865,0.0
138.298,1.5702298526607188,2.2325242666898766,0.0
138.399,1.5857434035635047,2.2638535221666354,0.0
138.499,1.6002778915072298,2.2941045244696587,0.0
138.59,1.6140475723068692,2.3218947809619825,0.0
138.69,1.629211701425005,2.3529965233605754,0.0
138.79,1.6439650200754317,2.3829721600499774,0.0
138.89,1.658657092217882,2.4134091725418036,0.0
138.9,1.6602961695169873,2.416549318101687,0.0
138.99,1.6738219378571668,2.4443242761106116,0.0
139.0,1.6752887825353344,2.4472380310336384,0.0
139.09,1.6885897529793645,2.4748127506156306,0.0
139.19,1.7037530302765824,2.5059552414453097,0.0
139.29,1.7190117386717365,2.5371852330337696,0.0
139.39,1.7335197666024496,2.5672012833757982,0.0
139.4,1.7346481806890979,2.570265555290319,0.0
139.49,1.7478464598194194,2.5979450322827464,0.0
139.5,1.749237603542257,2.6008398240112363,0.0
139.59,1.761732557322534,2.6280106924140796,0.0
139.69,1.7755602824653134,2.6593806671605518,0.0
139.7,1.776764598467253,2.662170625183025,0.0
139.79,1.7891138378802969,2.6900306422035762,0.0
139.89,1.802923006591295,2.721270489548774,0.0
139.9,1.8045018503432333,2.7243339940529965,0.0
139.99,1.8161242203193861,2.751591298210222,0.0
140.09,1.8301656703302627,2.7835360356528596,0.0
140.19,1.8436701977926562,2.8138828194451926,0.0
140.29,1.8580641313709265,2.8456419275852687,0.0
140.39,1.8721623271234393,2.8760548243126487,0.0
140.4,1.873294859512322,2.8793377074745745,0.0
140.49,1.8867979838337627,2.90790764537582,0.0
140.59,1.9008748507963351,2.938529184020801,0.0
140.69,1.9157882603073086,2.969950139902246,0.0
140.79,1.9300129976015454,2.9999508650005775,0.0
140.89,1.9451155565070697,3.0313221064361375,0.0
140.9,1.9468655631554763,3.034168099409159,0.0
140.99,1.9595519064667555,3.0614373879814383,0.0
141.09,1.9745011055519366,3.0924750256324036,0.0
141.1,1.976290591217315,3.095469751017377,0.0
141.19,1.9889939906379472,3.122785922275537,0.0
141.2,1.9904207571661854,3.1260697556754304,0.0
141.29,2.0037674568015458,3.1539731571698213,0.0
141.39,2.018295286429613,3.1849320349047536,0.0
141.4,2.019485078589867,3.1883065581542067,0.0
141.49,2.033053737958753,3.215922803357011,0.0
141.5,2.0348399345024313,3.2190119482259845,0.0
141.591,2.0480168610163267,3.2474907101651147,0.0
141.691,2.0624072926212063,3.277964872883182,0.0
141.791,2.0766021016634455,3.3081524797535495,0.0
141.891,2.091452208964575,3.339284389538203,0.0
141.991,2.1060631337372824,3.369597170295564,0.0
142.091,2.121386924970074,3.4004170091137627,0.0
142.191,2.1360143820237734,3.4308061526643767,0.0
142.291,2.1505729000977905,3.461571449768974,0.0
142.391,2.1648914477848282,3.4921621457116445,0.0
142.491,2.1790589298852177,3.5227199569665877,0.0
142.591,2.1933718499533272,3.553210126309528,0.0
142.691,2.2081144397466392,3.5845282673550884,0.0
142.791,2.222812458880551,3.6155025860146823,0.0
142.891,2.236876431571675,3.6456924458582907,0.0
142.991,2.2512531603869785,3.6772859318680835,0.0
143.091,2.2639829543782364,3.7050946414786807,0.0
143.191,2.2749152128221137,3.7296534453928185,0.0
143.291,2.285296793187056,3.7549674712592562,0.0
143.391,2.2954070240715736,3.7809243820463894,0.0
143.491,2.304373587057519,3.806796417812733,0.0
143.591,2.313367465766879,3.8353940842655567,0.0
143.691,2.3232759679770476,3.868475173180219,0.0
143.791,2.333007783560783,3.901451405111081,0.0
143.891,2.3429462307814233,3.934479996683,0.0
143.991,2.351582836571741,3.9640672101848513,0.0
144.091,2.3592763262561456,3.991496378695883,0.0
144.191,2.3657869981010573,4.018095692219485,0.0
144.291,2.3724616979020126,4.048078798109905,0.0
144.391,2.3789887664351292,4.081778827856431,0.0
144.491,2.3850255045142563,4.114226712492863,0.0
144.591,2.3912042790940182,4.147662577307193,0.0
144.691,2.3965765841606763,4.179916464023217,0.0
144.791,2.402257523402735,4.213680842208216,0.0
144.891,2.4079659182174447,4.247371753137026,0.0
144.991,2.413881925729516,4.281923468554914,0.0
145.091,2.419426129251176,4.31466669571801,0.0
145.191,2.4253354639132514,4.348047388352915,0.0
145.291,2.431105909729594,4.37904976242087,0.0
145.391,2.4362723712905234,4.406487367763252,0.0
145.491,2.440432813008243,4.434184576366085,0.0
145.591,2.4437735165697934,4.463438269684935,0.0
145.691,2.4474726412687215,4.497602550345263,0.0
145.791,2.4514346757896974,4.531362146943023,0.0
145.891,2.4556173972505757,4.5649682893311825,0.0
145.991,2.4604480926936585,4.599481166061869,0.0
146.091,2.464882518895192,4.632936066520755,0.0
146.191,2.469259610350657,4.664937862724896,0.0
146.291,2.472380867503755,4.692396934524616,0.0
146.391,2.4752523149434116,4.722571648356389,0.0
146.491,2.477845062842948,4.756407755608781,0.0
146.591,2.479971859908463,4.789877168198964,0.0
146.691,2.4823763708361994,4.8243504601895495,0.0
146.791,2.484378870576252,4.858143859814752,0.0
146.891,2.48645073254444,4.892297274741006,0.0
146.991,2.487815651114934,4.926314916923582,0.0
147.091,2.4896019817729345,4.960388552171094,0.0
147.191,2.490620224992837,4.995079924606924,0.0
147.291,2.4914978521609266,5.029194676982251,0.0
147.391,2.4923190634148407,5.063435724386212,0.0
147.491,2.4932046330329003,5.097427143213358,0.0
147.591,2.4937788358626403,5.132100050642011,0.0
147.691,2.49419574728531,5.165655755674516,0.0
147.791,2.494742632695431,5.20030604926259,0.0
147.891,2.4952522288850334,5.233706533181423,0.0
147.991,2.495803324925148,5.267722688394665,0.0
148.092,2.496135951575938,5.301736758050481,0.0
148.192,2.496664632031681,5.336068252811402,0.0
148.292,2.49734848376102,5.370550417597141,0.0
148.392,2.498044165011299,5.404572638531565,0.0
148.492,2.498386550149639,5.438416920616445,0.0
148.593,2.4985604868047053,5.473422420034875,0.0
148.693,2.498487256221787,5.5072671026285995,0.0
148.793,2.4984424367409734,5.541688908175263,0.0
148.893,2.4983109861146264,5.575473972960698,0.0
148.993,2.498200156594436,5.610154135881626,0.0
149.093,2.497747024595329,5.64364587212158,0.0
149.193,2.4975386201965684,5.678535743193651,0.0
149.293,2.4972188641046795,5.712793806657712,0.0
149.393,2.496856633473201,5.747161833948891,0.0
149.493,2.496260209929228,5.780342158403326,0.0
149.593,2.495775988810037,5.815490545183661,0.0
149.693,2.4950051075225477,5.849412124750534,0.0
149.793,2.4944779802880332,5.883768841171416,0.0
149.893,2.4933655332715285,5.917755821145357,0.0
149.993,2.4925137325677973,5.948108502639464,0.0
150.093,2.4916942443686874,5.968824639471468,0.0
150.193,2.4910474021713402,5.983385115466884,0.0
150.293,2.4900678951180963,5.99368767257768,0.0
150.393,2.488443456141333,6.003657299161686,0.0
150.493,2.4862033765041636,6.013554399246297,0.0
150.593,2.4833144970464596,6.023677453382052,0.0
150.693,2.479616594661579,6.0338611156603035,0.0
150.793,2.4755168582127647,6.04378759721474,0.0
150.893,2.470902065045375,6.053766286954801,0.0
150.993,2.46602997468727,6.063516381039016,0.0
151.093,2.460625828152733,6.072858046409111,0.0
151.193,2.454670800070757,6.082082915069717,0.0
151.293,2.4483257549567994,6.0906061824862014,0.0
151.393,2.4414759335159957,6.098708699720522,0.0
151.493,2.43690406939349,6.103132378658304,0.0
151.593,2.439798501773201,6.100530407632829,0.0
151.693,2.4484170142169464,6.092872599742687,0.0
151.793,2.4602713309978275,6.083682819669038,0.0
151.893,2.4694885165049687,6.078058755194932,0.0
151.993,2.469129522921667,6.077591550592907,0.0
152.093,2.4597645653199587,6.081345443267999,0.0
152.193,2.4413092158792087,6.086727674668301,0.0
152.293,2.417514436869326,6.091621941134985,0.0
152.393,2.388071524471587,6.0963549624499676,0.0
152.493,2.355043341229516,6.100940668216694,0.0
152.593,2.3220243970328327,6.105548499794381,0.0
152.693,2.2877962184574367,6.11092888946997,0.0
152.793,2.2546132276078,6.116112960226163,0.0
152.893,2.22053859419073,6.12189518288396,0.0
152.993,2.189254349685196,6.127811683841172,0.0
153.093,2.1630029570490477,6.132353299883162,0.0
153.193,2.1354485001200603,6.136500058324982,0.0
153.293,2.105797259246267,6.139999218845139,0.0
153.393,2.071812650325325,6.143820521914847,0.0
153.493,2.0378069934791347,6.147642340981437,0.0
153.593,2.004095547782164,6.151405739191112,0.0
153.693,1.97090880705356,6.155135196380099,0.0
153.793,1.9371405317928,6.158987604579365,0.0
153.893,1.9035174554357286,6.162894940543435,0.0
153.993,1.8703496121523973,6.166619640482085,0.0
154.093,1.8366042911280798,6.170564846620282,0.0
154.193,1.8035929539910391,6.174318722740192,0.0
154.293,1.772472784990156,6.178048187765449,0.0
154.393,1.7455997158904186,6.1804664909617255,0.0
154.493,1.714888810748407,6.18277975969594,0.0
154.593,1.6812075744129185,6.184884752211207,0.0
154.693,1.647149161646771,6.186833903351725,0.0
154.793,1.6140176179951915,6.189107722346351,0.0
154.893,1.5791492908557339,6.1919481737173605,0.0
154.993,1.5459152263359484,6.195159972182443,0.0
155.093,1.5138599564139317,6.198422319788499,0.0
155.193,1.4857531674867932,6.200812334145406,0.0
155.293,1.4546626136217113,6.202700193530431,0.0
155.393,1.4208682503812493,6.204529587196774,0.0
155.493,1.3871892815954965,6.206353873613006,0.0
155.593,1.3525633200869651,6.207987529095855,0.0
155.693,1.3192748384346555,6.209977073402006,0.0
155.793,1.2849771772480651,6.21202852209367,0.0
155.893,1.2509588831906266,6.21400385198927,0.0
155.993,1.2167354256965512,6.216408601056565,0.0
156.093,1.182909983902611,6.219105529881378,0.0
156.193,1.1487410138574197,6.221855710639119,0.0
156.293,1.1145536984628632,6.224568009781546,0.0
156.393,1.080383124014515,6.227468794957885,0.0
156.493,1.0491791187976618,6.230262084148194,0.0
156.593,1.0206703323959223,6.23249743535127,0.0
156.693,0.9903440900427231,6.234272069800803,0.0
156.793,0.956673036133688,6.2356220506816635,0.0
156.893,0.9221107833708567,6.237177272771478,0.0
156.993,0.8873956869377095,6.238789387380702,0.0
157.093,0.852639055834117,6.2404062436672945,0.0
157.193,0.8192954945151641,6.241500029295944,0.0
157.293,0.7842196155709077,6.242741556951469,0.0
157.393,0.7508052821106878,6.2431613723355195,0.0
157.493,0.7157242890746986,6.243699437735562,0.0
157.593,0.6824195294658957,6.2436743194660265,0.0
157.693,0.6476277909693139,6.243398383591373,0.0
157.793,0.6140848244736016,6.242530551400216,0.0
157.893,0.5792206479419484,6.241661079374815,0.0
157.993,0.5460897066603845,6.240476625425732,0.0
158.093,0.5112287040011888,6.239122945239351,0.0
158.193,0.47775363249477165,6.237521672773519,0.0
158.293,0.4433029339067206,6.235759970404453,0.0
158.393,0.40947429335539703,6.233305930467757,0.0
158.493,0.3749896929775968,6.230732710772694,0.0
158.593,0.34131443307487397,6.2274078345909825,0.0
158.693,0.30689986737441594,6.224051472091993,0.0
158.793,0.2729542633821966,6.220080327128535,0.0
158.893,0.23859979461364844,6.215681108005932,0.0
158.993,0.2037564201389493,6.211356001175714,0.0
159.093,0.17016111034540224,6.207309879825541,0.0
159.193,0.13642809515577875,6.202717687494468,0.0
159.293,0.10319094256292836,6.197794115058761,0.0
159.393,0.06967386622795405,6.192370532447404,0.0
159.493,0.035950003957393006,6.186243205421087,0.0
159.593,0.002254519476375488,6.180083569057742,0.0
159.693,-0.03047531351602394,6.17350151195112,0.0
159.794,-0.0643385264775819,6.166426130681421,0.0
159.894,-0.09793056831971442,6.158944790517585,0.0
159.994,-0.1318084524616466,6.151333618261811,0.0
160.094,-0.1641991153574647,6.143409543880062,0.0
160.194,-0.19815469530074423,6.134746013186626,0.0
160.294,-0.22998193698841846,6.12601318255688,0.0
160.394,-0.2636203745794456,6.116556350695002,0.0
160.496,-0.29575438506838153,6.107044651458783,0.0
160.596,-0.32943160087874873,6.096946211852202,0.0
160.696,-0.3609734122703811,6.086252642395411,0.0
160.796,-0.39414892009395835,6.075356756436938,0.0
160.896,-0.4254503470495723,6.064421189619847,0.0
160.996,-0.4584540704223974,6.053073937372064,0.0
161.096,-0.48935441989997475,6.041254322067125,0.0
161.196,-0.5215850878148228,6.029113515896247,0.0
161.296,-0.5530149404687671,6.0165681123942205,0.0
161.396,-0.5851304684525344,6.003721975753747,0.0
161.496,-0.6161436504791908,5.990982483553811,0.0
161.596,-0.6480505675281367,5.9779628126521365,0.0
161.696,-0.6786402383984282,5.964950677183542,0.0
161.796,-0.7105360777594759,5.951510525830428,0.0
161.896,-0.7412826078912771,5.9373137724870375,0.0
161.996,-0.7725304308295147,5.9231434192811205,0.0
162.096,-0.8022382271527927,5.90871390224222,0.0
162.196,-0.8334288184875216,5.893368582858327,0.0
162.296,-0.8638732055508066,5.8774536650693765,0.0
162.396,-0.8943273993117711,5.861853453068683,0.0
162.497,-0.9244429671378481,5.845776771629644,0.0
162.597,-0.9546300931223982,5.82956447807455,0.0
162.697,-0.9842316657593919,5.812950425112725,0.0
162.797,-1.0138281869495045,5.796452971175015,0.0
162.898,-1.0438309231225613,5.77870244414441,0.0
162.998,-1.07322003181118,5.761264858357715,0.0
163.098,-1.1026281427737148,5.743929874581074,0.0
163.198,-1.1316106974755975,5.726557820790716,0.0
163.298,-1.1613077954865934,5.708272589155398,0.0
163.398,-1.1891246258986399,5.690284316039373,0.0
163.498,-1.2187734509947936,5.671273607469589,0.0
163.598,-1.2469080181763237,5.65255974578501,0.0
163.698,-1.2762730801081685,5.633301551776015,0.0
163.798,-1.3034582999091258,5.614148119196555,0.0
163.898,-1.3318732980916468,5.594497299876702,0.0
163.998,-1.3600487356338087,5.574328150953107,0.0
164.098,-1.3886019365788176,5.554601017835963,0.0
164.198,-1.4156200576383442,5.534574581638432,0.0
164.298,-1.4437778475609164,5.5145370908461935,0.0
164.398,-1.4706154519229993,5.494589454461576,0.0
164.499,-1.4987447771746076,5.474145946236734,0.0
164.599,-1.525384431696948,5.453698793679403,0.0
164.699,-1.5532629082108451,5.43285185092139,0.0
164.799,-1.5794468766136447,5.411994256642674,0.0
164.899,-1.6073324047563904,5.39082784868161,0.0
164.999,-1.6335445233394665,5.369936276425623,0.0
165.099,-1.661071280492802,5.348961967200318,0.0
165.199,-1.6872183715274016,5.327414511421515,0.0
165.299,-1.7147401260632553,5.306139714787178,0.0
165.399,-1.740858899713515,5.28462085724072,0.0
165.499,-1.7675106113548993,5.262853557332497,0.0
165.599,-1.7932019885321224,5.240990387512446,0.0
165.699,-1.8194477094600339,5.218999790063033,0.0
165.799,-1.844635570385933,5.196411875687018,0.0
165.899,-1.869991855176196,5.173830644812162,0.0
165.999,-1.894487986392069,5.150481286854501,0.0
166.099,-1.9193465815988953,5.126919866717748,0.0
166.199,-1.9434530794150868,5.10345015782876,0.0
166.299,-1.968614679917241,5.079201614743417,0.0
166.399,-1.992423484533775,5.055870924285195,0.0
166.499,-2.0165574990662405,5.031887528293352,0.0
166.599,-2.0405319960766928,5.007042920915158,0.0
166.699,-2.063676094633371,4.982825766413387,0.0
166.799,-2.0867642027944457,4.95755993824456,0.0
166.899,-2.1097602314399113,4.931973985009349,0.0
166.999,-2.1332412938285747,4.906276724081395,0.0
167.099,-2.1557036688061824,4.880599167719763,0.0
167.199,-2.1784003450593663,4.85560481154126,0.0
167.299,-2.201191253084827,4.8300122565896455,0.0
167.399,-2.2240888735528657,4.804442634982724,0.0
167.499,-2.246398092368718,4.778772593480257,0.0
167.599,-2.269477019108667,4.752708207555315,0.0
167.699,-2.2905233239998064,4.726729166939515,0.0
167.799,-2.313160897101891,4.70042409321745,0.0
167.899,-2.3338352574793886,4.674138208831504,0.0
167.999,-2.3557902195106775,4.6470376846034664,0.0
168.099,-2.376220872464694,4.620110650297099,0.0
168.199,-2.397951379618468,4.592760291308753,0.0
168.299,-2.4174922578302076,4.565638380286891,0.0
168.399,-2.438552398350112,4.538010549106849,0.0
168.499,-2.4583154964491643,4.510324759706958,0.0
168.599,-2.4791451205733694,4.4828891154226875,0.0
168.699,-2.498376652486477,4.455537700502038,0.0
168.799,-2.518629495563667,4.427648499862354,0.0
168.899,-2.5377446326500523,4.3994392003079374,0.0
168.999,-2.5570795380134967,4.371800227641369,0.0
169.099,-2.576150097659488,4.343952648112578,0.0
169.19,-2.593491617553011,4.318573657507891,0.0
169.2,-2.5957559068488822,4.315725374885938,0.0
169.29,-2.6122525265231458,4.290119573900612,0.0
169.39,-2.631147246287149,4.26119407069242,0.0
169.4,-2.633133603368512,4.258192003707844,0.0
169.49,-2.6492468071245567,4.232797003967997,0.0
169.59,-2.6681014047512246,4.2037563017539625,0.0
169.6,-2.6699921885572837,4.20102448503221,0.0
169.69,-2.686196600357498,4.174656295728332,0.0
169.79,-2.703756065982848,4.145942215120069,0.0
169.892,-2.722208794533456,4.115233981886393,0.0
169.993,-2.7393473108020885,4.086012317189039,0.0
170.093,-2.7561491947068473,4.056027610443559,0.0
170.193,-2.7727281674541473,4.026101762888061,0.0
170.293,-2.7889531790788764,3.995691796951167,0.0
170.394,-2.805039295586072,3.9651004973482444,0.0
170.496,-2.8214608553508986,3.934317085873445,0.0
170.596,-2.836833092158955,3.904432795270312,0.0
170.696,-2.852230759089544,3.8739556885697684,0.0
170.796,-2.8675750043473336,3.8433026631416496,0.0
170.896,-2.883352254443246,3.8121262580842554,0.0
170.997,-2.8975211290168983,3.781655621218091,0.0
171.097,-2.911307940901922,3.753194948267922,0.0
171.197,-2.922533438140044,3.727849219921527,0.0
171.297,-2.933288882952793,3.701837376056968,0.0
171.397,-2.9425570480341228,3.676963132788093,0.0
171.497,-2.952612021072287,3.647188732119195,0.0
171.597,-2.963490366961543,3.615199291948855,0.0
171.697,-2.9741078949846154,3.583104050267396,0.0
171.797,-2.984708073628428,3.553780024783554,0.0
171.897,-2.9934919031168943,3.5281803196184747,0.0
171.997,-3.0018658886856944,3.5016988221352983,0.0
172.097,-3.00938680375801,3.4751629016897874,0.0
172.197,-3.016944392990079,3.44547090284821,0.0
172.297,-3.025186133779159,3.4117331694742106,0.0
172.397,-3.033264916745608,3.378594320655905,0.0
172.497,-3.041613258623931,3.345818418185104,0.0
172.597,-3.04883687386322,3.3134703047445497,0.0
172.697,-3.0571860029379154,3.2798168793504505,0.0
172.797,-3.0640911241633906,3.2470600584732563,0.0
172.897,-3.0719969591084206,3.213331884711555,0.0
172.997,-3.078460145070993,3.180295868275074,0.0
173.097,-3.08590703998534,3.1464965597854366,0.0
173.197,-3.092234428258067,3.1137226143573162,0.0
173.297,-3.0996596811226866,3.080007151689156,0.0
173.397,-3.105792396857887,3.047057575154446,0.0
173.497,-3.1126861799569907,3.013186765188337,0.0
173.597,-3.1195856304198455,2.9794771076282744,0.0
173.697,-3.1265228150614828,2.9466365768730127,0.0
173.797,-3.132870517636996,2.9135072772702775,0.0
173.897,-3.1394041460790265,2.8797959458475364,0.0
173.997,-3.1455303450396155,2.8471926571428257,0.0
174.097,-3.151957566334102,2.813699789859,0.0
174.197,-3.157984983594215,2.7806821909165484,0.0
174.297,-3.164417874513373,2.746316330593542,0.0
174.397,-3.1705995924053423,2.7129404872477543,0.0
174.497,-3.176236663631777,2.679656884407288,0.0
174.597,-3.1822289495272327,2.6455464375656685,0.0
174.697,-3.1875734238010067,2.611739395456104,0.0
174.797,-3.1930376700345846,2.5783037954729173,0.0
174.897,-3.1987528707310178,2.544842623825771,0.0
174.997,-3.204830587264969,2.510625588412757,0.0
175.097,-3.21043827123895,2.4769107498142726,0.0
175.197,-3.216503148245974,2.4427490690899636,0.0
175.297,-3.221636912748127,2.410005466850534,0.0
175.397,-3.2276408306683417,2.3755399456546487,0.0
175.497,-3.2322967440276495,2.3428850063120312,0.0
175.597,-3.237963962686242,2.3090821309561087,0.0
175.697,-3.242873440421589,2.2757182186410203,0.0
175.797,-3.248530493172223,2.2423434122571444,0.0
175.897,-3.2536808499397374,2.208349649824729,0.0
175.997,-3.2592910791539955,2.1744547346186556,0.0
176.097,-3.2646279463325625,2.140622643661451,0.0
176.197,-3.2703946046508787,2.1070866286478944,0.0
176.297,-3.2750365156019523,2.074159298749782,0.0
176.397,-3.2811910447730654,2.039733689674694,0.0
176.497,-3.2862368757768303,2.0064512478515093,0.0
176.597,-3.2921420882852517,1.9720885876060767,0.0
176.697,-3.297667727315649,1.9376186809623912,0.0
176.797,-3.303379547222775,1.9043173408088114,0.0
176.897,-3.309319526542771,1.8703004596105077,0.0
176.997,-3.315061551620188,1.8372972540177577,0.0
177.097,-3.3206490057511604,1.8042879401864866,0.0
177.197,-3.326952812578997,1.7699863410592473,0.0
177.297,-3.332795613235174,1.7360903643676426,0.0
177.397,-3.3388854434009345,1.7016676686352834,0.0
177.497,-3.344948851486496,1.6687343199226061,0.0
177.597,-3.350889758443096,1.6353061507536266,0.0
177.697,-3.3565939856309743,1.602378524979718,0.0
177.797,-3.36263108213326,1.568433463640634,0.0
177.897,-3.3684052613400945,1.5346779231954808,0.0
177.997,-3.374034776970776,1.5015123916296664,0.0
178.097,-3.3798247917443893,1.467891570533447,0.0
178.199,-3.3855596878589345,1.4337062539975622,0.0
178.299,-3.391547666611442,1.399684787336101,0.0
178.399,-3.396342443861985,1.3669794965203454,0.0
178.491,-3.4015382794968216,1.3357368370064566,0.0
178.591,-3.406681449120254,1.3025982982867086,0.0
178.691,-3.412156023927336,1.2686058068548918,0.0
178.791,-3.417147148808232,1.2355512331751803,0.0
178.891,-3.422365266797695,1.2013623590265263,0.0
178.991,-3.427430128710326,1.1681409743620688,0.0
179.091,-3.432528341514462,1.1340390561014375,0.0
179.192,-3.4375674019742557,1.0999274244610424,0.0
179.292,-3.442223566055799,1.068553986746271,0.0
179.392,-3.4457292238131707,1.0410055882458433,0.0
179.492,-3.4485998831727875,1.013204366514344,0.0
179.592,-3.450536272382379,0.9859574590964566,0.0
179.692,-3.4516516310771417,0.9578687252654323,0.0
179.792,-3.452078079645056,0.9301235189359882,0.0
179.892,-3.451586344536782,0.9022667153636236,0.0
179.992,-3.45016632674431,0.8743694168316072,0.0
180.092,-3.447951629289268,0.8472641875833107,0.0
180.192,-3.444867762078977,0.8195336511755791,0.0
180.292,-3.441072044375663,0.792050462147507,0.0
180.392,-3.4363850193185974,0.764941689961714,0.0
180.492,-3.431033226133475,0.7376586133491944,0.0
180.592,-3.4245292170594674,0.7080417146831233,0.0
180.692,-3.416698734078553,0.6754195761315253,0.0
180.792,-3.4086360110839284,0.6420431387261717,0.0
180.892,-3.4000603666764433,0.60917094362158,0.0
180.992,-3.3911825048097604,0.5759957057138426,0.0
181.092,-3.382085954365915,0.5433311609128325,0.0
181.193,-3.3724595792094303,0.5102942953682024,0.0
181.293,-3.3624897538410212,0.47740727904090935,0.0
181.393,-3.352190166338439,0.4437820849888128,0.0
181.493,-3.341736218800325,0.41059780431989035,0.0
181.593,-3.331237842311489,0.37845574001254323,0.0
181.693,-3.320432505147594,0.3460949860407963,0.0
181.793,-3.309107463526254,0.31399691478439157,0.0
181.893,-3.2975446153308168,0.2819550492326474,0.0
181.993,-3.285820083265709,0.2499752209078845,0.0
182.093,-3.2737094143167007,0.21786625801481754,0.0
182.193,-3.2613952094561687,0.18640036866467172,0.0
182.293,-3.248329993084706,0.15387415945682004,0.0
182.393,-3.235686353587296,0.12227655423490147,0.0
182.493,-3.222836742572517,0.09069029556370464,0.0
182.593,-3.2094938892866822,0.05952713996769695,0.0
182.693,-3.1955065869661143,0.027338062276914613,0.0
182.793,-3.181977298722964,-0.0031342956429612377,0.0
182.893,-3.167515570237129,-0.03511954492329534,0.0
182.993,-3.153903761629308,-0.06537081138873159,0.0
183.093,-3.1390495493883424,-0.09702417252789815,0.0
183.193,-3.124841817047865,-0.12737113867809097,0.0
183.293,-3.110012225809808,-0.15871963504982944,0.0
183.393,-3.095354741721896,-0.18851711941666685,0.0
183.493,-3.0797298695051403,-0.21927948325827434,0.0
183.593,-3.0641777942355057,-0.24926244687371454,0.0
183.693,-3.0478021391553254,-0.279665596373551,0.0
183.794,-3.03147479273844,-0.30932513378633153,0.0
183.894,-3.014857159716271,-0.3395896503467152,0.0
183.994,-2.998267557546036,-0.3682469162680135,0.0
184.094,-2.9808552870710723,-0.3979205671119094,0.0
184.194,-2.9634025764017298,-0.426837487517545,0.0
184.294,-2.9454369403346305,-0.45636818039663607,0.0
184.394,-2.9274415601109185,-0.48494129985147993,0.0
184.494,-2.909114461906844,-0.5139991973947311,0.0
184.594,-2.8906522967566697,-0.5424534858673513,0.0
184.694,-2.871794246936998,-0.571407426865869,0.0
184.794,-2.8525707833564526,-0.5997966373217025,0.0
184.894,-2.8336335242813617,-0.6279788352059351,0.0
184.994,-2.8139528512233256,-0.6557234323846189,0.0
185.094,-2.793911071781142,-0.6831299500967378,0.0
185.194,-2.773809481392137,-0.7101172467003566,0.0
185.294,-2.7526374571520975,-0.7377271239835674,0.0
185.394,-2.732016761106959,-0.7647708568288684,0.0
185.494,-2.711186706103089,-0.7916550008721791,0.0
185.594,-2.6900207199882535,-0.8187081914425476,0.0
185.694,-2.669626178343767,-0.8447047821433602,0.0
185.794,-2.6479663295815024,-0.8718631706808587,0.0
185.894,-2.626452742318489,-0.8976569355620243,0.0
185.994,-2.604240223144699,-0.9241954331049649,0.0
186.094,-2.582388542033369,-0.9492837038419456,0.0
186.194,-2.5594635639393513,-0.9750926855146134,0.0
186.294,-2.5367626267914254,-1.0002286316760833,0.0
186.394,-2.513359527619606,-1.0260427406739359,0.0
186.494,-2.490482911034931,-1.0500785450454855,0.0
186.594,-2.4663834388690704,-1.0754777710011056,0.0
186.694,-2.4430553962701893,-1.0997667922836747,0.0
186.794,-2.4189679150692345,-1.1248166918082003,0.0
186.894,-2.3954625459671246,-1.1485465982272849,0.0
186.994,-2.371354334363827,-1.1729610498371106,0.0
187.094,-2.347524554195816,-1.1965933601188479,0.0
187.194,-2.322977606898284,-1.2206136625137083,0.0
187.294,-2.298700381376117,-1.2439620540698442,0.0
187.394,-2.274050834386831,-1.267978121537498,0.0
187.494,-2.2494880304667175,-1.2910024945855458,0.0
187.594,-2.2242619427654695,-1.3148363238719945,0.0
187.694,-2.1995438992760623,-1.3378982545579807,0.0
187.794,-2.1744234988092073,-1.3614782761815059,0.0
187.894,-2.149499365272862,-1.3838698548556467,0.0
187.995,-2.12386674076635,-1.4070915162208697,0.0
188.095,-2.098177099179739,-1.4291955691569413,0.0
188.195,-2.0725390786788505,-1.4515403817207337,0.0
188.295,-2.0462842813414706,-1.473381063777735,0.0
188.395,-2.0193378334602645,-1.495821052927542,0.0
188.495,-1.9936702551681782,-1.517341510245189,0.0
188.595,-1.967375938760437,-1.5391164293263948,0.0
188.695,-1.9412797385168326,-1.5606195382899242,0.0
188.795,-1.9144765060836397,-1.5822666175910098,0.0
188.895,-1.8882087357393489,-1.6034185659577365,0.0
188.995,-1.8611165494879556,-1.625046775806029,0.0
189.095,-1.8349324097269855,-1.646123654040096,0.0
189.195,-1.808254609875885,-1.6674732428616335,0.0
189.295,-1.7819313664838898,-1.688540305365045,0.0
189.395,-1.7551782054168934,-1.7097706261216292,0.0
189.495,-1.7277313685396003,-1.731680173732604,0.0
189.595,-1.7014761503583913,-1.752473792300964,0.0
189.695,-1.674758553123419,-1.7735270857791179,0.0
189.795,-1.6477558612309982,-1.7947715243540163,0.0
189.895,-1.6204539379558618,-1.816277940804789,0.0
189.995,-1.593375977176514,-1.8363912686890036,0.0
190.095,-1.5661353993387075,-1.8575584574187345,0.0
190.195,-1.539677134747568,-1.8771765457291443,0.0
190.295,-1.512062022251736,-1.897842013457521,0.0
190.395,-1.4850879890179352,-1.9174306243068675,0.0
190.495,-1.4571874216726652,-1.9379777235100204,0.0
190.595,-1.4304892812838015,-1.9571566261777498,0.0
190.695,-1.4021820263378693,-1.9780025937509016,0.0
190.795,-1.374437942110921,-1.9974781029924664,0.0
190.895,-1.34679871683096,-2.0175124384328322,0.0
190.995,-1.31896432592828,-2.0367235625272055,0.0
191.095,-1.2908261974656134,-2.0567175781534024,0.0
191.195,-1.263083643998881,-2.0756564222950016,0.0
191.295,-1.2343435609721198,-2.095090335916518,0.0
191.395,-1.2059169352364374,-2.11515761329096,0.0
191.495,-1.1777609799600621,-2.1347160905666467,0.0
191.596,-1.1499185533461243,-2.1540105226319364,0.0
191.696,-1.122136117567866,-2.173301982900712,0.0
191.796,-1.093636880897867,-2.19350390910622,0.0
191.896,-1.0661755850231502,-2.2129204684294526,0.0
191.996,-1.0387978598217578,-2.2320577754584927,0.0
192.096,-1.010760805776723,-2.251911806247901,0.0
192.196,-0.9831108640196038,-2.2714942200013217,0.0
192.296,-0.9551437676182555,-2.290935135744526,0.0
192.396,-0.9275853878613195,-2.3103641460271804,0.0
192.496,-0.8994652588394274,-2.330007523269132,0.0
192.596,-0.87085294467912,-2.350437734534041,0.0
192.696,-0.8432325761466674,-2.369787196483206,0.0
192.796,-0.815216701957504,-2.3894883623303436,0.0
192.896,-0.7875853568633405,-2.4083564796651444,0.0
192.996,-0.7585634091929581,-2.4283214567270863,0.0
193.096,-0.7305473987913831,-2.4471105933398287,0.0
193.196,-0.7025839234299349,-2.466282447721523,0.0
193.296,-0.6746524126142286,-2.4848696306621063,0.0
193.396,-0.6458413493786253,-2.5041517720160082,0.0
193.496,-0.6176724172183888,-2.521756773185928,0.0
193.596,-0.5888718034944844,-2.540713827976469,0.0
193.696,-0.5600213910986859,-2.558621889956838,0.0
193.796,-0.5338816037034884,-2.575947645301397,0.0
193.896,-0.5108582478343696,-2.591037317222305,0.0
193.996,-0.4886519248276612,-2.606772306741776,0.0
194.096,-0.4663782342451521,-2.6235609622237193,0.0
194.197,-0.44498240147225154,-2.640712830720822,0.0
194.297,-0.4237241699979103,-2.6590763480494783,0.0
194.398,-0.4026009487897327,-2.677845432203153,0.0
194.498,-0.383039981830921,-2.6969112405834452,0.0
194.598,-0.3633923136956909,-2.7168292538595216,0.0
194.698,-0.3442979007164643,-2.737547432566213,0.0
194.798,-0.3265440576341394,-2.758252264679537,0.0
194.898,-0.30860613535226583,-2.7798280216744926,0.0
194.998,-0.2920635239167359,-2.8014204599819914,0.0
195.098,-0.2762155061958486,-2.8238796303634457,0.0
195.199,-0.260344761826561,-2.8470188708116315,0.0
195.299,-0.24598571867224378,-2.8698122428561588,0.0
195.399,-0.23208444600002923,-2.893660895125703,0.0
195.499,-0.21845493268077149,-2.917798804363352,0.0
195.599,-0.20598481081765002,-2.9421239068108305,0.0
195.699,-0.19372596125054342,-2.967134914939847,0.0
195.799,-0.18302162776544217,-2.992234653176566,0.0
195.899,-0.1725503304488836,-3.018122654188221,0.0
195.999,-0.16256499378104478,-3.0440964524551712,0.0
196.099,-0.15383641489764227,-3.0700769686213927,0.0
196.199,-0.14554919889347537,-3.0967393559992376,0.0
196.299,-0.13809498204110696,-3.123150844244987,0.0
196.399,-0.1315700213729574,-3.150464945855982,0.0
196.49,-0.12603809501014226,-3.175502722327427,0.0
196.59,-0.12190015437693937,-3.1985403006836925,0.0
196.69,-0.11980354978185521,-3.212459066966505,0.0
196.79,-0.11901702953595875,-3.2225988443817037,0.0
196.89,-0.11889207306705678,-3.2327557722277627,0.0
196.99,-0.1192503082935772,-3.247448074143688,0.0
197.09,-0.12061178111676665,-3.2711395214924055,0.0
197.19,-0.12343966646583665,-3.298271861221775,0.0
197.29,-0.12684988049658336,-3.3253933889311322,0.0
197.39,-0.13109835599143224,-3.3525818452849014,0.0
197.49,-0.1362301421736047,-3.3797056532034384,0.0
197.59,-0.14204040893678221,-3.407007114261149,0.0
197.69,-0.14856801044669307,-3.4336351353568464,0.0
197.79,-0.15578522830532116,-3.4599030351028772,0.0
197.89,-0.16419553703597803,-3.4869054248472664,0.0
197.99,-0.17334279671738653,-3.513304823115105,0.0
198.09,-0.18307965048469224,-3.5393857072769697,0.0
198.19,-0.1937252383677673,-3.5649634448105765,0.0
198.29,-0.20503456904522077,-3.5902039644837305,0.0
198.39,-0.21725563553880886,-3.615684696239492,0.0
198.49,-0.22995019351497753,-3.6400249976007837,0.0
198.59,-0.24344620910697817,-3.664367623749188,0.0
198.69,-0.2579000881389169,-3.688447140777507,0.0
198.79,-0.2725961462656073,-3.7112665677878693,0.0
198.89,-0.2881563350246769,-3.734053413886457,0.0
198.99,-0.30445996164508543,-3.7561584675650397,0.0
199.09,-0.3212494356412321,-3.7773797003842193,0.0
199.19,-0.3390669451748289,-3.7986814621600566,0.0
199.29,-0.35737197955640776,-3.8191389745908175,0.0
199.39,-0.3781814426190573,-3.8414882928402942,0.0
199.49,-0.4021895384242534,-3.8661156415992517,0.0
199.59,-0.4254322019216701,-3.8898170411544912,0.0
199.6,-0.4281497898975495,-3.8921320020296197,0.0
199.69,-0.4496805777944114,-3.9142891801855724,0.0
199.79,-0.4729713380479894,-3.9378263227505714,0.0
199.89,-0.4972784954892325,-3.962302925555823,0.0
199.9,-0.49943173791523443,-3.964973456417106,0.0
199.99,-0.5207095284204198,-3.9861829947096674,0.0
200.0,-0.5234510657054103,-3.9887111719668313,0.0
200.09,-0.5451022655854146,-4.011223081838873,0.0
200.1,-0.5471928319218593,-4.01380067376738,0.0
200.19,-0.5679663933893951,-4.034904827802503,0.0
200.2,-0.5701092903568558,-4.036844416497196,0.0
200.3,-0.5941257948102927,-4.06237977232045,0.0
200.39,-0.6153987966689156,-4.083313194560355,0.0
200.49,-0.6393277154751078,-4.107819586883738,0.0
200.59,-0.6632903459290824,-4.131947494234152,0.0
200.6,-0.6658764018559584,-4.134129479630772,0.0
200.69,-0.6868437012430221,-4.155862211420558,0.0
200.7,-0.6891693741688176,-4.158578213870901,0.0
200.79,-0.7102363141500273,-4.179059237925903,0.0
200.8,-0.7126304483052448,-4.180916364954397,0.0
200.89,-0.7344742447565739,-4.202545170531661,0.0
200.99,-0.7588143557206175,-4.225715302731173,0.0
201.09,-0.7835516062347349,-4.24936544393026,0.0
201.19,-0.8082083109553759,-4.2726140876895755,0.0
201.29,-0.8328718230394295,-4.2962959732591,0.0
201.39,-0.8580391515529396,-4.320463576918977,0.0
201.4,-0.8604145095046788,-4.323019895617555,0.0
201.49,-0.8819656505988015,-4.343943610390456,0.0
201.59,-0.9062237019541948,-4.367182820592956,0.0
201.6,-0.9085661882295322,-4.369352866382202,0.0
201.69,-0.9305717548680632,-4.390371310029108,0.0
201.79,-0.9554260479851638,-4.413470706646979,0.0
201.8,-0.9576846022625557,-4.415639384978155,0.0
201.89,-0.9801317566960033,-4.436500249168714,0.0
201.9,-0.982907003950578,-4.438716942597416,0.0
201.99,-1.0050126663077203,-4.459807901827692,0.0
202.09,-1.0297565251442033,-4.483603678918665,0.0
202.1,-1.0324115881592295,-4.485787316894134,0.0
202.19,-1.0541761522618747,-4.506942058788037,0.0
202.29,-1.0779025048587767,-4.529415954900985,0.0
202.39,-1.1029656522780453,-4.552754472336283,0.0
202.49,-1.1273778853067005,-4.575288801035423,0.0
202.59,-1.1524644292145756,-4.59840941509822,0.0
202.69,-1.177076203943185,-4.62102032459259,0.0
202.7,-1.1799202484042617,-4.623200245962399,0.0
202.79,-1.2024157275808156,-4.644414776626889,0.0
202.89,-1.2269207100864945,-4.667123238499603,0.0
202.9,-1.2296221016628288,-4.669174166745431,0.0
202.99,-1.252727898505821,-4.691228311068714,0.0
203.0,-1.2549167325666712,-4.6937802201496135,0.0
203.09,-1.2768867493734903,-4.713662515977945,0.0
203.19,-1.3019280558460598,-4.736707566894939,0.0
203.2,-1.304399706913173,-4.739334797584035,0.0
203.29,-1.326693319136747,-4.7591814099350795,0.0
203.3,-1.3296901905919971,-4.761563191529723,0.0
203.39,-1.3519330848588795,-4.781976975486011,0.0
203.49,-1.3764632390442701,-4.803695654199213,0.0
203.591,-1.4021740792212485,-4.8264812770465335,0.0
203.691,-1.4272833993706326,-4.847968537539872,0.0
203.791,-1.4538127474263856,-4.870310628575624,0.0
203.891,-1.4798853091451623,-4.892416625470781,0.0
203.991,-1.5065533277908572,-4.914781354212996,0.0
204.091,-1.5321370614161316,-4.9365462316665845,0.0
204.191,-1.558868084009469,-4.959008583164019,0.0
204.291,-1.5847384976920837,-4.981052766288856,0.0
204.391,-1.6104086284509234,-5.002469757338771,0.0
204.491,-1.6367464393502635,-5.023905788688399,0.0
204.591,-1.6629694393281471,-5.045312110294501,0.0
204.691,-1.6891300160729175,-5.066187319356552,0.0
204.791,-1.7156150371095447,-5.087715801232011,0.0
204.891,-1.7422827051499168,-5.109263870073832,0.0
204.991,-1.7689552319832351,-5.131039566562466,0.0
205.091,-1.795199310091324,-5.152841867894891,0.0
205.191,-1.8210456646966642,-5.174164031328734,0.0
205.291,-1.848221549996952,-5.196321242075837,0.0
205.391,-1.873859101138422,-5.217512503765995,0.0
205.491,-1.9003515910773598,-5.239109045929952,0.0
205.591,-1.9263273800974998,-5.260012561192218,0.0
205.691,-1.9531331510817465,-5.281713625756161,0.0
205.791,-1.9786482019992047,-5.302529396071944,0.0
205.891,-2.0057034891438343,-5.324313453559746,0.0
205.991,-2.032673991600438,-5.3460130091241345,0.0
206.091,-2.0600073974637465,-5.367940256352307,0.0
206.191,-2.086348926964977,-5.389043030364103,0.0
206.291,-2.1132499543750574,-5.410512724384647,0.0
206.391,-2.139414800970007,-5.431261692816974,0.0
206.491,-2.1666080496352853,-5.452781856621158,0.0
206.591,-2.193607799373623,-5.473873947449173,0.0
206.691,-2.2210762666640473,-5.495308098760382,0.0
206.791,-2.2479938573869362,-5.516644319827236,0.0
206.891,-2.2751692018199186,-5.53761933375272,0.0
206.991,-2.302032955465409,-5.558543779604552,0.0
207.091,-2.328760235091053,-5.57950255845093,0.0
207.191,-2.355202480651503,-5.599708814918238,0.0
207.291,-2.3822000467437774,-5.620323278642927,0.0
207.391,-2.408891974052427,-5.640707827678695,0.0
207.491,-2.436214433048825,-5.661327547136753,0.0
207.591,-2.462844404610104,-5.6814216687531225,0.0
207.691,-2.490604425446204,-5.702319154360783,0.0
207.791,-2.518120306929879,-5.723256103165812,0.0
207.891,-2.545410604442472,-5.744206926365364,0.0
207.991,-2.572299059842066,-5.764461037230181,0.0
208.091,-2.5974056072286467,-5.78343017465644,0.0
208.191,-2.6198649760064154,-5.799672593052347,0.0
208.291,-2.6427093641602877,-5.8153902497702,0.0
208.391,-2.6661499426435293,-5.8305513925776795,0.0
208.491,-2.6899032034256,-5.844994199855742,0.0
208.591,-2.7137548052737106,-5.858509082277008,0.0
208.691,-2.738441813403891,-5.871543261215036,0.0
208.792,-2.7637036730394127,-5.883872596449126,0.0
208.892,-2.7887694710961606,-5.895357507293059,0.0
208.992,-2.8142998264504833,-5.905982369410946,0.0
209.092,-2.8398485369615676,-5.91596712617003,0.0
209.192,-2.8662096672278667,-5.925307637105461,0.0
209.292,-2.895439010045984,-5.9346222670127275,0.0
209.392,-2.928145177870902,-5.944586091697799,0.0
209.492,-2.959969741003886,-5.954327681176864,0.0
209.592,-2.989483458423368,-5.963374327604659,0.0
209.692,-3.010166567800049,-5.969802066865917,0.0
209.792,-3.030232336705387,-5.976180610113804,0.0
209.892,-3.0476624208618834,-5.981613942908962,0.0
209.992,-3.060096047592528,-5.985323140781027,0.0
210.093,-3.070126169295748,-5.987704311980552,0.0
210.193,-3.080156278771312,-5.989400279642621,0.0
210.293,-3.0902706500592703,-5.990418035600767,0.0
210.393,-3.1003736963845014,-5.9909872351638365,0.0
210.493,-3.1106244215389234,-5.991181987839393,0.0
210.593,-3.121265757197276,-5.991783443463616,0.0
210.693,-3.1317876932266775,-5.993004031276629,0.0
210.793,-3.1423225826135153,-5.994968224845379,0.0
210.893,-3.1529746286345874,-5.997611257453634,0.0
210.993,-3.1635152425699893,-6.000768343269019,0.0
211.093,-3.173954536137453,-6.004069050829527,0.0
211.193,-3.18393924530439,-6.007768167560432,0.0
211.293,-3.193522826731966,-6.01212116017121,0.0
211.393,-3.199012567526759,-6.014942060651538,0.0
211.493,-3.1952269742809642,-6.0132096002333455,0.0
211.593,-3.18460768183109,-6.007028475663081,0.0
211.693,-3.1715014699810573,-5.998118763791161,0.0
211.793,-3.159303724919767,-5.987956449958399,0.0
211.893,-3.1479565493852033,-5.976646462813554,0.0
211.993,-3.1382426467540046,-5.964562321719599,0.0
212.093,-3.129470920123158,-5.951623600859734,0.0
212.193,-3.12194020142987,-5.937789155023933,0.0
212.293,-3.1157804143488734,-5.923141052313769,0.0
212.393,-3.111286406151895,-5.9082415196418046,0.0
212.493,-3.1080159031348775,-5.893135634336262,0.0
212.594,-3.106239674595664,-5.877298743894168,0.0
212.694,-3.1060382641354836,-5.861632516001926,0.0
212.794,-3.1072449741583683,-5.845674453830603,0.0
212.894,-3.110361327955085,-5.830277122022334,0.0
212.994,-3.1132469743822977,-5.8196850851739566,0.0
213.094,-3.112620010488069,-5.8196800038937395,0.0
213.194,-3.109328342518419,-5.825912875036343,0.0
213.294,-3.1041741763394333,-5.8346145971844505,0.0
213.394,-3.0983306058110713,-5.843537530974466,0.0
213.494,-3.0921281309275006,-5.851712853433768,0.0
213.594,-3.0826802842767203,-5.8627881497213465,0.0
213.694,-3.0668994281805495,-5.880287608146438,0.0
213.794,-3.0474313830873405,-5.900307647294908,0.0
213.894,-3.027766699033593,-5.919071318389322,0.0
213.994,-3.007280318548675,-5.937569418798449,0.0
214.094,-2.985745036786633,-5.9557412850760745,0.0
214.194,-2.9646047046238864,-5.972401096977708,0.0
214.294,-2.9457253169059707,-5.986542856467961,0.0
214.394,-2.934217956712828,-5.994547871141384,0.0
214.494,-2.9248334518278627,-6.000051566144542,0.0
214.594,-2.9153343272871783,-6.004975989458323,0.0
214.694,-2.9052694916135207,-6.009402085471914,0.0
214.794,-2.8953433970722924,-6.01358392716824,0.0
214.894,-2.8850082175719405,-6.017225830281685,0.0
214.994,-2.874712647129994,-6.020394130889147,0.0
215.094,-2.8647975445008855,-6.022694057949653,0.0
215.194,-2.854752236699184,-6.024383508995154,0.0
215.294,-2.84464024593826,-6.025376150789417,0.0
215.394,-2.834441345441401,-6.02576861567907,0.0
215.494,-2.8243455662156927,-6.025612378144516,0.0
215.594,-2.813972877018524,-6.0248152678455265,0.0
215.694,-2.8033551260073355,-6.023414384797634,0.0
215.794,-2.7886403899898586,-6.021377206827697,0.0
215.894,-2.7654916238154867,-6.016447336335251,0.0
215.994,-2.7385327671008683,-6.009925814013013,0.0
216.094,-2.71235981629995,-6.002931341142154,0.0
216.194,-2.685850289503009,-5.994810085400371,0.0
216.294,-2.659663968279855,-5.9858856051355716,0.0
216.394,-2.6334672425878916,-5.976395767044187,0.0
216.494,-2.6077556730043496,-5.965776970036653,0.0
216.594,-2.582463432135178,-5.954604789550036,0.0
216.694,-2.55712682886771,-5.942506079293435,0.0
216.794,-2.5326216141695475,-5.929700158777463,0.0
216.894,-2.508135243550052,-5.9160838801630895,0.0
216.994,-2.4840851096077907,-5.901707978617449,0.0
217.094,-2.4605715496351004,-5.886577587045887,0.0
217.194,-2.43761248251628,-5.870936100969949,0.0
217.294,-2.4150942251806446,-5.854161066900161,0.0
217.394,-2.3937257911947905,-5.837460185580703,0.0
217.494,-2.3723648291928834,-5.819717153916109,0.0
217.594,-2.351545703861619,-5.801303258327329,0.0
217.695,-2.3286920963515443,-5.780101079213369,0.0
217.795,-2.3051212079320136,-5.757698525952172,0.0
217.895,-2.2804768935076467,-5.733657997879396,0.0
217.995,-2.256424404566944,-5.710261166737993,0.0
218.095,-2.2317999171054637,-5.686453925195175,0.0
218.195,-2.207072879672846,-5.6626636864924675,0.0
218.295,-2.182235365152718,-5.638837351490231,0.0
218.395,-2.157351949897503,-5.615400751323088,0.0
218.495,-2.132298316619681,-5.5919049194373045,0.0
218.595,-2.1074204432299215,-5.56890517907715,0.0
218.695,-2.083131257601999,-5.545747390486417,0.0
218.795,-2.0583041562349855,-5.522401466068996,0.0
218.895,-2.03324128581982,-5.498778790568322,0.0
218.995,-2.0084403268125532,-5.476026872605301,0.0
219.095,-1.9844239695874235,-5.453483304516642,0.0
219.195,-1.95882625612339,-5.429723715026151,0.0
219.295,-1.9350423163953454,-5.407336824507625,0.0
219.395,-1.9100450273242895,-5.384067743901629,0.0
219.495,-1.8851200123644725,-5.360557555506881,0.0
219.595,-1.8601601415762807,-5.33783838136461,0.0
219.695,-1.835851681675235,-5.314797114912933,0.0
219.795,-1.810628170411027,-5.291842434836525,0.0
219.895,-1.7860162492171487,-5.2685089447744,0.0
219.995,-1.7607821864574171,-5.245738314287268,0.0
220.095,-1.7364836469557463,-5.2227506907989545,0.0
220.195,-1.711230716775293,-5.199636697558251,0.0
220.295,-1.6867941745085595,-5.176641992779328,0.0
220.395,-1.6617810954845171,-5.153792656181283,0.0
220.495,-1.638658921384387,-5.132584321849435,0.0
220.595,-1.6186238685044572,-5.113726226825851,0.0
220.695,-1.5960113014741668,-5.091319516085175,0.0
220.795,-1.5726823279713016,-5.067600834616427,0.0
220.895,-1.5489279604488448,-5.043149304728415,0.0
220.995,-1.5250883927673051,-5.018324953456981,0.0
221.095,-1.5011558122149085,-4.9931795773204435,0.0
221.195,-1.4776441980299277,-4.968706168880973,0.0
221.295,-1.4542623097837848,-4.9435224712840435,0.0
221.395,-1.4316324405469951,-4.918552330269391,0.0
221.495,-1.4085061971429782,-4.892586398279292,0.0
221.595,-1.3865776529456966,-4.867294302195599,0.0
221.695,-1.3639003884255636,-4.841274697474812,0.0
221.795,-1.3424218027010684,-4.815138374147783,0.0
221.895,-1.3200247208206821,-4.787984094544337,0.0
221.995,-1.2998026189489957,-4.761703858217912,0.0
222.095,-1.2779844443438182,-4.733828343622504,0.0
222.195,-1.2583675072996703,-4.707153283746839,0.0
222.295,-1.2378620011606776,-4.679074232840302,0.0
222.395,-1.2185064114489408,-4.651471665777757,0.0
222.495,-1.1986321285305568,-4.622767412138929,0.0
222.595,-1.1798865246584114,-4.59497098015523,0.0
222.695,-1.1606348656583507,-4.566175775828952,0.0
222.795,-1.1417563951460643,-4.538634075073324,0.0
222.895,-1.1227071062006602,-4.509558391881511,0.0
222.995,-1.1050819400550542,-4.480946573916531,0.0
223.095,-1.0867090284408498,-4.451196243784759,0.0
223.195,-1.069483526875409,-4.4220015855608565,0.0
223.295,-1.051724512944116,-4.391773361199308,0.0
223.395,-1.035105998875088,-4.362206528579081,0.0
223.495,-1.0179341027992925,-4.332004931277041,0.0
223.595,-1.0016693199585927,-4.302236502874898,0.0
223.695,-0.9848868878140936,-4.271991896179895,0.0
223.795,-0.9690277976144734,-4.242103836709363,0.0
223.895,-0.9530350811559384,-4.211494422595681,0.0
223.995,-0.9380106766908155,-4.180574933815767,0.0
224.095,-0.9227934392367383,-4.149935876031609,0.0
224.195,-0.9087824649608968,-4.119701483861838,0.0
224.295,-0.8939633167235761,-4.088311526935173,0.0
224.395,-0.8796059733846309,-4.057621863453586,0.0
224.495,-0.8653391123040854,-4.02658489173282,0.0
224.595,-0.8509225971314289,-3.9957524452858775,0.0
224.695,-0.8371333437052756,-3.9646418862198525,0.0
224.795,-0.8233869033067104,-3.932771244359459,0.0
224.895,-0.8099763548741031,-3.9015292832994013,0.0
224.995,-0.7959601165100489,-3.8690721170447357,0.0
