timestamp,x,y,z
6.491,1.9922688585347441,0.0002749166672883518,0.0
6.591,1.9922648052413576,0.0002804706621041723,0.0
6.691,1.9922611494586366,0.00029338877356283895,0.0
6.791,1.9922574936320143,0.00029842224048520685,0.0
6.891,1.992253824071508,0.0003024998895315573,0.0
6.991,1.9922571728599732,0.0003124571900290811,0.0
7.091,1.9922393267249479,0.00031571314537008036,0.0
7.191,1.9922348827022156,0.00032038289914105536,0.0
7.291,1.9922255955695567,0.00032946112749584556,0.0
7.391,1.9922308261646435,0.0003389002867133511,0.0
7.491,1.9922326641787969,0.00034720011186107816,0.0
7.591,1.9922284291117929,0.000353550840968532,0.0
7.691,1.9922304152001211,0.0003624085003483185,0.0
7.791,1.9922281465398186,0.00037084325025708484,0.0
7.891,1.9922228674183886,0.000378824496660644,0.0
7.991,1.992218159830576,0.00038257477081295,0.0
8.091,1.9922172956811957,0.0003889569681588909,0.0
8.191,1.9960409966722534,0.0003924907223144657,0.0
8.291,2.009842738355572,0.0003848983470724629,0.0
8.391,2.033445968700411,0.00037234786615449554,0.0
8.491,2.0649905566473286,0.000334805887680885,0.0
8.591,2.09796304922291,0.0003160811720016276,0.0
8.691,2.1321096277137204,0.00028469353382556105,0.0
8.791,2.165500512797008,0.0002525767084050547,0.0
8.891,2.1995514433218255,0.00022404983843722642,0.0
8.991,2.2332827310965193,0.00019253482150797255,0.0
9.091,2.2668526581191144,0.000161467662729134,0.0
9.191,2.300616189992572,0.00011084081784453957,0.0
9.291,2.3341459828754645,4.498580147343752e-05,0.0
9.391,2.3676224837097917,-4.899015307234684e-06,0.0
9.491,2.4019964190828684,-8.264028511227515e-05,0.0
9.591,2.436245442098809,-0.0001681827785858147,0.0
9.691,2.4696432839810845,-0.0002521216683929558,0.0
9.791,2.503587691915842,-0.0003421070902338791,0.0
9.891,2.536785776624576,-0.0004271743742348288,0.0
9.991,2.5710148773799175,-0.0005244633942753406,0.0
10.091,2.6044460047033207,-0.0006012514808780556,0.0
10.191,2.6388905638468545,-0.0006955387349288479,0.0
10.291,2.6724933415534697,-0.0007740295073267948,0.0
10.391,2.7067722660397675,-0.0009066342127945599,0.0
10.491,2.7365793073095133,-0.0010022023446540065,0.0
10.591,2.7577398593463442,-0.00109974719690192,0.0
10.691,2.7727524379902104,-0.001350488090603802,0.0
10.791,2.783253052071199,-0.0020945848852974873,0.0
10.891,2.7933089493569043,-0.00348758958753223,0.0
10.991,2.803327400580997,-0.0055143548135578825,0.0
11.091,2.813384061425642,-0.008235543952441962,0.0
11.191,2.8234641117352246,-0.01150432910719443,0.0
11.291,2.8334972934525946,-0.015107975600120983,0.0
11.391,2.843173575225029,-0.01889454315603623,0.0
11.491,2.8525408723947074,-0.02329739481864747,0.0
11.591,2.8613898251773504,-0.02812783293618207,0.0
11.691,2.870061114196686,-0.03346829594487416,0.0
11.791,2.878322911011015,-0.039330935240578985,0.0
11.891,2.886237268909185,-0.045750439324089204,0.0
11.991,2.8908494532385025,-0.05019309950092015,0.0
12.091,2.8880515999123393,-0.04788469561501646,0.0
12.191,2.879476133413167,-0.0395869028269059,0.0
12.291,2.868408641498871,-0.02790118331872435,0.0
12.391,2.8605345706407714,-0.01828300547634818,0.0
12.491,2.85912302974304,-0.016608062538406507,0.0
12.591,2.86214381755666,-0.02397956906033499,0.0
12.691,2.8675804750501976,-0.04054732934784376,0.0
12.791,2.873109089216358,-0.06316586150144943,0.0
12.891,2.878468960946345,-0.08982061507242599,0.0
12.991,2.8838873306749404,-0.11968271027724152,0.0
13.091,2.889522309267469,-0.1535590869679133,0.0
13.191,2.8946958256274717,-0.18654463178383823,0.0
13.291,2.900481610606148,-0.22061632957605612,0.0
13.392,2.90637390959385,-0.25384260099152506,0.0
13.492,2.912719501506466,-0.2854129982511628,0.0
13.592,2.9177595303901467,-0.31290782028687414,0.0
13.692,2.9218171754076683,-0.33937272864931844,0.0
13.792,2.925428728739902,-0.3690516745725981,0.0
13.893,2.929187882213831,-0.40283887813750063,0.0
13.993,2.9330168781882864,-0.43703201153782806,0.0
14.093,2.936618180293204,-0.4700458242695159,0.0
14.193,2.940542366604026,-0.5040653907951672,0.0
14.293,2.9442356297361703,-0.536954928144587,0.0
14.393,2.9484881330904815,-0.5711692847394693,0.0
14.493,2.9524711167202526,-0.6042082635382187,0.0
14.593,2.9566202830844657,-0.6358354880836296,0.0
14.693,2.9596905578778783,-0.66310868427506,0.0
14.793,2.9622825592121935,-0.6935028579645124,0.0
14.893,2.964395188726892,-0.7271990408831903,0.0
14.993,2.966782528122013,-0.7618277618863681,0.0
15.093,2.969077416001502,-0.7957111893180271,0.0
15.193,2.9717870613117014,-0.8303515552418663,0.0
15.293,2.97450618732847,-0.8648489744846768,0.0
15.393,2.9774915949623213,-0.8990191392807353,0.0
15.493,2.980718515256392,-0.9329526715940968,0.0
15.593,2.9838784681484443,-0.9637008605748821,0.0
15.693,2.9864494439600104,-0.9912501684075717,0.0
15.793,2.98822981895256,-1.0184788486439478,0.0
15.893,2.989516654816919,-1.0490584177811484,0.0
15.993,2.9902999986720395,-1.082988535388537,0.0
16.093,2.9912869813161964,-1.1171519714223948,0.0
16.193,2.9922624228291625,-1.151110025746305,0.0
16.293,2.9934556862527772,-1.184896485114161,0.0
16.393,2.9948471707224167,-1.2160738719770288,0.0
16.493,2.995762476405838,-1.2372367278511063,0.0
16.594,2.9962321237169327,-1.2523570904878576,0.0
16.694,2.9961935148780285,-1.2635524279589876,0.0
16.795,2.9955269321935867,-1.2744676881241281,0.0
16.895,2.9942509798060475,-1.2848309763021526,0.0
16.996,2.9923885874274925,-1.294929823400661,0.0
17.096,2.9899165547523125,-1.304862423950932,0.0
17.196,2.986744900774465,-1.314488048470193,0.0
17.296,2.983095176178576,-1.3242196201192744,0.0
17.396,2.978778575872546,-1.3338131593591471,0.0
17.496,2.9738618215790518,-1.3433393635407773,0.0
17.596,2.9687707391370854,-1.3527067157709243,0.0
17.696,2.9631990138928277,-1.3617384289204797,0.0
17.796,2.9574869661701215,-1.370072888687354,0.0
17.896,2.953797743998059,-1.3748469457348955,0.0
17.997,2.955990941623534,-1.3719608744872458,0.0
18.097,2.963808492717903,-1.3631310721143726,0.0
18.198,2.975375628447647,-1.3519041946801131,0.0
18.298000000000002,2.984349593008521,-1.344330179390143,0.0
18.398,2.9854209732244166,-1.3431798129327737,0.0
18.498,2.977190483389281,-1.3460927975081622,0.0
18.598,2.9602975521633415,-1.3523146818990524,0.0
18.698,2.937981990713691,-1.3589177456737678,0.0
18.798000000000002,2.9117127919161954,-1.3656436444167714,0.0
18.898,2.8847186629882766,-1.371674830124615,0.0
18.998,2.8576223744251075,-1.3767322615892073,0.0
19.098,2.827531434602596,-1.3817232341807706,0.0
19.198,2.7932827530071602,-1.386786080891303,0.0
19.298000000000002,2.7596232609209213,-1.3919087044352303,0.0
19.398,2.72616251350923,-1.397181545381663,0.0
19.498,2.692825028146337,-1.402347546168388,0.0
19.598,2.6590598824112437,-1.4078328878443178,0.0
19.691,2.6283353438676014,-1.4128216553185982,0.0
19.791,2.5960846736684657,-1.4181646922461066,0.0
19.891,2.569288343327362,-1.422310098913205,0.0
19.9,2.5668677282956636,-1.4228114961554168,0.0
19.991,2.5419619181838624,-1.4261264640630076,0.0
20.091,2.5121218352693186,-1.429174063428643,0.0
20.1,2.5091246316312055,-1.429574051141214,0.0
20.191,2.4785849113078124,-1.4323134242782516,0.0
20.2,2.4756481306061127,-1.4324546875909325,0.0
20.291,2.4449542642859585,-1.4353150800022931,0.0
20.391,2.4107974815566418,-1.4385705973939695,0.0
20.491,2.376384088262218,-1.4417602463444625,0.0
20.591,2.3427229452111655,-1.44506956374769,0.0
20.691,2.3088686667537917,-1.448405467668922,0.0
20.7,2.3056254655341437,-1.4487985720591572,0.0
20.791,2.2745023552315824,-1.452010105949058,0.0
20.8,2.271363417094371,-1.452248906118274,0.0
20.891,2.2411973449480325,-1.4553308727734529,0.0
20.9,2.2380918099038984,-1.4556818949474883,0.0
20.991,2.210135604775596,-1.4588486590002347,0.0
21.091,2.1823899380600236,-1.461743120272159,0.0
21.1,2.180124045482869,-1.4619061513835412,0.0
21.191,2.1544878880743705,-1.4641143636109961,0.0
21.2,2.1520682161606803,-1.4641849805272227,0.0
21.291,2.1247193990622657,-1.465606643263628,0.0
21.3,2.1219031714691976,-1.4656528644394433,0.0
21.391,2.0903948002727204,-1.4664635118145775,0.0
21.4,2.0871929471790893,-1.4667255422050185,0.0
21.491,2.0561058133975765,-1.467562864246079,0.0
21.5,2.0529176594937506,-1.4675734647831673,0.0
21.591,2.0223738690076662,-1.4684201815042721,0.0
21.6,2.0192756725736922,-1.468569037286996,0.0
21.691,1.987626660732982,-1.4696683005922917,0.0
21.791,1.9540299209272118,-1.4706926250271513,0.0
21.8,1.9509326917641836,-1.4707776695027492,0.0
21.891,1.9194291038421312,-1.4717940076409137,0.0
21.9,1.9162460557641547,-1.4717988656049263,0.0
21.991,1.8857418147951477,-1.4729693860822115,0.0
22.091,1.8514476670187898,-1.4745691539138888,0.0
22.191,1.817732695261955,-1.476647988047799,0.0
22.291,1.7832638091744761,-1.4788934528201085,0.0
22.391,1.7491584688089759,-1.4813185087551064,0.0
22.4,1.7462059322812733,-1.4815141433407137,0.0
22.491,1.7150450709530267,-1.4840173749829602,0.0
22.6,1.6808491777758308,-1.4867995977741393,0.0
22.691,1.656684616349765,-1.4886138680561518,0.0
22.7,1.654092063730373,-1.4887526374728453,0.0
22.791,1.6287974306780741,-1.490435334139942,0.0
22.891,1.5990815913122758,-1.491177819326402,0.0
22.9,1.596041083667953,-1.491162963981607,0.0
22.991,1.5650659236549949,-1.4914507472005427,0.0
23.091,1.5311054970716347,-1.4917071831040074,0.0
23.1,1.5285235769262204,-1.4917103016498532,0.0
23.191,1.4966070724374878,-1.4920995586458303,0.0
23.2,1.4933377721573318,-1.491991248194572,0.0
23.291,1.4621523130332872,-1.4927047929343247,0.0
23.3,1.4594637617127348,-1.4927662042326244,0.0
23.391,1.4280493494423934,-1.493627457201427,0.0
23.4,1.42473411207844,-1.4935217659411095,0.0
23.491,1.3936845361300838,-1.494799953494426,0.0
23.591,1.3593471830841204,-1.4960729285651388,0.0
23.691,1.3246480439618493,-1.4973720999903688,0.0
23.791,1.2908936315013138,-1.4986407815433571,0.0
23.8,1.2876863895180086,-1.498755132750317,0.0
23.891,1.2564992555892658,-1.5000551343046418,0.0
23.991,1.2224612084712456,-1.5016849824460403,0.0
24.0,1.2191648620278568,-1.501918736755142,0.0
24.091,1.187339760911663,-1.5036678182179202,0.0
24.1,1.1841879466261973,-1.5038911648422293,0.0
24.191,1.1537440756453121,-1.5054536168652048,0.0
24.291,1.11908506226638,-1.507698916405851,0.0
24.391,1.0855511661101036,-1.5095215956696564,0.0
24.491,1.0511320768969026,-1.5117631157521898,0.0
24.591,1.0179182115395558,-1.5137548874152869,0.0
24.6,1.0148132424798195,-1.5141289287284134,0.0
24.691,0.9834260969730492,-1.5162781820284035,0.0
24.791,0.9500934420909233,-1.5184404208079525,0.0
24.8,0.9470788515050421,-1.5188685724384252,0.0
24.891,0.915427962052638,-1.5210920610947305,0.0
24.991,0.8823241636942062,-1.5233936937072443,0.0
25.091,0.8478518842719409,-1.526086645073729,0.0
25.191,0.8141421039021497,-1.5286159343081478,0.0
25.2,0.8112987287781007,-1.5287463326880495,0.0
25.291,0.7793944627072381,-1.5314571286666252,0.0
25.3,0.7762474837427286,-1.5316840572231343,0.0
25.391,0.7460015438503512,-1.5339705449930934,0.0
25.491,0.7111900299067668,-1.5371254783356656,0.0
25.591,0.6775153974140247,-1.5401702515891051,0.0
25.691,0.6429262972660599,-1.543629752337172,0.0
25.791,0.6088962624867789,-1.5470462567717678,0.0
25.891,0.5750358470077086,-1.5507848976733511,0.0
25.991,0.5416648404207638,-1.5545092471591122,0.0
26.0,0.5386537371543328,-1.554840829880639,0.0
26.091,0.5074159126114568,-1.5585088205497115,0.0
26.1,0.5042677632706318,-1.55879011426273,0.0
26.191,0.4737109598143096,-1.5624282753240082,0.0
26.291,0.4399966244149698,-1.5664544165674257,0.0
26.391,0.40656262207377075,-1.570495508641136,0.0
26.4,0.40353741119814096,-1.570894376468644,0.0
26.491,0.37257066924174725,-1.5746780711900505,0.0
26.591,0.33864668439516354,-1.579092172358259,0.0
26.6,0.3359312692558508,-1.5793663040125625,0.0
26.691,0.30498388757938333,-1.5835533483279485,0.0
26.7,0.301827479364848,-1.5838839473144959,0.0
26.791,0.2713760639700054,-1.5880145319852825,0.0
26.891,0.23764948474908137,-1.592810471429877,0.0
26.991,0.20350860487839206,-1.5975466498441722,0.0
27.0,0.200342900112857,-1.598073240263218,0.0
27.091,0.16953407713430954,-1.6025449787479014,0.0
27.1,0.1662102540953969,-1.6029330754567104,0.0
27.191,0.13588955182759044,-1.6074384907740529,0.0
27.291,0.10190815254684954,-1.6126076261411832,0.0
27.3,0.09860220050069861,-1.6131107571831726,0.0
27.391,0.06758732410203126,-1.618139544603774,0.0
27.491,0.03485666822970948,-1.623341848356521,0.0
27.5,0.031728569646607974,-1.6240358158729284,0.0
27.591,0.0008703734911526511,-1.6291020010699773,0.0
27.691,-0.03223052198255789,-1.6344699853493723,0.0
27.7,-0.03534443566201436,-1.6351681108833167,0.0
27.791,-0.06611436553585799,-1.640267458704845,0.0
27.891,-0.09959673098186693,-1.6462869910685516,0.0
27.991,-0.133491454630249,-1.6523243478734428,0.0
28.091,-0.1666768705523126,-1.6583236278906954,0.0
28.1,-0.16983888170235217,-1.6590357416910626,0.0
28.191,-0.20074366142771652,-1.6645636315909538,0.0
28.291,-0.2339244392572527,-1.6706469110581939,0.0
28.391,-0.2680237910963422,-1.6771428068606624,0.0
28.491,-0.30162905220188646,-1.683656809230088,0.0
28.591,-0.3357470091338458,-1.6906308083033723,0.0
28.6,-0.3388072451947274,-1.6913600661190185,0.0
28.691,-0.36906990047784527,-1.6973687369825279,0.0
28.7,-0.37225510107733284,-1.6979879092180874,0.0
28.791,-0.40321718178603294,-1.7044793256153046,0.0
28.891,-0.4366099698710533,-1.711430117865782,0.0
28.991,-0.47021823431439486,-1.7186699927944806,0.0
29.091,-0.5029975520808517,-1.7257134710775492,0.0
29.1,-0.5058659777711372,-1.7264099715739083,0.0
29.191,-0.5366693231256735,-1.7330644313180357,0.0
29.2,-0.5397935205717843,-1.7336134659009659,0.0
29.291,-0.5701112197173142,-1.7405320890128124,0.0
29.391,-0.6033772438403958,-1.7479187437329038,0.0
29.491,-0.6362390285805821,-1.7552333721029223,0.0
29.5,-0.639249516532559,-1.7559302825037553,0.0
29.591,-0.6696402104705846,-1.762967833187152,0.0
29.691,-0.70272559728828,-1.7707343508562052,0.0
29.791,-0.7356645563295714,-1.7785262943885376,0.0
29.8,-0.7387949707555195,-1.7791945499620514,0.0
29.891,-0.7685070166416809,-1.7863986595384846,0.0
29.9,-0.7713426349930352,-1.7870681149327048,0.0
29.991,-0.8015656750742461,-1.7944769638461486,0.0
30.091,-0.8346549907677733,-1.8025814013035646,0.0
30.191,-0.8675331255644728,-1.8108375395552945,0.0
30.291,-0.900644842834712,-1.8191683007467425,0.0
30.391,-0.9335434793524003,-1.82760457462707,0.0
30.491,-0.9670180760379558,-1.8361804822025798,0.0
30.591,-0.9995493006752398,-1.8445724473605887,0.0
30.691,-1.03295586338042,-1.8532109839446076,0.0
30.791,-1.0654188160183038,-1.8616596255907008,0.0
30.891,-1.0989463616051192,-1.8704912693470486,0.0
30.991,-1.131258663311243,-1.8789401708924098,0.0
31.091,-1.1644606213559143,-1.888341870698054,0.0
31.191,-1.1969839454027975,-1.8978104941431737,0.0
31.291,-1.2303812465330586,-1.9078785146480832,0.0
31.391,-1.2623861775808138,-1.9175885004275712,0.0
31.491,-1.2953165407757654,-1.9280271988821063,0.0
31.591,-1.327448426726201,-1.9381306735552646,0.0
31.691,-1.3603603856670166,-1.9487316752840753,0.0
31.791,-1.392570757745759,-1.9589223757698253,0.0
31.891,-1.4256826963724316,-1.9698333348501949,0.0
31.991,-1.4576822745501286,-1.9802844712561134,0.0
32.091,-1.490788756635329,-1.9914395298547984,0.0
32.191,-1.5228891046790545,-2.002351591323713,0.0
32.291,-1.5554634908669904,-2.01387900722966,0.0
32.391,-1.5873618355221146,-2.024998570350759,0.0
32.491,-1.6198784780401803,-2.0368484003522065,0.0
32.591,-1.6516604172282152,-2.048036461307875,0.0
32.691,-1.6841441088894373,-2.059930331894228,0.0
32.791,-1.7162974180840638,-2.0715406686629385,0.0
32.891,-1.7484375003852521,-2.0834999644178955,0.0
32.991,-1.7798830014655695,-2.095296199001041,0.0
33.091,-1.8119590357856903,-2.1074758607917246,0.0
33.191,-1.843539553651407,-2.1194234725870706,0.0
33.291,-1.8752926641874204,-2.131889575617288,0.0
33.391,-1.9070741546900756,-2.1447740878184254,0.0
33.491,-1.9385660504344433,-2.1578937778595204,0.0
33.591,-1.9698703541139546,-2.1708339827774528,0.0
33.691,-2.0016267921312094,-2.184106765179905,0.0
33.791,-2.0335353925027007,-2.197631625892312,0.0
33.891,-2.0646428073992276,-2.210570518307346,0.0
33.991,-2.096319073088873,-2.224196805468438,0.0
34.091,-2.1270986063085475,-2.2376075979120555,0.0
34.191,-2.158753714151713,-2.2523291871567457,0.0
34.291,-2.18875491179743,-2.2668229896372663,0.0
34.391,-2.2200592443200837,-2.282692185491305,0.0
34.491,-2.249492162834359,-2.297746127006265,0.0
34.591,-2.280230285539992,-2.3146803222905175,0.0
34.691,-2.3095023933992955,-2.3309339968810474,0.0
34.791,-2.3395543443506,-2.348178395885159,0.0
34.891,-2.3683077685467087,-2.3650122982505724,0.0
34.991,-2.39810959581404,-2.383000232804924,0.0
35.091,-2.4269331538478793,-2.4002142744232864,0.0
35.191,-2.4565489834486134,-2.418510034552418,0.0
35.291,-2.4851919512188854,-2.435974978608522,0.0
35.391,-2.514628908386986,-2.454560270201394,0.0
35.491,-2.5428779977801157,-2.4724579605788115,0.0
35.591,-2.571992792344517,-2.4915728161835764,0.0
35.691,-2.5999439428153774,-2.50996672752737,0.0
35.791,-2.6283326345974216,-2.5296941619495015,0.0
35.891,-2.656186005278999,-2.5488634117079334,0.0
35.991,-2.6845726513108636,-2.568799352384345,0.0
36.091,-2.71196486172619,-2.588468111472017,0.0
36.191,-2.7399702050888446,-2.6089163706957046,0.0
36.291,-2.7674107326890036,-2.6287759629230623,0.0
36.391,-2.7949881252336053,-2.649460614307093,0.0
36.491,-2.8219555688655418,-2.6699134069997092,0.0
36.591,-2.849153121928075,-2.690995099258119,0.0
36.691,-2.8760944251408826,-2.712011855639197,0.0
36.791,-2.9028702192729092,-2.7332102961911993,0.0
36.891,-2.9296816958244305,-2.7547835589325214,0.0
36.991,-2.956125624738877,-2.776485737788558,0.0
37.091,-2.982019668432904,-2.7982777260869667,0.0
37.191,-3.008034498970122,-2.8204654632970465,0.0
37.291,-3.03429102403793,-2.843181081053883,0.0
37.391,-3.0597395791369775,-2.8652573287732226,0.0
37.491,-3.085692488347414,-2.888484240260613,0.0
37.591,-3.1104285591438137,-2.9112797675223363,0.0
37.691,-3.1355460555940984,-2.9346485135554063,0.0
37.791,-3.1604346149905185,-2.9576018030278677,0.0
37.891,-3.1857613824024216,-2.9815451647582045,0.0
37.991,-3.209799775692465,-3.004868995229959,0.0
38.091,-3.234500833649052,-3.0292796004442084,0.0
38.191,-3.2581108071729785,-3.05287742820425,0.0
38.291,-3.2823526117679567,-3.0778971887156015,0.0
38.391,-3.3054367750105174,-3.101944118065988,0.0
38.491,-3.32895052668096,-3.1278722484342696,0.0
38.591,-3.3513853759654295,-3.152828432085682,0.0
38.691,-3.374295147313818,-3.17887699686528,0.0
38.791,-3.3963326693727267,-3.2045370223639726,0.0
38.891,-3.418410385397857,-3.231465691442923,0.0
38.991,-3.4394569572103677,-3.257175918917474,0.0
39.091,-3.4607586045930896,-3.2845025227220512,0.0
39.191,-3.4813991544141745,-3.3114046361640055,0.0
39.291,-3.502211246689091,-3.3388058891665615,0.0
39.391,-3.522256067142308,-3.365456437257124,0.0
39.491,-3.5427989165460994,-3.3931445367943187,0.0
39.591,-3.562858045504765,-3.420220560505529,0.0
39.691,-3.5834010150396893,-3.4478733406435342,0.0
39.791,-3.603172312728751,-3.4749897880595446,0.0
39.891,-3.6235534097362887,-3.503536658918809,0.0
39.991,-3.643144045403554,-3.531458735837636,0.0
40.091,-3.66255741594606,-3.5598239542740333,0.0
40.191,-3.681484769909649,-3.5882093792026124,0.0
40.291,-3.6986425227249478,-3.614148121375202,0.0
40.391,-3.710420550529015,-3.6320480316164785,0.0
40.491,-3.7188977670124737,-3.6445731858159447,0.0
40.591,-3.7255927766934445,-3.6531746173571684,0.0
40.691,-3.7327631989438617,-3.6612991018404553,0.0
40.791,-3.7430876061524025,-3.672142316566523,0.0
40.891,-3.7599657919008123,-3.688670820702975,0.0
40.991,-3.7803593811585494,-3.706998919394642,0.0
41.091,-3.8014029241498695,-3.7250888367993404,0.0
41.191,-3.822847584572463,-3.7424410451545596,0.0
41.291,-3.846034805240587,-3.7601257722067025,0.0
41.391,-3.8740468283026304,-3.78052919290919,0.0
41.491,-3.900612981744194,-3.7999607674671387,0.0
41.591,-3.9285492373404085,-3.8198977769304325,0.0
41.691,-3.956170971147443,-3.839384085415646,0.0
41.791,-3.98473495313993,-3.85879089881266,0.0
41.891,-4.012912060586477,-3.8784614719352994,0.0
41.991,-4.0414405489777625,-3.8982101976064882,0.0
42.091,-4.069242768900878,-3.9173499399933034,0.0
42.191,-4.098507609388329,-3.9366627444223297,0.0
42.291,-4.12724060351027,-3.955246035802604,0.0
42.391,-4.156828611324179,-3.9738003399915423,0.0
42.491,-4.1857809182303045,-3.991292321136654,0.0
42.591,-4.215633617999863,-4.008855924595122,0.0
42.691,-4.245085886751175,-4.02564373736643,0.0
42.791,-4.274803429657341,-4.042368119289468,0.0
42.891,-4.304074854062631,-4.058855185890663,0.0
42.991,-4.334367202588647,-4.075527938357181,0.0
43.091,-4.36442042420975,-4.091625980342212,0.0
43.191,-4.394678322575612,-4.107564900787452,0.0
43.291,-4.4252119203168325,-4.123027857563781,0.0
43.391,-4.455660750778466,-4.138238553904441,0.0
43.491,-4.486372742632806,-4.152952040614701,0.0
43.591,-4.517553165450462,-4.168148856089164,0.0
43.691,-4.548731085347081,-4.183213707816212,0.0
43.791,-4.579158636266415,-4.1977981819077606,0.0
43.891,-4.609991303468451,-4.212526557312457,0.0
43.991,-4.640871167485245,-4.227080466300565,0.0
44.091,-4.672282819948446,-4.241638665687287,0.0
44.191,-4.702916026069023,-4.255762957484378,0.0
44.291,-4.734605395120422,-4.269734444511146,0.0
44.391,-4.765328715130498,-4.283150245371038,0.0
44.491,-4.797349958863749,-4.296621202026711,0.0
44.591,-4.828197195331112,-4.309313628189306,0.0
44.691,-4.860669152637661,-4.3219919025209395,0.0
44.791,-4.892077557913883,-4.334017515272711,0.0
44.891,-4.924806776874531,-4.345815024571921,0.0
44.991,-4.956442603494514,-4.357433109322034,0.0
45.091,-4.989401198297587,-4.368863818068894,0.0
45.191,-5.021716715975733,-4.379802215699219,0.0
45.291,-5.054940329730043,-4.39043769906995,0.0
45.391,-5.087572785515372,-4.4011133267704645,0.0
45.491,-5.1205565287115835,-4.4112824099753984,0.0
45.591,-5.1528339185377865,-4.421259202272009,0.0
45.691,-5.186161425165726,-4.431080564603509,0.0
45.791,-5.218886232026914,-4.4404563239409685,0.0
45.891,-5.252358836663418,-4.449516613036381,0.0
45.991,-5.285537400838535,-4.458024116693301,0.0
46.091,-5.319111937650914,-4.46623194743042,0.0
46.191,-5.349282836203067,-4.473224579279705,0.0
46.291,-5.369618971920933,-4.477908392229781,0.0
46.391,-5.384258047324255,-4.481501706396278,0.0
46.491,-5.395836752486375,-4.484671610823905,0.0
46.591,-5.407379162048375,-4.487937298195693,0.0
46.691,-5.418884212421579,-4.4913672770670585,0.0
46.791,-5.429593347354525,-4.4944534059094,0.0
46.891,-5.439595452082857,-4.496606614033411,0.0
46.991,-5.449556453975317,-4.498218204853074,0.0
47.091,-5.4596977504615145,-4.499173275176097,0.0
47.191,-5.4699417156191465,-4.4995075304479455,0.0
47.291,-5.480722124994478,-4.499259861260654,0.0
47.391,-5.491620744843306,-4.498323282459614,0.0
47.491,-5.502470773821596,-4.496950555321065,0.0
47.591,-5.517062034154631,-4.494731565581823,0.0
47.691,-5.540296601793595,-4.489583126784458,0.0
47.791,-5.567089401746607,-4.482914059593732,0.0
47.891,-5.5941513841911625,-4.475287464741371,0.0
47.991,-5.620903534434639,-4.466931964849568,0.0
48.091,-5.64880801869279,-4.457325976520328,0.0
48.191,-5.680346215553601,-4.445698294228492,0.0
48.291,-5.712708695773648,-4.433779852404464,0.0
48.391,-5.744283569221748,-4.421900417846916,0.0
48.491,-5.776073142662404,-4.410103515979961,0.0
48.591,-5.807568866731301,-4.398175202589528,0.0
48.691,-5.839350166976839,-4.3863829726351895,0.0
48.791,-5.871404488509603,-4.374243727754844,0.0
48.891,-5.903033606110618,-4.3624826267788395,0.0
48.991,-5.934967077081039,-4.350127005500661,0.0
49.091,-5.966761725754004,-4.338232221143655,0.0
49.191,-5.9986849484884885,-4.326159764108902,0.0
49.291,-6.0299014148526995,-4.314430099987362,0.0
49.391,-6.062190040974855,-4.301845373057447,0.0
49.491,-6.093906481173598,-4.289666515685515,0.0
49.591,-6.125803173172398,-4.277186390981123,0.0
49.691,-6.15726913165764,-4.265132371250894,0.0
49.791,-6.189869596748674,-4.252334901316877,0.0
49.891,-6.220787699440475,-4.24074340307587,0.0
49.991,-6.25290953046384,-4.228112352436368,0.0
50.091,-6.2844800881598495,-4.215600377715564,0.0
50.191,-6.315907461669127,-4.202980983561334,0.0
50.291,-6.34671989731215,-4.190589247393645,0.0
50.391,-6.378963918982048,-4.176864136932137,0.0
50.491,-6.409177842366433,-4.164199671984811,0.0
50.591,-6.440546886967584,-4.150476885742619,0.0
50.691,-6.4708197903879325,-4.137061507109066,0.0
50.791,-6.502003949362309,-4.122412163648995,0.0
50.891,-6.532701498811097,-4.107868727282159,0.0
50.991,-6.563236498039958,-4.093187648794936,0.0
51.091,-6.593703025705307,-4.078409915182317,0.0
51.191,-6.624880520653598,-4.06292426613344,0.0
51.291,-6.655657655554221,-4.048063967132269,0.0
51.391,-6.686121878118567,-4.033388584316269,0.0
51.491,-6.71708696415734,-4.018274581431834,0.0
51.591,-6.747544414023032,-4.003486678647151,0.0
51.691,-6.778101270205504,-3.988453475904688,0.0
51.791,-6.808441215986125,-3.973818315175933,0.0
51.891,-6.838978684052651,-3.9586884218144767,0.0
51.991,-6.869929654679146,-3.9435400735933603,0.0
52.091,-6.900358889318813,-3.9284757059363145,0.0
52.191,-6.930972500862165,-3.9132959947239385,0.0
52.291,-6.96089460922431,-3.8982088617070354,0.0
52.391,-6.991651103683368,-3.882595406560533,0.0
52.491,-7.021792294043418,-3.867106412922279,0.0
52.591,-7.052816122921376,-3.851420619837723,0.0
52.691,-7.082852832689996,-3.835910584425003,0.0
52.791,-7.112609088388873,-3.8203708915993992,0.0
52.891,-7.142825412845679,-3.804306820892875,0.0
52.991,-7.172438432324247,-3.788775345442552,0.0
53.091,-7.202872430509621,-3.7723370052072718,0.0
53.191,-7.232478940937957,-3.7565174921092943,0.0
53.291,-7.263175880850287,-3.7398731388195454,0.0
53.391,-7.292797663083029,-3.724136366870811,0.0
53.491,-7.323159664429347,-3.707704089072663,0.0
53.591,-7.353266296304029,-3.6915905325835516,0.0
53.691,-7.3829453352387855,-3.6755065549223604,0.0
53.791,-7.4123565366201625,-3.6596326694479058,0.0
53.891,-7.44289629868171,-3.6426567253767232,0.0
53.991,-7.472204524706564,-3.6268962030053062,0.0
54.091,-7.501646459176226,-3.6106247041764115,0.0
54.191,-7.5305620621541385,-3.5945558207134005,0.0
54.291,-7.560075707025451,-3.5771954084190147,0.0
54.391,-7.589460799119621,-3.5599809065211714,0.0
54.491,-7.618785198682468,-3.5425490983393484,0.0
54.591,-7.647711309630443,-3.525372384579352,0.0
54.691,-7.677299419348622,-3.507820880460929,0.0
54.791,-7.706335693465894,-3.49040094655459,0.0
54.891,-7.735765335814966,-3.4728618264943285,0.0
54.991,-7.764615156507424,-3.4554592092572016,0.0
55.091,-7.794150122804706,-3.437933550801816,0.0
55.191,-7.823158492451914,-3.4205034790084974,0.0
55.291,-7.852525515334835,-3.4032170860729956,0.0
55.391,-7.881380581720055,-3.386030228668141,0.0
55.491,-7.911091893251325,-3.3683150332604663,0.0
55.591,-7.940413257475291,-3.3506728160616417,0.0
55.691,-7.969160640820227,-3.3337264563699462,0.0
55.791,-7.998078988743855,-3.316313454581144,0.0
55.891,-8.027307033364815,-3.2986759478662053,0.0
55.991,-8.05737606396105,-3.2802184616929266,0.0
56.091,-8.086654085691725,-3.2627946583604213,0.0
56.191,-8.115689333875931,-3.2448805150558107,0.0
56.291,-8.143353737423249,-3.2280936312144233,0.0
56.391,-8.166866157067934,-3.2133904187958144,0.0
56.491,-8.189404908301377,-3.19821616781032,0.0
56.591,-8.211983938883698,-3.1821802918092366,0.0
56.691,-8.233785905942856,-3.165497681434342,0.0
56.791,-8.255226348147666,-3.148175647571369,0.0
56.891,-8.27603226359114,-3.1302315987355356,0.0
56.991,-8.296142378876718,-3.111691388325746,0.0
57.091,-8.316247998033475,-3.0923682528062373,0.0
57.191,-8.335383728944254,-3.0725091918258034,0.0
57.291,-8.354130525934723,-3.0520655397178986,0.0
57.391,-8.37253541675776,-3.0307760534357437,0.0
57.491,-8.391312169215942,-3.007602451609389,0.0
57.591,-8.412154669283359,-2.9811981995259305,0.0
57.691,-8.43301824165793,-2.9546412617176085,0.0
57.791,-8.453626283303969,-2.9283021617228617,0.0
57.891,-8.4745348972282,-2.9014548054112272,0.0
57.991,-8.495159360063356,-2.8748036158568855,0.0
58.091,-8.516049772879578,-2.847779299937219,0.0
58.191,-8.536832914413162,-2.820827181093424,0.0
58.291,-8.557836409154449,-2.793428480174793,0.0
58.391,-8.57793720145832,-2.766984489005694,0.0
58.491,-8.598565088824888,-2.739723053170065,0.0
58.591,-8.618762879463295,-2.713055779733673,0.0
58.691,-8.639431158360408,-2.685718920162758,0.0
58.791,-8.659890991139383,-2.6586638535067824,0.0
58.891,-8.680660061136201,-2.631278381381427,0.0
58.991,-8.700577051641355,-2.604815980623391,0.0
59.091,-8.721160039772915,-2.5774180881348348,0.0
59.191,-8.741196774153975,-2.550715880169003,0.0
59.291,-8.761999718922585,-2.5229456221832915,0.0
59.391,-8.782353115501314,-2.4956475778533007,0.0
59.491,-8.802945348639499,-2.467882713467852,0.0
59.591,-8.82354665529645,-2.440164290598986,0.0
59.691,-8.844342120493227,-2.412058202445669,0.0
59.791,-8.864719900874949,-2.3845504902785746,0.0
59.891,-8.885513251027932,-2.356291260999906,0.0
59.991,-8.906057541946126,-2.3284070406635426,0.0
60.091,-8.926847770514929,-2.300343352074451,0.0
60.191,-8.947055763916437,-2.272876707584993,0.0
60.291,-8.967788219085099,-2.244744827783537,0.0
60.391,-8.988212667276793,-2.2168040572118026,0.0
60.491,-9.008617992139845,-2.188923778960469,0.0
60.591,-9.028782189719582,-2.1613118087229286,0.0
60.691,-9.04935517833391,-2.133164567035302,0.0
60.791,-9.069895068059349,-2.10501563955634,0.0
60.891,-9.090210505656351,-2.077165335473199,0.0
60.991,-9.110109550804587,-2.049789488768079,0.0
61.091,-9.130173923218033,-2.022063130178102,0.0
61.191,-9.15028023087529,-1.9941972318775134,0.0
61.291,-9.16978997704778,-1.967023150574878,0.0
61.391,-9.189549548608797,-1.9395299364035803,0.0
61.491,-9.209161256724668,-1.9121273260851634,0.0
61.591,-9.229276012100092,-1.8841972095701784,0.0
61.691,-9.248460463960901,-1.857365177585089,0.0
61.791,-9.268515670922799,-1.8294705211180597,0.0
61.891,-9.287821042843165,-1.8025529494411705,0.0
61.991,-9.307674560314602,-1.7748928292572739,0.0
62.091,-9.327368550173446,-1.7473925143101317,0.0
62.191,-9.347326093164853,-1.7193398461795122,0.0
62.291,-9.36685125368172,-1.6919336580514899,0.0
62.391,-9.386750382917564,-1.6639309921936234,0.0
62.491,-9.40562534904177,-1.6372484217865224,0.0
62.591,-9.42539971820665,-1.609390196686073,0.0
62.691,-9.444260656300917,-1.582795495052882,0.0
62.791,-9.464199766359217,-1.554683187907182,0.0
62.891,-9.483170407179582,-1.527844562145403,0.0
62.991,-9.503004103912646,-1.4998271386404194,0.0
63.091,-9.522379401292604,-1.4725046923125424,0.0
63.191,-9.542272041195558,-1.4444244339415537,0.0
63.291,-9.561590215411485,-1.4172179173868586,0.0
63.391,-9.579569688916182,-1.3919067265586245,0.0
63.491,-9.591710193539313,-1.3748126332308976,0.0
63.591,-9.59986409815244,-1.3628666055196195,0.0
63.691,-9.605196630144505,-1.3538426630872609,0.0
63.791,-9.609901075887567,-1.3445802249585428,0.0
63.891,-9.616236304344957,-1.3314341281635036,0.0
63.991,-9.625582520348125,-1.309655252597742,0.0
64.091,-9.635507165053829,-1.2841572051111394,0.0
64.191,-9.644773198850745,-1.2580699330495337,0.0
64.291,-9.653258724543244,-1.2315988995492597,0.0
64.391,-9.661820300549467,-1.2027639928136098,0.0
64.491,-9.67066445807667,-1.1704217222437772,0.0
64.591,-9.68003361929526,-1.1370714489320608,0.0
64.691,-9.689047298630237,-1.1041986291306776,0.0
64.791,-9.69794465250021,-1.072075525867545,0.0
64.891,-9.707059162742812,-1.0385485958899898,0.0
64.991,-9.716674417786487,-1.0054392821176108,0.0
65.091,-9.726335528449637,-0.9724595491106514,0.0
65.191,-9.736023863338719,-0.9399662659620459,0.0
65.291,-9.746037276601056,-0.906911972887311,0.0
65.391,-9.756229758966624,-0.8735332128788608,0.0
65.491,-9.765653480121394,-0.8413154204680733,0.0
65.591,-9.775549030961075,-0.8087166890459055,0.0
65.691,-9.785617352019838,-0.7757929067683933,0.0
65.791,-9.795776660166457,-0.742729590666352,0.0
65.891,-9.805305254554517,-0.7104330169793172,0.0
65.991,-9.814959383141199,-0.678270733155126,0.0
66.091,-9.824659659757696,-0.6455832717018063,0.0
66.191,-9.834333708153364,-0.613226057384575,0.0
66.291,-9.844107932453896,-0.5805994822911263,0.0
66.391,-9.85356229491188,-0.5485326524305731,0.0
66.491,-9.86328517883281,-0.515080823564952,0.0
66.591,-9.873176465824873,-0.4822819291380583,0.0
66.691,-9.882744996449727,-0.45008506290340533,0.0
66.791,-9.892695206118123,-0.4173514847726589,0.0
66.891,-9.902747543581848,-0.38457332179276366,0.0
66.991,-9.912538171822941,-0.35179640602306866,0.0
67.091,-9.922113555069156,-0.3194181249832747,0.0
67.191,-9.931510898134437,-0.2866660541294594,0.0
67.291,-9.941147544353816,-0.254455914109072,0.0
67.391,-9.951184661262385,-0.22098899432837815,0.0
67.491,-9.96013517514275,-0.19124299869573738,0.0
67.591,-9.966269437746176,-0.17070424881252072,0.0
67.691,-9.970368999044872,-0.15627828380852646,0.0
67.791,-9.972975847309415,-0.1452752926868251,0.0
67.891,-9.97481505506283,-0.13480680307491924,0.0
67.991,-9.976202049783751,-0.12408580756763633,0.0
68.091,-9.977646912323902,-0.11323750626236431,0.0
68.191,-9.978721070441543,-0.1023270026786665,0.0
68.291,-9.979049884584368,-0.09166441465727602,0.0
68.391,-9.97863295308381,-0.07702423370261939,0.0
68.491,-9.976826219962799,-0.05267885942981994,0.0
68.591,-9.973822208658017,-0.025853383741682896,0.0
68.691,-9.969911490824757,0.0017822582284252812,0.0
68.791,-9.965221508071096,0.028507220771681066,0.0
68.891,-9.959500310316095,0.05804145303999494,0.0
68.991,-9.952615428093777,0.09043452998423622,0.0
69.091,-9.94523145098867,0.12445838074968099,0.0
69.191,-9.93819449192692,0.1576802458948867,0.0
69.291,-9.93134759305378,0.19092892597335956,0.0
69.391,-9.92449961646519,0.22452783743950602,0.0
69.491,-9.917978490394825,0.2582614699260307,0.0
69.591,-9.911647680806052,0.2917322629320369,0.0
69.691,-9.905582654514253,0.32542598119201277,0.0
69.791,-9.899959096964261,0.3595581605162875,0.0
69.891,-9.894756274974208,0.39307916873377685,0.0
69.991,-9.889917430799649,0.4272292134770934,0.0
70.091,-9.885335816222257,0.4610344114306455,0.0
70.191,-9.880872569205652,0.49534069190924324,0.0
70.291,-9.876233106812784,0.5293728440138071,0.0
70.391,-9.871690550956188,0.5638017760247902,0.0
70.491,-9.867737784994963,0.5955187521594728,0.0
70.591,-9.864539159765194,0.6249041021474001,0.0
70.691,-9.862206069017768,0.6578824361041277,0.0
70.791,-9.859556500479203,0.692592606175386,0.0
70.891,-9.8570680079794,0.7271639957147972,0.0
70.991,-9.854892192972594,0.7602989647358541,0.0
71.091,-9.852825721612941,0.7931270450343926,0.0
71.191,-9.85002557415015,0.8285546340086032,0.0
71.291,-9.847853176972638,0.8593329682572417,0.0
71.391,-9.845004824479942,0.8940797989626502,0.0
71.491,-9.842291905936063,0.9277502849364422,0.0
71.591,-9.839589377443993,0.9626336539313832,0.0
71.691,-9.836948158764221,0.9967230932347467,0.0
71.791,-9.83457568609477,1.0310804517642667,0.0
71.891,-9.832272781747127,1.0649037666993222,0.0
71.991,-9.829934793855687,1.0991548219859857,0.0
72.091,-9.827799940194685,1.132954894734484,0.0
72.191,-9.825982236116557,1.167373554663738,0.0
72.291,-9.82449014567967,1.2017779495233893,0.0
72.391,-9.823451423186322,1.23625185970007,0.0
72.491,-9.82260094739691,1.270043998676502,0.0
72.591,-9.821656408353657,1.3045398842567169,0.0
72.691,-9.820993668182055,1.3388005210706535,0.0
72.791,-9.820338987480742,1.3732029806882287,0.0
72.891,-9.820178460144032,1.4073997893017145,0.0
72.991,-9.820102218118329,1.4418649282963776,0.0
73.091,-9.82018347697983,1.4761059792648803,0.0
73.191,-9.820526630976136,1.5103729323283208,0.0
73.291,-9.821423409385178,1.5446645849845397,0.0
73.391,-9.822242047307448,1.5788320553342152,0.0
73.491,-9.823530860465347,1.6134004185385384,0.0
73.591,-9.825152960382692,1.6472176046047629,0.0
73.691,-9.82704614893458,1.6816068194714895,0.0
73.791,-9.82902372551848,1.7151128357407335,0.0
73.891,-9.83156354210904,1.7492679698769018,0.0
73.991,-9.83428410883273,1.7829419484642097,0.0
74.092,-9.837672197569445,1.8180345072921267,0.0
74.192,-9.841114980650906,1.8518024824961248,0.0
74.292,-9.844857393765517,1.886076607150638,0.0
74.392,-9.84896183657571,1.9195343961222038,0.0
74.492,-9.853872730735018,1.9536969174427758,0.0
74.592,-9.858899003258875,1.9874955737895879,0.0
74.692,-9.864544096901245,2.0219533906091844,0.0
74.792,-9.869679492897852,2.0551174152924405,0.0
74.892,-9.875384833308042,2.0890950676607996,0.0
74.992,-9.880845595669502,2.1222135153739465,0.0
75.092,-9.88740179148505,2.1561920046611207,0.0
75.192,-9.89371524783242,2.1892439808613524,0.0
75.292,-9.900679528681176,2.222993441175926,0.0
75.392,-9.907619383094536,2.2559230871564817,0.0
75.492,-9.915621057885303,2.2895363770871833,0.0
75.592,-9.92356994973269,2.322234034599094,0.0
75.692,-9.93236625127385,2.3558576972183998,0.0
75.792,-9.941037350717245,2.389111303325332,0.0
75.892,-9.949750031648579,2.422616461247651,0.0
75.992,-9.958520765893168,2.4559443133413725,0.0
76.092,-9.96743713596918,2.489086208446422,0.0
76.192,-9.976870217328674,2.521812548507711,0.0
76.292,-9.986263496289284,2.554595737904096,0.0
76.392,-9.99625195465332,2.5873570418034086,0.0
76.492,-10.00655663929306,2.619862515779246,0.0
76.592,-10.017210626978278,2.6526786135298615,0.0
76.692,-10.027843648468556,2.6855407646617278,0.0
76.792,-10.038336099742835,2.7180493817857325,0.0
76.892,-10.04896398670781,2.7501611794724017,0.0
76.992,-10.060584824998204,2.782937344750794,0.0
77.092,-10.0726415057582,2.8147019540236,0.0
77.192,-10.085025721243504,2.847244744871572,0.0
77.292,-10.096972959204326,2.878505646630274,0.0
77.392,-10.109446527768478,2.910436339805953,0.0
77.492,-10.121863429015116,2.941846566540449,0.0
77.592,-10.13452211740555,2.9739437116726415,0.0
77.692,-10.1468788350712,3.0048008770395778,0.0
77.792,-10.160735159346906,3.0375364446597732,0.0
77.892,-10.174301361363211,3.0683848590329914,0.0
77.992,-10.189083303820366,3.0999521413444273,0.0
78.092,-10.2037550603027,3.1307424739319485,0.0
78.192,-10.21900267487309,3.162241618269846,0.0
78.292,-10.233531156138875,3.1924289772949273,0.0
78.392,-10.248834103597039,3.2234921879735166,0.0
78.492,-10.26345951626101,3.253552866766125,0.0
78.592,-10.278799068842407,3.2845074295035244,0.0
78.692,-10.293918418830819,3.3148797065959013,0.0
78.792,-10.309291949412874,3.345735261706643,0.0
78.892,-10.324029834745474,3.3757865690148523,0.0
78.992,-10.339932260925478,3.4065754063997638,0.0
79.092,-10.355560798625008,3.43686671963914,0.0
79.192,-10.37139535938238,3.467815084788599,0.0
79.292,-10.386804463369861,3.4981579173885993,0.0
79.392,-10.402656498920985,3.5285004394732082,0.0
79.492,-10.418550120653226,3.5585895139629518,0.0
79.592,-10.434761542173662,3.589094342962344,0.0
79.692,-10.450895394431198,3.6193292701428392,0.0
79.792,-10.466996692818986,3.649462668690871,0.0
79.892,-10.482831914378016,3.679295510482222,0.0
79.992,-10.499411224783753,3.709137458774127,0.0
80.092,-10.516572969008465,3.7390658755548705,0.0
80.192,-10.533430098084832,3.7683656340503298,0.0
80.292,-10.55099719635271,3.798405100300142,0.0
80.392,-10.568232055069833,3.8276830249944362,0.0
80.492,-10.585446313538501,3.856902646787492,0.0
80.592,-10.602628493141097,3.8858751558412417,0.0
80.692,-10.620381107735227,3.9155466084677504,0.0
80.792,-10.637656679388764,3.9443703722717043,0.0
80.892,-10.656098918334544,3.9736701494130937,0.0
80.992,-10.674113419222033,4.002018391141951,0.0
81.092,-10.69363620822093,4.031229859956506,0.0
81.192,-10.71244830711165,4.058917854161398,0.0
81.292,-10.732450687393884,4.087314773546431,0.0
81.392,-10.751558364084108,4.114830133477397,0.0
81.492,-10.7718232016063,4.143145013765438,0.0
81.592,-10.79164143662502,4.17090076675504,0.0
81.692,-10.811745610816597,4.199146029107772,0.0
81.792,-10.831495253345356,4.226447358804361,0.0
81.892,-10.852214205131618,4.254474160258572,0.0
81.992,-10.872511989944076,4.281326632178728,0.0
82.092,-10.893801228286291,4.308570461147987,0.0
82.192,-10.914973229503142,4.334698587844083,0.0
82.292,-10.937584379645074,4.361519899267099,0.0
82.392,-10.959718298483807,4.387198605645512,0.0
82.492,-10.982800126712007,4.4133192931137195,0.0
82.592,-11.005743057278696,4.438534265204594,0.0
82.692,-11.029215177950952,4.463961429681216,0.0
82.792,-11.052153429544521,4.4889283891204785,0.0
82.892,-11.075684859537697,4.513833060164709,0.0
82.992,-11.09941501919902,4.538600760350181,0.0
83.092,-11.122875991819425,4.562927606305399,0.0
83.192,-11.146725984912958,4.587134038323232,0.0
83.292,-11.170934350405522,4.611375111083536,0.0
83.392,-11.195201895294087,4.6354953560538545,0.0
83.492,-11.219519424706755,4.659632829245285,0.0
83.592,-11.243942960925496,4.683611840594113,0.0
83.692,-11.268464491269837,4.707049160737325,0.0
83.792,-11.293787087473593,4.730296315380923,0.0
83.892,-11.31920270082402,4.75348953794643,0.0
83.992,-11.344569054628979,4.776494533946435,0.0
84.093,-11.370211952266324,4.799412722751883,0.0
84.193,-11.396775207016592,4.822320923041477,0.0
84.293,-11.422552178801515,4.844068044417248,0.0
84.393,-11.449175354569872,4.866140611927271,0.0
84.493,-11.475234240386616,4.887624451556885,0.0
84.593,-11.502195486199906,4.909231320694302,0.0
84.693,-11.528696178152835,4.9302462464530254,0.0
84.793,-11.55610916132601,4.951464102501198,0.0
84.893,-11.582747961621566,4.971662978665144,0.0
84.993,-11.610707265898426,4.992195066315674,0.0
85.093,-11.637311912204128,5.011930777963971,0.0
85.193,-11.665657826841334,5.032208413073565,0.0
85.293,-11.693189573845691,5.051919947324681,0.0
85.393,-11.721581271887349,5.07160802461762,0.0
85.493,-11.749117373778958,5.09083932728604,0.0
85.593,-11.777928705151744,5.110361806704961,0.0
85.693,-11.805680110573167,5.12925889431832,0.0
85.793,-11.834596507947108,5.148682270058768,0.0
85.893,-11.862715494457955,5.167799584636279,0.0
85.993,-11.891688809740048,5.186748666130797,0.0
86.093,-11.9199971894091,5.204735130696566,0.0
86.193,-11.949121659133331,5.222972364640041,0.0
86.293,-11.978306857225347,5.2405465952225425,0.0
86.393,-12.008471551299614,5.258122015301592,0.0
86.493,-12.0372643722518,5.2744463681503655,0.0
86.593,-12.067416643427588,5.291478722288379,0.0
86.693,-12.097331139649935,5.308045872356135,0.0
86.793,-12.127402103421666,5.324666605797745,0.0
86.893,-12.157604340562806,5.3411482149901675,0.0
86.993,-12.187773113958167,5.357156919305073,0.0
87.093,-12.216331295334113,5.37186569544912,0.0
87.193,-12.241001379336668,5.383819628426947,0.0
87.293,-12.266785532396957,5.395233909649749,0.0
87.393,-12.289076010101665,5.404386216438629,0.0
87.493,-12.302810825622432,5.409431125759626,0.0
87.593,-12.313115808818079,5.4124263843414155,0.0
87.693,-12.323864997988451,5.414837960129792,0.0
87.793,-12.334601852624687,5.416885311643044,0.0
87.893,-12.34535278179051,5.418635860337244,0.0
87.993,-12.355753789297703,5.419655366672202,0.0
88.093,-12.365956325533976,5.419998411536328,0.0
88.193,-12.380058817145272,5.419659018404804,0.0
88.293,-12.403412494268556,5.4179487242233835,0.0
88.393,-12.429957338937571,5.414924801340527,0.0
88.493,-12.454050046841324,5.411824666656377,0.0
88.593,-12.474477388989177,5.4087272511473685,0.0
88.693,-12.495363025720232,5.405363861665982,0.0
88.793,-12.516065203156531,5.40170260263277,0.0
88.893,-12.536684448747897,5.397838172114907,0.0
88.993,-12.557367916855144,5.393640266841746,0.0
89.093,-12.578008154749314,5.389240917250012,0.0
89.193,-12.598395250546112,5.384703910975137,0.0
89.293,-12.618979013908687,5.379949616835396,0.0
89.393,-12.636153163816301,5.375771445094749,0.0
89.493,-12.647592701655187,5.372474787052066,0.0
89.593,-12.657587456663967,5.368811977755193,0.0
89.693,-12.667649499625828,5.364444165333016,0.0
89.793,-12.677440454619829,5.359385828888999,0.0
89.893,-12.687012134844611,5.353887122078237,0.0
89.993,-12.696445595060927,5.348352265901066,0.0
90.093,-12.705557913380265,5.342193655453162,0.0
90.193,-12.714252183281907,5.335539739143551,0.0
90.293,-12.722552494212543,5.32838021793673,0.0
90.393,-12.730313094407437,5.321134480713976,0.0
90.493,-12.73806915867912,5.314301434785744,0.0
90.593,-12.746156084132975,5.308140911613275,0.0
90.693,-12.754703874375931,5.302580796089863,0.0
90.793,-12.763778185775664,5.2969450425723235,0.0
90.893,-12.769376191255317,5.293514529497012,0.0
90.993,-12.766208652451185,5.295527070823866,0.0
91.093,-12.755544588882612,5.300705188691301,0.0
91.193,-12.740892688795352,5.306460929379711,0.0
91.293,-12.725406240771253,5.310967470682726,0.0
91.394,-12.709686254684046,5.313986329493303,0.0
91.494,-12.693729378954789,5.315482829378818,0.0
91.594,-12.67771110122693,5.315358062509413,0.0
91.694,-12.66164350221802,5.3137022330100265,0.0
91.794,-12.645839420313699,5.310442867851553,0.0
91.894,-12.630385119450862,5.306167029159877,0.0
91.994,-12.615191152164664,5.301072621267703,0.0
92.094,-12.600593708257271,5.294700423147923,0.0
92.194,-12.58674779912736,5.286927531169416,0.0
92.294,-12.573807994692107,5.278022558940604,0.0
92.394,-12.562042047564933,5.2682043990144125,0.0
92.494,-12.553580263698093,5.259932321084091,0.0
92.594,-12.550286302896971,5.25666638775617,0.0
92.694,-12.553803173177972,5.261674824160131,0.0
92.794,-12.55917681810567,5.270806829361985,0.0
92.894,-12.563879773096838,5.280188407824347,0.0
92.994,-12.568053900994705,5.289996818383751,0.0
93.094,-12.571536813329965,5.299724111869068,0.0
93.194,-12.57449342430251,5.309713498233114,0.0
93.294,-12.57679361216554,5.3198201342110005,0.0
93.394,-12.57854294428913,5.330341394123334,0.0
93.494,-12.5795642418156,5.341178587415552,0.0
93.594,-12.580149905042989,5.35210393968844,0.0
93.694,-12.580309634850998,5.363084065016075,0.0
93.794,-12.580117682754118,5.374046380814814,0.0
93.894,-12.579286950822674,5.384876686014059,0.0
93.994,-12.578439214915798,5.39116198899704,0.0
94.094,-12.578678031320576,5.387200999135984,0.0
94.194,-12.579876044297416,5.38097975645034,0.0
94.294,-12.578089495984155,5.385267473132725,0.0
94.394,-12.57246786194008,5.398564580191283,0.0
94.494,-12.56275232816969,5.420086620630897,0.0
94.594,-12.550335120141412,5.445219066155726,0.0
94.694,-12.537233040988896,5.469750774871397,0.0
94.794,-12.523526930192713,5.493620438915924,0.0
94.894,-12.509076527211207,5.517474244855151,0.0
94.994,-12.49405856246952,5.540270493394447,0.0
95.094,-12.478119755131587,5.563056893144375,0.0
95.194,-12.461895395286058,5.584830031808247,0.0
95.294,-12.444803618670358,5.606179445400618,0.0
95.394,-12.425367936159917,5.629363296816755,0.0
95.494,-12.403228664502356,5.654795833672096,0.0
95.594,-12.381297336291768,5.68020937850523,0.0
95.694,-12.359163518249026,5.70562336633749,0.0
95.794,-12.336845655441817,5.731347768343131,0.0
95.894,-12.314081294260454,5.757100235635125,0.0
95.994,-12.291665531622964,5.78238974154528,0.0
96.094,-12.269607801625263,5.806954308574445,0.0
96.194,-12.246741341098089,5.832929909122398,0.0
96.294,-12.224560373724309,5.857976866440587,0.0
96.394,-12.201594165291684,5.883833849778274,0.0
96.494,-12.179061345302369,5.90873388426357,0.0
96.594,-12.156145195506078,5.934259495712449,0.0
96.694,-12.133517818177745,5.95943115416432,0.0
96.794,-12.110929660138476,5.984587880255388,0.0
96.894,-12.088304271529196,6.009725389956721,0.0
96.994,-12.064778292441222,6.035711640544395,0.0
97.094,-12.042524687819498,6.060096977047825,0.0
97.194,-12.019204833993017,6.085379188575158,0.0
97.294,-11.996981187887519,6.109777350333958,0.0
97.394,-11.973506234873625,6.135708672851639,0.0
97.494,-11.950942967983755,6.160310830533078,0.0
97.594,-11.927011438836523,6.185840476145346,0.0
97.694,-11.903974965529148,6.2106162509516745,0.0
97.794,-11.880881999669564,6.235123290739648,0.0
97.894,-11.858247498943003,6.259728155640757,0.0
97.994,-11.835155050326428,6.284759424515011,0.0
98.094,-11.812201939865218,6.309794651425117,0.0
98.194,-11.789290655854565,6.334370642041431,0.0
98.294,-11.76626644880514,6.359338231717688,0.0
98.394,-11.743258667571116,6.3839343220230855,0.0
98.494,-11.720276762169831,6.4088711894034605,0.0
98.594,-11.69792377996468,6.433029507223274,0.0
98.694,-11.674262413701076,6.458995133701483,0.0
98.794,-11.652250888172437,6.483038836847532,0.0
98.894,-11.62940152901865,6.508385002807955,0.0
98.994,-11.607631877276049,6.532809538419702,0.0
99.094,-11.586372254660068,6.557289143485139,0.0
99.194,-11.567559934810166,6.57780162543238,0.0
99.294,-11.546758312659996,6.59940809340346,0.0
99.394,-11.522020006827567,6.623717310401148,0.0
99.494,-11.497750328821445,6.647504524305124,0.0
99.594,-11.473207914630182,6.672040519744302,0.0
99.694,-11.44927656591265,6.695863540268312,0.0
99.794,-11.424831862594536,6.719727348678594,0.0
99.894,-11.400266049430106,6.7435414045343975,0.0
99.994,-11.375948165203129,6.766997322108128,0.0
100.094,-11.351846073488412,6.790050295589582,0.0
100.194,-11.327355569087873,6.81349385154496,0.0
100.294,-11.303021296375976,6.836435963194836,0.0
100.394,-11.278083067392304,6.859842896684527,0.0
100.494,-11.253336637190023,6.8826561110593465,0.0
100.594,-11.227991649097833,6.905887274715105,0.0
100.694,-11.202678749211753,6.928936600984257,0.0
100.794,-11.177294602899538,6.952335954756832,0.0
100.894,-11.152108399870468,6.975150022303094,0.0
100.994,-11.127131463099415,6.998186506216978,0.0
101.094,-11.101156771301197,7.021616285708897,0.0
101.194,-11.076453339103526,7.044409489108271,0.0
101.294,-11.051311731563935,7.066999082864309,0.0
101.394,-11.026653863630802,7.089371023496099,0.0
101.494,-11.000976583252887,7.112195588072979,0.0
101.594,-10.975965548519996,7.134401004300931,0.0
101.694,-10.950117023877164,7.157275079738177,0.0
101.794,-10.925478042427269,7.178998481356001,0.0
101.894,-10.899336496274522,7.201565401421064,0.0
101.994,-10.873955740681948,7.223516657933383,0.0
102.094,-10.84814085814872,7.245853300919058,0.0
102.194,-10.822182712276048,7.268617349878568,0.0
102.294,-10.796080283173623,7.29136563236232,0.0
102.394,-10.770464204473134,7.3136864077096915,0.0
102.494,-10.7444644639036,7.336556033325476,0.0
102.594,-10.719359915866361,7.358353680941154,0.0
102.694,-10.692719615037536,7.380850789438749,0.0
102.794,-10.667257356649136,7.402789781970547,0.0
102.894,-10.640518629935242,7.425361009457865,0.0
102.994,-10.615283724821543,7.446979609633679,0.0
103.094,-10.588774103711646,7.4695066651787885,0.0
103.194,-10.563559606379007,7.491310019502545,0.0
103.294,-10.536920389361558,7.513974576820187,0.0
103.394,-10.511473562063356,7.535458108587023,0.0
103.494,-10.485470213941252,7.557860394516944,0.0
103.594,-10.459805617877198,7.579570366397624,0.0
103.694,-10.433961656401287,7.601401350792251,0.0
103.794,-10.408045293387463,7.622992574585022,0.0
103.894,-10.381411431924196,7.645164809693284,0.0
103.994,-10.355331110820046,7.6668796038006946,0.0
104.094,-10.331211822718444,7.686813561613601,0.0
104.194,-10.311890993438656,7.702304315305381,0.0
104.294,-10.299625179332033,7.711606550265909,0.0
104.394,-10.290691308403698,7.717728716924965,0.0
104.494,-10.281777519112966,7.72297096341507,0.0
104.594,-10.272792088780633,7.727691201626202,0.0
104.694,-10.263447211288948,7.7318456113428695,0.0
104.794,-10.253898799369033,7.7353611228229635,0.0
104.894,-10.243683099237357,7.738454658440893,0.0
104.994,-10.233088489936755,7.74088459983677,0.0
105.094,-10.222629160925203,7.743445644929468,0.0
105.194,-10.212504449038429,7.745248423330121,0.0
105.294,-10.20244057012318,7.746425771899096,0.0
105.394,-10.192290689908916,7.746963723061899,0.0
105.494,-10.182179832358969,7.746857594994634,0.0
105.594,-10.172131710584004,7.746201984062502,0.0
105.694,-10.165980006125508,7.745416012277427,0.0
105.794,-10.169729283717375,7.745859913394888,0.0
105.894,-10.175074315502476,7.74647940703603,0.0
105.994,-10.170909137575682,7.7450468348648425,0.0
106.094,-10.157179030741867,7.740431205581312,0.0
106.194,-10.134998843025883,7.731940781690042,0.0
106.294,-10.109311358007844,7.7211837752844055,0.0
106.394,-10.084022664223832,7.709817967067469,0.0
106.494,-10.0586232212821,7.697282954585811,0.0
106.594,-10.034799074817192,7.684838271490161,0.0
106.694,-10.009908977872417,7.67086908102641,0.0
106.794,-9.985708226193509,7.65621784986073,0.0
106.894,-9.962781417798446,7.6414985664924355,0.0
106.994,-9.939555381198247,7.625454826868158,0.0
107.094,-9.917284019192751,7.609228374403376,0.0
107.194,-9.894047111334611,7.590948129408655,0.0
107.294,-9.867988015323851,7.569698148456583,0.0
107.394,-9.841074532981994,7.547520666381239,0.0
107.494,-9.814851718689052,7.526375625757183,0.0
107.594,-9.788213703040423,7.5050743147164,0.0
107.694,-9.761433054122534,7.484279110809517,0.0
107.794,-9.73428630640958,7.463345251041692,0.0
107.894,-9.709046771654307,7.4439292226497304,0.0
107.994,-9.688045000826815,7.427492285867752,0.0
108.094,-9.666592237160929,7.40999799940281,0.0
108.194,-9.643822505710295,7.39021509065014,0.0
108.294,-9.618274449134546,7.367306815145416,0.0
108.394,-9.59284849363878,7.344623998277847,0.0
108.494,-9.567602723173074,7.32239258289751,0.0
108.594,-9.541879570574503,7.299668679171659,0.0
108.694,-9.516842979167153,7.277524707934174,0.0
108.794,-9.491377631067218,7.255244356430928,0.0
108.894,-9.46571403097607,7.232889694424363,0.0
108.994,-9.44012115282047,7.210608433565703,0.0
109.094,-9.414725081011628,7.188627623465466,0.0
109.194,-9.38922653054529,7.166552774953947,0.0
109.294,-9.363308007252751,7.1444371943870575,0.0
109.394,-9.336658090581427,7.12180446093539,0.0
109.494,-9.313253293350005,7.1019866898392126,0.0
109.594,-9.2924785821076,7.083986774395334,0.0
109.694,-9.270007863512765,7.063344656240588,0.0
109.794,-9.245579983534393,7.040167374463832,0.0
109.894,-9.221223380898696,7.016788986177262,0.0
109.994,-9.19623716419222,6.992962980985874,0.0
110.094,-9.172280065763093,6.970181043481818,0.0
110.194,-9.14737343058123,6.947061526296631,0.0
110.294,-9.12278344234743,6.924305408647305,0.0
110.394,-9.097404871462413,6.900737631969061,0.0
110.494,-9.072949507261376,6.878079372911671,0.0
110.594,-9.047751708040876,6.854643721626169,0.0
110.694,-9.02325505959979,6.831561951829995,0.0
110.794,-8.998059507743434,6.807948091588103,0.0
110.894,-8.973451765842308,6.784850413476124,0.0
110.994,-8.948296568143482,6.76095443376813,0.0
111.094,-8.923533692528698,6.737314009261433,0.0
111.194,-8.899113174006729,6.713747307074342,0.0
111.294,-8.874263160132626,6.690121368468365,0.0
111.394,-8.849035429705914,6.666127312523484,0.0
111.494,-8.824555616988354,6.642596906809958,0.0
111.594,-8.799423064176779,6.618654486104351,0.0
111.694,-8.775119515617757,6.595486903900861,0.0
111.794,-8.750423205905118,6.572079587223036,0.0
111.894,-8.725060784568566,6.548137432062864,0.0
111.994,-8.70091703174308,6.524905471867983,0.0
112.094,-8.676278551922602,6.50179563043124,0.0
112.194,-8.651426768006694,6.4787402124265325,0.0
112.294,-8.626273244602004,6.455461559303278,0.0
112.394,-8.601968108902526,6.433099079903881,0.0
112.494,-8.578459004658923,6.411893783829685,0.0
112.594,-8.55868156294851,6.3934360927386145,0.0
112.694,-8.537041642786509,6.372247170512552,0.0
112.794,-8.512364060829688,6.3471786998241955,0.0
112.894,-8.488544111824494,6.323352516455552,0.0
112.994,-8.464409036406392,6.29940988451183,0.0
113.094,-8.440866721714555,6.27608860608526,0.0
113.194,-8.416680969289484,6.251488261762136,0.0
113.294,-8.392798051894044,6.227018195145813,0.0
113.394,-8.368411578849393,6.202636500247616,0.0
113.494,-8.344530024277002,6.17874380478854,0.0
113.594,-8.320004363564017,6.154439823628194,0.0
113.694,-8.296398478545232,6.130996880528882,0.0
113.794,-8.272246660367122,6.106954858860506,0.0
113.894,-8.248557077836509,6.083300796418008,0.0
113.994,-8.22469178118545,6.059589947631287,0.0
114.094,-8.201126036815918,6.0358187802382615,0.0
114.194,-8.177151562314164,6.011484787544845,0.0
114.294,-8.153658106703991,5.987214484256783,0.0
114.394,-8.129598775248793,5.962783448614968,0.0
114.494,-8.105548888347744,5.938123114551658,0.0
114.594,-8.08160580427771,5.914217385994593,0.0
114.694,-8.057901213590885,5.89055186879824,0.0
114.794,-8.033935041986373,5.86697581512123,0.0
114.894,-8.010042169515673,5.843082631244213,0.0
114.994,-7.986211789137096,5.819253344412361,0.0
115.094,-7.961922534822872,5.79471939062644,0.0
115.194,-7.9373708981601645,5.770603896006212,0.0
115.294,-7.913221452517241,5.746963249406735,0.0
115.394,-7.888792933525906,5.723173246009427,0.0
115.494,-7.864409862975394,5.699269267818661,0.0
115.594,-7.839902115856081,5.675679592785332,0.0
115.694,-7.815709921426982,5.652279513120482,0.0
115.794,-7.790995161394702,5.628483992105199,0.0
115.894,-7.766241850237035,5.604641599764383,0.0
115.994,-7.742139506165237,5.58164736548226,0.0
116.094,-7.716752048040496,5.557541269171971,0.0
116.194,-7.692520446242726,5.534881532027117,0.0
116.294,-7.666904921216508,5.51083866798309,0.0
116.394,-7.642233532863118,5.488054709913528,0.0
116.494,-7.617407082996426,5.464915056114176,0.0
116.594,-7.5928602960352585,5.441837499734941,0.0
116.694,-7.567571880030343,5.418519655683126,0.0
116.794,-7.542613970581194,5.39559560216447,0.0
116.894,-7.517095470077878,5.37253972519868,0.0
116.994,-7.492306220505164,5.350197359528142,0.0
117.094,-7.466339375099029,5.326394308376265,0.0
117.194,-7.441764155064786,5.303930872402696,0.0
117.294,-7.416168729196956,5.280624076939152,0.0
117.394,-7.391393456245473,5.258076450103142,0.0
117.494,-7.366473450365953,5.235639661601695,0.0
117.594,-7.340979479863603,5.21223346749558,0.0
117.694,-7.316257345818073,5.189970577918963,0.0
117.794,-7.290702110697808,5.1664253896232,0.0
117.894,-7.265843414452078,5.1436694728082974,0.0
117.994,-7.241281060611037,5.1207991120242875,0.0
118.094,-7.215800082086207,5.09744437359073,0.0
118.194,-7.190697970268979,5.074447175813871,0.0
118.294,-7.165837148494906,5.05167612923389,0.0
118.394,-7.140855184412039,5.028441944745699,0.0
118.494,-7.1152172888262895,5.005133810619836,0.0
118.594,-7.089985744232765,4.982483913784469,0.0
118.694,-7.0644578639837405,4.959829023965402,0.0
118.794,-7.038945772636996,4.937062443550144,0.0
118.894,-7.014134967751102,4.91491818906077,0.0
118.994,-6.988023634134457,4.891462133576349,0.0
119.094,-6.963040226473358,4.8693016237552404,0.0
119.194,-6.9374740257753675,4.846295519288744,0.0
119.294,-6.912139336385112,4.823934297058025,0.0
119.394,-6.885938139273411,4.800576333917732,0.0
119.494,-6.860748987040613,4.778249945605076,0.0
119.595,-6.834838341779798,4.755240400861324,0.0
119.695,-6.809684451349744,4.732862227223878,0.0
119.795,-6.783938895296746,4.709754016669489,0.0
119.895,-6.758604660325301,4.687453151834979,0.0
119.995,-6.732911797594564,4.66509680796693,0.0
120.095,-6.708119176371141,4.643248635414139,0.0
120.195,-6.682521540570354,4.620553449515813,0.0
120.295,-6.656751293391747,4.5974994697295894,0.0
120.395,-6.6320049990310626,4.575421559092038,0.0
120.495,-6.606890796301423,4.553039220727821,0.0
120.595,-6.5817692898010725,4.530577700216574,0.0
120.695,-6.556733887636,4.50779634264201,0.0
120.795,-6.531164348668509,4.484744026287822,0.0
120.895,-6.505534360747708,4.461849881191848,0.0
120.995,-6.4797437656215155,4.438960194973598,0.0
121.095,-6.454268861657951,4.4162801743911935,0.0
121.195,-6.429646961783708,4.394282826015514,0.0
121.295,-6.404050743927045,4.370757175659005,0.0
121.395,-6.378668933289124,4.347637819557868,0.0
121.495,-6.3536619365420615,4.324732208189258,0.0
121.595,-6.3293503220074046,4.302449753479727,0.0
121.695,-6.3043945159798245,4.278882483821216,0.0
121.795,-6.280857026657249,4.256081811960498,0.0
121.895,-6.256463917174117,4.231335696626982,0.0
121.995,-6.233428847622155,4.207544688077155,0.0
122.095,-6.209943293053193,4.182860413449359,0.0
122.195,-6.186808847509018,4.158404039002869,0.0
122.295,-6.163464838357482,4.133822915667033,0.0
122.395,-6.140294210590862,4.109660464174356,0.0
122.495,-6.116841912278405,4.085030964729524,0.0
122.595,-6.092779408819744,4.0598783747947484,0.0
122.695,-6.06927621233087,4.035518528019427,0.0
122.795,-6.04592625607429,4.010893812419309,0.0
122.895,-6.022478696120292,3.9860949290550622,0.0
122.995,-5.999372654474404,3.9618658345491515,0.0
123.095,-5.975902850249149,3.9369369382290187,0.0
123.195,-5.952407048133128,3.9120699363869336,0.0
123.295,-5.929166703835312,3.8873505138973212,0.0
123.395,-5.906251013294026,3.863020960025295,0.0
123.495,-5.882766106171834,3.83803712199044,0.0
123.595,-5.859765966598165,3.8135621185231576,0.0
123.695,-5.835563919676201,3.788409059413866,0.0
123.795,-5.81231968866979,3.7646452991207324,0.0
123.895,-5.787739215886188,3.73979548615546,0.0
123.995,-5.764028322367993,3.7159089211368688,0.0
124.095,-5.740022121169972,3.6919193276491398,0.0
124.195,-5.716386911179001,3.667889670925478,0.0
124.295,-5.6929799773775915,3.644126183927693,0.0
124.395,-5.668936852064093,3.6190490213699755,0.0
124.495,-5.645679928466909,3.5954093194345016,0.0
124.595,-5.62167178813519,3.5701218277826903,0.0
124.695,-5.598553943025821,3.545775194824895,0.0
124.795,-5.575151872990861,3.520752431406644,0.0
124.895,-5.552423109087247,3.4963869872385995,0.0
124.995,-5.528773818171124,3.4708481429728892,0.0
125.095,-5.506434297706181,3.4469784105844403,0.0
125.195,-5.4829113242657606,3.42140749756327,0.0
125.295,-5.460159313690061,3.3970473750582624,0.0
125.395,-5.437004006623152,3.372262819848449,0.0
125.495,-5.413470990987708,3.3472182066104494,0.0
125.595,-5.3900610769474,3.32222722865754,0.0
125.695,-5.366857122245644,3.2974282528086576,0.0
125.795,-5.343289515835449,3.2723829828049293,0.0
125.895,-5.32017570449526,3.2476930276323475,0.0
125.995,-5.296933399959041,3.222675986431954,0.0
126.095,-5.273639683809085,3.1977212075608548,0.0
126.195,-5.250131918696547,3.1724179732421542,0.0
126.295,-5.227214059175223,3.148021355056813,0.0
126.395,-5.203851880545387,3.12321408268512,0.0
126.495,-5.180837890559048,3.0983687356229894,0.0
126.595,-5.157719109236109,3.0732174274733035,0.0
126.695,-5.134705359901911,3.048605618139237,0.0
126.795,-5.110915019917061,3.023211160461218,0.0
126.895,-5.088320602106825,2.999256340202102,0.0
126.995,-5.064693158979792,2.9737686557242498,0.0
127.095,-5.042270991174854,2.949445161356202,0.0
127.195,-5.019195117713822,2.924511568858518,0.0
127.295,-4.996332159109035,2.899470632121041,0.0
127.395,-4.973577765491928,2.8746110506544995,0.0
127.495,-4.951019535958194,2.8496062999534177,0.0
127.595,-4.927908759728744,2.8241215295219946,0.0
127.695,-4.9053255936299,2.7991622173437554,0.0
127.795,-4.8832696669369025,2.7745184428641547,0.0
127.895,-4.860993573117351,2.7484665469504836,0.0
127.995,-4.839175557375662,2.723053342302784,0.0
128.095,-4.81710571965119,2.696965834771335,0.0
128.195,-4.794970943047325,2.671185951465816,0.0
128.295,-4.772886638577,2.645462518556477,0.0
128.395,-4.750167184116773,2.6197451084877548,0.0
128.495,-4.72824945480631,2.594453607073155,0.0
128.595,-4.7059312561302695,2.5688828886913453,0.0
128.695,-4.68307884132461,2.5424355427470657,0.0
128.795,-4.6609702173377165,2.5173384077074337,0.0
128.895,-4.638616011296382,2.4916891915809596,0.0
128.995,-4.616056368055135,2.4659208649779365,0.0
129.095,-4.593606398917259,2.440334563130983,0.0
129.195,-4.5708914086739165,2.414528980801704,0.0
129.295,-4.54850585890647,2.389018652004202,0.0
129.395,-4.526112236754364,2.363736285819153,0.0
129.495,-4.502880201115832,2.337533106560907,0.0
129.595,-4.480545777613094,2.312611887352777,0.0
129.695,-4.457785962197731,2.2871184609176147,0.0
129.795,-4.436295665040103,2.2626880115682426,0.0
129.895,-4.414179487520651,2.2370150763663306,0.0
129.995,-4.392972396354945,2.2117805972411735,0.0
130.095,-4.371242028091442,2.1852200801027037,0.0
130.195,-4.350249331317887,2.1594344052162806,0.0
130.295,-4.328518888331054,2.132796134461972,0.0
130.395,-4.307406078013563,2.1070756296573827,0.0
130.495,-4.285109357757421,2.08056582969358,0.0
130.595,-4.263568458427537,2.0546026505909025,0.0
130.695,-4.241283551364089,2.028197665883516,0.0
130.795,-4.219767762572103,2.0023959360085035,0.0
130.895,-4.19762629346983,1.9761274796365402,0.0
130.995,-4.1754547435604366,1.9500349032800943,0.0
131.095,-4.153090720647159,1.9241811838297826,0.0
131.195,-4.131066447133291,1.8984762189960893,0.0
131.295,-4.107927326514872,1.8723058131787944,0.0
131.395,-4.0856123020081565,1.8469770770200118,0.0
131.495,-4.064073341582495,1.822462095989033,0.0
131.595,-4.042155026157907,1.7963492526915252,0.0
131.695,-4.020560406453572,1.7702732788606643,0.0
131.795,-3.9988300319214583,1.7439285433849856,0.0
131.895,-3.977622802266685,1.7179642038896372,0.0
131.995,-3.95630877395956,1.6918078282186515,0.0
132.095,-3.9346074246641396,1.6652898223691563,0.0
132.195,-3.9132864177286963,1.63889952524264,0.0
132.295,-3.8918805608852485,1.6123488943293254,0.0
132.395,-3.8707018131983286,1.5860634921054035,0.0
132.495,-3.849290921192202,1.5595831778882698,0.0
132.595,-3.827372743161322,1.5324512513774466,0.0
132.695,-3.8056950095195314,1.5059811039366553,0.0
132.795,-3.784287984175547,1.4792371302844445,0.0
132.895,-3.7632527193445644,1.4529379672845624,0.0
132.995,-3.741956264958748,1.426096856180377,0.0
133.095,-3.721813860750254,1.399893441951013,0.0
133.195,-3.7014699460722293,1.3725523905166501,0.0
133.295,-3.6817834885002125,1.345885576077513,0.0
133.395,-3.6615207300065964,1.3179586179324276,0.0
133.495,-3.641802687838996,1.2912031285061067,0.0
133.595,-3.6217721160880854,1.2637417076075539,0.0
133.695,-3.602297087424312,1.23679716596742,0.0
133.795,-3.5816988171262114,1.2085063162996252,0.0
133.895,-3.5620297841963544,1.1817994731339465,0.0
133.995,-3.541694848734257,1.1541272615979945,0.0
134.095,-3.521620767600127,1.1267764912809894,0.0
134.195,-3.500903538677854,1.0988660113795332,0.0
134.295,-3.481282111348546,1.0718386871369465,0.0
134.395,-3.460638997839417,1.0437196406799198,0.0
134.495,-3.440834087681419,1.0169939083881936,0.0
134.595,-3.420520196711298,0.9894595750495748,0.0
134.695,-3.400827282859471,0.9623277012871636,0.0
134.795,-3.3808645160656132,0.9346494482607696,0.0
134.895,-3.3617603575217623,0.9074956816908802,0.0
134.995,-3.3419379843735193,0.8795791998264236,0.0
135.095,-3.3224971117314235,0.851949713329554,0.0
135.195,-3.302491481072165,0.8242835469597279,0.0
135.295,-3.2828357603158524,0.7967812760993924,0.0
135.395,-3.263290324215686,0.7691457694875724,0.0
135.495,-3.2434417614092155,0.7409378090115102,0.0
135.595,-3.224485558873069,0.7137208579064644,0.0
135.695,-3.2052768381419683,0.6857510138222197,0.0
135.795,-3.186610227727122,0.6582454036619334,0.0
135.895,-3.16730633777242,0.6296870316836066,0.0
135.995,-3.1480530634720685,0.6017571905375333,0.0
136.095,-3.128623097569416,0.573927575834525,0.0
136.195,-3.108615413879358,0.5458959958729702,0.0
136.295,-3.08909347506963,0.5183994057347645,0.0
136.395,-3.0698481081215196,0.49115699655412676,0.0
136.495,-3.050285812924461,0.4634611986945551,0.0
136.595,-3.031557217448411,0.43632404657351664,0.0
136.695,-3.0124340219945385,0.4083058133967766,0.0
136.795,-2.9935331988679956,0.3804064373267173,0.0
136.895,-2.974755897182819,0.3522796872393153,0.0
136.995,-2.956352424349098,0.32448899661751107,0.0
137.095,-2.9370778423324504,0.29588886517536805,0.0
137.195,-2.9177435770806857,0.2676512388266979,0.0
137.295,-2.8984336146893033,0.23948213018518016,0.0
137.395,-2.879873913455824,0.2118829655649553,0.0
137.495,-2.861045037868733,0.18389662750520155,0.0
137.595,-2.8427215560408166,0.15577127435396992,0.0
137.695,-2.8237506756207713,0.12713056151684296,0.0
137.795,-2.804679119722337,0.09831756237556656,0.0
137.895,-2.786064770177799,0.07031493269847895,0.0
137.995,-2.76761184314741,0.042001481848054745,0.0
138.095,-2.7495006536423645,0.014188483012169597,0.0
138.195,-2.7314879947905335,-0.01428215389686077,0.0
138.295,-2.7127869066595407,-0.043056206918206615,0.0
138.395,-2.694650017370494,-0.07102029992917602,0.0
138.495,-2.6759200657671927,-0.09928861742645499,0.0
138.595,-2.657182705325956,-0.1280938914860427,0.0
138.695,-2.6386594667817587,-0.1563414679236078,0.0
138.795,-2.619792568443943,-0.18531351416890848,0.0
138.895,-2.601432582817213,-0.21289476539487376,0.0
138.995,-2.5828529375446325,-0.24149099345361022,0.0
139.095,-2.564590016281209,-0.26993530697622076,0.0
139.195,-2.5461040433739552,-0.2991757907247409,0.0
139.295,-2.5278800940710293,-0.32804367026035286,0.0
139.395,-2.509391259572828,-0.35754593380859845,0.0
139.495,-2.4910601506371104,-0.38604112086009046,0.0
139.595,-2.4729200324674334,-0.415136472601667,0.0
139.695,-2.455684560717059,-0.4429814509388862,0.0
139.795,-2.437830275519654,-0.4722561810707196,0.0
139.895,-2.4205093270650466,-0.5006113420737272,0.0
139.995,-2.402384451769469,-0.5301605127986011,0.0
140.095,-2.385196817443996,-0.5586030132346363,0.0
140.195,-2.3676650527527614,-0.588049352252231,0.0
140.295,-2.35021717967155,-0.6173939096436722,0.0
140.395,-2.3323569831913566,-0.6473991035881987,0.0
140.495,-2.315055568547561,-0.6765720598557157,0.0
140.595,-2.2979560570441837,-0.705832547792244,0.0
140.695,-2.280604578277156,-0.7355131958779823,0.0
140.795,-2.2633482296207807,-0.7649766611947029,0.0
140.895,-2.2464843390733287,-0.7944598602141573,0.0
140.995,-2.2295267232746463,-0.824242267517723,0.0
141.095,-2.2128181236525566,-0.8540180514376103,0.0
141.195,-2.1963000602457026,-0.8836073020349516,0.0
141.295,-2.1800156860783675,-0.9129946736821297,0.0
141.395,-2.16255472074358,-0.9431019553907255,0.0
141.495,-2.14548695649409,-0.9731227975338745,0.0
141.595,-2.128713676015066,-1.0019344642513237,0.0
141.695,-2.112046145596391,-1.0315892609663098,0.0
141.795,-2.0955715054676585,-1.0606943853656323,0.0
141.895,-2.0786652172260576,-1.0914952698787321,0.0
141.995,-2.0622981558111784,-1.1210639629950607,0.0
142.095,-2.046068093586021,-1.1506278787943611,0.0
142.195,-2.0301263944629433,-1.1799199729817365,0.0
142.295,-2.013765553867426,-1.210692061790645,0.0
142.395,-1.9980711155458377,-1.2403844639220432,0.0
142.495,-1.9823089183987124,-1.2708946063368483,0.0
142.595,-1.9667675527405484,-1.3006276761589441,0.0
142.695,-1.9509039277099296,-1.3314650368083842,0.0
142.795,-1.9352597119152495,-1.3612550385935687,0.0
142.895,-1.9197972541782322,-1.3918467421136116,0.0
142.995,-1.9049868134787347,-1.421507816990888,0.0
143.095,-1.8894016908494602,-1.4524734672340192,0.0
143.195,-1.8746016592776344,-1.4824426361518246,0.0
143.295,-1.859202978113391,-1.513827863154,0.0
143.395,-1.8439485785655365,-1.5443358632432902,0.0
143.495,-1.828982108102965,-1.5751778544181212,0.0
143.595,-1.8141418314604447,-1.6058238776613207,0.0
143.695,-1.7994042607333602,-1.636864926207875,0.0
143.795,-1.7852425679085102,-1.6671252962345071,0.0
143.895,-1.770596450639781,-1.6983881670260583,0.0
143.995,-1.7561694707975632,-1.7290906675821869,0.0
144.095,-1.7416819050135317,-1.760499781346848,0.0
144.195,-1.727794933852972,-1.7913207424694912,0.0
144.295,-1.7137927018678745,-1.822947226553483,0.0
144.395,-1.7010979265310402,-1.8536401035244332,0.0
144.495,-1.6878121667669503,-1.8856375138786994,0.0
144.595,-1.6751826049509408,-1.9171530518847593,0.0
144.695,-1.6627180012667413,-1.948549993700276,0.0
144.795,-1.6504564664399515,-1.9799434714215651,0.0
144.895,-1.6382595450165771,-2.011844412583426,0.0
144.995,-1.6261715681803621,-2.0438568610871135,0.0
145.095,-1.6135791946073954,-2.076182979280542,0.0
145.195,-1.601280475246756,-2.1079553088911283,0.0
145.295,-1.5886134135735828,-2.140204259976805,0.0
145.395,-1.576117237925913,-2.1721512368578155,0.0
145.495,-1.5634513422075313,-2.204025588002682,0.0
145.595,-1.5516234493293006,-2.2362408246602845,0.0
145.695,-1.5393679570813312,-2.2689214896993053,0.0
145.795,-1.527908598883712,-2.3008579061089187,0.0
145.895,-1.5163355992682033,-2.3331255287765758,0.0
145.995,-1.504642062027356,-2.3652930288422964,0.0
146.095,-1.4927407068828393,-2.397464630784903,0.0
146.195,-1.4807395745116676,-2.4302221578148386,0.0
146.295,-1.4690798239812533,-2.461410252478908,0.0
146.395,-1.4571839929544637,-2.4943681361954777,0.0
146.495,-1.4465148914269153,-2.5255769951532403,0.0
146.595,-1.4354832112884222,-2.5587494817304663,0.0
146.695,-1.4252694221599924,-2.590521993553628,0.0
146.795,-1.4147272003582239,-2.623575544406268,0.0
146.895,-1.4048670859071113,-2.6556283087631827,0.0
146.995,-1.3944975513886861,-2.6888612750840855,0.0
147.095,-1.3844127878672399,-2.7214249566771858,0.0
147.195,-1.3743015880186913,-2.7544256188954903,0.0
147.295,-1.364384039339879,-2.786556294681496,0.0
147.395,-1.3539913167053157,-2.8194634300560346,0.0
147.495,-1.3441379142647931,-2.852037736224961,0.0
147.595,-1.3342854800246395,-2.8852752558079025,0.0
147.695,-1.3244553888917545,-2.9186863403927594,0.0
147.795,-1.3146076668825666,-2.9517824484882342,0.0
147.895,-1.3053512275781334,-2.98416106406947,0.0
147.995,-1.2959999844478856,-3.017260444170186,0.0
148.095,-1.2867892125806586,-3.050636529792017,0.0
148.195,-1.2779524913652995,-3.083613163887228,0.0
148.295,-1.268907965222083,-3.1166397141621975,0.0
148.395,-1.2596522948294564,-3.1502099266470323,0.0
148.495,-1.25112040499344,-3.183176780594302,0.0
148.595,-1.2425481410335002,-3.216412182587212,0.0
148.695,-1.2339690455223564,-3.24991092130556,0.0
148.795,-1.2255513742382973,-3.282985178128266,0.0
148.895,-1.2177163860358793,-3.316502281502149,0.0
148.995,-1.2098827605157907,-3.3492618664940514,0.0
149.095,-1.202634226645396,-3.3830090434632405,0.0
149.195,-1.195079172714876,-3.41656527297696,0.0
149.295,-1.1879565658681392,-3.449921630884074,0.0
149.395,-1.180942393583088,-3.4828210407040707,0.0
149.495,-1.1744076090288893,-3.5169841777000888,0.0
149.595,-1.1684317274356053,-3.5495840677010397,0.0
149.695,-1.162209793868188,-3.583924653944602,0.0
149.795,-1.1565341245835887,-3.616875398201431,0.0
149.895,-1.1508335116541366,-3.650756604026578,0.0
149.995,-1.145301555358356,-3.6839705211735376,0.0
150.095,-1.1394491510955453,-3.717973425575555,0.0
150.195,-1.1340979314377346,-3.751094570137269,0.0
150.295,-1.128803088582122,-3.7853386585995024,0.0
150.395,-1.1236555044489722,-3.8185357864303335,0.0
150.495,-1.1186584382184388,-3.852700509069117,0.0
150.595,-1.1142178909148492,-3.8861294449129655,0.0
150.695,-1.1098357373096641,-3.9203691744810034,0.0
150.795,-1.1062475455339706,-3.951599294598213,0.0
150.895,-1.1033633994951046,-3.97956852450323,0.0
150.995,-1.1015033089812327,-4.006908438101349,0.0
151.095,-1.1002230990581399,-4.034456080819385,0.0
151.195,-1.0998561148168342,-4.062064986383244,0.0
151.295,-1.100289713366745,-4.089900377470434,0.0
151.395,-1.1016335499728145,-4.116868311087632,0.0
151.495,-1.1036885475846214,-4.144487543894322,0.0
151.595,-1.106522802286789,-4.1717828663302,0.0
151.695,-1.1099987904892428,-4.199304265593307,0.0
151.795,-1.114443269239511,-4.226794976274936,0.0
151.895,-1.1195265772211316,-4.253688387519526,0.0
151.995,-1.1254056053028816,-4.280730683374397,0.0
152.095,-1.132069776481268,-4.30777485806622,0.0
152.195,-1.1393967893210188,-4.334459113406908,0.0
152.295,-1.1475748318971475,-4.3609612795643775,0.0
152.395,-1.1566545799748769,-4.387126310426819,0.0
152.495,-1.1664489845394026,-4.413364259227646,0.0
152.595,-1.1771900103158703,-4.43904606097045,0.0
152.695,-1.1880309516447358,-4.463560931671866,0.0
152.795,-1.2002259461292377,-4.488746526506065,0.0
152.895,-1.2128927465722277,-4.513186368571886,0.0
152.995,-1.2262055621445416,-4.537388961015189,0.0
153.095,-1.2405712617510323,-4.5612794789171325,0.0
153.195,-1.254989758825111,-4.584055812674783,0.0
153.295,-1.2705658139576672,-4.60694404678849,0.0
153.395,-1.287051980271335,-4.629554293227897,0.0
153.495,-1.3049133226875589,-4.653001935529758,0.0
153.595,-1.326077835368166,-4.679538090649977,0.0
153.695,-1.34761233257243,-4.706681406228937,0.0
153.795,-1.3681946654994208,-4.732727784617105,0.0
153.895,-1.3899413314842255,-4.760391483930342,0.0
153.995,-1.410843294413952,-4.7868163661556915,0.0
154.095,-1.4322895037436056,-4.8138644288904056,0.0
154.195,-1.4532618968416566,-4.8402681384403845,0.0
154.295,-1.4748307122133526,-4.866978666097538,0.0
154.395,-1.4958653552637957,-4.892992963080366,0.0
154.495,-1.517351758545791,-4.920046617725176,0.0
154.595,-1.536707946172945,-4.944466954631094,0.0
154.695,-1.5541737238922981,-4.965512511206201,0.0
154.795,-1.5737093974744047,-4.98813532899246,0.0
154.895,-1.5969091833368751,-5.014124821753813,0.0
154.995,-1.6192450184472595,-5.03947225938777,0.0
155.095,-1.6421517029757497,-5.06496412331726,0.0
155.195,-1.6648513636199977,-5.090646433382876,0.0
155.295,-1.6880274584025698,-5.116286824470618,0.0
155.395,-1.7109551084135617,-5.141782160622338,0.0
155.495,-1.73406306801549,-5.167482021194716,0.0
155.595,-1.7565625256162087,-5.192336485792997,0.0
155.695,-1.7795432702012879,-5.217493030426731,0.0
155.795,-1.8026246073977188,-5.243232669140846,0.0
155.895,-1.8252644426224218,-5.268313212807721,0.0
155.995,-1.8478996384597786,-5.2932647430989865,0.0
156.095,-1.8712691718551866,-5.318669899839058,0.0
156.195,-1.8939013991358709,-5.343640051583944,0.0
156.295,-1.9172367438310045,-5.368952329557338,0.0
156.395,-1.939931309442174,-5.393652157676674,0.0
156.495,-1.9635203754747512,-5.419104300095434,0.0
156.595,-1.9859283991594758,-5.4437565083648565,0.0
156.695,-2.0094179866636357,-5.46920497622571,0.0
156.795,-2.031822665314744,-5.49389462261015,0.0
156.895,-2.054658230984051,-5.51903055129993,0.0
156.995,-2.0768818959889748,-5.543655789034901,0.0
157.095,-2.1005681575752737,-5.5694895900759445,0.0
157.195,-2.123764159284862,-5.595162865303595,0.0
157.295,-2.147313532514319,-5.620491675174672,0.0
157.395,-2.170356289977795,-5.6453238771302106,0.0
157.495,-2.1935150463495896,-5.670792112269442,0.0
157.595,-2.2166877103974656,-5.696254518190079,0.0
157.695,-2.237846692902214,-5.71971564221838,0.0
157.795,-2.256126369519089,-5.73914777965609,0.0
157.895,-2.275566327765879,-5.758696811630124,0.0
157.995,-2.2953720208607695,-5.777489462791396,0.0
158.095,-2.316110308815638,-5.795645643005633,0.0
158.195,-2.3368614215501213,-5.813073959375487,0.0
158.295,-2.3584287319210184,-5.830022501847989,0.0
158.395,-2.380594190242443,-5.84656699327236,0.0
158.495,-2.403298594876479,-5.862547197894532,0.0
158.595,-2.4263897421698797,-5.877641148413111,0.0
158.695,-2.450035216895271,-5.892243404849063,0.0
158.795,-2.4740236373277726,-5.906010316589006,0.0
158.895,-2.498704785992996,-5.919061625150914,0.0
158.995,-2.5236414949035786,-5.931495077696014,0.0
159.095,-2.5488224595328397,-5.943035114229656,0.0
159.195,-2.5743603984531642,-5.953904524911018,0.0
159.295,-2.600121886456652,-5.963987238929741,0.0
159.395,-2.6261531077198565,-5.973202233430862,0.0
159.495,-2.652279370258579,-5.981702097579462,0.0
159.595,-2.678594478050774,-5.9892977878202425,0.0
159.695,-2.7054010493735072,-5.996239080601288,0.0
159.795,-2.7317745956690547,-6.002297978796908,0.0
159.895,-2.761211886756251,-6.008083939556232,0.0
159.995,-2.7950564893987933,-6.014252071405732,0.0
160.095,-2.828099326605874,-6.019913374033062,0.0
160.195,-2.8619517440259257,-6.025917716064593,0.0
160.295,-2.894796211664304,-6.032188461506391,0.0
160.395,-2.9254582035723815,-6.038553141420826,0.0
160.495,-2.9530184087733202,-6.044226022691741,0.0
160.595,-2.9800400101907676,-6.048760161461385,0.0
160.695,-3.0074978677336306,-6.053007866785727,0.0
160.795,-3.034729339682291,-6.057725528796078,0.0
160.895,-3.058239405428337,-6.06231804978455,0.0
160.995,-3.075752926523616,-6.065797278361925,0.0
161.095,-3.08877722463436,-6.068176862014977,0.0
161.195,-3.099381221586405,-6.069662649448485,0.0
161.295,-3.110033216634464,-6.07041926599759,0.0
161.395,-3.1205425917506413,-6.0704994509147445,0.0
161.495,-3.130680831486635,-6.070070867144051,0.0
161.595,-3.140713965225211,-6.0689859202621355,0.0
161.695,-3.150671922800855,-6.0672493111913965,0.0
161.795,-3.1608297024280474,-6.064828254172118,0.0
161.895,-3.171144308903858,-6.061718820478369,0.0
161.995,-3.1812777163085664,-6.05828065809267,0.0
162.095,-3.1913010227057463,-6.054692850356926,0.0
162.195,-3.2008141223638455,-6.050592828925009,0.0
162.295,-3.210074119782853,-6.045884152180378,0.0
162.395,-3.2153234702877267,-6.042852169181986,0.0
162.495,-3.2120716246010264,-6.044531127878837,0.0
162.595,-3.2019864541363687,-6.051104559080579,0.0
162.695,-3.189677995366731,-6.0604086927104275,0.0
162.795,-3.17846035565573,-6.070835846529134,0.0
162.895,-3.1709271121557965,-6.078613899975778,0.0
162.995,-3.170219652311628,-6.078846126285793,0.0
163.095,-3.1744191501768904,-6.0700203718353,0.0
163.195,-3.181690798120408,-6.0525035294323635,0.0
163.295,-3.19007491085518,-6.029661140748001,0.0
163.395,-3.198679462501899,-6.0029833453868795,0.0
163.495,-3.206296310326941,-5.97624215617043,0.0
163.595,-3.2134434534578995,-5.949087085530563,0.0
163.695,-3.220218959632175,-5.919417285033937,0.0
163.795,-3.2274478313191803,-5.886102657787863,0.0
163.895,-3.234871109201634,-5.852682155397985,0.0
163.995,-3.2421696510436915,-5.820159947356497,0.0
164.095,-3.2497026791843306,-5.7889190413747595,0.0
164.195,-3.2556970575941295,-5.761936465606031,0.0
164.295,-3.260698881060414,-5.7356386551886,0.0
164.395,-3.265381174013924,-5.706545925776835,0.0
164.495,-3.2705116217142733,-5.672759559691046,0.0
164.595,-3.275927446952702,-5.638499994743787,0.0
164.695,-3.281190668009725,-5.6052315288264145,0.0
164.795,-3.2867755423845573,-5.571212020616236,0.0
164.895,-3.29163167192711,-5.540705611298344,0.0
164.995,-3.295683947552051,-5.513089162070994,0.0
165.095,-3.299298514460771,-5.482629588287041,0.0
165.195,-3.302770249554851,-5.448695387917598,0.0
165.295,-3.3060946599011523,-5.414797984333804,0.0
165.395,-3.309926099772155,-5.3800945990404285,0.0
165.495,-3.3133365416057585,-5.346383536208113,0.0
165.595,-3.3172596628401974,-5.3121386145547325,0.0
165.695,-3.321062084339635,-5.278980104272576,0.0
165.795,-3.325166233106654,-5.244472159843239,0.0
165.895,-3.3292881014831037,-5.2111714116379515,0.0
165.995,-3.3334473271845564,-5.1769540550672195,0.0
166.095,-3.337739736723731,-5.143912574280248,0.0
166.195,-3.342539715321419,-5.110268527198486,0.0
166.295,-3.3476033805694985,-5.076381086691675,0.0
166.395,-3.352816047178138,-5.042585484702474,0.0
166.495,-3.358124738613083,-5.009094022749515,0.0
166.595,-3.363598860910753,-4.976346518587779,0.0
166.695,-3.3698834585563655,-4.94191399151751,0.0
166.795,-3.376173688353862,-4.909150777692597,0.0
166.895,-3.3830723101420705,-4.875554253370641,0.0
166.995,-3.390054758676159,-4.842325367958432,0.0
167.095,-3.3973304753456066,-4.8085880551102385,0.0
167.195,-3.4044401520312673,-4.775562429308369,0.0
167.295,-3.41213716500791,-4.741405115755538,0.0
167.395,-3.4190479162976355,-4.708745567487604,0.0
167.495,-3.4269792181306995,-4.674914961347466,0.0
167.595,-3.4343887168424763,-4.642358504225893,0.0
167.695,-3.4422674672605256,-4.609055458657358,0.0
167.795,-3.449986526167897,-4.577024887354331,0.0
167.895,-3.458569207963401,-4.543853061345951,0.0
167.995,-3.4670354144230364,-4.512053664252933,0.0
168.095,-3.476664217879191,-4.478502054386906,0.0
168.195,-3.485780655488579,-4.446524129841029,0.0
168.295,-3.495707373600403,-4.413342793839758,0.0
168.395,-3.504970537524615,-4.381989786183013,0.0
168.495,-3.515760163005791,-4.348233017974738,0.0
168.595,-3.525723382660721,-4.316475102516806,0.0
168.695,-3.5363139453879353,-4.2835382234499875,0.0
168.795,-3.5465667453845,-4.251473575618112,0.0
168.895,-3.5572804945568306,-4.218886513950823,0.0
168.995,-3.5680790187827967,-4.186292824699013,0.0
169.095,-3.5788578225402583,-4.154409013670552,0.0
169.195,-3.589760222036747,-4.122849484884419,0.0
169.295,-3.601689943460142,-4.090181342257594,0.0
169.395,-3.612932020727177,-4.0587019525538075,0.0
169.495,-3.624774110775789,-4.026145508718295,0.0
169.595,-3.6368128360147174,-3.993540263183213,0.0
169.695,-3.6484767221403365,-3.961488208315151,0.0
169.795,-3.6605117734848687,-3.929376057854261,0.0
169.895,-3.6725788505984074,-3.897693701467411,0.0
169.996,-3.684827067073375,-3.8656326748920007,0.0
170.096,-3.6970408062623608,-3.83394862609482,0.0
170.196,-3.7094500916816955,-3.8024299197553404,0.0
170.296,-3.721725147618819,-3.77094748681021,0.0
170.396,-3.7345640657339505,-3.7393975962143897,0.0
170.496,-3.747410078453278,-3.707292368677625,0.0
170.596,-3.7603675610954115,-3.6756557986069023,0.0
170.696,-3.7729001161671696,-3.6449883680016235,0.0
170.796,-3.786145373892903,-3.6138826574590786,0.0
170.896,-3.799462697934478,-3.5834074843292054,0.0
170.996,-3.813991620608326,-3.551986642854257,0.0
171.096,-3.8277598578856193,-3.5218069659728215,0.0
171.196,-3.84210023470631,-3.491009889577352,0.0
171.296,-3.8564476927600895,-3.460347675949408,0.0
171.396,-3.8711576016085547,-3.429264883068912,0.0
171.496,-3.8855406303574997,-3.3989932647084142,0.0
171.596,-3.9003084001569457,-3.368179923558129,0.0
171.696,-3.915093238109801,-3.337566512268871,0.0
171.796,-3.930107668507908,-3.306783792331042,0.0
171.896,-3.9453948224984443,-3.2754365648246777,0.0
171.996,-3.960215993620531,-3.2449783897813202,0.0
172.096,-3.975564036796689,-3.2139126640747784,0.0
172.196,-3.9902958492235974,-3.183371438097566,0.0
172.296,-4.004802458349844,-3.1536958058875535,0.0
172.396,-4.020186503666786,-3.12312630343603,0.0
172.496,-4.035943352367567,-3.0929614447630933,0.0
172.596,-4.051529314634494,-3.0632660958520903,0.0
172.696,-4.067550404544456,-3.0336409955780765,0.0
172.796,-4.084263244004172,-3.002826076839163,0.0
172.896,-4.100479962587955,-2.9735926105262456,0.0
172.996,-4.116850986872939,-2.9442668923399227,0.0
173.096,-4.133694348749662,-2.915377866470647,0.0
173.196,-4.151191895750454,-2.8860526837347225,0.0
173.296,-4.169170830161721,-2.8565528799061095,0.0
173.396,-4.186493447685316,-2.828070311337385,0.0
173.496,-4.204529860731225,-2.799004069026051,0.0
173.596,-4.222826147493091,-2.7698561385379215,0.0
173.696,-4.240848878879192,-2.74132915669586,0.0
173.796,-4.258731691260096,-2.712931686781811,0.0
173.896,-4.277032876406464,-2.6844226081195646,0.0
173.996,-4.295607000402211,-2.655377318745936,0.0
174.096,-4.313868874137249,-2.6268931918127603,0.0
174.196,-4.331776391721339,-2.5984377090563173,0.0
174.296,-4.350216891022093,-2.5698644137405133,0.0
174.396,-4.36886959984877,-2.5407266263119976,0.0
174.496,-4.387129390549114,-2.5125004716697403,0.0
174.596,-4.40565679240695,-2.484159147753889,0.0
174.696,-4.424491530782517,-2.4556433552372985,0.0
174.796,-4.442806599055955,-2.4273968866438476,0.0
174.896,-4.459972177945647,-2.4012618534274517,0.0
174.996,-4.471316598371601,-2.383694394202515,0.0
175.096,-4.480019539812963,-2.3701421854669786,0.0
175.196,-4.486304725696809,-2.359849620261676,0.0
175.296,-4.491319749529968,-2.350295201941018,0.0
175.396,-4.495703010154676,-2.3404824156360573,0.0
175.496,-4.499383839653022,-2.3303525758021437,0.0
175.596,-4.502664804501536,-2.320029430937274,0.0
175.696,-4.505253894215839,-2.30958407488476,0.0
175.796,-4.507212185433276,-2.298810587464181,0.0
175.896,-4.509559913850551,-2.284135023316345,0.0
175.996,-4.512059467473344,-2.260511231412288,0.0
176.096,-4.514071909123924,-2.233208154113196,0.0
176.196,-4.515225531685988,-2.203387388150659,0.0
176.296,-4.516143459759088,-2.1691403460081937,0.0
176.396,-4.5172437554654135,-2.1385791509387335,0.0
176.496,-4.517884263215348,-2.117800722488268,0.0
176.596,-4.517985143641467,-2.1033665940978232,0.0
176.696,-4.517804410796199,-2.0931190801891755,0.0
176.796,-4.516969659832097,-2.0831005812184498,0.0
176.896,-4.515476546447153,-2.073094772899118,0.0
176.996,-4.513368025809001,-2.0631513163696833,0.0
177.096,-4.510599357529398,-2.0534161220072815,0.0
177.196,-4.5072706844649595,-2.0434354457613524,0.0
177.296,-4.503363746263279,-2.0337572621923248,0.0
177.396,-4.497188111677117,-2.0200648021826653,0.0
177.496,-4.486520570748918,-1.9984204023599461,0.0
177.596,-4.473668191423875,-1.9740901212213806,0.0
177.696,-4.460063434544881,-1.9500311874670595,0.0
177.796,-4.444473383617291,-1.924465402273302,0.0
177.896,-4.426509808733643,-1.895240262746421,0.0
177.996,-4.40877721750471,-1.8669049350524236,0.0
178.096,-4.39051673384035,-1.8375413597169068,0.0
178.196,-4.372926686622849,-1.8092118933424477,0.0
178.296,-4.355053835201742,-1.7805498430869824,0.0
178.396,-4.337477031316523,-1.7523399630861791,0.0
178.496,-4.319239425553219,-1.7234349756261171,0.0
178.596,-4.302358942998434,-1.6970967701242659,0.0
178.696,-4.287388615125589,-1.6745647180310437,0.0
178.796,-4.271263171571738,-1.6520610628708983,0.0
178.896,-4.254439478451946,-1.630034302439834,0.0
178.996,-4.235516130069101,-1.6063289023816698,0.0
179.096,-4.213782455842354,-1.5800456144807127,0.0
179.196,-4.192341996918044,-1.5535963320514101,0.0
179.296,-4.171499843799362,-1.5276620375287495,0.0
179.396,-4.150241446005633,-1.5009289473952894,0.0
179.496,-4.129139011554456,-1.4741737225543308,0.0
179.596,-4.1077736346018225,-1.4476154432603408,0.0
179.696,-4.08688017341966,-1.4215187794549666,0.0
179.796,-4.065094360967872,-1.3943686516379474,0.0
179.896,-4.043756094227593,-1.3680857879358734,0.0
179.996,-4.02159706712786,-1.3413334999283093,0.0
180.096,-3.9998456926072543,-1.3156412576811125,0.0
180.196,-3.9778583600164756,-1.2900234076253776,0.0
180.296,-3.9559158777528993,-1.2646467929665979,0.0
180.396,-3.9335624467013655,-1.2386857410967094,0.0
180.496,-3.911617498776825,-1.2132784498265954,0.0
180.596,-3.8893496001567835,-1.1876954242152513,0.0
180.696,-3.8675970695542454,-1.1624030311769573,0.0
180.796,-3.8449632077494185,-1.136411932005968,0.0
180.896,-3.8232435229584336,-1.111264502754198,0.0
180.996,-3.800957579539676,-1.0854824747577596,0.0
181.096,-3.779323169296534,-1.0599819911362445,0.0
181.196,-3.7575202337399984,-1.0341877993820694,0.0
181.296,-3.735743120497875,-1.008415092302796,0.0
181.396,-3.713917340997338,-0.9825071282823215,0.0
181.496,-3.6918771446585366,-0.9562943805520888,0.0
181.596,-3.6699791849162535,-0.930345301003305,0.0
181.696,-3.648141364111322,-0.9043311441780908,0.0
181.796,-3.6257025277464123,-0.8781741890680483,0.0
181.896,-3.603776948282471,-0.8528922528628246,0.0
181.996,-3.581363261438019,-0.8270448918979268,0.0
182.096,-3.5590840709589715,-0.8013977178823669,0.0
182.196,-3.5365661738141063,-0.7757674982848439,0.0
182.296,-3.5142174994333084,-0.7503198898571808,0.0
182.396,-3.4915976672057814,-0.7249279371686371,0.0
182.496,-3.469389105039061,-0.6996030239465645,0.0
182.596,-3.447244916538986,-0.6740306799587724,0.0
182.696,-3.4250766051349757,-0.6483745366892588,0.0
182.796,-3.4029537334629385,-0.6230827233325464,0.0
182.896,-3.3799830998376663,-0.5967135989131185,0.0
182.996,-3.357672106192988,-0.5713182749710931,0.0
183.096,-3.3353747240277674,-0.5457522638690686,0.0
183.196,-3.313582188617378,-0.5205461706021619,0.0
183.296,-3.2913103241357624,-0.4947377690938676,0.0
183.396,-3.269495266988237,-0.46945590295254636,0.0
183.496,-3.2471997781026136,-0.44357880817555995,0.0
183.596,-3.2254338117960843,-0.4181964546694069,0.0
183.696,-3.203548768625427,-0.39252376000602773,0.0
183.796,-3.181724538146063,-0.3665817879181371,0.0
183.896,-3.1592957279200045,-0.34012972871705666,0.0
183.996,-3.1375983665886347,-0.3143932619961047,0.0
184.096,-3.115185153527074,-0.28838648019576874,0.0
184.196,-3.093090888466148,-0.26267094219395815,0.0
184.296,-3.070415168530256,-0.2366094841012178,0.0
184.396,-3.0477064168080865,-0.21057153985084467,0.0
184.496,-3.0252572394234303,-0.1848413493006106,0.0
184.596,-3.003024051730529,-0.15928932039548063,0.0
184.696,-2.98058467276649,-0.13368576000111837,0.0
184.796,-2.9580976997294104,-0.10815429427093388,0.0
184.896,-2.9351725648808094,-0.0826651712854188,0.0
184.996,-2.9125159551077178,-0.057397708576512316,0.0
185.096,-2.8891958658935817,-0.03201894121683543,0.0
185.196,-2.8662860109230057,-0.00699069735056029,0.0
185.296,-2.843241475760299,0.018088022968005154,0.0
185.396,-2.8208114985997166,0.04267928500047568,0.0
185.496,-2.7979404571553492,0.06783789809142154,0.0
185.596,-2.7747408356317207,0.09343260442116508,0.0
185.696,-2.751549182238456,0.11834466378655055,0.0
185.796,-2.728852970436335,0.1429641819535965,0.0
185.896,-2.705596600767067,0.16801377992069919,0.0
185.996,-2.6827400016683582,0.19271698255339537,0.0
186.096,-2.660007686866028,0.21720142073215595,0.0
186.196,-2.637078741034421,0.2423825033357243,0.0
186.296,-2.613909847040721,0.26763350367390676,0.0
186.396,-2.591193278827331,0.29226539995429823,0.0
186.496,-2.5680523427331936,0.31723494704304506,0.0
186.596,-2.544427284991703,0.3428202624116255,0.0
186.696,-2.5220286508521177,0.36694860660461975,0.0
186.796,-2.4984908183890178,0.39249557865719364,0.0
186.896,-2.4757459405894515,0.41698315260453006,0.0
186.996,-2.452776122574803,0.4414518079984213,0.0
187.096,-2.42948382154221,0.46613818703603205,0.0
187.196,-2.405807470246203,0.49115226788437644,0.0
187.296,-2.3828202192586643,0.515693408438583,0.0
187.396,-2.359049050371955,0.5406562075793426,0.0
187.496,-2.3361320371780816,0.565071914896336,0.0
187.596,-2.312848957269395,0.590018304007208,0.0
187.696,-2.2899361712800292,0.6146232787416114,0.0
187.796,-2.2665732759609534,0.6399520255110511,0.0
187.896,-2.243787957379717,0.6647365658495225,0.0
187.996,-2.2202232502302675,0.6899859223270991,0.0
188.096,-2.1970022600022685,0.7145810039926742,0.0
188.196,-2.1733813115164864,0.73928408182295,0.0
188.297,-2.1502242831098166,0.7635740649561754,0.0
188.397,-2.126508063441334,0.7881806278107424,0.0
188.497,-2.103400146180682,0.8125044876854176,0.0
188.597,-2.079370546202336,0.8373301208625649,0.0
188.697,-2.0555578944210358,0.8619388448602198,0.0
188.797,-2.031984387344403,0.8858506435952384,0.0
188.897,-2.0082537442784845,0.9099445975772427,0.0
188.997,-1.9842541532391407,0.934325946397763,0.0
189.097,-1.9605711208268655,0.95839348819527,0.0
189.197,-1.9363427040813252,0.9828420859979624,0.0
189.297,-1.91249723849751,1.007123420768438,0.0
189.397,-1.8892430274085135,1.0310409446334277,0.0
189.497,-1.8659650330758104,1.0553736103487794,0.0
189.597,-1.8422012921661017,1.080460051775997,0.0
189.697,-1.8188517621262392,1.1051081740728763,0.0
189.797,-1.7949711256099379,1.129978039466608,0.0
189.897,-1.7716214766541227,1.1543131366615196,0.0
189.997,-1.7490790052960201,1.1781405078117086,0.0
190.097,-1.7253685687792264,1.2036140837842197,0.0
190.197,-1.7025156201513514,1.2280161458472343,0.0
190.297,-1.679156671730966,1.2532022263233311,0.0
190.397,-1.655897813754018,1.2778656390773269,0.0
190.497,-1.6324419946241613,1.302594087579089,0.0
190.597,-1.6095875237225146,1.3269069133591842,0.0
190.697,-1.5856441306624853,1.3522691681000176,0.0
190.797,-1.5624351977019793,1.376497034240398,0.0
190.897,-1.5389536193619588,1.4012652384108564,0.0
190.997,-1.5158823386395714,1.4254506864136893,0.0
191.097,-1.492601608599376,1.4501346808897893,0.0
191.197,-1.469476551566131,1.474755538354855,0.0
191.297,-1.4460010793597822,1.4993591273273852,0.0
191.397,-1.422923394398644,1.5239230403746638,0.0
191.497,-1.3985014455305427,1.5492999500387803,0.0
191.597,-1.3752656626432294,1.5730793893696666,0.0
191.697,-1.350259616096434,1.5979050419768162,0.0
191.797,-1.326646254175957,1.6213479407717875,0.0
191.897,-1.3025732735434203,1.6452092093784514,0.0
191.997,-1.2784055097466653,1.6691369744012605,0.0
192.097,-1.2537218084207997,1.6935812807686073,0.0
192.197,-1.229506140896645,1.7173661556487978,0.0
192.297,-1.2050982269773716,1.7414336918210418,0.0
192.397,-1.1805215142304928,1.7657901428057032,0.0
192.497,-1.1567572542239961,1.788889127654122,0.0
192.597,-1.132124881921084,1.8130972612633742,0.0
192.697,-1.1082180836773738,1.8365773155220317,0.0
192.797,-1.0843971228071074,1.860111651894453,0.0
192.897,-1.0597759637671225,1.8844388027495385,0.0
192.997,-1.035865271453697,1.9080319012119924,0.0
193.097,-1.011650174345883,1.9319771979052216,0.0
193.197,-0.9875802327834428,1.9558524145924796,0.0
193.297,-0.9646440362715256,1.9791379566048855,0.0
193.397,-0.9409499088063449,2.003591600935234,0.0
193.497,-0.9172318013675759,2.027847060774984,0.0
193.597,-0.89288326131456,2.052689189131145,0.0
193.697,-0.8696044454891123,2.0762812089536666,0.0
193.797,-0.8451166774505068,2.1008855236168156,0.0
193.897,-0.82144063491453,2.1244871670642276,0.0
193.997,-0.797081565280248,2.149008580593082,0.0
194.097,-0.7738014645776764,2.172690690608784,0.0
194.197,-0.7493018172721895,2.1972511584315444,0.0
194.297,-0.7256982966372814,2.2212943478540166,0.0
194.397,-0.7011311783194384,2.245883393149221,0.0
194.497,-0.6766422071120506,2.270428473629077,0.0
194.597,-0.6525275235897002,2.294295938740917,0.0
194.697,-0.62966581856473,2.317494209672311,0.0
194.797,-0.6056998435326671,2.3420487001342543,0.0
194.897,-0.5822435700251604,2.3667814782994427,0.0
194.997,-0.5586300567201569,2.391574596168532,0.0
195.097,-0.5350519504434189,2.416070734815171,0.0
195.197,-0.5107597268130298,2.4407497462443235,0.0
195.297,-0.4870530578315438,2.464900666904908,0.0
195.397,-0.46293380781547405,2.4892359112217486,0.0
195.497,-0.4391074335429063,2.513401410751508,0.0
195.597,-0.41423822136263616,2.5378342525354483,0.0
195.697,-0.38996596659989574,2.5616228450292327,0.0
195.797,-0.36595257629380906,2.5850375344824363,0.0
195.897,-0.3412746852390394,2.608904855912635,0.0
195.997,-0.31803965972246545,2.6317103354608933,0.0
196.097,-0.2939786049570653,2.6560129599494546,0.0
196.197,-0.27149590780103056,2.6793040354136815,0.0
196.297,-0.2480379359616864,2.704151155660371,0.0
196.397,-0.2245063617838064,2.72948653743039,0.0
196.497,-0.20154947614324092,2.7540668098436734,0.0
196.597,-0.17892234959201098,2.778465707977883,0.0
196.697,-0.15528020904991144,2.803885357070817,0.0
196.797,-0.1322555572624981,2.8284618992328205,0.0
196.897,-0.10859096587382332,2.8531152137251925,0.0
196.997,-0.08473491882433506,2.8778957707194697,0.0
197.097,-0.06120444078224211,2.902160238230916,0.0
197.197,-0.03820109009373472,2.9262612696005057,0.0
197.297,-0.013986290539656877,2.951486002915116,0.0
197.397,0.009460470125311213,2.975556052088138,0.0
197.497,0.03308805371134981,3.00008207089932,0.0
197.597,0.05579377877608583,3.0239176120890217,0.0
197.697,0.07983703210089015,3.0485819798254274,0.0
197.797,0.10260234237994473,3.0723150567346953,0.0
197.897,0.12681210462609666,3.097329470813863,0.0
197.997,0.14987604043213626,3.121127333365328,0.0
198.097,0.17376708367005864,3.145820367786118,0.0
198.197,0.1974705392069893,3.1706780523375393,0.0
198.297,0.22112285132633241,3.195254488244354,0.0
198.397,0.24456776756050477,3.21979865365938,0.0
198.497,0.26838158391777245,3.244825094803153,0.0
198.597,0.2919106592554133,3.269640813660669,0.0
198.697,0.31511033331638705,3.294092356957975,0.0
198.797,0.3385624946737938,3.3189917128078776,0.0
198.897,0.36262216037286715,3.3441182453765843,0.0
198.997,0.38612713061425363,3.368441684557962,0.0
199.097,0.4104905039457712,3.3931346240602474,0.0
199.197,0.4342383927682479,3.4170382359262117,0.0
199.297,0.4582973017973843,3.4413909040408517,0.0
199.397,0.48192308634463216,3.4654056862248765,0.0
199.497,0.5055276987161279,3.489439467733125,0.0
199.597,0.529914522743356,3.513989775886311,0.0
199.697,0.5534206606659273,3.5374130439560663,0.0
199.797,0.5777386175068073,3.5617652924340955,0.0
199.897,0.6015436977618569,3.5856789029803835,0.0
199.997,0.6256407162732455,3.60971537476511,0.0
200.097,0.6496727666538432,3.6337242105078684,0.0
200.197,0.6741100075405043,3.6579960327300745,0.0
200.297,0.6979801281436927,3.6817364382103803,0.0
200.397,0.7226809226701318,3.706311863291895,0.0
200.498,0.7468618678542513,3.7300902117610417,0.0
200.598,0.7713399450200259,3.7537632863451766,0.0
200.698,0.7954898951093113,3.7773508776600555,0.0
200.798,0.82016172463543,3.8014406186480727,0.0
200.898,0.8445005862398911,3.8250309798371935,0.0
200.998,0.8694704681043491,3.8493105877595166,0.0
201.098,0.8932319723271696,3.872221940109685,0.0
201.198,0.9181686741528984,3.8963208307601027,0.0
201.298,0.9418837424013685,3.919047908380939,0.0
201.398,0.9662294790483249,3.942184751448687,0.0
201.498,0.9900339420928181,3.9653372552026953,0.0
201.598,1.0144468153182002,3.9892726156870992,0.0
201.698,1.0379885539773475,4.012519513339707,0.0
201.798,1.0623291462312594,4.036990729131473,0.0
201.898,1.0862872980376503,4.061220901349522,0.0
201.998,1.1102003826579534,4.085251813275814,0.0
202.098,1.1339602560369217,4.109514614794436,0.0
202.198,1.1578607076465246,4.13394227170078,0.0
202.298,1.181497886346783,4.158106230806456,0.0
202.398,1.2055907307752893,4.182231050674614,0.0
202.498,1.2303403943217366,4.207122829865774,0.0
202.598,1.2544817595864555,4.231393040126741,0.0
202.698,1.278703413448263,4.2553000098608305,0.0
202.798,1.3029811588719158,4.2793843276892884,0.0
202.898,1.3272862067740447,4.3035013500914,0.0
202.998,1.3511332686988036,4.327151568149052,0.0
203.098,1.3758240462149511,4.351180094016648,0.0
203.198,1.400161304333089,4.375101123558872,0.0
203.298,1.4246700634747245,4.399056465558785,0.0
203.398,1.448075003195043,4.4227470362474275,0.0
203.498,1.4716636827766088,4.446881077890969,0.0
203.598,1.4955572702951299,4.47150528475233,0.0
203.698,1.5199545685007696,4.496357227963718,0.0
203.798,1.5433917806277124,4.520297858110625,0.0
203.898,1.5673536964830874,4.5443650672291875,0.0
203.998,1.5912846502618254,4.568705870751438,0.0
204.098,1.6152621806865264,4.592863500755293,0.0
204.198,1.6386280951288303,4.6167324910718515,0.0
204.298,1.663007498666611,4.641101430091706,0.0
204.398,1.6863747266443923,4.664582770740189,0.0
204.498,1.7099524951207998,4.688662050392172,0.0
204.598,1.7330898651413804,4.712465586112079,0.0
204.698,1.7570591570648608,4.736844952733587,0.0
204.798,1.7805298296163323,4.760758503838843,0.0
204.898,1.8047089843647417,4.7854958947882205,0.0
204.998,1.8281836224685204,4.809245884419117,0.0
205.098,1.852670169182561,4.833775219721411,0.0
205.198,1.8767422898530557,4.857853914167621,0.0
205.298,1.901137450533813,4.881820904967056,0.0
205.398,1.9251327216366276,4.905623006210961,0.0
205.498,1.9492564394902867,4.929619456771985,0.0
205.598,1.9732556606843181,4.953711244343123,0.0
205.698,1.9977180447953367,4.978021875917999,0.0
205.798,2.0218740385137326,5.0020914295166525,0.0
205.898,2.0449182689144734,5.025436674258736,0.0
205.998,2.069581283778874,5.050640095513444,0.0
206.098,2.0927598405615915,5.0744195841725555,0.0
206.198,2.114828101172484,5.097273641181972,0.0
206.298,2.133995606006822,5.117930453631033,0.0
206.398,2.152308243013973,5.139200041431901,0.0
206.498,2.169590702308128,5.160481269091339,0.0
206.598,2.186617801215138,5.182724386994969,0.0
206.698,2.2031728096915124,5.205437645136453,0.0
206.798,2.2183760294371746,5.228233399513793,0.0
206.898,2.233348408029062,5.2520638761137315,0.0
206.998,2.2471363604822256,5.2757928901309725,0.0
207.098,2.2608062448879385,5.30049942560143,0.0
207.198,2.2733162933432713,5.325246664988637,0.0
207.298,2.285124429102001,5.350123706856684,0.0
207.398,2.2963058020321814,5.375700919302745,0.0
207.498,2.3066237951661877,5.401027146877392,0.0
207.598,2.316264575721759,5.427020993332705,0.0
207.698,2.3253932863734033,5.453404837127432,0.0
207.798,2.333382858671766,5.479618509899567,0.0
207.898,2.340873040740532,5.506450377432073,0.0
207.998,2.3480651627241644,5.536098859848799,0.0
208.098,2.3553293367636985,5.568274482604453,0.0
208.198,2.362452520207475,5.602183592526437,0.0
208.298,2.368940025720306,5.634832431698251,0.0
208.398,2.375855571677479,5.669284567646016,0.0
208.498,2.3813597914716387,5.702408603438291,0.0
208.598,2.3873039806428387,5.736879490349839,0.0
208.698,2.392593098615224,5.77070888604526,0.0
208.798,2.3982000248165405,5.804882404017212,0.0
208.898,2.402855387810836,5.838468149170643,0.0
208.998,2.40738940558446,5.870129777008171,0.0
209.098,2.4120282240115065,5.897543986330427,0.0
209.198,2.4166411684338174,5.920886280317487,0.0
209.298,2.4202843358340482,5.938868283494602,0.0
209.398,2.4224735232846757,5.95199922589438,0.0
209.498,2.4234762379463244,5.96238535253397,0.0
209.598,2.4241675412421047,5.973172611432233,0.0
209.698,2.424472224096267,5.983783326302172,0.0
209.798,2.424299270273832,5.994202492253719,0.0
209.898,2.423945883985175,6.004562409819431,0.0
209.998,2.4227746022803203,6.015188072046535,0.0
210.098,2.4209555757870294,6.025916197449326,0.0
210.198,2.4192017833699215,6.0365860474508874,0.0
210.298,2.4168499869634927,6.046870998466855,0.0
210.398,2.413886285643409,6.056977571450841,0.0
210.498,2.4101583838533025,6.066800576257857,0.0
210.598,2.406035247142417,6.076414261574879,0.0
210.698,2.4033855773886232,6.0816316580821965,0.0
210.798,2.4049907624943936,6.078343186709133,0.0
210.898,2.410858082928191,6.068623201049638,0.0
210.998,2.4191188210906502,6.056601952552566,0.0
211.098,2.4289000263400675,6.044941524507258,0.0
211.198,2.439969826905139,6.034188932456596,0.0
211.298,2.448297980349147,6.026958533140167,0.0
211.398,2.44777883143952,6.026534830263538,0.0
211.498,2.439187607910454,6.030405265796075,0.0
211.598,2.421421252516041,6.037474054513912,0.0
211.698,2.397997311679654,6.045506784619504,0.0
211.798,2.371528553650409,6.0533104442675665,0.0
211.898,2.3442505331147476,6.060634423065141,0.0
211.998,2.3149275362724677,6.067394979994876,0.0
212.098,2.281385765755683,6.075213631002438,0.0
212.198,2.247863223004519,6.082853002840941,0.0
212.298,2.2157872772693388,6.090122637065505,0.0
212.398,2.1852979290286916,6.097096858316131,0.0
212.498,2.1588354358078075,6.102534287165159,0.0
212.598,2.1289631345656237,6.1077146986178175,0.0
212.698,2.0957264122810924,6.113175527622847,0.0
212.798,2.061755804368276,6.118910952307304,0.0
212.898,2.028666824314434,6.125136948123121,0.0
212.998,1.997107832050294,6.131346669176633,0.0
213.098,1.9699244075821667,6.136378018461732,0.0
213.198,1.9429941141894702,6.140556484813146,0.0
213.298,1.9130065835009793,6.144379633976303,0.0
213.398,1.879056936523693,6.148794363645454,0.0
213.498,1.844673560350719,6.153093711109126,0.0
213.598,1.8116204163538265,6.1571164928046995,0.0
213.698,1.7771419733335805,6.1618537730625995,0.0
213.798,1.746686810227731,6.16577283158663,0.0
213.898,1.7197329739187337,6.16894221795751,0.0
213.998,1.6894287879029968,6.171813218861928,0.0
214.098,1.6550752116580127,6.1747210679379,0.0
214.198,1.6222797638426034,6.177501687352539,0.0
214.298,1.5877472946560014,6.180450624515916,0.0
214.398,1.5544148581918584,6.183557696657212,0.0
214.498,1.520369523536551,6.187057695961631,0.0
214.598,1.4867463790978788,6.190457175393626,0.0
214.698,1.4558561540491841,6.1938242127065175,0.0
214.798,1.4251275622608115,6.196913268245574,0.0
214.898,1.3913140606919367,6.200402415883585,0.0
214.998,1.3566595371083816,6.203774511427491,0.0
215.098,1.3229527073867358,6.207086011971283,0.0
215.198,1.2884765203354807,6.210492664429206,0.0
215.298,1.2573259825884058,6.2135321916947275,0.0
215.398,1.2294514845350972,6.215716001625036,0.0
215.498,1.1992408782683173,6.217220953696342,0.0
215.598,1.1649680964307245,6.2187593730705055,0.0
215.698,1.1318723782977747,6.2210073134319,0.0
215.798,1.096735150288399,6.223438137840226,0.0
215.898,1.0620692082630274,6.226299868285327,0.0
215.998,1.027793814002253,6.229035205116351,0.0
216.098,0.9966800665192164,6.231423514016965,0.0
216.198,0.9694155207670061,6.233163169967774,0.0
216.298,0.9384368191812078,6.234676415556128,0.0
216.398,0.9044194052879909,6.23593253646392,0.0
216.498,0.8698648465288724,6.237670108383039,0.0
216.598,0.8364034265304849,6.239795645516046,0.0
216.698,0.8024167192390175,6.24187232412593,0.0
216.798,0.7717916215124911,6.243802738582551,0.0
216.898,0.743747806679221,6.2449737380197625,0.0
216.998,0.7131723392939092,6.24560562912875,0.0
217.098,0.6789048347138507,6.246160804325536,0.0
217.198,0.6440683502222296,6.246781859259675,0.0
217.298,0.6106083006712226,6.247354498438226,0.0
217.398,0.5763318815046623,6.2478519803138255,0.0
217.498,0.5426485669844227,6.248308863007356,0.0
217.598,0.5086241747641971,6.24866663666566,0.0
217.698,0.474848672966678,6.248759662621926,0.0
217.798,0.44052458963246854,6.249002447889316,0.0
217.898,0.4075298568694503,6.248930623000989,0.0
217.998,0.37279093806610847,6.249053688117517,0.0
218.098,0.3390329022825871,6.248817844670004,0.0
218.198,0.3048172614649657,6.248396045086613,0.0
218.298,0.2708455916397408,6.247998113400501,0.0
218.398,0.23601256100185442,6.24768928706669,0.0
218.498,0.2021659521215109,6.247427801941798,0.0
218.598,0.1675034274236354,6.24697177618465,0.0
218.698,0.1332344560940715,6.246429079182932,0.0
218.798,0.09959517530035138,6.246012028481445,0.0
218.898,0.06436927353148726,6.2453247434396335,0.0
218.998,0.03089367982013099,6.244801405938364,0.0
219.098,-0.0035092481381320084,6.244153864368574,0.0
219.198,-0.03772693396482632,6.2434443223424845,0.0
219.298,-0.0720913533982014,6.242859555732196,0.0
219.398,-0.10588792831140649,6.241922605566075,0.0
219.498,-0.14060132345796175,6.2407904831676495,0.0
219.598,-0.17426469508936604,6.239451058183561,0.0
219.698,-0.20861466332646433,6.237890868476428,0.0
219.798,-0.24207097340716333,6.236279536723057,0.0
219.898,-0.276416222308543,6.234543161329325,0.0
219.998,-0.30973397209682435,6.232538944951914,0.0
220.098,-0.34528835816282105,6.230090780631298,0.0
220.198,-0.3789070654352555,6.22764450295401,0.0
220.298,-0.41343056515131504,6.22479300147763,0.0
220.398,-0.44615718437626517,6.221787982925246,0.0
220.498,-0.48056651247755133,6.21834426131543,0.0
220.598,-0.5135752682297537,6.21473469586057,0.0
220.698,-0.5473118181354394,6.210793551302541,0.0
220.798,-0.5820718166102905,6.206325345793025,0.0
220.898,-0.6160071695508118,6.20195212751715,0.0
220.998,-0.6499471777747177,6.197391712500285,0.0
221.098,-0.6841587121099695,6.1928673070645175,0.0
221.198,-0.717240354622624,6.1881092401989015,0.0
221.298,-0.7511828650125478,6.182938119615857,0.0
221.398,-0.7841360886501076,6.177901506966104,0.0
221.498,-0.8180321960826683,6.172216001642215,0.0
221.598,-0.8514624337741706,6.1664791592028125,0.0
221.698,-0.8850150978403736,6.1604631561081336,0.0
221.798,-0.9181858422193261,6.154545016762165,0.0
221.898,-0.9508762269196606,6.1485760179392805,0.0
221.998,-0.9837776489253991,6.141993293308993,0.0
222.098,-1.0173879106268784,6.134803255099393,0.0
222.198,-1.0501289284878423,6.1281194266044,0.0
222.298,-1.0836621143440928,6.120862416405943,0.0
222.398,-1.1170452838735248,6.113628094126171,0.0
222.498,-1.1502295886705072,6.106257219407477,0.0
222.598,-1.1838197076543118,6.09859425487131,0.0
222.698,-1.217095076837239,6.091021679313184,0.0
222.798,-1.2505758713016726,6.083347371931345,0.0
222.898,-1.283952648657895,6.075486127767502,0.0
222.998,-1.3171374274470862,6.067750174073667,0.0
223.098,-1.3499707628075757,6.059991797787747,0.0
223.198,-1.3836103817310557,6.051723841842533,0.0
223.298,-1.416257007969532,6.043191918668091,0.0
223.398,-1.4495742947812853,6.034434290487364,0.0
223.498,-1.4819120846082414,6.025593719260472,0.0
223.598,-1.5153437465025834,6.016203671123435,0.0
223.698,-1.5475766882501683,6.007125823942276,0.0
223.798,-1.5811833601149092,5.997352952549964,0.0
223.898,-1.6135899524023334,5.988001077553317,0.0
223.998,-1.6464546263911763,5.978293140268473,0.0
224.098,-1.6785651852410246,5.968547849519316,0.0
224.198,-1.711813268651428,5.958252138796229,0.0
224.298,-1.7444758083840097,5.948245983244478,0.0
224.398,-1.7771284748065326,5.937823686814016,0.0
224.498,-1.8086651803584102,5.927459573345547,0.0
224.598,-1.8417815557813237,5.916592393746227,0.0
224.698,-1.8748446041781777,5.905407968060772,0.0
224.798,-1.9077936190209464,5.894446399481367,0.0
224.898,-1.9391668523982772,5.883642849877041,0.0
224.998,-1.9710187043617873,5.8723799572068875,0.0
225.098,-2.0027115803203572,5.860898935864101,0.0
225.198,-2.034884312021847,5.849070056429667,0.0
225.298,-2.066893830881943,5.836768120190106,0.0
225.398,-2.098988243939881,5.824653346399889,0.0
225.498,-2.132061012434876,5.811827782896858,0.0
225.598,-2.1634749685144192,5.799616305054761,0.0
225.698,-2.1953081171046174,5.78723848447354,0.0
225.798,-2.2270598464314966,5.774520481205081,0.0
225.898,-2.258847324083109,5.76188057418798,0.0
225.998,-2.290231519439974,5.749120200186347,0.0
226.098,-2.321319738860647,5.736113636860028,0.0
226.198,-2.35277477431249,5.722713658491764,0.0
226.298,-2.3839480183018504,5.709377445919378,0.0
226.398,-2.415131420190805,5.695980693197735,0.0
226.498,-2.4466133370649343,5.682549239588491,0.0
226.598,-2.4782275139929233,5.668997516713695,0.0
226.698,-2.5103836630485583,5.65522962364018,0.0
226.798,-2.5413713604093395,5.641940310060487,0.0
226.898,-2.57280363924637,5.628609566680232,0.0
226.998,-2.6032996791957075,5.615387791384286,0.0
227.098,-2.6345383319432676,5.601937990470593,0.0
227.198,-2.6659928584870407,5.588097446421857,0.0
227.298,-2.696976410117415,5.57456666805339,0.0
227.398,-2.7248269710975994,5.561978491676346,0.0
227.498,-2.749942580572311,5.549847875313304,0.0
227.598,-2.7742732915298056,5.53726572744896,0.0
227.698,-2.7986169705278874,5.52381753570088,0.0
227.798,-2.822529794250001,5.509516890634176,0.0
227.898,-2.8459634336782593,5.494525211353999,0.0
227.998,-2.8690927920197162,5.478890044804896,0.0
228.098,-2.8916368500711647,5.46256340681889,0.0
228.198,-2.9137994945952768,5.445504302375616,0.0
228.298,-2.9351672632529153,5.427947550793533,0.0
228.398,-2.9533424138876927,5.412127785769751,0.0
228.498,-2.9634653088736247,5.402642512946268,0.0
228.598,-2.9707383991562106,5.394634958793886,0.0
228.698,-2.980625285164063,5.383316956693999,0.0
228.798,-2.995138720549621,5.364852174439616,0.0
228.898,-3.0113513702558303,5.342519779771516,0.0
228.998,-3.0267310384805146,5.320114571201896,0.0
229.098,-3.0418079970329215,5.2967252265645834,0.0
229.198,-3.0561056439664056,5.273129670274383,0.0
229.298,-3.0695542793604966,5.24908592262194,0.0
229.398,-3.0820036139634204,5.224862633580224,0.0
229.498,-3.093700128352934,5.200674528551324,0.0
229.598,-3.1049425919754743,5.1751582438669255,0.0
229.698,-3.115487916616477,5.14958343207337,0.0
229.798,-3.125465056627374,5.123582647401113,0.0
229.898,-3.1346004609835005,5.097453690940189,0.0
229.998,-3.1429058123346505,5.071087826304625,0.0
230.098,-3.1506033978121493,5.044110198396798,0.0
230.198,-3.1571196500491516,5.017365650215476,0.0
230.298,-3.163086665290208,4.990254100524218,0.0
230.398,-3.168232222602652,4.962782355796745,0.0
230.498,-3.1726495410377926,4.935288243604435,0.0
230.598,-3.176365336858008,4.907637282236871,0.0
230.698,-3.179153962427907,4.88021609998231,0.0
230.798,-3.181060204591487,4.853142279416309,0.0
230.898,-3.1821539931242424,4.8255855945393105,0.0
230.998,-3.182579120865994,4.794915159975076,0.0
231.098,-3.1830060198286465,4.760654425950468,0.0
231.198,-3.1832864113067014,4.726658765411471,0.0
231.298,-3.1835950457863094,4.692198886782531,0.0
231.398,-3.183859398264782,4.658965285611168,0.0
231.498,-3.1842082183971168,4.623958407511347,0.0
231.598,-3.184510060541858,4.590105344647611,0.0
231.698,-3.184841209090479,4.556187186655144,0.0
231.798,-3.1851216087391347,4.522824175008987,0.0
231.898,-3.1854362573683574,4.489005554662031,0.0
231.998,-3.18572695134468,4.455198184343041,0.0
232.098,-3.1860245090326393,4.421107763668998,0.0
232.198,-3.1863312318570034,4.387170561552558,0.0
232.298,-3.1866612076385317,4.353603773615575,0.0
232.398,-3.1870243850771094,4.320116589641124,0.0
232.498,-3.1873897768665223,4.286579853996432,0.0
232.598,-3.187762050015087,4.252553232118259,0.0
232.698,-3.1881687239294725,4.219106105121146,0.0
232.798,-3.1886578879469574,4.184919561031779,0.0
232.898,-3.189120749236772,4.15153804441271,0.0
232.998,-3.1896618338705993,4.1175232665205765,0.0
233.098,-3.1901111350524096,4.0843514393042435,0.0
233.198,-3.1906373921052604,4.049996328220499,0.0
233.298,-3.1910421436594065,4.016957355477191,0.0
233.398,-3.1915684228065193,3.9822739487513044,0.0
233.498,-3.1919969065273106,3.9488563792114544,0.0
233.598,-3.192450655944842,3.914433773600756,0.0
233.698,-3.19291665222691,3.880995379758502,0.0
233.798,-3.1933770277744054,3.8468247622654843,0.0
233.898,-3.1938161384156585,3.813614834362014,0.0
233.998,-3.1942931975762128,3.7794652229361754,0.0
234.098,-3.194724847157638,3.746680719565347,0.0
234.198,-3.19523086875381,3.7122261873263755,0.0
234.298,-3.1957151851108794,3.678987310579561,0.0
234.398,-3.1963032353797356,3.6443514144592473,0.0
234.498,-3.196796216145932,3.61138868406371,0.0
234.598,-3.197401581733113,3.5769332018767535,0.0
234.698,-3.197910067476638,3.5441395556357733,0.0
234.798,-3.1985331150150156,3.5099226530982053,0.0
234.898,-3.1989495062284297,3.477229079815743,0.0
234.998,-3.19954581097514,3.442951275914774,0.0
235.098,-3.200009701243239,3.409807082021061,0.0
235.198,-3.2006144596386075,3.3756907698903382,0.0
235.298,-3.201128614789235,3.3421199374831305,0.0
235.398,-3.2016615640210504,3.308394368746907,0.0
235.498,-3.2022374984307826,3.2747074606378153,0.0
235.598,-3.2028864777917163,3.2406209118287244,0.0
235.698,-3.203489810900805,3.2067525837094113,0.0
235.798,-3.2041179751376148,3.173432674915256,0.0
235.898,-3.2047389774687556,3.139571555277734,0.0
235.998,-3.2054301273300205,3.1062848553870723,0.0
236.099,-3.2061857555232165,3.071824461288739,0.0
236.199,-3.2068651084561615,3.038226750183909,0.0
236.299,-3.2076395493943552,3.004087256967081,0.0
236.399,-3.208451190374834,2.970167016683339,0.0
236.499,-3.2093092620659798,2.935893097284667,0.0
236.599,-3.2100741985538246,2.902637173165234,0.0
236.699,-3.2109192148645382,2.8685666244621113,0.0
236.799,-3.2117008672938323,2.8353144225030578,0.0
236.899,-3.2125158903080937,2.800835030038379,0.0
236.999,-3.2132548188626227,2.7675496795573626,0.0
237.099,-3.214073317803928,2.7334928353006545,0.0
237.199,-3.2148967081517976,2.7006693416458245,0.0
237.299,-3.215757637451917,2.6663581248378287,0.0
237.399,-3.216620497850006,2.6337735295345714,0.0
237.499,-3.217551692311236,2.5995564430040115,0.0
237.599,-3.2183498477510106,2.5664977173379615,0.0
237.699,-3.2194056443556733,2.5323154090051356,0.0
237.799,-3.2202751824416076,2.4995951172485467,0.0
237.899,-3.2212728992405095,2.4646735150439048,0.0
237.999,-3.2220843369080687,2.4320329832122014,0.0
238.099,-3.2231199090688203,2.3974818681390824,0.0
238.199,-3.224031570676129,2.363898990601199,0.0
238.299,-3.2249799590187056,2.3291474107255934,0.0
238.399,-3.2257563071369235,2.296304901039953,0.0
238.499,-3.226723871003016,2.2615759729372833,0.0
238.599,-3.227582274567144,2.2285597024771646,0.0
238.699,-3.22844839095286,2.194099609820802,0.0
238.799,-3.2293281453788283,2.1603123646842763,0.0
238.899,-3.2302526907917195,2.1264884286268635,0.0
238.999,-3.2311300804154732,2.092962470499967,0.0
239.099,-3.232178034905772,2.0589982622291267,0.0
239.199,-3.2331086167136642,2.025168715799936,0.0
239.299,-3.2341035854457094,1.9917045929927606,0.0
239.399,-3.2350586714650764,1.9580906640519076,0.0
239.499,-3.2361845848179835,1.9241029321417007,0.0
239.599,-3.237304333204051,1.8898131192671994,0.0
239.699,-3.2382940606449,1.8561036762297825,0.0
239.799,-3.2393020772500223,1.8222556110993022,0.0
239.899,-3.240427710725278,1.7885435408322554,0.0
239.999,-3.241502520160155,1.7546009523458188,0.0
240.099,-3.242584477619735,1.7210147127121507,0.0
240.199,-3.24374336720116,1.6866397430477824,0.0
240.299,-3.244857777102974,1.6528216634931225,0.0
240.399,-3.246089657260048,1.6183219385179606,0.0
240.499,-3.247125880445514,1.5851434408752438,0.0
240.599,-3.248358659970129,1.551114716740931,0.0
240.699,-3.2494343031035697,1.5181138763433664,0.0
240.799,-3.2507404039184427,1.4840250294393895,0.0
240.899,-3.2518891680237285,1.4509349146174395,0.0
240.999,-3.253333947889019,1.4164292622418917,0.0
241.099,-3.2545299944873167,1.3829357557912272,0.0
241.199,-3.2559690833298234,1.3482170380182146,0.0
241.299,-3.257320829423359,1.3151313923359502,0.0
241.399,-3.2585521411326113,1.2806239586417383,0.0
241.499,-3.2598445104161007,1.2472543904793767,0.0
241.599,-3.2609992583281566,1.2130736383317282,0.0
241.699,-3.2619906183129412,1.1804643539873245,0.0
241.799,-3.263253666491873,1.14572151065144,0.0
241.899,-3.264263554444654,1.1128035708396802,0.0
241.999,-3.26545292535563,1.0784881434013531,0.0
242.099,-3.2664868997445264,1.045227743645665,0.0
242.199,-3.2677257074305106,1.010975847941279,0.0
242.299,-3.268767750307035,0.9776521296817087,0.0
242.399,-3.2699935952341725,0.9431966738205552,0.0
242.499,-3.2710957153365308,0.9094130918737433,0.0
242.599,-3.2722419862621344,0.8782440664677928,0.0
242.699,-3.2726346662225816,0.8505625762836975,0.0
242.799,-3.2722863103822335,0.8225700094631636,0.0
242.899,-3.2709022967428565,0.7947377112912309,0.0
242.999,-3.26870339662967,0.767033199560542,0.0
243.099,-3.265438852559441,0.7362937548353602,0.0
243.199,-3.26218856621265,0.7028822501163479,0.0
243.299,-3.258531030892225,0.6689330440161929,0.0
243.399,-3.2552457098957297,0.6352367653502151,0.0
243.499,-3.2515426321501604,0.6010130614025676,0.0
243.599,-3.2479034999184604,0.5666770411550857,0.0
243.699,-3.2442658889173788,0.5321624359173295,0.0
243.799,-3.2408422406380075,0.49792975830997405,0.0
243.899,-3.237558293377295,0.4636388502853252,0.0
243.999,-3.234028165944172,0.4289109629218607,0.0
244.099,-3.2310301784688433,0.39547881881382724,0.0
244.199,-3.2278776141172867,0.36147108278567197,0.0
244.299,-3.224876578635073,0.32748825444790075,0.0
244.399,-3.2216490605254644,0.2930808827107835,0.0
244.499,-3.218516407509911,0.2593072589591268,0.0
244.599,-3.2153139599420313,0.2247882525386338,0.0
244.699,-3.212328548307158,0.19060284898582736,0.0
244.799,-3.2093512452177246,0.15565427453097957,0.0
244.899,-3.20642367109922,0.12134263284296981,0.0
244.999,-3.2035418756971676,0.08668011052102258,0.0
245.099,-3.2009943387243687,0.05282846922509609,0.0
245.199,-3.198034904838034,0.017852053302772935,0.0
245.299,-3.1953455894133476,-0.016168658339282365,0.0
245.399,-3.1925103581492023,-0.050912076706593756,0.0
245.499,-3.1900915008675206,-0.08491656091229477,0.0
245.599,-3.187435148864103,-0.11959493095157685,0.0
245.699,-3.185015429173736,-0.1541132622389526,0.0
245.799,-3.1825165726793467,-0.18901220958644843,0.0
245.899,-3.180290116580661,-0.22351632533767538,0.0
245.999,-3.177899287022616,-0.25831628118057043,0.0
246.099,-3.1756903384113846,-0.2927072084636284,0.0
246.199,-3.1733264417166818,-0.3276966733524021,0.0
246.299,-3.1712192977098264,-0.3627043585319775,0.0
246.399,-3.1692444355898473,-0.39726100537627734,0.0
246.499,-3.167701522333305,-0.43076417614115126,0.0
246.599,-3.165786059119326,-0.4656655752828481,0.0
246.699,-3.1640670758699825,-0.5005567899553137,0.0
246.799,-3.16236301943251,-0.5347863574654724,0.0
246.899,-3.1608526128285614,-0.5688837616241794,0.0
246.999,-3.159227827881912,-0.6034898410293709,0.0
247.099,-3.1577280635150564,-0.6383283740388875,0.0
247.199,-3.1566226537548885,-0.6717699994387084,0.0
247.299,-3.155405588348117,-0.7059743789970288,0.0
247.399,-3.154427907463431,-0.7396734508714992,0.0
247.499,-3.1533134495419084,-0.7738113466921466,0.0
247.599,-3.152372934771179,-0.8078059288411567,0.0
247.699,-3.1513849090386894,-0.8421797497086178,0.0
247.799,-3.1506234564949986,-0.8755022321413035,0.0
247.899,-3.149758618206895,-0.909960819324279,0.0
247.999,-3.1490755107624726,-0.9434777924398602,0.0
248.099,-3.148494364736733,-0.9779788572175467,0.0
248.199,-3.147988403705222,-1.0111245769360644,0.0
248.299,-3.1473470616889454,-1.0458426994913215,0.0
248.399,-3.1468488967628163,-1.079192242123142,0.0
248.499,-3.146365475093993,-1.113505891091349,0.0
248.599,-3.1459818891161513,-1.1468804073482612,0.0
248.699,-3.1457247400463264,-1.1813548438358354,0.0
248.799,-3.145346635848722,-1.2148358850543723,0.0
248.899,-3.14497695134937,-1.2499700335794757,0.0
248.999,-3.144689159726207,-1.2835550075957394,0.0
249.099,-3.144504805595471,-1.3182724973196862,0.0
249.199,-3.1444872951171985,-1.3512648802072285,0.0
249.299,-3.1443028115384153,-1.3857818948223102,0.0
249.399,-3.144479604392102,-1.4189975496732494,0.0
249.499,-3.1444063895870475,-1.4537976676207536,0.0
249.599,-3.1446278413346116,-1.4875311077640314,0.0
249.699,-3.144828460661181,-1.5217018375348468,0.0
249.799,-3.145081667172665,-1.5555322565060778,0.0
249.899,-3.145392649922695,-1.5893248969302036,0.0
249.999,-3.1458034236626626,-1.6226243911716054,0.0
250.099,-3.1463247683694497,-1.6573111909880396,0.0
250.199,-3.1469874558665167,-1.6918353587250818,0.0
250.299,-3.147601716417047,-1.725525835162794,0.0
250.399,-3.148426610464938,-1.7596047884694055,0.0
250.499,-3.1493233805555616,-1.7943807971151133,0.0
250.599,-3.1502457816973384,-1.8288735272602799,0.0
250.699,-3.1512236680847545,-1.8632262710894605,0.0
250.799,-3.152245900914248,-1.8975581535267037,0.0
250.899,-3.153356266044169,-1.931494008373021,0.0
250.999,-3.1545163019480977,-1.9657980375461355,0.0
251.099,-3.1555912449984826,-1.999169090882222,0.0
251.199,-3.1568017722851316,-2.0337609128904792,0.0
251.299,-3.1580546635766664,-2.066954375298746,0.0
251.399,-3.1594136378509856,-2.101463411188185,0.0
251.499,-3.1607809763883505,-2.135046849596038,0.0
251.599,-3.162310735387746,-2.169187161454953,0.0
251.699,-3.163647991645626,-2.202169120961558,0.0
251.799,-3.1653287403383388,-2.236656527098595,0.0
251.899,-3.1667055552970234,-2.269349557979172,0.0
251.999,-3.1684991986249313,-2.3038650047499405,0.0
252.091,-3.1698310983770566,-2.3342950425393267,0.0
252.1,-3.169882561225518,-2.3367284727063655,0.0
252.191,-3.171547728637823,-2.368293477887376,0.0
252.2,-3.1717232315299864,-2.371439307955797,0.0
252.291,-3.1731663812776385,-2.4018613208658586,0.0
252.391,-3.1749377602381426,-2.435746095501916,0.0
252.491,-3.176602410296522,-2.469168648211087,0.0
252.591,-3.178452037179433,-2.503076012060043,0.0
252.691,-3.180229684271022,-2.5367014686495573,0.0
252.7,-3.180292316509887,-2.5394054084819895,0.0
252.791,-3.1819764187922646,-2.5699538984080745,0.0
252.8,-3.1822093381409893,-2.573099716273051,0.0
252.891,-3.1838091977617062,-2.603720266120947,0.0
252.9,-3.1838409212791112,-2.606360202453324,0.0
252.991,-3.1857017890577732,-2.6374025653509436,0.0
253.091,-3.1876378423396834,-2.671326276828884,0.0
253.191,-3.1894579434588444,-2.704525802905645,0.0
253.2,-3.1895994120087487,-2.7076750392338864,0.0
253.291,-3.1914694251992537,-2.738548263574029,0.0
253.391,-3.1933213767800677,-2.771512543272543,0.0
253.491,-3.1954494409310286,-2.805617887259748,0.0
253.591,-3.1973635853785884,-2.8387543287893964,0.0
253.6,-3.197513677193283,-2.8419494341189915,0.0
253.691,-3.1996228923487195,-2.873276097549773,0.0
253.791,-3.201731687399196,-2.906692537557656,0.0
253.891,-3.2040673580607466,-2.941159449265852,0.0
253.991,-3.2061656924393964,-2.97423594932191,0.0
254.091,-3.208503944280374,-3.0083743496201207,0.0
254.191,-3.210615120650979,-3.041374113515016,0.0
254.291,-3.213064889104961,-3.0757154069935844,0.0
254.391,-3.215256693030622,-3.108853200043745,0.0
254.4,-3.2156184005968282,-3.1121169104474,0.0
254.491,-3.2178293194329544,-3.143510707274543,0.0
254.5,-3.2180523253347215,-3.146657702454929,0.0
254.591,-3.22015247041113,-3.1769502259838425,0.0
254.691,-3.222759674172668,-3.21117617834154,0.0
254.791,-3.2251358630148057,-3.2442067986634955,0.0
254.8,-3.2254118831319483,-3.247464497108196,0.0
254.891,-3.2278062871873305,-3.2783260562195777,0.0
254.991,-3.230224764726632,-3.311517458130099,0.0
255.091,-3.2329612160715717,-3.3456536834450015,0.0
255.191,-3.2353803077292684,-3.378691744427264,0.0
255.291,-3.2380841708332766,-3.4127290577751808,0.0
255.3,-3.2383542980761773,-3.415865990092235,0.0
255.391,-3.240670067507179,-3.4461290274258505,0.0
255.5,-3.243687624581523,-3.4832199325830158,0.0
255.591,-3.246028529668788,-3.513714300077043,0.0
255.6,-3.2461000856761575,-3.516173149212663,0.0
255.691,-3.24886914795865,-3.547734404294968,0.0
255.791,-3.2516304232324877,-3.5816066401382236,0.0
255.8,-3.2517376359697616,-3.5842379539441307,0.0
255.891,-3.2543951369817075,-3.6148506624124157,0.0
255.9,-3.254605859671425,-3.6180275287578585,0.0
255.991,-3.257306325700441,-3.64861969057994,0.0
256.091,-3.260170720428996,-3.682160635706021,0.0
256.191,-3.263117507244658,-3.7161598045765944,0.0
256.2,-3.26327245242833,-3.7188990006597447,0.0
256.291,-3.26599972767961,-3.749665541226199,0.0
256.3,-3.2663253916159505,-3.752939923846762,0.0
256.391,-3.269071968842893,-3.783676066222183,0.0
256.4,-3.2692289625132562,-3.786378243619773,0.0
256.491,-3.2719404443197373,-3.816651547763242,0.0
256.5,-3.2722446811972907,-3.819779109513706,0.0
256.591,-3.2750627720477192,-3.850632700167008,0.0
256.6,-3.2752547056734214,-3.853427238234003,0.0
256.691,-3.277974590293805,-3.883437035989222,0.0
256.7,-3.278295639637853,-3.8865523848130934,0.0
256.791,-3.2811121600812454,-3.917254421086362,0.0
256.8,-3.2812540409115125,-3.9199031712939303,0.0
256.891,-3.2843375135260566,-3.9510023982924585,0.0
256.9,-3.2846654107978845,-3.95412205851403,0.0
256.991,-3.2876379746687525,-3.984945663688562,0.0
257.0,-3.287854912268308,-3.9877554941059374,0.0
257.091,-3.2906994570068893,-4.0178580371126555,0.0
257.1,-3.2910336659562596,-4.020981331318753,0.0
257.191,-3.2941143856160817,-4.052019970222818,0.0
257.2,-3.294445763190592,-4.0551600086239565,0.0
257.291,-3.2972650175308345,-4.085265312560148,0.0
257.391,-3.30077704536181,-4.119603173178506,0.0
257.491,-3.303899017212988,-4.152681225673443,0.0
257.591,-3.307318883577825,-4.186699517899429,0.0
257.6,-3.307651284253058,-4.1898368891127955,0.0
257.691,-3.310458515234663,-4.219425290047887,0.0
257.791,-3.3140227745956228,-4.253435812188044,0.0
257.891,-3.317388275221887,-4.2863534567879995,0.0
257.9,-3.3178449217111603,-4.2896285596242265,0.0
257.991,-3.3211121695219425,-4.320483765383616,0.0
258.0,-3.321473321179079,-4.323610673092971,0.0
258.091,-3.324535608844314,-4.353493927534413,0.0
258.191,-3.3284002934769554,-4.387661696333435,0.0
258.2,-3.3287708487523213,-4.390779167710198,0.0
258.291,-3.3318784465810194,-4.4204795423073495,0.0
258.3,-3.332387422740694,-4.423663378929959,0.0
258.391,-3.33543879802474,-4.451789772986966,0.0
258.4,-3.3357426936317687,-4.454419018836093,0.0
258.491,-3.3379574497494144,-4.478919647073975,0.0
258.5,-3.3380760091749604,-4.48133881133232,0.0
258.591,-3.34004885082511,-4.509272668333636,0.0
258.691,-3.3414143419451383,-4.543068554748657,0.0
258.7,-3.341596168264376,-4.546377216309082,0.0
258.791,-3.3430769150540263,-4.577041453554293,0.0
258.891,-3.3450450567314154,-4.61047939239366,0.0
258.9,-3.3450191923340835,-4.613717972466543,0.0
258.991,-3.3471153042427515,-4.644864214717365,0.0
259.0,-3.3471971699302716,-4.648103546769905,0.0
259.091,-3.3493175559888235,-4.6789507437651565,0.0
259.1,-3.34962487318895,-4.681989888520048,0.0
259.191,-3.3518104520780074,-4.713157555995447,0.0
259.2,-3.351949038880286,-4.7163445713036385,0.0
259.291,-3.3543707312056883,-4.746797037172345,0.0
259.4,-3.3574106860781994,-4.784067236224007,0.0
259.491,-3.3602161607599745,-4.812793955183893,0.0
259.591,-3.3624109522370675,-4.83946615286986,0.0
259.6,-3.3624754225489086,-4.842033661521796,0.0
259.691,-3.364306441965735,-4.867303000903362,0.0
259.7,-3.3643797718074833,-4.869850081788594,0.0
259.791,-3.3653288641166332,-4.8968340350284905,0.0
259.891,-3.3661085292874176,-4.93079769943504,0.0
259.991,-3.3671808692970933,-4.964535072770257,0.0
260.091,-3.3684066785915454,-4.998836809679349,0.0
260.1,-3.368441060909849,-5.001991815293882,0.0
260.191,-3.3697021085865475,-5.033102409621606,0.0
260.291,-3.3713556703728136,-5.0672170216959005,0.0
260.391,-3.3733300339441485,-5.101940866675905,0.0
260.491,-3.3755200699980534,-5.135780302065156,0.0
260.591,-3.3778140547819624,-5.167923161958757,0.0
260.691,-3.3792589652009464,-5.195291280422086,0.0
260.791,-3.3800493073474778,-5.225038089469898,0.0
260.891,-3.3802246296766882,-5.258937545806714,0.0
260.991,-3.380840507301956,-5.293064990019557,0.0
261.0,-3.380810659170933,-5.295983186060736,0.0
261.091,-3.3812380484472104,-5.326637705841744,0.0
261.191,-3.3819015488490822,-5.361641416479823,0.0
261.291,-3.3822270478411256,-5.394687518048318,0.0
261.391,-3.382965397980205,-5.429287417691159,0.0
261.4,-3.382991937420231,-5.432309382849957,0.0
261.491,-3.383740733216897,-5.462572557306402,0.0
261.591,-3.384743624589741,-5.496807025358617,0.0
261.691,-3.385778841234546,-5.530660944999035,0.0
261.791,-3.3870469338700055,-5.564578728836562,0.0
261.891,-3.3881341237737987,-5.597728705497922,0.0
261.991,-3.3896718791549834,-5.632285857888673,0.0
262.0,-3.3897066366760646,-5.635397345065477,0.0
262.091,-3.3912633678718733,-5.667401784899576,0.0
262.1,-3.3915131425153517,-5.670541669917062,0.0
262.191,-3.392873450083065,-5.701469657893419,0.0
262.291,-3.394399067870491,-5.733413004473436,0.0
262.3,-3.39459725519073,-5.735808732564941,0.0
262.391,-3.3954306857552896,-5.760501628672596,0.0
262.4,-3.3956332330491272,-5.76307853534133,0.0
262.491,-3.395975859749473,-5.7906135926255775,0.0
262.6,-3.396362318928173,-5.828043922538889,0.0
262.691,-3.3965987101302764,-5.85585613169569,0.0
262.791,-3.396739581645495,-5.877295818492527,0.0
262.8,-3.396754377105869,-5.87887076688965,0.0
262.891,-3.3965640975849865,-5.892311270103946,0.0
262.9,-3.3965104159204276,-5.893447639026878,0.0
262.991,-3.3960607102596554,-5.9030789114922655,0.0
263.091,-3.394919045952667,-5.913112025555804,0.0
263.191,-3.393135926896919,-5.923080033451527,0.0
263.2,-3.392952454716444,-5.923991155232463,0.0
263.291,-3.3907236384545656,-5.9330009643476025,0.0
263.3,-3.3904783537140766,-5.933829816917387,0.0
263.391,-3.3876746770179236,-5.942639890684715,0.0
263.4,-3.3873559857621154,-5.943507371148125,0.0
263.491,-3.3840293236028063,-5.952595840274132,0.0
263.5,-3.3836624466020733,-5.953533254588443,0.0
263.591,-3.3798211842773855,-5.962351023250285,0.0
263.691,-3.3754470819612377,-5.972013257488086,0.0
263.7,-3.3749962383646777,-5.9729632289783,0.0
263.791,-3.3705949229495866,-5.981473175077044,0.0
263.891,-3.365367866923831,-5.990153777891314,0.0
263.9,-3.3648391545390464,-5.990914155080174,0.0
263.991,-3.359726267231416,-5.998540800540863,0.0
264.0,-3.3591926416238844,-5.999282262855066,0.0
264.091,-3.353537906404008,-6.006574827158128,0.0
264.1,-3.35293996634516,-6.00728731829263,0.0
264.191,-3.3491864003657548,-6.011392755113454,0.0
264.2,-3.349071415458097,-6.011498745862365,0.0
264.291,-3.351497967595499,-6.008987077996189,0.0
264.3,-3.3518319308134945,-6.00847001616754,0.0
264.391,-3.3597549135411744,-6.000776419387209,0.0
264.4,-3.3606220319012965,-5.999998836021476,0.0
264.491,-3.3714094802877117,-5.990707996334559,0.0
264.591,-3.381428880171978,-5.983341208367936,0.0
264.691,-3.383148238753291,-5.981712096150919,0.0
264.791,-3.3752998841082755,-5.985302530657174,0.0
264.891,-3.358277833384589,-5.991370634107117,0.0
264.991,-3.335669116012595,-5.997169095285977,0.0
265.0,-3.333595505042152,-5.997596362680478,0.0
265.091,-3.308951950833598,-6.002854421002076,0.0
265.191,-3.279329120011892,-6.008247961425,0.0
265.291,-3.2451518339997136,-6.014109437547502,0.0
265.3,-3.2420480663164972,-6.014493616752234,0.0
265.391,-3.2120904745689693,-6.019349341878627,0.0
265.4,-3.209152560993079,-6.019687444161782,0.0
265.491,-3.180141129824651,-6.0240981063592685,0.0
265.591,-3.152683201455192,-6.02740623003663,0.0
265.6,-3.150081734495778,-6.027817473687773,0.0
265.691,-3.124492001677129,-6.03016368290399,0.0
265.791,-3.097166346251487,-6.03177899680761,0.0
265.891,-3.069248072121271,-6.032866321676911,0.0
265.991,-3.040971978893785,-6.033040037182993,0.0
266.0,-3.0384541254372603,-6.033038941614225,0.0
266.091,-3.0140184018499463,-6.032249807596871,0.0
266.191,-2.9861714220333484,-6.031015900893016,0.0
266.291,-2.9587432494255688,-6.028786739116934,0.0
266.3,-2.95654749535501,-6.028468093295208,0.0
266.391,-2.931127284796437,-6.025864998821811,0.0
266.491,-2.9034256076936638,-6.022062125649205,0.0
266.5,-2.900953937660855,-6.0217419958300535,0.0
266.591,-2.8769189470790715,-6.0173208104646765,0.0
266.6,-2.8745087283122244,-6.0168792604822325,0.0
266.691,-2.849178055923276,-6.011969149254646,0.0
266.791,-2.8217184295653954,-6.005770339876607,0.0
266.8,-2.819251663821688,-6.005202347644806,0.0
266.891,-2.7952136820798685,-5.998885091936168,0.0
266.9,-2.792694363264917,-5.998213688301189,0.0
266.991,-2.76808833112959,-5.991180499110815,0.0
267.091,-2.7417966750872607,-5.982863221704323,0.0
267.191,-2.715631171557864,-5.973656091080307,0.0
267.291,-2.6893474434317963,-5.963442406016399,0.0
267.391,-2.6646225262056045,-5.953138779399222,0.0
267.491,-2.6390946164017226,-5.941571513031227,0.0
267.591,-2.6141137900165985,-5.929237746373172,0.0
267.691,-2.590238991820995,-5.91664720343071,0.0
267.791,-2.565685543221502,-5.902844137541796,0.0
267.891,-2.5424935924237975,-5.888856988583922,0.0
267.991,-2.5188912146541553,-5.873664210898862,0.0
268.091,-2.495740977964074,-5.857722685790893,0.0
268.191,-2.4735280106270894,-5.8414778880548495,0.0
268.291,-2.4512019922501613,-5.824237223081212,0.0
268.391,-2.4278202305459162,-5.804853554931579,0.0
268.491,-2.402302076539855,-5.783101008867393,0.0
268.591,-2.3759097763111447,-5.760492355683292,0.0
268.691,-2.350422435620105,-5.738633826676745,0.0
268.791,-2.3250805575860722,-5.7160997571182115,0.0
268.891,-2.299464704308187,-5.693279713376702,0.0
268.991,-2.273485376550489,-5.670109751027783,0.0
269.091,-2.247480755381111,-5.647173263658589,0.0
269.191,-2.221566493540761,-5.6243889972949,0.0
269.291,-2.1964389557064714,-5.602094973905349,0.0
269.391,-2.1711100363205413,-5.5788848743479225,0.0
269.491,-2.1464154157377466,-5.556169557972713,0.0
269.591,-2.120967343337871,-5.532805484791045,0.0
269.691,-2.0963690671727404,-5.509749804762299,0.0
269.791,-2.071248233025418,-5.486138002011368,0.0
269.891,-2.0465432473905047,-5.462774736250039,0.0
269.991,-2.021474118572325,-5.439042205138692,0.0
270.091,-1.997338798350162,-5.4161117338446445,0.0
270.191,-1.9725773471592782,-5.392190903798639,0.0
270.291,-1.9483957898782387,-5.368098605085463,0.0
270.391,-1.9248258784559278,-5.343870180200524,0.0
270.491,-1.9015737286812575,-5.319420050590575,0.0
270.591,-1.877874584197517,-5.29411224745554,0.0
270.691,-1.8546605412995771,-5.269072165576012,0.0
270.791,-1.8309313178242401,-5.243687101926973,0.0
270.891,-1.8071760098501612,-5.218102821984265,0.0
270.991,-1.7834875956863183,-5.193140758036027,0.0
271.091,-1.7600724741050922,-5.168216260090038,0.0
271.191,-1.7363072030852822,-5.143317398227709,0.0
271.291,-1.7133252339907816,-5.118737567144681,0.0
271.391,-1.6901175246374096,-5.093995516057466,0.0
271.491,-1.6668683744629036,-5.068709144588927,0.0
271.591,-1.6442259366025713,-5.04399987155947,0.0
271.691,-1.621548864411192,-5.0185250604667955,0.0
271.791,-1.5993498850714905,-4.99366881435674,0.0
271.891,-1.5767446667876146,-4.967423834864078,0.0
271.991,-1.555348362994958,-4.9420924046079575,0.0
272.091,-1.5336244440397402,-4.915402258506537,0.0
272.191,-1.5115243186064253,-4.888677450351235,0.0
272.291,-1.4897342928972366,-4.8617956286621995,0.0
272.391,-1.4684723204680694,-4.8357204127554185,0.0
272.491,-1.446843202290437,-4.808943840178345,0.0
272.591,-1.4253009300440826,-4.782375703545356,0.0
272.691,-1.4039734509463915,-4.755871455489129,0.0
272.791,-1.3827272711556235,-4.729575038717371,0.0
272.891,-1.360950256426057,-4.7028384935335845,0.0
272.991,-1.339712543461935,-4.676731044628303,0.0
273.091,-1.3181047993834234,-4.649654538384526,0.0
273.191,-1.2965146725968335,-4.623127194499144,0.0
273.291,-1.2749341456442493,-4.59608952028362,0.0
273.391,-1.2545834462445666,-4.570321772999357,0.0
273.491,-1.2332205090765478,-4.543260140374991,0.0
273.591,-1.2121082930468041,-4.516487046354871,0.0
273.691,-1.1909756241037137,-4.489411493154076,0.0
273.791,-1.1705067070930204,-4.462488637591813,0.0
273.891,-1.1492337846465654,-4.434699455955142,0.0
273.991,-1.1287787848420023,-4.407375816240609,0.0
274.091,-1.1086415872780369,-4.380310584896343,0.0
274.191,-1.0884734576025081,-4.353025578412765,0.0
274.291,-1.0683832565610258,-4.3254745058733395,0.0
274.391,-1.0485886761941479,-4.297976336539247,0.0
274.491,-1.028764558739218,-4.270136855578256,0.0
274.591,-1.0091942129300957,-4.242490119624245,0.0
274.691,-0.9889584103589573,-4.214657174979173,0.0
274.791,-0.9695200125953144,-4.18678615686034,0.0
274.891,-0.950295886172212,-4.158965744102133,0.0
274.991,-0.9312507997258189,-4.1303682774514865,0.0
275.091,-0.9125619148727985,-4.102039092458035,0.0
275.191,-0.8939063982257153,-4.073078818449383,0.0
275.291,-0.8757832864992542,-4.044773877243292,0.0
275.391,-0.8575690226010242,-4.0154628360331905,0.0
275.491,-0.8399998078468204,-3.9869640346186856,0.0
275.591,-0.8220493044469164,-3.9573674411767907,0.0
275.691,-0.8042336422957981,-3.9284308226210594,0.0
275.791,-0.7866429108121361,-3.8987080597559682,0.0
275.891,-0.7699062462578522,-3.8705245242401882,0.0
275.991,-0.752328005371557,-3.840705613866806,0.0
276.091,-0.7347421199812307,-3.81075332943259,0.0
276.191,-0.7176175373939614,-3.7812388852846226,0.0
276.291,-0.7012951377755897,-3.752538119433992,0.0
276.391,-0.6846176648130858,-3.722678878360021,0.0
276.491,-0.6683381152439241,-3.6937171730365543,0.0
276.591,-0.6511062238627527,-3.6633258969757607,0.0
276.691,-0.6346983111300348,-3.634129204605347,0.0
276.791,-0.6177220871960095,-3.6039274837447053,0.0
276.891,-0.6015616910972175,-3.574935514963729,0.0
276.991,-0.5845016682610213,-3.544532342436545,0.0
277.091,-0.568185215037068,-3.5153428879719084,0.0
277.191,-0.5511438689525663,-3.4853484285990377,0.0
277.291,-0.5345931062334739,-3.45591517862894,0.0
277.391,-0.5178497292155235,-3.4260114742903323,0.0
277.491,-0.50157414823767,-3.396486237139459,0.0
277.591,-0.4851433361772429,-3.366533518197002,0.0
277.691,-0.4691820126424225,-3.3370018072665415,0.0
277.791,-0.45254823904307395,-3.307083523444865,0.0
277.891,-0.43610716967017504,-3.277299218628358,0.0
277.991,-0.42013326286745173,-3.249345634154123,0.0
278.091,-0.4070661144908716,-3.2255880266628316,0.0
278.191,-0.3946715763017684,-3.2007060808444563,0.0
278.291,-0.382672116695075,-3.1753638200684806,0.0
278.391,-0.3714391139237328,-3.149573185864621,0.0
278.491,-0.36106980558256685,-3.123931408485498,0.0
278.591,-0.35071182617271407,-3.095571545051561,0.0
278.691,-0.3393893716542689,-3.0638095174657023,0.0
278.791,-0.32788743085472494,-3.0317361712946753,0.0
278.891,-0.31691809136257015,-3.001514777553271,0.0
278.991,-0.3076147417768108,-2.974769145378601,0.0
279.091,-0.2993453294520519,-2.948557756353071,0.0
279.191,-0.291697726984877,-2.9218810506113715,0.0
279.291,-0.28420770657386213,-2.8924307067230464,0.0
279.391,-0.2764019668147742,-2.8599833618249866,0.0
279.491,-0.26838073589261613,-2.8261137064881043,0.0
279.591,-0.2605615270081843,-2.792756383781994,0.0
279.691,-0.252732843246612,-2.7586983889525554,0.0
279.791,-0.2454536737287976,-2.725671179368012,0.0
279.891,-0.23812663336487452,-2.6918022644668738,0.0
279.991,-0.23094819037763517,-2.6579843393374807,0.0
280.091,-0.22395302417019444,-2.6239423731917446,0.0
280.191,-0.2171730552925784,-2.5905118400137774,0.0
280.291,-0.21028451651690294,-2.5565725002269004,0.0
280.391,-0.20377235184353842,-2.523362468871054,0.0
280.491,-0.1972056463516359,-2.489345128337713,0.0
280.591,-0.19084994155743631,-2.4562087363972673,0.0
280.691,-0.18426494199718163,-2.4224592847958175,0.0
280.791,-0.1777864038098045,-2.389191392993083,0.0
280.891,-0.17126582651471833,-2.35572619271673,0.0
280.991,-0.16488548256268512,-2.322337995777716,0.0
281.091,-0.15829220350893108,-2.2887781818685125,0.0
281.191,-0.1516943279476374,-2.254713739594321,0.0
281.291,-0.14555280859678305,-2.221490223286464,0.0
281.391,-0.13949229117968862,-2.1881594554497568,0.0
281.491,-0.13331190227400344,-2.154343660745703,0.0
281.591,-0.1270793195032722,-2.1197809960656926,0.0
281.691,-0.1212297520807777,-2.0866288348227386,0.0
281.791,-0.11525576465137173,-2.0522326345961552,0.0
281.891,-0.10952184016159291,-2.018879569248753,0.0
281.991,-0.1038432428766311,-1.9851413000668385,0.0
282.091,-0.09814273423953275,-1.9515777665496783,0.0
282.191,-0.09224406393657857,-1.9172687902596723,0.0
282.291,-0.08695572039474,-1.8839237433832747,0.0
282.391,-0.08150688752130576,-1.8498323890112136,0.0
282.491,-0.07616823524017419,-1.8163613939292582,0.0
282.591,-0.0706808499352875,-1.7821715818646788,0.0
282.691,-0.0655266812595233,-1.7490404185153825,0.0
282.791,-0.060327290862136784,-1.71490111973713,0.0
282.891,-0.055237664288528214,-1.681336536118177,0.0
282.991,-0.05014690451061412,-1.6466265694351983,0.0
283.091,-0.045418150896310176,-1.6129656475329521,0.0
283.191,-0.040923639218838986,-1.5782545683494669,0.0
283.291,-0.036661601153262544,-1.544142583261951,0.0
283.391,-0.03266423506219888,-1.509941103689883,0.0
283.491,-0.028807484756516184,-1.4764284166457582,0.0
283.591,-0.02487100785356613,-1.4420938399255845,0.0
283.691,-0.020833572415750894,-1.4078661601138736,0.0
283.791,-0.016889609176626772,-1.3740230931724375,0.0
283.891,-0.01309613154200053,-1.3404805817452323,0.0
283.991,-0.00931402591693797,-1.3061081564528978,0.0
284.091,-0.005335914771338756,-1.27187022430371,0.0
284.191,-0.0015761506679088236,-1.2384093125205695,0.0
284.291,0.0021534846718376855,-1.204874627291432,0.0
284.391,0.005928106862317218,-1.1709381979147682,0.0
284.491,0.009787466389314546,-1.1368984743849344,0.0
284.591,0.01332269957908058,-1.1035884459594856,0.0
284.691,0.016902422686363588,-1.069421785794687,0.0
284.791,0.020206854482663145,-1.0357582183067637,0.0
284.891,0.023686799271272596,-1.0011389727667441,0.0
284.991,0.026772700892512363,-0.9668238026402197,0.0
285.091,0.029849833593854676,-0.9325071636720393,0.0
285.191,0.03290496644911569,-0.8981804004920108,0.0
285.291,0.036042586248701304,-0.8634298447711525,0.0
285.391,0.038801883126117154,-0.8295185142194178,0.0
285.491,0.04144833956037725,-0.7946495534457217,0.0
285.591,0.043989793161934326,-0.7603977927136545,0.0
285.691,0.0466471114776551,-0.7254507915744514,0.0
285.791,0.049100914038574264,-0.6912770330036879,0.0
285.891,0.05151545855496477,-0.6567953485905265,0.0
285.991,0.053900938616420146,-0.6229784148731554,0.0
286.091,0.056290666032444675,-0.5881245573638452,0.0
286.191,0.058238652948678575,-0.5545707442871443,0.0
286.291,0.06017720327645458,-0.5201045344549957,0.0
286.391,0.06214802396730251,-0.48650859903770255,0.0
286.491,0.06408390885665063,-0.4520083076082024,0.0
286.591,0.06579316997099845,-0.41841957951563197,0.0
286.691,0.06776217937460263,-0.3835541160091094,0.0
286.791,0.06928855564453416,-0.34960850807276483,0.0
286.891,0.07078568942850194,-0.314736078254514,0.0
286.991,0.07226324218764782,-0.28015605681717115,0.0
287.091,0.0736955280496856,-0.2460749382792978,0.0
287.191,0.07499690664606873,-0.2124636485666885,0.0
287.291,0.07632179486230639,-0.17800321063746158,0.0
287.391,0.0775964930987671,-0.14380256180676687,0.0
287.491,0.07870802519211033,-0.11014937510012937,0.0
287.591,0.07991133909632188,-0.07557733427194407,0.0
287.691,0.08090393207074582,-0.041727260722506876,0.0
287.791,0.08193106738056083,-0.00762954671471387,0.0
287.891,0.08294513391608489,0.026876934716170912,0.0
287.991,0.08395776791885332,0.061710707346622796,0.0
288.091,0.0847720277084978,0.09569292152712779,0.0
288.191,0.0855508974297672,0.13004153049805997,0.0
288.291,0.08628773893442121,0.16415061635492392,0.0
288.391,0.08693102435473615,0.19895986270399496,0.0
288.491,0.08751052716742128,0.2330184105976585,0.0
288.591,0.0880343516718363,0.26745292893660483,0.0
288.691,0.08855607421835654,0.30116156567902946,0.0
288.791,0.08902056303469622,0.33578119199089623,0.0
288.891,0.0894798583532979,0.36882175963841146,0.0
288.991,0.08987091842643485,0.40316019117968177,0.0
289.091,0.09014184144778901,0.43680691779377223,0.0
289.191,0.09029424950316878,0.4712726034828108,0.0
289.291,0.09034310764148547,0.5045541811013162,0.0
289.391,0.09024996978877695,0.5392397824383204,0.0
289.491,0.09015236071591093,0.5726123733980746,0.0
289.591,0.0898593771123729,0.6071193287596796,0.0
289.691,0.08955837154208626,0.6405093752320088,0.0
289.791,0.0891486100258192,0.6749232937304237,0.0
289.891,0.08878500317890645,0.708252257469721,0.0
289.991,0.08836510845756304,0.7427013045782042,0.0
290.091,0.08795211010159289,0.7761735426460105,0.0
290.191,0.08734309008024518,0.8104115958169745,0.0
290.291,0.08674150717677347,0.8440858998226357,0.0
290.391,0.0859828892926609,0.8781325703989836,0.0
290.491,0.08528115467967781,0.9119954355119868,0.0
290.591,0.08451727226436631,0.945981225359939,0.0
290.691,0.083774092032835,0.9798930968267298,0.0
290.791,0.08300360422885776,1.0134459849944877,0.0
290.891,0.08217241240054739,1.0471466762958295,0.0
290.991,0.081247504866335,1.0810763119290236,0.0
291.091,0.08026132546924519,1.1154470801558645,0.0
291.191,0.07914207185678367,1.1489952132191725,0.0
291.291,0.07790829297479474,1.1831429729461818,0.0
291.391,0.07665663937521697,1.216414173236147,0.0
291.491,0.07519304255097374,1.2506441446394034,0.0
291.591,0.07382192083625011,1.283984484731581,0.0
291.691,0.07229903720680929,1.3181806735013106,0.0
291.791,0.07087585952787949,1.3517637016290234,0.0
291.891,0.06910153344084403,1.386351453340028,0.0
291.991,0.06756108722104336,1.419730259826707,0.0
292.091,0.06583535028684352,1.4540301557219582,0.0
292.191,0.06424448539368924,1.4875730265446592,0.0
292.291,0.06228684596064651,1.5221345197270606,0.0
292.391,0.06062378035255813,1.5553071120784667,0.0
292.491,0.05849257064555468,1.589757244761706,0.0
292.591,0.05661224790429379,1.6229924595927978,0.0
292.691,0.05435344053868839,1.6572662240415288,0.0
292.791,0.05224197019424437,1.6909133803540024,0.0
292.891,0.04970109710010352,1.7256186477612983,0.0
292.991,0.047440351775770495,1.7588888452018991,0.0
293.091,0.04477365264967555,1.7932642840392679,0.0
293.191,0.042298246183178026,1.8265788267426948,0.0
293.291,0.03941772419037073,1.8610539421902024,0.0
293.391,0.036734267547817875,1.8944220074304452,0.0
293.491,0.0337345167917351,1.9289103748023304,0.0
293.591,0.030956371238709816,1.9624910281566799,0.0
293.691,0.02781255081801893,1.9970216146027344,0.0
293.791,0.02461494574536321,2.0312616609712375,0.0
293.891,0.021401644778723354,2.0651037155282745,0.0
293.991,0.018246779876355486,2.0983966842675765,0.0
294.091,0.014656376239869104,2.132443507917076,0.0
294.191,0.011146330261545344,2.166051353367647,0.0
294.291,0.007441770519196513,2.1997104058636734,0.0
294.391,0.003760003008914685,2.2334198881612353,0.0
294.491,3.65791761318953e-05,2.2668802735287916,0.0
294.591,-0.003913451985675855,2.3009522920954963,0.0
294.691,-0.007875139125402447,2.3345426826532534,0.0
294.791,-0.012060801114407192,2.368614841278528,0.0
294.891,-0.01625526978506969,2.4020133532569687,0.0
294.991,-0.020715722329950108,2.4361060651994753,0.0
295.091,-0.025005960838474752,2.4694488239603887,0.0
295.191,-0.0294335887438227,2.5033545922707,0.0
295.291,-0.03385258716701172,2.536826455898486,0.0
295.391,-0.03876266950991246,2.5715956982182444,0.0
295.491,-0.04343805330661117,2.60495352825293,0.0
295.591,-0.048309545880263156,2.6390199017425724,0.0
295.691,-0.05288036686725963,2.6719007331883384,0.0
295.791,-0.0579538874082312,2.705983513275597,0.0
295.891,-0.06260560068881732,2.7388252298005393,0.0
295.991,-0.06816701099974051,2.7733375234426045,0.0
296.091,-0.07326963731128311,2.8063793492248688,0.0
296.191,-0.0790365425274284,2.8404996349284093,0.0
296.291,-0.08445816735195576,2.873435873779644,0.0
296.391,-0.09039552525606578,2.9076649095961122,0.0
296.491,-0.09594129063396482,2.9407653289010303,0.0
296.591,-0.10193192103699583,2.9747626134691503,0.0
296.691,-0.10774324115648962,3.007778632531335,0.0
296.791,-0.11398849411407205,3.042030005084159,0.0
296.891,-0.12015666582018193,3.07522893059302,0.0
296.991,-0.12674276731719422,3.109353023207213,0.0
297.091,-0.13315574021662152,3.1427044449520447,0.0
297.191,-0.13976966751173686,3.176148231290397,0.0
297.291,-0.1463130871506927,3.2090238473829875,0.0
297.393,-0.15329021605154655,3.2433444463939094,0.0
297.493,-0.15991732517160484,3.2762809076992556,0.0
297.593,-0.16682396993637308,3.3096297508655663,0.0
297.693,-0.17361600890565568,3.3426495695291,0.0
297.793,-0.18077537941558605,3.376011414303452,0.0
297.893,-0.1877817922592081,3.4088950183643276,0.0
297.993,-0.19519115317880395,3.4423571225112326,0.0
298.093,-0.202904986971764,3.4761310078119534,0.0
298.193,-0.21028735882187244,3.508643687330819,0.0
298.293,-0.21792331499806186,3.5417739693875263,0.0
298.393,-0.22555829396369695,3.5747377353863166,0.0
298.493,-0.23369205258207387,3.608816973101525,0.0
298.593,-0.2414039125887614,3.641835448868205,0.0
298.693,-0.2495712965642398,3.675128231356224,0.0
298.793,-0.25765364109932276,3.7076536476824633,0.0
298.893,-0.2663363453839848,3.7414193875039143,0.0
298.993,-0.2746025032084699,3.7738648328452933,0.0
299.093,-0.28332073852741285,3.8069955729129257,0.0
299.193,-0.29196644615241996,3.839672671895707,0.0
299.293,-0.30086758226147564,3.8730117880099724,0.0
299.393,-0.30924136566996563,3.9051678068783335,0.0
299.493,-0.3182289114579653,3.9384170188672427,0.0
299.593,-0.32707747973831913,3.970741696785965,0.0
299.693,-0.3363241011905398,4.003992957132099,0.0
299.793,-0.34511671451277015,4.036259458941813,0.0
299.893,-0.354681412486176,4.069572331832756,0.0
299.993,-0.3641312142987421,4.101745725503843,0.0
300.095,-0.374260590375759,4.135479317542572,0.0
300.195,-0.3838073722771106,4.167541119475478,0.0
300.295,-0.3936975929958224,4.200464103514084,0.0
300.395,-0.40326799587081097,4.2322318842967865,0.0
300.495,-0.4134308421972926,4.265368818740424,0.0
300.595,-0.42306612891327705,4.297363652365648,0.0
300.695,-0.4333677935867327,4.3307816100298755,0.0
300.795,-0.4434963062667627,4.3632398651984365,0.0
300.895,-0.4542017498595979,4.396053669084814,0.0
300.995,-0.4648058087626545,4.428284979642742,0.0
301.095,-0.47555165173592673,4.460834186963534,0.0
301.195,-0.4861797277140216,4.492805936436195,0.0
301.295,-0.4972670697762877,4.525306317944861,0.0
301.395,-0.5083194113712268,4.557466149948779,0.0
301.495,-0.519379843451612,4.589432306122116,0.0
301.595,-0.5304450762001505,4.62142837316007,0.0
301.695,-0.5415421150493582,4.653548993391009,0.0
301.795,-0.5528751655414139,4.685863905179732,0.0
301.895,-0.5638643397713152,4.717353945581766,0.0
301.995,-0.5754887972095935,4.7500399670744535,0.0
302.095,-0.5867860102178578,4.781862461383982,0.0
302.195,-0.5981175031206553,4.81415553772811,0.0
302.295,-0.6097004472928578,4.84656982522339,0.0
302.395,-0.6215087406464994,4.879149392891008,0.0
302.495,-0.6329984039815653,4.910823488988028,0.0
302.595,-0.6448236989079904,4.94315406478294,0.0
302.695,-0.6562648603321267,4.974479337295672,0.0
302.795,-0.6683865046367977,5.0069644721383115,0.0
302.895,-0.6801908529194559,5.038802393525279,0.0
302.995,-0.6926069982964478,5.071299779617149,0.0
303.095,-0.7045756658073544,5.1026117654895184,0.0
303.195,-0.7173157379188294,5.1350479435122045,0.0
303.295,-0.7292195202987538,5.165841731374704,0.0
303.395,-0.7419189704121705,5.197894917755985,0.0
303.495,-0.7541867079987684,5.228943318359537,0.0
303.595,-0.7667695929146359,5.260905994641398,0.0
303.695,-0.7790310147159228,5.291898388604623,0.0
303.795,-0.7917888244753613,5.324098718219662,0.0
303.895,-0.8044668665579147,5.355550803209361,0.0
303.995,-0.8175427358190489,5.387576112206178,0.0
304.095,-0.8302347528929734,5.418822872652973,0.0
304.195,-0.8433029456439977,5.450650695273751,0.0
304.295,-0.8562660589451216,5.481765081979736,0.0
304.395,-0.8695758772818306,5.51345266900559,0.0
304.495,-0.8825231059463073,5.544406108100186,0.0
304.595,-0.896062811897385,5.5762963282975955,0.0
304.695,-0.9098387647457851,5.608044526834276,0.0
304.795,-0.9231817814048348,5.639133621023403,0.0
304.895,-0.9374278120033479,5.670439449349591,0.0
304.995,-0.9512777059073628,5.701340235327453,0.0
305.095,-0.9652836676838747,5.73235830265492,0.0
305.195,-0.97922565542023,5.762752452146709,0.0
305.295,-0.9938328427883875,5.794236979005272,0.0
305.395,-1.0071335399035297,5.822805970055837,0.0
305.495,-1.0194281841099686,5.847611761286424,0.0
305.595,-1.0326321246451529,5.872071529093076,0.0
305.695,-1.0464406774522945,5.896072567181522,0.0
305.795,-1.0611201065658276,5.919672154883249,0.0
305.895,-1.0745595982246523,5.939842651981675,0.0
305.995,-1.0831228956406949,5.951946022229903,0.0
306.095,-1.0898637777211164,5.960603833862145,0.0
306.195,-1.0971187281454469,5.968781632068713,0.0
306.295,-1.1076060564698273,5.979356192172053,0.0
306.395,-1.1258346389367462,5.995916273069193,0.0
306.495,-1.1465087458306271,6.013423465959591,0.0
306.595,-1.1684512139136995,6.031140384536088,0.0
306.695,-1.1899713374918643,6.047380848867955,0.0
306.795,-1.2127774522082269,6.063801501839629,0.0
306.895,-1.2358372613893331,6.079333900096388,0.0
306.995,-1.2585550708323345,6.09361798087011,0.0
307.095,-1.2825970939569316,6.1080063788048,0.0
307.195,-1.3066213809168374,6.121352934079179,0.0
307.295,-1.3309122193026865,6.134012544371253,0.0
307.395,-1.3559924729915118,6.146005604162332,0.0
307.495,-1.380358753467515,6.156724037747254,0.0
307.595,-1.4062843654388806,6.167555730894483,0.0
307.695,-1.432362184439879,6.177592146563286,0.0
307.795,-1.458406139523924,6.186623787543782,0.0
307.895,-1.4853947660244264,6.195205432524759,0.0
307.995,-1.5119480675122927,6.202727479249678,0.0
308.095,-1.5390304890046542,6.209558967495716,0.0
308.195,-1.5662938789535639,6.215369301144346,0.0
308.295,-1.5927230843803777,6.220042810030832,0.0
308.395,-1.6205965456810165,6.224442358743013,0.0
308.495,-1.6480235377084547,6.227958230650489,0.0
308.595,-1.6757311402371062,6.230726898541138,0.0
308.695,-1.70375750386882,6.232807691050051,0.0
308.795,-1.7310482921083739,6.23390255282719,0.0
308.895,-1.7615315461397971,6.23452617449347,0.0
308.995,-1.795301874129226,6.235270719577741,0.0
309.095,-1.8292483934548969,6.236418839091253,0.0
309.195,-1.8633085742665234,6.237477407156038,0.0
309.295,-1.8976158350567103,6.2385322703902055,0.0
309.395,-1.9320939794986567,6.239943473255353,0.0
309.495,-1.9662689036917058,6.241394110090005,0.0
309.595,-1.9980438850459283,6.242675122208595,0.0
309.695,-2.0257452020983715,6.243347510326724,0.0
309.795,-2.0562209760294072,6.243349314663414,0.0
309.895,-2.0904523404480435,6.24298926855753,0.0
309.995,-2.124566254945027,6.242829011048593,0.0
310.095,-2.1586999055153644,6.242487541345671,0.0
310.195,-2.193179776876826,6.2421724843211,0.0
310.295,-2.22677924997584,6.241842496524801,0.0
310.395,-2.260985630039532,6.241584877526287,0.0
310.495,-2.295045937351347,6.241036770467157,0.0
310.595,-2.3288875341483175,6.240113290204926,0.0
310.695,-2.3629247615399867,6.239316525264626,0.0
310.795,-2.397247069715465,6.23852896374313,0.0
310.895,-2.4309492752017268,6.237655372053965,0.0
310.995,-2.4646661482192793,6.236881775150079,0.0
311.095,-2.4982489550670275,6.235704699330151,0.0
311.195,-2.531884767835682,6.23464896768371,0.0
311.295,-2.5659013351333613,6.233366622041055,0.0
311.395,-2.600459740687853,6.231948962238146,0.0
311.495,-2.63456710600713,6.2307000964499935,0.0
311.595,-2.6686444349380074,6.229476645532281,0.0
311.695,-2.7024587810644434,6.228521332740059,0.0
311.795,-2.7369013492527707,6.227318936850986,0.0
311.895,-2.7704366367021644,6.226237855268191,0.0
311.995,-2.8039150305613947,6.225024076310165,0.0
312.095,-2.8382527036950123,6.224155296073219,0.0
312.195,-2.8695465738572445,6.222995404570035,0.0
312.295,-2.890938474716958,6.222006271145759,0.0
312.395,-2.905610075244998,6.22104145003669,0.0
312.495,-2.9162076276073776,6.219652046917681,0.0
312.595,-2.926867752370757,6.217650620449327,0.0
312.695,-2.937551533797924,6.21478695786411,0.0
312.795,-2.948156767649326,6.212063570743374,0.0
312.895,-2.9586144147784923,6.2087374536988,0.0
312.995,-2.9686752051952503,6.204791890731097,0.0
313.095,-2.9784370778757308,6.20028079762126,0.0
313.195,-2.9878928805458917,6.195085933421653,0.0
313.295,-2.9971226255058356,6.189418992127199,0.0
313.395,-3.005953049826361,6.183233288907265,0.0
313.495,-3.0144612603773724,6.176423444323532,0.0
313.595,-3.022685297415818,6.168951844172004,0.0
313.695,-3.027519530550543,6.163897126700065,0.0
313.795,-3.0245928873106522,6.166140468606882,0.0
313.895,-3.0167002857801233,6.174101884538154,0.0
313.995,-3.0073727821615,6.185250825880111,0.0
314.095,-3.0011766308338563,6.193726062213054,0.0
314.195,-3.0004551980683236,6.193674772785092,0.0
314.295,-3.003517824171264,6.18466128480172,0.0
314.395,-3.0082412158832486,6.166599845343446,0.0
314.495,-3.0129285140027102,6.142700483297729,0.0
314.595,-3.0173233781703037,6.113438640636526,0.0
314.695,-3.0217812362833527,6.080322785742437,0.0
314.795,-3.0262939661740176,6.046218741814477,0.0
314.895,-3.030539142073378,6.012555603717334,0.0
314.995,-3.034856559582303,5.978339826757356,0.0
315.095,-3.0385754256100386,5.9449126230476965,0.0
315.195,-3.0424593142164764,5.910384687972198,0.0
315.295,-3.046299622202276,5.87636710105974,0.0
315.395,-3.0501569778126845,5.842018585662239,0.0
315.495,-3.054147547162516,5.808372166002831,0.0
315.595,-3.058001864532127,5.774360403065025,0.0
315.695,-3.061482620989136,5.740614557227852,0.0
315.795,-3.0651866075966683,5.7063414848643275,0.0
315.895,-3.068467517771805,5.672374972539668,0.0
315.995,-3.0717558059806103,5.638015762641443,0.0
316.095,-3.074885180686608,5.603783258930137,0.0
316.195,-3.0779301203354965,5.570059500849283,0.0
316.295,-3.080840723652655,5.535439988403608,0.0
316.395,-3.0833215696017375,5.501788771857133,0.0
316.495,-3.0853469456859894,5.467043151508096,0.0
316.595,-3.087142015718687,5.433040125649207,0.0
316.695,-3.0885724543093342,5.398617361250442,0.0
316.795,-3.089803679256526,5.36485234713395,0.0
316.895,-3.0906590094947983,5.329800329414075,0.0
316.995,-3.091329927176585,5.296102073777601,0.0
317.095,-3.0916408108340083,5.261460616893473,0.0
317.195,-3.0918412017524344,5.227228603895295,0.0
317.295,-3.0920354594921786,5.19218093898797,0.0
317.395,-3.0922461901530283,5.158483473321333,0.0
317.495,-3.09193685031553,5.123834676531601,0.0
317.595,-3.0917269247193695,5.089811839683137,0.0
317.695,-3.0910858558515955,5.0547679810133745,0.0
317.795,-3.0902607575601686,5.021079581617231,0.0
317.895,-3.089193126607111,4.986469305556873,0.0
317.995,-3.088253148758186,4.952951438990073,0.0
318.095,-3.087161213844934,4.918565306442647,0.0
318.195,-3.0863084866532207,4.885050380354661,0.0
318.295,-3.0846239092237995,4.849800039948836,0.0
318.395,-3.0829879712221326,4.816118828111575,0.0
318.495,-3.080876307591337,4.7813481664674855,0.0
318.595,-3.078311096794654,4.747659941819822,0.0
318.695,-3.0753371833023637,4.7129358863420565,0.0
318.795,-3.071904841397134,4.679225102129935,0.0
318.895,-3.0681305081404,4.644904384041368,0.0
318.995,-3.0642589173931745,4.611205866526674,0.0
319.095,-3.0598269528858775,4.577035705131965,0.0
319.195,-3.0547313531383913,4.543105147159879,0.0
319.295,-3.0494396943403705,4.509468389038736,0.0
319.395,-3.0433875389293252,4.475837537793904,0.0
319.495,-3.036821369973998,4.442665109076814,0.0
319.595,-3.0295292756174956,4.4091733859132445,0.0
319.695,-3.021716596456676,4.376537429340342,0.0
319.795,-3.0132431709909184,4.343422213416702,0.0
319.895,-3.004897013345751,4.310408520961337,0.0
319.995,-2.995763118313148,4.276874282187738,0.0
320.095,-2.9869147159487146,4.2444842823288,0.0
320.195,-2.9774443560565635,4.2114769763913955,0.0
320.295,-2.9676986800021026,4.178431609181527,0.0
320.395,-2.957419606579914,4.145190517359691,0.0
320.495,-2.947307807728523,4.1124199369685135,0.0
320.595,-2.937090634182092,4.079567026166057,0.0
320.695,-2.9269383019909023,4.0477977594986125,0.0
320.795,-2.9155457735407064,4.014730645387277,0.0
320.895,-2.904552951431646,3.983521720828107,0.0
320.995,-2.8923083257845494,3.951086457568203,0.0
321.095,-2.8798978044507404,3.9196773786542134,0.0
321.195,-2.866643296481287,3.887600085110294,0.0
321.295,-2.853521743251237,3.856932218665732,0.0
321.395,-2.8392479765802867,3.825217308403243,0.0
321.495,-2.825275059218264,3.7945291353118065,0.0
321.595,-2.8104691914090476,3.763162667041385,0.0
321.695,-2.7958284580343253,3.7329739072857726,0.0
321.795,-2.780367904552328,3.7018450178926803,0.0
321.895,-2.765097277944115,3.6714632892624075,0.0
321.995,-2.7493476301904245,3.6406492347105663,0.0
322.095,-2.7336025525078216,3.6100366229436553,0.0
322.195,-2.717792535209205,3.578775732338072,0.0
322.295,-2.702451247642447,3.548547649259652,0.0
322.395,-2.686529135139143,3.517967682324069,0.0
322.495,-2.6702834020516293,3.4879015309261843,0.0
322.595,-2.653657107519178,3.45817500593102,0.0
322.695,-2.6366662910692105,3.4286917804440584,0.0
322.795,-2.619382199360344,3.3996303121067832,0.0
322.895,-2.6012630269010506,3.3705233019799428,0.0
322.995,-2.582774830385205,3.3416776736757,0.0
323.095,-2.5640362450728444,3.3132885498798146,0.0
323.195,-2.544944728937095,3.284683660187102,0.0
323.295,-2.5256831086357776,3.2560644049452754,0.0
323.395,-2.5065521329177667,3.2284841313151436,0.0
323.495,-2.486579515474485,3.2004012003948463,0.0
323.595,-2.4667661142592516,3.172936073083219,0.0
323.695,-2.446091899548843,3.1451363519612436,0.0
323.795,-2.425524045745076,3.1184869764946423,0.0
323.895,-2.4035689217547334,3.091240058602941,0.0
323.995,-2.382611021280441,3.0656032580433,0.0
324.095,-2.3599336789189813,3.039054983043379,0.0
324.195,-2.338018690436691,3.0136894601858844,0.0
324.295,-2.3149026288444805,2.9877616853136084,0.0
324.395,-2.2927114361917953,2.9629167121030013,0.0
324.495,-2.269171861604088,2.937262239005457,0.0
324.595,-2.246152148584232,2.913025470117149,0.0
324.695,-2.222017269581752,2.88797128408797,0.0
324.795,-2.1983663673190934,2.8642564335841216,0.0
324.895,-2.1735016450262177,2.8397475871234974,0.0
324.995,-2.1498567431028603,2.816299649785849,0.0
325.095,-2.1245903554350622,2.792211530624961,0.0
325.195,-2.099741973893856,2.7692335614031642,0.0
325.295,-2.0740247688045543,2.7462274827028743,0.0
325.395,-2.048584309398202,2.7239261252284424,0.0
325.495,-2.021945991532385,2.7012390648729636,0.0
325.595,-1.9960594182522557,2.67914428404998,0.0
325.695,-1.9696242380251598,2.6569980127786543,0.0
325.795,-1.9432200740730046,2.6354127228016946,0.0
325.895,-1.9164599597723588,2.6140588742851665,0.0
325.995,-1.8897884131780873,2.5933764627389735,0.0
326.095,-1.8625455589220996,2.5722805725243365,0.0
326.195,-1.8353478886967567,2.5517490265280616,0.0
326.295,-1.807863145855251,2.5312820122566455,0.0
326.395,-1.7800710752050943,2.510735403247488,0.0
326.495,-1.7523515255840914,2.4910057328889788,0.0
326.595,-1.724073489437128,2.4712897789226544,0.0
326.695,-1.695975863724359,2.4522482036661835,0.0
326.795,-1.667154392166672,2.4332702612605157,0.0
326.895,-1.6384684028536636,2.414430898405725,0.0
326.995,-1.6089935699078841,2.395444215885858,0.0
327.095,-1.580665127001231,2.3774180845189843,0.0
327.195,-1.5516596010264565,2.359096343499463,0.0
327.295,-1.5226028712697095,2.3411696524246173,0.0
327.395,-1.493374351824173,2.3236287449312223,0.0
327.495,-1.464001266910112,2.3057559138445844,0.0
327.595,-1.4342872064326586,2.287841877643968,0.0
327.695,-1.405567693597174,2.270678696866072,0.0
327.795,-1.375799411615115,2.25302117473302,0.0
327.895,-1.3469405656291962,2.236069280954252,0.0
327.995,-1.3163694831276993,2.218654280530547,0.0
328.095,-1.2870213625906088,2.2022097992115266,0.0
328.195,-1.2567002592381087,2.185355007845132,0.0
328.295,-1.2269637090450387,2.1692135973528384,0.0
328.395,-1.1962134396547905,2.1529416783193653,0.0
328.495,-1.1663244018440382,2.1374317696510996,0.0
328.595,-1.1349366505106033,2.1218989152834102,0.0
328.695,-1.1045701481646135,2.1072873669827703,0.0
328.795,-1.0730039497796293,2.0926653419410726,0.0
328.895,-1.0423671022336791,2.079089435461502,0.0
328.995,-1.0107370801518842,2.065214771313329,0.0
329.095,-0.9791387698668769,2.051876201265648,0.0
329.195,-0.9472320647145985,2.038843973629719,0.0
329.295,-0.9157451726459851,2.026568616860972,0.0
329.395,-0.883780424389603,2.014599156943966,0.0
329.495,-0.8521491450002899,2.0028842496195693,0.0
329.595,-0.8201388686203961,1.9910114581028342,0.0
329.695,-0.7881755466365803,1.9796024177054279,0.0
329.795,-0.7559786628728112,1.968205335376716,0.0
329.895,-0.7235592830819678,1.9571521532582274,0.0
329.995,-0.6908294473661661,1.9462221180605261,0.0
330.095,-0.6580679281306185,1.935522493923179,0.0
330.195,-0.6254270539771072,1.925297880225946,0.0
330.295,-0.5917564497448677,1.9152578494396062,0.0
330.395,-0.5589085031384009,1.905802863998973,0.0
330.495,-0.525372870659573,1.8968124454054265,0.0
330.595,-0.4930276094147496,1.8882759975549623,0.0
330.695,-0.45928672378750196,1.8800514421248582,0.0
330.795,-0.4266304627659561,1.8723388829470775,0.0
330.895,-0.3929471029448303,1.8650441221054959,0.0
330.995,-0.3593523991198588,1.8578392249665838,0.0
331.095,-0.32549934980893136,1.8505503798738485,0.0
331.195,-0.29255966991503757,1.8434558445227094,0.0
331.295,-0.2585021903998616,1.8363339912294372,0.0
331.395,-0.22548953350958095,1.8298262425593104,0.0
331.495,-0.1909496114548101,1.8234799779370887,0.0
331.595,-0.15800803885763065,1.817734316115764,0.0
331.695,-0.1236156545123163,1.8118961601401904,0.0
331.795,-0.09017376710984498,1.8066241113707002,0.0
331.895,-0.055508554919262154,1.801546351918126,0.0
331.995,-0.022118819012345494,1.796935610510915,0.0
332.095,0.012360604080667578,1.7926050713366104,0.0
332.195,0.046069546812945936,1.7889935587567425,0.0
332.295,0.0804935878054092,1.7853406285840114,0.0
332.395,0.11395268102456901,1.782344811085065,0.0
332.495,0.14825151716629464,1.779098313222154,0.0
332.595,0.18260907468450008,1.7763194100051687,0.0
332.695,0.21686859302605635,1.7738998372324952,0.0
332.795,0.25108136469411774,1.7719619697108935,0.0
332.895,0.2852454849750997,1.7704264593222176,0.0
332.995,0.31941799279604544,1.7689917065279412,0.0
333.095,0.35397320184531106,1.7673398431099232,0.0
333.195,0.3886358510337645,1.765865161137846,0.0
333.295,0.4230956253869154,1.764953218063049,0.0
333.395,0.457460890985282,1.7645487702599096,0.0
333.495,0.49214004782574444,1.764140734519592,0.0
333.595,0.5268765069174728,1.7641078874673348,0.0
333.695,0.5613021083879485,1.7643523271891075,0.0
333.795,0.5956484340885564,1.7649697379408196,0.0
333.895,0.6294421261736798,1.7656655250564537,0.0
333.995,0.6643349135484482,1.7667823259949935,0.0
334.095,0.6977043861819159,1.7678057803772642,0.0
334.195,0.7323985675117707,1.7695148680655717,0.0
334.295,0.7661028249005036,1.7711690356787289,0.0
334.395,0.8006642037405309,1.7733789595882556,0.0
334.495,0.8342823016744088,1.775896887961592,0.0
334.595,0.8689339254823706,1.779023825876189,0.0
334.695,0.902215275916463,1.7824075945186728,0.0
334.795,0.9372341311733138,1.786547078324327,0.0
334.895,0.9706470791347658,1.790853520222568,0.0
334.995,1.0050991835738248,1.795893019904856,0.0
335.095,1.038522689564085,1.8009164493234446,0.0
335.195,1.0728420045037252,1.8064445833102223,0.0
335.295,1.1060254686163384,1.8113314083818326,0.0
335.395,1.1401266874319034,1.817085365876561,0.0
335.495,1.172935140204327,1.8223311105715487,0.0
335.595,1.2069592542972842,1.8285664932485783,0.0
335.695,1.2398237995820862,1.8345101953442784,0.0
335.795,1.2737822276183242,1.8416287253561079,0.0
335.895,1.306609910595786,1.8490996047146997,0.0
335.995,1.3400586840153441,1.8568542354580346,0.0
336.095,1.372970994056975,1.8644822015245313,0.0
336.195,1.406494418379575,1.8728253562997867,0.0
336.295,1.4394289441203003,1.881229421806247,0.0
336.395,1.4722980870632765,1.8905098322052496,0.0
336.495,1.5046665043792344,1.8999566251843132,0.0
336.595,1.537434478057257,1.909744581569189,0.0
336.695,1.5699048773471846,1.9200206997560139,0.0
336.795,1.6023013631927303,1.9308993217398427,0.0
336.895,1.6348601437247139,1.9423649146978055,0.0
336.995,1.6665888925288375,1.9540525847499095,0.0
337.095,1.6988402842294554,1.9665979651775116,0.0
337.195,1.7302867199208494,1.9789480137025606,0.0
337.295,1.7622038430227205,1.9919176992333922,0.0
337.395,1.793277375140291,2.0052154992640454,0.0
337.495,1.8247205561746191,2.019000396269168,0.0
337.595,1.855600098742903,2.0327119521076566,0.0
337.695,1.8868327844208705,2.0471418696671324,0.0
337.795,1.9169835720504849,2.061324702285012,0.0
337.895,1.948553661412498,2.0771013667342983,0.0
337.995,1.9785370303504235,2.092314861074162,0.0
338.095,2.0090746999143225,2.1080612399784546,0.0
338.195,2.0391910209529343,2.1236994719921523,0.0
338.295,2.0697319222202757,2.1400130176501886,0.0
338.395,2.097150612402235,2.1547096104771173,0.0
338.495,2.1216831065561403,2.1688324720268124,0.0
338.595,2.145087847634574,2.1832857330477493,0.0
338.695,2.1684992080354943,2.1985534940985607,0.0
338.795,2.1911050235815304,2.214441104105588,0.0
338.895,2.2131503419436256,2.2309688688666434,0.0
338.995,2.2351827667216737,2.2482668486281896,0.0
339.095,2.256288618482607,2.266145199938608,0.0
339.195,2.2769567679710074,2.2845027149796344,0.0
339.295,2.2971642669226546,2.303720372230126,0.0
339.395,2.316597335353315,2.323176377762697,0.0
339.495,2.3357172172344662,2.343307533042834,0.0
339.596,2.351538305567689,2.361223924250816,0.0
339.696,2.3605350344470035,2.3723570703763732,0.0
339.796,2.3670808620231862,2.3811898876325914,0.0
339.896,2.375480119335436,2.3935707584689134,0.0
339.996,2.38781483441274,2.414177130611444,0.0
340.096,2.401143168614645,2.4385795106700665,0.0
340.196,2.4138645218349675,2.463405488465885,0.0
340.296,2.425635724377563,2.488355313048687,0.0
340.396,2.4367685555077028,2.514125673049281,0.0
340.496,2.4471181404905162,2.5396447270216145,0.0
340.596,2.456577225034603,2.5656912638673686,0.0
340.696,2.465166442349462,2.5921287461191302,0.0
340.796,2.4727386377463927,2.6178746400913258,0.0
340.896,2.4797402535077393,2.644601573965526,0.0
340.996,2.4861965482666055,2.6713494296734415,0.0
341.096,2.491803892323437,2.6985418438061397,0.0
341.196,2.49673639378826,2.7261315619579074,0.0
341.296,2.5008336987693287,2.753212446420493,0.0
341.396,2.5040990553967855,2.780800515109438,0.0
341.496,2.506644848565696,2.8088302285795503,0.0
341.597,2.508226180624576,2.8362774086805325,0.0
341.697,2.5091460978453424,2.867085265988074,0.0
341.797,2.509981053511745,2.901180994443128,0.0
341.897,2.5112686221412117,2.934776312800065,0.0
341.997,2.512830143730222,2.9694600959077913,0.0
342.097,2.5147909733904985,3.002768900144452,0.0
342.197,2.5172073012673226,3.0377130052893384,0.0
342.297,2.5196562760436993,3.0710995440488453,0.0
342.397,2.522231503211292,3.1024653887884437,0.0
342.497,2.5243337841121742,3.129958966010032,0.0
342.597,2.5252992371002723,3.1568424540760662,0.0
342.697,2.525932378316522,3.1875347197222372,0.0
342.797,2.526324902332424,3.2207157255313557,0.0
342.897,2.5269625999535124,3.255620992660843,0.0
342.997,2.5275413919339584,3.2890024470493544,0.0
343.097,2.5282513437275336,3.3233923901023603,0.0
343.197,2.528949082197533,3.357213531470459,0.0
343.297,2.5298303182052946,3.3915771574225646,0.0
343.397,2.5305884595073556,3.425091705448576,0.0
343.497,2.5315380734855992,3.459586709310606,0.0
343.597,2.532704346557189,3.493577137189317,0.0
343.697,2.533929270072793,3.5276209123997857,0.0
343.797,2.5352165590604416,3.5619743545801983,0.0
343.897,2.536471925834575,3.595485404904391,0.0
343.997,2.538121293123493,3.6296750819152717,0.0
344.097,2.5395063850206534,3.6604337814642722,0.0
344.197,2.540291068445779,3.6879593659796264,0.0
344.297,2.5402190474134865,3.7182702375327543,0.0
344.397,2.5403145837817456,3.7521074653252486,0.0
344.497,2.540348677914078,3.785866282094773,0.0
344.597,2.5405428178322333,3.819915294201804,0.0
344.697,2.5409342531482406,3.8533324019725526,0.0
344.797,2.5414667133936977,3.8881821367826483,0.0
344.897,2.541962786948175,3.9221108102676085,0.0
344.997,2.542623814655932,3.9561938645158032,0.0
345.097,2.5435385144515443,3.989744303435516,0.0
345.197,2.5444515293806815,4.024073231692614,0.0
345.297,2.545373756984147,4.057412937111095,0.0
345.397,2.546707541203923,4.092228848537002,0.0
345.497,2.548135405000364,4.124922039659701,0.0
345.597,2.549988681821499,4.156466106614281,0.0
345.697,2.5510576788771298,4.184333568601846,0.0
345.797,2.551245277063696,4.213724667362915,0.0
345.897,2.5511890844052334,4.2479737382229805,0.0
345.997,2.5512696571735227,4.281952385612792,0.0
346.097,2.551645974376073,4.316739314417105,0.0
346.197,2.551943396507447,4.3504600336930235,0.0
346.297,2.55210206146006,4.384128600478409,0.0
346.397,2.552014179829612,4.418061516029203,0.0
346.497,2.5522587070130314,4.452614235685075,0.0
346.597,2.552462643850682,4.4866738517671365,0.0
346.697,2.552926451326821,4.5211583207453865,0.0
346.797,2.5530610175832456,4.5546178726725906,0.0
346.897,2.5532123721724576,4.588611616380191,0.0
346.997,2.5534495030782884,4.622938167228282,0.0
347.097,2.5537686159970447,4.656589886887135,0.0
347.197,2.553972267275131,4.690634523567732,0.0
347.297,2.5544929223567108,4.725022696984528,0.0
347.397,2.5549449184247464,4.758880990442802,0.0
347.497,2.5553887517067344,4.792681481876936,0.0
347.597,2.5557382599649383,4.82737894346138,0.0
347.697,2.5560873199438534,4.860790182354072,0.0
347.797,2.5563937208900063,4.894689581690335,0.0
347.897,2.5567839902009806,4.92907927967684,0.0
347.997,2.5571412006260146,4.962970972726223,0.0
348.097,2.5572801215159857,4.996738435770106,0.0
348.197,2.557658659146633,5.030796217091309,0.0
348.297,2.557745989010833,5.06473448851186,0.0
348.397,2.5579597384221766,5.099050496100578,0.0
348.497,2.5580288914370533,5.132642536799046,0.0
348.597,2.558055173458451,5.167087610855886,0.0
348.697,2.558029991091737,5.200573067912717,0.0
348.797,2.5578847102238282,5.235548347029812,0.0
348.897,2.557917599538819,5.2690331490881075,0.0
348.997,2.558075979874491,5.303463648835235,0.0
349.097,2.5580159426101554,5.337439542419443,0.0
349.197,2.55787932553045,5.372182491087751,0.0
349.297,2.5579992940579483,5.405468854693831,0.0
349.397,2.5578973477030638,5.439760548798091,0.0
349.497,2.558025347329887,5.473881410748564,0.0
349.597,2.5580751700219406,5.507794675310632,0.0
349.697,2.558024879372426,5.541831612263583,0.0
349.797,2.5581030623694474,5.576324883023871,0.0
349.897,2.5579193290015114,5.60972177922512,0.0
349.997,2.5580670439390643,5.6447279405454704,0.0
350.097,2.5581829079703717,5.678686364201742,0.0
350.197,2.558061027568013,5.712080773720638,0.0
350.297,2.5578228753699728,5.746067191504969,0.0
350.397,2.557688509068556,5.780307622887108,0.0
350.497,2.5575736847942405,5.815325925112733,0.0
350.597,2.55771382811587,5.848683468883808,0.0
350.697,2.5576480926052034,5.882344265220199,0.0
350.797,2.557607797585357,5.91628373964168,0.0
350.897,2.55748577218489,5.9472739741780325,0.0
350.997,2.557344756533766,5.968168522183353,0.0
351.097,2.5569977868411224,5.982440712595665,0.0
351.197,2.5561286176959714,5.992910986751592,0.0
351.297,2.554540388395555,6.00285991755027,0.0
351.397,2.5524387878105808,6.013230542993872,0.0
351.497,2.549681687114987,6.023605447685319,0.0
351.597,2.5466491218007103,6.034069985052513,0.0
351.697,2.543048952560856,6.044300683363727,0.0
351.797,2.5390525132776456,6.05446797562508,0.0
351.897,2.5344905126648207,6.063935062895107,0.0
351.997,2.529409983946579,6.073058178327274,0.0
352.097,2.5236708154856733,6.081919592314665,0.0
352.197,2.517261055911461,6.090626812508928,0.0
352.297,2.5104255630200867,6.099034613945388,0.0
352.397,2.5058829640377454,6.103868487813044,0.0
352.497,2.5080198232450095,6.101330101964299,0.0
352.597,2.5158278116507105,6.093461262729657,0.0
352.697,2.5269011239252035,6.083882749754773,0.0
352.797,2.535210451284458,6.077782710804917,0.0
352.897,2.5354714354445242,6.076659269628223,0.0
352.997,2.527129204557387,6.079976567781711,0.0
353.097,2.509891133929129,6.0853640158132505,0.0
353.198,2.486343688195114,6.090871242189892,0.0
353.298,2.4591033149586594,6.0962522222889,0.0
353.398,2.429132861162074,6.1012092070831905,0.0
353.498,2.396026473454494,6.106621896187939,0.0
353.598,2.3617097549761485,6.111757478322194,0.0
353.698,2.3285155990542874,6.116245565890695,0.0
353.798,2.294059435503437,6.12076643017406,0.0
353.898,2.2601857692481966,6.124651489816597,0.0
353.998,2.2256542976978047,6.128582310754078,0.0
354.098,2.191929404451789,6.131990339967689,0.0
354.198,2.15753447166956,6.135418151248291,0.0
354.298,2.1236211421431546,6.1381401948591225,0.0
354.398,2.0890958358846063,6.141006100645154,0.0
354.498,2.0553310767288995,6.143339849843818,0.0
354.598,2.021010180210618,6.145837575896688,0.0
354.698,1.9862124991243055,6.147992959443035,0.0
354.798,1.9517300253974095,6.149925939553426,0.0
354.898,1.9173963067079542,6.151829477357056,0.0
354.998,1.8828228960918876,6.153799693046644,0.0
355.098,1.8480582406860966,6.155588866098562,0.0
355.198,1.8142090982776873,6.157157088922668,0.0
355.298,1.7802550366519434,6.158823567124514,0.0
355.398,1.7459642272322693,6.160527731446225,0.0
355.498,1.7112784976668982,6.162064371154923,0.0
355.598,1.677677279488616,6.16310251457406,0.0
355.698,1.6433070177795606,6.164428980589586,0.0
355.798,1.6095573259116647,6.165731221996138,0.0
355.899,1.5744775587909372,6.166533228255568,0.0
355.999,1.5404939965802922,6.167015728981681,0.0
356.099,1.5058413682136988,6.167424119299087,0.0
356.199,1.4721423959876043,6.167642638266238,0.0
356.299,1.4367563786740518,6.167573583225507,0.0
356.399,1.4027095133064478,6.1669274128192875,0.0
356.499,1.367785034950854,6.166308328764657,0.0
356.599,1.3341028759199383,6.165496791559534,0.0
356.699,1.2992869411278183,6.1643620714769165,0.0
356.799,1.2653856694191916,6.163292879046017,0.0
356.899,1.2307623229094742,6.161918983504893,0.0
356.999,1.197452017073377,6.160213616653169,0.0
357.099,1.1623957217502852,6.158147147666541,0.0
357.199,1.1290367083905475,6.155848016649209,0.0
357.299,1.094560987724358,6.153052097662058,0.0
357.399,1.061171965762013,6.150227351584773,0.0
357.499,1.0268725362713715,6.147082653541902,0.0
357.599,0.993202605660082,6.143487266395534,0.0
357.699,0.9588375224721553,6.139806337870047,0.0
357.799,0.9254210504110527,6.135519889051731,0.0
357.899,0.8909685685660993,6.131137584698024,0.0
357.999,0.857440160199891,6.126537158563246,0.0
358.099,0.8234435335214755,6.121567826671229,0.0
358.199,0.7897371176888639,6.115630697107727,0.0
358.299,0.7561986976667003,6.109555476588911,0.0
358.399,0.7229869115879197,6.103378319378301,0.0
358.499,0.6891928569907179,6.096685821818799,0.0
358.599,0.6556413307464005,6.090242288220557,0.0
358.699,0.6224760349522231,6.083470408857813,0.0
358.799,0.5888934508641358,6.075728583832215,0.0
358.899,0.5564479045118589,6.067662110712622,0.0
358.999,0.5230844569075455,6.058789355099048,0.0
359.099,0.49074550333038675,6.049497743251508,0.0
359.199,0.4576760123530427,6.039818306078479,0.0
359.299,0.42568326784894256,6.029952029957545,0.0
359.399,0.39274983145281894,6.019281078457223,0.0
359.499,0.36119368312250183,6.0085144857523645,0.0
359.599,0.32821888468508953,5.996699483160013,0.0
359.699,0.29728679074467884,5.984915069581791,0.0
359.799,0.264610640159252,5.971711755299919,0.0
359.899,0.2341942948758469,5.958796159635011,0.0
359.999,0.20207283186774846,5.944680017140765,0.0
360.099,0.17165523119191575,5.930739935398999,0.0
360.199,0.14024725825916234,5.915922749046454,0.0
360.299,0.10982970159347522,5.90132126951082,0.0
360.399,0.0790063173679005,5.886203973339571,0.0
360.499,0.04866475527648559,5.871312149917986,0.0
360.599,0.017647349225518368,5.855544466467832,0.0
360.699,-0.01222957985961928,5.8406992465412335,0.0
360.799,-0.04313925617646876,5.82496697510235,0.0
360.899,-0.07300378893358606,5.808912152565004,0.0
360.999,-0.1033610414449017,5.792511893660531,0.0
361.099,-0.1328796259097133,5.775638057237914,0.0
361.199,-0.16240922342057795,5.758609741579211,0.0
361.299,-0.19130519389519401,5.7409913099308625,0.0
361.399,-0.2207495960769951,5.722970288903069,0.0
361.499,-0.2489139016955918,5.7052061040992035,0.0
361.599,-0.2779986477798787,5.686680151848566,0.0
361.699,-0.3066322069475526,5.667978881048412,0.0
361.799,-0.3350597734250611,5.6493538471929385,0.0
361.899,-0.3628280717258914,5.630256991588378,0.0
361.999,-0.39093074815611784,5.610822447424398,0.0
362.099,-0.41869899196031973,5.591185112607801,0.0
362.199,-0.4463828413560937,5.571042429176658,0.0
362.299,-0.4738860424305039,5.5510712038502374,0.0
362.399,-0.5009594082022264,5.530731312294917,0.0
362.499,-0.5284121078367131,5.509449399331119,0.0
362.599,-0.5544770751775685,5.488627707248917,0.0
362.699,-0.5813854510393991,5.466330257315026,0.0
362.799,-0.6074793808902729,5.444216086340424,0.0
362.899,-0.6337931986255937,5.421938574628842,0.0
362.999,-0.6598287060132912,5.399927559381232,0.0
363.099,-0.6862945061321822,5.377248055015112,0.0
363.199,-0.7114715959305516,5.35477421192243,0.0
363.299,-0.7374183763674345,5.331297634104912,0.0
363.399,-0.7622551001110828,5.309220054278257,0.0
363.499,-0.7879379816889147,5.285243863550639,0.0
363.599,-0.8119901358123669,5.2621074380480035,0.0
363.699,-0.8368411952990199,5.2377138705739155,0.0
363.799,-0.8602379397278431,5.213694142090679,0.0
363.899,-0.8843555429412343,5.188479698052654,0.0
363.999,-0.9072871400468078,5.164011961260928,0.0
364.099,-0.9305205011685199,5.138390413737605,0.0
364.199,-0.9529186977188037,5.113213527062342,0.0
364.299,-0.9760412270101687,5.086920949971733,0.0
364.399,-0.9980243756786733,5.061031422379871,0.0
364.499,-1.0203306600992916,5.034545618350567,0.0
364.599,-1.0412024409365386,5.008134224234632,0.0
364.699,-1.0628882775350057,4.980864622283494,0.0
364.799,-1.0831586441949008,4.953920078526027,0.0
364.899,-1.103838106799108,4.926357528180663,0.0
364.999,-1.123403015708802,4.898696235042146,0.0
365.099,-1.1432668387719294,4.870801120654602,0.0
365.199,-1.162511872600365,4.842551350944742,0.0
365.299,-1.1816147141471196,4.814277025112903,0.0
365.399,-1.2001759085714805,4.785421697856693,0.0
365.499,-1.2185986404829219,4.756538859993529,0.0
365.599,-1.2365082803049916,4.727264368899522,0.0
365.699,-1.25415734175407,4.697775836509498,0.0
365.799,-1.2718383595520435,4.6682131487990794,0.0
365.899,-1.288921236420457,4.63941106836035,0.0
365.999,-1.3063054743975262,4.60954032515079,0.0
366.091,-1.3212741538851709,4.582596496854788,0.0
366.191,-1.3380551020032525,4.551251621365101,0.0
366.291,-1.3537556877621435,4.521554254911684,0.0
366.3,-1.3549825225700827,4.5189283088184,0.0
366.391,-1.3692218231146267,4.4903362283294905,0.0
366.491,-1.384142540956276,4.459878347755214,0.0
366.5,-1.385326627760516,4.457098718639495,0.0
366.591,-1.3992247302731724,4.428571410439457,0.0
366.6,-1.400579240673134,4.425734757853455,0.0
366.691,-1.413455168390668,4.398651998738249,0.0
366.791,-1.4280486895644722,4.3672121813156615,0.0
366.891,-1.4420668586423864,4.337191164699159,0.0
366.9,-1.4432886452229645,4.33434524781385,0.0
366.991,-1.456643852011363,4.305464397288855,0.0
367.091,-1.470429105723336,4.27495645837028,0.0
367.191,-1.484622429326694,4.243517464460104,0.0
367.291,-1.4987358579947196,4.212821051059724,0.0
367.3,-1.5000382753466162,4.21000226281212,0.0
367.391,-1.5129137167065512,4.1809191170548035,0.0
367.491,-1.5263154221497397,4.149594070758287,0.0
367.591,-1.5395645497495387,4.117585824617831,0.0
367.691,-1.5521514220564547,4.086497530624467,0.0
367.791,-1.5645737387928433,4.054474357959024,0.0
367.891,-1.5766153054685623,4.022633961667017,0.0
367.991,-1.588499138596301,3.9907193063411897,0.0
368.0,-1.5897132484596244,3.987651341072551,0.0
368.091,-1.5997629542318228,3.9587221905246195,0.0
368.191,-1.611187882824971,3.9264222510445834,0.0
368.291,-1.6222266129763876,3.8947061126925657,0.0
368.391,-1.6333338926253946,3.8626140109353986,0.0
368.491,-1.6440658107568522,3.830174137156455,0.0
368.591,-1.6544024219653344,3.7977596831644136,0.0
368.691,-1.6647090019347681,3.7648479219156177,0.0
368.7,-1.6654839566730946,3.762169138558616,0.0
368.791,-1.6746756009964627,3.732505072657056,0.0
368.891,-1.6846647287175986,3.6998154396584937,0.0
368.991,-1.6949230207034527,3.6665980192172913,0.0
369.091,-1.7051447484153675,3.6335702024504877,0.0
369.1,-1.7058691891825901,3.6308180453545122,0.0
369.191,-1.7152526039333742,3.601546587543606,0.0
369.2,-1.7160697139790595,3.5984073173537143,0.0
369.291,-1.725293306310075,3.5684214097523355,0.0
369.391,-1.7350361083619716,3.536134862665737,0.0
369.491,-1.7445753099402466,3.5019994743071097,0.0
369.591,-1.753471218676913,3.469275180015433,0.0
369.691,-1.7622486285787822,3.4354633766031633,0.0
369.7,-1.7631443421938406,3.432460265020502,0.0
369.791,-1.7704887179450775,3.402739488356116,0.0
369.891,-1.7782353647949156,3.3688537516877157,0.0
369.9,-1.7788874957877339,3.3658918386632437,0.0
369.991,-1.7855058931880097,3.336358817036304,0.0
370.091,-1.7928077280412704,3.3027445512151843,0.0
370.191,-1.8000560529582912,3.2699275311028395,0.0
370.291,-1.8074238652691421,3.236122588029067,0.0
370.391,-1.8146060294511845,3.203030127885304,0.0
370.4,-1.8152102934419645,3.2000783850641477,0.0
370.5,-1.8223577222660916,3.1656027709470744,0.0
370.591,-1.8281133363305908,3.135587714622858,0.0
370.691,-1.8345990987212824,3.101284584590948,0.0
370.791,-1.8407149158805889,3.068202662441087,0.0
370.891,-1.8467343849968514,3.034058391169188,0.0
370.991,-1.8526190287227966,3.0004739512563074,0.0
371.0,-1.853124995730045,2.9976056486716667,0.0
371.091,-1.8585737223481558,2.9663614241396923,0.0
371.191,-1.864285844250493,2.9328810297615915,0.0
371.291,-1.8700440959005817,2.898814872146178,0.0
371.391,-1.8756398204159523,2.8652295971592374,0.0
371.491,-1.8810130211455212,2.8318209686368068,0.0
371.591,-1.8864237157269639,2.7982482707291223,0.0
371.691,-1.8918052680112807,2.764335193946662,0.0
371.791,-1.8970149186814038,2.730624557715729,0.0
371.891,-1.9021946415942932,2.696594042438521,0.0
371.9,-1.902862089769319,2.6934764429521056,0.0
371.991,-1.9069644642841712,2.6629435260720666,0.0
372.091,-1.9118448721566874,2.6287840690705613,0.0
372.191,-1.916715366378166,2.594256235001709,0.0
372.2,-1.9171124810291482,2.591124885281891,0.0
372.291,-1.9211042622317867,2.5605290085562538,0.0
372.391,-1.9254275121078208,2.52660334649416,0.0
372.491,-1.92977365867645,2.4927731957993697,0.0
372.591,-1.9340188174078836,2.458724790877335,0.0
372.6,-1.934402886464059,2.4558243241865605,0.0
372.691,-1.9383124057232752,2.4248295511663924,0.0
372.791,-1.9426710003357788,2.3905088145054614,0.0
372.8,-1.9429477238989041,2.3873538185823215,0.0
372.891,-1.9465757754069521,2.3572322464122357,0.0
372.991,-1.9504614053894518,2.322483113154523,0.0
373.091,-1.9539913468273333,2.2889299482923855,0.0
373.1,-1.954244937276481,2.285712264728467,0.0
373.191,-1.9574281967268952,2.2547618132437264,0.0
373.291,-1.9608450370410757,2.221075784647271,0.0
373.391,-1.9640867901984675,2.1865229207073216,0.0
373.491,-1.9671384266047165,2.1530454816501283,0.0
373.5,-1.967250936832986,2.150084006007555,0.0
373.591,-1.9699583696275496,2.1183135838691425,0.0
373.6,-1.9701649445490519,2.1153274943588682,0.0
373.691,-1.9724798316788013,2.0848186725237587,0.0
373.791,-1.9748399726685921,2.0499444601781707,0.0
373.891,-1.9768371853543723,2.0161878572905105,0.0
373.991,-1.9786409566724337,1.9811105305395622,0.0
374.0,-1.9788854892442223,1.9778320306027255,0.0
374.091,-1.9800501541493727,1.9470331773751255,0.0
374.1,-1.9801916200504015,1.9439337590337196,0.0
374.191,-1.9812513817587156,1.9119796928858153,0.0
374.2,-1.9814267378492294,1.9086944247553825,0.0
374.291,-1.982054474728149,1.8786349256516959,0.0
374.3,-1.982285872205156,1.8753886399565627,0.0
374.391,-1.9828067964890173,1.8438653371613276,0.0
374.491,-1.983246725861385,1.8097961520339043,0.0
374.591,-1.9834728631999716,1.775263005776822,0.0
374.691,-1.9835359147204399,1.7408909759391211,0.0
374.8,-1.9833839817054553,1.7031274786178912,0.0
374.891,-1.9830378280878296,1.6723176242229285,0.0
374.9,-1.9830461120099931,1.6692234133962005,0.0
374.991,-1.9826475360212206,1.6379962838672906,0.0
375.091,-1.9820272528123926,1.6036782279557333,0.0
375.191,-1.9810931648042382,1.5695374302415335,0.0
375.291,-1.9797362213064145,1.535133585348659,0.0
375.3,-1.9795307720993292,1.532176126979084,0.0
375.4,-1.9779646097073298,1.4975666101875453,0.0
375.491,-1.9765047150315032,1.466729078041376,0.0
375.591,-1.9747754674694005,1.4321932152491677,0.0
375.691,-1.9731479827624203,1.3979225654322183,0.0
375.791,-1.9715418092522556,1.3638795450774297,0.0
375.8,-1.9712936677194788,1.3607431988085161,0.0
375.891,-1.969759069021574,1.3296507056263018,0.0
375.9,-1.9696724695889634,1.3268423755471919,0.0
375.991,-1.9680364496410476,1.2958732148509733,0.0
376.0,-1.9677941646368793,1.292660047560117,0.0
376.091,-1.9661211029881165,1.261596241843653,0.0
376.191,-1.9642944540264202,1.2282019496271717,0.0
376.291,-1.9620195825102265,1.1937840847136232,0.0
376.3,-1.9618403697208826,1.1909662644812176,0.0
376.391,-1.9597442388666528,1.1598886822852013,0.0
376.491,-1.95727201005519,1.1251157843366844,0.0
376.591,-1.9552894140583275,1.0919729196469778,0.0
376.691,-1.9526824638915958,1.0575673194170216,0.0
376.791,-1.950050594104376,1.0240594426385432,0.0
376.891,-1.94690502211218,0.9897642904693499,0.0
376.9,-1.9467398555903959,0.9869138150780525,0.0
376.991,-1.943536247771268,0.9558099388303609,0.0
377.0,-1.9430875278137951,0.9527668786444775,0.0
377.091,-1.9396485379076318,0.9209473623608524,0.0
377.191,-1.9360867035875962,0.887162745922096,0.0
377.2,-1.9356388052378346,0.8839685937383059,0.0
377.291,-1.9321173830965068,0.852622808746379,0.0
377.3,-1.9318899473939104,0.8496577040390216,0.0
377.391,-1.9282643606605017,0.8186918019443558,0.0
377.4,-1.9279654765870688,0.8157733841074281,0.0
377.491,-1.9238161478942317,0.7840030837668918,0.0
377.591,-1.919626894571462,0.7503227968405362,0.0
377.691,-1.9150345218495803,0.7160105266566191,0.0
377.791,-1.9101005219216112,0.6824170608848978,0.0
377.891,-1.90455370474242,0.6484604282848139,0.0
377.9,-1.9040408136349831,0.645153938095999,0.0
378.0,-1.897914479125156,0.6119305849020948,0.0
378.091,-1.892120749130048,0.5810980593672953,0.0
378.191,-1.885651098486222,0.5474553072140548,0.0
378.291,-1.8791260091944506,0.5140606369194096,0.0
378.3,-1.8786250937284374,0.5109291271800301,0.0
378.391,-1.8724902257685965,0.4802996145253356,0.0
378.4,-1.8720539475534512,0.4776912903317219,0.0
378.491,-1.8660560732856442,0.44727327790755306,0.0
378.5,-1.8654534995546028,0.443943733629099,0.0
378.591,-1.859289365675392,0.4141152191329321,0.0
378.691,-1.8516234525553166,0.38059633825636585,0.0
378.791,-1.8438114056829138,0.3474874385524683,0.0
378.8,-1.8433396422389978,0.3449933138575708,0.0
378.891,-1.8357377874986551,0.3143856133055803,0.0
378.991,-1.8268891839742676,0.2807191905063318,0.0
379.0,-1.8260622284522965,0.2778714436285411,0.0
379.091,-1.8177694086947207,0.24808727687281198,0.0
379.1,-1.8169364799652232,0.24489120967945333,0.0
379.191,-1.8081011197418644,0.21471571652949092,0.0
379.291,-1.7982967933584613,0.18252539622562058,0.0
379.3,-1.7972561267789644,0.17939341969743464,0.0
379.391,-1.7877240859979284,0.14979963201755284,0.0
379.491,-1.7770951003110207,0.11708457918757999,0.0
379.591,-1.7662506621127732,0.08431119024530097,0.0
379.6,-1.7652993137972917,0.08151908491292263,0.0
379.691,-1.7555280311305534,0.05271268845715999,0.0
379.7,-1.7542395764764807,0.0498128150879062,0.0
379.791,-1.7436948575390605,0.01957372318106765,0.0
379.891,-1.7320196036569113,-0.011643778311651061,0.0
379.9,-1.7307071948559773,-0.0145349728365667,0.0
379.991,-1.7193147879261044,-0.04386828188175393,0.0
380.091,-1.7067963014099008,-0.07500037373386344,0.0
380.191,-1.693153830918526,-0.10723520013329688,0.0
380.291,-1.6798155931762742,-0.13800525881487055,0.0
380.3,-1.67843967632851,-0.1406607368034961,0.0
380.391,-1.6654343052116385,-0.1698543388248875,0.0
380.4,-1.66422354671215,-0.17277797759017893,0.0
380.491,-1.6516284466983782,-0.2007570965350617,0.0
380.5,-1.6501628990210393,-0.20361619988386045,0.0
380.591,-1.637406952645865,-0.232363591584941,0.0
380.691,-1.6237640949801695,-0.2626485793689611,0.0
380.791,-1.6085395412119774,-0.2937051879820798,0.0
380.8,-1.607112144707749,-0.29673987628234494,0.0
380.891,-1.5932047477531774,-0.3237336652613552,0.0
380.991,-1.5768126450206545,-0.3541708067345992,0.0
381.0,-1.5752765192641633,-0.3571510900280548,0.0
381.091,-1.5605282808827046,-0.3836614353432391,0.0
381.191,-1.5433347504549348,-0.4133707180700862,0.0
381.2,-1.5417581684812476,-0.41623041254743287,0.0
381.291,-1.525960197183434,-0.44250089907278933,0.0
381.391,-1.507762470369043,-0.47205555689014445,0.0
381.4,-1.5061437199081125,-0.47480145778154287,0.0
381.491,-1.4901475801156239,-0.5006252723898388,0.0
381.5,-1.4884634755165866,-0.503164826153331,0.0
381.591,-1.471844417564807,-0.5297543889021515,0.0
381.6,-1.4701954064099017,-0.5325305029616086,0.0
381.691,-1.453774287750069,-0.5582989097731951,0.0
381.791,-1.4349593739566893,-0.5869965697441618,0.0
381.8,-1.4332274335997137,-0.5899299630941932,0.0
381.891,-1.4155549872931992,-0.6153545194902428,0.0
381.991,-1.3958569055895067,-0.6431197309442772,0.0
382.0,-1.3939522587775859,-0.6458974598737807,0.0
382.091,-1.375715607249279,-0.670701725425391,0.0
382.1,-1.3739908545997652,-0.6730299422597963,0.0
382.191,-1.3553998480910856,-0.6980510603326439,0.0
382.2,-1.3535374252463916,-0.7008239305678777,0.0
382.291,-1.3344133123222786,-0.7255863720111021,0.0
382.391,-1.3141794152805018,-0.752191939317122,0.0
382.4,-1.3122645322513582,-0.7548419828767765,0.0
382.491,-1.293008466371672,-0.7794396109448201,0.0
382.591,-1.2723278680364443,-0.8060461315290549,0.0
382.6,-1.2702855841650147,-0.8086958596938104,0.0
382.7,-1.2489217491106628,-0.8353133497055489,0.0
382.791,-1.2296560164598704,-0.8589339284889022,0.0
382.891,-1.207020707906303,-0.8856238450307615,0.0
382.9,-1.20513757498959,-0.8877654864349833,0.0
382.991,-1.1852559962208566,-0.9112127803558644,0.0
383.091,-1.1630735069934492,-0.937025847016774,0.0
383.191,-1.1410331621089431,-0.9625235138724092,0.0
383.291,-1.1177110817369393,-0.9886255280190307,0.0
383.3,-1.1158388271352835,-0.9908525890918627,0.0
383.391,-1.0953031491671141,-1.013172219477021,0.0
383.491,-1.071114618847094,-1.0384449452098796,0.0
383.591,-1.0478462924244656,-1.0626470332385298,0.0
383.691,-1.0230463060063564,-1.0873394230966071,0.0
383.791,-0.9991181682222838,-1.1109329551781921,0.0
383.8,-0.9968935506361827,-1.1128883202877475,0.0
383.891,-0.9737714509661708,-1.1350576475228058,0.0
383.991,-0.9497064224044326,-1.1584550152691544,0.0
384.091,-0.9242328088286529,-1.1819897575253044,0.0
384.1,-0.9218366837827106,-1.1843014900801856,0.0
384.191,-0.8992638805801241,-1.2047263714076502,0.0
384.2,-0.8970079489591543,-1.206544238112419,0.0
384.291,-0.873201240305563,-1.2273677274314219,0.0
384.3,-0.8707368057904261,-1.229596617936927,0.0
384.391,-0.8477215000205227,-1.249253554258523,0.0
384.491,-0.8209985583437619,-1.2713380053747303,0.0
384.5,-0.8185507841966901,-1.2734447155191684,0.0
384.591,-0.794987308704166,-1.2927691896025593,0.0
384.7,-0.7657636938929738,-1.3163245424683634,0.0
384.791,-0.7419694712545032,-1.335337933814541,0.0
384.891,-0.7148011110163858,-1.3563074165916191,0.0
384.991,-0.6882572076975895,-1.3770059708763165,0.0
385.091,-0.6610443590851356,-1.3976082177995144,0.0
385.191,-0.6333056676313545,-1.4178554459188224,0.0
385.291,-0.6050050364589334,-1.4378089432664085,0.0
385.3,-0.6023310708860198,-1.4397864865341528,0.0
385.391,-0.5766399849207019,-1.4573252594398025,0.0
385.491,-0.5481982047241847,-1.4760961779348438,0.0
385.5,-0.5456720365936184,-1.4780094333128966,0.0
385.591,-0.5191861635644623,-1.4951799979821359,0.0
385.6,-0.5168262297498045,-1.496648171396681,0.0
385.691,-0.49089076168099366,-1.5134959213198773,0.0
385.7,-0.4882536148269852,-1.515395788658422,0.0
385.791,-0.46227281580103136,-1.5318686219052504,0.0
385.891,-0.433322361040499,-1.550126484015163,0.0
385.9,-0.4305517127158044,-1.5519903966665811,0.0
385.991,-0.4040816149170101,-1.5682521049750282,0.0
386.091,-0.3751566543037294,-1.5858700367418883,0.0
386.191,-0.34533703276797717,-1.6033504726986376,0.0
386.291,-0.31597769365776895,-1.6201540515527613,0.0
386.391,-0.2854226855169727,-1.6369676981967198,0.0
386.4,-0.2830328048419543,-1.638304437875798,0.0
386.491,-0.25857675496119453,-1.6514208159942605,0.0
386.591,-0.2395029643040855,-1.661398930631282,0.0
386.691,-0.22604003516099896,-1.6683395032668182,0.0
386.791,-0.21601139892456858,-1.673029016066955,0.0
386.8,-0.21508284623679094,-1.6734265781110855,0.0
386.891,-0.20609259949575198,-1.6768861694693806,0.0
386.991,-0.19582800663543717,-1.6801125815793145,0.0
387.0,-0.19499086041906827,-1.680350124040219,0.0
387.091,-0.1853176587637664,-1.6826819765539394,0.0
387.1,-0.18448957546814773,-1.6828158690459107,0.0
387.191,-0.17470027881080596,-1.684737921385532,0.0
387.2,-0.17370167983856827,-1.6848767768662196,0.0
387.291,-0.160048207578507,-1.686783138989344,0.0
387.391,-0.13623940121005243,-1.6893567517165289,0.0
387.4,-0.13375317710357404,-1.6897228451005062,0.0
387.491,-0.10819349983262111,-1.6914679555782346,0.0
387.591,-0.08048114442857054,-1.6925948830497917,0.0
387.6,-0.07791638144485469,-1.6925861581207529,0.0
387.691,-0.05308456691328581,-1.692904469542756,0.0
387.7,-0.050593371398702375,-1.6927796895094678,0.0
387.791,-0.025555122118989824,-1.6923217469941507,0.0
387.8,-0.023194249378272715,-1.6922031400495645,0.0
387.891,0.0016911810003299179,-1.6908988388151913,0.0
387.991,0.02955981758525145,-1.6890054926338982,0.0
388.091,0.056799937411518044,-1.68595005238662,0.0
388.191,0.08367660108600408,-1.682178389434227,0.0
388.291,0.11331146895613889,-1.677343426590161,0.0
388.3,0.11616758601487928,-1.676890995620172,0.0
388.391,0.1466453752303467,-1.6715961717351553,0.0
388.491,0.18067195931490937,-1.6659818810546378,0.0
388.591,0.21487887212189388,-1.6598274342900121,0.0
388.691,0.2485515392776482,-1.6536146950017316,0.0
388.791,0.28190497682546184,-1.6472309756841732,0.0
388.891,0.3150011413845519,-1.6409585749795437,0.0
388.991,0.3486105505987283,-1.6340716996563271,0.0
389.091,0.3819388611304262,-1.6271888906346132,0.0
389.1,0.384815692408779,-1.626447398612684,0.0
389.191,0.4150978657057332,-1.6197805918178545,0.0
389.291,0.4489738521621997,-1.6121091906371383,0.0
389.391,0.48163787648601913,-1.604957164539244,0.0
389.4,0.48465850979736974,-1.6043951861965173,0.0
389.491,0.5148939036669289,-1.5980461788161335,0.0
389.5,0.517673879331873,-1.5975030909776433,0.0
389.591,0.5484726325613971,-1.5908548760008543,0.0
389.691,0.581919964879353,-1.583847752692765,0.0
389.791,0.6150894233612542,-1.5765411041055508,0.0
389.8,0.6181157223966326,-1.5760175344290703,0.0
389.891,0.6486124304004087,-1.5694525569232072,0.0
389.9,0.6516965361998592,-1.5686703161466986,0.0
389.991,0.6806395795774498,-1.5628653063287128,0.0
390.0,0.6836368140489326,-1.5624165411990592,0.0
390.091,0.7140484921757608,-1.5563220894592493,0.0
390.1,0.717141210226228,-1.5555227056777963,0.0
390.191,0.7462989495235853,-1.5502897973185292,0.0
390.291,0.7797883275104291,-1.5441594486234822,0.0
390.3,0.7830241574101289,-1.5434516030045966,0.0
390.391,0.8130106298927194,-1.5385532182944213,0.0
390.491,0.8459728143830906,-1.5331119462981657,0.0
390.5,0.8490330094362418,-1.5324398847593061,0.0
390.6,0.8828618313233805,-1.5267796496240278,0.0
390.691,0.9133645115983712,-1.5214535839842307,0.0
390.791,0.9469939086960114,-1.5156702702273088,0.0
390.8,0.9501145124128966,-1.515014826356667,0.0
390.891,0.9802017405191374,-1.5096812650406282,0.0
390.9,0.9832396136694138,-1.5091745840500381,0.0
390.991,1.0131044110929543,-1.5039883261394995,0.0
391.091,1.0471027279304652,-1.4976584218897167,0.0
391.1,1.0502324144631514,-1.4969464597713948,0.0
391.191,1.0809785861218737,-1.4914494202796171,0.0
391.2,1.0835969047975322,-1.491022952964922,0.0
391.291,1.1143326052386886,-1.48515731309605,0.0
391.391,1.1478184787932177,-1.4788368058537114,0.0
391.5,1.1837502207592387,-1.4725011566457444,0.0
391.591,1.214176127778343,-1.4671114394849916,0.0
391.691,1.247961433157545,-1.4611418086873917,0.0
391.7,1.2511839192887237,-1.46062262094978,0.0
391.791,1.2816174033852266,-1.4552822204625893,0.0
391.891,1.314118027721779,-1.449635028773908,0.0
391.991,1.3482916664405595,-1.443930820263829,0.0
392.091,1.381456434303854,-1.4382674319266637,0.0
392.191,1.414977018807356,-1.432425907135985,0.0
392.291,1.4478572653282804,-1.4264902398854782,0.0
392.391,1.481615728256586,-1.4207648464588394,0.0
392.491,1.5153050738415124,-1.4149440064144359,0.0
392.591,1.5489273308148586,-1.409198362719568,0.0
392.691,1.5825914690149454,-1.4032055998198232,0.0
392.791,1.6163230889537052,-1.3974230492874018,0.0
392.891,1.6495083478799613,-1.3915630832671435,0.0
392.991,1.683232577337948,-1.3857099126588805,0.0
393.091,1.7168933965042854,-1.3796385773001265,0.0
393.191,1.7506031262273911,-1.373666053979696,0.0
393.291,1.7842185081517916,-1.3676725460385775,0.0
393.391,1.8187655694753773,-1.361246610814084,0.0
393.491,1.8516078569343548,-1.354817037316107,0.0
393.591,1.8850588773039811,-1.348053160658899,0.0
393.691,1.9172747917181507,-1.3413821945959572,0.0
393.791,1.9512162043116892,-1.3341685810081492,0.0
393.891,1.9834953175266563,-1.327187685185185,0.0
393.991,2.017167413666762,-1.3195419512652433,0.0
394.091,2.050154545934452,-1.3116794932373936,0.0
394.191,2.0832468447124293,-1.3037242764491477,0.0
394.291,2.1166887947067936,-1.2956185141429308,0.0
394.391,2.149851750935578,-1.2875107555916823,0.0
394.491,2.182617253358572,-1.2795965242342355,0.0
394.591,2.2161944846587627,-1.2710833881429426,0.0
394.691,2.249309294837146,-1.2630940490128948,0.0
394.791,2.2829095283174747,-1.254659008512703,0.0
394.891,2.3160668853462423,-1.2463877390261295,0.0
394.991,2.3487537917155485,-1.2382878742762595,0.0
395.091,2.3818351496169123,-1.230319092193107,0.0
395.191,2.415428845489588,-1.2217375813076168,0.0
395.291,2.4486579509570037,-1.2134382803990111,0.0
395.391,2.4822979627184143,-1.2047366853882187,0.0
395.491,2.5151246847661195,-1.1964484462263036,0.0
395.591,2.547158637372782,-1.1884155179243827,0.0
395.691,2.5801298061029687,-1.1803094580004763,0.0
395.791,2.611044861813978,-1.171996127171931,0.0
395.891,2.637952265498965,-1.1645434671715431,0.0
395.991,2.6641333143549373,-1.1563337988366544,0.0
396.091,2.6867257466400916,-1.1485343111328443,0.0
396.191,2.7002911078798166,-1.1433170284424672,0.0
396.291,2.7096221961176052,-1.1391251045169977,0.0
396.391,2.718587902732981,-1.134404140798083,0.0
396.491,2.7272793705499154,-1.129098517722405,0.0
396.591,2.7356503965760064,-1.1233203510897842,0.0
396.691,2.7438084980881525,-1.1169657218692,0.0
396.791,2.751664096342397,-1.1100564488080074,0.0
396.891,2.7595833682390936,-1.10271980559854,0.0
396.991,2.7698888423533545,-1.0925380990050597,0.0
397.091,2.7854560844648057,-1.0749210642668714,0.0
397.191,2.8030771472425395,-1.0536114290259373,0.0
397.291,2.820455531263538,-1.0318448746815805,0.0
397.391,2.8369020035394854,-1.0095511714885448,0.0
397.491,2.8528911205991228,-0.9864198108994691,0.0
397.591,2.8679294324597997,-0.9633285494207017,0.0
397.691,2.8823845180339425,-0.9394679886225871,0.0
397.791,2.8963556345957158,-0.9153090037750969,0.0
397.891,2.9095408253547497,-0.8907816289032019,0.0
397.991,2.921948826699234,-0.8659761238604909,0.0
398.091,2.9337167196393246,-0.8410585718233509,0.0
398.191,2.9446239214396814,-0.8157503636558764,0.0
398.291,2.9551584215393594,-0.7897387555861618,0.0
398.391,2.964738861878896,-0.7638722734280098,0.0
398.491,2.973380074500408,-0.7379559116523398,0.0
398.591,2.981572693580463,-0.7112906661140209,0.0
398.691,2.9886954757544446,-0.6844439922459733,0.0
398.791,2.9949899921361975,-0.6573838173934361,0.0
398.891,3.000669923682481,-0.6301759879187248,0.0
398.991,3.005417227410584,-0.6028861696351677,0.0
399.091,3.0095407927529063,-0.5754445110623998,0.0
399.191,3.0129190085010475,-0.5477474291259555,0.0
399.291,3.015398040371352,-0.5201306740074,0.0
399.391,3.0171872903958428,-0.49241310089033125,0.0
399.491,3.01802545838853,-0.4627416766934397,0.0
399.591,3.018977148923235,-0.4286477530443676,0.0
399.691,3.0199824402347115,-0.39409257467464565,0.0
399.791,3.0212463489172525,-0.35969337851743594,0.0
399.891,3.0225505072888263,-0.326196999919575,0.0
399.991,3.0237375059334943,-0.29209936982786844,0.0
400.091,3.0252970125217185,-0.2574664371063322,0.0
400.191,3.0266891384022587,-0.22303936332257898,0.0
400.291,3.028363291261523,-0.18866999330544176,0.0
400.391,3.029903201570113,-0.1551979015077428,0.0
400.491,3.031973988540415,-0.12081919690205971,0.0
400.591,3.033718980958005,-0.08721692549237774,0.0
400.691,3.0358778985274233,-0.052978259204704364,0.0
400.791,3.038125728837075,-0.01966799980672046,0.0
400.891,3.0408898266013877,0.014819332836709127,0.0
400.991,3.043530251604565,0.048901869048777316,0.0
401.091,3.046487579418697,0.08329018535151826,0.0
401.191,3.0494006574613124,0.1173879821299806,0.0
401.291,3.0526654004777276,0.15122072123102642,0.0
401.391,3.056004477353278,0.18463372008238438,0.0
401.491,3.0600508500591115,0.21946121906296093,0.0
401.591,3.063597705937236,0.25243297231556516,0.0
401.691,3.0679033596984175,0.2870343785146763,0.0
401.791,3.0719745399196996,0.320937117565813,0.0
401.891,3.0761562568046523,0.3548740214249177,0.0
401.991,3.080486139996851,0.38859371904746354,0.0
402.091,3.084807062042669,0.42263869122862047,0.0
402.191,3.08906894049181,0.4565219735788057,0.0
402.291,3.093410274620664,0.4899951301024196,0.0
402.391,3.097766239267712,0.5234906016160409,0.0
402.491,3.1026001559164444,0.5580116564930377,0.0
402.591,3.1071486946630476,0.5915853696894389,0.0
402.691,3.111862913352398,0.6259925475434132,0.0
402.791,3.116330409192596,0.6593992717076762,0.0
402.891,3.121168433583769,0.6931147465466359,0.0
402.991,3.1260590672812674,0.7264907156148978,0.0
403.091,3.1312646645182363,0.7607068206322637,0.0
403.191,3.1362644653514318,0.7941306004700981,0.0
403.291,3.140813543869712,0.8242205022049579,0.0
403.391,3.144281773088829,0.8455169679260278,0.0
403.491,3.1464403393172384,0.8602366910629967,0.0
403.591,3.1473627416593386,0.8711440323152103,0.0
403.691,3.147604106121738,0.88220287482936,0.0
403.791,3.14751329911828,0.8930793546314311,0.0
403.891,3.147119566566953,0.9039747316109735,0.0
403.991,3.1459863188785633,0.9147350909995942,0.0
404.091,3.1442053247662485,0.9252414740771124,0.0
404.191,3.1417421581213483,0.9357402342052481,0.0
404.291,3.138588383395607,0.9462015656579723,0.0
404.391,3.13354757778145,0.9602255367389787,0.0
404.491,3.124813183851861,0.9825548154323581,0.0
404.591,3.1135391266939587,1.008125490618636,0.0
404.691,3.101901158427412,1.0330073102988713,0.0
404.791,3.0892822356717535,1.058164517568825,0.0
404.891,3.0756108787142735,1.0829870499890153,0.0
404.991,3.0611923601878694,1.1081151907739952,0.0
405.091,3.043106216737092,1.1376246080237578,0.0
405.191,3.0256312511790453,1.1663418051254804,0.0
405.291,3.0076883124403184,1.196057579999548,0.0
405.391,2.9906189932761023,1.224669467886102,0.0
405.491,2.972538576029297,1.254626471226563,0.0
405.591,2.9551462644769626,1.2835825087937496,0.0
405.691,2.937723387195088,1.3127950425777732,0.0
405.791,2.9203365738701312,1.3417479115596451,0.0
405.891,2.9029520251023997,1.370662711222628,0.0
405.991,2.885058662760661,1.4001427841083691,0.0
406.091,2.8673164749648707,1.4300646587387253,0.0
406.191,2.8497624975731286,1.459425960206413,0.0
406.291,2.8325547519154237,1.4884795761149,0.0
406.391,2.8152039126456523,1.5172788504308967,0.0
406.491,2.7974733828652454,1.5467812100247134,0.0
406.591,2.780073941211704,1.5757023439900146,0.0
406.691,2.762566770026712,1.6049785568408967,0.0
406.791,2.7451485755829306,1.6339363079651201,0.0
406.891,2.7278344501495257,1.6631507413182056,0.0
406.991,2.7102590514406284,1.6921136876488023,0.0
407.091,2.692906656256813,1.7210152671932937,0.0
407.191,2.6751451428861746,1.7499593359077221,0.0
407.291,2.657390018402551,1.7791982186531614,0.0
407.391,2.639587769753462,1.8085091859933407,0.0
407.491,2.6222049949018844,1.837540430099977,0.0
407.591,2.6049518716742135,1.8660885519497312,0.0
407.691,2.5876143760278367,1.8950010308385867,0.0
407.791,2.569976585559492,1.9239240950036005,0.0
407.891,2.551865296702407,1.953587556263681,0.0
407.991,2.533764345134412,1.983431992002909,0.0
408.091,2.516681659524618,2.012635608301678,0.0
408.191,2.499611023878551,2.0420269505999644,0.0
408.291,2.482496231931206,2.0714025574019073,0.0
408.391,2.4658231115728535,2.1001885130566236,0.0
408.491,2.4489563598480237,2.1295465354570355,0.0
408.591,2.431759926240153,2.159296354371795,0.0
408.691,2.4150554114624123,2.188434685900964,0.0
408.791,2.398360443295074,2.2175045102177466,0.0
408.891,2.38125164771021,2.247432950660093,0.0
408.991,2.3643308738236213,2.276849838007541,0.0
409.091,2.347130579018863,2.3061671928051477,0.0
409.191,2.330209972683321,2.3351136943193027,0.0
409.291,2.312811560463313,2.3642475645669876,0.0
409.391,2.295440697903574,2.393454903194019,0.0
409.491,2.27795655009143,2.4223597754098236,0.0
409.591,2.2606510385068783,2.451272651295291,0.0
409.691,2.242844265822302,2.480317730021107,0.0
409.791,2.2248984625759625,2.5100094254240366,0.0
409.891,2.2073016259418283,2.539212130421136,0.0
409.991,2.189582403682072,2.568809790716622,0.0
410.091,2.171463922820658,2.5981147110460197,0.0
410.191,2.153732331541384,2.6274974143382797,0.0
410.291,2.1355410220104365,2.6573124617006254,0.0
410.391,2.117955689365279,2.6860280447060707,0.0
410.491,2.1002422390893822,2.71455928695312,0.0
410.591,2.082436275566255,2.74358653905332,0.0
410.691,2.064894333934528,2.772208744635278,0.0
410.791,2.046999420203399,2.801379274928334,0.0
410.891,2.0294992957171756,2.8297595137088822,0.0
410.991,2.0116693744312997,2.8592230297134265,0.0
411.091,1.9936235440019001,2.8885001897763796,0.0
411.191,1.9757494689883732,2.9171373699127487,0.0
411.291,1.9574300769136994,2.9461803759515712,0.0
411.391,1.9397012616512432,2.9749068709021413,0.0
411.491,1.922012525704868,3.003589459295889,0.0
411.591,1.903949610232888,3.0325932535386833,0.0
411.691,1.8859661571511757,3.0609487902102237,0.0
411.791,1.867863413106246,3.089697067301634,0.0
411.891,1.8500815904470946,3.1180438491398186,0.0
411.991,1.8317109126828977,3.1473238860106796,0.0
412.091,1.8140286408808455,3.175510016331522,0.0
412.191,1.796124691776753,3.2040684405465742,0.0
412.291,1.7783159238276849,3.2326904630426787,0.0
412.391,1.759923722425865,3.2625624259943056,0.0
412.491,1.7420183003761307,3.2915022306113513,0.0
412.591,1.7240907447744562,3.319889146087731,0.0
412.691,1.7061038697069035,3.348729622084874,0.0
412.791,1.6878058569347933,3.3776566257594367,0.0
412.891,1.6701823503987778,3.406061783203134,0.0
412.991,1.6519602525218124,3.435631298051083,0.0
413.091,1.6339735004773843,3.4647651117900784,0.0
413.191,1.6161022462018149,3.4929635938845838,0.0
413.291,1.5982381439945494,3.521871493898796,0.0
413.391,1.5801832661827173,3.5505643329974155,0.0
413.491,1.5619377709499382,3.579675511489783,0.0
413.591,1.5436252373151218,3.6080354758903015,0.0
413.691,1.5254072892035315,3.6365043293012604,0.0
413.791,1.5072677567840849,3.6645211066927685,0.0
413.891,1.4889086970989764,3.693622394391354,0.0
413.991,1.470455354076781,3.7223714862804296,0.0
414.091,1.451985035287859,3.7509859618826633,0.0
414.191,1.4336856653286998,3.7789007013371334,0.0
414.291,1.4147614125347299,3.8081104838897617,0.0
414.391,1.3962016192001947,3.836120792548624,0.0
414.491,1.377188766321199,3.864758444428924,0.0
414.591,1.3585824654622145,3.8927463998594867,0.0
414.691,1.3398871498020966,3.9213871844147317,0.0
414.791,1.3215322424698843,3.9497724067794286,0.0
414.891,1.3031391213733587,3.977961451825467,0.0
414.991,1.2846892907409626,4.006214343712036,0.0
415.091,1.265820676299403,4.034840380496042,0.0
415.191,1.2474976385084764,4.062695524272129,0.0
415.291,1.2288919392178808,4.091436723123692,0.0
415.391,1.2104826431406888,4.119830889725962,0.0
415.491,1.1917938228586002,4.148296363858395,0.0
415.591,1.1736322559635801,4.176179421956586,0.0
415.691,1.1550847006085794,4.205205271575799,0.0
415.791,1.1370865660034493,4.233283015215186,0.0
415.891,1.1186458726572315,4.261764509970456,0.0
415.991,1.100237408383385,4.29011465578928,0.0
416.091,1.0815963843657856,4.31864696933768,0.0
416.191,1.0632136744843115,4.346898904613713,0.0
416.291,1.043976522195907,4.375586673494062,0.0
416.391,1.025357916707952,4.403639304906488,0.0
416.491,1.0065207020571345,4.431462022408076,0.0
416.591,0.9878587681442486,4.4595300103991935,0.0
416.691,0.9689780748994261,4.487570743158485,0.0
416.791,0.9495729288926478,4.516872911585815,0.0
416.891,0.9311036889050711,4.544263468139296,0.0
416.991,0.9122837206074127,4.572861208711733,0.0
417.091,0.8941065232556789,4.600377009064921,0.0
417.191,0.8752941198118839,4.629453711286687,0.0
417.291,0.8572323577199386,4.656854150630291,0.0
417.391,0.8385897480964458,4.6857109917412485,0.0
417.491,0.8203031178100976,4.713872910348686,0.0
417.591,0.8015256999827207,4.742995151357117,0.0
417.691,0.7835174347958086,4.77053439537747,0.0
417.791,0.7650727184787056,4.799185169030595,0.0
417.891,0.74622102066425,4.82782317200152,0.0
417.991,0.7274878173775313,4.855877970093566,0.0
418.091,0.708194737040588,4.883994624951762,0.0
418.191,0.6887674805494565,4.912257967777622,0.0
418.291,0.6700919095762654,4.939519263932153,0.0
418.391,0.6511324285874629,4.967753274215319,0.0
418.491,0.6324483028545987,4.995982577568694,0.0
418.591,0.6132673262711451,5.025234324352414,0.0
418.691,0.5949771093079331,5.052959998057113,0.0
418.791,0.5761575172000662,5.081241664671959,0.0
418.891,0.5573581129917516,5.109578774022145,0.0
418.991,0.5383501059694059,5.137641981702993,0.0
419.091,0.51875589423049,5.166392853844684,0.0
419.191,0.4998379740329014,5.1940521174433965,0.0
419.291,0.48121004147621815,5.221805443705522,0.0
419.391,0.4622266545374665,5.249731437236275,0.0
419.491,0.44333607662038627,5.27798919400483,0.0
419.591,0.42458526953991443,5.305509295911749,0.0
419.691,0.40559099094201745,5.334065050378613,0.0
419.791,0.38652670092156205,5.362135866383508,0.0
419.891,0.36705491286406094,5.391074350951596,0.0
419.991,0.347980795408886,5.418846496871542,0.0
420.091,0.32917035334787176,5.447202032262884,0.0
420.191,0.3099533731069674,5.4757628393297395,0.0
420.291,0.29063223726803705,5.504472830903628,0.0
420.391,0.2719272355675914,5.531619027752063,0.0
420.491,0.25287516606348653,5.559857412179743,0.0
420.591,0.23392303135523296,5.5876442054356685,0.0
420.691,0.21430539683616456,5.616601568981982,0.0
420.791,0.19501108009548304,5.644547360512674,0.0
420.891,0.1760948663101517,5.672555873929681,0.0
420.991,0.15683924972382812,5.70081525604461,0.0
421.091,0.13783049173559947,5.729061143820674,0.0
421.191,0.11863388305943039,5.75720950386487,0.0
421.291,0.09965099844179574,5.785152317175293,0.0
421.391,0.08228575382765305,5.81059666511984,0.0
421.491,0.06612440905736292,5.833748724179183,0.0
421.591,0.05010805585793923,5.855578621202737,0.0
421.691,0.03318538801779808,5.877165301536216,0.0
421.791,0.015636840756317983,5.898453414514504,0.0
421.891,-0.0024627878537451793,5.919075762062957,0.0
421.991,-0.021572284025587696,5.939537918723989,0.0
422.091,-0.040771334452803426,5.959137836913861,0.0
422.191,-0.06068578007859081,5.9780890978575725,0.0
422.291,-0.08176410360459392,5.997171570165192,0.0
422.391,-0.10251375364645983,6.014655205520943,0.0
422.491,-0.12450139490282255,6.031990120959371,0.0
422.591,-0.14687730518426484,6.0487444111553295,0.0
422.691,-0.16963150681426986,6.064670262612925,0.0
422.791,-0.19285012400231158,6.079884994808168,0.0
422.891,-0.21629352124093978,6.094300806315229,0.0
422.991,-0.24045484457207286,6.108106459571214,0.0
423.091,-0.2648102714261713,6.121330760574029,0.0
423.191,-0.2895692705059117,6.133653003886671,0.0
423.291,-0.3147196737619514,6.145258351857317,0.0
423.391,-0.33987654222366226,6.156022356253837,0.0
423.491,-0.36561476038446256,6.1660483678607285,0.0
423.591,-0.39189062716073014,6.175532914347076,0.0
423.691,-0.4178991455540933,6.1840097537768095,0.0
423.791,-0.44444739738219957,6.191848448844516,0.0
423.891,-0.47122443197843533,6.1990152385353605,0.0
423.991,-0.4983247377953758,6.205435277991918,0.0
424.091,-0.5255106526318205,6.210930506542822,0.0
424.191,-0.5528608212729976,6.215771520307507,0.0
424.291,-0.580178684755454,6.219755929763303,0.0
424.391,-0.6077302840856077,6.223222046543823,0.0
424.491,-0.6351752848168194,6.225747618042604,0.0
424.591,-0.662704935810103,6.227498676722372,0.0
424.691,-0.6904176808473359,6.228713235404044,0.0
424.791,-0.7204736408178759,6.228912804209187,0.0
424.891,-0.7536985030865335,6.228990210734165,0.0
424.991,-0.7876407671566334,6.229058068019091,0.0
425.091,-0.8216767925874338,6.2292174474499165,0.0
425.191,-0.855416470606599,6.229513466158425,0.0
425.291,-0.8897503083006281,6.229683169847843,0.0
425.391,-0.9232451476664255,6.230138790998873,0.0
425.491,-0.9579077111960339,6.230388419778153,0.0
425.591,-0.9916302812641743,6.230688805090869,0.0
425.691,-1.025535042933124,6.230900480222639,0.0
425.791,-1.059629212820111,6.231382216872992,0.0
425.891,-1.0939310793352934,6.231626144822595,0.0
425.991,-1.1277739593473572,6.23229054706862,0.0
426.091,-1.161675108601094,6.232673312603493,0.0
426.191,-1.1963435612383795,6.233617891430462,0.0
426.291,-1.2308679921841978,6.234048675925697,0.0
426.391,-1.2645125385972573,6.234800084644431,0.0
426.491,-1.2984796491638742,6.235563593934045,0.0
426.591,-1.3328879842795782,6.236454387442338,0.0
426.691,-1.3662819602513658,6.23720730203064,0.0
426.791,-1.40067111743784,6.2382510047311435,0.0
426.891,-1.4345277977188784,6.239078877075512,0.0
426.991,-1.4691890139678268,6.2401199925020725,0.0
427.091,-1.503011895901948,6.240878431628163,0.0
427.191,-1.5373755761218002,6.24186353191559,0.0
427.291,-1.570958823656883,6.24276676793096,0.0
427.391,-1.6055358064330565,6.244277076722711,0.0
427.491,-1.6386471201242538,6.24539854275835,0.0
427.591,-1.670598140617852,6.247065822183874,0.0
427.691,-1.6983900008376707,6.2480728954132205,0.0
427.791,-1.7261115550038395,6.24846555168715,0.0
427.891,-1.7560718480520674,6.248091339477815,0.0
427.991,-1.7891823287070376,6.247098859253311,0.0
428.091,-1.8238565782576497,6.246605359293257,0.0
428.191,-1.8575337394666227,6.246096733959157,0.0
428.291,-1.8920301837788127,6.246019486764626,0.0
428.391,-1.925868804751211,6.246155008779182,0.0
428.491,-1.9607646649803356,6.24622553070079,0.0
428.591,-1.9950277838827195,6.246317478314035,0.0
428.691,-2.029390719671382,6.2467707840571745,0.0
428.791,-2.063303604219455,6.2469030877963165,0.0
428.891,-2.0975598192761677,6.247206591521992,0.0
428.991,-2.1314208965871946,6.247612769363331,0.0
429.091,-2.166074904823367,6.248542727136666,0.0
429.191,-2.199708318566258,6.249673370875944,0.0
429.291,-2.234326343908891,6.250806646108732,0.0
429.391,-2.266272529201857,6.252096367198603,0.0
429.491,-2.2939336997933966,6.25255449054656,0.0
429.591,-2.3241182667863454,6.252449361234165,0.0
429.691,-2.3587881856666737,6.2519100039848885,0.0
429.791,-2.3927015869943262,6.251664078764633,0.0
429.891,-2.4268281984347966,6.251091850300751,0.0
429.991,-2.4608381104119608,6.250772186563934,0.0
430.091,-2.494709279101645,6.250045321974557,0.0
430.191,-2.5282490809773006,6.249741670800604,0.0
430.291,-2.561918992908172,6.249125282889206,0.0
430.391,-2.595501958048735,6.248786816622128,0.0
430.491,-2.6297041214235843,6.248045009793754,0.0
430.591,-2.66315861889442,6.247379313229713,0.0
430.691,-2.6974469892582085,6.246489640365072,0.0
430.791,-2.7316270728274334,6.245719012680072,0.0
430.891,-2.7656984222023335,6.244782600625369,0.0
430.991,-2.799234147667244,6.24410854017102,0.0
431.091,-2.8338033530249382,6.242832935695109,0.0
431.191,-2.8647534961338743,6.2419629607310165,0.0
431.291,-2.8859156799734977,6.241164535782891,0.0
431.391,-2.9008989824097138,6.240335382499831,0.0
431.491,-2.9117883532808944,6.239381743357721,0.0
431.591,-2.92205311780914,6.237984678404588,0.0
431.691,-2.9320374075271056,6.23595886722796,0.0
431.791,-2.9417358594801617,6.233355018738659,0.0
431.891,-2.951322045421945,6.2302371345908565,0.0
431.991,-2.9607056497855666,6.226520065189157,0.0
432.091,-2.969822610798242,6.2222035189989615,0.0
432.191,-2.978782657041029,6.217311613261681,0.0
432.291,-2.987745007853899,6.211659466432704,0.0
432.391,-2.996440363781542,6.205479714345174,0.0
432.491,-3.0052698068562527,6.199121755972242,0.0
432.591,-3.013530061202035,6.192504254741617,0.0
432.691,-3.018945914812563,6.187650074865922,0.0
432.792,-3.0165495594538103,6.189839898470709,0.0
432.892,-3.0084492626325217,6.198641554717927,0.0
432.992,-2.9977115861932306,6.2105483238977355,0.0
433.092,-2.9898900472266745,6.220655750998876,0.0
433.192,-2.989228117867157,6.22171016667106,0.0
433.292,-2.991728257437614,6.213402210312991,0.0
433.392,-2.9962844159791433,6.195632065764702,0.0
433.492,-3.0014439188868973,6.172314646285797,0.0
433.592,-3.006257727190624,6.143263221024174,0.0
433.692,-3.011361012531771,6.109879796661088,0.0
433.792,-3.0165368073048278,6.075984815743339,0.0
433.892,-3.0213010834332357,6.043418343070451,0.0
433.992,-3.026446753425238,6.00959029802539,0.0
434.093,-3.031337824204956,5.9764723063402005,0.0
434.193,-3.0365310342274823,5.9425792213424415,0.0
434.293,-3.0414354922650513,5.909618451291367,0.0
434.393,-3.046650258118878,5.875449842259855,0.0
434.493,-3.0515420810659553,5.842627666091535,0.0
434.593,-3.0566928984752058,5.808706862418907,0.0
434.693,-3.061575395073544,5.775687242646611,0.0
434.793,-3.0667963277686914,5.741589853750537,0.0
434.893,-3.071568544929443,5.7088609227510165,0.0
434.993,-3.0767952203487314,5.674909218000741,0.0
435.093,-3.0816579332584513,5.641971628704491,0.0
435.193,-3.0867879824100344,5.608478411857796,0.0
435.293,-3.0918755274366583,5.575229634547623,0.0
435.393,-3.097218489781429,5.541183752019394,0.0
435.493,-3.102278369520568,5.507990474318418,0.0
435.593,-3.107114781551861,5.476881589134557,0.0
435.693,-3.110876816708748,5.449266109687383,0.0
435.793,-3.1143647951848266,5.418665523596341,0.0
435.893,-3.117686229564037,5.385099471439302,0.0
435.993,-3.1211611627140208,5.351465719038742,0.0
436.093,-3.125043028654315,5.317657228972028,0.0
436.193,-3.12919568496651,5.28439633433663,0.0
436.293,-3.133538723612778,5.252677674955517,0.0
436.393,-3.136891970473065,5.225140494763599,0.0
436.493,-3.1395658690060904,5.19752462812908,0.0
436.593,-3.1415097554063043,5.167551383875721,0.0
436.693,-3.1432876655125583,5.133519699515593,0.0
436.793,-3.14517891175058,5.099200118075052,0.0
436.893,-3.1470328466970323,5.06564594635045,0.0
436.993,-3.149278630151854,5.031053495447667,0.0
437.093,-3.15132167278943,4.997600125346705,0.0
437.193,-3.1536332097692967,4.963159254170022,0.0
437.293,-3.1557323223288343,4.930023680924341,0.0
437.393,-3.158293637827408,4.89541297022554,0.0
437.493,-3.16062481497154,4.862413161129366,0.0
437.593,-3.163729172645467,4.827716441806645,0.0
437.693,-3.1661540210061343,4.796496847673088,0.0
437.793,-3.167979324250826,4.769058138474525,0.0
437.893,-3.1690182315818807,4.738587625823468,0.0
437.993,-3.1699325153111926,4.704527628635127,0.0
438.093,-3.170845567397025,4.671424056035355,0.0
438.193,-3.1722537929989714,4.637251081145734,0.0
438.293,-3.173839222027806,4.603702046552925,0.0
438.393,-3.1757891677730017,4.569258878191564,0.0
438.493,-3.1774659382072317,4.535795128402062,0.0
438.593,-3.179500347956079,4.501124970282426,0.0
438.693,-3.1815141612971507,4.467008466523581,0.0
438.793,-3.183706825512008,4.432228887537533,0.0
438.893,-3.1860047167683523,4.398409274056256,0.0
438.993,-3.1880633397538167,4.367147448891723,0.0
439.093,-3.189751419773051,4.338486328079812,0.0
439.193,-3.190489325982804,4.311216371039531,0.0
439.293,-3.1907685877980483,4.28033858901248,0.0
439.393,-3.1907076076992555,4.24653498757392,0.0
439.493,-3.1909432676998164,4.212187723138373,0.0
439.593,-3.1911510030266372,4.1779472149490315,0.0
439.693,-3.191343341836573,4.143150693565621,0.0
439.793,-3.191423855297172,4.108679823302749,0.0
439.893,-3.1917401209536966,4.074570232238858,0.0
439.993,-3.1920769098976542,4.040294527756029,0.0
440.093,-3.192783869471334,4.006226400184944,0.0
440.193,-3.193655087729045,3.9716892995677746,0.0
440.293,-3.1949833246319432,3.93741520345143,0.0
440.393,-3.1965500920666323,3.9026676082710465,0.0
440.493,-3.1983271146913856,3.8687606415603937,0.0
440.593,-3.2004143312386555,3.836448953024979,0.0
440.693,-3.201542599777774,3.8094668613682776,0.0
440.793,-3.202209922364248,3.7819102945240615,0.0
440.893,-3.2020338557395007,3.751792460230199,0.0
440.993,-3.2018266202987484,3.7175598484344263,0.0
441.093,-3.2016063070739373,3.6833208252393534,0.0
441.193,-3.2014114790959733,3.650099378841353,0.0
441.293,-3.201163030019463,3.61547953863632,0.0
441.393,-3.2009530737554,3.5823759199099245,0.0
441.493,-3.200725392767284,3.547906923372426,0.0
441.593,-3.2005165029833984,3.5153118421833653,0.0
441.693,-3.200289423466292,3.4807400577185685,0.0
441.793,-3.200134419411393,3.4478034478916886,0.0
441.893,-3.199957313380661,3.41329383081086,0.0
441.993,-3.199762232873649,3.379488941370435,0.0
442.093,-3.1996099041055692,3.3449571926298804,0.0
442.193,-3.1994025754655495,3.311517462497868,0.0
442.293,-3.1993152842605306,3.2769268619658076,0.0
442.393,-3.199204584777146,3.243720897391021,0.0
442.494,-3.1991638814295515,3.2090684492393042,0.0
442.594,-3.1991351314134393,3.175884688447123,0.0
442.694,-3.199094473087405,3.1414459747713095,0.0
442.794,-3.199109178120077,3.1080940636648524,0.0
442.894,-3.1991040827211337,3.0741803494712223,0.0
442.994,-3.1991139822270154,3.0406642962408252,0.0
443.094,-3.1991490736122494,3.006663501935757,0.0
443.194,-3.1991579179868275,2.9728397746347417,0.0
443.294,-3.199166290885161,2.939134720017504,0.0
443.394,-3.1991822812332833,2.9053209760821335,0.0
443.494,-3.1991975946673112,2.8720707324083388,0.0
443.594,-3.1992231798058235,2.83835580750354,0.0
443.694,-3.1993279302674758,2.804027946964046,0.0
443.794,-3.199367597132976,2.7694586493642794,0.0
443.894,-3.1994269978795282,2.736200697469204,0.0
443.994,-3.199501988029452,2.7022529661945005,0.0
444.094,-3.199610040537865,2.6686879665950367,0.0
444.194,-3.199694757684986,2.6346461676156423,0.0
444.294,-3.1997760051540145,2.6017337743960622,0.0
444.394,-3.1998610735734325,2.567580138996785,0.0
444.494,-3.1999117370717602,2.534475032297858,0.0
444.594,-3.199972713187448,2.500168296587461,0.0
444.694,-3.200014482548149,2.466735798529634,0.0
444.794,-3.20007713668477,2.432328646975497,0.0
444.894,-3.200118480040917,2.3992158660676663,0.0
444.994,-3.200138893635561,2.3649599831515116,0.0
445.094,-3.2001781266827645,2.331954758660636,0.0
445.194,-3.2001793306642536,2.2975733386821164,0.0
445.294,-3.2001821723525183,2.264501615115917,0.0
445.394,-3.2001882382339346,2.2301651014545096,0.0
445.494,-3.2002111950022547,2.1974363295145354,0.0
445.594,-3.2002338390669864,2.1628130181549152,0.0
445.694,-3.2002672258994274,2.1295165834125274,0.0
445.794,-3.200309152346883,2.0952340036659494,0.0
445.894,-3.2003338265079586,2.062162456438192,0.0
445.994,-3.2003825946830036,2.0279947440612585,0.0
446.094,-3.2004118727824227,1.994531670336921,0.0
446.194,-3.200438700663549,1.9607053542668689,0.0
446.294,-3.2004509522276257,1.926861674386253,0.0
446.394,-3.200459410361743,1.8932938446304632,0.0
446.494,-3.200463297557109,1.8593703052689374,0.0
446.594,-3.2004606748313047,1.8252572977611323,0.0
446.694,-3.2004872274313128,1.7909726687820728,0.0
446.794,-3.2005146700597287,1.7572916733001434,0.0
446.894,-3.2004932485749933,1.723125603519304,0.0
446.994,-3.2005157011117817,1.689836110541647,0.0
447.094,-3.200544760965398,1.6559698096577051,0.0
447.194,-3.2005682874245394,1.622319921302131,0.0
447.294,-3.2006064014252877,1.5882914077351138,0.0
447.394,-3.200652673636299,1.554713187178369,0.0
447.494,-3.200720110655345,1.5203575504925664,0.0
447.594,-3.200771072099084,1.4870809912813907,0.0
447.694,-3.200801092837265,1.4531100135050161,0.0
447.794,-3.200849088563364,1.420156353761878,0.0
447.894,-3.200915513735283,1.3858135000427043,0.0
447.994,-3.2009016926482015,1.3527696891098813,0.0
448.094,-3.2009220333523136,1.3184253584012922,0.0
448.194,-3.2009043995673307,1.2852278438973372,0.0
448.294,-3.2008624273563333,1.2508810159234443,0.0
448.394,-3.200800086465647,1.2178256252703064,0.0
448.494,-3.2007241049478297,1.1835931146811591,0.0
448.594,-3.2006871323034525,1.1504934157960944,0.0
448.696,-3.2006270828359598,1.1154101436646642,0.0
448.797,-3.200598165495763,1.082208639641869,0.0
448.897,-3.2005592767448583,1.0475460706649649,0.0
448.997,-3.2005365414995444,1.014669078987344,0.0
449.097,-3.2005251892002304,0.9803943816170867,0.0
449.197,-3.2005451030394303,0.9474826157424797,0.0
449.297,-3.2005572556813564,0.9131546610448112,0.0
449.397,-3.20055744750285,0.8801090120633471,0.0
449.497,-3.2005679806199363,0.8456546859313449,0.0
449.597,-3.2005656630230885,0.8115842317169125,0.0
449.697,-3.2004232185155437,0.7805434023355494,0.0
449.797,-3.199627496876304,0.7529410626879868,0.0
449.897,-3.1981970521805763,0.7226045921308252,0.0
449.997,-3.1963219031099595,0.6885392488431605,0.0
450.097,-3.1945669917571684,0.6547098923959557,0.0
450.197,-3.1930623621464216,0.6202809867337359,0.0
450.297,-3.191980692303927,0.5860745155944922,0.0
450.397,-3.1909004636016927,0.5513278123756309,0.0
450.497,-3.189952806861123,0.5170554737913752,0.0
450.597,-3.1893718324633706,0.4827523508559969,0.0
450.697,-3.1888711249276382,0.44860050689154174,0.0
450.797,-3.188906981974752,0.4138990950674352,0.0
450.897,-3.1892883529109683,0.38001880676178545,0.0
450.997,-3.1896954199553464,0.3451381872764381,0.0
451.097,-3.190228928925979,0.3112566247436794,0.0
451.197,-3.1908504948221705,0.27687111787743607,0.0
451.297,-3.1917536289332413,0.24367814734546112,0.0
451.397,-3.1931136165788625,0.2087833310696227,0.0
451.497,-3.1946265680300865,0.17529371172760635,0.0
451.597,-3.1962085943262064,0.1413271734793536,0.0
451.697,-3.1980898101975983,0.10656157975770718,0.0
451.797,-3.200318847450331,0.07206315486789001,0.0
451.897,-3.2026395242872123,0.03852430034948458,0.0
451.997,-3.2052372955668123,0.003919621008882843,0.0
452.097,-3.207851094871126,-0.030686169743164925,0.0
452.197,-3.2106770902061155,-0.06538307279566997,0.0
452.297,-3.213254559075094,-0.09912038203974281,0.0
452.397,-3.216379762209422,-0.13355098873883853,0.0
452.497,-3.2196079780670424,-0.16681422277799873,0.0
452.597,-3.2232148502739606,-0.20184889593173305,0.0
452.697,-3.226688990812321,-0.23607081933821783,0.0
452.797,-3.2300138615575986,-0.27029505780383484,0.0
452.897,-3.233833481425284,-0.30362099028156125,0.0
452.997,-3.2381072072085195,-0.3376720473275068,0.0
453.097,-3.242520659708255,-0.37114877331005053,0.0
453.197,-3.247340359629266,-0.40467271440352587,0.0
453.297,-3.252552308305111,-0.43854728626374256,0.0
453.397,-3.2582353203852823,-0.4728947263985386,0.0
453.497,-3.263904013347582,-0.5074259538211656,0.0
453.597,-3.269531365078531,-0.541411799254536,0.0
453.697,-3.275163361494616,-0.5752221711574306,0.0
453.797,-3.2808657294371275,-0.6094235181965478,0.0
453.897,-3.2868570372869566,-0.6437997032652877,0.0
453.997,-3.292676061408921,-0.6765940027392986,0.0
454.097,-3.2992159369191336,-0.7103250571478624,0.0
454.197,-3.3061070681458244,-0.7445311960263855,0.0
454.297,-3.3131727714080053,-0.7784652398295916,0.0
454.397,-3.320158899762018,-0.8111670406782192,0.0
454.497,-3.3277494609366998,-0.844437342857358,0.0
454.597,-3.3359205500361893,-0.877855969207824,0.0
454.697,-3.3442444084818845,-0.9116061041316814,0.0
454.797,-3.3523246236968647,-0.9436192533963005,0.0
454.897,-3.3610170285830097,-0.9771064982126899,0.0
454.997,-3.3701709156815487,-1.0093885472205786,0.0
455.097,-3.3802940022623833,-1.0427582866995988,0.0
455.197,-3.390338334768406,-1.0745408558495324,0.0
455.297,-3.4011739527502223,-1.1075349337000049,0.0
455.397,-3.4118832574677085,-1.1387641507734525,0.0
455.497,-3.423599307213181,-1.1714883597009602,0.0
455.597,-3.435358087301275,-1.2034317281048912,0.0
455.697,-3.447361025019064,-1.2356107575204685,0.0
455.797,-3.459227337325315,-1.26699825100913,0.0
455.897,-3.4719918455578003,-1.2989866761097717,0.0
455.997,-3.484778124891813,-1.3299954384393926,0.0
456.097,-3.4978740928740937,-1.3618163959633243,0.0
456.197,-3.5111406603394446,-1.3923995827590798,0.0
456.297,-3.5252903799905186,-1.4238485861835382,0.0
456.397,-3.539218259778788,-1.4551770912194575,0.0
456.497,-3.5534527301100924,-1.4864346212996182,0.0
456.597,-3.5683475565568377,-1.5181297685497464,0.0
456.697,-3.5828320855970697,-1.5491297293803032,0.0
456.797,-3.597010352651652,-1.5798719782691484,0.0
456.897,-3.611844368667362,-1.6109224656012506,0.0
456.997,-3.627090555120014,-1.642398351395104,0.0
457.097,-3.641959617970733,-1.672970398901244,0.0
457.197,-3.656742091943896,-1.7033811742688887,0.0
457.297,-3.672044542049305,-1.7335268628545624,0.0
457.397,-3.687684473195815,-1.76356241481423,0.0
457.497,-3.7036230785658275,-1.7940638244850717,0.0
457.597,-3.7200179943401968,-1.8249204501371443,0.0
457.697,-3.73569362252056,-1.8547160453088964,0.0
457.797,-3.752064645172606,-1.8848567182069975,0.0
457.897,-3.768837935672703,-1.9152441506769473,0.0
457.997,-3.7858599594725644,-1.9457897783715528,0.0
458.097,-3.8025786556596537,-1.9754055629507463,0.0
458.197,-3.820083244386256,-2.005553761425016,0.0
458.297,-3.8373135376318555,-2.0345860903397512,0.0
458.397,-3.8552776050741415,-2.064640329128829,0.0
458.497,-3.8732662231099275,-2.09442531122992,0.0
458.597,-3.891266117173696,-2.124096834328359,0.0
458.697,-3.9085326028402005,-2.1523937636545614,0.0
458.797,-3.9273167791752672,-2.1820438406947438,0.0
458.897,-3.945532615447195,-2.2109860638962813,0.0
458.997,-3.9642764503647037,-2.2401882364463197,0.0
459.097,-3.982362030811278,-2.268004705078296,0.0
459.197,-4.0014877717390345,-2.296823423080868,0.0
459.297,-4.0200500145103115,-2.3244713114093845,0.0
459.397,-4.039455547917527,-2.352816192491865,0.0
459.497,-4.058490838095432,-2.380696674287987,0.0
459.597,-4.07846086964891,-2.409760331951108,0.0
459.697,-4.09785542550972,-2.4375411427390583,0.0
459.797,-4.117803004377973,-2.465564920974438,0.0
459.897,-4.137349695220597,-2.493183782050635,0.0
459.997,-4.157468677171254,-2.520992169602305,0.0
460.097,-4.1773185011875835,-2.5478594608599328,0.0
460.197,-4.197822357852087,-2.5748276444376095,0.0
460.297,-4.21882547290108,-2.6016158628932198,0.0
460.397,-4.240175631692401,-2.628193441518802,0.0
460.497,-4.261481175237898,-2.654727606326391,0.0
460.597,-4.283150079614158,-2.681489693243325,0.0
460.697,-4.3048013728497425,-2.707648860618584,0.0
460.797,-4.32647897746635,-2.7333072934465013,0.0
460.897,-4.349476368860154,-2.7596581217131537,0.0
460.997,-4.371299382938957,-2.785345646720131,0.0
461.097,-4.394031813188382,-2.8112553344814284,0.0
461.197,-4.416627266939855,-2.836386249103986,0.0
461.297,-4.439821477499963,-2.8621779433959507,0.0
461.397,-4.462610628577993,-2.887155710492725,0.0
461.497,-4.486403709793779,-2.91245563877319,0.0
461.597,-4.509315854264071,-2.9362705438847105,0.0
461.697,-4.533481811025079,-2.960996779974144,0.0
461.797,-4.556867414859659,-2.98408620249836,0.0
461.897,-4.582164128416128,-3.0083607208533607,0.0
461.997,-4.606554317047654,-3.0310602020986592,0.0
462.097,-4.6321183803091035,-3.054230336830899,0.0
462.197,-4.657159114021754,-3.077182710604961,0.0
462.297,-4.682781513119846,-3.1006398111799696,0.0
462.397,-4.707929201629275,-3.12341927805514,0.0
462.497,-4.7334798771940765,-3.146292196850678,0.0
462.597,-4.758778437786321,-3.1687357322562355,0.0
462.697,-4.784314365141031,-3.191239253612108,0.0
462.797,-4.810091516082542,-3.2136931204092183,0.0
462.897,-4.836179565815716,-3.2368558080833942,0.0
462.997,-4.861825138393846,-3.2592695934303584,0.0
463.097,-4.887645144161075,-3.2820376071197344,0.0
463.197,-4.912829984906559,-3.3037984824422204,0.0
463.297,-4.939080675309019,-3.326396307768635,0.0
463.397,-4.964804222129517,-3.3481053190788415,0.0
463.497,-4.991322141704902,-3.370271390420587,0.0
463.597,-5.016947817239833,-3.3914757428036846,0.0
463.697,-5.04337391327587,-3.4132951325711094,0.0
463.797,-5.069452621605512,-3.4348632401911434,0.0
463.897,-5.096106622148926,-3.457156339735311,0.0
463.997,-5.122008234092446,-3.4784938481540326,0.0
464.097,-5.14828673287105,-3.499991028162055,0.0
464.197,-5.174846162171059,-3.5217173677376437,0.0
464.297,-5.200942134160621,-3.5428411039666012,0.0
464.397,-5.227811192251381,-3.564414659324989,0.0
464.497,-5.254634470311973,-3.5861791402676726,0.0
464.597,-5.2813405005400265,-3.607545746471256,0.0
464.697,-5.307431244290055,-3.6285039650858137,0.0
464.797,-5.334125507272586,-3.649690852727627,0.0
464.897,-5.361156705247444,-3.671339441129495,0.0
464.997,-5.388032408432627,-3.69266181445868,0.0
465.097,-5.413928508060536,-3.713111846025771,0.0
465.197,-5.441659922518517,-3.7345214361880448,0.0
465.297,-5.468083453587674,-3.754438227402539,0.0
465.397,-5.495818814733537,-3.775275799461752,0.0
465.497,-5.523636455750815,-3.7962472932813696,0.0
465.597,-5.550987211939632,-3.8169393762947217,0.0
465.697,-5.577562664128129,-3.837071805743631,0.0
465.797,-5.605169131021271,-3.8576596868172373,0.0
465.897,-5.6321083566013534,-3.877820029690141,0.0
465.997,-5.65702032841274,-3.8961549575642556,0.0
466.097,-5.673573161363622,-3.9083810139052066,0.0
466.197,-5.685459609573048,-3.9168852615613354,0.0
466.297,-5.6942607435531,-3.9223798717577556,0.0
466.397,-5.707513836977068,-3.9297969331356963,0.0
466.497,-5.729128502852543,-3.9410437452912292,0.0
466.597,-5.75424111748063,-3.952799704300818,0.0
466.697,-5.779808063850302,-3.9637880272873645,0.0
466.797,-5.8056683661209405,-3.974177995323715,0.0
466.897,-5.834446411675235,-3.984536848425967,0.0
466.997,-5.86643916809567,-3.995610925517652,0.0
467.097,-5.898460230559021,-4.006476062970487,0.0
467.197,-5.9305044309160255,-4.017356558083279,0.0
467.297,-5.962905520183038,-4.028432370359264,0.0
467.397,-5.994288108021624,-4.039038168953646,0.0
467.497,-6.026787357569839,-4.050202367682571,0.0
467.597,-6.0583601025749,-4.060894142159543,0.0
467.697,-6.090951991678095,-4.0721230344329555,0.0
467.797,-6.122377513919374,-4.082771675867463,0.0
467.897,-6.154964448374754,-4.0940071006217575,0.0
467.997,-6.186406331267095,-4.104775361051451,0.0
468.097,-6.218956746859346,-4.115987245101055,0.0
468.197,-6.247397206692297,-4.125784251538639,0.0
468.297,-6.266750853093083,-4.132427415977129,0.0
468.397,-6.280629655710085,-4.137029545384488,0.0
468.497,-6.29078630588585,-4.139893047328212,0.0
468.597,-6.305234961621392,-4.143075507560929,0.0
468.697,-6.329469728379922,-4.147163797665815,0.0
468.797,-6.356605510682534,-4.1508246051638436,0.0
468.897,-6.384399198497501,-4.153951934706147,0.0
468.997,-6.411312406764046,-4.155894217033437,0.0
469.097,-6.439207399626462,-4.157328711099655,0.0
469.197,-6.4699708425622555,-4.158066062640625,0.0
469.297,-6.503010705716228,-4.158166138644132,0.0
469.397,-6.538021742024306,-4.158293487822588,0.0
469.497,-6.571885618274139,-4.15839335553311,0.0
469.597,-6.606532308158491,-4.158460354586312,0.0
469.697,-6.6404921393174865,-4.158171626985451,0.0
469.797,-6.675479013827127,-4.158050211072886,0.0
469.897,-6.70908389524205,-4.157743804026501,0.0
469.997,-6.743864897022287,-4.157544797659575,0.0
470.097,-6.777289633471162,-4.157300770906189,0.0
470.197,-6.812066803943924,-4.157007388772265,0.0
470.297,-6.845959333005526,-4.156713800434955,0.0
470.397,-6.880243425272511,-4.15633431527688,0.0
470.497,-6.914103378941303,-4.155953129178651,0.0
470.597,-6.948790561543928,-4.15544210322189,0.0
470.697,-6.983128173050474,-4.154511381641775,0.0
470.797,-7.017257417993323,-4.1535164831164995,0.0
470.897,-7.051066334136487,-4.152532943022531,0.0
470.997,-7.085654388045426,-4.151457002366861,0.0
471.097,-7.120312371213351,-4.150182362294538,0.0
471.197,-7.154477040995097,-4.148898931188534,0.0
471.297,-7.188801601593598,-4.147414869564312,0.0
471.397,-7.223227366703486,-4.145786846195989,0.0
471.497,-7.2580533869313575,-4.1437976089535,0.0
471.597,-7.291778986525848,-4.14206574671836,0.0
471.697,-7.325991984104838,-4.1401785164790095,0.0
471.797,-7.359868001301782,-4.138051461588242,0.0
471.897,-7.394364932732247,-4.135795801316053,0.0
471.997,-7.427742255472123,-4.133631238112293,0.0
472.097,-7.462268641606916,-4.131206092266812,0.0
472.197,-7.49538300239705,-4.128829989099898,0.0
472.297,-7.529909753945092,-4.125962272642446,0.0
472.397,-7.562917455546859,-4.123367909841575,0.0
472.497,-7.597316224681913,-4.120303543132971,0.0
472.597,-7.630798294049656,-4.117511507894783,0.0
472.697,-7.664984201843684,-4.114419202654652,0.0
472.797,-7.698286421497066,-4.111548103915093,0.0
472.897,-7.732581247954209,-4.108174111871251,0.0
472.997,-7.7660889532969675,-4.104981907602077,0.0
473.097,-7.800494296228868,-4.101507839795936,0.0
473.197,-7.833724787847244,-4.0981643248858575,0.0
473.297,-7.868476227571246,-4.0944366947947515,0.0
473.397,-7.901466545397929,-4.091122052529075,0.0
473.497,-7.935910824530536,-4.087359998829118,0.0
473.597,-7.969196842778336,-4.083809763054975,0.0
473.697,-8.003398556525317,-4.080018046773602,0.0
473.797,-8.036662588484665,-4.076305610285226,0.0
473.897,-8.070907633121719,-4.072317171711711,0.0
473.997,-8.103968697094789,-4.068582290454994,0.0
474.097,-8.138271583596808,-4.064352730309156,0.0
474.197,-8.171533242790181,-4.060428954698761,0.0
474.297,-8.20557112541174,-4.056140561014639,0.0
474.397,-8.236771019015661,-4.052086992638473,0.0
474.497,-8.264024102181148,-4.047905351980209,0.0
474.597,-8.28774543581862,-4.0436478601795525,0.0
474.697,-8.301615101570292,-4.040457751671179,0.0
474.797,-8.312209137763613,-4.037112426969861,0.0
474.897,-8.32260899290983,-4.033633011659843,0.0
474.997,-8.332849147722202,-4.029867631456023,0.0
475.097,-8.342787274575066,-4.025499649405004,0.0
475.197,-8.352274045545549,-4.02055400263963,0.0
475.297,-8.361499793738615,-4.014968469361715,0.0
475.397,-8.370316826822425,-4.00897281925958,0.0
475.497,-8.37851945081768,-4.002593837795134,0.0
475.597,-8.386380651335951,-3.995650148543944,0.0
475.697,-8.393976456776667,-3.9881008444082506,0.0
475.797,-8.40126537344269,-3.9798580557950496,0.0
475.897,-8.40834388000702,-3.9717390884277566,0.0
475.997,-8.414925644198787,-3.9634215168386584,0.0
476.097,-8.423181029196474,-3.951551452878482,0.0
476.197,-8.435774797198103,-3.931187227804646,0.0
476.297,-8.449310587904533,-3.9073558015833476,0.0
476.397,-8.46196486021136,-3.883437942816936,0.0
476.497,-8.47418338420077,-3.858617964574006,0.0
476.597,-8.485792401814603,-3.83372786632035,0.0
476.697,-8.4965923620695,-3.8086050760326695,0.0
476.797,-8.506711351816678,-3.7830740496471984,0.0
476.897,-8.516183787009457,-3.7572935782447074,0.0
476.997,-8.524894833431986,-3.730794040328147,0.0
477.097,-8.533026165857692,-3.703656831414527,0.0
477.197,-8.53996612505612,-3.6773726890812015,0.0
477.297,-8.546300895416515,-3.6503699621988193,0.0
477.397,-8.551939305486856,-3.6231049509232047,0.0
477.497,-8.556786353494926,-3.5955898681388354,0.0
477.597,-8.560869336137863,-3.568046811353836,0.0
477.697,-8.563971112550574,-3.5406072042084924,0.0
477.797,-8.566458019032694,-3.510174427339335,0.0
477.897,-8.568856513490823,-3.4769812323919886,0.0
477.997,-8.571227118212091,-3.444065437344606,0.0
478.097,-8.574056515365474,-3.4095810050623934,0.0
478.197,-8.57679795806585,-3.376806514719118,0.0
478.297,-8.580123917008349,-3.3420942584151994,0.0
478.397,-8.583256843223952,-3.308271635269763,0.0
478.497,-8.58667339735031,-3.2734586694998615,0.0
478.597,-8.589971621262928,-3.2401196232323377,0.0
478.697,-8.593402732617212,-3.2049802932774845,0.0
478.797,-8.597029964469094,-3.1708544867576967,0.0
478.897,-8.600778125877893,-3.1366474934244977,0.0
478.997,-8.60435188425223,-3.1033472549748944,0.0
479.097,-8.608514341484707,-3.0696172502459924,0.0
479.197,-8.612761436287732,-3.0366439346663063,0.0
479.297,-8.617594857924654,-3.002314430538845,0.0
479.397,-8.622723297368642,-2.968054775824772,0.0
479.497,-8.627688977171017,-2.9345765882090573,0.0
479.597,-8.632910805315003,-2.9014056276923124,0.0
479.697,-8.638753928178598,-2.8672534775214324,0.0
479.797,-8.64438493970531,-2.8341103957980236,0.0
479.897,-8.65038763813128,-2.800327817146612,0.0
479.997,-8.656650169374393,-2.767170143657299,0.0
480.097,-8.663134035010437,-2.7335402200201506,0.0
480.197,-8.669555873076208,-2.7002673141076223,0.0
480.297,-8.675994961855041,-2.666746819706145,0.0
480.397,-8.683078372493313,-2.632484478062768,0.0
480.497,-8.68980423308092,-2.5997444872502498,0.0
480.597,-8.69714393398816,-2.5660334004505656,0.0
480.697,-8.704249892021789,-2.532848907353197,0.0
480.797,-8.712103370973967,-2.4987098033581656,0.0
480.897,-8.719231767882661,-2.466203632089707,0.0
480.997,-8.72710775576171,-2.432779613504723,0.0
481.097,-8.73477812488544,-2.400337032569399,0.0
481.197,-8.742895277146147,-2.3671205598504126,0.0
481.297,-8.751008941443308,-2.3345170222591647,0.0
481.397,-8.759624884456908,-2.3011107495780405,0.0
481.497,-8.768215895203733,-2.26851063033052,0.0
481.597,-8.777055035364405,-2.2352628970379484,0.0
481.697,-8.785855885035419,-2.2028257430597233,0.0
481.797,-8.795396294581046,-2.169470246975605,0.0
481.897,-8.80462213253131,-2.137258668609178,0.0
481.997,-8.814038645606978,-2.1040486915328334,0.0
482.097,-8.823699552930163,-2.071293784626315,0.0
482.197,-8.833350242217668,-2.038500143344418,0.0
482.297,-8.842700733989716,-2.006822121038098,0.0
482.397,-8.85275630347067,-1.9742588214119428,0.0
482.497,-8.8629082557155,-1.9425031086806592,0.0
482.597,-8.873447293685363,-1.9094581889472508,0.0
482.697,-8.884049161767969,-1.8771136470880951,0.0
482.797,-8.895027605186783,-1.8439815245277418,0.0
482.897,-8.90542331164473,-1.8127365133093625,0.0
482.997,-8.916371355588543,-1.780079758165066,0.0
483.097,-8.927724515063817,-1.7469282964846495,0.0
483.197,-8.938840068455587,-1.71432170131894,0.0
483.297,-8.950208562760325,-1.6820084378978937,0.0
483.397,-8.961576143995877,-1.6502303604445077,0.0
483.497,-8.973163420630202,-1.6185619241442897,0.0
483.597,-8.98524854887077,-1.5865062024258776,0.0
483.697,-8.997080573202677,-1.5551284294817218,0.0
483.797,-9.00941405385531,-1.523842212183735,0.0
483.897,-9.022412099876522,-1.4921682730535863,0.0
483.997,-9.035145077294176,-1.4611684063326902,0.0
484.097,-9.048141313188161,-1.4296815954981839,0.0
484.197,-9.061430596729432,-1.398064546822956,0.0
484.297,-9.074536737930037,-1.366485485902649,0.0
484.397,-9.087741941675887,-1.3351820597595032,0.0
484.497,-9.100909460675126,-1.3036145411998599,0.0
484.597,-9.114030902603242,-1.2724687938935633,0.0
484.697,-9.127248852249577,-1.2408739469598378,0.0
484.797,-9.140178126242349,-1.2102738555548556,0.0
484.897,-9.153801281151,-1.1785036603469743,0.0
484.997,-9.166944909927961,-1.147826001013731,0.0
485.097,-9.180548395855912,-1.116038190466362,0.0
485.197,-9.194112143448326,-1.0841333093988301,0.0
485.297,-9.207445427924426,-1.0527342388277354,0.0
485.397,-9.220420105856084,-1.0224619334125176,0.0
485.497,-9.234336706257876,-0.9911016189674103,0.0
485.597,-9.248328232429785,-0.9606661929034606,0.0
485.697,-9.263142873176744,-0.9295211755698002,0.0
485.797,-9.278033771618324,-0.8981232683295051,0.0
485.897,-9.292854120917976,-0.8671253417014883,0.0
485.997,-9.307348483650257,-0.837305216979727,0.0
486.097,-9.322314681686668,-0.8068799782467895,0.0
486.197,-9.337201459230009,-0.7777009990509948,0.0
486.297,-9.352838089699334,-0.747600735067755,0.0
486.397,-9.369170374186421,-0.7177873075737906,0.0
486.497,-9.386026473472969,-0.6875463106320949,0.0
486.597,-9.402328367805598,-0.6579710551357368,0.0
486.697,-9.418927371644692,-0.6283320707340208,0.0
486.797,-9.435565413378077,-0.5991862493246203,0.0
486.897,-9.45234456815513,-0.5696727551035285,0.0
486.997,-9.469534207489513,-0.5400294083328574,0.0
487.097,-9.486387351367908,-0.5104679051264077,0.0
487.197,-9.503583852948653,-0.48098301253773873,0.0
487.297,-9.520716756923688,-0.451209841619429,0.0
487.397,-9.537937435089496,-0.421894069561031,0.0
487.497,-9.555251366277519,-0.39213057894425524,0.0
487.597,-9.572215983116594,-0.3631615343156879,0.0
487.697,-9.589496938616206,-0.3338493088512775,0.0
487.797,-9.60719531287312,-0.30410268250854866,0.0
487.897,-9.624645315744003,-0.27484438856309046,0.0
487.997,-9.641960282971867,-0.24526931596630291,0.0
488.097,-9.659183979238865,-0.21661285134350788,0.0
488.197,-9.676747217472977,-0.1873272603927279,0.0
488.297,-9.693912894217044,-0.15898648744169966,0.0
488.397,-9.711916134919004,-0.12927573821583174,0.0
488.497,-9.72935255429995,-0.1001879999068144,0.0
488.597,-9.745270999509257,-0.07371439564735618,0.0
488.697,-9.756051313917043,-0.055966478385095275,0.0
488.797,-9.763429772808875,-0.04304581747151743,0.0
488.897,-9.76823451689736,-0.03317267570546586,0.0
488.997,-9.772696636784987,-0.02324886503171228,0.0
489.097,-9.776757051998084,-0.013201733323715735,0.0
489.197,-9.780131799519317,-0.002993388454622453,0.0
489.297,-9.783896670535283,0.011136996484341482,0.0
489.397,-9.789183614105497,0.03479840570162921,0.0
489.497,-9.794068922974594,0.06155411901227821,0.0
489.597,-9.79830992885189,0.08912159411082564,0.0
489.697,-9.80164343429236,0.11642661736128462,0.0
489.797,-9.804287836545509,0.14574054989093432,0.0
489.897,-9.807083784059456,0.1796829914179263,0.0
