timestamp,x,y,z
0.21400000000000002,2.0,-3.961463532859596e-33,0.09813799999999989
0.234,2.0,-8.958139999387012e-33,0.092356
0.254,2.0,-1.1847355250984911e-32,0.082654
0.274,2.0,-1.3106840160211923e-32,0.06903200000000001
0.29400000000000004,2.0,-1.3689294395854072e-32,0.05149000000000001
0.314,2.0,-1.3965589078323953e-32,0.03002799999999997
0.334,2.0,-1.2236860642094723e-32,0.004645999999999928
0.35400000000000004,2.0006192353126466,-5.36112559159797e-06,0.0012166394242610068
0.374,2.000603848765678,-5.957342473254967e-06,0.0012155653465215355
0.394,2.00020011184721,-6.123655139711371e-06,0.0019464612351610677
0.41400000000000003,1.9983591135827439,-5.22157136665395e-06,0.003122596084379231
0.43400000000000005,1.9956081090506192,-4.279794061210793e-06,0.0026086067274955216
0.454,1.9926070739264654,-4.790658703261664e-06,0.001218795715253379
0.47400000000000003,1.9925442416159909,-3.487612136954907e-06,0.0012091239451598734
0.49400000000000005,1.9925285773625516,6.988973777200986e-07,0.0012509295796947761
0.514,1.992353644184093,7.77841950885181e-06,0.0012183028690472275
0.534,1.9923503146873398,9.13916759200996e-06,0.0012110608228847464
0.554,1.9923494154450834,9.958506799542621e-06,0.001218254603680885
0.5740000000000001,1.9923502149206243,1.4595850532918036e-05,0.0012161467406728577
0.5940000000000001,1.9923463112611879,1.4947215809563878e-05,0.0012183293880927704
0.614,1.992338181948495,1.3745785757266871e-05,0.001216607259317798
0.634,1.9923426140682787,1.6732785953730424e-05,0.0012177128020902095
0.654,1.992338804864079,1.8349451608453196e-05,0.0012169152936279126
0.674,1.992337162113684,1.774832059943328e-05,0.001215735424446529
0.6940000000000001,1.992338243907155,2.5463392199843393e-05,0.0012175968841628415
0.7140000000000001,1.9923370398748597,2.642775012096319e-05,0.001218362957058211
0.7340000000000001,1.9923371432363077,3.046653628231084e-05,0.0012169404718022914
0.754,1.9923369078585813,3.4234713307988506e-05,0.0012159169515214563
0.774,1.9923335709696561,3.369640108096955e-05,0.0012187523547390056
0.794,1.9923253291519494,3.32872063232043e-05,0.0012192562904676518
0.8140000000000001,1.9923297045671096,3.5403375517482445e-05,0.0012187095295061179
0.8340000000000001,1.9923262757606088,3.596905660979928e-05,0.0012187594222834996
0.8540000000000001,1.9923249133938232,3.613280325352761e-05,0.001219406174190224
0.874,1.9923235292725532,3.872350533073532e-05,0.0012155284232873709
0.894,1.9923228697536863,3.973554693667315e-05,0.0012114834938828367
0.914,1.992322969823952,3.912387320987599e-05,0.0012190161780016584
0.934,1.9923237248741619,4.5801020401047514e-05,0.0012147991113326262
0.9540000000000001,1.9923240351809761,4.6895346225185e-05,0.001219566434982694
0.9740000000000001,1.9923241510942573,5.08413791289405e-05,0.0012187819321984872
0.9940000000000001,1.9923238949598672,4.992806714559285e-05,0.0012172180123677656
1.014,1.9923229745984001,5.100012718316582e-05,0.0012189172116677804
1.034,1.9923213935107138,5.037191368993324e-05,0.0012191990494243021
1.054,1.9923222597196895,5.437800039242585e-05,0.0012176946865732063
1.074,1.992320742813965,5.368221334946408e-05,0.0012189593631357354
1.094,1.992321513999016,5.5323041614686535e-05,0.001216525405263874
1.114,1.992321008103727,5.96726278944463e-05,0.001219103480082584
1.134,1.9923219497326428,6.50209431569677e-05,0.0012191974094419855
1.154,1.992321370202155,6.540658740828892e-05,0.001219157592038278
1.174,1.9923217460531562,6.446986024151017e-05,0.0012168122076655075
1.194,1.9923223112275263,7.217560651442196e-05,0.0012193033516638696
1.214,1.9923230687035567,7.678836880335097e-05,0.0012190884898777288
1.234,1.9923228910217434,7.769377322018459e-05,0.001219366186499038
1.254,1.9923226438889468,7.797605088209944e-05,0.00121928994980533
1.274,1.992323396955913,8.280821739278706e-05,0.0012194511728259305
1.294,1.9923232844617635,8.68545772473636e-05,0.001213959230209949
1.314,1.99232383306034,8.737197795038192e-05,0.0012178263555634172
1.334,1.9923233334484676,8.995653835421188e-05,0.0012189449101671634
1.354,1.9923241873853375,9.244072685259042e-05,0.0012097867158391562
1.374,1.9923255246553884,9.654111080151198e-05,0.001219792107643558
1.3940000000000001,1.9923248860348846,0.00010109277793662036,0.0012196165229067246
1.4140000000000001,1.9923261459158819,0.00010299995052601007,0.001219669888075564
1.4340000000000002,1.9923249444259197,0.00010406092406156577,0.0012196165214941046
1.454,1.9923256630363726,0.00010667050593579149,0.0012194308982549917
1.474,1.992327504911798,0.00011317326254051894,0.0012184944748796778
1.494,1.9923263127325996,0.00011490946299022912,0.0012173637995697706
1.514,1.9923274525651058,0.00011927203350021078,0.0012176657535267754
1.534,1.9923307649903423,0.00011867225513181881,0.0012192325823921768
1.554,1.9923269472915104,0.00012023241782393014,0.0012184166219005865
1.574,1.9923266134201574,0.00012016931081340073,0.0012198422335098213
1.594,1.9923277915270483,0.00012631647918085907,0.0012172201575609831
1.6139999999999999,1.9923272614274903,0.00012873467723064443,0.0012198146744336336
1.634,1.992328100294352,0.00013155543928082683,0.0012188961696831813
1.654,1.9923274350118327,0.00013188806882593064,0.0012199365310106292
1.674,1.9923278641461961,0.00013498347721474638,0.001220088333096031
1.694,1.9923276992197136,0.00013643612313484152,0.001218246694985492
1.714,1.992330067138346,0.00014289494470786927,0.0012182522162284548
1.734,1.9923280741710923,0.00014203488423605352,0.0012182301656477879
1.754,1.992328714942867,0.00014427886882357633,0.0012201615488136863
1.774,1.9923311122454859,0.00015031451706014692,0.0012197073017865823
1.794,1.9923297761726493,0.00015224423482367892,0.0012181084242509632
1.814,1.9923316742573294,0.00015581760274873345,0.0012196615140605827
1.834,1.9923292753891975,0.000156280607697768,0.0012203084596932867
1.854,1.992329749392967,0.00015826044265170982,0.0012204831252331516
1.874,1.9923305027231397,0.0001648834532616921,0.0012162695701439241
1.8940000000000001,1.9923313047219238,0.00016958303264815122,0.0012140158814014368
1.9140000000000001,1.9923310671252406,0.00017040043429798735,0.0012164181489598413
1.9340000000000002,1.992331074750438,0.00017119595855776345,0.001221105911644843
1.9540000000000002,1.992331467943014,0.00017354256816749287,0.0012210213001846992
1.9740000000000002,1.992332273741152,0.0001796476317948572,0.0012189771810765804
1.9940000000000002,1.9923329538344983,0.00018361281725554326,0.0012193194849382805
2.014,1.9923328055263634,0.00018518520985482661,0.0012190271721186363
2.034,1.9923325536037175,0.00018673272863489724,0.0012204242571909607
2.054,1.992332947107502,0.00018937559537717392,0.0012205244893200573
2.074,1.9923341098885978,0.00019311340624735882,0.0012208198493023903
2.094,1.9923345474566168,0.00019736425766249968,0.0012185107607299017
2.114,1.992335163459256,0.00019810662666901475,0.001220245308079737
2.134,1.9923343677490277,0.00019750459466116516,0.0012193394189652929
2.154,1.9923326819358775,0.00019896016721044436,0.001220113011410895
2.174,1.9923294252863253,0.00019997652660924616,0.0012209970636707368
2.194,1.9923285187546564,0.00020176684452317693,0.001219062993630976
2.214,1.9923275790851422,0.00020487944754628287,0.0012137036873167972
2.234,1.9923277940739696,0.0002086326234928167,0.001218100600476557
2.254,1.9923261577168754,0.00020994242905621633,0.0012212745219867538
2.274,1.9923172123416513,0.00021020894324783686,0.001221271831928078
2.294,1.9923186954834808,0.00021266779895297576,0.001219228573139386
2.314,1.9923167826117394,0.00021239885202516194,0.0012170303491034762
2.334,1.992314863768656,0.00021321378945304893,0.00122121129652783
2.354,1.9923160100460369,0.00021413461072266988,0.001221044704299984
2.374,1.9923139954307558,0.00021491768826413315,0.001220931901211808
2.394,1.992313173327594,0.00021727321189264517,0.0012184827548286925
2.414,1.9923126670485207,0.00021551238934402044,0.00122154318453363
2.434,1.9923114719656865,0.0002158915615517025,0.0012212531318341047
2.454,1.992312326818799,0.00021722433518461375,0.0012213804872555356
2.474,1.9923104200110215,0.00021903610439806342,0.0012212558879398372
2.494,1.992308871555313,0.00021838123916168776,0.001221533202090258
2.5140000000000002,1.9923097514630188,0.00022240159159857506,0.0012200334159061799
2.534,1.9923080889833533,0.00022214821944072034,0.0012213814446801474
2.5540000000000003,1.9923067429400927,0.0002224794501268443,0.001220275140450422
2.574,1.992306241302196,0.00022490287595678592,0.001220015668553287
2.5940000000000003,1.9923036181185811,0.00022479926353961876,0.0012176793955125664
2.614,1.992305126360175,0.00022501751251968863,0.00122177117595898
2.634,1.9923012335685664,0.00022449381709796953,0.0012187037287586522
2.654,1.992302501951665,0.00022662408356925376,0.0012216788743902862
2.674,1.9923016480186366,0.00022760792410579637,0.0012216404684790294
2.694,1.992299568117511,0.00022777867452036858,0.001221087441542451
2.714,1.992300550894563,0.00022997881050015287,0.0012207206439140694
2.734,1.9922993578298835,0.00023097994822288582,0.001212427536231464
2.754,1.9922993962243454,0.0002304310363727337,0.001220561159998551
2.774,1.9922978786286953,0.00023167070828397323,0.0012212160148378226
2.794,1.9922948014475415,0.00023088686842769775,0.0012221039751359464
2.814,1.992294062189966,0.00023286807316565196,0.001212351869178202
2.834,1.9922925387637025,0.00023295414078618995,0.0012208210554980614
2.854,1.9922929796834097,0.00023424559896650005,0.0012208051412004317
2.874,1.9922917507157105,0.0002359251945759639,0.0012214908616775821
2.894,1.9922904772301622,0.0002365315759543112,0.0012219465621068626
2.914,1.992289902045332,0.00023816318772796363,0.001222187160576177
2.934,1.9922895515573442,0.00023861038072478709,0.0012221191533184905
2.954,1.9922870795117689,0.00023865671091070488,0.0012209765979911136
2.974,1.9922854343903003,0.00024019425672065236,0.0012217107293681917
2.994,1.9922842352689305,0.00024071888146831686,0.0012221447584948308
3.014,1.992283664152868,0.00024238049755035638,0.0012223841381515665
3.034,1.9922820846719862,0.0002443374483483831,0.0012197100754536006
3.054,1.9922830399386173,0.00024306951140056255,0.0012205350025069062
3.074,1.9922807712436241,0.0002430215962795655,0.0012206023753169037
3.094,1.9922806387748513,0.0002444916764662115,0.0012225610893268901
3.114,1.9922739142064136,0.0002446254456002398,0.0012208153477188122
3.134,1.99227319036616,0.00024587041502176704,0.0012224708051914723
3.154,1.992273859817536,0.0002481224160312285,0.0012226743102264903
3.174,1.9922734953731953,0.0002484818870388851,0.0012185770001736373
3.194,1.9922714984825594,0.00024907706596312255,0.0012228129149982614
3.214,1.9922726591131719,0.0002499846719452918,0.0012226465280846255
3.234,1.9922706689348952,0.0002507666185394712,0.0012225315935938397
3.254,1.9922689657455182,0.00025179480770720294,0.0012230011656843842
3.274,1.9922734623002079,0.0002515863117954803,0.0012228453773496517
3.294,1.9922735472232767,0.00025154612599485545,0.001222787526970387
3.314,1.9922714754297608,0.00025213301668764246,0.0012229161991736126
3.334,1.9922726874051262,0.00025629124050184583,0.0012227180159568307
3.354,1.9922750009988504,0.0002574249102683308,0.0012230246762719166
3.374,1.9922725611137844,0.00025766793845532023,0.001222816420830386
3.394,1.9922716492156576,0.00026015226653622244,0.001220349193985365
3.414,1.992271861511243,0.0002582060020271995,0.0012233689539424275
3.434,1.9922707905147954,0.0002619620507776829,0.0012211970647615644
3.454,1.992273301080006,0.0002642832590323791,0.0012206873105185534
3.474,1.9922699213383583,0.0002634496877178687,0.0012231404277457114
3.494,1.9922705866602513,0.0002660712813332183,0.0012231118407531882
3.5140000000000002,1.9922673162311875,0.0002681315590290224,0.0012234575783184043
3.534,1.9922647981599253,0.0002700291248744134,0.0012217147745239298
3.5540000000000003,1.9922659381369352,0.00027181118114491206,0.001223409638183126
3.574,1.9922688485175195,0.000275291518696716,0.0012233491633714677
3.5940000000000003,1.9922689451124758,0.0002752219839214369,0.0012233053259875226
3.614,1.9922663840170352,0.00027612678806052636,0.0012232944698912507
3.634,1.992266764041725,0.000273979323067741,0.001222028482567028
3.654,1.9922633280630782,0.00027966730278185026,0.0012176913745060303
3.674,1.9922680559270765,0.0002800556514089653,0.001223571723947936
3.694,1.9922647099775908,0.00028050238006073914,0.0012236608762879186
3.714,1.9922641906778018,0.0002834069481116088,0.0012236260393380105
3.734,1.9922602626488684,0.00028423463348105924,0.0012219356195042885
3.754,1.9922603396942031,0.0002869098153079484,0.0012164327727367252
3.774,1.9922590068487354,0.0002895511515995833,0.0012238048548906255
3.794,1.9922612584815438,0.000293399634169944,0.0012236515366402245
3.814,1.9922621157186267,0.00029409138434185046,0.0012236633109755646
3.834,1.9922601424728912,0.0002933014916132073,0.0012239730798055681
3.854,1.992259661154949,0.0002920918989561878,0.0012241179289640136
3.874,1.9922563983949382,0.0002953302669334545,0.0012238270475007917
3.894,1.9922574498685537,0.0002983353947257603,0.0012228371365231028
3.914,1.9922562526077512,0.00029973730953301555,0.0012145325494785364
3.934,1.9922551423314434,0.0002989199323385401,0.001224976148472362
3.954,1.9922567502115978,0.0003017950635419257,0.0012239199862227046
3.974,1.9922524207028267,0.00030216045768456656,0.001224154167379865
3.994,1.9922537631639265,0.00030267867452948274,0.0012231465866997526
4.014,1.9922529569806682,0.0003041869825940816,0.0012243572358656973
4.034,1.9922535651047875,0.0003049980076484024,0.0012238250052511723
4.054,1.9922524706482154,0.0003062770139201247,0.001225030967683477
4.074,1.992254601727669,0.00030932902861237154,0.0012225638862391197
4.094,1.9922572474870293,0.000312203013859334,0.0012218051037514721
4.114,1.9922538878728342,0.00031135526056592585,0.001224261179992997
4.134,1.9922513055134552,0.0003111475770270597,0.0012246059943825105
4.154,1.9922499344665905,0.00031145189134477996,0.0012246543183772884
4.174,1.9922474277586948,0.00031571205212918465,0.0012205693532758854
4.194,1.9922393656384423,0.00031568093100889626,0.0012241056660783622
4.214,1.9922428097080296,0.0003159334175998921,0.0012232770593103848
4.234,1.9922399502341568,0.0003177880129603377,0.0012246025319192777
4.254,1.9922397146131312,0.0003185642830605494,0.0012245235741432658
4.274,1.9922380256210361,0.00031802585179424754,0.001222105429125514
4.2940000000000005,1.9922348388577702,0.00032033548313084673,0.0012248986062783074
4.314,1.9922271971961658,0.00032275429761489607,0.001222915551288728
4.334,1.9922260761050392,0.00032483178777801565,0.0012246793596795702
4.354,1.9922271420538868,0.0003256191298072922,0.0012246803285236862
4.374,1.9922251853550756,0.00032483011420026255,0.0012249892968972942
4.394,1.9922254807620356,0.00032952289318084537,0.00122369978767492
4.414,1.9922279366003992,0.00033330403668007367,0.0012232896074844957
4.434,1.9922293128473822,0.00033332866676261873,0.001224970441182166
4.454,1.9922273741136403,0.00033177451511768,0.0012227693723018962
4.474,1.992227786796496,0.0003355864178802385,0.0012236633702177313
4.494,1.99223059095768,0.00033918142003525796,0.0012236363088322377
4.514,1.9922304916533438,0.00034112945349638435,0.0012241193920808913
4.534,1.99222927293163,0.000341174800807376,0.001225702330028472
4.554,1.9922304027736173,0.00034475008969822064,0.0012245342684686633
4.574,1.9922332747838256,0.000348034312616211,0.0012246523319731362
4.594,1.9922325437457522,0.00034725461954504994,0.001223802569761262
4.614,1.9922308349567528,0.0003486587329972937,0.001224551522784889
4.634,1.9922307462447322,0.0003473350923750549,0.0012255329448742358
4.654,1.9922277031750393,0.00034999550907524244,0.001225615842683464
4.674,1.9922304070456225,0.0003539511739041029,0.0012235605713815656
4.694,1.992228502667941,0.000353572795408113,0.0012214242624518368
4.714,1.9922279834334427,0.00035399113905434145,0.0012245726281413516
4.734,1.9922299447847667,0.0003583202347749437,0.0012253552603568307
4.754,1.992232428735192,0.00035989868414711373,0.00122399537409551
4.774,1.9922298182932419,0.0003579464241297039,0.0012236299580492827
4.7940000000000005,1.9922305163889618,0.00036239715055827394,0.0012254213454346574
4.814,1.9922267246897523,0.000363672611864893,0.0012258491766865276
4.834,1.992226631757086,0.0003656319519595775,0.0012255284229585606
4.854,1.9922258986982109,0.0003683883232930763,0.0012250364876698339
4.874,1.9922287476998803,0.0003716593894231572,0.0012251697712330478
4.894,1.9922280234705416,0.0003709090304722755,0.0012243158967804868
4.914,1.9922263253279449,0.0003723297624101115,0.0012250698482626776
4.934,1.9922262386684575,0.00037100002936746963,0.0012260527691325407
4.954,1.9922232852690702,0.000373681104564751,0.0012261464310282522
4.974,1.99222425759521,0.00037858242511213736,0.0012244714929885714
4.994,1.9922227721594652,0.0003785656690297398,0.0012258394820996998
5.014,1.992221549650972,0.0003786772104130499,0.0012247015283701201
5.034,1.9922210771961402,0.0003811870251137301,0.0012244437042899792
5.054,1.9922201245894464,0.0003802321510894146,0.0012260551299728695
5.074,1.9922202723552203,0.0003823063662469324,0.0012264214382616268
5.094,1.9922180423285631,0.00038247394980352715,0.001226379521111931
5.114,1.9922168888781058,0.0003827444846315262,0.0012261089427895167
5.134,1.992217807748725,0.0003840909149634014,0.0012262297821523105
5.154,1.9922159320087443,0.0003858489007885452,0.0012260519305030693
5.174,1.9922159555155403,0.0003866778455852179,0.001222029891866372
5.194,1.9922175036235672,0.00038898314547136745,0.0012256877969396007
5.214,1.9922203595224874,0.00039247243299791833,0.0012255138234899265
5.234,1.992220331090022,0.0003932210203267332,0.0012255904907073067
5.254,1.9922182719328174,0.00039501403065717787,0.001226183424184929
5.274,1.9922195886403835,0.00039727480104606745,0.001226341720386298
5.2940000000000005,1.9922224401301107,0.00040078327994303093,0.001226303603576978
5.314,1.9922223480758259,0.0004004862217607108,0.001225968029822222
5.334,1.9922202624069174,0.0004033248702485039,0.0012258110964905589
5.354,1.9922201231541343,0.00040351132512447574,0.0012268671303241885
5.374,1.9922150469521,0.00040734565857114725,0.0012252991315276351
5.394,1.9922148263067043,0.000405590956103442,0.0012242203338729274
5.414,1.992216760953326,0.0004112231567598201,0.0012272150006331084
5.434,1.992219181790115,0.0004121777028643134,0.0012268301384462943
5.454,1.992216230132985,0.00041341047741549257,0.0012193302969810693
5.474,1.9922135781754622,0.0004120708117396781,0.0012237306213418175
5.494,1.9922125003102036,0.0004144123194990992,0.0012247544066385507
5.514,1.9922131630031927,0.00041748496445779697,0.0012267737732345185
5.534,1.9922125070075447,0.00041852461499961095,0.0012267545163608395
5.554,1.9922105658293754,0.0004189115570273898,0.001226201711150482
5.574,1.9922115669159195,0.0004211761700905685,0.001225826967351601
5.594,1.992210364575099,0.0004222362935496005,0.0012175319985376631
5.614,1.9922091727595759,0.00042154138968180326,0.0012279389406244512
5.634,1.9922107805936533,0.0004243701496877971,0.001226879801638464
5.654,1.9922064744429133,0.00042474330932859447,0.0012271121098224869
5.674,1.9922078181195442,0.00042527105619118437,0.0012261095051195603
5.694,1.9922070189959837,0.0004267698461520483,0.001227315662374523
5.714,1.9922032010294461,0.0004262468225799977,0.001224252369631501
5.734,1.9922045011113856,0.000428407321721281,0.0012272004401487902
5.754,1.992203667246797,0.0004293536735809664,0.0012271699381616874
5.774,1.9922016365656237,0.00042952011437841355,0.0012266336758006702
5.7940000000000005,1.9922026158945407,0.0004317502900983494,0.0012262413765214975
5.814,1.992201480312288,0.0004327691188564626,0.0012179476177620052
5.834,1.992200299863461,0.00043213711515659625,0.0012283566363402443
5.854,1.9922018996856403,0.0004349402671363373,0.0012272926633048187
5.874,1.9921975983261782,0.0004353060329895052,0.0012275262371394258
5.894,1.9921978382126162,0.00043497840443636394,0.001227556296963972
5.914,1.9921966765827608,0.00043681466202077316,0.0012261827026530947
5.934,1.9921966894084393,0.0004388783092525607,0.0012266213377986612
5.954,1.9921954884981972,0.0004388803603373783,0.0012282109604746516
5.974,1.9921966142058518,0.00044243358918190877,0.0012270748386596364
5.994,1.9921994978461832,0.0004457303782188188,0.0012271783787607127
6.014,1.992198781441739,0.000444909414742114,0.001226341147970239
6.034,1.992197400290756,0.00044810095727461575,0.001221319501189977
6.054,1.9921985115667984,0.0004497488101357913,0.0012271862093852781
6.074,1.9922013935886418,0.0004532190750477418,0.00122704428751777
6.094,1.9922013586582177,0.00045392186212906126,0.0012271250866144612
6.114,1.992199296039038,0.00045568938476363865,0.0012277074875995109
6.134,1.9922005993832894,0.00045795276640331865,0.0012278650312323725
6.154,1.992203454201623,0.00046146146177913563,0.001227827933855341
6.174,1.9922033524292846,0.00046114210948990526,0.0012274829296704537
6.194,1.9922012773598596,0.0004639595993599147,0.0012273486460092076
6.214,1.9922022972508244,0.0004658347310753449,0.0012280828658670917
6.234,1.9922052101030177,0.00046932018046681344,0.001228040122066315
6.254,1.9922052940141868,0.00046919604853450705,0.0012279964648671537
6.274,1.9922032179411397,0.0004716756325048295,0.0012280137316887652
6.2940000000000005,1.9921997050830353,0.00047222912056092356,0.0012267666874048455
6.314,1.9921988705968192,0.00047469174737645024,0.0012279690232742668
6.334,1.992197735433883,0.00047617070292524074,0.001229031998474267
6.354,1.9921998586398966,0.00047922557724467356,0.0012265549892950534
6.374,1.9922025012685942,0.00048210750881020654,0.0012258052248522167
6.394,1.9921991445552594,0.0004812596632331169,0.0012282577099572423
6.414,1.9921998402557455,0.00048391862126835264,0.001228230408890696
6.434,1.9921958443347274,0.000484313231685851,0.0012271802924964104
6.454,1.992196195433643,0.00048522028386825466,0.0012285359204058655
6.474,1.9921963105676002,0.0004901282092985154,0.0012284669654577807
6.494,1.9921984884313622,0.0004912818805277881,0.001227724862329277
6.514,1.9921985083614353,0.0004921180967155175,0.0012278017116031659
6.534,1.9921961138022801,0.0004924771750893916,0.0012284898591548854
6.554,1.9921964573929416,0.0004925727202634749,0.0012260586971441223
6.574,1.992193244504574,0.0004930518934198569,0.001226402416524025
6.594,1.9921949677239126,0.0004976514013567149,0.0012281625845335653
6.614,1.992190610939175,0.000498628913236673,0.0012248242392680908
6.634,1.9921914170684196,0.0005001012774448639,0.0012277292434734743
6.654,1.9921912683966032,0.0005001583116705459,0.0012288335498100988
6.674,1.992189903275511,0.0005000969053622758,0.00122951323069731
6.694,1.9921885587819952,0.0005027542369872731,0.001225631803355054
6.714,1.992187959414836,0.0005036645982947982,0.001221590796125771
6.734,1.9921864762878496,0.0005025684924406533,0.0012293802467767123
6.754,1.9921866759708737,0.000503415373211387,0.001227497910751607
6.774,1.9921857501160687,0.0005061687351812831,0.0012291691518339642
6.7940000000000005,1.992184540771805,0.0005043796402360936,0.0012267298766198975
6.814,1.992186057631995,0.0005082956276079145,0.0012285604424508434
6.834,1.9921816306108895,0.00050912272718331,0.001225219649214404
6.854,1.9921824768853855,0.0005106661486190781,0.0012281466979207345
6.874,1.9921823213065701,0.0005106761427010722,0.001229249634209506
6.894,1.992180961554952,0.0005106014832222375,0.001229936604289772
6.914,1.9921796315999414,0.0005132714549591345,0.0012260484726757392
6.934,1.9921790246534568,0.0005141607636803032,0.0012220062766528927
6.954,1.9921775576704017,0.0005130596620873358,0.0012297981538495484
6.974,1.992177757988085,0.0005139110106866301,0.0012279078383622966
6.994,1.9921768390968417,0.0005166420256745996,0.001229584851555443
7.014,1.9921756567566622,0.0005148734307487369,0.0012271432126830517
7.034,1.9921771662413983,0.000518773116848587,0.0012289754498371053
7.054,1.9921727566846477,0.0005196049947383463,0.0012256355329826052
7.074,1.992173612204269,0.000521167079255191,0.0012285623593631945
7.094,1.9921734541543281,0.0005211555877094332,0.0012296646314691462
7.114,1.9921721114314408,0.0005210963689211684,0.0012303539161734045
7.134,1.9921707900264574,0.0005237843339170905,0.0012264663080569782
7.154,1.9921701802171177,0.000524653974987749,0.0012224261489920674
7.174,1.9921713198182738,0.0005251519888871215,0.001226889021126304
7.194,1.9921686785023012,0.0005274821579131091,0.0012284798028350807
7.214,1.9921682939787044,0.0005293587623163512,0.0012297498370763271
7.234,1.992169102542653,0.0005303592730686866,0.0012300738195442085
7.254,1.9921663770754332,0.0005310578856200879,0.0012275855088232368
7.274,1.9921634192014228,0.0005335384356493451,0.0012299186169127119
7.2940000000000005,1.9921647408070187,0.0005346985642259227,0.0012292231077179194
7.314,1.9921608599054104,0.0005354935989312422,0.0012302669294608215
7.334,1.99216095499651,0.0005382011244908551,0.0012297433464201757
7.354,1.9921634537632849,0.0005397676623854205,0.0012298744180571641
7.374,1.9921618243439367,0.0005420982066731752,0.00123018414779702
7.394,1.9921537495594899,0.00054046919966433,0.00122851622172776
7.414,1.9921581497035028,0.0005433542434121747,0.0012296125909422584
7.434,1.9921544828657882,0.0005447579611214644,0.0012287820343929723
7.454,1.992153386678747,0.0005468980315932725,0.0012304704537509092
7.474,1.9921492562962162,0.0005463884199475197,0.0012290921513257447
7.494,1.9921501058000275,0.000545732195594828,0.001228428332252146
7.514,1.9921489751875558,0.0005503535395165477,0.001223492750208277
7.534,1.9921499947022547,0.0005514965691711533,0.0012306151203732296
7.554,1.9921512768870462,0.0005541087466111065,0.0012286914288429096
7.574,1.992149423367797,0.0005536692817510964,0.0012265819964295266
7.594,1.9921497455267534,0.0005560281027208515,0.0012305218119826322
7.614,1.99215136206937,0.0005536126697302846,0.0012305697289758388
7.634,1.9921528371878103,0.0005513041647796422,0.0012305944653427936
7.654,1.9921543198700262,0.0005489741229956528,0.0012306230257214945
7.674,1.9921558057107907,0.0005466414573382196,0.0012306518425933555
7.694,1.9921572939199157,0.0005443080264177157,0.0012306806867885822
7.714,1.992158784406768,0.0005419740098440403,0.0012307095482423647
7.734,1.9921602771476712,0.0005396394512810718,0.0012307384345506545
7.754,1.992161772067526,0.0005373044228601974,0.0012307673466063207
7.774,1.992163269147612,0.0005349689160746613,0.0012307962747591106
7.7940000000000005,1.9921647683778323,0.0005326329321603213,0.0012308252192937408
7.814,1.9921662697576767,0.0005302964743277579,0.0012308541803149609
7.834,1.9921677732832626,0.0005279595438639781,0.0012308831576928747
7.854,1.992169278956159,0.0005256221422422123,0.0012309121515204913
7.874,1.9921707867552132,0.0005232843246960253,0.001230941174866551
7.894,1.992172296610628,0.0005209461262107964,0.0012309702196516836
7.914,1.99217380850486,0.0005186075415221774,0.00123099927953077
7.934,1.9921753224260565,0.0005162685601945299,0.001231028354311492
7.954,1.9921768383701404,0.0005139291861838359,0.0012310574445
7.974,1.992178356343493,0.0005115894230789655,0.0012310865493460055
7.994,1.992179876359987,0.0005092493004483494,0.0012311156783508248
8.014,1.992181398335471,0.0005069088772365732,0.0012311448329361263
8.034,1.992182922238679,0.0005045681468407334,0.0012311740018684791
8.054,1.9921844480641937,0.0005022271090958165,0.00123120318513531
8.074,1.99218597581936,0.0004998857710704301,0.0012312323844629602
8.094,1.9921875055415241,0.0004975441385687238,0.001231261600003114
8.114,1.9921890372209718,0.0004952022437215469,0.001231290841260585
8.134,1.9925316767372339,0.0004983216678133182,0.0012493721026543558
8.154,1.9932883505727388,0.0004995005179560626,0.0012798808227705571
8.174,1.9944455353516841,0.0004960584088273593,0.0013130801055719343
8.194,1.9960120764621088,0.0004950686189393754,0.001332358181085458
8.214,1.9979727770843403,0.0004939798925063621,0.001314043124226949
8.234,2.0003410989195323,0.0004904187393974275,0.0012273374315797947
8.254,2.0031104364484813,0.0004889383122447701,0.0010374392929415333
8.274000000000001,2.0062795996761613,0.0004865281962047717,0.0007101050825123467
8.294,2.0098642535950257,0.0004925563776043638,0.0008752992329620624
8.314,2.0138879945424986,0.0004890463930164585,0.0012066109713414763
8.334,2.017844239250058,0.0004853483837078198,0.0013792252693161644
8.354,2.022570152318696,0.00048210555944143695,0.001328824597536471
8.374,2.0276904144552965,0.0004787200886079826,0.0009522434627916854
8.394,2.0332696129458467,0.00047327706582585223,0.0009800442893759254
8.414,2.039324651544986,0.00046866792372289925,0.001385243814218201
8.434,2.0456222396057258,0.000464954521133402,0.0015001254102435801
8.454,2.0510035123981023,0.00046376131795482445,0.000881170685473609
8.474,2.0577687742365174,0.0004589976427904773,0.0012539736780917687
8.494,2.0648756266357586,0.0004535623677534161,0.0014891761797604375
8.514,2.0716074128380786,0.0004504725156298248,0.0013667369003380336
8.534,2.0776321552112695,0.00044846093268193724,0.0010757304117081645
8.554,2.0847424962077947,0.0004430675492710023,0.001502758862168746
8.574,2.0918602692953017,0.0004373335060134178,0.0014104042600705247
8.594,2.097703328747715,0.0004249090675833192,0.0007985287135313657
8.614,2.104583696216647,0.0004398054454922046,0.0014328972967428133
8.634,2.111699281616123,0.00043260000291402796,0.0015166161918657994
8.654,2.1184425308579717,0.0004286675430239646,0.0012301536717942152
8.674,2.1247721349815083,0.00042727439321208524,0.0012956375605638337
8.694,2.1319038060608704,0.00040370830739704404,0.0015597200235981101
8.714,2.138878057200954,0.0003950689017535342,0.001423777363247114
8.734,2.1448404984587004,0.0003765245613729904,0.0010371051215701255
8.754,2.151945450302115,0.00037260969835952335,0.0015097394432671274
8.774000000000001,2.1590640788265816,0.00036182786871575466,0.001448009856395066
8.794,2.165547653350881,0.0003490341222747923,0.0010211324690570234
8.814,2.1722751123787845,0.0003589198259427507,0.001384055908838916
8.834,2.17939843022888,0.0003256525677530274,0.001518825330090512
8.854,2.1855850631147633,0.000320601294285301,0.001105428054215457
8.874,2.1923847388520503,0.00030887343903113435,0.0011624575333251397
8.894,2.1994897555374857,0.00029780674290222743,0.0014766107552449115
8.914,2.2065935920224287,0.0002851840831920877,0.0012597439751400319
8.934,2.2130206301211666,0.0002630771964254956,0.000859593075266174
8.954,2.220253725396274,0.0002540916854000462,0.0013909576566735193
8.974,2.22731621337491,0.00024201320171112644,0.0014236777535112655
8.994,2.233457274285901,0.0002353524918267198,0.0007499166838969562
9.014,2.2405107243053344,0.00021862142495766276,0.0012215095081186123
9.034,2.247618312138844,0.00019501385794270582,0.0013538575067830738
9.054,2.2547125454911505,0.00018505418852256275,0.0009895004225726756
9.074,2.261160372433005,0.0001768210009067745,0.0009984895023753826
9.094,2.268267317166364,0.0001608296890591702,0.0013201883079271282
9.114,2.274751761510269,0.00015488800369745044,0.001128196585671315
9.134,2.2815449765908262,0.0001188384689256921,0.000651863708718281
9.154,2.288664144512288,0.00012256157274247574,0.0011852679801321875
9.174,2.295756053386771,0.00011362625967736175,0.0011846346944905661
9.194,2.302689234647542,0.00010665567656287835,0.000775084096661105
9.214,2.309231138896378,9.765555977340267e-05,0.0009929007026662773
9.234,2.316331339204481,7.534203603791657e-05,0.0012038263574828123
9.254,2.3228744908644305,6.949949318076388e-05,0.0009545493533718585
9.274000000000001,2.329367768995082,5.4215437148699084e-05,0.0007634414822494384
9.294,2.3364665268495965,4.398901664858986e-05,0.0011258903224636296
9.314,2.3435475674051136,3.4995092671807104e-05,0.0009943892146132838
9.334,2.3499557184772644,2.9870318488733606e-05,0.0004827067630032711
9.354,2.356842593293431,1.256500481752691e-05,0.0010014400314276306
9.374,2.3639233741525207,4.921767269515774e-06,0.0010833954485453823
9.394,2.3700625854439066,7.474904276412447e-07,0.0006195173071526783
9.414,2.3768678017790696,4.921816527144254e-06,0.000814315209054034
9.434,2.3839560921619096,-3.235519035495888e-05,0.0010838134943894073
9.454,2.391033265269629,-4.0541774384376715e-05,0.000827973724241704
9.474,2.3971777692152316,-6.149553369388217e-05,0.0005838696704434654
9.494,2.4042264600510013,-6.038008378172427e-05,0.0010432099429694697
9.514,2.411216998924341,-6.87049811783328e-05,0.0010492551190035837
9.534,2.4173332682164026,-7.267685391919559e-05,0.00033897087046161345
9.554,2.4243961019287816,-8.019013205851572e-05,0.0009350015755534014
9.574,2.4314743647048935,-8.872751207795448e-05,0.001064600722896436
9.594,2.438395118430095,-9.50338259186387e-05,0.0007742761203406445
9.614,2.4447193159847584,-9.800253226541092e-05,0.000810336459181632
9.634,2.451812218709079,-0.00010937159805943073,0.001113894279279437
9.654,2.458497217863087,-0.00011627128034805411,0.0010419915735527807
9.674,2.4647620094254274,-0.00012579713168512144,0.000541935853182518
9.694,2.471828610374661,-0.00013069530921404972,0.001081603182086277
9.714,2.478912482189402,-0.00014079772068047037,0.0010772700951080794
9.734,2.48571994232178,-0.0001485719336144167,0.0007370461900809422
9.754,2.492326429590886,-0.00013794303792670325,0.0009790456830219008
9.774000000000001,2.499420157449663,-0.00017003406469504238,0.0012112525341243796
9.794,2.5057341172086924,-0.00017496215690896802,0.0008657137502071921
9.814,2.512643729109525,-0.00019065834403578824,0.0008351832288598926
9.834,2.5197278781616004,-0.00019943042876726432,0.0012307512466063764
9.854,2.526817753291464,-0.0002100347527971789,0.0010857453196248534
9.874,2.5335813270306105,-0.00021795362282570692,0.000617817840546625
9.894,2.5406317862983396,-0.0002393076090859947,0.0012100420838452586
9.914,2.5474132839097794,-0.00023681461901639447,0.0013082240886390373
9.934,2.554378510716374,-0.0002498370683939342,0.0008031727925100485
9.954,2.5615017251795713,-0.0002411348599951298,0.0011278168151865053
9.974,2.56860653776933,-0.0002623611238909422,0.0013747642899831214
9.994,2.575700128163701,-0.00026831773765863644,0.001108059165569164
10.014,2.582110205392258,-0.0002814375353060665,0.0009335457388801593
10.034,2.58920367933332,-0.00028874844336868776,0.0014022191266187534
10.054,2.5960708287925494,-0.00029406069002828035,0.0014648756713569744
10.074,2.6022408203843774,-0.0002990449419001866,0.0006810173097131778
10.094,2.609370679257459,-0.0003064820496441163,0.0013420466463903158
10.114,2.6164801835653235,-0.00031170850575417173,0.0014581415506987327
10.134,2.6233864267914857,-0.0003155055411974882,0.0012160139446592277
10.154,2.629788927427327,-0.0003191743081871422,0.0012061123622985337
10.174,2.6368973933618607,-0.00032411242450946956,0.0015320507965508323
10.194,2.6435096464871912,-0.0003272130312677847,0.0013937787049442263
10.214,2.6499932577374405,-0.000331191816667386,0.0009901498542559117
10.234,2.657095920946558,-0.0003348775199075479,0.0014930684398630212
10.254,2.6642096312962127,-0.00034012398879776774,0.0014589447239375386
10.274000000000001,2.670916146550132,-0.00034395506946729385,0.001078869156692197
10.294,2.677608183701982,-0.00035100212744329935,0.001380431805988236
10.314,2.6847215550676076,-0.00035701449582679987,0.0015541388798139821
10.334,2.691114037981318,-0.00035995397324822495,0.0011914570622353071
10.354,2.697843920208368,-0.00036862899473929936,0.0011910784130103602
10.374,2.7049530907362946,-0.0003733597997244459,0.0015392188336789125
10.394,2.7120630659196427,-0.00037905837946159945,0.0013527469824010097
10.414,2.7185425048311505,-0.0003824380950287721,0.0008381652466763201
10.434,2.7252123146003386,-0.00039058015900135393,0.0014388259258357183
10.454,2.7315369443658923,-0.00039596815502144903,0.0014993280301114353
10.474,2.7374119232850154,-0.0004004722376182013,0.0012082249825071112
10.494,2.742572344395785,-0.0003999573821726041,0.0009499494195485403
10.514,2.7477041024356446,-0.00040298351162936847,0.0013420559708580693
10.534,2.752386172228294,-0.0004057871549228242,0.001479087282551389
10.554,2.756655382582302,-0.0004080049528481489,0.0014104211932912114
10.574,2.76029349188509,-0.0004093590846857096,0.0012464770293740823
10.594,2.7636872094761467,-0.0004239416455134824,0.0007936417882815072
10.614,2.7671117250645616,-0.00041626020878889915,0.0009847097246825642
10.634,2.77036057625969,-0.00042226451605754684,0.0012417582821881712
10.654,2.773275488363123,-0.0004673904214874531,0.0013886906178551262
10.674,2.7760087127308224,-0.0005545136560111616,0.0014108428435970488
10.694,2.7785445236655066,-0.0006535917259334802,0.0013409777288980185
10.714,2.7808460503821206,-0.0007969183833086307,0.0011904716836106388
10.734,2.7829840078151222,-0.0008698946969809232,0.0011646428608440285
10.754,2.7850271570790337,-0.0010180847970781806,0.0013264823488720046
10.774000000000001,2.7869837096705825,-0.0011884021227525263,0.001402893031229091
10.794,2.7890166232631968,-0.0013863341320538769,0.001416086031118008
10.814,2.79104696842851,-0.001628807751464103,0.0013519833817463578
10.834,2.793069463158992,-0.0019152523788287285,0.0012078283805509737
10.854,2.795088128948922,-0.0022249966021211315,0.0010451664661745574
10.874,2.7971485268916427,-0.002449561145477239,0.001205367384326167
10.894,2.7990739695965643,-0.0027415019601404206,0.0013106659143287125
10.914,2.80108603744817,-0.003079859132284657,0.0013405671299265287
10.934,2.803093042206445,-0.003463484736150672,0.0012920776343621765
10.954,2.8050915742261666,-0.0038905761741402445,0.0011637878275221336
10.974,2.8070763191973866,-0.004360319680474752,0.0009531305391579648
10.994,2.809103065210029,-0.004716350853189887,0.0010304435518434796
11.014,2.8110098362176346,-0.005169510608474003,0.00115793129516642
11.034,2.8130764340365464,-0.005669624551353146,0.0012113209430691385
11.054,2.8152216876095313,-0.006221490407254014,0.0011779260226863764
11.074,2.817340071776878,-0.006819357046515961,0.0010589316087628864
11.094,2.819279044664867,-0.007424253127457578,0.0008589587440087088
11.114,2.8212696903523167,-0.007933234725535334,0.0007993257058042103
11.134,2.82318645447935,-0.008548339561237333,0.0009584782243178547
11.154,2.8252355417112076,-0.009215929043364993,0.0010252282380323052
11.174,2.827334024039111,-0.009922009851055773,0.0010137932258516558
11.194,2.8294219874114703,-0.01067083606631379,0.0009126675202410506
11.214,2.831491423869053,-0.011462224570271781,0.000720730593147062
11.234,2.833456219252598,-0.012174540309878332,0.000589793867194488
11.254,2.835502127685913,-0.012767591703994507,0.0007861941208692491
11.274000000000001,2.8374929028445104,-0.013438224762135166,0.0009324362629369309
11.294,2.8395604112054595,-0.014123497284035662,0.0010009508956362323
11.314,2.8416223906185114,-0.014872086836613852,0.0009859355908834744
11.334,2.843613809560487,-0.015642747198303143,0.0008912967469857647
11.354,2.845468970621867,-0.0164440555446299,0.000732015092434174
11.374,2.8473980343827296,-0.01715754325593868,0.0008648616857648006
11.394,2.8492041847866774,-0.01790982025882334,0.0010216020905245704
11.414,2.851063525693493,-0.018709230607766445,0.0011046954126534558
11.434,2.852930362657886,-0.019561238384997074,0.0011136279398045457
11.454,2.854758945536713,-0.020444125461391908,0.0010530702081171794
11.474,2.856573303545842,-0.021363168892987,0.0009094283821746985
11.494,2.858436089400824,-0.02223228928111399,0.0009166802416992192
11.514,2.8602161512154516,-0.02312235486101817,0.001075816825802406
11.534,2.8620086391288466,-0.024046916554757446,0.001171250783294303
11.554,2.8637882398126973,-0.025009370750099177,0.0012089385386205298
11.574,2.865558513261049,-0.026016458654995876,0.0011614999684190774
11.594,2.8673075633601353,-0.027059986155044964,0.0010369923386965019
11.614,2.8690492133597463,-0.028118190972532615,0.0008975556949994412
11.634,2.870834073868475,-0.029123996972402907,0.0010795784376398387
11.654,2.87247180598797,-0.030158380471865153,0.0011997348775367178
11.674,2.87419446163365,-0.031246255552096928,0.0012475654694447114
11.694,2.8758952367115054,-0.03237359637461369,0.0012194423599854176
11.714,2.8775699000139308,-0.0335368206601589,0.001113034741080321
11.734,2.87921556302805,-0.03473383483302845,0.0009261827463182271
11.754,2.880930535497601,-0.03586458503482896,0.0010306782796694614
11.774000000000001,2.88252254044722,-0.037020073384929006,0.0011699388889366003
11.794,2.8841619450754212,-0.038226289206485894,0.0012353156267840004
11.814,2.885780446864691,-0.03946829374562022,0.001225055618545523
11.834,2.887372151791665,-0.04074594284642554,0.001136224001139885
11.854,2.888933575617227,-0.04205586212909969,0.0009670316954175917
11.874,2.8905627688933406,-0.04331224531157049,0.0009377493633548339
11.894,2.8921096456466957,-0.04461014646901934,0.0011042544261090081
11.914,2.893578952069718,-0.04592048919017519,0.00116937730822117
11.934,2.894845554786863,-0.04707110519708867,0.0011871200098311219
11.954,2.895771662581883,-0.04797532268490959,0.001165296157188772
11.974,2.896385800889491,-0.04863434019251521,0.0011186789084137172
11.994,2.896674721653687,-0.04903584972263576,0.0010642523630147172
12.014,2.8966600819983555,-0.04916755906729303,0.0009996307466024201
12.034,2.8963487680495468,-0.04903298411453713,0.000934183463497662
12.054,2.895774094535132,-0.04858032806556986,0.0009107556628562274
12.074,2.8949628355767607,-0.04779674332423475,0.0008870326651593541
12.094,2.8939088856626167,-0.04670930878163888,0.0007881443278629219
12.114,2.892582582729529,-0.045311987951221266,0.000592357594984938
12.134,2.8910158042761203,-0.04386389104189702,0.0007166326795869093
12.154,2.889394873494194,-0.042177413969153296,0.0008629656973899169
12.174,2.8874894679495036,-0.04033462480043098,0.0009432330258505317
12.194,2.8854645587310834,-0.038375452817230885,0.0008844236413792783
12.214,2.8833664439126045,-0.036215745287453936,0.0006512589944493163
12.234,2.8810443983195047,-0.034023518635462116,0.0008315464413358731
12.254,2.8788950620200278,-0.031730749661598834,0.001004711820179166
12.274000000000001,2.876780307887398,-0.02935203942266878,0.0010063049922735823
12.294,2.874343361032336,-0.026678194118114916,0.0008382196844491374
12.314,2.8721937970599667,-0.024301619571017452,0.0009503428996485153
12.334,2.8703839039670758,-0.022110142269498898,0.00106636827395179
12.354,2.868657647968316,-0.02011136880297302,0.0011353819835230872
12.374,2.8671321910066734,-0.018277455281022172,0.0009012978229849256
12.394,2.866233958091765,-0.01690540481159577,0.000664954778266752
12.414,2.865493519557038,-0.015925066150294917,0.000850161976944791
12.434,2.8649791966931044,-0.015223187563678572,0.0011155486266026249
12.454,2.8647221007981787,-0.014886737896778454,0.0012675461872279636
12.474,2.864657143302,-0.014903261273328583,0.0013540681609653937
12.494,2.8647691605814627,-0.015285886560459518,0.0013630486615081872
12.514,2.8650495770925324,-0.01603508319671287,0.0012812193850895992
12.534,2.865458621895131,-0.017171369005345875,0.0011136085698581766
12.554,2.86609194789352,-0.01862621407783336,0.001026405880089093
12.574,2.8669054025315046,-0.02044008056511731,0.0011858675109380212
12.594,2.867790722279452,-0.0225892197629541,0.0012743736448347087
12.614,2.868749200212194,-0.025202534612402256,0.0012122227585934786
12.634,2.8697732183643203,-0.02821195555681614,0.0009698090811709192
12.654,2.871101230925577,-0.03167335176605162,0.0012810559189864457
12.674,2.8722203942186098,-0.03532083801382839,0.0013943701482138082
12.694,2.8733311648570266,-0.03926585237423615,0.0012874522326921656
12.714,2.8745155094675767,-0.04342852874203876,0.0012382432791050446
12.734,2.875680637127554,-0.04777198793431394,0.0013646085774663974
12.754,2.8766290737529765,-0.052057452477411635,0.0012754205141915498
12.774000000000001,2.877667528893326,-0.05682723202666026,0.0008459204824897704
12.794,2.878882836057005,-0.061834692998538845,0.0010998673037547202
12.814,2.88010932502181,-0.06718694472866696,0.0013980347769282087
12.834,2.881188728589838,-0.07239250125239724,0.0015190584359293935
12.854,2.8820963563052193,-0.07717207187931463,0.0010901868023326655
12.874,2.8833483739215238,-0.08278372736382429,0.001173821880948861
12.894,2.8843528536140504,-0.08833342247843425,0.0013416391520023607
12.914,2.8853493904979928,-0.09358434292609083,0.0012453927997679581
12.934,2.8864912479953113,-0.09931468546725773,0.0013524087815752761
12.954,2.887552995509253,-0.10541119587209141,0.001428627320011977
12.974,2.8885864659538125,-0.11147679272337951,0.0010268025105597267
12.994,2.889679373381287,-0.11827535902661351,0.0010628065358443406
13.014,2.890940308093028,-0.12483716122562008,0.001613047060959355
13.034,2.8918905293701345,-0.13092270955155513,0.0013763474650559382
13.054,2.892844085369501,-0.1373448055568044,0.001089867641578257
13.074,2.8941225458233593,-0.1443677205032515,0.0015726242880809982
13.094,2.895293734857634,-0.15126882835447863,0.001456220495449162
13.114,2.8962646288435936,-0.15762837635016147,0.001026848112838541
13.134,2.8974824669642274,-0.16435453364992786,0.0013044833420998714
13.154,2.8988174659863053,-0.17158771673462664,0.0014818354565848124
13.174,2.899888050818493,-0.17802044709015163,0.0012562947072311537
13.194,2.9009345172282464,-0.18432168124631262,0.0010198918883640717
13.214,2.9023639792727525,-0.19150986883349425,0.0015878949389821206
13.234,2.903505207535627,-0.1979624945366104,0.001302506143282145
13.254,2.9045905541857673,-0.20449316449878996,0.0009923711249563982
13.274000000000001,2.9060034848114675,-0.2114086638611084,0.001452134409407807
13.294,2.907420998575882,-0.21846208274718143,0.0013985900497786308
13.314,2.908636346672589,-0.22480595633831146,0.0010054506574601052
13.334,2.9098008710710292,-0.23086567660382948,0.0010641934153756971
13.354,2.9112619922024345,-0.23765760031962752,0.0014970666342856986
13.374,2.9124970718218277,-0.24377992157620706,0.0013134479675810107
13.394,2.9134620566580396,-0.24882646293119598,0.0007696165864506666
13.414,2.91465103629092,-0.2544173280167762,0.0011359474014727422
13.434,2.915835461552815,-0.2601856511957525,0.0012851150095019859
13.454,2.9167670509056918,-0.2652815527603491,0.0011914863258088992
13.474,2.9177258532082044,-0.2705641320026128,0.0006674734218346245
13.494,2.9188627855946034,-0.276192004682101,0.0009565467904802671
13.514,2.9198366389708523,-0.28184809566871843,0.001182781827510443
13.534,2.920761176350394,-0.28705062581737595,0.0010785892831395305
13.554,2.9217064394109893,-0.2924593493930181,0.0010163376799612878
13.574,2.9226010755049328,-0.29807908866346705,0.0010280030515867067
13.594,2.9233071307393237,-0.3034053217710015,0.0008916143647230423
13.614,2.924114774223434,-0.30886834694692034,0.0007890275216457798
13.634,2.925090718954858,-0.3147790135480254,0.0011012626868460162
13.654,2.9258348634412017,-0.32079921772473374,0.0012036926460319008
13.674,2.9266557079633695,-0.3269954431256338,0.0007057702027201962
13.694,2.9274959323690157,-0.3336377412823615,0.0008674004172197491
13.714,2.928405894561622,-0.3404223594861857,0.0011409468777392184
13.734,2.929281878523265,-0.3472415153251426,0.0010608055281631779
13.754,2.9298778856567385,-0.35318445069112314,0.0005804451093845142
13.774000000000001,2.9308830999337188,-0.3602715405462208,0.0010573420810501277
13.794,2.9317970382592047,-0.3672936801762163,0.0010766877675161546
13.814,2.932458820188425,-0.3734493652365914,0.0006421525125677174
13.834,2.9333159010956997,-0.3802038332796133,0.0009561794817083136
13.854,2.9342502213725736,-0.38724041956728494,0.0011312635064964771
13.874,2.9350373488785273,-0.39375160563705947,0.0008720651536279489
13.894,2.9358442709090173,-0.40020625955134553,0.0007645328786108907
13.914,2.9368139216691374,-0.4072882806293002,0.001148204805663522
13.934,2.9377125637900487,-0.4141085716829696,0.0010752703778204864
13.954,2.9384179173364915,-0.42035624554302853,0.0005665738519855246
13.974,2.939433019790134,-0.42739859142695846,0.0011065281635215807
13.994,2.9403628277845733,-0.43444323773340854,0.0011320291693523443
14.014,2.941166653391024,-0.4409393382901701,0.0008532255231271102
14.034,2.9419445725432887,-0.44736828542434887,0.0009690737520180459
14.054,2.942920321464354,-0.4544159410689844,0.001212458636374869
14.074,2.943771380049349,-0.46102715890201035,0.001076866387341946
14.094,2.9444485806862715,-0.467217988565419,0.0007139842647450045
14.114,2.945492853989408,-0.4742757629856483,0.0012132553844659
14.134,2.9464251470538447,-0.48092259694338535,0.001169261228177787
14.154,2.947127058032026,-0.48671346325861425,0.0006741780093716121
14.174,2.9479547235076975,-0.49292267249082705,0.0010491791671553563
14.194,2.94874693696672,-0.4989417274226259,0.0012939472435663235
14.214,2.9494790538798767,-0.5046942755897891,0.0011907966170293938
14.234,2.9499718209663675,-0.5096318750831171,0.0008316168795902967
14.254,2.9507098836238606,-0.5153589255812882,0.0010688113494936036
14.274000000000001,2.951275997960281,-0.5207619686378605,0.0013566417198439262
14.294,2.951849446695193,-0.5261530804111073,0.0011806245005578642
14.314,2.9525050169658402,-0.5317449250710117,0.0012454845502430922
14.334,2.953073077416978,-0.5377477922128283,0.0011965225590669926
14.354,2.953426188408429,-0.5435905866102497,0.001178973992707777
14.374,2.9538932445500072,-0.5498208673455279,0.0009983721207383334
14.394,2.9545821539752737,-0.556345350366086,0.0015297406744517184
14.414,2.954985127546882,-0.5628612529637909,0.0013079104352652915
14.434,2.9553973212962465,-0.5695650812240378,0.0013411591457632432
14.454,2.9560050012639865,-0.5764379090776303,0.0015818957051809135
14.474,2.956589860630689,-0.5833515035483078,0.0016049294957565519
14.494,2.956916415135022,-0.5895531444841007,0.0012063706323859058
14.514,2.9575207631430587,-0.5963652922816586,0.00137421154066239
14.534,2.95820328113975,-0.6036853446398449,0.0016748722365519109
14.554,2.9586696959569885,-0.6099910403967441,0.0011534811988554716
14.574,2.959147957992565,-0.61652870377494,0.001169634337388037
14.594,2.959931245683207,-0.6238064792646533,0.0016591306564242014
14.614,2.960513782497604,-0.6302700975800115,0.0013737886056317261
14.634,2.961057060075643,-0.6371361709069354,0.0013580817956143632
14.654,2.9618418789002114,-0.6441754585710397,0.0015673893667144945
14.674,2.9625630224908366,-0.6511955749976278,0.0016735056671286497
14.694,2.9629362399240673,-0.657223216727014,0.0012069842829858235
14.714,2.9636386712789684,-0.6638576635433461,0.0013363714788456604
14.734,2.9644617729416662,-0.6712219611423846,0.0017783860257314377
14.754,2.9650509987036178,-0.6773843770720918,0.0012368042505805643
14.774000000000001,2.965675299133204,-0.6841041247340549,0.0013483607663796748
14.794,2.966567219492977,-0.6911583423668445,0.0016605323994484389
14.814,2.967339741790052,-0.698037616149583,0.0015660167251700663
14.834,2.9678229119520303,-0.7039568165932486,0.001241847306992394
14.854,2.968589226525578,-0.7100892925827067,0.0014416522678393773
14.874,2.969439752986119,-0.7168192579550601,0.0015807713484979613
14.894,2.9699726016061163,-0.7228236105214626,0.0014493155554414494
14.914,2.9704682933359328,-0.7277417893878635,0.0010846241410578938
14.934,2.971196562795292,-0.7331529284737963,0.001472487452339244
14.954,2.97189451936655,-0.7389758542178803,0.0014891513984137128
14.974,2.9724245891176944,-0.7441813523096332,0.0013245670245067287
14.994,2.9729965043861486,-0.7495304027052482,0.0008769140126968222
15.014,2.9736165919440523,-0.7552791988831865,0.0012173336786295008
15.034,2.974141072203523,-0.7607810411222158,0.00139361312875097
15.054,2.974609234172227,-0.7660844118633812,0.0011828661473518576
15.074,2.975186485806109,-0.7716912242136598,0.001220409187466187
15.094,2.97563283379395,-0.7773826556820318,0.0011594724930419076
15.114,2.9759970896975068,-0.7828131538182763,0.001079552787154131
15.134,2.9763551979857352,-0.7883992996648823,0.0009018359945096865
15.154,2.9769127679562426,-0.7945987491558776,0.0012653676697066962
15.174,2.977125559155708,-0.8007538313522723,0.00122761027389931
15.194,2.9774211617210016,-0.8071357265736816,0.0008138167846683253
15.214,2.9778487849275477,-0.8140736524236146,0.0011841640289751987
15.234,2.978265329420102,-0.821027181131528,0.0012517997514652213
15.254,2.9783857629220223,-0.8272933796156323,0.0008511395240050901
15.274000000000001,2.978719548118895,-0.8341397070384413,0.0008319004373660566
15.294,2.979244905800203,-0.841332727888307,0.0012489510186321218
15.314,2.979599938733021,-0.8482887139164732,0.0010904908479164588
15.334,2.9798317196863127,-0.8545027635392727,0.0007420759135187971
15.354,2.980327895252639,-0.8615793913711022,0.0011544716547585432
15.374,2.980739769917653,-0.8686541679378127,0.001132198917802335
15.394,2.9810817090905184,-0.8748889844760065,0.0005515541167195603
15.414,2.9814918145292597,-0.88192194600406,0.0009744564791571153
15.434,2.9819612817092636,-0.8890519094929983,0.0011330287127952199
15.454,2.9822707514500597,-0.8956709527617965,0.0008793379065989149
15.474,2.982557753251362,-0.9024801484690689,0.0006956549153918357
15.494,2.9831090081159513,-0.909561977519768,0.0011537179825016064
15.514,2.9834942635744603,-0.9164960601092056,0.001060155234577087
15.534,2.9837430109681518,-0.9227386589234251,0.0006650370771891512
15.554,2.9842710678249165,-0.9297938763305655,0.0011529845130025529
15.574,2.9847252390960635,-0.936723611431724,0.0011421795041345884
15.594,2.9851371214185622,-0.9431953850322871,0.0006605302194596652
15.614,2.985584263899134,-0.9499334526243504,0.0009318758999119214
15.634,2.986164429020564,-0.9572976591191158,0.0011198667290432396
15.654,2.9866350312163075,-0.9641254941516008,0.0010146183810480769
15.674,2.9869696458472634,-0.9702217667944355,0.0006972723388591895
15.694,2.9876036980851586,-0.9774284457383056,0.001232028660154011
15.714,2.9881434013276946,-0.9843897389130678,0.0011755170268621662
15.734,2.9886628921120644,-0.9908768861325842,0.0007270817194450219
15.754,2.9892581864267775,-0.9978311705607641,0.001181766526364203
15.774000000000001,2.989890083927879,-1.0051557424851407,0.00118474308164071
15.794,2.99044392495571,-1.0118166370873627,0.0008969831391417715
15.814,2.990909252996151,-1.0182042208123658,0.0009217259779036036
15.834,2.9916291899529583,-1.0252406602318946,0.001205282325229734
15.854,2.9920990443569178,-1.031307801093479,0.0011222474657407167
15.874,2.9925817805729027,-1.0372944118963812,0.0006917093008388941
15.894,2.99320094537663,-1.0433107963763202,0.0011715312698400149
15.914,2.9936913713789672,-1.04919126728292,0.0012976891139568347
15.934,2.9940876012032147,-1.054603706903756,0.0012872616434844442
15.954,2.9943660407633295,-1.0596307532999503,0.000771277429246181
15.974,2.9948285434835307,-1.0653482229119426,0.0011247091789785835
15.994,2.9951959239275503,-1.0710240097653,0.0012866928219915919
16.014,2.995509182356594,-1.0761854510409814,0.0012059981714906687
16.034,2.995904193538127,-1.0819755586564608,0.0012049138842536167
16.054,2.9961671908447203,-1.088112510060203,0.0011345028679911884
16.074,2.9963980685211387,-1.0944884884279404,0.001279731475017254
16.094,2.9967625604219235,-1.1010380658734782,0.0011565471773379576
16.114,2.9971481269595834,-1.10763475964253,0.001404413405180327
16.134,2.997279970876787,-1.114071900568064,0.0010781878851280347
16.154,2.9974090571298455,-1.1209308802899767,0.0012248420423619788
16.174,2.9978214865682076,-1.128095357455444,0.0016552907339178191
16.194,2.998089474205908,-1.134607413678969,0.0015488109993851418
16.214,2.9983135704145933,-1.1414902993439549,0.0014290569316555146
16.234,2.9986765360894023,-1.1487124380147953,0.0013882304413442015
16.254,2.99900066022833,-1.155648787657878,0.0016421456283346458
16.274,2.9990800496068624,-1.161853690679579,0.0013668375719050607
16.294,2.9993050487555517,-1.1688773859751254,0.0013333263460283407
16.314,2.9996876594758635,-1.1758689015170742,0.0018938883458844702
16.334,2.9999668527698793,-1.1823980375717311,0.0016136286987586401
16.354,3.0000838584705813,-1.188188044788427,0.001448793531581144
16.374,3.0004092176412964,-1.1940181974225101,0.0014611572598295652
16.394,3.0007183623092017,-1.1997628325374001,0.0014610944536941062
16.414,3.0008462446036734,-1.2046880573284073,0.0013025625800517637
16.434,3.000992218914918,-1.209309642803467,0.0012943050503609055
16.454,3.001221840404447,-1.2136053945864327,0.0012413229272649207
16.474,3.0014379156387494,-1.2174562290093986,0.001286664463834325
16.494,3.001592566661777,-1.2210880905728636,0.0014230870865715728
16.514,3.0017102633849175,-1.2244420042059678,0.0014437743287627203
16.534,3.001814944815087,-1.2276689717197549,0.0013758295826611644
16.554,3.001872724396091,-1.2307023608061145,0.0012108785710467362
16.574,3.0018622629073515,-1.2335459749308242,0.0009908736804520313
16.594,3.0019331781726923,-1.2361245804278496,0.0008871233890180852
16.614,3.0020583843523783,-1.2386039911177416,0.0011257874142720503
16.634,3.0020897480994444,-1.2408102188426915,0.0012842515911760943
16.654,3.0021004255068777,-1.243019441227205,0.0013586003865462548
16.674,3.0020591916310195,-1.2452394097669361,0.0013486468515698236
16.694,3.001971559015563,-1.2474563028647354,0.0012535907958582115
16.714,3.001836100263622,-1.2495133035962211,0.0010914998103574713
16.734,3.001776654014846,-1.2515718061971137,0.0011834975705809492
16.754,3.0016719523906468,-1.2535110926308235,0.0013510741635866796
16.774,3.0015250533588653,-1.2556829303553187,0.001439770580071803
16.794,3.0013352292535735,-1.2578852328910144,0.0014501398527548837
16.814,3.0010977810234505,-1.2600601281756436,0.0013773223155051362
16.834,3.000831432011805,-1.2620700436162826,0.0012342213612074326
16.854,3.0006144560834627,-1.2641184127435783,0.001192739152361566
16.874,3.0003773594242094,-1.2661088753681595,0.0013610309864986458
16.894,3.000093086930711,-1.2680888254850857,0.0014627684955207387
16.914,2.9997590365691402,-1.270147528850011,0.0014922040894517763
16.934,2.9993889312517794,-1.2721572256574714,0.0014376135438701199
16.954,2.998976731998762,-1.274148254374214,0.0013149657675124715
16.974,2.998516014933285,-1.276128009792397,0.0011021934327763439
16.994,2.9981758336746074,-1.2781579679755688,0.0013096170196157109
17.014,2.9977617629540103,-1.2800116711400633,0.0014217951237630588
17.034,2.997296313473272,-1.2819961295490387,0.0014737944313072404
17.054,2.9967883938102755,-1.2839785935429668,0.0014406513573792523
17.074,2.9962375091494473,-1.2859486269642786,0.0013285417039327896
17.094,2.995644950710775,-1.2879025399191195,0.0011351166313590955
17.114,2.9951452302836845,-1.2899006623309437,0.0011995882707738492
17.134,2.994566098677148,-1.291754390441297,0.001333215951404676
17.154,2.9939475350869396,-1.2936757617131793,0.0013934768878350323
17.174,2.9933060652068453,-1.2956145670779609,0.001376928177567821
17.194,2.9926188696477927,-1.2975421217563745,0.0012801136607275276
17.214,2.991890938926251,-1.299451451669342,0.0011021449020885699
17.234,2.9912245440585723,-1.3013972214366027,0.0010189750906581252
17.254,2.9904904771375915,-1.3033018115982138,0.001177210576660731
17.274,2.989742924667442,-1.3051551374647488,0.0012561047387103785
17.294,2.988910188309441,-1.3072118544389812,0.001259840044810473
17.314,2.9880348390446803,-1.3092442233922161,0.0011686922847812253
17.334,2.9871582647673347,-1.3111431748928448,0.0010026087503268166
17.354,2.986280486195443,-1.3129759957892708,0.0008016095815088498
17.374,2.98546733807704,-1.3148622153914051,0.0009576819358284305
17.394,2.9845493659972955,-1.3167300240321351,0.0010611466990162466
17.414,2.983574751996647,-1.318721696926481,0.0010829491477113984
17.434,2.9825574206024834,-1.3206932565721576,0.001017321273627192
17.454,2.981498861769324,-1.3226439388269347,0.0008606611253025864
17.474,2.980439251644253,-1.3245370953919346,0.0006289740864538484
17.494,2.9795754651352313,-1.3264075061303955,0.000763486453523643
17.514,2.978661905199794,-1.3283057785058585,0.0009284246561115927
17.534,2.977687546650234,-1.330274912592247,0.0010379873944389995
17.554,2.9766624496973275,-1.3322220543103112,0.001054094044803111
17.574,2.9755867589697296,-1.3341554579014863,0.0009879365547080798
17.594,2.9745445253521767,-1.3359302036601801,0.0008545171738028878
17.614,2.9735381081998855,-1.3377066967041948,0.0008496583859987084
17.634,2.972534822949263,-1.3394650870277953,0.0010252917087655578
17.654,2.9715047813745583,-1.3411523117143853,0.0011279229000398794
17.674,2.970430195893045,-1.3428680890180245,0.0011695913240052924
17.694,2.969314526312916,-1.3445753412628019,0.0011338844926080949
17.714,2.9681637945852284,-1.3462561999399365,0.001020871805712753
17.734,2.966991391094932,-1.3479197376193015,0.0008674690227787052
17.754,2.965874740781117,-1.3496539461513137,0.0010597532969590373
17.774,2.9647430106045327,-1.3512640547100918,0.0011866731952622778
17.794,2.963554327158998,-1.3529033339384453,0.0012422955153517379
17.814,2.9623285072808527,-1.3545169369873944,0.0012298859319242739
17.834,2.961260038957786,-1.3558443307272112,0.0011457668312195302
17.854,2.9604050500306753,-1.356832214028633,0.001010123967414428
17.874,2.959802389319717,-1.35749127318453,0.0008890947278586692
17.894,2.959510822436628,-1.3579041761762973,0.0009739920983099504
17.914,2.959468714894923,-1.3579846674107958,0.0010037933837976354
17.934,2.959687276041967,-1.3577543583410419,0.0009762235812341424
17.954,2.9601516748813665,-1.35722660329145,0.0008897810724595445
17.974,2.96073979826934,-1.3564892338940535,0.0009110753345754063
17.994,2.9616618144637425,-1.3553430929330494,0.0010741707341536677
18.014,2.9629147585922335,-1.353871287112524,0.0011917987693043919
18.034,2.964357250099139,-1.3522577994790526,0.0012282856051919477
18.054,2.965983034815736,-1.3505117888941862,0.0011744034360978706
18.074,2.96780286575954,-1.3486572167891007,0.001001353871860844
18.094,2.9695896759387073,-1.3467353546489527,0.0009484037670505485
18.114,2.9716490943508513,-1.3445648320484274,0.0011404442341906296
18.134,2.9739460317331528,-1.342372544921587,0.0011984649464271413
18.154,2.9764894828042037,-1.3399429439766484,0.0011022806369188065
18.174,2.9789214519981195,-1.33780206546621,0.0008448895302476112
18.194,2.9811859228818287,-1.3356549332548975,0.0010887604690483221
18.214,2.9836799671600343,-1.333582184678255,0.001183829450783408
18.234,2.9860615716697607,-1.3316812863009824,0.001072383369851243
18.254,2.9880230215511485,-1.3302970154670062,0.0008651789300073709
18.274,2.9895776924459825,-1.3290408128355622,0.0010006244481089166
18.294,2.99085057937404,-1.3280564265331216,0.0012407752981778708
18.314,2.9919674115952497,-1.327202921619824,0.0013048129726151159
18.334,2.9926122093727194,-1.3267293248390166,0.0013158801152337585
18.354,2.9929202220063815,-1.326473963518717,0.0012508314266844178
18.374,2.992907559299144,-1.3264198588777614,0.0011094506892644906
18.394,2.9925290485535636,-1.3265565925628224,0.0008974586932167794
18.414,2.9918178602923087,-1.3268654137317404,0.0006034169002682999
18.434,2.9906916351246635,-1.3274580443494852,0.0008066321225667916
18.454,2.989198642636535,-1.3279488051272024,0.0010221966202700328
18.474,2.9873214852505385,-1.3286606193354955,0.001096897795990287
18.494,2.985059459922153,-1.3294538285132123,0.0010027615055406558
18.514,2.982414572351753,-1.3303396455191907,0.0006957010247062023
18.534,2.9794044191408493,-1.3316227346173142,0.0009614018164853522
18.554,2.976096609198501,-1.3326458195932485,0.0009927992693377907
18.574,2.9722136462214803,-1.3339380261984801,0.0008378284874874242
18.594,2.968384153251679,-1.3353658872151744,0.0009368377058632249
18.614,2.9643311236830794,-1.33676158520275,0.0012025265721889722
18.634,2.9603369477478805,-1.3380243590598795,0.0012932378754242912
18.654,2.9558334932087416,-1.339349826744104,0.0011102232294248615
18.674,2.951117466311496,-1.340835017597819,0.0012417873964382653
18.694,2.946157085621391,-1.342118579169247,0.0012692451062781829
18.714,2.9410612752351253,-1.3434286782389184,0.00095587746045811
18.734,2.9355510726271605,-1.3448036608775642,0.000829352944988232
18.754,2.930147581628947,-1.3463343234518057,0.001374558899443712
18.774,2.92485537925959,-1.34753051239342,0.001481588656160604
18.794,2.9197712768258937,-1.348645479627211,0.0011274703956919152
18.814,2.9143039873573735,-1.3499817132475216,0.0009271670174548496
18.834,2.9083572247560516,-1.3513039731593075,0.0013533724178393658
18.854,2.9023842876011,-1.3526171794285486,0.001404566737248314
18.874,2.8965131197469693,-1.353830408855315,0.0009932301378976771
18.894,2.8902358263887455,-1.355273625280659,0.0010983143363136882
18.914,2.883476463567874,-1.3565934349769524,0.0014243542560310185
18.934,2.877109150134527,-1.3578066465246967,0.001213445973112598
18.954,2.8702839613894606,-1.3593566968158075,0.001223795331874472
18.974,2.8633922405682783,-1.3606623686023307,0.0012485221114090783
18.994,2.8565654338583912,-1.3620684364737243,0.0013423751163657294
19.014,2.849905719116532,-1.3635690311253268,0.001254056550088617
19.034,2.8431202570074263,-1.3649977925186478,0.0011036729415924706
19.054,2.836078935615939,-1.3663460570419605,0.0015063441078531914
19.074,2.8296080173538165,-1.3676170369776814,0.001095825147532814
19.094,2.8224839496407035,-1.3692093419646132,0.0012427936136040763
19.114,2.815568211829832,-1.3705426859426844,0.0015432447972745233
19.134,2.8090298790677615,-1.3718387427453107,0.0015079696737513304
19.154,2.8031319195253004,-1.373033208530939,0.0013005904105503896
19.174,2.796290927218901,-1.374450084710087,0.0012564575673622846
19.194,2.7893532261554537,-1.3758513879828702,0.0016499131137866496
19.214,2.783349769017051,-1.3769477278284497,0.0011181562507583676
19.234,2.7764113875873297,-1.3784662463470485,0.0012850857748178401
19.254,2.7700088756181325,-1.3797238853395446,0.0015147891167958394
19.274,2.7643112315846117,-1.3808531025941257,0.0013198099179178857
19.294,2.7586727894292826,-1.3820820571698766,0.0013818100314665072
19.314,2.7529111748739243,-1.3832233190153467,0.001248654884134337
19.334,2.7477974686940785,-1.3841613037044038,0.0010273019457522625
19.354,2.7422559695160516,-1.3852474830971735,0.0009175326944542428
19.374,2.7368006021002476,-1.3864182098177866,0.0012952057678800588
19.394,2.731392369216635,-1.3873348127047815,0.0013593218162054888
19.414,2.7259048273068998,-1.3882757780853614,0.0009549825299536019
19.434,2.7200193614820085,-1.3893161554577151,0.0008886483718938409
19.454,2.7137445395259485,-1.390403417573194,0.0012822906695112157
19.474,2.7072634109270903,-1.3914691147668403,0.001244916474077984
19.494,2.7015939907705717,-1.3922240628332765,0.0008365400495223552
19.514,2.695198152714788,-1.3932581900058754,0.0011802429507534185
19.534,2.6879900349967154,-1.3943040433609821,0.0014737482836450766
19.554,2.6816549115626187,-1.3951938120182128,0.0009865818603588261
19.574,2.674929975935915,-1.3962649385256232,0.0008281957188866207
19.594,2.667810202390007,-1.3972350869461658,0.0013943467087116357
19.614,2.6609124525221435,-1.3983026849311049,0.00126700823370271
19.634,2.654842301203877,-1.3992397288380993,0.0008194396114751812
19.654,2.6478022391084837,-1.4001833052285626,0.0013155295146347057
19.674,2.641044753172668,-1.401032858348895,0.0012445772402354949
19.694,2.6343999914436798,-1.4019533818448544,0.0007035853576445872
19.714,2.627399429545845,-1.402968303412756,0.0010175869822996453
19.734,2.6203152730115855,-1.4038941593046528,0.001264151790862228
19.754,2.6136478018201488,-1.4048568118155986,0.0009860340896010733
19.774,2.607018817331955,-1.4058764785376392,0.000805584187181102
19.794,2.599965338283526,-1.406757643230118,0.0013316129389945308
19.814,2.5930795245342253,-1.4077386706806345,0.0012097736079022259
19.834,2.586463052620086,-1.408753927460984,0.0008499134141435327
19.854,2.579542181479259,-1.4096469526396946,0.0012380052223786575
19.874,2.5722863138291965,-1.4106134252655917,0.0012427578885474133
19.894,2.5655293325950836,-1.4115484047454214,0.0010674042884110946
19.914,2.558949804170265,-1.412543289036229,0.0010741992483518648
19.934,2.551828330659359,-1.4134110187018676,0.0014605356587747143
19.954,2.545430573335741,-1.414051975134094,0.0011622122819210934
19.974,2.5387287357886725,-1.4149700147106248,0.00087771467555392
19.994,2.531673317377343,-1.4158339902301853,0.0012812684133593766
20.014,2.5246484691458666,-1.4167971106757775,0.001149245437815749
20.034,2.518230490124835,-1.417490021584506,0.0008742277997512982
20.054,2.511205782070312,-1.418423843900391,0.001122201334759848
20.074,2.504104352165128,-1.4192575079550078,0.0014898966429612026
20.094,2.4975726313725968,-1.4199983944954728,0.0008495621717305446
20.114,2.490381476668634,-1.4210624193866668,0.0008513335736354821
20.134,2.4833801790557772,-1.4218694356507946,0.0013822289553770961
20.154,2.476469637009036,-1.4228298766670524,0.0012495811356542097
20.174,2.4703365946482356,-1.4236539149963479,0.0009651648349887354
20.194,2.4633079199186865,-1.4245164205620011,0.0014258043393317876
20.214,2.4563563975663554,-1.4253527717864678,0.0014510250390246393
20.234,2.4500908914759623,-1.426110820549427,0.0008985709714078305
20.254,2.443320882448641,-1.4269710528003854,0.001178413519639404
20.274,2.4360152471559178,-1.4278383392257994,0.001360419023657522
20.294,2.429249602618111,-1.4286845369617975,0.001277314565519161
20.314,2.422702328249934,-1.4295804446371696,0.001152234538127489
20.334,2.4156152937479582,-1.430342101098326,0.001532620636206794
20.354,2.408802902731396,-1.4310076681330066,0.0013753999011576479
20.374,2.4023960197272562,-1.4317904497499465,0.0009914310684146777
20.394,2.39540848512353,-1.432525593807995,0.0015084589718205865
20.414,2.3880493313815454,-1.4332971677202682,0.0014274325443083546
20.434,2.38154435968545,-1.433964070193978,0.0011572489235650574
20.454,2.3750219498902814,-1.4347628190528112,0.0011231952873277384
20.474,2.367729006573893,-1.4354280326164939,0.0016615877088453912
20.494,2.361362893871422,-1.4358673939841273,0.0012597295932033625
20.514,2.3547435752088774,-1.4365592735851682,0.0010499107291397636
20.534,2.347614002720651,-1.437186508366989,0.0015104196538938686
20.554,2.340650861891597,-1.437915928070707,0.0014303516851236764
20.574,2.334349286462428,-1.4385735400041442,0.0010010714518673136
20.594,2.3272758075402655,-1.4392189015705683,0.001436434926991803
20.614,2.3202560150987637,-1.439853411106702,0.0015044025083464363
20.634,2.3136158044349244,-1.440488711084063,0.0012053566390749781
20.654,2.3069216190646094,-1.4412251320353544,0.001115832571397829
20.674,2.299603944743811,-1.4417903758004094,0.0016692684733765062
20.694,2.292833481829437,-1.4423125424683563,0.001394995878678279
20.714,2.2862939173679266,-1.4429870656914254,0.0011725950100797966
20.734,2.2792423952510523,-1.4435035543337846,0.0016221697504559818
20.754,2.2719298967373933,-1.444075542117878,0.0014700622885580328
20.774,2.2653482271403895,-1.4446247189473191,0.001187915656693822
20.794,2.258611244747738,-1.4452014550912693,0.0012940720484798385
20.814,2.2513375888026776,-1.4456676420543229,0.001640715711623969
20.834,2.2450483547630715,-1.445986150894723,0.0010681545873301168
20.854,2.2381010371002437,-1.4465738532850834,0.0009721241084305887
20.874,2.2309243386180193,-1.4470036957769221,0.0014307601867478148
20.894,2.2240256497866264,-1.4475330790951157,0.001292786868653223
20.914,2.2175817759017282,-1.4479720507790699,0.0010193111319064252
20.934,2.210480299976279,-1.4484253267183673,0.0014646889031766641
20.954,2.2033645145410077,-1.4489549252480052,0.0014060684303301985
20.974,2.197008996530127,-1.449455534309651,0.000977478765142592
20.994,2.19021047930517,-1.449978426307505,0.0011725288030582648
21.014,2.1829079772592275,-1.450431220145797,0.0014776601969503367
21.034,2.1762030335786173,-1.4508467425871692,0.0011840891209277393
21.054,2.169635681838333,-1.4513823462329751,0.0009465360101520437
21.074,2.1623767746918285,-1.4517485022632695,0.0014254366099490101
21.094,2.1553574970157303,-1.4521871514023694,0.0013441282797381493
21.114,2.1488019423680607,-1.4526317764976282,0.0009980794580757013
21.134,2.141827564437624,-1.452967425554502,0.0013248307204904997
21.154,2.1344989505717136,-1.4533681648989296,0.0012674394357131968
21.174,2.1281928339318,-1.4536976739065544,0.0008205961811981743
21.194,2.1214486887640467,-1.454065253447295,0.0010564333868162412
21.214,2.1140949664633064,-1.4543891351419451,0.0012558845134298946
21.234,2.1076092221089233,-1.4548006340842117,0.0010688280400900363
21.254,2.1009479091097694,-1.4551899794861618,0.0008703296988152587
21.274,2.093818112074037,-1.4553989864488777,0.0013307640019874223
21.294,2.086946230627331,-1.4556786677388527,0.001263073416374355
21.314,2.0803221888375694,-1.4560301255623282,0.0008655191478710855
21.334,2.0733611416393734,-1.4562776979992123,0.001196319637504356
21.354,2.0660559752889878,-1.4565698923171715,0.0011896562210729211
21.374,2.0596965963763236,-1.4567661192457644,0.0007899974395736142
21.394,2.0527634936807955,-1.4570852670197936,0.0008478177035363965
21.414,2.045638653596442,-1.457278693722137,0.0011917578168509912
21.434,2.0391467602796975,-1.4575061895775518,0.0010296536960633929
21.454,2.032369144732893,-1.4578423641203473,0.0008085735338785316
21.474,2.0252660740553634,-1.4580452566636037,0.0012878242306694765
21.494,2.0181754019310185,-1.458353355148915,0.0011479706550902302
21.514,2.011963613933404,-1.4585759741618778,0.000744809572615357
21.534,2.0048601043638286,-1.458850734820393,0.0010989273996599158
21.554,1.9978083355213876,-1.4590931255267792,0.0012733299447416913
21.574,1.991340891102496,-1.459325489073277,0.0008999896192104784
21.594,1.9846597781706135,-1.4596346195235599,0.0008383279019517076
21.614,1.9773324799846486,-1.4598451560671988,0.0014020786561008691
21.634,1.9701517104050397,-1.460143347328487,0.0011911225047668839
21.654,1.964081130908997,-1.4603196535567902,0.0009906180547677723
21.674,1.9571048639303024,-1.460508381788346,0.0013589438317794522
21.694,1.9501970098798123,-1.4606148946540183,0.0015607331995129703
21.714,1.9437820770692158,-1.4607470534935496,0.0007788190000009576
21.734,1.9365755453859983,-1.4610743978391796,0.0010009438954630412
21.754,1.9295265814777207,-1.4611966532227554,0.0012554824286701016
21.774,1.922521430794241,-1.4614522765740148,0.0010944200601265552
21.794,1.9161735568016236,-1.4616849207241907,0.000968257401091327
21.814,1.9090258492615146,-1.4618022431808126,0.0013747397245338633
21.834,1.902346952075408,-1.4619085795155535,0.0012633204446854673
21.854,1.8956420412176922,-1.462157428404458,0.0009072520608536527
21.874,1.8885562388864814,-1.4623161113817622,0.0013430027830367286
21.894,1.8814545898501795,-1.4624899465333325,0.0013788568026459336
21.914,1.874833415454454,-1.4626606542333023,0.0010592030851012402
21.934,1.868103679664717,-1.4629311221498709,0.0010266610793223663
21.954,1.860790822080453,-1.4630404277773037,0.001534045242195775
21.974,1.853988886302613,-1.4631393319699746,0.0012466940876256771
21.994,1.8474641730155397,-1.4633900443902765,0.0009529922046716821
22.014,1.8402570548721142,-1.4634692258305946,0.0015946264413506939
22.034,1.8331505006491209,-1.463510760706074,0.0014542777966166376
22.054,1.8266382166001922,-1.4636468651955692,0.001159454050470049
22.074,1.8198378736093435,-1.4637345615756703,0.0012932263125321197
22.094,1.8125801279045914,-1.46378052548024,0.0015501269223386904
22.114,1.806112056443387,-1.4637822011034671,0.0010938210802839687
22.134,1.7993811974448521,-1.4638704949004184,0.0011055566147573637
22.154,1.7919911508761497,-1.4638750642218388,0.0015248818523047603
22.174,1.7851468327649886,-1.4639376802739188,0.001392121141670033
22.194,1.778978405435623,-1.4640002595423027,0.000985400306991957
22.214,1.7718054007371913,-1.4639498296550708,0.0016366739998801838
22.234,1.7645883747521451,-1.4638714479730368,0.0015203379306113762
22.254,1.7580260922007827,-1.463843658898385,0.0011366705735920135
22.274,1.7512993509931851,-1.4638631355624805,0.0012813524182236358
22.294,1.7438987187124795,-1.4637611319351485,0.0015928580179562501
22.314,1.7371563455699386,-1.4636298476065972,0.0012929079366499063
22.334,1.7305626732786867,-1.4636433786976426,0.0011054320900373837
22.354,1.723305287333969,-1.463431886826513,0.0016680759639807752
22.374,1.7163463129052818,-1.4632143354800993,0.001437190735457422
22.394,1.7098394114639899,-1.4631780524379323,0.0011838993881542192
22.414,1.7029011758031798,-1.4629683693825124,0.0014981094874098044
22.434,1.6955812148268412,-1.4627496837802745,0.001542071153269653
22.454,1.689145406867224,-1.4625408518820338,0.0010122035685177777
22.474,1.6824606421742954,-1.4623963632751307,0.0012377591200073423
22.494,1.6750497868294734,-1.4621088907463646,0.0016195216775375665
22.514,1.6681732697470624,-1.4618666290300473,0.0013164924512209797
22.534,1.661651184088812,-1.4617447560672694,0.001130070650062015
22.554,1.6544996051955414,-1.4613994398025065,0.0016297362323290654
22.574,1.6476536587124269,-1.4610554328446053,0.0014991362920032947
22.594,1.6411171991074043,-1.4608348196319252,0.0009563982388961223
22.614,1.6340487641449752,-1.4604888014224826,0.00136798355933887
22.634,1.6269472037630925,-1.460167815908508,0.0013641106386313995
22.654,1.6203588672216607,-1.4599349478575023,0.0010300318868540492
22.674,1.6136792910498716,-1.4597251935068958,0.001038536197581097
22.694,1.6063152080494378,-1.4593079129045028,0.0014350243025258447
22.714,1.599477113486548,-1.4590616181657432,0.0012753334079055878
22.734,1.5933566489762492,-1.458880820701103,0.000900484712728522
22.754,1.5862058113349722,-1.4583919256934936,0.001442319737060882
22.774,1.579173881625854,-1.4579636652537744,0.0012996607092364831
22.794,1.5727359875763356,-1.4576373860224079,0.0008474299687565578
22.814,1.5658436667733284,-1.4572146954354832,0.0012128585012184945
22.834,1.5584918848738247,-1.4567375517519305,0.0012620420571281543
22.854,1.5520654065419,-1.4564398190500152,0.0008788681996073078
22.874,1.5453139669449842,-1.4560911021576384,0.0008095603566337928
22.894,1.5380669780775669,-1.4555113596991758,0.0014073765544191374
22.914,1.5311164393382064,-1.4551378879936483,0.0012099087462172642
22.934,1.5247700713507233,-1.4548590114481152,0.0009500182461324724
22.954,1.5177775292052278,-1.454282781322616,0.0012855954882902143
22.974,1.5108113074208862,-1.4537645331165843,0.0012580417044538161
22.994,1.5043178334029823,-1.4533030699669243,0.0007043916106353187
23.014,1.4973854301048608,-1.4527551865135158,0.001037077196009123
23.034,1.490180091706974,-1.4521706104430248,0.0011887404752942698
23.054,1.4835975405013215,-1.4517409309049982,0.0009791747363392944
23.074,1.4771127938547761,-1.4513676340003896,0.000837829922694211
23.094,1.4699791947352223,-1.4506870329421426,0.0012277840971400833
23.114,1.4632184341112515,-1.4502564004691059,0.0011305056991484375
23.134,1.4567126466289761,-1.449839373833816,0.0007848184203712028
23.154,1.4496619391424197,-1.449173368311101,0.001219928829800987
23.174,1.4425901863555093,-1.448563082905151,0.0012604036991214485
23.194,1.4360219026230872,-1.4480004041847867,0.0009253172328251846
23.214,1.4294307099757773,-1.4474768943178506,0.0009573436038781968
23.234,1.4220748340509628,-1.4467267227474347,0.0014600462998305697
23.254,1.4155654463928158,-1.4461744359230926,0.001006363513456232
23.274,1.4088782558383788,-1.4456234024647283,0.0008050348640628591
23.294,1.4017496590214387,-1.4448381341627519,0.0013878660011617527
23.314,1.3952051897868634,-1.4442571007847942,0.0011816954332052598
23.334,1.3884432242640343,-1.4436564785902006,0.0008079488246468813
23.354,1.3814396558652395,-1.4428969714673292,0.0012790861173695156
23.374,1.3742618938290605,-1.4421106929647534,0.001322741090870494
23.394,1.3675193218301145,-1.4414461626582513,0.0011171316485994454
23.414,1.3610344803009202,-1.4408486679996122,0.001123642509966244
23.434,1.353925872912785,-1.439964352216091,0.0014987731931293546
23.454,1.3472199266015512,-1.4392568633284013,0.0013234463030014632
23.474,1.3411205846528653,-1.4387082338274781,0.000903348066078391
23.494,1.3340368966744427,-1.4378125816731437,0.001490437895968394
23.514,1.3267557218558272,-1.436897514874591,0.0013271558751771495
23.534,1.3203488116470998,-1.4361643877614692,0.0010941220065086577
23.554,1.3138905196042694,-1.4353643572020558,0.0011767274784573734
23.574,1.3065493458651667,-1.4343591466534162,0.0015381826347567185
23.594,1.3002963998371984,-1.433632301915802,0.001021942916988594
23.614,1.2936725973791143,-1.4327793200200238,0.0009139129525269629
23.634,1.2864315746678543,-1.4316665021764738,0.0015334388091194084
23.654,1.2795717032398581,-1.430727886489251,0.001414986956234987
23.674,1.2732705478490915,-1.4299664376415153,0.0011530452284790604
23.694,1.2664841974589454,-1.4288862507757512,0.0014788556761424765
23.714,1.2594555615344132,-1.4278428943802184,0.0015948696403177975
23.734,1.2531178808648955,-1.4269688807691643,0.0008991089768438654
23.754,1.246312471649637,-1.4259203506367661,0.0012816856833808565
23.774,1.2391147653467314,-1.424741933468662,0.0015781823457522715
23.794,1.2327628347637118,-1.4238365639140436,0.001153933037846
23.814,1.2260214532301041,-1.4228571017647025,0.0010763866566615987
23.834,1.218951215878436,-1.421614836287009,0.001520012407951743
23.854,1.2120911892172141,-1.4206033554963704,0.0014499028524096735
23.874,1.205847976083514,-1.419802832725261,0.001076124366739012
23.894,1.1988843818233872,-1.418577879804257,0.0014454889903930401
23.914,1.1918473188714684,-1.4173639387953763,0.0015116477546979756
23.934,1.1854801207579053,-1.4164000839921214,0.0010920785508447273
23.954,1.1790388219776236,-1.415348635026442,0.0011822348625893098
23.974,1.1716975539737837,-1.4139975036717207,0.0016153238723159158
23.994,1.1649434659966902,-1.4128722473089472,0.0013466592000728472
24.014,1.1587324796399108,-1.4118579069871777,0.0011218683538877505
24.034,1.1517572994584948,-1.410487625795866,0.0015818481465738332
24.054,1.1447055114687794,-1.4091602804589176,0.0014624908360595101
24.074,1.138501955823667,-1.408092658912277,0.0010561561298307875
24.094,1.1319345456711896,-1.4067852895923363,0.0014001470170012797
24.114,1.1245493090680774,-1.4052538100794454,0.0015173205335078932
24.134,1.1182300565450884,-1.4040639314115297,0.001058179978165985
24.154,1.1119236449177856,-1.4028053068363202,0.0010471016594548466
24.174,1.1046177661078276,-1.4011844666327946,0.0013402354711837539
24.194,1.0980874888603056,-1.3999007472045881,0.0012033751577706364
24.214,1.0914558432740988,-1.398535714589358,0.0009961587792000903
24.234,1.0844999976367764,-1.3969706314153514,0.001456975663138238
24.254,1.077463469457817,-1.395430079737546,0.0013208467098710375
24.274,1.0715561655202848,-1.394390811865204,0.0008616740266797762
24.294,1.0647207248670547,-1.3928554692374169,0.0012085077119668441
24.314,1.057508591776489,-1.391215018170548,0.001392623857266545
24.334,1.0512601261654742,-1.3898450558636453,0.0009594851893451328
24.354,1.0447405616948529,-1.3884030392099669,0.0009035387413819373
24.374,1.0376665273965329,-1.3866355834938506,0.0014239875121515033
24.394,1.0308792642517164,-1.3850522516462827,0.001295662410313425
24.414,1.0246112159616005,-1.3836187756895741,0.0010806207587572836
24.434,1.0179890763892268,-1.38192266516443,0.0013878153958905848
24.454,1.0109051438168029,-1.3801415336519591,0.0015398509009645345
24.474,1.0050001501773858,-1.3788360278401846,0.0007821720731791548
24.494,0.9984427470777127,-1.3772166656815856,0.001033048435276157
24.514,0.9913365727673772,-1.3753360978484204,0.0012510433911805952
24.534,0.9849015236643068,-1.3738220631907967,0.0010040656133553094
24.554,0.9786009480716076,-1.3723325427416413,0.0008314201087421536
24.574,0.9716675832967906,-1.3704420695499704,0.0013296894254328229
24.594,0.9651838891204015,-1.3688026930247388,0.0011165674627034439
24.614,0.9587191027319302,-1.3671832918760196,0.000825888971450639
24.634,0.9519332980034864,-1.3653196160032703,0.0011720211319110885
24.654,0.9449918215945918,-1.3634673649048392,0.0011531807514362225
24.674,0.9389037073528339,-1.3619346158010557,0.000752202384717654
24.694,0.9322082598060553,-1.3602299034831502,0.000822152495478623
24.714,0.9253309181534846,-1.3582291394959483,0.0013287511238777028
24.734,0.9188677796173447,-1.3565511725849901,0.0010883095469616522
24.754,0.9126209947528088,-1.354975685992826,0.0008955408996580705
24.774,0.9057781330199176,-1.3530250903248098,0.0014051477786976851
24.794,0.8989050583318019,-1.3511060316919927,0.001263736077431299
24.814,0.8928804125541019,-1.3495800187405362,0.0007668044853575418
24.834,0.8863314381179195,-1.3476567834546451,0.0012336656461168216
24.854,0.8791394592472234,-1.3455295003568282,0.0012679137849332112
24.874,0.872946125401747,-1.3438043141306135,0.0008755960460535006
24.894,0.8668488950361191,-1.3420625335011884,0.0008971278388149595
24.914,0.8596863181367176,-1.3398244089480107,0.0014140709710343535
24.934,0.8530623030646649,-1.3378348960548365,0.0012146626073197275
24.954,0.8470673240408934,-1.3361051254554013,0.0010260035941252188
24.974,0.8405137144864989,-1.3340004550892481,0.0014135155148838063
24.994,0.833507369656215,-1.3317409868268302,0.001454646745251753
25.014,0.8275865076746269,-1.3299721965752176,0.0008492966049721273
25.034,0.8211803354398268,-1.3278687383950314,0.0011486740664146122
25.054,0.8141815089534029,-1.3255198440354294,0.001356091035483703
25.074,0.8079869081816763,-1.3235349310393578,0.0011121971244542617
25.094,0.8019594659356158,-1.3216564032191198,0.0009134289854756394
25.114,0.7950599171589507,-1.3192377718110695,0.001496807038683129
25.134,0.7887052852189528,-1.317137696652448,0.0012073909403022276
25.154,0.7823931780423705,-1.3150659816406784,0.0010363112244097528
25.174,0.7758229298402545,-1.3127246519914308,0.001353776456864464
25.194,0.7690430491025825,-1.3103158806383606,0.001359677604073184
25.214,0.762878795829045,-1.3081752071512858,0.0010076354638835772
25.234,0.7567256323315504,-1.3060603639379638,0.0011425941977975806
25.254,0.7497304186740441,-1.3034603787035934,0.0016657270750579378
25.274,0.7436399321177629,-1.3013291226094903,0.0011764779261865255
25.294,0.7373673072269153,-1.299161091983805,0.0011320979706719858
25.314,0.7307002493514415,-1.2966238955361058,0.0015587403041241454
25.334,0.7241402114553769,-1.2941801327310611,0.0013908447909947996
25.354,0.7181235022834214,-1.2920930997671802,0.0011205537110662023
25.374,0.7117805890502819,-1.2896684555810898,0.0014552960143933147
25.394,0.7048996840435061,-1.2870170445252718,0.0016714809271711761
25.414,0.6991850166822944,-1.284952585844913,0.000988052691363206
25.434,0.6928427687966854,-1.2825718474264163,0.001110035369676604
25.454,0.6860526491187244,-1.2798089641919645,0.0016517069587294875
25.474,0.6797947970361502,-1.2774060217411407,0.0013416622654357502
25.494,0.6737982034995101,-1.2751682667264979,0.001149441381653904
25.514,0.6672464313276651,-1.2724949990853651,0.001557134982056424
25.534,0.6607961888972147,-1.2699189765216152,0.001488351801770288
25.554,0.6547902215470552,-1.2675693876401601,0.0010205618571070274
25.574,0.6484310211599149,-1.264924419739262,0.0013862423410908042
25.594,0.6416211921233782,-1.2620633845391747,0.0015089577614437188
25.614,0.6354275480517618,-1.259561401259373,0.0012745586361325167
25.634,0.6294435823604271,-1.2571644321745554,0.0012030601167521693
25.654,0.6228397151428104,-1.254242646627575,0.001632309184656927
25.674,0.6167641821346932,-1.251708489814873,0.0013547939348413363
25.694,0.6107080763693246,-1.2492352760502081,0.001059075063660514
25.714,0.6042494448142586,-1.2463231533906411,0.0015099151742210826
25.734,0.597764790673657,-1.2434984873246586,0.001427147455951544
25.754,0.5919061548395765,-1.2410504519587695,0.0009505491561079826
25.774,0.5856152559082624,-1.238305367373622,0.0012081753035297071
25.794,0.5789538431005529,-1.2353110848174897,0.0015079096600456865
25.814,0.5729125127060966,-1.232692532089067,0.0011927380338872529
25.834,0.5670191299606259,-1.2301804969060914,0.0010316698396658497
25.854,0.5604186266527592,-1.2271234142736154,0.001507744739223632
25.874,0.5542217876740424,-1.2243411542740141,0.0012468499207235195
25.894,0.5481777271505126,-1.2215970876914135,0.000949854215178153
25.914,0.5417851303832499,-1.2186160724705553,0.0013339654701710058
25.934,0.5352420797930106,-1.2156242541952411,0.00135957081598298
25.954,0.5294984289523473,-1.213241178096965,0.0007970682442769994
25.974,0.5232386597448572,-1.2103899558463906,0.0010502683674670499
25.994,0.5166776138943905,-1.2072454719596117,0.0014067956541524151
26.014,0.5107815700126414,-1.204520131549314,0.0010702783624686185
26.034,0.5047558055412065,-1.2017694889618349,0.0009438875788884138
26.054,0.4983343015495126,-1.198618761004458,0.0013354216259792717
26.074,0.49204124584916575,-1.1957212500658168,0.0012673779229149529
26.094,0.4862618418367391,-1.1932081904768228,0.0008783023075861207
26.114,0.48000953575849625,-1.1901614398425993,0.0012058874314044288
26.134,0.47345263061301696,-1.186932212252348,0.0012301395359917422
26.154,0.4675402309256237,-1.1841108352198968,0.000987622216210765
26.174,0.461697673001354,-1.1813333650333877,0.000919584966531356
26.194,0.45521398454441486,-1.1779753000756013,0.0014389238999494014
26.214,0.44940405191384547,-1.1751263265955023,0.001120032915853636
26.234,0.4435878663612452,-1.1723232813918574,0.000934365246917368
26.254,0.43734371748411816,-1.1690511493618043,0.001302448954958596
26.274,0.4310326274480761,-1.1658239168121334,0.0012374035048597354
26.294,0.42532879418083397,-1.1630804318900794,0.0009019187870128731
26.314,0.41942869730641635,-1.160045242651135,0.001072805177891184
26.334,0.41288154691966544,-1.1566065415931714,0.0013768622170395317
26.354,0.4072883676934186,-1.1537569795976006,0.0008338037451282032
26.374,0.4011306190814056,-1.1506301258504452,0.0007811052018143472
26.394,0.3948788173818087,-1.1472202297724694,0.001344000445542809
26.414,0.38915147215972035,-1.14422401055084,0.0010546553840443396
26.434,0.38295564020144723,-1.1411139773616825,0.0008657475997913278
26.454,0.37670310195626355,-1.1377333905264857,0.0013322841840025523
26.474,0.3704058898338507,-1.1343566795267384,0.0012295546015408387
26.494,0.36460255414900167,-1.1313780226566441,0.0009445689757305586
26.514,0.3587451022818929,-1.1283732563389073,0.0008792786941730357
26.534,0.3522866463151339,-1.124799905219594,0.0014886209357802271
26.554,0.3467812538097247,-1.1218905637954564,0.0010504989309619017
26.574,0.3407814131433107,-1.1187727492416208,0.0011307422989557114
26.594,0.3345618151399013,-1.1153308684177121,0.0014055870943115445
26.614,0.32866496032364834,-1.1121228474253555,0.0013847860003044221
26.634,0.32318521547222595,-1.1092342499422523,0.001029773478918694
26.654,0.31700040726187084,-1.105835545127471,0.0012007769826310466
26.674,0.3107262973887106,-1.1023648767449863,0.0012831510951746006
26.694,0.3049135133046082,-1.0992621860296494,0.0009783481269269312
26.714,0.2991457978808003,-1.0962429628661563,0.0009231636360524653
26.734,0.2927493292802157,-1.0925864511057297,0.0014433754774343943
26.754,0.28687104949851805,-1.0893629189649283,0.0012251394172086705
26.774,0.28125144782766615,-1.086379837235949,0.0010064248148116406
26.794,0.27507781866103365,-1.0828202633300354,0.0014933531838224878
26.814,0.26920014218268185,-1.0795138382851763,0.001358668724850437
26.834,0.26333828095674605,-1.0762881634432002,0.000996207465163823
26.854,0.2572550439148513,-1.0727609325656988,0.0013147429945637445
26.874,0.2512934888356699,-1.0693369600199059,0.00159024976059996
26.894,0.24549709341296205,-1.065987579682492,0.00102029600859449
26.914,0.23914080195855558,-1.0625085128767677,0.0009814659156610894
26.934,0.23304616713734982,-1.058906383801177,0.0015406117947955877
26.954,0.2270796513582578,-1.055647594251326,0.0014114208128819528
26.974,0.22151194395705084,-1.0527384081861078,0.0011527650608946505
26.994,0.21542536241617583,-1.0491926988340283,0.0015863293976820791
27.014,0.2095615953113876,-1.0458348571644975,0.0017029353075138087
27.034,0.2039918984119594,-1.0425738044579396,0.0010260329029740944
27.054,0.1977842226103042,-1.0390938668932979,0.0011996390893954656
27.074,0.19164626552186537,-1.0354686136959488,0.0015398083572668309
27.094,0.18548856691883756,-1.0319797898920764,0.0011642716855711777
27.114,0.17973318467304797,-1.0287658614339594,0.0011404131982307997
27.134,0.1738198191358229,-1.0252867253526554,0.0015404408089710608
27.154,0.16793290685881088,-1.0219206536325374,0.0013756631176742307
27.174,0.16220976773605944,-1.0187478118162332,0.0010295433360142936
27.194,0.15609535901990287,-1.0151239921556876,0.001451418535185045
27.214,0.1498454695074508,-1.0115014617144011,0.0013794103596571072
27.234,0.144553283479309,-1.0084469765212378,0.0009347586232458793
27.254,0.13856634659982175,-1.005056526089298,0.0011367400531782368
27.274,0.13238353482652548,-1.001324563225868,0.0015023698979605704
27.294,0.126740932681436,-0.9980716212075238,0.0011893901490545034
27.314,0.12091747079640863,-0.9947382229679869,0.001105071816614872
27.334,0.1147900075357107,-0.9910297708339676,0.001484534070001986
27.354,0.1087510479120354,-0.9875116388857796,0.001425196457738559
27.374,0.10341546775283174,-0.9845870666666389,0.0010210608051019754
27.394,0.09756348109052362,-0.9809766222011167,0.0014519044715498863
27.414,0.09122127039463443,-0.9770903211165551,0.0015861639715305242
27.434,0.08587407027656249,-0.9738957274170547,0.0010110889393231959
27.454,0.08037535560093195,-0.970642664795978,0.0009318904478900214
27.474,0.0741290302696256,-0.9666234329413506,0.0016429721842483036
27.494,0.06846255008979563,-0.9630999044088384,0.0013154861006680896
27.514,0.0632434023851898,-0.9599827274721161,0.0009865648879892053
27.534,0.057263294509167,-0.9561195354052241,0.00146146188596602
27.554,0.05111344455801584,-0.9521595556442853,0.0013121287566164042
27.574,0.04568412202538587,-0.9488044298384477,0.001067111943112431
27.594,0.04023421373078693,-0.9452232010981547,0.0011918224689838608
27.614,0.03401194140762043,-0.9410659502621797,0.0015979062595368743
27.634,0.028810994885661627,-0.9376500560504523,0.0010060615637730308
27.654,0.0231350970005035,-0.9339839948698742,0.0010579438264216867
27.674,0.01723386488885291,-0.9299504623508219,0.0013247058135159584
27.694,0.011295538493653327,-0.9260330350070469,0.0010884545542145518
27.714,0.0060999409835212,-0.9226823793285331,0.0009140717000350185
27.734,0.00031064867744918373,-0.9186931663989053,0.0013329569136860397
27.754,-0.005477647254730211,-0.9147731060990965,0.0013652505232424061
27.774,-0.010741991142292857,-0.9113215581874737,0.000803106662202846
27.794,-0.016416732457741088,-0.9074699727223711,0.001048882035139892
27.814,-0.022419308691190923,-0.9033136996776969,0.0013675675098273887
27.834,-0.027538093392305292,-0.8998728392507443,0.000895933724392034
27.854,-0.033126963177955784,-0.8961368111761745,0.0008671893980996825
27.874,-0.038967286849301244,-0.8919510670534859,0.0014110449454894647
27.894,-0.04455566492850069,-0.8880485596959521,0.001178512931505199
27.914,-0.04980088291127589,-0.8845228989603383,0.0008431069238915567
27.934,-0.05545801442857366,-0.8804832820940629,0.001244169116179028
27.954,-0.06133295760520674,-0.8762884570405636,0.0012887406326825557
27.974,-0.06646229302469366,-0.872706284940097,0.0007046340555320885
27.994,-0.0719282176531919,-0.8688444815903934,0.0009204414097822022
28.014,-0.07797054454102613,-0.8644244080697913,0.0011617624457107567
28.034,-0.0833029505251483,-0.8607158762841776,0.000946581285993453
28.054,-0.08896130142766126,-0.8567307753190133,0.000841236330053674
28.074,-0.09467178266423723,-0.852464565384032,0.0013963729193213203
28.094,-0.10019958955435779,-0.8484103140124974,0.0012340124309070943
28.114,-0.10539318727510535,-0.8447824256797615,0.0009347087360050133
28.134,-0.11085344705551503,-0.8407376948270081,0.0012044654095444973
28.154,-0.11674739350096947,-0.8363392024465588,0.0014684746137518245
28.174,-0.12175261408559104,-0.8326547773175873,0.0008596487742356385
28.194,-0.1273939574240664,-0.8286058759661314,0.0008882758579842331
28.214,-0.1330833794238874,-0.8242348080833289,0.001448731281497695
28.234,-0.13815827928252772,-0.8204148491292242,0.0011286925935091452
28.254,-0.14378906337721603,-0.8163368294340164,0.0009738284381129447
28.274,-0.14944578020228913,-0.8120067709463011,0.0013733443778892185
28.294,-0.1549491152718665,-0.8078587698308765,0.001315018428637904
28.314,-0.16026623201421367,-0.8040352810688299,0.001091491433285352
28.334,-0.16559973970981057,-0.8000591504222442,0.0011293501247528759
28.354,-0.17143609632178625,-0.7955428856237736,0.0015735704475600687
28.374,-0.17637069231691174,-0.7917469504792185,0.001073895227701016
28.394,-0.18181649545630715,-0.7876887357484587,0.0011332684881484867
28.414,-0.1874571447292805,-0.7833142695454073,0.0015331249396734747
28.434,-0.1931844832848075,-0.7789340075521805,0.00124872185732669
28.454,-0.19841537004442267,-0.7752617042166033,0.001325942453377138
28.474,-0.20362226684269788,-0.77130747885581,0.0013022144714722461
28.494,-0.20916346096719746,-0.7669931999901265,0.00147242757183913
28.514,-0.2144222097930929,-0.7630451671244839,0.001000132806641324
28.534,-0.2200027305038517,-0.7588147458010194,0.0011627876838592732
28.554,-0.22567671460672278,-0.7543878592489384,0.0016010214232295983
28.574,-0.23077723888380736,-0.7504915231802974,0.0011793717790382352
28.594,-0.23601094454014604,-0.74660084236701,0.0009760597011477801
28.614,-0.24172236215810536,-0.7420564873973083,0.0015876232374276433
28.634,-0.2469965741914466,-0.7379188469792345,0.0013766807148142823
28.654,-0.25205921157884076,-0.7341212210075758,0.00103949572363507
28.674,-0.257589365495266,-0.7296094523825719,0.0013917125407712228
28.694,-0.26328816439323827,-0.725076963859464,0.001488717462005712
28.714,-0.26833512752012023,-0.7210800097580105,0.0010632098190677397
28.734,-0.2734014748351781,-0.7170929302942833,0.0011686514537135595
28.754,-0.27919227236395816,-0.7123259189760438,0.0017488997410844698
28.774,-0.28444498783441774,-0.7080095833189264,0.0014008435988320245
28.794,-0.2894152842717808,-0.704090801546533,0.0012629566793749547
28.814,-0.29473278454730134,-0.6995980604638199,0.0016187168990974
28.834,-0.3000172340377798,-0.695173735774361,0.0016739212601960818
28.854,-0.30499190104259866,-0.6909837575916615,0.0010791140337863547
28.874,-0.3104131523103743,-0.6864537848547968,0.0012866733546781084
28.894,-0.31585940577033594,-0.6817669318256393,0.0014759871027986982
28.914,-0.3211601971861602,-0.6774298412268368,0.0011989939746370193
28.934,-0.32616221701377773,-0.6733828513592206,0.001051625251702798
28.954,-0.3315728463119285,-0.6686354193451772,0.0017099099782259264
28.974,-0.3364888612587936,-0.6643520864932779,0.0014370422508107883
28.994,-0.34179917446973423,-0.659967869028199,0.0011822264873435628
29.014,-0.3472780964956254,-0.655225255731484,0.0014108662713314124
29.034,-0.35261749616507276,-0.6506726189968401,0.0013251035042230463
29.054,-0.35776371051039746,-0.6465382423652166,0.0010085149181053021
29.074,-0.3631916915822351,-0.642063859390587,0.0011969075768208381
29.094,-0.3687373177715538,-0.6373080265394236,0.0015960004010707185
29.114,-0.373561806014181,-0.6331977594537473,0.0009996269325318885
29.134,-0.37900329982490966,-0.6287344069887175,0.0010624639782773893
29.154,-0.38439004510842883,-0.6240634851051857,0.0014974914665875083
29.174,-0.38939721851826653,-0.6197774945324962,0.0011925251466877451
29.194,-0.3944488038968122,-0.6156432000588464,0.0009853956566650002
29.214,-0.39973714663270343,-0.6110388305142626,0.0014180181879282494
29.234,-0.40505304863846536,-0.6064217080104861,0.0015293722581408153
29.254,-0.4098285471045744,-0.6023188303827713,0.0009105805076836115
29.274,-0.41514124572020306,-0.5978187948608468,0.0009240910126720459
29.294,-0.42051355255443285,-0.5930301618784887,0.0014549063756606473
29.314,-0.4256915810250297,-0.5885187392530038,0.001121539851830472
29.334,-0.4307530817995562,-0.5842665069152733,0.0012134698369463404
29.354,-0.435794657297796,-0.5797588157028106,0.0014378875913785838
29.374,-0.4410156956535566,-0.5751153758862394,0.001491128749154802
29.394,-0.44565816729579644,-0.571078827079749,0.0009236557977052029
29.414,-0.45091473235205576,-0.5664207463431167,0.001100451146685777
29.434,-0.4562609657106134,-0.5615985899597353,0.0011702491303156592
29.454,-0.46120387526168716,-0.5573769220657335,0.0008619757170097719
29.474,-0.4661545659972507,-0.5531478953666598,0.0007947766341044882
29.494,-0.4715646849932181,-0.5481940687019928,0.0014372489330465588
29.514,-0.4763169810541298,-0.5439105628977798,0.0010879018819982544
29.534,-0.48150942753695986,-0.5393534776233472,0.0010190117432757606
29.554,-0.48678433210054206,-0.5345383119958587,0.0012694621140628137
29.574,-0.49204352132717943,-0.5298169592977742,0.0010978309190342594
29.594,-0.4969007923229201,-0.5256945827408984,0.0009796966203205193
29.614,-0.5019789775906554,-0.5211862609848825,0.0010203056394459398
29.634,-0.5071555181764164,-0.5164910920504717,0.001421941099535251
29.654,-0.5120272433280385,-0.5120215146734658,0.000878106548353158
29.674,-0.5174688434641248,-0.5073096909904709,0.0009872392646299855
29.694,-0.5227147114635027,-0.5025100311356556,0.0013421611657642718
29.714,-0.5279552513670607,-0.49789416957242777,0.0011419183621270146
29.734,-0.5327827091961329,-0.4938115006038388,0.00105589727507846
29.754,-0.5378785647571607,-0.48923099015666777,0.0013605786299487332
29.774,-0.5431605205681727,-0.4844525038336015,0.001525105161847673
29.794,-0.5476297939314667,-0.48047691125432457,0.0008820374764680061
29.814,-0.5528493077291978,-0.47589958927742954,0.0009176080333855585
29.834,-0.5581305761348898,-0.4710234440334935,0.0014139538916807526
29.854,-0.5627909803580258,-0.46681711490493083,0.0010670936276806209
29.874,-0.5677814028475134,-0.46247282424936853,0.0009296160186738067
29.894,-0.572875399130334,-0.457746369764594,0.0015034954130662692
29.914,-0.5778185444483019,-0.45322282558766525,0.0012873399706642419
29.934,-0.5827073079915638,-0.4489339372892713,0.0010421086719437922
29.954,-0.587842711546777,-0.4441922662366948,0.0013631522070450819
29.974,-0.5931572524143721,-0.43928516433416753,0.0015437145299254385
29.994,-0.5975820333098577,-0.4352561945784991,0.0009287909545383222
30.014,-0.6026598895458497,-0.4307308613821634,0.0009318676431048223
30.034,-0.6079536022438115,-0.4257133316499294,0.0015832303442313844
30.054,-0.6125451645272744,-0.42142584988503945,0.0012069977379430274
30.074,-0.6172594248510788,-0.41721480872868355,0.0009704264212421487
30.094,-0.6225216564225241,-0.4121817584706812,0.0015529423435427514
30.114,-0.6274469752164145,-0.40751753580614697,0.0014002439416350154
30.134,-0.6323458047409629,-0.40302837223592197,0.0011046709820363432
30.154,-0.6373922731508544,-0.39823393126079265,0.0013512367901264144
30.174,-0.6425121796410769,-0.39333858472286914,0.0015826953241074582
30.194,-0.6470159973792882,-0.38908996049682737,0.0010065815334934225
30.214,-0.652065491565392,-0.38441645482485853,0.0009636297655387926
30.234,-0.6572100510175461,-0.3793574178412251,0.0014088326298776765
30.254,-0.6620971614565286,-0.374784842200839,0.0012204992506772427
30.274,-0.6672108117769457,-0.36998616176431487,0.0011567259256870244
30.294,-0.6722955841904198,-0.36499741971035127,0.001513961502532496
30.314,-0.6774165672977175,-0.3600616140854897,0.0014255385722335978
30.334,-0.6822925217374725,-0.3554913457494601,0.00133967228588866
30.354,-0.6871212340870292,-0.3509304564958382,0.001114350519253099
30.374,-0.6921968720683758,-0.34582263770403154,0.0018324218252206148
30.394,-0.6969061353784866,-0.34119654928849785,0.001454212454418763
30.414,-0.7019757000067384,-0.33639955380174336,0.0012213051635247552
30.434,-0.7070520520319342,-0.33133465483260116,0.0015654614021546887
30.454,-0.7121439663058085,-0.3264488023254044,0.0012963680098086183
30.474,-0.7171966466423212,-0.3217221504063993,0.0011369323570706857
30.494,-0.7221560608596201,-0.31685184866244576,0.0014775423242512353
30.514,-0.7273321218895535,-0.31179332229783596,0.0014446215005418372
30.534,-0.7320749537939539,-0.30733820464676054,0.0010543202485503722
30.554,-0.7369423693223007,-0.30265452749972843,0.001236824786907259
30.574,-0.7422110769885887,-0.2974408655929786,0.0016067165344330614
30.594,-0.7467593181008776,-0.29293987746717515,0.0011808300514375702
30.614,-0.7514069359714828,-0.28849071692176154,0.0010193925800393577
30.634,-0.7564952959795976,-0.2833044087041401,0.0015927903080207306
30.654,-0.7611100096644319,-0.27861410558202565,0.001342686695208345
30.674,-0.7659299957081823,-0.2738451346952414,0.0010759052884023457
30.694,-0.770867357466665,-0.2687549349802034,0.0013758052474761584
30.714,-0.775802322893855,-0.2637179223105512,0.001580496138685078
30.734,-0.7800464472480766,-0.2594065471801282,0.0008793738579716825
30.754,-0.7850445276035393,-0.2545039570329515,0.0009965600564255106
30.774,-0.7900191481644767,-0.24932872777380005,0.0014787555948916065
30.794,-0.7944363767849915,-0.24482633258494801,0.0010799086264778879
30.814,-0.7992316463791871,-0.2400620353361011,0.0010324242330877753
30.834,-0.8041533364071896,-0.23492752895338428,0.0013932752522361758
30.854,-0.8089737075369807,-0.22994232473147636,0.001232933453366225
30.874,-0.8135845158894336,-0.22542435442903633,0.0010480600370106619
30.894,-0.8182514210377251,-0.22057401051773645,0.0012105250014148305
30.914,-0.8233860679777318,-0.21519415370518885,0.0015267862503799967
30.934,-0.8275053171441553,-0.21083256571659353,0.0009074562112313111
30.954,-0.8321524170776872,-0.20609712191824933,0.001057672422934225
30.974,-0.8370270412857073,-0.2008515840862256,0.0013244454734914757
30.994,-0.8418848832927084,-0.19584116184427963,0.0011682888477748399
31.014,-0.8463144666592756,-0.19142774338926583,0.0010424461385156458
31.034,-0.8509964283382413,-0.18631910644774285,0.0013387499822402615
31.054,-0.8556941238595153,-0.1812436781351891,0.0015251527717189683
31.074,-0.8600086849528987,-0.17651950286942164,0.0008176613828413115
31.094,-0.8649776403402043,-0.1713011120314442,0.000967642224897064
31.114,-0.8697161246767103,-0.1660462275010299,0.0013542685535164467
31.134,-0.8744139373103118,-0.1611663146779108,0.0010446921756800953
31.154,-0.8789555646704088,-0.15655514755839733,0.0010774859300723139
31.174,-0.8835930447868163,-0.1514604056909269,0.001458658489186776
31.194,-0.8882300816890871,-0.14641350871244316,0.0013764475869108006
31.214,-0.8924469278945628,-0.14192872836400808,0.0009900429866244453
31.234,-0.8972019092256989,-0.13675900310860117,0.0011417508713745805
31.254,-0.9020630957387394,-0.13146301327804333,0.0012089227516488277
31.274,-0.9067076366797735,-0.1265336674993069,0.0010692370929242245
31.294,-0.9113144198324811,-0.1216874297788495,0.001134451543312126
31.314,-0.9158057153309118,-0.11666538711682409,0.0014613633874314969
31.334,-0.9203061010827874,-0.11162743314129012,0.0011156044124877584
31.354,-0.9246075655231092,-0.10705992225985261,0.0010237804149648144
31.374,-0.9293224623730351,-0.10179508784376895,0.0013842919038731805
31.394,-0.9340597027508235,-0.09652737872477135,0.0013094282328114104
31.414,-0.9383417424914827,-0.09192043636352826,0.0010779248419530985
31.434,-0.9428169778844012,-0.0869008399238004,0.001199800478653923
31.454,-0.9474902358023635,-0.08164770983092054,0.0016324427052711032
31.474,-0.9519280432564713,-0.07661715598712104,0.0011405768773731229
31.494,-0.9567640033161142,-0.07136125378668415,0.001023639340461402
31.514,-0.96145376511941,-0.06603020299514123,0.0014865521943532023
31.534,-0.9661751309423401,-0.060796458914280795,0.001100962611901679
31.554,-0.9707301001351117,-0.05595386138818556,0.0012065654942770843
31.574,-0.9752918295283635,-0.05084506922501483,0.0013781509269128467
31.594,-0.9798207210781155,-0.04575514325886193,0.0014227730921856085
31.614,-0.9842203477391005,-0.040973112972780945,0.001034997156229539
31.634,-0.9889144072640127,-0.035694929573779496,0.0011986432341368758
31.654,-0.9935603953300505,-0.030472441929245322,0.001578510071766931
31.674,-0.9976737235447507,-0.0258576434358625,0.0009984116138452848
31.694,-1.002436983610796,-0.020728305137689043,0.0009898795388105508
31.714,-1.0071552624537496,-0.01533812293100685,0.001555260233413791
31.734,-1.0113839555674187,-0.010560499988221124,0.0012473817087327588
31.754,-1.0159414684144898,-0.005651277612153366,0.0011140514176025684
31.774,-1.020603927921493,-0.0003373742039889452,0.0015149763488498391
31.794,-1.0251981182363585,0.004865379340949091,0.0016340261237643705
31.814,-1.0293760118720916,0.009548628711525724,0.0011135469645024987
31.834,-1.0341580888953676,0.01482735650635945,0.0010898481148494954
31.854,-1.038831518728311,0.020209574340072298,0.0015606088725005074
31.874,-1.043212337963697,0.02514543847274715,0.0013016430495368103
31.894,-1.0476778077689344,0.029984361083271627,0.00134123643245751
31.914,-1.0523058300458326,0.03533002708976524,0.0015751769562832307
31.934,-1.056646036587332,0.040323674275276326,0.0014771405958584893
31.954,-1.0611466225509678,0.045331862334203846,0.0012505609662148143
31.974,-1.0658473422529062,0.050738414148131745,0.0013656259607851273
31.994,-1.0705124448908923,0.05608458304313205,0.001479045486416114
32.014,-1.0749586533303799,0.061113724077020246,0.001230668387869338
32.034,-1.0794884614502471,0.06607999099139072,0.001403714222199287
32.054,-1.0840744031614449,0.07150079079648669,0.0017551073955600904
32.074,-1.0884654733244272,0.07664062826815952,0.0016824822396261374
32.094,-1.0929187711359456,0.08164166804344694,0.001171352846806084
32.114,-1.0976087120267997,0.08712408361804702,0.0014301238798528904
32.134,-1.1022959181888896,0.09241698367285602,0.001290930711987881
32.154,-1.1070595284396174,0.09773095723256835,0.0011077343404538587
32.174,-1.111329909845507,0.10260999070878994,0.0012615770300929696
32.194,-1.115869818128026,0.10787648715419343,0.001416440937872021
32.214,-1.120315946490057,0.11293712720105314,0.0009833434061946034
32.234,-1.1250147256270198,0.11816364028866652,0.0010039653921754266
32.254,-1.1296734081009858,0.12361197324972081,0.0015611444475016611
32.274,-1.134030881680103,0.12862926553554443,0.0012670607917986965
32.294,-1.13845212652555,0.13352351382252778,0.0011291997845971624
32.314,-1.1429937107041626,0.13889267321117513,0.0015227628712543295
32.334,-1.1474931411536384,0.14417356770399944,0.001650816220173379
32.354,-1.1515269635617909,0.14884556681753502,0.0010374561887485367
32.374,-1.1562322024169078,0.15423449364421365,0.0010855416081350655
32.394,-1.160808487721403,0.1596860944824251,0.0014792486653335546
32.414,-1.165239196213902,0.16481914036871959,0.001094823112579163
32.434,-1.1696791098434824,0.16983445104029815,0.00124908104510274
32.454,-1.1742025950897126,0.17525541786104298,0.0014635335429601382
32.474,-1.178460441947956,0.1803356440597593,0.001410649561659122
32.494,-1.1829103981035654,0.18546398682171256,0.001047762573217953
32.514,-1.1876180623684143,0.19103103025051466,0.0011938713018720126
32.534,-1.192129561473025,0.19636042980487045,0.0011369823784307675
32.554,-1.1965524391097688,0.20147637716753802,0.0008707983393053953
32.574,-1.2009848132623386,0.2065111018696645,0.0009395530546265907
32.594,-1.2054325104454462,0.2118581354142585,0.0013164555242277665
32.614,-1.2097376689625754,0.21685670067213228,0.0009711117490043553
32.634,-1.2141565122436122,0.22185099630305855,0.0008067118420240216
32.654,-1.2187763362402624,0.22748393599996747,0.0013459359315241837
32.674,-1.2232323558739358,0.23276004222363977,0.0011452957095486604
32.694,-1.2274842712517788,0.23763505649548994,0.0008932910778516878
32.714,-1.2318207719489966,0.24294605314111065,0.0012112550900009456
32.734,-1.2364958858560058,0.2486229382271148,0.001307377881187538
32.754,-1.2405164197441803,0.25345890085178097,0.0007761789622565407
32.774,-1.2446787251806797,0.2583904102013107,0.0008720804377051472
32.794,-1.249494243356329,0.2644014937987298,0.0015151258441316873
32.814,-1.2535741938686102,0.26953496257498566,0.0011765618453457583
32.834,-1.2574238366950674,0.2741688200658978,0.0008630949953242206
32.854,-1.261810899542151,0.2797497030002378,0.0013749216881585036
32.874,-1.2664414219157745,0.2856289813743983,0.0011375501421881096
32.894,-1.270569436579651,0.29069094594839084,0.0011737381570218197
32.914,-1.2746061569627005,0.29574061695794707,0.0009705242556349025
32.934,-1.2789830977781391,0.3014796010471612,0.0016583219209911626
32.954,-1.2828433749910004,0.30655125969791874,0.0012470791717119067
32.974,-1.2870737800952134,0.31187777358634117,0.0009725917071436996
32.994,-1.291386018626524,0.3175370987533769,0.0013116068333545172
33.014,-1.2957848667727223,0.32310897352797957,0.0010386027301520495
33.034,-1.3001696974294854,0.3285290468821679,0.0010242716685083808
33.054,-1.3044021567211344,0.3340166952160959,0.0012301225798020954
33.074,-1.308729788278001,0.3396528362839224,0.0012155976497787713
33.094,-1.3129126289637596,0.34494478851733423,0.0009242323274554765
33.114,-1.3171483426942794,0.35044642865264464,0.0011085907983303112
33.134,-1.3215275238039979,0.3562155137596766,0.0014345731355191738
33.154,-1.3253160015115888,0.3611952583443139,0.0009739713523528315
33.174,-1.3296001523391734,0.3666197175862115,0.000952666895219112
33.194,-1.3338715834035217,0.3723705680727455,0.001451370719593531
33.214,-1.3376688809281836,0.3774559463996084,0.001184914113521729
33.234,-1.3419205487283121,0.38282437711427786,0.0010351531622862786
33.254,-1.3461428783642848,0.3884862046756941,0.0014284542475090367
33.274,-1.350387140460026,0.39413899523007606,0.0015539549878380299
33.294,-1.354091675335536,0.3989882220578414,0.0010001531177846745
33.314,-1.3581006683732062,0.40426490400917253,0.0011229176196877189
33.334,-1.3625132705212766,0.41022997416517004,0.0015613643686221979
33.354,-1.3663471981908222,0.4154213687688828,0.0011999465613230786
33.374,-1.370282915687495,0.4205453738464444,0.001007931196842532
33.394,-1.374551423349892,0.42646160822949725,0.0015897666591102588
33.414,-1.3784493751127391,0.4318953918562074,0.0014387994794320957
33.434,-1.382406369572148,0.43718992513666544,0.0011419762131235633
33.454,-1.3864958529353621,0.44288475634237134,0.0013856127158241027
33.474,-1.3906126608423173,0.4486406291591748,0.0016393276190294903
33.494,-1.3942359988119828,0.4536903146388502,0.0010284745102217552
33.514,-1.3983653717208626,0.45921161635756036,0.0010773502945716218
33.534,-1.4024896021856184,0.4651431358815576,0.0016647396494658406
33.554,-1.406155952641998,0.4703553569661014,0.0013076142177136096
33.574,-1.4099867649412885,0.475509629391711,0.0010240770912736674
33.594,-1.4141695515663464,0.4815661885242804,0.0014090645182978645
33.614,-1.4181161967462317,0.48711142635975235,0.0013453418887326984
33.634,-1.422285043582382,0.49282477063777985,0.0011073224093193779
33.654,-1.4263748252336732,0.49866972073741433,0.0013161206320186358
33.674,-1.430468775407956,0.5044814974699584,0.0014391500226222376
33.694,-1.4342710221150328,0.5097841942511155,0.0011940189296895387
33.714,-1.438187937281999,0.5151260206435759,0.0011161539966584588
33.734,-1.442264397114443,0.5211358775352514,0.001698977343433633
33.754,-1.4461097962972909,0.5267265768942959,0.0015084671017331908
33.774,-1.4496663832902594,0.531696292467343,0.0011638646289772736
33.794,-1.4536005432757835,0.5374719500790759,0.0014739957051584374
33.814,-1.4576328017661564,0.5434173980723275,0.0014884001939333702
33.834,-1.4613035111851165,0.5486613824739882,0.001121055614109412
33.854,-1.4650554089385333,0.5541668253897137,0.0011943614345157338
33.874,-1.469057858754541,0.5601944056416742,0.0016410362061883565
33.894,-1.4725171245013817,0.5654868325891349,0.0010899308375466044
33.914,-1.4765193977791178,0.5712768332034472,0.0011225208298096256
33.934,-1.4804074047940463,0.5772696562963462,0.001623707242234429
33.954,-1.483921526100642,0.5826274231975348,0.0015132301844245355
33.974,-1.4874973612113465,0.5879579729721973,0.0010913134335620855
33.994,-1.4915232882497569,0.5940228487348755,0.0012710856560693429
34.014,-1.495397855658384,0.5998352435716917,0.0012695546063684338
34.034,-1.499180222356675,0.6053070534646111,0.0008775030644464776
34.054,-1.5029821079538206,0.6109083763258827,0.0010745058461298362
34.074,-1.5069544728241382,0.6168623046666112,0.001498592128537507
34.094,-1.5104223232010345,0.6220776069369044,0.001006031612363456
34.114,-1.5143916884940065,0.6278171509539593,0.0009638227805615629
34.134,-1.5182781467862334,0.6337998066813995,0.0014327750634055558
34.154,-1.5220478234974946,0.639495132346424,0.0011952951499494269
34.174,-1.525758200877342,0.6448223576520805,0.0009976203781758008
34.194,-1.5295517061442354,0.6505622576650816,0.0011987139466925756
34.214,-1.5335426013272613,0.6566485240043335,0.001343627741724529
34.234,-1.537046776267691,0.6619766420166932,0.0008921139571706205
34.254,-1.5407109425767969,0.6673439360391463,0.0007865639449166073
34.274,-1.5446278544830734,0.6735971632151191,0.001496132628958785
34.294,-1.5480914504923398,0.6791066060606795,0.0011019064987425609
34.314,-1.5517219741082695,0.6845582082704668,0.0009029026419341835
34.334,-1.5554971447411823,0.690571222337561,0.0013045684332898544
34.354,-1.559120064324117,0.6963317873392976,0.0012212039229398675
34.374,-1.5626414603264343,0.7016465045582077,0.0008550237906956026
34.394,-1.5662354617299117,0.7074253956570625,0.0011419572708067927
34.414,-1.5701195031073538,0.7136534269287862,0.0013977989618151887
34.434,-1.5733827919026049,0.718939560183533,0.0008158915196963545
34.454,-1.5771311862446653,0.7247425270088144,0.0008497562285451898
34.474,-1.5808766185980934,0.7308766703884836,0.0013354406439347322
34.494,-1.5842252496250382,0.736328282609876,0.0010118230484646995
34.514,-1.587941277732309,0.7421031469230731,0.0008681874548628066
34.534,-1.5915874399523295,0.7481844289164076,0.0013281334122383914
34.554,-1.5952787261480976,0.7542283562704646,0.001303785136994029
34.574,-1.5986374945127886,0.759608913215096,0.0009242132394073344
34.594,-1.6021874794353073,0.7653513148661198,0.0010269958852325567
34.614,-1.6058574197449644,0.7714298493922291,0.0015043030798834733
34.634,-1.6092624981321402,0.7770671162649583,0.0009753888734737592
34.654,-1.6131270761981944,0.7831415308178168,0.0010108098721315073
34.674,-1.6167759374327983,0.7892585195847037,0.0014184990681234966
34.694,-1.6204488648935653,0.7952218264315304,0.0011606537220514856
34.714,-1.6239683549983537,0.8005820808127788,0.0011056931703757322
34.734,-1.6275275910686977,0.806424977701935,0.0012942645219571614
34.754,-1.6311860281619428,0.8124725661521887,0.0015563376573153598
34.774,-1.6341887632317038,0.8175551434305139,0.0008201554681250278
34.794,-1.6379216758146509,0.8234269671239961,0.0008935797768855613
34.814,-1.6415985286528054,0.8296231435136212,0.00158784743241408
34.834,-1.6448639645841734,0.8351170909635794,0.001166451493596149
34.854,-1.6483356110177374,0.8405783616285435,0.0009445277317413903
34.874,-1.6519998222485244,0.8467656185909995,0.0015504941738032907
34.894,-1.6553261538836836,0.8524281232407301,0.001456755760178341
34.914,-1.6589183400371987,0.8582786521102928,0.0011156434767282952
34.934,-1.6626613750980923,0.8645266448364297,0.0012452309294535002
34.954,-1.6662655054406776,0.8705377854850569,0.0014523228328030269
34.974,-1.6698320888752463,0.8762249066694954,0.001195788284552246
34.994,-1.6733462110199646,0.8817764194111049,0.0012287134148750989
35.014,-1.6769838813886493,0.8879197594112884,0.0016663628680964881
35.034,-1.6802932481622095,0.8935165755488309,0.0014739537637791789
35.054,-1.6838582411193623,0.8992794321456267,0.0012168521514299424
35.074,-1.6875662504533033,0.9054785593844977,0.0014307090440053571
35.094,-1.6912283498504372,0.9114948491619187,0.0013657835536423357
35.114,-1.6947642433853687,0.917138211429797,0.001042049972555359
35.134,-1.6984545722075408,0.9231404410114529,0.0013198787618236285
35.154,-1.7021984984928378,0.9293430654973072,0.001475845414954241
35.174,-1.7056577208568615,0.934985854497206,0.001142772696818145
35.194,-1.7091344121166927,0.9405101663427309,0.0009758505942261131
35.214,-1.712829415934309,0.9468870744128448,0.0015978677058902935
35.234,-1.7163380388863874,0.9527602350953048,0.0013633052504303245
35.254,-1.7197547133453064,0.9582688341002467,0.0011728580180807024
35.274,-1.7232410941498473,0.9643216182002703,0.0015484055869069702
35.294,-1.7268768422442085,0.9705839947419989,0.00163818272943278
35.314,-1.7299901818353502,0.9759016652770935,0.001120675105057617
35.334,-1.7333226130236863,0.9816499920971811,0.0012520874152483208
35.354,-1.7370013309679846,0.9881443747240236,0.0016972014461805462
35.374,-1.7399194515473055,0.9934850218161918,0.001158407364219377
35.394,-1.7433401240710407,0.9992474381696691,0.0012376247086413883
35.414,-1.7468215426772957,1.0054601443820592,0.0015737172559950885
35.434,-1.7501562588143593,1.0114526702231241,0.0014600563961655322
35.454,-1.7533190568014219,1.0169422497857679,0.0011901733660273917
35.474,-1.756624975563391,1.022956347973443,0.0014316846591956034
35.494,-1.7600958062206709,1.0292676144668034,0.0017521318284414722
35.514,-1.7628835269131655,1.034578146994275,0.0009190512551948415
35.534,-1.766404392761666,1.0407000620672981,0.001110972789579251
35.554,-1.769778829261899,1.04700323020142,0.0015860082190288227
35.574,-1.7728558618563701,1.0527239051096047,0.001239562551651363
35.594,-1.7761083969004086,1.0584127337616067,0.0011101481865909701
35.614,-1.7794823664725818,1.0646740790396407,0.0014966010800584462
35.634,-1.7826978905021929,1.0706376756768736,0.001523121105981573
35.654,-1.7860318217187503,1.0765316347545775,0.0010128503102197484
35.674,-1.789622936478577,1.0829793333989608,0.0011312084974438585
35.694,-1.7929094069186697,1.0891588938219787,0.001365296274157407
35.714,-1.7962571858905096,1.095021906216264,0.0010166073317480206
35.734,-1.7996275721703403,1.1008610646838972,0.0010732183833022102
35.754,-1.8028694090152813,1.1068566349905116,0.001442808212350738
35.774,-1.8060505076622075,1.1126649293452884,0.001119744091557462
35.794,-1.809433668915998,1.118515593463723,0.0010219893817599857
35.814,-1.812786791313992,1.1247314487540863,0.0013079999781891172
35.834,-1.8159457050463437,1.1305773940991057,0.0012465990251335213
35.854,-1.8193448783682427,1.136515875115953,0.0009010200085771691
35.874,-1.8227731691129765,1.1427754316864431,0.0010618508127392678
35.894,-1.8261650780507839,1.1489986509555088,0.0013678706913542171
35.914,-1.8293617883797801,1.1548003952162,0.00104374316888442
35.934,-1.8326581171868312,1.1605460929443963,0.001092046220916354
35.954,-1.835992174765892,1.166834921818549,0.001369002678506509
35.974,-1.8391426310873955,1.172741772135536,0.0012800571448635667
35.994,-1.8425378109887929,1.178723700372836,0.00096690967983179
36.014,-1.8459823082674103,1.1851367801216153,0.001185755193728738
36.034,-1.8493022877333865,1.1912689922495776,0.001239505329950319
36.054,-1.8525770885690944,1.197006113425326,0.0009238923348384998
36.074,-1.8560289615658556,1.2030834116114224,0.0010041023602873622
36.094,-1.8592991446520981,1.2092065620367618,0.0013682536250767818
36.114,-1.862626585997535,1.21525867506477,0.001006675442694338
36.134,-1.866021091073011,1.221162434339271,0.0011127821032862473
36.154,-1.8692735923825141,1.2272782198484997,0.001493909407456806
36.174,-1.8726029916753906,1.2334565474030956,0.0015429227565600945
36.194,-1.8753317762501331,1.2385172620179077,0.0009510827564453705
36.214,-1.8786065053524266,1.2445575934035593,0.0011716308564321543
36.234,-1.8820838629966425,1.2510274974732258,0.0011965975451384003
36.254,-1.8852515196737683,1.2567760207535248,0.0010465240518914565
36.274,-1.8884565520982257,1.262512790555183,0.0010373284838187669
36.294,-1.8918051929629318,1.2689493911416345,0.0015898809772142974
36.314,-1.8947471929659347,1.2746943692573551,0.0014136554655777012
36.334,-1.8979993408809905,1.280667955295333,0.0010748907999635626
36.354,-1.9013237393385103,1.2870510603538494,0.0012965375251315636
36.374,-1.9046494184949225,1.293262777700193,0.001177968147333952
36.394,-1.907923982269161,1.299285009952831,0.0011155380031332984
36.414,-1.9111105444147392,1.305199543013876,0.0011188734683569568
36.434,-1.9144009108932527,1.3115514733138105,0.0014149017038671274
36.454,-1.9174376568210272,1.317275482244645,0.0009182702858796798
36.474,-1.9208448341765443,1.3234285173427562,0.0008758130069818071
36.494,-1.9240731752272349,1.3298480635901055,0.0015743276395863148
36.514,-1.9270097397630457,1.3355251542743685,0.0011764027477969563
36.534,-1.9301911761334,1.341252462841189,0.0010308933282403565
36.554,-1.933477901403694,1.3475898363311214,0.0014595870980713965
36.574,-1.936727826346996,1.3538631329222912,0.001381919972745116
36.594,-1.9398275718208258,1.3595446909395805,0.001175081900311209
36.614,-1.9429216246142977,1.3654667453978186,0.001255838007648058
36.634,-1.9462837999418305,1.372044265659334,0.0017276913165865104
36.654,-1.949025250503727,1.3776294225398709,0.0011921918069504045
36.674,-1.9522149430727038,1.383655936582578,0.0012416479469035402
36.694,-1.9554304927858799,1.3900360660867583,0.0015820422505708198
36.714,-1.958686394124196,1.3964042586766068,0.001339549295713366
36.734,-1.9618465109969372,1.4022840817941884,0.0015173772596310253
36.754,-1.9648778487324425,1.4081647509613429,0.001351043911573202
36.774,-1.968132015633778,1.4147033284873323,0.001726919871185173
36.794,-1.9708375105823932,1.4202882872467417,0.0010120079641636748
36.814,-1.9741019502858372,1.4264708295298103,0.001125425943420022
36.834,-1.977259737567582,1.432872786612239,0.0015617950464657804
36.854,-1.980436098519966,1.4389159881416058,0.0012889885351771435
36.874,-1.9834372701324445,1.4445519224884684,0.0011507137375307286
36.894,-1.9866031452022375,1.4509947405709462,0.0016716752254626044
36.914,-1.9894601502038933,1.4568390161215572,0.0015589032030101646
36.934,-1.9925024660082569,1.4627913146863147,0.0011899954919979139
36.954,-1.9957594297338173,1.4693144252045502,0.001360103749878272
36.974,-1.9988856673736604,1.4755866100626693,0.0014379664828144678
36.994,-2.001973655904694,1.4815516023549689,0.0011936687225630738
37.014,-2.0051449567984827,1.4875536700931318,0.0013016809507523652
37.034,-2.0082841706663364,1.49401443419403,0.0017099595101320864
37.054,-2.011065084655523,1.4997741010728347,0.0015080414512888274
37.074,-2.014119744906216,1.5057393537067,0.0011495682462983325
37.094,-2.017331912002609,1.5121750364088442,0.001492172970860045
37.114,-2.020493516009937,1.5184243143231866,0.0012622072080418767
37.134,-2.0235853243668025,1.5242827771008494,0.0010194157507646406
37.154,-2.026746582217356,1.5305353692558608,0.001306761968485587
37.174,-2.029829574949443,1.536742132019094,0.0015995890607559682
37.194,-2.03257588342128,1.542342593325028,0.0009311341127532236
37.214,-2.0357841634475338,1.548469664251488,0.0008633203994044547
37.234,-2.0389228612573067,1.5549767753026469,0.0015267751876847924
37.254,-2.041854616044341,1.5609170617176935,0.001214218276280432
37.274,-2.0448844303762717,1.566708692410677,0.0010382644593570634
37.294,-2.0479701141100106,1.5730591296659275,0.001389557683460968
37.314,-2.050972763906998,1.5792657773799599,0.001362423353373915
37.334,-2.0538478474600272,1.5850381870158075,0.0008977679391506121
37.354,-2.056873007040302,1.5912590045014112,0.0011130634666166872
37.374,-2.060015235679845,1.5978129991409968,0.0013704896249088216
37.394,-2.062994648362884,1.6039282154401695,0.0011017012514932534
37.414,-2.065983831187507,1.6098289942526713,0.0011189094976724323
37.434,-2.06897517403396,1.6162795104584897,0.0014869047121834622
37.454,-2.0717059170527676,1.6222311253085486,0.0014131653559565638
37.474,-2.0746480934838685,1.628254321338123,0.0009443258593783976
37.494,-2.077757109167874,1.6348512880772357,0.0011788507352728517
37.514,-2.0807296607841224,1.641169451878487,0.0012120302136916505
37.534,-2.0836974204665935,1.6471737951607055,0.0007819399959762552
37.554,-2.086746444648741,1.6532623299003282,0.0009560147405973385
37.574,-2.0897312017326555,1.659668949589156,0.0014613391805569642
37.594,-2.0922961548635937,1.6652846478454888,0.0009409706637199811
37.614,-2.095266656593248,1.6711752404156284,0.0007981789048897847
37.634,-2.0982979976451546,1.6777196604161888,0.0013425320303849797
37.654,-2.1010496857488423,1.6837278624685916,0.0011328908674749505
37.674,-2.10389525824461,1.689467482797375,0.0008267840857267283
37.694,-2.1068550556971934,1.6958948533746878,0.0011210366999164223
37.714,-2.109972238077109,1.7023824818282312,0.0011838598588508886
37.734,-2.1128116182518375,1.7083622108888583,0.0007491533257028282
37.754,-2.1158351412738208,1.7146118637715588,0.0007597600560334816
37.774,-2.118765115681734,1.7211887073934165,0.0013885251388102149
37.794,-2.1216032789569423,1.727385395898504,0.0011385903335594527
37.814,-2.12444501045286,1.7332560004011879,0.001105394230707074
37.834,-2.1272986025414826,1.7396336683701548,0.0013878338789773959
37.854,-2.1300559115597566,1.7458719617694531,0.0015034918853027157
37.874,-2.13271569723727,1.7517513720462365,0.0008956278151865948
37.894,-2.1357479563533235,1.758336648455891,0.0010712827136143133
37.914,-2.138611205286408,1.764757311874475,0.001331059477334584
37.934,-2.1415301204920514,1.770989372620559,0.001081107268314896
37.954,-2.144344715334026,1.7769288299065686,0.0009866226971552428
37.974,-2.147171037303507,1.7833001209426245,0.0015159654475845608
37.994,-2.1497526473100126,1.789175985935307,0.0011802636229700791
38.014,-2.1526617064561977,1.7953002757959498,0.0010431547020578191
38.034,-2.1555514453113576,1.8017917861549198,0.0013874055153708653
38.054,-2.158389208418974,1.8081205881248543,0.0014404776376961415
38.074,-2.1610404385882473,1.813895259108511,0.0010302850241620254
38.094,-2.1638602402603224,1.8200440606557704,0.001178651579592599
38.114,-2.166862361196972,1.8267867420264268,0.0016407143441969085
38.134,-2.1693453149600943,1.832628805836142,0.0011769474947942449
38.154,-2.172079404930069,1.8384625181359635,0.0010679844439764885
38.174,-2.1749422334085593,1.8450800649217094,0.0015592057532952674
38.194,-2.177553106042345,1.8512341006248156,0.001321640635198379
38.214,-2.1803547364196922,1.8573244604935513,0.0010908722256406378
38.234,-2.183125411498272,1.8638052411273922,0.0014368025681226748
38.254,-2.185957081384232,1.8703799612274672,0.001499826988467956
38.274,-2.1884663805372604,1.8762127616068374,0.0010070897978823323
38.294,-2.191203852375747,1.882333873776851,0.0011466290981060334
38.314,-2.194062845294341,1.889135480347964,0.001697653504965313
38.334,-2.1963924265028076,1.894924009625813,0.001220398920781407
38.354,-2.1991475413214236,1.9011282117436428,0.0012228197142640784
38.374,-2.201869061911876,1.9077002903677989,0.0015619188178159216
38.394,-2.2044012588528203,1.9138624503723287,0.0014389150599048162
38.414,-2.207039593246673,1.919943346972317,0.0010920814162083403
38.434,-2.209717826710894,1.9264951910168735,0.0014274826003972674
38.454,-2.2123935004373214,1.9329593140976886,0.0016532398894757716
38.474,-2.2148033650690726,1.9388278552866056,0.0010615410458193197
38.494,-2.2176117099349724,1.9451695411814929,0.0010730770718790639
38.514,-2.2203192476938196,1.9518535647607762,0.0016656374187544731
38.534,-2.2229059114553786,1.9581471244341757,0.0013432640851194777
38.554,-2.2255773866312163,1.9641990055613805,0.0012873390232232829
38.574,-2.228181453161398,1.9706852810414184,0.0015517877748914
38.594,-2.230745416815524,1.9770825913830887,0.0016716235654325173
38.614,-2.2331439552396617,1.9829963818573173,0.001086388638681518
38.634,-2.2359259288702673,1.9896436829716346,0.0012189898380570163
38.654,-2.2385295511094716,1.996252610541936,0.0015919312527093998
38.674,-2.2411293864529926,2.0025508859573296,0.0012101253195421768
38.694,-2.243814704277137,2.0087583197271064,0.0013366502552495385
38.714,-2.2464116169354043,2.0152009527741916,0.0016180654795870664
38.734,-2.248917587492674,2.0214975001521154,0.0014680839441686966
38.754,-2.2512878415949924,2.0273365357828506,0.0011653119141423196
38.774,-2.2539434485174685,2.033957189212661,0.0013272761756858709
38.794,-2.2565592776972636,2.0404421157618375,0.0013445312434092471
38.814,-2.2591276818419685,2.0465947318541735,0.0011263585440153545
38.834,-2.261778635527313,2.052766263023972,0.0009764711859113484
38.854,-2.2644211410304194,2.0596124811346215,0.0016686000037142434
38.874,-2.2666142976871977,2.065474610142239,0.0012385984236506498
38.894,-2.26913570189696,2.0716262124619558,0.0010958748970406051
38.914,-2.2717132268836173,2.078276404913377,0.0014028391591378586
38.934,-2.274393253819999,2.08486092624965,0.0011827363290972948
38.954,-2.2769696279522433,2.090735925583704,0.001040977964441664
38.974,-2.27949291224775,2.09720094248784,0.0012927167946369944
38.994,-2.2820398187140754,2.1037492259296573,0.0015579536467874577
39.014,-2.2841901644667297,2.1094596746149477,0.0007622546317989365
39.034,-2.286949398443686,2.116087467633719,0.0008574519621181165
39.054,-2.2894284673775713,2.122744585588145,0.001360286903847846
39.074,-2.2917552937359513,2.128727949500299,0.0010041078073090848
39.094,-2.2943339408670527,2.1350274648231036,0.0008934734199030903
39.114,-2.2968464023453983,2.141699943570234,0.0013995243115626221
39.134,-2.2992202034511453,2.1479462848365545,0.0013221403624374684
39.154,-2.301550152710771,2.153756495843565,0.0007964456643351769
39.174,-2.3040464728622925,2.1603391279177755,0.001090089650498477
39.194,-2.3065153174725395,2.1667336369004793,0.0011585718127517242
39.214,-2.309083279936548,2.1732742494846256,0.0007707038090055962
39.234,-2.3117877518341814,2.1798549121665953,0.000760395263371183
39.254,-2.3142529882439424,2.1865474143447265,0.001433023206587336
39.274,-2.316612533045609,2.1927700373421732,0.0011258662095821603
39.294,-2.3191288618165053,2.19894303722496,0.001050471051026014
39.314,-2.3215940482427273,2.2055025022448804,0.0012885219708692053
39.334,-2.323972667686464,2.2118587374904037,0.00134059006673945
39.354,-2.3264645114651668,2.218152371361466,0.0008508958523898713
39.374,-2.3290954736337413,2.224947582047839,0.0010264933062063553
39.394,-2.3315763867268346,2.231484488015804,0.001325922102262067
39.414,-2.334037921425017,2.237715279240592,0.0010708037935540649
39.434,-2.336497686559047,2.2437750546609014,0.0011103659276170685
39.454,-2.3389559251440453,2.25025389418867,0.0014780869450861656
39.474,-2.341364330966721,2.2566208576835782,0.0013357320184922417
39.494,-2.3435907379890653,2.262369903824175,0.0009537930205517076
39.514,-2.3460691828715077,2.268924858392599,0.0013518484791775476
39.534,-2.348652738041646,2.275727780620502,0.0013483065896577884
39.554,-2.3509253151742677,2.2817272521789045,0.0010029136374288261
39.574,-2.3533759905879696,2.287906707279702,0.0010060290468870692
39.594,-2.3558812696208506,2.294753568270378,0.001677942505184965
39.614,-2.3579964003992893,2.300755573916899,0.0012888400297385305
39.634,-2.3603930006033234,2.3070556336293504,0.00109915410110209
39.654,-2.362846533141946,2.313760277768325,0.001392688973791134
39.674,-2.365386645558911,2.320394370412791,0.0012115953509828359
39.694,-2.3677422944083815,2.3266436491332483,0.0010724610323221417
39.714,-2.370163586928938,2.3330994293859533,0.0013183488422388034
39.734,-2.3726383424228903,2.3397527070733997,0.0014730264617239808
39.754,-2.3748186720443267,2.3456946530178118,0.0010241965056208002
39.774,-2.3772997405302148,2.3519828924634316,0.0010209504344281806
39.794,-2.379803853653811,2.3588441106352773,0.001580048933859407
39.814,-2.3818795932890753,2.3647893868942167,0.0012109711251866162
39.834,-2.3843040520313363,2.3711204542535476,0.0010919527452713795
39.854,-2.386702475424393,2.3778126977890786,0.0015664561457717496
39.874,-2.3890188693434564,2.3843218249260323,0.0014840361796194523
39.894,-2.3912453398311055,2.390375346665801,0.00107814989173044
39.914,-2.3936128840368345,2.3969392785247563,0.001314791380076702
39.934,-2.3960538187861182,2.403756719902063,0.0015021676053664224
39.954,-2.398239784088681,2.4098982418290644,0.0012348421941098253
39.974,-2.4006067292471642,2.4160984792384763,0.0011342976575954011
39.994,-2.402971103973964,2.4229564963161674,0.001721804470421695
40.014,-2.40501551692836,2.42911272184697,0.0014870664726567284
40.034,-2.4073246315288706,2.4354667277088966,0.0012316590094673119
40.054,-2.409688258950633,2.4422666810291536,0.0014478559182292683
40.074,-2.4120693289105213,2.448925307457496,0.001373699102440451
40.094,-2.414264591897444,2.455216258854468,0.0011363443053499511
40.114,-2.416681687333583,2.461745225997204,0.0011790530642460384
40.134,-2.418979653534599,2.468541509938826,0.001585409991482184
40.154,-2.421154370585826,2.4747691647465277,0.0010973403488698796
40.174,-2.4235829331872116,2.4813041205732884,0.0010354477310591526
40.194,-2.425849114962133,2.488115791251841,0.0016576883483133686
40.214,-2.427858944951005,2.4941692672642266,0.0013060770249436193
40.234,-2.43020579395763,2.500561705489852,0.0011007790072402879
40.254,-2.432501920619455,2.507284062234652,0.0014959918979064457
40.274,-2.4347888582618755,2.5139373034611587,0.0014451451425277484
40.294,-2.436945846220174,2.5199923545417238,0.0010117386206439094
40.314,-2.4391812720635984,2.526392357551288,0.0012161825856469022
40.334,-2.441542339353904,2.5333881322722127,0.0015488588504428413
40.354,-2.4437002946713853,2.5397876012216978,0.0012659877657669183
40.374,-2.445917961512245,2.5459673903852535,0.0011948460052157162
40.394,-2.4481007483562136,2.552734043384608,0.001580861253132615
40.414,-2.4500713121889497,2.5590362176256867,0.0014552032211656019
40.434,-2.452205828520096,2.5653341157618503,0.0010458939005085766
40.454,-2.4544616444580716,2.5721897955578847,0.0012551812678379404
40.474,-2.456692088717721,2.5788534806396384,0.0012844289533221476
40.494,-2.4587548638104564,2.5850162941938564,0.0010003239815683795
40.514,-2.460914312682538,2.591283755826298,0.0009858866186882032
40.534,-2.4630848037770723,2.598076917389424,0.0015647700461526581
40.554,-2.4650156812361983,2.604165533999823,0.0010654359202598163
40.574,-2.4674394586942485,2.6109701392534976,0.000995022083164765
40.594,-2.469649734216868,2.617732749399513,0.0013741828518545052
40.614,-2.4717587859516605,2.624124656291045,0.0012548871170759146
40.634,-2.474001540986562,2.630458311324151,0.0010397187579294642
40.654,-2.476170060387651,2.6370152168606826,0.0011817371639831487
40.674,-2.4783936183483037,2.6438492956818735,0.001556168422507248
40.694,-2.480146205919388,2.649645292542245,0.0008242702157727766
40.714,-2.482514756495647,2.656402437388142,0.0009321902557669903
40.734,-2.484638720311411,2.6631885416925636,0.0013393955272703595
40.754,-2.48682600896446,2.669692637827897,0.0011391340531339555
40.774,-2.489042970786847,2.6759929655681303,0.0010103665228443082
40.794,-2.4911701950042744,2.682691966825788,0.0013335690845978354
40.814,-2.4932628103378693,2.6892879550215323,0.001397873103231001
40.834,-2.495183530008626,2.6953112475425742,0.0008150040459029839
40.854,-2.4973577556447677,2.7020217884040902,0.0010487129156168118
40.874,-2.499550068287436,2.7088233088393485,0.001269136523031733
40.894,-2.501554760644184,2.715021483584878,0.0009805896291501526
40.914,-2.5037045456308578,2.721294990049099,0.0008373339920180745
40.934,-2.5058167881680005,2.7282215677719615,0.001446677780875677
40.954,-2.5077521474310647,2.734637379896911,0.0012078398362268816
40.974,-2.509719155789985,2.7406453955485555,0.0007702174465509248
40.994,-2.511759506290649,2.7474998795686543,0.001207441364843992
41.014,-2.5138423661111595,2.754174386949592,0.0012291948276802467
41.034,-2.515839152606834,2.7605591113319288,0.0007869406701584147
41.054,-2.5179409351287996,2.767168158204478,0.0009945606504551951
41.074,-2.520036760505956,2.774102149815995,0.0013431039795091526
41.094,-2.5219961477443973,2.78051347676638,0.0011684501664239455
41.114,-2.5240135983334535,2.7867388750907063,0.0010909784257022437
41.134,-2.526033283369373,2.7935395592093974,0.0014437845835505725
41.154,-2.527898975983085,2.800075864166791,0.0013737109285828775
41.174,-2.529811525762169,2.806361077882137,0.0009830633762351881
41.194,-2.5318053747514826,2.81319999953355,0.0012360609805769085
41.214,-2.5337828681148244,2.8198986227295997,0.0013998987426292742
41.234,-2.5355615652640737,2.8259325769050596,0.000864351387788953
41.254,-2.5376357061857124,2.8326000106025164,0.000988062255835781
41.274,-2.539633212394324,2.8395134806422004,0.001482762292998735
41.294,-2.541395978768296,2.8457116513056566,0.0011567498175308888
41.314,-2.5433457409584084,2.8519917769805585,0.0008685362581984102
41.334,-2.545304640629239,2.858956797014004,0.0013924037251567545
41.354,-2.547323723415077,2.8656107265729545,0.0013389448282836447
41.374,-2.5492448029627566,2.8717471583773206,0.00097259436519187
41.394,-2.551142966145762,2.878416228603927,0.001332627592972646
41.414,-2.5531542877835367,2.8855059736338196,0.0014120144353520492
41.434,-2.5550882638419354,2.891800744176231,0.0011911563346367615
41.454,-2.5570159713109044,2.8981048057648384,0.0011623096490559759
41.474,-2.558891741375674,2.9050616911854763,0.0016516227411613182
41.494,-2.560567199393288,2.911437308450967,0.0014577295302005133
41.514,-2.56250374333678,2.9180488750921976,0.001207233809356223
41.534,-2.5644311207152675,2.9250562458147815,0.0014518323960896473
41.554,-2.5663122444313204,2.9317893012647898,0.001420398141645851
41.574,-2.5682112145719693,2.9383085042945916,0.0011046616578017643
41.594,-2.5701683304300253,2.9448472545623825,0.0011338827526836681
41.614,-2.5719952340582877,2.951714878897095,0.0017348404670875783
41.634,-2.573512580004942,2.9576373901644564,0.0011830844413063535
41.654,-2.575485242811501,2.9642587689996605,0.001190870823844753
41.674,-2.5773644481377396,2.9711438910185866,0.0016000712215882285
41.694,-2.579195219487747,2.977729071987355,0.0013947803502139533
41.714,-2.581120039565027,2.9840859444270937,0.0011865038949357976
41.734,-2.5829235848613283,2.9908428586126616,0.0014982898857748839
41.754,-2.584778709716647,2.997688574400602,0.001597719999752445
41.774,-2.586395649278679,3.0038794207070634,0.0009196571635002315
41.794,-2.5882660688070773,3.0105166282203966,0.0012403282622094614
41.814,-2.5901373084795103,3.017575484621932,0.0016110615022413843
41.834,-2.5919147490121213,3.024150750422701,0.0013378391377681098
41.854,-2.5937249993580993,3.030456990377249,0.0012263592178031746
41.874,-2.595499067317054,3.037344665707993,0.0016096491214293573
41.894,-2.5971191746475912,3.0438889283034256,0.0015420557375148414
41.914,-2.598715114254646,3.050071573118066,0.0010381771465250988
41.934,-2.60043245645092,3.0569423476332456,0.001377520788708314
41.954,-2.602149189699439,3.063687181966558,0.0015357652161168411
41.974,-2.6037122152818575,3.0698388078498318,0.0009286878208581151
41.994,-2.6055158919805104,3.076518954347128,0.0010557264430876567
42.014,-2.607288562934228,3.0835247112961097,0.001566193611222011
42.034,-2.6089501413234286,3.0901279272119484,0.0012490263962801063
42.054,-2.610691199466824,3.0964596638647977,0.0010890692667448743
42.074,-2.612354609541293,3.1033408959920044,0.0014924190694329542
42.094,-2.6140086380578396,3.1102102386083814,0.0014771815700103386
42.114,-2.615501497365361,3.1162776008076403,0.0009780243927409171
42.134,-2.6170854759186724,3.1228844016208996,0.0012416864736344846
42.154,-2.618802369011714,3.1301009471202756,0.0014060264000375633
42.174,-2.620297674418177,3.1365434263877274,0.0011252260731049457
42.194,-2.6219119306959744,3.1428471349981777,0.0010476144971762746
42.214,-2.623505487701586,3.149904450229525,0.0015626233400237999
42.234,-2.624889371737889,3.1564515049255477,0.0013813047847657245
42.254,-2.6262458203450443,3.1625756635266686,0.000992514789498633
42.274,-2.627785186164969,3.169466656489443,0.0012693220884396617
42.294,-2.629389439521285,3.1764510060949425,0.0011995834874903855
42.314,-2.630894830890012,3.182622686578181,0.0008900032630365373
42.334,-2.632440160690991,3.189256921134461,0.001035192753404801
42.354,-2.633999053337687,3.1963652273179086,0.0013235771998773016
42.374,-2.6353512376006485,3.202642240473407,0.0009000460060800963
42.394,-2.636912636995555,3.2092961613624276,0.0007926182249530511
42.414,-2.6383485792887726,3.216353657530548,0.0013866863343047209
42.434,-2.6397559460117344,3.223052426160231,0.0011940422012459984
42.454,-2.6412561350985504,3.2294924413637798,0.0010022963259559148
42.474,-2.642666896863341,3.236252004627932,0.001237512071385033
42.494,-2.6441258227892037,3.24335102431025,0.001416286840908082
42.514,-2.645262198609696,3.249425467622245,0.0007957141414117741
42.534,-2.6466897404097782,3.2559796210587644,0.0009702353855192969
42.554,-2.6481386664664615,3.263211405379915,0.001408733130485118
42.574,-2.6492283184242016,3.26935981746688,0.0010126296642079258
42.594,-2.6506479638549987,3.2757722755916325,0.0007189964653045722
42.614,-2.6520023562256116,3.2829083115002664,0.0011665749707485962
42.634,-2.65336883009184,3.2895855311007383,0.0011648551975254884
42.654,-2.65467175098037,3.2960278088710435,0.0008848096535745142
42.674,-2.656041632964181,3.303145690765037,0.001151676569107335
42.694,-2.657397603789214,3.3100023547648143,0.0012204401001926213
42.714,-2.6587504768789385,3.3162222048003773,0.0009103370700675739
42.734,-2.660202733221522,3.322815423237704,0.0008854322126337077
42.754,-2.6615410569845173,3.3299556704548356,0.0014754855769606723
42.774,-2.6626065222982067,3.3361641457304043,0.0011288302048692023
42.794,-2.6640241033863408,3.3428620522471393,0.0009496206573647858
42.814,-2.6653359306113327,3.349863800337107,0.0013861131973317564
42.834,-2.6666237939691517,3.3567254967278255,0.0013060796818253895
42.854,-2.6679455877837728,3.3631418775914868,0.0010372383502564586
42.874,-2.6692182275199148,3.369827773892106,0.0012232479801786156
42.894,-2.670564693469957,3.3770737610415247,0.0015405487802178652
42.914,-2.671606185060754,3.3833376486424758,0.001017525425566046
42.934,-2.6729214763647406,3.389783040889962,0.0008438612442897842
42.954,-2.6741702295621987,3.3970387444177197,0.0016515335533818232
42.974,-2.675243210044245,3.40370884142753,0.0014035981936327546
42.994,-2.676420714724144,3.409966679130001,0.0011124916729482182
43.014,-2.677592795023443,3.416872253970515,0.001529540127442608
43.034,-2.678742836245095,3.4238974649346265,0.0017119563266329296
43.054,-2.679565463761668,3.429698164255709,0.0009678786995933053
43.074,-2.680725498627736,3.4364378318803244,0.001264713140112561
43.094,-2.6819333098361278,3.443772828748107,0.0014592401617601336
43.114,-2.683138203203834,3.4503676307892137,0.0013232979860429706
43.134,-2.6843152389876757,3.4567883670627992,0.0012859585191479506
43.154,-2.6853968956288212,3.4638157789281565,0.0016418615246292234
43.174,-2.6863074178652195,3.4704043682786567,0.0015664059243598039
43.194,-2.6874067941453723,3.4770518838594073,0.0011379003488834194
43.214,-2.6885202631769354,3.484236220733481,0.0014099456461924564
43.234,-2.689610006999102,3.4911487088803757,0.001477675943428125
43.254,-2.6907137297002626,3.497741159863161,0.001210694228983955
43.274,-2.6918703960359487,3.5043502452739355,0.00120116859926378
43.294,-2.692919341120579,3.511402203206415,0.0016878158193991966
43.314,-2.6938616334659686,3.5178594746132843,0.0013159057534528618
43.334,-2.695091184297063,3.5247692375903275,0.0012249244565727957
43.354,-2.696167116116261,3.531914199961693,0.0015644552869051864
43.374,-2.6973074115877878,3.538773324902391,0.0013472091046749513
43.394,-2.6984782542093253,3.545103373474285,0.001302018694275181
43.414,-2.6996397569596007,3.551865770069686,0.001310563172715301
43.434,-2.7007032153148884,3.5588549937832354,0.0016928254046571778
43.454,-2.7015050569341956,3.5648092867580963,0.001010140827765127
43.474,-2.702776478296214,3.5717969578674724,0.001157146994192837
43.494,-2.703851190393261,3.578847247681642,0.0016121292301248535
43.514,-2.7048502784378767,3.585320161872977,0.0013295107604874568
43.534,-2.7060569430782175,3.5918637726310916,0.0011651166253839607
43.554,-2.7071233603433535,3.598856601483536,0.0015308237680925763
43.574,-2.708171215385894,3.605697367612487,0.0015499330391002542
43.594,-2.7091239686804074,3.611947038417604,0.0009409095873495754
43.614,-2.710237660092105,3.6188388420613715,0.0012601783939273636
43.634,-2.7113819354671884,3.6260073749170654,0.0013518079475679512
43.654,-2.7124906410499268,3.6322110170213437,0.0010329887591141729
43.674,-2.713665404940842,3.6389182693666093,0.0009740010672535104
43.694,-2.7147198818592577,3.645975622498089,0.0015243311809612081
43.714,-2.7156372859898874,3.652407283618661,0.0012212208497932864
43.734,-2.716763447896465,3.658871820037787,0.0009029369746847704
43.754,-2.7177772073928157,3.665903834018825,0.0014476637009715743
43.774,-2.7188523929551853,3.6731215172085503,0.0012750183548645433
43.794,-2.719884898946102,3.6796798474186287,0.001043926603438411
43.814,-2.7209826997402793,3.686246812190879,0.0009520764758499389
43.834,-2.7219144835213207,3.6935080283371255,0.0014928359085200904
43.854,-2.7226292557106646,3.699755550485152,0.0009362321832639964
43.874,-2.7237731844853803,3.706791678926076,0.0009284721522027084
43.894,-2.7247150256022588,3.713830400634615,0.0013798393624351868
43.914,-2.7255938236328072,3.720393853977062,0.0012051894913719385
43.934,-2.726629569403572,3.7268833998421123,0.0008738409104155076
43.954,-2.7276020244203454,3.733859714001191,0.0012623346457561468
43.974,-2.7286021570245635,3.7410766175253656,0.0012040195021025546
43.994,-2.7295577788078376,3.7476957170422254,0.0009730282184464423
44.014,-2.7306044902367392,3.75427655599922,0.0009044634789559247
44.034,-2.7314644866027336,3.761538838085393,0.0014126912794233393
44.054,-2.7321765787345806,3.7679268215412622,0.0009867224543844977
44.074,-2.733248242173177,3.7749240421165053,0.0008095304220291089
44.094,-2.734108348796318,3.781962054588463,0.0013362974876902078
44.114,-2.734958152234112,3.788630818355231,0.0011844885922870918
44.134,-2.7359188317143848,3.7951292682372104,0.0008310517178992394
44.154,-2.7367694516024614,3.8020532316708566,0.0011841822551260928
44.174,-2.7376962088805903,3.8093128014969175,0.001193672923752831
44.194,-2.7385890685227046,3.816034857192068,0.0010285293379601046
44.214,-2.7395444230540975,3.8226006654394458,0.000997477906604538
44.234,-2.740373123481482,3.829766012740381,0.0014929612139346626
44.254,-2.741038395042047,3.8364057810754577,0.0012361511473541753
44.274,-2.7418163088167273,3.842837806212596,0.0009753397082570281
44.294,-2.7426141761555147,3.8498728726620484,0.0013477545146571568
44.314,-2.7434167108635186,3.85689324115553,0.0013010684022834729
44.334,-2.7441674495794013,3.863254916462116,0.000957310323135202
44.354,-2.744996254048927,3.8700224292410943,0.001126903160886622
44.374,-2.745810759877782,3.8773140584791563,0.0015192142454693858
44.394,-2.7463151407766278,3.883520208100687,0.001026641142706869
44.414,-2.7471803780089266,3.89006332407881,0.0008030925389237442
44.434,-2.747915859830955,3.8973409555214293,0.001606708348579261
44.454,-2.748469155445167,3.903923697813474,0.0013538576483945464
44.474,-2.749172615335285,3.910399089191477,0.0010034257368933541
44.494,-2.749881984790214,3.917446667013132,0.00138813555889708
44.514,-2.7505590420843915,3.9243799641954094,0.0014942133298590232
44.534,-2.7511268314235267,3.9306081216954003,0.0008684351029281667
44.554,-2.7519086413396705,3.9373845564321517,0.0011709645227460652
44.574,-2.7526359841903343,3.9446957658091817,0.0015214369169325448
44.594,-2.7532765536518995,3.951410136526478,0.001280751394136831
44.614,-2.7540344381537847,3.9579398121302023,0.0011954535397610544
44.634,-2.7546630682634787,3.9650040045454906,0.0016181173242337532
44.654,-2.7552278745117804,3.971976146864987,0.0016099802958136622
44.674,-2.755706002193241,3.978033962424102,0.0010046713308504707
44.694,-2.756311019017703,3.9850211188647378,0.0014357899746305636
44.714,-2.7569055868378927,3.992241318342802,0.0014681614561159462
44.734,-2.757453696887632,3.99872899087283,0.001041402256939189
44.754,-2.7580859530065602,4.005390236574666,0.0011558486251964373
44.774,-2.758660552652238,4.012763591197136,0.0016144234021922554
44.794,-2.759120471945126,4.019471989317066,0.001385100469546846
44.814,-2.7597217814857435,4.025923180907464,0.0011780225656503607
44.834,-2.760209984186526,4.033013748056377,0.0015826292575752687
44.854,-2.7606284293091297,4.040005633991763,0.001521914271885999
44.874,-2.7610955392828957,4.046372674550071,0.0010543227014083167
44.894,-2.7615344465075427,4.053236559899753,0.0014364276903908735
44.914,-2.7620028058261763,4.060645767328171,0.0015382737909039046
44.934,-2.7624390505581466,4.067403340177419,0.0013569711564904718
44.954,-2.7629665993022936,4.073978701769375,0.0013810792138621575
44.974,-2.7633078505814472,4.08109971997292,0.0017108040079246711
44.994,-2.763525976236607,4.087699437913022,0.0016171563193211058
45.014,-2.7640299081798885,4.094457946622516,0.0011029746693565767
45.034,-2.7643942903553214,4.101693334445665,0.001421330209721905
45.054,-2.764845045613834,4.108730163731516,0.0013506963206658673
45.074,-2.7652907855838067,4.115696105742506,0.0010217525325651178
45.094,-2.765757740101706,4.122484921069893,0.0011064816073289296
45.114,-2.766075665253948,4.129612236575542,0.0014224140794942275
45.134,-2.7665034915938467,4.136410194262346,0.0011266530176693434
45.154,-2.7669900581307294,4.143153433813204,0.0009010867240032694
45.174,-2.767338467623589,4.150446978798122,0.0015522456137225804
45.194,-2.7678275538905766,4.157645776074392,0.0012456253192636157
45.214,-2.768163771578158,4.163771622451304,0.0009795008955056639
45.234,-2.768501021924026,4.1708455308729775,0.001400428873305104
45.254,-2.768762350015406,4.177713300724342,0.0013610222723721976
45.274,-2.7691154011553536,4.184338204569299,0.0008231107599595555
45.294,-2.7694980403210447,4.1913217567316705,0.0011234987187444534
45.314,-2.769811571994858,4.198524535229319,0.0014168641534513249
45.334,-2.7701653770593766,4.2053727394160925,0.0012288112734433754
45.354,-2.7705628584283497,4.212033266258482,0.0010913778643876493
45.374,-2.7708045353401545,4.219151979643871,0.0015467974416087105
45.394,-2.7710291385760066,4.2262748205265614,0.001467741361273811
45.414,-2.7711829922542144,4.232444802409687,0.0009926976180163194
45.434,-2.7713992872479483,4.2393291312063806,0.00124743104334199
45.454,-2.7716404802340113,4.2467092812866865,0.001276990273970935
45.474,-2.7718403798230757,4.25331104301885,0.001022656052866805
45.494,-2.772158104820293,4.259912461725375,0.0009760742178319681
45.514,-2.7722819198574076,4.267186445908626,0.0014512367577524388
45.534,-2.77226392635136,4.273670287277914,0.0010344184972312098
45.554,-2.7725188334668753,4.280383627080003,0.000874355924436937
45.574,-2.7726459863778548,4.2874984662929725,0.0012832056567426142
45.594,-2.772845588055732,4.294552317322269,0.0012171352071854158
45.614,-2.773023648012059,4.300775334450503,0.0007768546796644016
45.634,-2.773159466255896,4.307760757611242,0.00117283357097131
45.654,-2.7732586373189485,4.315005954338397,0.0012921658439524752
45.674,-2.7733352209048423,4.321573671501722,0.0009085534322022526
45.694,-2.773518852722013,4.328198703460908,0.0008184679119670191
45.714,-2.7735150446906456,4.335554909432218,0.0014387542815457455
45.734,-2.7735677942261248,4.34266874468883,0.0011497339198091039
45.754,-2.7737053765040085,4.34928396903731,0.0010828479972835037
45.774,-2.773717597634053,4.356163068138264,0.0012993080719790329
45.794,-2.7737016188732935,4.3634224246125655,0.0015059957066800578
45.814,-2.773528154418121,4.369261079819206,0.0007807809077770567
45.834,-2.7735344898717758,4.376110059824637,0.0010428492909046738
45.854,-2.773476442284523,4.38368133645845,0.0012158873252224867
45.874,-2.7734620363736853,4.390259484738543,0.0009553124636948462
45.894,-2.773506627583464,4.396809993656057,0.000812754489739026
45.914,-2.773373510782594,4.404009643785633,0.0014345134196376286
45.934,-2.773233132995971,4.410432813319789,0.001121441393824335
45.954,-2.7732781194045266,4.417212544753154,0.0009066277072203588
45.974,-2.7731540472557503,4.42428328479674,0.0013165297852626434
45.994,-2.773047678152953,4.431366313128625,0.0013505239667073454
46.014,-2.772979653417832,4.4378278428633635,0.0009382182204170086
46.034,-2.7729918642992644,4.444522057185554,0.0009980553993383656
46.054,-2.7728033506642444,4.451861899438844,0.0015897747668640605
46.074,-2.7725524358126643,4.45815372300293,0.0011920543451109933
46.094,-2.7725721365784426,4.465014984439617,0.0011228857310005835
46.114,-2.7723795875854407,4.472139942936724,0.0013888653324844458
46.134,-2.7722821350338247,4.47925760935551,0.0012272471677722552
46.154,-2.772280664622204,4.485759395898734,0.0010410382334289925
46.174,-2.7721335483490472,4.492687187484306,0.0012373365944478576
46.194,-2.771967670863721,4.499595562491656,0.0014154775027440392
46.214,-2.7718872486382367,4.5065030265234824,0.0009419828842474887
46.234,-2.771862981522247,4.513585462504697,0.0009616356651497571
46.254,-2.7716339457725394,4.520727394521834,0.0016062237201795448
46.274,-2.7715121880038667,4.527720929620757,0.0013244832443470023
46.294,-2.771454286100683,4.534378291327021,0.001414447360813753
46.314,-2.7712685377531376,4.5412882479298124,0.0014929387185690923
46.334,-2.771038854209883,4.548200802038176,0.0017424793721348975
46.354,-2.77088518915671,4.554846667944392,0.0010704196414009493
46.374,-2.7707833416174763,4.561996571072191,0.00124059049741701
46.394,-2.7705763750608763,4.56906046385813,0.0013675702139596402
46.414,-2.7704850072184235,4.5761387559379845,0.0011136636820304746
46.434,-2.7704643773203648,4.582811768807352,0.0011382905652454756
46.454,-2.7702174306248413,4.58980162559815,0.0016637675233116267
46.474,-2.770103885182326,4.596276207851015,0.0013196465781648015
46.494,-2.7700785057466875,4.603056036260232,0.0011141292129647484
46.514,-2.7698018401635056,4.610157842803286,0.0015661562349693348
46.534,-2.769596010946025,4.617267647308755,0.0015689793989964174
46.554,-2.7694918010925775,4.623579289593463,0.0011279769095407788
46.574,-2.7693330402566714,4.630316666425337,0.0012143890863405005
46.594,-2.7690512477094558,4.637621364760376,0.0015702835820584626
46.614,-2.768798694127749,4.644093250573301,0.0011411553205793734
46.634,-2.768646867565306,4.651060982392352,0.0011062988011691366
46.654,-2.7683117727118134,4.658210816055075,0.0015697123809370883
46.674,-2.768118362785533,4.665274536909866,0.0013903295805662297
46.694,-2.768037707035784,4.671681814129811,0.0011728434548145816
46.714,-2.7677293144622634,4.678639793425262,0.0014328829460193426
46.734,-2.767411842284928,4.685748717509406,0.00158924087923501
46.754,-2.767125656723804,4.6920958100824635,0.0009213739821429534
46.774,-2.7668695008493205,4.698918235638339,0.0011270845641541405
46.794,-2.7664899379463326,4.706214279069364,0.0014930582110115886
46.814,-2.766271943909068,4.713056607998442,0.0012121443313078406
46.834,-2.766076150970672,4.719438508877135,0.0010382670920468517
46.854,-2.765635910785792,4.726597214662465,0.001459890213780013
46.874,-2.7652575187914903,4.733488227097078,0.0013614372842323252
46.894,-2.764977600242249,4.739940136914715,0.0010064481714449625
46.914,-2.7645869151323077,4.746859624432872,0.0013075517843587903
46.934,-2.7641139959959755,4.754153234833348,0.0013614309602953956
46.954,-2.763729698623027,4.760654834953498,0.0009545126333252163
46.974,-2.7633570210439595,4.767247706340344,0.0009612991431010298
46.994,-2.7628061730553566,4.774629948493679,0.001456688946589041
47.014,-2.7623242537108754,4.781564203287165,0.0012107892844774315
47.034,-2.7619177584720047,4.788076873362797,0.0010648873090863542
47.054,-2.7612979927980152,4.795056652873271,0.0013844799550319087
47.074,-2.760733261202277,4.802118472301584,0.0013826537961021124
47.094,-2.7602838387846083,4.80848757712018,0.0008380144397382716
47.114,-2.759684308460032,4.815358207455734,0.0011398524114651643
47.134,-2.7590247863324464,4.822657061741791,0.001270152159972976
47.154,-2.7585172293233815,4.829188054761878,0.0009734600964893259
47.174,-2.7580186005892653,4.835664841406194,0.0008207941913209171
47.194,-2.7572091563412786,4.842906989396963,0.0014431035514483326
47.214,-2.7566005463782224,4.849593396442436,0.0011281809039566382
47.234,-2.756076629008238,4.856081006338747,0.0008513527997402737
47.254,-2.7552691019073405,4.8630852322502545,0.001314711202190788
47.274,-2.7545452609714403,4.870131059598623,0.0013943478552695676
47.294,-2.75407590732138,4.876205809466263,0.0007915792354883378
47.314,-2.753348126384477,4.882816159526958,0.0010355969120917352
47.334,-2.752499627077672,4.8901734883010075,0.0013992103682727297
47.354,-2.7519203940709165,4.896346424720276,0.0009066251610544696
47.374,-2.7512043444471574,4.903216578120583,0.00087447405410368
47.394,-2.750239711361659,4.910297715561796,0.001343444597311172
47.414,-2.749518298784338,4.916730223686995,0.0011986487985632122
47.434,-2.748784940622086,4.923566511159271,0.0008859234078487099
47.454,-2.7478753780968885,4.93063080491224,0.0011714324703248347
47.474,-2.7470033349882312,4.93763237407365,0.0012197563568591974
47.494,-2.746271737154797,4.944167006164902,0.0008485859112290217
47.514,-2.7455294705533264,4.95068906926585,0.0009475858520901492
47.534,-2.7445372058442308,4.958030733621309,0.001451623018737691
47.554,-2.7438289923131767,4.964481296245583,0.0010382469319768772
47.574,-2.743095448843119,4.970945000841091,0.0008871099766416812
47.594,-2.7420756729626623,4.97803557229156,0.0014099211318729377
47.614,-2.741179626432369,4.984883674025483,0.001284145661329672
47.634,-2.740411512874111,4.991362446860848,0.0009380616608131442
47.654,-2.739409927180252,4.998200226222255,0.0012382224204657288
47.674,-2.7383433116139866,5.00537879760739,0.0015376312716567087
47.694,-2.737572430000747,5.011447004780858,0.0008919302771944471
47.714,-2.736728251170206,5.018166297018225,0.0009968988567363168
47.734,-2.735585459185541,5.025289123943862,0.0015675444649938253
47.754,-2.734607183465481,5.032046191494906,0.0013731710713633938
47.774,-2.733868124971724,5.038235434521441,0.001159689627497934
47.794,-2.7327465808819373,5.045046338795916,0.0014655561562764707
47.814,-2.731714333716841,5.051885613568265,0.0016436923380647173
47.834,-2.7306366033335148,5.058441281444666,0.0008923535850760833
47.854,-2.7296163873720642,5.065419985137063,0.0011592888979749805
47.874,-2.728413117796469,5.072489274804763,0.0014916548812586583
47.894,-2.727342545735483,5.079537504759589,0.001099462644362642
47.914,-2.726488216735294,5.085884642534099,0.0010399996840633197
47.934,-2.725245268195729,5.093019897691157,0.001576786074875186
47.954,-2.7242675331803476,5.099430203297815,0.0013688695641179138
47.974,-2.723286287602378,5.106128171567027,0.0010945350256665043
47.994,-2.722054386489139,5.113100703717089,0.0014858506949382289
48.014,-2.720859780726758,5.120112357753199,0.0014873269143825807
48.034,-2.7199167887348787,5.126393983925901,0.001040200339278069
48.054,-2.71883134167156,5.132919600419303,0.0012005462083219676
48.074,-2.717502802949127,5.140269913554078,0.0014995923645632625
48.094,-2.7164739632092876,5.146643258133006,0.0011897299339956313
48.114,-2.7153676303403973,5.153198958381295,0.0010770283670190062
48.134,-2.713969892298276,5.160277939358053,0.0015610454450140643
48.154,-2.7127193886328835,5.1671694493722695,0.0014320734318498118
48.174,-2.7116914742685374,5.1734382522793245,0.0011171020586699665
48.194,-2.710338464673594,5.1801221557562425,0.001495024717508675
48.214,-2.708884165767026,5.187397295263541,0.001700475578100824
48.234,-2.707887385903017,5.193355640605443,0.0009847257018197053
48.254,-2.7066820056905168,5.199704403006739,0.0011107392393717441
48.274,-2.705025973620298,5.207214340364799,0.0016391605930249076
48.294,-2.7036133082007567,5.214144500246086,0.0013226396529790185
48.314,-2.702410955089473,5.22039406766543,0.001231685258830273
48.334,-2.7008416134951676,5.227154035858615,0.0015785916219900054
48.354,-2.6993518771189113,5.2340268435868476,0.0016327557094991396
48.374,-2.698037804915746,5.240237856295944,0.0010558510314566671
48.394,-2.6965067329790235,5.24697204149591,0.0012341722638204156
48.414,-2.6948373615080525,5.2540474603749265,0.0013461735589672397
48.434,-2.6934149277250845,5.260697492023797,0.0010752078777983287
48.454,-2.691992919032245,5.267172885927051,0.0009117945323282584
48.474,-2.6902700736008898,5.274211953784952,0.0015357890218020698
48.494,-2.688947202877278,5.280369584775469,0.001148976688127551
48.514,-2.687490050600352,5.287029400422719,0.0010187353509601427
48.534,-2.685820055822163,5.2939258589305735,0.0013786095713606283
48.554,-2.684214381010497,5.300873923261811,0.0012905509184706343
48.574,-2.682961995523394,5.307114722540259,0.0008875923179353096
48.594,-2.681360519263576,5.313852096790541,0.0011528058270569297
48.614,-2.679617976671473,5.320903117230016,0.0014198376294285997
48.634,-2.678238177273724,5.327058286925292,0.000964618618317481
48.654,-2.676718036363268,5.333479744776126,0.0007930718346070009
48.674,-2.674849940886771,5.340548983976797,0.0015293101518943364
48.694,-2.6732983977970344,5.346997857333879,0.0012447862188854075
48.714,-2.6718726150043826,5.353328933831777,0.0009334398925308629
48.734,-2.6700902030553815,5.360121360892931,0.001281713637296622
48.754,-2.668388352157802,5.366798677565143,0.0013866753054320446
48.774,-2.6668891991606056,5.372946463046949,0.000698857889649046
48.794,-2.665200686862668,5.379683290608028,0.0009857882356724967
48.814,-2.6632723874543913,5.386644684405945,0.0014003683814479695
48.834,-2.6616580941493413,5.393048081381574,0.0010696392919320175
48.854,-2.66014736905932,5.399283612109933,0.0009563532566948529
48.874,-2.6582575095231733,5.406156130052811,0.0013832064708513003
48.894,-2.6565092394946377,5.412743209665694,0.0012541884890793498
48.914,-2.6549450327124897,5.41900530628974,0.0008433053575998828
48.934,-2.653016711257491,5.425676349313624,0.0011763795059242799
48.954,-2.6510448952270576,5.432642276072415,0.0012570209491078177
48.974,-2.6493790627979985,5.43885820061213,0.0008593608462349467
48.994,-2.6476929041552246,5.445074168271327,0.0008656956841827101
49.014,-2.645509857090795,5.452457170838734,0.0014360580132839473
49.034,-2.6438212343125893,5.458637752745452,0.0009951193439495798
49.054,-2.6420701328695757,5.465086378036381,0.0008426078298786055
49.074,-2.639974903260527,5.471920032636467,0.0012552112570077545
49.094,-2.6380125185191403,5.478584235602698,0.0012854685328267668
49.114,-2.6362435756036047,5.484755464400181,0.0009280017971084187
49.134,-2.6342822342360943,5.491147540077177,0.0012131730259720142
49.154,-2.6320349825963363,5.498319278365333,0.0014300363909277858
49.174,-2.6303255145644364,5.5042763206674294,0.0009174797520188072
49.194,-2.628505935570936,5.5103623203299525,0.0008583966572474899
49.214,-2.626095449467868,5.5176907007372415,0.0014754351579872316
49.234,-2.6240948134583375,5.524046295691195,0.001081207620204
49.254,-2.622121169761126,5.53051282432573,0.0008437898492234253
49.274,-2.6198384029954536,5.537291243386433,0.0014833394036958547
49.294,-2.6177086037053408,5.543829690073753,0.0014853051442059173
49.314,-2.6158715100303445,5.549813122807493,0.0008657038162960262
49.334,-2.6136482316419247,5.556482909620045,0.0011796214097601898
49.354,-2.6114520426571723,5.563089313946012,0.0014834283452444252
49.374,-2.6094245106611953,5.569380179240081,0.0010268192475135773
49.394,-2.6073378542077723,5.5760683464411605,0.000981269269630436
49.414,-2.6049750052877036,5.582804932386301,0.001440084764213062
49.434,-2.6027913474879276,5.589548187231914,0.0012730077804501971
49.454,-2.6009590326428467,5.595435551400129,0.0010156028835446862
49.474,-2.5986980495776355,5.602092865407861,0.0014713442405626664
49.494,-2.5965237281978912,5.608618092602365,0.0015605132046920822
49.514,-2.59435714439941,5.614975812250108,0.0008817714911592556
49.534,-2.5921202829051193,5.621711688230127,0.0012052074416813718
49.554,-2.5897981101283047,5.628472998222245,0.0014677745538745068
49.574,-2.587679396292275,5.63492031308735,0.001324148648808976
49.594,-2.58567588660878,5.641116156772279,0.0011223001363580565
49.614,-2.583279901202823,5.647880575856524,0.0016512266158426048
49.634,-2.58099465700194,5.654516092911663,0.0015380801098925645
49.654,-2.5791246159976438,5.66037501809543,0.0010096865094158247
49.674,-2.5767818431656493,5.666896874420963,0.0014998044116898701
49.694,-2.574287316887569,5.673820927513138,0.0015559212840160486
49.714,-2.5722016570023345,5.679838754061167,0.0010145161868578279
49.734,-2.5699244003248727,5.686217321827929,0.001153727509493635
49.754,-2.5672965144445037,5.693080938831352,0.0015759060642288325
49.774,-2.565199412626809,5.699031291806994,0.0012196948059646218
49.794,-2.562882785417327,5.7054269313040225,0.0010920985396397909
49.814,-2.560304941049609,5.712078604950797,0.0015404316608953472
49.834,-2.557809465240517,5.718795401297008,0.001408252527442283
49.854,-2.5557613672605064,5.724631923677145,0.001020809725943761
49.874,-2.5532470197726225,5.731193945734846,0.0013201265970472775
49.894,-2.5506881972987063,5.73785603438665,0.0014417754536218685
49.914,-2.548417490059779,5.744053336800076,0.001194759617864638
49.934,-2.5462176040595006,5.7501413947346816,0.0009718359315327718
49.954,-2.5434244160617,5.757005406496073,0.0016216282968658235
49.974,-2.540949320744994,5.763444688944035,0.0013482148672524785
49.994,-2.5387069675166964,5.769463508039946,0.0010411992593843677
50.014,-2.5360178235290483,5.775986971757496,0.0015508388275111418
50.034,-2.5335286529692564,5.782217212266406,0.0015317285747185605
50.054,-2.5312347194534905,5.787993554991448,0.0008926600525198392
50.074,-2.5289200111985752,5.793878170349908,0.0008953831266908518
50.094,-2.526567971374611,5.7993280443674475,0.0014138598404003777
50.114,-2.524636388062243,5.804362350747021,0.0012620232338783621
50.134,-2.5225862982080476,5.80948496067899,0.0011395528763134266
50.154,-2.5203252987065183,5.814736816428983,0.0011330146541589092
50.174,-2.518136277503249,5.8196412038768,0.0010282282917822572
50.194,-2.51588759282684,5.824724019267607,0.000958007915572795
50.214,-2.5136596862936695,5.8298976211169435,0.001168847254642863
50.234,-2.511346760614925,5.8349264310223194,0.0012927617338111541
50.254,-2.508942809158434,5.840031362543708,0.0010280609466984392
50.274,-2.506439322327243,5.845162299988444,0.0006357164736353615
50.294,-2.5040257487860282,5.850381380754438,0.0011251569632401148
50.314,-2.50152248477904,5.8555306289559566,0.001263771550161552
50.334,-2.4992319708535935,5.860204927250777,0.0010807717514264847
50.354,-2.4968918233989306,5.865055178011438,0.0009034170689705412
50.374,-2.4942460377052376,5.8701514576352,0.0010357616101689948
50.394,-2.491742779276104,5.875060282644061,0.001156572470256606
50.414,-2.4891832817836224,5.8798896915363175,0.0009134650877220263
50.434,-2.4866351555685102,5.884894699353184,0.001069565190462085
50.454,-2.483916193282727,5.889804959477011,0.0010652198875558683
50.474,-2.481289652041562,5.89450433696962,0.0008304655184988019
50.494,-2.4786162303406813,5.899462136876506,0.0008759694222234271
50.514,-2.4759646433385343,5.904331297576743,0.001198900963367916
50.534,-2.4732393258127545,5.908995225099379,0.0011293158848352525
50.554,-2.4703544116938554,5.913887674660996,0.0007319942431806559
50.574,-2.467493610668315,5.918798262154141,0.000739272878739039
50.594,-2.4645783054311257,5.923735656612925,0.0010663750706400577
50.614,-2.4616474148976284,5.928592300273412,0.0011300641331469519
50.634,-2.459120733862196,5.932735938050503,0.0007940012902535876
50.654,-2.456592292214602,5.936977382706372,0.000878801078471797
50.674,-2.454162724033436,5.940801324130681,0.0008246541013690323
50.694,-2.451888081231712,5.944276101226451,0.0008538929790661287
50.714,-2.449967276590905,5.947297591085434,0.0008244832370707667
50.734,-2.448223840361551,5.949961018848472,0.0007417335390948465
50.754,-2.446671812710046,5.952409701607048,0.0009534890906901794
50.774,-2.445270391083248,5.95449132793166,0.0010985746899413174
50.794,-2.443941277009779,5.956372146653092,0.001143228453446693
50.814,-2.4426649384865358,5.95812040380592,0.001113257423664471
50.834,-2.441428588655773,5.959725559190429,0.0010030656640062918
50.854,-2.4401596568762076,5.96130659310354,0.0008177835028157221
50.874,-2.4389516478560087,5.962966461703719,0.0009024795015314113
50.894,-2.437710573288,5.96450046177499,0.0010410782286509046
50.914,-2.4364267705897826,5.966068233239145,0.0011054401565565863
50.934,-2.435109995671565,5.967626531966076,0.001092831107664255
50.954,-2.433759242613678,5.9691562858613985,0.0010023931028551036
50.974,-2.432377612584587,5.970654039747031,0.0008313526559847739
50.994,-2.431038608489776,5.972208703344424,0.000777071338108809
51.014,-2.4296732297585284,5.97369173600374,0.0009406113044606312
51.034,-2.428275818626528,5.975164856365348,0.0010182452870844683
51.054,-2.426740066017989,5.976750868103575,0.001020811684920464
51.074,-2.425168983056442,5.97831122004682,0.0009485025064124297
51.094,-2.4236718984094203,5.979719844005033,0.0007922766633908507
51.114,-2.4221738064346567,5.981103055448056,0.0006135214762435781
51.134,-2.4205042057426454,5.98277525213158,0.0007682646095155676
51.154,-2.4184027241049098,5.984751089433347,0.0008510055275083861
51.174,-2.4159531977970623,5.98700755698603,0.0007670593988549079
51.194,-2.4132809076960395,5.989522774899111,0.00070924057133534
51.214,-2.4103700748138284,5.99231694824936,0.0007564413344533227
51.234,-2.40711878691656,5.995323967739948,0.001067487800929079
51.254,-2.4038379989015652,5.998190253670367,0.0011539003897879652
51.274,-2.4000164648230498,6.00144670620418,0.0009649475266784724
51.294,-2.3960818856785484,6.004895312185575,0.0009311837476838891
51.314,-2.391819654586592,6.008420713421264,0.0008696535441282127
51.334,-2.3875847745497216,6.011916512009767,0.0009883500339068485
51.354,-2.383306391363157,6.015430384224867,0.0008583218355228961
51.374,-2.3789905623883016,6.01907902982188,0.001170437086169679
51.394,-2.3746619396232824,6.0224399014314,0.0011682618771046427
51.414,-2.370285610951514,6.025842957003597,0.000796532745408085
51.434,-2.365790632730138,6.029363157984507,0.0008877265653895738
51.454,-2.3613641487231285,6.032861419219587,0.0012241079335163774
51.474,-2.3569522350537637,6.0361747058069035,0.0013377833271838724
51.494,-2.3528339658986615,6.039207353174802,0.000977818608278308
51.514,-2.348351326273611,6.04263329906264,0.0009211769025495309
51.534,-2.3436852035533318,6.045987680246085,0.0013259110078571168
51.554,-2.339230725568848,6.04931205266694,0.0013208826164546883
51.574,-2.3350136465982496,6.052379955119742,0.0009990081771179549
51.594,-2.3304272614826225,6.055729299988013,0.0012247333499076085
51.614,-2.32592786875828,6.058793906181817,0.0011089193003800124
51.634,-2.3212925675506866,6.061922346076322,0.0011178971514584357
51.654,-2.3167215824647274,6.065131047559803,0.0012449147300766517
51.674,-2.3121185594090226,6.0682037672869935,0.0014237526061369465
51.694,-2.3074152543102313,6.071291124482732,0.0013367927128326018
51.714,-2.302618421178309,6.074359637939372,0.000853777118114768
51.734,-2.29784454482954,6.077466054680537,0.0011637511528588551
51.754,-2.2930007439862012,6.080574693445835,0.0014498999571706805
51.774,-2.288184216773773,6.083583199067195,0.001404158113286036
51.794,-2.284188784461509,6.08600286052248,0.0010986324579434215
51.814,-2.279485362033101,6.088896730316068,0.0011832064324613645
51.834,-2.2746578621635667,6.091721665366279,0.001369169381294194
51.854,-2.269892519524097,6.094549261927648,0.0013075327977882245
51.874,-2.2650540579861276,6.097472290126744,0.0014408686219908873
51.894,-2.2601136606045666,6.1003003518062595,0.0014604448999442077
51.914,-2.2553923134798137,6.102990091697232,0.0012120996075175305
51.934,-2.2503861133530116,6.105722124464865,0.0010758618970349298
51.954,-2.245483845405112,6.1085735797703276,0.0016019560408829792
51.974,-2.24064684856113,6.111200638989909,0.0016962943181164924
51.994,-2.236072184335557,6.113597354297326,0.0013463600523503094
52.014,-2.2310564078543513,6.116350493880518,0.0010298490926349546
52.034,-2.2259762307760345,6.119028121425385,0.0014637611821579632
52.054,-2.2209139018474824,6.121715072685653,0.001514663032253366
52.074,-2.2164140144768814,6.123882574878727,0.0013808975452801187
52.094,-2.2114987945353684,6.126463615612831,0.0013977040544880248
52.114,-2.2064820886793,6.128921285305288,0.001274054347058684
52.134,-2.201440676065094,6.131353647933012,0.0013137546554435886
52.154,-2.1965290829758413,6.13376928788188,0.001128380477239982
52.174,-2.1914225055271643,6.136380798533923,0.0014279199865289138
52.194,-2.186478094466987,6.13860876480875,0.0014484503876549537
52.214,-2.1813161406882866,6.140969394691581,0.0010509101347472294
52.234,-2.1761385762520704,6.143355725502925,0.0011366779417005257
52.254,-2.170996657780004,6.145709951537359,0.0014450913784680441
52.274,-2.165837679308097,6.148001279184328,0.0014501042475807413
52.294,-2.161377651132023,6.149841783691394,0.001121810593814082
52.314,-2.156320018828747,6.15211927398259,0.001099967257720491
52.334,-2.15102452678605,6.154310629924867,0.001394479072968885
52.354,-2.1461078374486884,6.156354084374788,0.0013231971842359302
52.374,-2.140994640143876,6.158475742107927,0.001146862515094521
52.394,-2.135760802964339,6.160676633443871,0.0012793453653981712
52.414,-2.1307043660233216,6.162628538463906,0.001118600303368772
52.434,-2.1255703931262753,6.164584636672661,0.0009988243249762774
52.454,-2.120365175077824,6.166714905707037,0.001228700027858326
52.474,-2.115278085297433,6.168627633945661,0.0013595019090367755
52.494,-2.110040087275309,6.170554010810754,0.0012194386937933455
52.514,-2.104764041624507,6.172427240048152,0.0006934683549407461
52.534,-2.0994537456021356,6.174383457474942,0.0010348527990914347
52.554,-2.094138621900994,6.176301370727139,0.0012521111579180677
52.574,-2.0888189196395404,6.178129202276715,0.0011742523851543674
52.594,-2.0844887202026747,6.1795367488169965,0.0009313904292464481
52.614,-2.0792010368402893,6.18128752030445,0.0009492648154662553
52.634,-2.0739646590885927,6.182907343638394,0.0011275679879906852
52.654,-2.068761246637694,6.184561380363999,0.0009721065204230661
52.674,-2.0634599637809443,6.186306500927719,0.0011454319953979886
52.694,-2.058077146003622,6.187912637689856,0.00116739731182669
52.714,-2.052967773948718,6.189426418660795,0.0008510830367187971
52.734,-2.047509128665471,6.19095425289412,0.0006644441523787625
52.754,-2.042128994063485,6.192656396236339,0.001128389033603544
52.774,-2.0367715903624175,6.194138452185327,0.0012171112599113076
52.794,-2.0317411681700714,6.195509291568405,0.0009384473956982609
52.814,-2.026329471535214,6.197013657454595,0.0007233035884821604
52.834,-2.0208076891693394,6.198443196113254,0.0011250277720226687
52.854,-2.015254292286487,6.199877881770884,0.0010809834767085968
52.874,-2.0102952173651123,6.201174424710664,0.0008707609986832732
52.894,-2.0048483068642304,6.202611434134988,0.0009708479151367133
52.914,-1.9994009587895276,6.203834855195057,0.0009093136280464709
52.934,-1.9940385052083567,6.205009116385332,0.0008550708043377764
52.954,-1.9886599161495728,6.206232277855096,0.0007931110099790861
52.974,-1.9832115469191365,6.207468743242779,0.001079989710198903
52.994,-1.9778948398670146,6.208532327752329,0.0010931879678983958
53.014,-1.9725834707523988,6.209548333819376,0.0006485305945291286
53.034,-1.9670114815601925,6.210664553743242,0.0007109086801724562
53.054,-1.9614211405678876,6.2117497885545525,0.0010751230153814295
53.074,-1.9558291163867718,6.212784632445183,0.0010790932505935213
53.094,-1.9508128749752003,6.213573245287898,0.0008715796096993578
53.114,-1.9458190736325367,6.214451190160105,0.0007770878587934904
53.134,-1.9403595982052333,6.215277346140472,0.001003763588501877
53.154,-1.9349260998848168,6.216159665535017,0.0010129941750292304
53.174,-1.929421456636314,6.217032578670048,0.0009626243007630764
53.194,-1.923827695037374,6.2178918482525924,0.0010924696671737455
53.214,-1.9184081950645995,6.218621467339275,0.0009140862458465737
53.234,-1.9127732192863305,6.2193318151211825,0.0007670020940599154
53.254,-1.9071780591496226,6.220212385944953,0.0010816128332873653
53.274,-1.9017206127284638,6.2207933669655455,0.0012246202923764105
53.294,-1.8961895153933375,6.22141713792973,0.0010822216587285105
53.314,-1.8905367000513942,6.221998557157656,0.0005502252511149219
53.334,-1.88484514522339,6.222673619983039,0.001003200804361809
53.354,-1.8791427609910507,6.2232879805959715,0.0011876694059410609
53.374,-1.8736413276859423,6.223761873245488,0.0011988914117847804
53.394,-1.8686113668922484,6.224146474917434,0.0010458195335942833
53.414,-1.8629900876587124,6.224583652468903,0.001033686554216512
53.434,-1.8575011845427731,6.224904287994279,0.001115244624893097
53.454,-1.852000516609079,6.225333845201209,0.0009930994747318067
53.474,-1.8464812329822622,6.225789699863058,0.0011955198585150428
53.494,-1.8410455672831911,6.225998982128697,0.0012674191903996879
53.514,-1.8354359078897085,6.226268251805968,0.0009818193574117895
53.534,-1.829532479514825,6.226508342569035,0.0008326492608558278
53.554,-1.823261850988604,6.22691106905212,0.0012936476701650157
53.574,-1.8168024690612659,6.2271583415322365,0.0013990108988874428
53.594,-1.8109994934607403,6.227272658576212,0.0008329877332561297
53.614,-1.8042194904944844,6.227523735864797,0.0011884943990938257
53.634,-1.796989473794045,6.227799262725919,0.0013916181473518363
53.654,-1.7903912785078484,6.227894529125239,0.0012525915786645858
53.674,-1.7840862595875266,6.228090111100795,0.0009553176028856136
53.694,-1.7767208579728597,6.2282267755871885,0.0014644173602739452
53.714,-1.7695476902816574,6.228486653704254,0.0013158739949284681
53.734,-1.7632474691528277,6.228576582546252,0.0008192755063662627
53.754,-1.7562755773417622,6.228709132189331,0.0013664342385903971
53.774,-1.7490962476640586,6.228937942108817,0.0014457623591976054
53.794,-1.7427909458435398,6.228957509104925,0.0010254813348789804
53.814,-1.7357999775928774,6.229132990431116,0.001170992211799976
53.834,-1.7286677880725463,6.229306378473412,0.0014461750698242515
53.854,-1.7215595628400484,6.229485672818242,0.0012532378463714078
53.874,-1.7153318641065354,6.229630196194239,0.0009465602924709771
53.894,-1.7081397313666924,6.229709949792238,0.0014626876227610275
53.914,-1.7011843217411153,6.229826754298967,0.0014714005822752119
53.934,-1.6947123136604507,6.229873894190773,0.0008587270603926112
53.954,-1.6876263963438505,6.230017354840511,0.001374176439542213
53.974,-1.6804838797973785,6.230193477679084,0.0014482084896826064
53.994,-1.6733835134028487,6.230344399864624,0.0011107902879028408
54.014,-1.6669293602228625,6.230478075695544,0.0010475440899133937
54.034,-1.659743260807879,6.230600844546428,0.0014439771252916234
54.054,-1.6531160964557894,6.230677851777673,0.001326470070550978
54.074,-1.646157047921688,6.230855928999815,0.0008581109588761959
54.094,-1.6390411583642785,6.230957122817963,0.0013462479771999547
54.114,-1.6319216601360598,6.231136070216348,0.0013811033909956194
54.134,-1.6249720256745919,6.23126442977842,0.0010161806171673782
54.154,-1.6182332139651898,6.231375393235235,0.0012202199564580185
54.174,-1.6112242862826238,6.231486887511301,0.0014636000848332609
54.194,-1.6043587395902572,6.231577506283934,0.0011234738427905733
54.214,-1.5972542673546757,6.231756523239765,0.0009532808630310363
54.234,-1.5901343831066985,6.231842687719061,0.0013726613440840363
54.254,-1.5830135682159596,6.231989552279843,0.0012451080637075895
54.274,-1.5763950006665242,6.232086352778015,0.0008018277327273837
54.294,-1.5694003244270278,6.232188908504141,0.0012606757300182292
54.314,-1.5624056463295017,6.2323011197295575,0.0014048368905762998
54.334,-1.5559819134046313,6.232350133137107,0.0008741868441930756
54.354,-1.5489812559390663,6.2324529520308944,0.00109168239087018
54.374,-1.5418431982521925,6.232584286503977,0.0012993999941692813
54.394,-1.5347514133099276,6.232695432472311,0.001062835311118282
54.414,-1.5286001966178864,6.232824198191126,0.0007873549346580355
54.434,-1.5214061153878666,6.232850733939805,0.0012186353291316898
54.454,-1.5145181394244804,6.2329662531034336,0.0012527783312763774
54.474,-1.5080872978211375,6.233034374293004,0.0005581255941041197
54.494,-1.5009788032935867,6.233141372276954,0.001159909459438807
54.514,-1.4938584044936938,6.233267983971645,0.0012219179830557925
54.534,-1.4870150659650143,6.233350830458215,0.0009886384211514887
54.554,-1.4807166603190953,6.2334388982364075,0.0009384310874335222
54.574,-1.4734645948703613,6.2335153874571425,0.0012320398564494295
54.594,-1.4668401210452757,6.233597367635449,0.0010847072779325007
54.614,-1.4601076215301243,6.233774158106599,0.0006203672838050456
54.634,-1.4530352937335607,6.233809641622586,0.0011191589700360605
54.654,-1.4459443737569835,6.233923297979085,0.0011215324745536825
54.674,-1.4393180364972935,6.233997449149044,0.0007749400837281373
54.694,-1.4326668989988436,6.23408595746103,0.0010906228711794197
54.714,-1.4254572927741902,6.234193187734159,0.0012030297900183229
54.734,-1.4190573260408588,6.2342248430754905,0.0008691390901574003
54.754,-1.4121600980033164,6.2343773421145645,0.000823169652614586
54.774,-1.405064314817214,6.234468624916363,0.001155892654594759
54.794,-1.397975750134322,6.234564394476353,0.0010342900707305813
54.814,-1.3919194277307412,6.234642919932995,0.0006053881332072075
54.834,-1.3848363957828764,6.23468085469561,0.0010897460901222733
54.854,-1.3777355860425982,6.234802091812474,0.0011582692286631613
54.874,-1.3715208509796355,6.234831842115823,0.000686742113321176
54.894,-1.3646301895291593,6.234913255940683,0.001065716178235393
54.914,-1.357407125901802,6.2350179700565675,0.0012175179939985514
54.934,-1.350948552792209,6.235007994934879,0.0009501959010606575
54.954,-1.3440564100564905,6.235097384236423,0.0007855640733755165
54.974,-1.3369457133472362,6.235088276709915,0.0012159756816285117
54.994,-1.329837285173371,6.235200813102091,0.0011241122764197864
55.014,-1.3234226229873538,6.235230255493604,0.0006744943759750821
55.034,-1.3165354244488494,6.235260192461404,0.0011811774118801743
55.054,-1.3094804704539516,6.235332310217407,0.001312057678925338
55.074,-1.303090132095244,6.235342020760791,0.0008508399190942928
55.094,-1.2960489150136096,6.235399394194053,0.001043152895469579
55.114,-1.2889211164921162,6.235445998552196,0.0013089834678839674
55.134,-1.2818204142984404,6.235483249372076,0.0010875016343086241
55.154,-1.2753367174963997,6.23554487370105,0.0008282255767545765
55.174,-1.268172534034314,6.235542435071851,0.0012899470032138871
55.194,-1.2613383671930782,6.235574795427936,0.001379421492284233
55.214,-1.2548931866528872,6.235582839359074,0.0006997318165334054
55.234,-1.247780788594049,6.23560613202429,0.001256288534445399
55.254,-1.2406484593876848,6.23567877178145,0.0013716813915438109
55.274,-1.2336677187155551,6.235703306853258,0.0011272201528658987
55.294,-1.227363217060688,6.235732581081656,0.0010546016574502215
55.314,-1.2202018570815327,6.235748001546624,0.00140282254927665
55.334,-1.21355332589126,6.235757386844306,0.0013473434976150056
55.354,-1.2071549688026653,6.2358429100938935,0.0008007576475633216
55.374,-1.199994995041522,6.2358303832962765,0.0013593559650387221
55.394,-1.192889651791076,6.23585591090137,0.0013900710814166162
55.414,-1.1862602745376634,6.2358641072346614,0.001085356615221661
55.434,-1.1796520370172872,6.235837343097751,0.0013187577513140425
55.454,-1.172455818047011,6.235855994546664,0.0014776797815115872
55.474,-1.165932702324059,6.235844350286928,0.001234109977881953
55.494,-1.159033787271673,6.23593152305981,0.001030634857796281
55.514,-1.1519450186085534,6.235924473822635,0.0014323862164412893
55.534,-1.144836979082254,6.235941137845989,0.0013273123138360376
55.554,-1.1383092285660692,6.2359527663616685,0.0008588105192397499
55.574,-1.1312487174470407,6.235949988550039,0.001427807935807296
55.594,-1.1243879775615784,6.235989727512848,0.0014598196051860135
55.614,-1.117554353095424,6.235976110281537,0.0009824503735548218
55.634,-1.1104239497815618,6.236001745444709,0.0012828024469635213
55.654,-1.1032889842417555,6.23600822858431,0.0014468036859187905
55.674,-1.0961853901557297,6.236003625770443,0.0012036441178434054
55.694,-1.089912094343623,6.236067665287152,0.0008809901010297383
55.714,-1.0826450522161004,6.2359866795374135,0.0013779012700418924
55.734,-1.0758167085501267,6.2359963077351575,0.0013924194251095645
55.754,-1.0691914949752586,6.235946943834218,0.0007175508640193673
55.774,-1.0620654588429421,6.235938739117786,0.0013431236615544517
55.794,-1.0549330778177695,6.235942686545244,0.001397377612913031
55.814,-1.0481234485635795,6.235931765466377,0.0011212839926083018
55.834,-1.0417143118966852,6.235929978850631,0.0011320903668760318
55.854,-1.0344732363987148,6.235897412538324,0.00141092960644576
55.874,-1.027903098753232,6.235834104371335,0.0012700657437095808
55.894,-1.021425511149932,6.2358517115682455,0.0007469242202586268
55.914,-1.01428365775734,6.235735056595563,0.0013156470509118334
55.934,-1.0071615724236596,6.235737345180265,0.0012780675411858955
55.954,-1.0006636666689155,6.235726720452583,0.0009118703107217907
55.974,-0.9940644765667084,6.23570436640107,0.0011905367735082772
55.994,-0.9868970612331358,6.235678858041907,0.0013068415757872542
56.014,-0.9802327208744912,6.235650322775696,0.0010835376912818606
56.034,-0.9738557972925478,6.2356391266208915,0.0009401142143915797
56.054,-0.9666482132248774,6.2355757056726295,0.001276062254089605
56.074,-0.9596172298214974,6.235515421472586,0.0012007333443545543
56.094,-0.9538104475511607,6.2355549319071715,0.0005808967485918803
56.114,-0.9467746046982732,6.235425858419976,0.0011614235598619016
56.134,-0.9396546766604773,6.235389527080694,0.0011879933842957602
56.154,-0.9331892541979401,6.23535889386324,0.000776403157170813
56.174,-0.9267522846388981,6.235315746434111,0.0010230096348304296
56.194,-0.9196230085929482,6.235256060842693,0.0012033960588465897
56.214,-0.9127508440508233,6.235203080750671,0.001090177797803682
56.234,-0.9068717267443099,6.235193592654,0.0007391321437493492
56.254,-0.8997597639285285,6.235102166081927,0.001157399963143041
56.274,-0.8926665976466491,6.235020284319647,0.0010761974198893465
56.294,-0.8865857426677579,6.235003141436498,0.00047162125028726853
56.314,-0.8796732159102508,6.234898490945318,0.0010350948094189072
56.334,-0.8725818803865217,6.234828403557632,0.0011602067951423378
56.354,-0.866197171936318,6.234783301110919,0.0008076548087652125
56.374,-0.8595432270719905,6.234733786927215,0.000924043633782734
56.394,-0.8524354101429739,6.234652240540596,0.0011765641827581885
56.414,-0.8457262709770947,6.234591764335056,0.0010824272007510516
56.434,-0.839468061632574,6.234615644569129,0.0006079346750596237
56.454,-0.8323052148240861,6.234468121644424,0.0011356768273508289
56.474,-0.8252189499647042,6.234382199885676,0.001113054788680956
56.494,-0.8189788160399639,6.234336600841642,0.000593973473917847
56.514,-0.8122502866807478,6.23421281586252,0.0010674042421378038
56.534,-0.805138030910866,6.234139806872242,0.0012011092914767374
56.554,-0.7985274121737456,6.234070075781876,0.000960432059850802
56.574,-0.7921703927660435,6.234015487693925,0.0008914161236147911
56.594,-0.78507480347187,6.233894953296597,0.0012299143793326195
56.614,-0.778186833927659,6.23381186038043,0.0012160353825769743
56.634,-0.7722781019799629,6.233801943015212,0.0006633960698931851
56.654,-0.7651756886571612,6.233622310802958,0.001191302107417469
56.674,-0.7580673339626938,6.233557735560831,0.0012300686236675629
56.694,-0.7519407774834493,6.233507296861695,0.000775529609803205
56.714,-0.7452616161373822,6.233398818224231,0.0010917099946989028
56.734,-0.7381537980136325,6.233304185885591,0.0013092466151078952
56.754,-0.7312971199557496,6.2332106711211415,0.0011702082776984812
56.774,-0.7252743067768992,6.233172326497289,0.000954612246898745
56.794,-0.7180319988356493,6.233024440515256,0.001349555319875212
56.814,-0.7110737463712326,6.232957435673898,0.0013531572932790337
56.834,-0.7050099986686317,6.2328782131699985,0.0007110496460097371
56.854,-0.6978955626283265,6.232746766126462,0.0012483095213772222
56.874,-0.6907907309768578,6.232610162342158,0.0013552660568463826
56.894,-0.6841021017344495,6.232518815656334,0.0010952349508698
56.914,-0.6776706887104123,6.232423144718261,0.0011989754057157576
56.934,-0.6704983188016435,6.2323047776077205,0.0014206776124180698
56.954,-0.6636640251422888,6.232185051347672,0.0012747524072286298
56.974,-0.6574183378484107,6.232133419601745,0.0009262239990987797
56.994,-0.6502917146032287,6.231960102280642,0.0013931439282334201
57.014,-0.6431873306757931,6.2318109575513585,0.0013655056126683496
57.034,-0.6372927206236374,6.23175576509688,0.0007643257398231573
57.054,-0.6301285005472025,6.231586971665064,0.0013047436537963752
57.074,-0.6229515487359202,6.231468100249721,0.0014452047923012856
57.094,-0.6164234039765526,6.231380916676933,0.0011321390556160993
57.114,-0.6099186190602246,6.231281456647041,0.0012034497027442193
57.134,-0.6028066226693942,6.2311426217268755,0.0014590528842439165
57.154,-0.5960154256059469,6.231034671166813,0.0013673906679149417
57.174,-0.5897352250653913,6.230978040950887,0.0008949692111677732
57.194,-0.5825674292528942,6.230804683725072,0.0013996815749919844
57.214,-0.5754542856842448,6.230648645521325,0.0014017226829550755
57.234,-0.5691800486010332,6.230585969100275,0.0009431200645843296
57.254,-0.5625202353475645,6.2304693571457195,0.0012636766367931096
57.274,-0.5554137463263051,6.230318292327967,0.0014495583944634516
57.294,-0.5484988271023638,6.230194913538746,0.0012130837602696842
57.314,-0.5423494478323149,6.2301264068983455,0.0010916852494541884
57.334,-0.5352331478155581,6.229976911695911,0.0014307554799682376
57.354,-0.5282257257982679,6.229838292067169,0.0013565380710567065
57.374,-0.522201366343517,6.229812998400254,0.0007717476169094573
57.394,-0.5151059699783825,6.229646014926843,0.0013225082267034893
57.414,-0.5079928902705226,6.229490464168299,0.0013732709731814619
57.434,-0.5015731986175888,6.229411357451331,0.0010159229940257808
57.454,-0.4949966528583808,6.2292890052162715,0.001235571892954035
57.474,-0.4878265983522632,6.229157084127871,0.0013838429696602372
57.494,-0.4813056737870712,6.2290707438808255,0.0011186326680285297
57.514,-0.4746711061186161,6.228947494887569,0.0009277337828408339
57.534,-0.46752538689691936,6.228789495681697,0.00131445676112385
57.554,-0.46042611826224883,6.2286193062893584,0.0012121355848872806
57.574,-0.45392148703356017,6.228525220490446,0.0007053096033337869
57.594,-0.4469373128439131,6.2283442271220455,0.0011893541678045239
57.614,-0.43985256764827374,6.2281965378194295,0.0012893845281339855
57.634,-0.4336038016594363,6.228123275825082,0.0008500050753521282
57.654,-0.42662753675018705,6.227979213841125,0.0010358690053740571
57.674,-0.41947336170147576,6.227816442391959,0.0012649740349462146
57.694,-0.41237885929529644,6.227640204374173,0.0010165092859172054
57.714,-0.4063011841022744,6.227578347039334,0.0007327321480357363
57.734,-0.3992273114202067,6.2274030011138235,0.0011954332157802505
57.754,-0.3921372049525246,6.227225583960462,0.0011307690659105585
57.774,-0.385824190624371,6.227143620718478,0.0006230230220661825
57.794,-0.3790684621563111,6.226979071403136,0.001071711136821224
57.814,-0.3719635072135645,6.2268067184513045,0.0011941679865550558
57.834,-0.365228607833121,6.226681847823948,0.0009683183077962287
57.854,-0.3589922214863791,6.2265778329412855,0.0008521778953489434
57.874,-0.3519125019972082,6.226397665939585,0.0011845587931990087
57.894,-0.34499958939808706,6.226250652428424,0.0011266522849958938
57.914,-0.33908025280643694,6.226183705618229,0.0006003010532869557
57.934,-0.33204244638592795,6.2259930795836365,0.0011125062337682678
57.954,-0.3249570267886666,6.225817314051328,0.001111714901295302
57.974,-0.31858549956539206,6.225723419667226,0.0007084929618075553
57.994,-0.3120340217199157,6.225585039962579,0.0009774751654901548
58.014,-0.3049502906650088,6.22540799003447,0.0011721689145863523
58.034,-0.29828083168627295,6.22528449135864,0.0009317917472551618
58.054,-0.2918690108042123,6.2251575346272565,0.0008303913652293604
58.074,-0.28475144786073053,6.224983958899316,0.001176374358225235
58.094,-0.27776250397374214,6.224816405094259,0.0011357239088194138
58.114,-0.27185950132665554,6.224758253088073,0.0004897658968046337
58.134,-0.2647031852104982,6.224541012223598,0.001120182303469941
58.154,-0.2576070773944994,6.22435914140634,0.0011715135798538723
58.174,-0.25106867228797586,6.224236182868375,0.0008114034759794386
58.194,-0.24457914631107444,6.224085586372718,0.0009793504197042058
58.214,-0.2374936804730538,6.223889217077086,0.001237814500068879
58.234,-0.2306451095951011,6.2237297325866505,0.0010723669263623947
58.254,-0.22450483384552272,6.22360304070702,0.0008046747763217899
58.274,-0.2174502272220813,6.223400831367237,0.0012374099374125869
58.294,-0.2103592750296423,6.22320521886243,0.0011766616802307839
58.314,-0.20449625795475657,6.223118069397553,0.0005227480542732421
58.334,-0.19750349167597106,6.222943178372266,0.0011670372674544849
58.354,-0.19040986977660473,6.222749654989067,0.0012934507814997553
58.374,-0.1839325969082817,6.222627785136701,0.0009962865727233539
58.394,-0.17750271722601654,6.2224719324872115,0.001027236261822717
58.414,-0.17041153658313904,6.222275594819039,0.0013466342768669037
58.434,-0.1634217745899566,6.22209744863426,0.0012163965700299484
58.454,-0.15743818994631986,6.222000097081554,0.0008084977017336348
58.474,-0.15035193429220095,6.221802522987928,0.001327234913673897
58.494,-0.14325262636855343,6.221603230768531,0.0013248553330575952
58.514,-0.13725369681654004,6.221505667915424,0.0007260137396731259
58.534,-0.1302296651015719,6.221334461323858,0.0012314821754604577
58.554,-0.12312986205156692,6.221133821994632,0.001414703238523024
58.574,-0.1165617951373853,6.221003807808942,0.0011682529118006157
58.594,-0.11011785277024265,6.220833983505539,0.0010808690656325393
58.614,-0.10299988613391861,6.220639821561644,0.0014252900950760261
58.634,-0.0958978394027721,6.220435294340962,0.0012751721578278807
58.654,-0.08986671118458667,6.220349169045745,0.0008100406231511814
58.674,-0.08277922402840104,6.220147070149011,0.0013738473340424162
58.694,-0.07566722625455607,6.219941405216836,0.0014103494029339414
58.714,-0.06924542190527683,6.219819898724739,0.001036711021894482
58.734,-0.06273524863498897,6.219626933646386,0.0012857179575378463
58.754,-0.05561128086996395,6.219421976436211,0.0014622603043824012
58.774,-0.04897474329323607,6.219287040806465,0.0012679305556501097
58.794,-0.04255867760583519,6.219127522648739,0.0010672063564323986
58.814,-0.03542212434771842,6.21889915218766,0.0014429461008216293
58.834,-0.028317431397796106,6.21868547153019,0.0013396893650002573
58.854,-0.022280301080217765,6.218609376096262,0.000701726016847648
58.874,-0.015263067599762571,6.218398559617374,0.0013436742299730853
58.894,-0.008152199275165375,6.218182448789711,0.0014352736929770515
58.914,-0.0018730259544835343,6.2180888273993515,0.0010071612567541799
58.934,0.004936994258185355,6.217907206035145,0.0011844593822684935
58.954,0.012051782051194074,6.217696100689107,0.0014362586992351656
58.974,0.01915099851483986,6.217491135235797,0.0011616415036149463
58.994,0.025467731162671713,6.217370480446011,0.0009531057826628053
59.014,0.03252638760117066,6.217173274389974,0.0013856402919011912
59.034,0.03959363634486291,6.216973790970914,0.0013494329983383957
59.054,0.04562007192753451,6.21689220998522,0.0006464543030375303
59.074,0.05267354830612337,6.216689046892435,0.0012472914052608364
59.094,0.05977295041991133,6.216482472653156,0.0013622379521432415
59.114,0.06638046455834269,6.21635382723039,0.001077195162160982
59.134,0.07263192617481351,6.2162272224016695,0.0010786784341142719
59.154,0.0797312350820631,6.216003695336823,0.0013491162890446329
59.174,0.08662691983773813,6.215827638851508,0.001253479848231126
59.194,0.09262101982892379,6.215731497634436,0.000751010706030758
59.214,0.09969882185106077,6.215516463038508,0.0012590504805756464
59.234,0.10679282691924813,6.215306562339057,0.001238606685555893
59.254,0.11287109900109575,6.215231989066278,0.0006507475684698616
59.274,0.11978650572943408,6.21502768578915,0.0010929253168598385
59.294,0.1268758240886696,6.214820283263338,0.0012660267036880557
59.314,0.1333377727683819,6.214712188804219,0.001007561990828021
59.334,0.13979831233533083,6.2145418115572175,0.0008983865773404265
59.354,0.14689897946882385,6.214334373457223,0.0012243856467694936
59.374,0.15398625268770416,6.214125231799412,0.0010589192275688164
59.394,0.16007720965537459,6.214027836489764,0.0005572798001663992
59.414,0.1671267376872622,6.21385392593891,0.00113837386769447
59.434,0.17422981864132847,6.213643308931524,0.0011556371450406333
59.454,0.1805786836025245,6.213542292565866,0.0007558678366260674
59.474,0.1871843488122985,6.213390358341887,0.0010303142671303778
59.494,0.1942982794070426,6.213158027506273,0.0011915875880109117
59.514,0.20084014914056925,6.2130360207362765,0.0009645974448699024
59.534,0.2072652835038553,6.21288571011481,0.0007489763608958533
59.554,0.2143396392072811,6.212683067120263,0.0011563314150336845
59.574,0.22142285254871497,6.212477799240005,0.0010361663124776599
59.594,0.22757352533702607,6.21238786848727,0.00048389526442232933
59.614,0.2344910668017965,6.212200497396808,0.0010701912328873187
59.634,0.24158189511644226,6.211986515195099,0.001148945060938572
59.654,0.2480072961866827,6.211860747269364,0.0007527880058464387
59.674,0.2545578261263049,6.211680677107934,0.0009104405653295178
59.694,0.2616344910468194,6.211476487223508,0.0011868238491034577
59.714,0.26844870015847894,6.211312868938084,0.0010966739928613967
59.734,0.2744321367157821,6.211176955571734,0.0007486180903695516
59.754,0.2815798867812173,6.210950068019729,0.0011749171801344882
59.774,0.2886771310514302,6.210740801932599,0.0011130062861533785
59.794,0.29475537692830117,6.210662785782809,0.0005561541252119551
59.814,0.301459996579033,6.210452301856201,0.001081863397191185
59.834,0.3085478165816732,6.210241252554581,0.0012313885384334922
59.854,0.31495908437101666,6.2101181824101825,0.0009142046113010671
59.874,0.321515824508502,6.209939972794831,0.0009234955721353078
59.894,0.328599327906109,6.209728259454854,0.0012650146235489157
59.914,0.33559471288731035,6.209535125364258,0.0011764397311896935
59.934,0.34142246781530794,6.209414755763665,0.000725056154902759
59.954,0.34839948037688806,6.209216774362673,0.001237762269073489
59.974,0.3554937530538291,6.208995831445062,0.0012445810737825025
59.994,0.3620309475733128,6.208850958833704,0.0009189109967647213
60.014,0.3684413473525436,6.208709965430774,0.0011363352995895915
60.034,0.37553694362105156,6.208482089644006,0.0013439485343140767
60.054,0.38228930636358244,6.2083118145333955,0.0011425625807444661
60.074,0.3886250314376922,6.208173436234628,0.0010503992170934617
60.094,0.3958163768835148,6.207934707345056,0.0013841681439382136
60.114,0.4027626687785302,6.207751895924807,0.001349440597993079
60.134,0.40881857580235453,6.2076343326949255,0.0007149909909517083
60.154,0.41590039027442677,6.207418941208248,0.0013099470584855555
60.174,0.4230024142129513,6.20720205236073,0.0013758437745303165
60.194,0.4295871049685825,6.207061353789035,0.001083080838326339
60.214,0.4359174876417248,6.206917625240585,0.0012016881432738435
60.234,0.4430287843467727,6.206697351828191,0.0014445116967248817
60.254,0.4497954559366528,6.206524143351635,0.0013291421516224422
60.274,0.455932340222282,6.206385868698489,0.0009667440821733153
60.294,0.4630245952106628,6.206157480350871,0.001422586037015644
60.314,0.47012884550251355,6.205929000442834,0.0013492739903293027
60.334,0.4762807098231519,6.20582547541367,0.0007798361715659063
60.354,0.48302379974321175,6.205597439728627,0.0013324373490213592
60.374,0.49013488968098695,6.205358185433566,0.0014460205290251216
60.394,0.4967272318310388,6.205214629324942,0.001183014716276104
60.414,0.5031718983858312,6.20504952587959,0.0011889578855686644
60.434,0.5103107079164872,6.2047960855120365,0.001461777737275488
60.454,0.5172669832089895,6.204595219230137,0.0013467594533374816
60.474,0.5233286756780636,6.204481483849912,0.0008977232967113113
60.494,0.5304177402236936,6.204248411732046,0.0014056819748710647
60.514,0.5375224963146742,6.204018379041199,0.001379555028278634
60.534,0.5438989078707426,6.203900839981876,0.0009529025799680513
60.554,0.550573401106995,6.203707019299477,0.00126682642145029
60.574,0.5576822721531939,6.20347363377111,0.0014373916226904926
60.594,0.5642149814223392,6.203345805707974,0.0011703880507832887
60.614,0.5706804108712145,6.203164133399931,0.0010492105705316446
60.634,0.5777748226344604,6.202935163062655,0.0014056538864032908
60.654,0.5848743477722143,6.202706940633701,0.0012379104147065279
60.674,0.5908958032813468,6.202604192860939,0.0007665352700954031
60.694,0.5980530018269963,6.202378734948605,0.0013182627690389859
60.714,0.6051642450210704,6.202148296793368,0.0013251538895594217
60.734,0.6116126321971354,6.202022501447546,0.0009773517817713018
60.754,0.6180839747282119,6.201848601017226,0.0011441421452546008
60.774,0.6251864377129984,6.201607362356653,0.001339571891139868
60.794,0.6322157170432371,6.201384163618724,0.0010770215400881245
60.814,0.6384659484326567,6.201271379452039,0.00089039037806532
60.834,0.6455502331653243,6.201031465337355,0.001293201920351067
60.854,0.652429730306801,6.200838262192499,0.0012558863085072869
60.874,0.6586349714365554,6.200749838574201,0.0005719113392524677
60.894,0.6657749180039624,6.200495072854528,0.0011751592159537083
60.914,0.6728649204133558,6.2002499889512945,0.001231154152766839
60.934,0.6795292327216914,6.200084921432282,0.0008696894864706761
60.954,0.6859764718093476,6.199913640446781,0.0009855431856936325
60.974,0.6930613121572498,6.199667428947711,0.0012373552445880398
60.994,0.7000732148624828,6.199438731055088,0.001045612179531974
61.014,0.7061350043818512,6.199340984529557,0.0007215337681714673
61.034,0.7132081398634053,6.199090208831644,0.0011789654633459767
61.054,0.7202932419344921,6.1988437024296426,0.0011109217719502962
61.074,0.7262703686656318,6.198747816822787,0.0004650535863413019
61.094,0.7332355789480942,6.198533155841427,0.001051290305932373
61.114,0.7403287877387563,6.198285454667268,0.0011763739973700837
61.134,0.7466940267255062,6.198159133384219,0.0008523196311409353
61.154,0.7530703250397456,6.1979816569910104,0.0008467470571668911
61.174,0.76016468952274,6.197752925490598,0.0011646512176658186
61.194,0.7672449198428718,6.197513377691617,0.0009545144352106627
61.214,0.773403262459329,6.197409167759371,0.000592222692252703
61.234,0.7804596674062009,6.1971658603152715,0.0011199025294080789
61.254,0.7874821037958586,6.196933780621454,0.001177348701545483
61.274,0.7935422845518173,6.196822420173411,0.0005199903453613208
61.294,0.8005732073391649,6.19656846857558,0.0009864945761063337
61.314,0.8076737336746339,6.196350932205789,0.001175434880323123
61.334,0.814660817820235,6.196118335194734,0.0009072379767488536
61.354,0.8209295690522118,6.195978172942776,0.0008118882085557666
61.374,0.8280073565230409,6.195724010519021,0.0011953303190077313
61.394,0.8349509095798751,6.195500987394206,0.0011377040472815292
61.414,0.8410537223703921,6.195394524188672,0.0005339723702387222
61.434,0.848189705665964,6.1951015240296226,0.0011487377065741433
61.454,0.8552773866314601,6.194837562053569,0.0011908180541582436
61.474,0.8616954392175235,6.194684966532839,0.0008347468949254644
61.494,0.8681315564678683,6.194485589641071,0.0010313557585497624
61.514,0.8752188745714823,6.194218913606551,0.0012686408246380954
61.534,0.8823026148516608,6.193952173791365,0.0009895887567414885
61.554,0.8884523842007694,6.193828277382487,0.0008382075510587061
61.574,0.8955354844764923,6.19355441810872,0.0012791564372406639
61.594,0.9024222103754455,6.193328741786419,0.0012821884415043783
61.614,0.9086464450488113,6.193196095554447,0.0005943345069828188
61.634,0.9157622056615168,6.192931327712479,0.0012215668739379015
61.654,0.9228584760505704,6.192650244997374,0.0013191286051331408
61.674,0.9297327777831809,6.192414287838189,0.001027907089426655
61.694,0.9361555795767901,6.192231012658822,0.0010810098873459684
61.714,0.9432471892343597,6.191946757669353,0.0013876094358250823
61.734,0.9500318099290798,6.191730485976046,0.0012958819806506428
61.754,0.956119708158079,6.191578699644673,0.0008852829728330514
61.774,0.9631905510233375,6.191275353853838,0.0013660756841205601
61.794,0.9702898840793814,6.190993825171486,0.0013352239782622455
61.814,0.9765140828988924,6.19084966009812,0.0007901228716427344
61.834,0.9833573821151562,6.190587590893614,0.0012709488469030694
61.854,0.9904564484317321,6.190302354405169,0.0014384092630178869
61.874,0.9968761491235213,6.190138053692771,0.001142217271470125
61.894,1.0034293760108808,6.189885201992775,0.0011042629944308657
61.914,1.0105298243929555,6.189601252934622,0.0014495304086458438
61.934,1.0176299566039386,6.189313237385755,0.0012779563851400277
61.954,1.0236715061420645,6.18919106626528,0.000878923502611817
61.974,1.0307266623256361,6.188880981151105,0.001391880499708148
61.994,1.0378337237847675,6.188586868293942,0.0014131355052842964
62.014,1.0440059718292694,6.188449924089608,0.0009175179769587427
62.034,1.0507499383142096,6.188203081104801,0.0012497223571077132
62.054,1.0578511639381156,6.187906810322756,0.0014564750987003383
62.074,1.0647834465459092,6.187651338718404,0.001261993072301515
62.094,1.0708847930738974,6.187506067432448,0.0010319473417680636
62.114,1.0779794254017752,6.1872080606310735,0.0014396520576277771
62.134,1.0850802457055957,6.186913105625403,0.0013242575453508987
62.154,1.0910651559669597,6.186813960700277,0.0007283619465738578
62.174,1.0981732195210923,6.186504407648732,0.0013424216291277602
62.194,1.1052869891001473,6.1862079675068715,0.001404548894083757
62.214,1.1116545120455252,6.186059323628898,0.001005738303242354
62.234,1.1182858752721707,6.18581687692211,0.0011669335639203082
62.254,1.1253878157175303,6.185524535957865,0.0014137496075257994
62.274,1.132345663156624,6.185266980017085,0.0012426131770164328
62.294,1.1384010260442425,6.18514429422125,0.0009106590312963347
62.314,1.1454859945771858,6.184844904814363,0.0013561747444441608
62.334,1.1525816233554578,6.184549586392074,0.0012799094614434903
62.354,1.1584919972859378,6.184444692734134,0.0006343479129436724
62.374,1.1655355277514317,6.1841666689392385,0.0012196532584122788
62.394,1.1726350822298803,6.183870445684915,0.0013286500026947201
62.414,1.1790724698145683,6.183692851982624,0.0010086786489349187
62.434,1.1855023526292785,6.183483186450237,0.0010351661697240722
62.454,1.1926132005212886,6.183198544415833,0.0013071023806555393
62.474,1.199706848349024,6.182900412429286,0.0010842416398115784
62.494,1.205676814271168,6.182810764675939,0.0007175964624345221
62.514,1.2127425012605801,6.182504946984806,0.0012174240778779488
62.534,1.2198308456537421,6.182206189817036,0.0011873520309271801
62.554,1.225956469072395,6.182078992678554,0.0006061335477064722
62.574,1.2328463292838683,6.181816060631682,0.0010693187408505334
62.594,1.239930399239595,6.181519773332678,0.0012313507439858373
62.614,1.2465886572876055,6.181314443743152,0.0010237506427139553
62.634,1.2526954116026385,6.1811508719003,0.0009165339347337875
62.654,1.2597736530899037,6.180847075409171,0.0012013818927660291
62.674,1.2668548506038688,6.180549114867526,0.001038222855374915
62.694,1.2727509492734441,6.180488762008983,0.0005088012199168657
62.714,1.2797488101382346,6.180167599702622,0.0011029376804657653
62.734,1.2868381530339896,6.179868946744624,0.0011450523877842844
62.754,1.2929238391559739,6.179755866698984,0.0006518183262372301
62.774,1.2996340574035963,6.179496691544971,0.0009534155704819525
62.794,1.3067145255379928,6.1792004160821605,0.0011724460109474033
62.814,1.313601669555966,6.178946787843869,0.0010324887628996582
62.834,1.3195985150712655,6.178811862179081,0.0007934003767282871
62.854,1.3266747208150875,6.178509255744182,0.001158423108318346
62.874,1.333643861425772,6.1782165893039345,0.0011698483987415964
62.894,1.3395280999708499,6.1780933234757045,0.0004848783204975393
62.914,1.3466712641498977,6.1777773530219,0.0010803345372172313
62.934,1.353764688929668,6.177473860335825,0.0011506424830349804
62.954,1.3605005049170413,6.177243346385997,0.000860485270839928
62.974,1.3668889523699714,6.1770181006520835,0.0009559668114862974
62.994,1.3739864257840069,6.176728922702782,0.001212378258550001
63.014,1.3804728564112259,6.1765369202561455,0.0010337070985323715
63.034,1.3870103774905083,6.176303355019204,0.0007475115651711384
63.054,1.394138075857948,6.175970996293325,0.001194918906686382
63.074,1.401196528837551,6.175658146737859,0.0011798584651031563
63.094,1.4071742130408298,6.1755060327296025,0.0005072026652060135
63.114,1.4141682918602727,6.175202141502859,0.001126633164834856
63.134,1.4212620512741274,6.174882537609982,0.001253293129446581
63.154,1.4280577221180535,6.174632326380225,0.001014372635724542
63.174,1.4342989448851415,6.174420017233454,0.000997866657369506
63.194,1.4413832472524848,6.174100514697567,0.0013058494212588034
63.214,1.4483712930262143,6.173796747344146,0.0011917569224881852
63.234,1.4544305922773408,6.1736728962158125,0.0007318982616125458
63.254,1.4615224647393066,6.173307817792065,0.0012819799542485855
63.274,1.4686139343790505,6.172977760206666,0.001294933854253083
63.294,1.4746831693773812,6.172811598359895,0.0007187012396004389
63.314,1.4817169218728679,6.172485960370337,0.0012452281350723293
63.334,1.4888315476209035,6.172171529751432,0.0013755114639408539
63.354,1.4954739819885243,6.171934524373368,0.0011648702865861282
63.374,1.5018075033087466,6.17170523111859,0.0010501308344939841
63.394,1.5089236401117314,6.171369298379932,0.001396251851975644
63.414,1.51601880377275,6.171030935100718,0.0012639921780627783
63.434,1.5219616647676213,6.170918904178231,0.0007704717301181274
63.454,1.5289551208679297,6.170563736579182,0.0013665988694821218
63.474,1.5360706252585739,6.170228555886655,0.0013967547573018047
63.494,1.5422741910840778,6.170035991600433,0.000881007942791695
63.514,1.5492360160395595,6.169685143629088,0.001282071726410955
63.534,1.5563670769140676,6.169344593958178,0.0014519762316010654
63.554,1.563087417804935,6.169080292749833,0.0013105858569180673
63.574,1.5693295733323658,6.168899532597817,0.0010358241323193962
63.594,1.5764420095510592,6.168524900008305,0.0014399526108776761
63.614,1.5834260675428904,6.16819435670894,0.0014457296148193965
63.634,1.5894238014167366,6.168049139437274,0.0008381610649438043
63.654,1.5965093036508806,6.167654591842986,0.0013485181550645375
63.674,1.603608738465681,6.167297485760679,0.0014321107088541563
63.694,1.610199889851263,6.16704867664471,0.0011413729084879531
63.714,1.6165852848139592,6.166806622974605,0.0012456246101410218
63.734,1.6237372482929728,6.1664431180753425,0.0014585149225288252
63.754,1.6304577712428894,6.166154870821467,0.0013330584248991972
63.774,1.6366691042147734,6.165957395968487,0.0008871740912285708
63.794,1.6438023159442277,6.165526821203263,0.0013847685541618637
63.814,1.6509026258510504,6.165136537212969,0.001348912211748765
63.834,1.6571147025154565,6.164949644483554,0.0008837766886523601
63.854,1.6638020105406628,6.1645944628835805,0.0012439754342022102
63.874,1.670900641571991,6.164223191925325,0.0014082499763889977
63.894,1.6771973498176977,6.164011750246962,0.001027527325580424
63.914,1.6839316542153684,6.163680136645029,0.001092400332747101
63.934,1.6910678114973197,6.163297493769982,0.0013795482623589206
63.954,1.697971103453324,6.162947899491824,0.0012927765641809474
63.974,1.7040782594375874,6.162799303885549,0.0007705566004786724
63.994,1.7112288468113108,6.1623420339079225,0.0012862255449084259
64.014,1.71832242446124,6.161957244503893,0.0012823522847234259
64.034,1.7244713214512966,6.1617661853092764,0.0007509001169319907
64.054,1.7313643001910455,6.161389907989342,0.0011736288274544204
64.074,1.7384848073479595,6.161006294596433,0.0013097011131067704
64.094,1.7450100904181236,6.160744200710817,0.001090243808552882
64.114,1.751355734673566,6.160482063594877,0.000912871814594346
64.134,1.7584993666350766,6.160068190427158,0.0012585366486823901
64.154,1.7654879049042265,6.159682172895187,0.0011830387104365958
64.174,1.771533969386689,6.159528710038647,0.0006441226383216425
64.194,1.778630599044047,6.159058300393837,0.0011289588136338125
64.214,1.7857205308601716,6.1586808417054755,0.0011963131244986935
64.234,1.7920432138325264,6.158436387611905,0.0007429073703837108
64.254,1.7988456365279484,6.158074680893048,0.001032155862032813
64.274,1.805970566607787,6.157678492769527,0.0012147723882495742
64.294,1.8124149598476562,6.157393762465732,0.0009454322612199029
64.314,1.8191263343708022,6.157052057725311,0.0007480169061511166
64.334,1.8262932862943695,6.156598134541578,0.0011582723691208607
64.354,1.8333651271277478,6.156169051167581,0.0010700953950120995
64.374,1.8397008422692942,6.155908799849541,0.0005839062789251837
64.394,1.8466744583020887,6.155506582881842,0.0011302375852101643
64.414,1.8537731485098776,6.155099434729036,0.0012106248826747878
64.434,1.8601258547407298,6.154793686204713,0.0007237769890881818
64.454,1.8671075591320612,6.154336582349559,0.0009109011310851345
64.474,1.8742032951978576,6.15388927011132,0.0011691010528839807
64.494,1.8812735893240364,6.153430589676195,0.0009441175860995521
64.514,1.887579522354645,6.1532019904712865,0.0006355754736642183
64.534,1.894775679788691,6.15265373912376,0.0011156490088433668
64.554,1.9014967983988496,6.152309511064919,0.0011443251390414744
64.574,1.9082778289727926,6.151886761853704,0.0005111063741814748
64.594,1.9153784767873927,6.151379630866316,0.0011153044883510377
64.614,1.9224895289379043,6.150934392863287,0.0011938788083857843
64.634,1.929521717994533,6.1504548438131526,0.0008808691980037864
64.654,1.935854131705088,6.1501666652782205,0.0009178206120819543
64.674,1.9430689332970386,6.149689835900881,0.0012397260771952745
64.694,1.949844537685702,6.149271559031153,0.0011770339188750534
64.714,1.9561211492088841,6.148992752687504,0.0006554018036492304
64.734,1.9632962331229031,6.148382056296533,0.0011736456701290643
64.754,1.9703648656554003,6.147905911383995,0.0012283538548552853
64.774,1.9765790670680534,6.147608815671139,0.0007409804950447019
64.794,1.9833969949824704,6.147127893225349,0.00108514316401348
64.814,1.9904918052038,6.146624740328027,0.0013076759869029286
64.834,1.9970992095738036,6.146220041216776,0.0011263266375177716
64.854,2.003440029070845,6.145867672575973,0.0009217617913985232
64.874,2.0105894096857813,6.145318408295357,0.0013223179589864353
64.894,2.017603972645501,6.144799842720169,0.0013002807061672506
64.914,2.023574313836082,6.144544710860508,0.0007391591431295252
64.934,2.0306644527060196,6.143981494859353,0.0012668290068973687
64.954,2.037751972276705,6.143454544377655,0.001363594622060399
64.974,2.0439949960878825,6.143089217569721,0.0008971817733730847
64.994,2.0509481034984005,6.142546608761503,0.0011989616867317254
65.014,2.0580797185327904,6.141994350401149,0.001415113453959671
65.034,2.0648767741729044,6.1415168877888355,0.0012784232218334413
65.054,2.07101800069615,6.141205035763242,0.000930309276096497
65.074,2.0781591568361995,6.140625478972973,0.0013947412966943684
65.094,2.085243527343798,6.140060811712787,0.0013480732917778016
65.114,2.0912538199487614,6.139765225502223,0.0007873474677765613
65.134,2.098441385786605,6.139178277268042,0.0013361205266468057
65.154,2.1055766792058552,6.138639251877822,0.00145906653035352
65.174,2.1119638202057147,6.138215279281817,0.0011006432707715286
65.194,2.118742625809361,6.137684988240156,0.0011896450022587934
65.214,2.125832465715853,6.137130034012751,0.0014601914869411259
65.234,2.13287877609288,6.136574402316387,0.00130814608817037
65.254,2.1388029970312297,6.136329974983789,0.0009137451642677041
65.274,2.1460921246007554,6.135732122881184,0.0014289125260236735
65.294,2.1531777207534257,6.135176660804439,0.0014419545745349427
65.314,2.1592204131167536,6.134850268897634,0.0008018579098427736
65.334,2.1661495651333844,6.134323535619789,0.001288405408908011
65.354,2.1732491939569494,6.133775399498071,0.0014446113681552686
65.374,2.180173899871445,6.133251060452118,0.0012123628703866185
65.394,2.1863754362541097,6.1329103760940695,0.0010704069298119734
65.414,2.193453108099256,6.1323371637433475,0.001432604429478318
65.434,2.200147575114635,6.131800339447648,0.001289034931670291
65.454,2.205738490863187,6.131468879482668,0.0006925700911484534
65.474,2.2116198290125815,6.131008631821476,0.0012053773436016546
65.494,2.2170819499801273,6.130572184133203,0.0014066168055494321
65.514,2.222138943606716,6.130168940849572,0.0013155393926704562
65.534,2.2264644930356274,6.1298827259136095,0.0010617669649204409
65.554,2.23052051231611,6.129602223656882,0.0007723970674395619
65.574,2.2343763683449738,6.12928255670247,0.0011373316911475473
65.594,2.2379863602837577,6.128991513023127,0.0013288450693988985
65.614,2.241336689522322,6.12869978142132,0.0014341957819022644
65.634,2.244181427301185,6.128351551819245,0.0013322746329109958
65.654,2.247148231004669,6.128042625935098,0.0011559734759109264
65.674,2.2498712521266264,6.127726646118511,0.0009248058435914197
65.694,2.252475041147931,6.127470437503647,0.0010466173038317927
65.714,2.254727094330206,6.127165523883196,0.001121722461092406
65.734,2.2568437304056235,6.126821724790448,0.0011316761545927811
65.754,2.2589788489299214,6.126431275058322,0.0010783397221841295
65.774,2.2609894183561012,6.126013622939391,0.0009354840490339578
65.794,2.2629700515293134,6.125555097868374,0.0007113829862480103
65.814,2.2649890970125965,6.1252131391527636,0.000772996025610484
65.834,2.2669387997886337,6.124801115286291,0.0008956316952390131
65.854,2.269076312371887,6.124312019542715,0.0009420237795276509
65.874,2.271232223864177,6.123901722805883,0.0009660537016321358
65.894,2.2733934569298184,6.123449227933382,0.0009049669730413212
65.914,2.275384534918455,6.122975113339621,0.0007795266441310567
65.934,2.277383570191862,6.122540284597853,0.0007691614960231574
65.954,2.2792845293159276,6.1221081297870885,0.0009559290109535379
65.974,2.2812418301942823,6.1216341879237115,0.0010710725937707888
65.994,2.2831961366324927,6.121118354642257,0.001114908960442168
66.014,2.2851505883890497,6.1205569981994365,0.001088449659500973
66.034,2.2870941158820948,6.119956271814927,0.0009821456235909742
66.054,2.289026291693671,6.119324478938391,0.0008362805603265577
66.074,2.291004419438281,6.118777877696349,0.0010354587601075493
66.094,2.2928439283755404,6.118173029685369,0.0011692882240476599
66.114,2.294756845297598,6.11752123129201,0.0012338279006206543
66.134,2.296668129452909,6.116829248054521,0.0012236908642746513
66.154,2.298567736088756,6.116094168883923,0.0011359184252709431
66.174,2.3004472123392197,6.115319297490721,0.0009692240767953386
66.194,2.30237478649073,6.114614614325714,0.0010641179389406785
66.214,2.304153683153778,6.113877428916533,0.0012196195374185315
66.234,2.3060161533735197,6.113094376374017,0.001301127430205995
66.254,2.3078680794746362,6.112269812982865,0.0013084737526390389
66.274,2.3097146306948595,6.111404270187777,0.0012385394725008547
66.294,2.311539165887816,6.110499657391451,0.0010901599784117477
66.314,2.313406085392342,6.109643969286321,0.0010502144573615868
66.334,2.3152196848203044,6.1087757093045205,0.0012163417326987724
66.354,2.316970936327313,6.107867214431843,0.0013161192198994365
66.374,2.3187640695255505,6.1069170456122475,0.0013410850849024658
66.394,2.3205400720571756,6.105928430755377,0.0012903062482066963
66.414,2.3222869029169524,6.104900922546324,0.0011589593699229683
66.434,2.324020607142275,6.103835538901439,0.0009462058752644498
66.454,2.3258527777259648,6.102861421892713,0.0011573964226739564
66.474,2.327515439602712,6.101857507553056,0.001277187619122544
66.494,2.3292300236200507,6.100775142537758,0.0013210552300693679
66.514,2.3309362895830548,6.099660899334058,0.0012853471067565958
66.534,2.3326237006786843,6.098510212102703,0.0011719091013382144
66.554,2.334282628310218,6.09732507576845,0.0009771116953787296
66.574,2.3360192819112173,6.096220234964541,0.0010474827229550454
66.594,2.337610191384364,6.095062978248319,0.0011793085009296767
66.614,2.3392417558611704,6.0938642204508096,0.0012439440944085056
66.634,2.340854829662732,6.092633548937729,0.0012269906968684907
66.654,2.3424574368610602,6.091368207155065,0.0011295359649647896
66.674,2.3440244818034977,6.0900717825140855,0.0009512518135587067
66.694,2.3456600365265587,6.088823261593368,0.0008889222234834959
66.714,2.3472598518261587,6.087532534796209,0.001034759379055672
66.734,2.3487740392619134,6.086182138871968,0.0011210574355722536
66.754,2.35045039856173,6.084742915319835,0.0011269504419796905
66.774,2.3521000440253106,6.083265631643292,0.0010431923789702702
66.794,2.353715542571776,6.081756117322483,0.0008709645858002713
66.814,2.355201632465319,6.080318004239351,0.0006707056609833173
66.834,2.3568704944661825,6.078964892210974,0.0008564799438136594
66.854,2.3584756526775625,6.07757363119779,0.0010181200494226716
66.874,2.360133076552454,6.076135568603275,0.0011058477110039155
66.894,2.3617663351567337,6.0746618351043775,0.0011060931332358415
66.914,2.3633647066959274,6.073159122535197,0.0010231616408062638
66.934,2.364591609621015,6.071919080553938,0.0008786940205033067
66.954,2.36557492310152,6.07100073960021,0.0008698169398821676
66.974,2.3662527406290628,6.07038301381848,0.0009668622052421694
66.994,2.3667685652738024,6.069926262595967,0.0009883996025140118
67.014,2.3669116499183183,6.069700924812442,0.00108540068255783
67.034,2.366761277488552,6.0697497905259485,0.001218483056281805
67.054,2.366346982167982,6.070105761795469,0.001320920564005984
67.074,2.365604849103706,6.070846228178136,0.0014104734819992693
67.094,2.3645306697886057,6.071966868395249,0.0014582745377670625
67.114,2.363223543784097,6.073425098372617,0.0014487632232841052
67.134,2.3618118304808746,6.075056052941053,0.0013534468285960333
67.154,2.360414246908004,6.076724588523844,0.001170386652804195
67.174,2.3588567422539697,6.078456487360205,0.001239113426991928
67.194,2.3571935164126785,6.0805161339688825,0.0014148324262165113
67.214,2.3552683738367945,6.082937690727326,0.0014419192555476523
67.234,2.3536484926172725,6.085097896360153,0.0013243335594340377
67.254,2.352472242361449,6.086803453067176,0.0011146165841900424
67.274,2.351472321777107,6.087994593910138,0.0012842179096038964
67.294,2.350646316993415,6.0890458539977175,0.0014344257348787026
67.314,2.3500048886547558,6.089875718174663,0.0014818252679691668
67.334,2.3496041881615306,6.090372460378763,0.0014431746024848313
67.354,2.349395873078836,6.090553768888599,0.0013292872443911308
67.374,2.349381891732358,6.090395337258445,0.0011344564956723424
67.394,2.3496313417695704,6.089900914173029,0.0009436973178993668
67.414,2.3501795030685346,6.089015470913271,0.0010506112528179679
67.434,2.3509774004952,6.0875607335731665,0.001127549441767406
67.454,2.3519049670890553,6.085716015960227,0.0011361323472760254
67.474,2.352868556163508,6.083503607365672,0.0010354717439075012
67.494,2.353880747700716,6.080951287502727,0.0007693012812846345
67.514,2.3551893271908453,6.078096071654278,0.0010845982036472301
67.534,2.3564513007296717,6.074988065526986,0.0012627684835585795
67.554,2.357859399467177,6.071305789705556,0.001226435397719411
67.574,2.3592219138085575,6.06739484267288,0.0010985327262569011
67.594,2.3606270190283216,6.0634232695802215,0.0014372236613717781
67.614,2.3619254510877687,6.059388087692422,0.0015365289775942093
67.634,2.3632114124867902,6.054937199325026,0.0013760909286233691
67.654,2.3646418728396004,6.050220613896856,0.0013521111506035743
67.674,2.3659966381120716,6.045228876933332,0.001394632013303726
67.694,2.3672706649126316,6.040252722332851,0.0011991128749169189
67.714,2.368732259691778,6.034724743793207,0.0011437281195682547
67.734,2.3701892270040488,6.029486786793661,0.0014940666854582896
67.754,2.3714482113318573,6.024154773365364,0.00157481209787938
67.774,2.372676993432553,6.018838331955122,0.0012852622478569942
67.794,2.37397580918124,6.013329138294875,0.0009018308504191441
67.814,2.375270808979016,6.007723827663229,0.0013891860633152286
67.834,2.376579655221654,6.0018061862686745,0.0015079858398359125
67.854,2.377640098711601,5.996331846225609,0.0013836198974360447
67.874,2.3787356834780184,5.991115910362267,0.0011660888087258736
67.894,2.380012985310472,5.984384833418252,0.0014975536537971679
67.914,2.3813213925526173,5.977807738909143,0.001434031683417769
67.934,2.3828257496999825,5.9710020810509326,0.0012383913990502426
67.954,2.3841210016395835,5.964117371277704,0.0012067711500458878
67.974,2.3854237123081994,5.957324948002126,0.0013618043416203374
67.994,2.3867794201516017,5.950832843657047,0.0010587608076562394
68.014,2.388248077542291,5.9440657638177345,0.0011169189274984337
68.034,2.3895769920711736,5.936965465032957,0.0014239149112175442
68.054,2.390805690782154,5.930470102643373,0.0011738000424805495
68.074,2.3922872591632918,5.923556824237046,0.0012151995433848373
68.094,2.3936190267526594,5.9165656822812265,0.0013701156126551262
68.114,2.3949361968769134,5.9097157984133055,0.0014847011690931056
68.134,2.396099921271626,5.903605782514764,0.00114794492886941
68.154,2.397448493107764,5.896947019978647,0.0009993214734629885
68.174,2.3986681636935017,5.889844702857828,0.0016539195483317448
68.194,2.3996845349050737,5.883626834433745,0.001204025970262118
68.214,2.4011774768096656,5.876683579739639,0.0011795496143402473
68.234,2.4024807795718233,5.869547815460584,0.0013184618993942188
68.254,2.403790513333005,5.862775570778194,0.0012079758101455618
68.274,2.405010517587073,5.856565971886467,0.0013093528979169766
68.294,2.4063594550568963,5.849933721821331,0.001055005235698181
68.314,2.4075309849418782,5.843283055081664,0.001433717743151125
68.334,2.408669761107141,5.837043352168621,0.0007960205448770408
68.354,2.4101223052804026,5.83035830055275,0.0009706907997205361
68.374,2.4113995387313305,5.823325276423695,0.0013762596878731104
68.394,2.4125989013090297,5.816925314771611,0.0012110228008317958
68.414,2.414039713135086,5.810184662635169,0.0010039412655786228
68.434,2.4153539800926214,5.803362007887359,0.00111486382677356
68.454,2.4165581171881603,5.797303130749048,0.0010808790963482418
68.474,2.4178552224924963,5.791347558072689,0.0009862931165675326
68.494,2.419108271400325,5.785438006511231,0.000974613745609032
68.514,2.420172621254845,5.7797995206990045,0.0010381838278190614
68.534,2.421229254956701,5.774432449253257,0.0007875859089666315
68.554,2.4224461262967636,5.768812652354262,0.0009499441687803034
68.574,2.4233611418297967,5.763587017947974,0.001038904184628875
68.594,2.424339058249576,5.75810893865541,0.0007528179124158818
68.614,2.4252563578448294,5.752510591591267,0.00048806979421164853
68.634,2.4263598234294124,5.746975291152085,0.0010568084550452994
68.654,2.4272352210038783,5.7413541646164274,0.0011183047103618116
68.674,2.4279840269875903,5.736224770882307,0.000890692560041817
68.694,2.4288519801406236,5.730709123159246,0.0007052162296341813
68.714,2.4296235644059956,5.725056997972183,0.0010172582667573038
68.734,2.4304409640422744,5.719126998370063,0.00109556541494657
68.754,2.431160847577852,5.713461856834735,0.0009566253795058599
68.774,2.4320073382539547,5.707789790973927,0.0009308209695978453
68.794,2.4325471391885087,5.701169294881939,0.0009640710174878275
68.814,2.43327352259046,5.694169543107029,0.0010308087238611874
68.834,2.434083567863538,5.6876829721018085,0.0010045383561053667
68.854,2.4347898824286496,5.680897197744795,0.0009540444192012165
68.874,2.435390867425766,5.674072597694671,0.0011812187984334421
68.894,2.4361182617532555,5.667325433065635,0.0010997206583078512
68.914,2.43693538142247,5.660408037758954,0.0012718195874786842
68.934,2.437406413176356,5.65422253648141,0.0012237717387714175
68.954,2.4380904002018196,5.64751448069625,0.0011256640260312034
68.974,2.438987310427832,5.640450981668205,0.001518580810763448
68.994,2.439706923685652,5.633840365073404,0.0014439504645825385
69.014,2.4403917159637722,5.626972910400418,0.0012860358070131972
69.034,2.441274205744716,5.619874040711576,0.001300038113646984
69.054,2.4421112026336593,5.612820125207606,0.0012840639526389697
69.074,2.44267323923819,5.606378134134004,0.0015540014641765854
69.094,2.443396347233516,5.599741799354373,0.0013291071358037254
69.114,2.4442372645655808,5.593013648070893,0.0016581761391941396
69.134,2.4449328934889296,5.586560283355352,0.0012139772630071488
69.154,2.4455686983913707,5.580035889314462,0.0012677812520554554
69.174,2.446559168662635,5.572951671088146,0.0015423605103280502
69.194,2.447278995952607,5.566415671585762,0.0013469847975753901
69.214,2.4479672971514517,5.559793239668664,0.0015611098498680143
69.234,2.4489117732627226,5.552954010963131,0.0014106446834690478
69.254,2.4497727995701157,5.546093628393361,0.0017010350106288485
69.274,2.4505890519300366,5.539409078205889,0.0014072123430030892
69.294,2.45142121241559,5.532262850690324,0.0012997006570214242
69.314,2.4524530727901945,5.525204298517835,0.0017026576601465726
69.334,2.4532057018800986,5.51887423674072,0.0012961336745254681
69.354,2.4539354513405396,5.512037759772639,0.0015168228064662559
69.374,2.4549587147721117,5.50499215417985,0.0016238097510415106
69.394,2.4558269583465426,5.49826486099004,0.0016655625880990232
69.414,2.4566047186387605,5.491363721923429,0.0015299396007439348
69.434,2.4575674641456264,5.484174396856033,0.0013969368514333003
69.454,2.4584997660053096,5.477307289693555,0.0017294076001122538
69.474,2.459164122117285,5.471028983933663,0.0014358836299485922
69.494,2.459980437674558,5.464032012506605,0.001376817573657263
69.514,2.46100528002984,5.45694194813037,0.0016965402884929204
69.534,2.4617296752561524,5.45063033845213,0.0014231983415178562
69.554,2.4624830230918033,5.4438169602178945,0.0015423118471648567
69.574,2.463476716968383,5.436771278807848,0.0015302238077409547
69.594,2.464299547243691,5.430140865573113,0.0015947455618522122
69.614,2.4650836595420924,5.423520358988881,0.0014437485821338358
69.634,2.465998822511038,5.416552853491741,0.001289545422595656
69.654,2.4669792056848237,5.409589882800114,0.001694481646004914
69.674,2.467729407246316,5.403065528652873,0.001355758078879804
69.694,2.4685021383832515,5.396365213670673,0.0014626791610782008
69.714,2.4695278159124654,5.389385743415328,0.0015795132823991087
69.734,2.470396914104124,5.382676366736246,0.0015700991543663168
69.754,2.471259084935485,5.375744332807923,0.0013257568910516326
69.774,2.472275563559464,5.368581280718187,0.001305137028899589
69.794,2.4732216720338243,5.361672844408985,0.0013675618968701786
69.814,2.4738776635282336,5.3552604735107305,0.001351190321689899
69.834,2.4747093559274025,5.348602201741094,0.0010328889069858849
69.854,2.475680251583418,5.3421545661532495,0.0014890435989322603
69.874,2.4764121661812624,5.336300941127111,0.0011239004803343111
69.894,2.477051470097171,5.330307688989222,0.001234762392327976
69.914,2.477836396069045,5.324624382459363,0.0011626072422354083
69.934,2.4786133027922257,5.3187815217379635,0.0012404344120105215
69.954,2.4791374097128416,5.313190227983121,0.0010985574327897485
69.974,2.479540269090966,5.3085044025334565,0.0006139533107858974
69.994,2.4802115778311737,5.302919537833044,0.0009646543800095608
70.014,2.480748265645425,5.297309428336521,0.0011789672304209076
70.034,2.4810998763357235,5.29213129029975,0.001025505734823573
70.054,2.481655617904183,5.286311663280971,0.0007378391647274718
70.074,2.482188056993565,5.279821128676785,0.0010810325258567566
70.094,2.4826396977022656,5.273240046711666,0.0012252920945137746
70.114,2.4830418740270184,5.266959894541627,0.0007354714965314424
70.134,2.4836648547131603,5.260269189155131,0.0007328854259771034
70.154,2.4840738913470624,5.253040198764374,0.0013462867294365966
70.174,2.4844063636494567,5.246377373943518,0.0011239069949327274
70.194,2.4848884892734278,5.239998918152511,0.0008613438546190844
70.214,2.48525733332638,5.233030917819305,0.0012229806712954483
70.234,2.4856354108639866,5.226011504315292,0.0014356681165378637
70.254,2.485846467844542,5.219986434298761,0.0007732907527552568
70.274,2.4863728144661827,5.21291937032988,0.0008923432766211048
70.294,2.4867178556558485,5.2058062665119325,0.001234621761018212
70.314,2.487126443455988,5.1989458431418765,0.0009574181522178926
70.334,2.4876778957773333,5.192161435979325,0.0011989422813693251
70.354,2.488059467270499,5.1854307159219335,0.001270246867554753
70.374,2.4884504991634584,5.178510199764024,0.0013173093593496221
70.394,2.488782813003203,5.17254014670532,0.0008669710897897531
70.414,2.4891625964240416,5.165629975425598,0.001095523312817731
70.434,2.489559661365202,5.158343141603291,0.0011837001814105352
70.454,2.48994839713312,5.1515741220421924,0.0010342318868773182
70.474,2.4904255333847765,5.144873190794875,0.0012023924802551933
70.494,2.4907081295659843,5.138045042706365,0.0014637365679650294
70.514,2.490951427434247,5.131374635525009,0.0012784759252238431
70.534,2.4913197127054496,5.124780146612341,0.0010228364584121685
70.554,2.4916284235725095,5.117600679969373,0.0012648268396420193
70.574,2.491968081255014,5.11068630027863,0.0011644747043022263
70.594,2.49244609447551,5.103909431901503,0.001216013222654827
70.614,2.4928549339203037,5.097057088568893,0.001065316018402096
70.634,2.493115611967143,5.090021036745472,0.001572967049412649
70.654,2.493400421357909,5.083526242324009,0.0010478188417147871
70.674,2.4939279154675384,5.0763731905881455,0.0011624643129538037
70.694,2.4942282591237017,5.069220174907705,0.0014528486874890167
70.714,2.4946805743258342,5.062172111709373,0.0011723312313337841
70.734,2.495097558951508,5.055702945860972,0.001179358787784246
70.754,2.4954168207139866,5.048610402627723,0.0014712760269079417
70.774,2.4957880753153137,5.041740855156336,0.0016304681024350842
70.794,2.496270109056876,5.035066562441414,0.0011011614585320073
70.814,2.4967930127463074,5.027733960130234,0.0011482665486192423
70.834,2.497120575467322,5.020712822992183,0.0015393644409109897
70.854,2.4975809918290084,5.013892533578677,0.0012972313823322035
70.874,2.4980360537617443,5.007329070010462,0.0012320608592281124
70.894,2.4983625609891913,5.000162241374563,0.0016939101215120156
70.914,2.4986184728764074,4.993660764873674,0.0015294446190728672
70.934,2.499164909792729,4.986774654824305,0.00135889146724813
70.954,2.499605582607326,4.979500948907905,0.0014723124943920307
70.974,2.500005289435873,4.972495253784631,0.0015531674942150797
70.994,2.500462116119532,4.96577887773645,0.0014428257519393528
71.014,2.5010122593614024,4.9588955510240025,0.001549033757447138
71.034,2.501341178889879,4.951986470075054,0.00184492307893519
71.054,2.501665827759022,4.9453572963717685,0.0015838107362561027
71.074,2.502098704559275,4.938774818452479,0.0013438064397854332
71.094,2.502470013120177,4.931607898804327,0.001640172797949424
71.114,2.502798112984368,4.924952155188961,0.0015094423414890867
71.134,2.5032945833304274,4.918278362150019,0.0012429628460857434
71.154,2.5036651073680485,4.911195750019697,0.0015152025665790547
71.174,2.504055486466815,4.904163916703042,0.0017583448257398049
71.194,2.504318172633569,4.89788861513636,0.0011021948155778838
71.214,2.5048655033560827,4.890853131180113,0.0011023051541759754
71.234,2.50518044691463,4.883842859212892,0.0018103676434235438
71.254,2.505495876274294,4.8773714802747,0.0013750093339060798
71.274,2.506025431059517,4.87079336902881,0.0012055502757671865
71.294,2.506397899323057,4.863686206130428,0.0015811575456691207
71.314,2.5066691306078517,4.857019446650834,0.0015483829026019802
71.334,2.5070467403514956,4.850542581784905,0.001126050705752557
71.354,2.5074308723116716,4.8435046634172,0.001328228061467679
71.374,2.5078067833630167,4.836317702610938,0.0016351009083610535
71.394,2.5079651745831457,4.8302662038651505,0.0010871227990890686
71.414,2.508482292389493,4.823583393496625,0.0009733599321768149
71.434,2.5087559048966046,4.816319600032226,0.0015875553350218063
71.454,2.5088887170446847,4.809986055887497,0.0012571071872336526
71.474,2.509307099301327,4.803288971973743,0.0010594958779469588
71.494,2.5096028390608893,4.79620393941642,0.0014062197122144404
71.514,2.50990862484307,4.78919789482826,0.0014865901855220243
71.534,2.510136905078404,4.783120449205845,0.0008883017857292119
71.554,2.5104380076316106,4.77618468067132,0.0010291304902678433
71.574,2.510698799022979,4.769029689058031,0.0012711107642027764
71.594,2.510963231999533,4.762377244147801,0.0008929412429703465
71.614,2.511395838099644,4.755334674411257,0.0008609038488169851
71.634,2.5115930826397466,4.748206884079429,0.0013337306918920766
71.654,2.511810588497721,4.741552956403283,0.001121035213090843
71.674,2.5122146161181926,4.734881231822947,0.0009835151229512507
71.694,2.5124952780375014,4.727935287375869,0.00116363712674189
71.714,2.512740430194146,4.720820003908563,0.0013744389211472474
71.734,2.512824976361751,4.714728661474614,0.0007313999479345024
71.754,2.513167098461857,4.707822378421523,0.0008035505920009067
71.774,2.5133426242332204,4.700608653582849,0.0013304057284737325
71.794,2.513366464064491,4.694531283776627,0.0008125537591404386
71.814,2.513734858623445,4.687588970871042,0.0008683404293155783
71.834,2.51388480526717,4.680477281588851,0.0012734142525880898
71.854,2.5140183476613225,4.673926542200208,0.0012115689976199273
71.874,2.514334413939775,4.667325581674209,0.0008354623697442998
71.894,2.514614557386583,4.660064746632618,0.000979324747532928
71.914,2.5148148326842645,4.653056291573438,0.001250624608863049
71.934,2.5150546781625223,4.646653224891495,0.0007969883920575238
71.954,2.5154412431205917,4.639872899329537,0.0008766559586478873
71.974,2.5155908436245764,4.63289510522587,0.001317631186546514
71.994,2.5157242005344664,4.626214990351743,0.0009392754908668643
72.014,2.516073834861873,4.619554328025217,0.0007509237337281205
72.034,2.516249855615583,4.612396401270566,0.001238994604422533
72.054,2.51635588839242,4.605695591232478,0.001113776639990266
72.074,2.51664797968236,4.598998046932053,0.0008100248204403471
72.094,2.5168359504557465,4.591928225904568,0.0010307214217542549
72.114,2.5170164293622923,4.58493297632394,0.0012746645667682521
72.134,2.517186306436306,4.578537934218877,0.0008182832276217022
72.154,2.51751566344007,4.571541082122284,0.0008087836969130069
72.174,2.5175965377768765,4.5643741712542925,0.0014109042589928733
72.194,2.5176873745710266,4.557809937187898,0.0011261368503666935
72.214,2.5179822624910693,4.551191756535973,0.0009223747038517582
72.234,2.5181183508838942,4.54408473273673,0.00131692793715249
72.254,2.5182699973823697,4.536951210635188,0.001318703197355775
72.274,2.5184684244274687,4.530286969838247,0.001102846522709422
72.294,2.518664518254189,4.523613441847709,0.0010969540820458257
72.314,2.518689984167271,4.5162428211845285,0.0016395189269966248
72.334,2.5186115344485143,4.509690356819428,0.0012025421994571184
72.354,2.5187703791445073,4.503285529466788,0.0011244374310914462
72.374,2.518793079683497,4.496107883026159,0.0015903330887970801
72.394,2.5187608741164014,4.48903307939783,0.001470379195654875
72.414,2.518847713029209,4.48254269229491,0.0013823572320821875
72.434,2.5188548307240635,4.475750920877731,0.0013813869127072276
72.454,2.5187593692501746,4.468623306788388,0.001825360632666917
72.474,2.518648698788881,4.462257504291956,0.0011688610227666152
72.494,2.5188004296378215,4.45514558463124,0.0012891608971685176
72.514,2.5187014826547816,4.448003533275254,0.001616178036955046
72.534,2.5187850200667232,4.440941337054387,0.0013458017493636343
72.554,2.5189209276109183,4.4344833572818905,0.001253227265139878
72.574,2.5188803717972967,4.427498254651773,0.0016940614722970038
72.594,2.5188745282301146,4.4206351189291295,0.0015835361618838917
72.614,2.518997564109185,4.414186702373628,0.0012093313962933672
72.634,2.5189499314201376,4.4072197471521735,0.0014968524707772157
72.654,2.518887189305849,4.400023329538086,0.0017129532728835661
72.674,2.5188042037006797,4.393638940415688,0.001222328974490483
72.694,2.5188622158134075,4.386977480437632,0.0011161471131960199
72.714,2.5186831719918112,4.379561354510263,0.001720644534144583
72.734,2.518519180614443,4.3728831174822655,0.0014446034139014852
72.754,2.5185360907354193,4.366350557262677,0.0011962333648855572
72.774,2.5183762512014294,4.35919343944523,0.001636389912829661
72.794,2.5181867367339756,4.352055882619248,0.0015166834766257298
72.814,2.5181297078112985,4.34552412917994,0.0012697314286274908
72.834,2.517971034065829,4.338755341220559,0.001346579010985366
72.854,2.5177360652471417,4.331362103300335,0.00170168545750915
72.874,2.5174512996176377,4.325164409157093,0.001203090868240747
72.894,2.517376931269841,4.3185797549563825,0.0010416324557683543
72.914,2.517017524937267,4.311185002387598,0.0015457635412827186
72.934,2.5167631149028424,4.30439838372696,0.0013785312540258443
72.954,2.5166337581687257,4.297914143818126,0.0010567119911823464
72.974,2.516248182315543,4.290700988330619,0.0013691436466991835
72.994,2.516021982167537,4.283463492430233,0.0013425460289910318
73.014,2.515836823130093,4.277139467825797,0.00099701703736077
73.034,2.5155981085420662,4.270124285044553,0.0010919167549340858
73.054,2.515248318561346,4.263000381108902,0.0014786295920365677
73.074,2.515083233964546,4.2566001568184895,0.0010710720537660257
73.094,2.5149371613311757,4.249820428823163,0.0009793910368101344
73.114,2.5144985140378147,4.242671061864877,0.0014747145297933084
73.134,2.514194295334812,4.235794437642857,0.0012382656930121916
73.154,2.5140080700046847,4.229362797873583,0.0009746495983317394
73.174,2.513640265962388,4.222456159423839,0.0012181822139500365
73.194,2.5132477107709352,4.215287701950628,0.00128493567248536
73.214,2.512911849688756,4.2088719050659344,0.0007553805340615172
73.234,2.512620612199497,4.201962551256582,0.0008350238355283035
73.254,2.512157853313036,4.194774145122126,0.0012724738195129814
73.274,2.511882217978958,4.1883677715921825,0.0009071573068684669
73.294,2.511624591823898,4.181595359513002,0.0008180665929526376
73.314,2.511088979082125,4.174485171710386,0.0012774102681878674
73.334,2.510688813865638,4.16759294663931,0.0011644626663054325
73.354,2.5103962001024045,4.1612221937478004,0.000826224870363601
73.374,2.5098966260062907,4.154436377714474,0.0010460701052472654
73.394,2.5093767646683602,4.147222873520036,0.0013421844054833099
73.414,2.508940619388856,4.140988494992742,0.0007100682021954074
73.434,2.5085788612625652,4.134140219782107,0.0006928355309416823
73.454,2.5079558454481137,4.126958323224513,0.0013068370882193536
73.474,2.507558217553968,4.120642120299039,0.0010230494822277558
73.494,2.5071659314366284,4.113841603140949,0.0009838291526223508
73.514,2.506606218880568,4.106715318736026,0.0010589472850371096
73.534,2.506058129490067,4.099680097518107,0.000984488215316548
73.554,2.5059024583939857,4.093332420459648,0.0007943537942834422
73.574,2.505435410608955,4.086604478891893,0.00089173965886849
73.594,2.5048992876984952,4.0795377280778045,0.0013340891198436178
73.614,2.5044150746279,4.072894967976415,0.0008596931312231382
73.634,2.5040032964186363,4.0659574879326845,0.00093562776758499
73.654,2.5033305413777023,4.058862149893634,0.0012649008946993834
73.674,2.502788315131559,4.051740061398443,0.0010051115732234162
73.694,2.5025120355203145,4.045280271785081,0.001000437756028344
73.714,2.501956739495529,4.038569400636637,0.001121956914575034
73.734,2.5013814566971013,4.03160615482219,0.0012735107010232727
73.754,2.5009845143074276,4.025136937540236,0.0008068845889184217
73.774,2.500447537932957,4.018239921592382,0.0009249419141238446
73.794,2.4997705686629184,4.0110565737480375,0.0013176382435600986
73.814,2.499333485818283,4.004602526941092,0.0009562020937192717
73.834,2.498856106357757,3.9978786397190396,0.0009238824610078578
73.854,2.498093951919298,3.9907524940023125,0.0014395062470745346
73.874,2.4975154006278784,3.983911663285902,0.0013358841248879705
73.894,2.4970726522898907,3.9775718598985548,0.001028558721366063
73.914,2.4963303853812433,3.970782868238015,0.001325049686430213
73.934,2.495655472481721,3.9637446941107637,0.0015833509902629106
73.954,2.494990734298542,3.9571703128137394,0.0009206112116088849
73.974,2.4944126017041564,3.950184133178686,0.0011266296336452097
73.994,2.493548376100868,3.943055875296969,0.001565365842966182
74.014,2.4928614327387133,3.9359617386209345,0.001304198328293843
74.034,2.492430022013272,3.929616353944528,0.001320780993265186
74.054,2.4916539359822996,3.9228923503904527,0.001595241121951807
74.074,2.4908924484553547,3.9158771118599884,0.0017737956967463775
74.094,2.4903689203821835,3.909635762558568,0.001155826065806026
74.114,2.4896882028404326,3.902651383302665,0.0012031828404493183
74.134,2.488761005235582,3.8955030001707276,0.0015959871526031177
74.154,2.4880578964629727,3.888754492302226,0.0013260560548754852
74.174,2.487426385501907,3.8821911522476307,0.0014145690957546309
74.194,2.486499172820641,3.8751311452445942,0.0017468812512211884
74.214,2.485751996539743,3.8684380163936605,0.0017211127479481447
74.234,2.485015461966991,3.8616312111252222,0.0012747450548936945
74.254,2.4840908093314376,3.8545332442929086,0.0015589093432515355
74.274,2.4831993390648868,3.8474533555700123,0.001528554834368534
74.294,2.482558774755723,3.8407453337261073,0.0012136765147039708
74.314,2.481913097632455,3.8341402570384724,0.0012132962714379303
74.334,2.480941323013659,3.8270927467601017,0.001727308955630169
74.354,2.4802762796316697,3.8206997069240773,0.0012805534625039694
74.374,2.479544700371867,3.8140817782669534,0.001132821806710621
74.394,2.4785564709734804,3.8068548414921395,0.0015962598988928378
74.414,2.4777443752670445,3.80003054039844,0.0013924424503673483
74.434,2.4769467031133674,3.7930015338763523,0.0012323757057977336
74.454,2.4759271454594445,3.7859319767444233,0.0015584516273874638
74.474,2.4749687943793206,3.778857199474603,0.0016639833685473115
74.494,2.4743855710255396,3.772898055947514,0.0011434837396404607
74.514,2.473635051691984,3.766412479050875,0.0010969592083116264
74.534,2.472554208161967,3.759082669258647,0.0016015314813917214
74.554,2.471816306373022,3.752688949560862,0.0012208182188800931
74.574,2.4709711807845713,3.7461340078598204,0.0011801334958704002
74.594,2.469913195133088,3.739101333706762,0.0015613144772183007
74.614,2.46892074757721,3.732154915927383,0.0014674325386369036
74.634,2.4682062616550797,3.725975575516372,0.0010483872147382667
74.654,2.4670607469829298,3.7190772579384923,0.0012808440193377568
74.674,2.4660242815019786,3.7121442328690253,0.0014566463576670408
74.694,2.465040604361855,3.705477319697804,0.0009062774650272776
74.714,2.4640627574603764,3.698620499997027,0.0009631611375003624
74.734,2.4627957732032066,3.691534224305271,0.0014476824471068572
74.754,2.4618581491588043,3.6851188781945297,0.0011219242959028264
74.774,2.46095033778247,3.6787400296975097,0.0009197038456629225
74.794,2.459670908857953,3.6717069102925786,0.0013218953606807526
74.814,2.45858640785305,3.664893037657516,0.0012581368438905338
74.834,2.457615254731443,3.6584648850566337,0.0008777512812543353
74.854,2.4564119825815514,3.6517110807775093,0.0010667983415198756
74.874,2.45509923327863,3.6445499401326567,0.0013949134441191002
74.894,2.4541785100386106,3.6385492098557837,0.0007711015304785462
74.914,2.4531370162827555,3.6318476778182176,0.0009185643045167835
74.934,2.4517923073295096,3.6248307848195034,0.001313388871334198
74.954,2.450702086878771,3.6184138738543155,0.0011168163435345269
74.974,2.4496007877079395,3.6118254841035613,0.0009615035471531308
74.994,2.448276220994766,3.6048837315267557,0.0010770333997451864
75.014,2.4469574537291523,3.5978696924065137,0.0010712171087467193
75.034,2.4460213070516343,3.5913983850375577,0.0008066752178683967
75.054,2.444918675736051,3.584749835848393,0.0007743247439803425
75.074,2.443522637253635,3.577657575043284,0.0011644487082403676
75.094,2.4423886986336503,3.57118351382285,0.0007539701437709878
75.114,2.4412159518826475,3.5645076365672024,0.0007777531721641917
75.134,2.439737413032886,3.557509715823947,0.0012641306555006282
75.154,2.4385819675158094,3.5511137884782906,0.0010889748071880312
75.174,2.4374031127445885,3.544571586460924,0.0009144330030115277
75.194,2.43599848311981,3.5376855660764264,0.001062180682534386
75.214,2.434550152565955,3.530654564772941,0.0012730880194076477
75.234,2.4335620641989735,3.5248006701454937,0.0007503145779254594
75.254,2.432295416328748,3.5179066382677986,0.0009729759259130277
75.274,2.430770535220176,3.51089652279111,0.001332873585379174
75.294,2.4295599143107776,3.504637284559233,0.0010896848090590494
75.314,2.4282820530644162,3.497986718043218,0.000992009515562331
75.334,2.4267702204466213,3.491031724118899,0.0012757569016161319
75.354,2.4253476984393205,3.484116831718265,0.0011657732781455155
75.374,2.4242264575100396,3.477787756876824,0.0011037905585130903
75.394,2.4229164463516555,3.47131219333288,0.0011066166012190237
75.414,2.4213821833636127,3.464316949016198,0.0015811079498242175
75.434,2.42013282206119,3.458110142546243,0.0010642885604917884
75.454,2.418820259135597,3.451288887653824,0.0011198890439958753
75.474,2.417305899056719,3.444331197709054,0.001394347356090897
75.494,2.415910578122685,3.4374182762674224,0.0011896164257925446
75.514,2.414842883916966,3.431102654623636,0.0012077431545650663
75.534,2.4134125029794755,3.424480480093296,0.0014427084373973276
75.554,2.411923870307903,3.4175710162069466,0.0015829286620178962
75.574,2.410673793842339,3.411317336027217,0.0011081173257529442
75.594,2.409266466911185,3.4044944039045553,0.0010537786334268995
75.614,2.4076017533086884,3.3974636768793065,0.0016534906257166804
75.634,2.4062765285411842,3.391065551969296,0.0012287152492555797
75.654,2.405104378109304,3.3848497172904937,0.0013522584312675723
75.674,2.403475026263073,3.3779911950637955,0.0016562055699053668
75.694,2.4020906593605504,3.371438905970443,0.0016775199615622072
75.714,2.4007658207625484,3.3650532575200094,0.001294443308391846
75.734,2.3991882853570927,3.35816391054274,0.0014187203664283166
75.754,2.3975432623929436,3.3511595351837036,0.0015426203296106111
75.774,2.3961765167325177,3.3446425824580945,0.0013367613334843986
75.794,2.394745539748433,3.3381523127304717,0.0013031191923860708
75.814,2.392991302121406,3.331217936186302,0.0018917700690418704
75.834,2.391412965246148,3.3245023933681037,0.0017560128688602072
75.854,2.3899183224748524,3.317699644131437,0.0013253332507460192
75.874,2.3882173077755087,3.310718322842245,0.0015514908767697566
75.894,2.386632458015726,3.3037881654661687,0.0014032296616002804
75.914,2.3850925180696776,3.2968614835473176,0.0013188479896820982
75.934,2.383626170172304,3.2904279556145957,0.0014107988949393357
75.954,2.3819081941760105,3.283384682952279,0.0015447122448882245
75.974,2.3804814490214747,3.276914422016111,0.0011754995569277504
75.994,2.378973240648571,3.2701943298923495,0.0011779862513009165
76.014,2.377183383080116,3.263166280013453,0.0017888872896082153
76.034,2.375770237653046,3.256938125783293,0.0014080391222826005
76.054,2.3743424184244026,3.2504727706902568,0.0014422891157126472
76.074,2.3725845846761047,3.243657261036592,0.0015429401330419312
76.094,2.3708519454816814,3.236713223025805,0.0015597467736422344
76.114,2.3695558435082056,3.230632432195287,0.0013038254098345359
76.134,2.3679271626227623,3.2241771087563555,0.0013272724262998192
76.154,2.3661095871683813,3.2171955286277165,0.0018241612302804244
76.174,2.3644935894409684,3.2108860679097257,0.0013145034806933964
76.194,2.3628584329308895,3.204141935952854,0.0012446260340961135
76.214,2.361007473685403,3.197241963265422,0.0014566724889988059
76.234,2.3592849420780087,3.190318619049719,0.0011888590347411965
76.254,2.357711114592947,3.1838565947240607,0.001217133367770462
76.274,2.3560266499249556,3.177400368612132,0.0014182335660862244
76.294,2.3542248829433006,3.1705716095994068,0.0014579143793301552
76.314,2.352814604717569,3.1644717171270025,0.0010130916115593247
76.334,2.351040144958181,3.1578747699704186,0.001103921928021806
76.354,2.349164286603595,3.15088163512285,0.0014268092654605158
76.374,2.3476334142786994,3.1446912751113403,0.0009286875774667802
76.394,2.3459731616314032,3.1381230907337683,0.0009332799874315345
76.414,2.343974181535288,3.131218738147369,0.0014339126644810074
76.434,2.342272657192441,3.1247805364144607,0.0012748159373920098
76.454,2.3407814301518606,3.118643957926787,0.0011261698975570111
76.474,2.3389248429502447,3.1119933373599684,0.0011000197731060868
76.494,2.337000732887314,3.1051449984587953,0.0014070848353512078
76.514,2.3355378992695184,3.099355822576925,0.0008306454553709819
76.534,2.3337694502970434,3.0926586280648407,0.0008994071464345776
76.554,2.3317360628058204,3.085697037870323,0.0013040788538159764
76.574,2.3301198022639174,3.0796188426257283,0.0009050465532320362
76.594,2.328393876849572,3.0731442316143345,0.0010407646820108918
76.614,2.326368041651685,3.066391435240991,0.0012467510785482416
76.634,2.324413642289034,3.059634666514483,0.0012115006761861669
76.654,2.3229754481707108,3.053884146023441,0.0008338110261081888
76.674,2.3210512484226378,3.0474193604608613,0.0010610361525176804
76.694,2.318941108770237,3.040343588886741,0.001196309050938732
76.714,2.3173179845135827,3.034358770932714,0.0006924595003836576
76.734,2.315385296145076,3.0279195221786424,0.0007108323804795869
76.754,2.3132731309262753,3.0211294351297844,0.0011522986749658015
76.774,2.3114247245405672,3.0148336286546487,0.0008253734553570202
76.794,2.3094915753429404,3.008226989928976,0.0008313106666244241
76.814,2.3073052894446375,3.0014706954920487,0.0011943181120041002
76.834,2.305365403538516,2.9950959345222183,0.0010781515780265427
76.854,2.3035796223690093,2.988758441797595,0.0008835859931738688
76.874,2.3014769865785105,2.9821249421407168,0.0009837449435249612
76.894,2.299433483863054,2.975562033328678,0.0013242828091287184
76.914,2.2974131058941434,2.969280127259638,0.0007221040730730488
76.934,2.2953757546056406,2.9623502906048444,0.0010523202142920796
76.954,2.2931318305445734,2.955556938952009,0.0013814046659024193
76.974,2.291010908797437,2.9488629329299374,0.0010255462508188817
76.994,2.2892041099980833,2.942591822043355,0.001329078751261592
77.014,2.2873517325417065,2.9363682053811972,0.001079289284738827
77.034,2.2851840677022532,2.9297494479051984,0.0013786977309796222
77.054,2.2833521476070153,2.923637649662207,0.0009795526351649986
77.074,2.281302233200186,2.91691449203557,0.0009128938778149853
77.094,2.279002475363294,2.910114605892047,0.0015334210807422533
77.114,2.277197899093202,2.904149985472319,0.001070116423350892
77.134,2.2753330700764827,2.8977969906124774,0.0012693081497768544
77.154,2.2730943305897875,2.891068941449465,0.0014934234552002879
77.174,2.2711091342488414,2.884705605325119,0.0015255470259493975
77.194,2.2692399617778674,2.8786261979658803,0.0011648888757533893
77.214,2.2670393135146383,2.871916064561979,0.0013254273164985675
77.234,2.26478239443909,2.865083820234937,0.0014359784881296522
77.254,2.2629447858434784,2.8589420270218855,0.001206625395601818
77.274,2.2609779729042696,2.8526226157930297,0.0011202687400105327
77.294,2.258676804728572,2.845832386860712,0.0018047448789697829
77.314,2.2565931826430825,2.8394627380769677,0.0015677232053102341
77.334,2.254499296444276,2.832794953767137,0.0013341180460226254
77.354,2.2521840135803557,2.825988471642539,0.0015269104433015268
77.374,2.249973043935972,2.8192602793480934,0.0013815535741323326
77.394,2.247936210485867,2.812696726206497,0.0013444801794352812
77.414,2.2459144630429946,2.8064042895507537,0.001408731870959662
77.434,2.2436496638043524,2.7997837455088512,0.0016655850819129459
77.454,2.2416483668139464,2.793522858094067,0.0011810060515607401
77.474,2.2396520120136962,2.78708465847099,0.0012859284719616282
77.494,2.2372734435361528,2.780239238518006,0.0017475316290167797
77.514,2.235199861866732,2.774059916291739,0.0015114183255350577
77.534,2.2330582876909633,2.767480032552455,0.0014577086646206106
77.554,2.2307126996599553,2.7606934271974035,0.0015303728976298892
77.574,2.22843252618017,2.7539700750755576,0.001410762880444838
77.594,2.226658539078535,2.7477763402526603,0.0013268176415099364
77.614,2.2245209727253004,2.74135256954549,0.0013514364620634267
77.634,2.222177057287677,2.734627008365203,0.001910284789832406
77.654,2.220038118745615,2.728275447552268,0.0015471692631738587
77.674,2.2178932442814046,2.721625702445834,0.0013236900119554251
77.694,2.2154801605002166,2.714881246735929,0.0015690059457340033
77.714,2.2132407459944026,2.7081295099873177,0.0013052361317314742
77.734,2.2112572889087234,2.7017737649980758,0.0012632979091005692
77.754,2.208959985719025,2.6951698942530085,0.001520625285155397
77.774,2.2066797973276584,2.688534499877697,0.0015923307567017597
77.794,2.2048929175550454,2.6826765128202705,0.0011476108799709228
77.814,2.2027207110110347,2.676246436758603,0.0011744744785906203
77.834,2.20024826520329,2.6693416819261557,0.0016461798323974541
77.854,2.198334508020496,2.663470253559499,0.0011840197614219894
77.874,2.196306655665198,2.657186249194262,0.0012842966373420028
77.894,2.1938967098305393,2.65055491854817,0.0015216955921981967
77.914,2.1917067717000798,2.644172396982967,0.0015381289075203364
77.934,2.189641155601086,2.6380975125673523,0.001102735123773263
77.954,2.1872884239483863,2.631445322639656,0.0011916918345678262
77.974,2.18482523364874,2.624705973741601,0.0013876377158003883
77.994,2.182790871059552,2.618581869229463,0.000994149353558904
78.014,2.1806389378757762,2.612258285295936,0.0008994118457367473
78.034,2.178192048161719,2.605578945975215,0.001580433636657358
78.054,2.1760530552279786,2.5994608638206813,0.0012619545300831259
78.074,2.17399694548699,2.5933631260555474,0.001102163491139757
78.094,2.1715428249505404,2.586783059646198,0.00121058899865642
78.114,2.1690689501185707,2.5800425693313027,0.001098885964357893
78.134,2.167021696665769,2.573901213814545,0.0010966668755557074
78.154,2.1647697267556367,2.5676719328280297,0.000960118474016558
78.174,2.162274927815435,2.5610534245748324,0.0015576496714928834
78.194,2.1599235465048365,2.554718606981309,0.001207545081175071
78.214,2.157581027320632,2.5481087940378844,0.0009028767006914185
78.234,2.1550442864449355,2.5414725289382814,0.001144122020575622
78.254,2.1526385813222038,2.534820576182587,0.0008422643775682359
78.274,2.150312892536719,2.5282466914248904,0.0009671648314356351
78.294,2.1479091331743723,2.5218772326462253,0.0010579878873344106
78.314,2.1452950889170728,2.51501171430364,0.0010772185875044527
78.334,2.143112691388378,2.508798448463047,0.0008781234767065993
78.354,2.1407159091760763,2.5025316698981723,0.0009074638251950207
78.374,2.1381178266499123,2.495877178724702,0.0014223345014960642
78.394,2.1357526298550202,2.489838017828768,0.0009435941693133609
78.414,2.1333447718833973,2.483249996748812,0.0009246847835763239
78.434,2.1307297694593794,2.4766293415874685,0.0011816199131436667
78.454,2.1282559753200525,2.4700378540473427,0.0009834135754827056
78.474,2.1261981127558176,2.4639900524322425,0.000928785462075532
78.494,2.123787032621415,2.4577199394769558,0.0011406037905042632
78.514,2.121222671933052,2.4511449775333585,0.0012010144096111786
78.534,2.1190430179026163,2.445154449765886,0.0008465526132018786
78.554,2.116592853005316,2.438876411309093,0.0008808618379923527
78.574,2.1138816547467365,2.432094461497713,0.0012860993444043511
78.594,2.1116376932882357,2.426182239927628,0.0008653177233966247
78.614,2.109180468206558,2.419714147692635,0.0010173111343436125
78.634,2.1064456746510545,2.413144830056846,0.0014293105330582534
78.654,2.104012247225641,2.4069910030639496,0.0014635742297821885
78.674,2.1015450530071895,2.4009457063628075,0.0010296266605858972
78.694,2.0988776308430617,2.3942754606258227,0.0011624164782301494
78.714,2.096177465957392,2.387720515182698,0.0014435733299363596
78.734,2.0938682996673523,2.3816820726078975,0.0010570218325620662
78.754,2.0914566764186033,2.375396139940602,0.0011215441422981476
78.774,2.0888157901581366,2.3689446816814,0.0016088049357335932
78.794,2.0863935914037604,2.362887345292521,0.0013001728929588063
78.814,2.0839548804300536,2.356634137738481,0.001253139538725856
78.834,2.08124056928447,2.350061217744767,0.0014310946214308173
78.854,2.078585944704562,2.3435117856999614,0.0013579220053761554
78.874,2.076253627743032,2.3373752141359465,0.0013948056851018076
78.894,2.0738751527280597,2.3313123417548796,0.0011831687938703705
78.914,2.0711096277619347,2.3248090434229582,0.0016961979363260549
78.934,2.0687629728311796,2.3189431476168942,0.0010959730773298648
78.954,2.0662534949013223,2.3125241955855995,0.0014347333589664335
78.974,2.063438149130837,2.3059759346154136,0.0016909087370475528
78.994,2.0608503490555465,2.29968004692028,0.0016747839604888959
79.014,2.058640340242191,2.293907477098329,0.00139586609453618
79.034,2.055909501422332,2.287463178742744,0.001479924767290558
79.054,2.0532061627068523,2.2810685430902446,0.0016882552296100806
79.074,2.050799208349403,2.2751134318959148,0.0012808324970663976
79.094,2.048136173916822,2.268587705824905,0.0012557564711940528
79.114,2.045228556639144,2.2620073292583585,0.0017730864218962195
79.134,2.04270657276832,2.255932827610273,0.0013759784930005847
79.154,2.0403900795521386,2.2500181358064713,0.001519444602214648
79.174,2.0375705098549504,2.243616514810583,0.0017442894864617142
79.194,2.0349308089942535,2.2373723927012663,0.0018554355732938455
79.214,2.032286313271593,2.2313827829951847,0.0012758894779862362
79.234,2.0294807309236256,2.2248594990876387,0.0014295147049970536
79.254,2.0265786443776856,2.218289460346968,0.0015813869650201373
79.274,2.0240325222688775,2.2119528543350206,0.0012838427514013373
79.294,2.0215012909239007,2.205780380092098,0.0013412865245149008
79.314,2.0187720984923345,2.1996026397971447,0.0016003402187661497
79.334,2.0161037153422816,2.1933512207621724,0.0013323967295290062
79.354,2.013552377783574,2.187164337064475,0.0013931740623837618
79.374,2.0106349880680106,2.180766087555649,0.0015964753187812653
79.394,2.0079318583839934,2.174531350319657,0.0016536522997528669
79.414,2.0053480402917647,2.1685539156520846,0.0012123180917388565
79.434,2.0024956410451447,2.1621218450646857,0.0012445843584727723
79.454,1.9995406332458623,2.1555710692550343,0.0014833999750656357
79.474,1.9969046717966674,2.1494617445364885,0.0011965152814822078
79.494,1.9942895196568085,2.1433001536783336,0.0012917229214089443
79.514,1.9915418240075726,2.137236460059593,0.0015087393582140507
79.534,1.9888341776496412,2.131182045457344,0.0011160605287827696
79.554,1.986107470628536,2.1247997109495502,0.0011564508632000703
79.574,1.983147539047436,2.118351324582032,0.0013618744269074112
79.594,1.9803420984326578,2.11214320671718,0.0014685883520371978
79.614,1.977642855615341,2.105931551257708,0.0010356452837220476
79.634,1.9747041329137005,2.0991900366537313,0.0009764260971405203
79.654,1.9717539969680808,2.0928165551235693,0.0014167172487787316
79.674,1.9691804551415715,2.086945149044047,0.0008940770466177028
79.694,1.9665659013775092,2.0807369822577177,0.0011613423769377962
79.714,1.9637217889795138,2.074462842339402,0.0014838832301475868
79.734,1.9608475138187014,2.068078901214262,0.0015283102026665274
79.754,1.9585355312979769,2.062543528513808,0.0009446509428583105
79.774,1.9556609705544181,2.05617951794837,0.0010456407782293287
79.794,1.9526582407034379,2.049667040177051,0.001169066627354498
79.814,1.9502073463511245,2.043877820245669,0.000861051548593561
79.834,1.9474123460209884,2.0376165286468892,0.000796313696868306
79.854,1.9444162509066079,2.0311985981756746,0.0013592237945514452
79.874,1.941790325615356,2.0254460871782416,0.0008789789569222384
79.894,1.9390604353071672,2.019139817422069,0.0009412838505525878
79.914,1.9360484143025933,2.0126939267930513,0.0012311016906287886
79.934,1.9331633824825398,2.006386188432601,0.0011044720622419568
79.954,1.9307057377604213,2.0006253804353973,0.001080464297545436
79.974,1.9278902102085544,1.994536846361718,0.0009362259039467913
79.994,1.9249005766923102,1.9881541625081134,0.0013389343221441585
80.014,1.9220405057964525,1.9820164642357971,0.0008121340397153898
80.034,1.9191334536829656,1.9754417202329237,0.0009148767178149275
80.054,1.9160426599625442,1.9690265093474877,0.0012962631898278676
80.074,1.9131040727654196,1.962696036200433,0.0008704172054514459
80.094,1.910383456906034,1.9564776381626547,0.0012641023528324746
80.114,1.9076993417992376,1.9505695816960704,0.0011159217483668882
80.134,1.90473655907221,1.9443210106420763,0.0012192612009732373
80.154,1.9021913928042622,1.938520621566429,0.0010200324606284283
80.174,1.8992622476481347,1.9320790140531465,0.000930245560213927
80.194,1.8962841360808043,1.925774915196711,0.001394634866145772
80.214,1.8935563628293703,1.9200253087983905,0.0008566954795526938
80.234,1.8906473229210576,1.913462769743783,0.0010538056876726876
80.254,1.8875444643451194,1.9070347438925124,0.0014261424908923737
80.274,1.8847671543785214,1.9009816964634938,0.0012146080819937788
80.294,1.8823449689064313,1.895348618167729,0.0010941862674077318
80.314,1.8793421444034801,1.8890651975952515,0.001360384079988286
80.334,1.876451111456134,1.8828049117941041,0.0015608848731075153
80.354,1.8736270217995854,1.8769710484831077,0.0010387596714666603
80.374,1.8706992394986532,1.870481124857454,0.0011199152410368285
80.394,1.8675977457038087,1.8640586442475775,0.0014916852790681778
80.414,1.8646612896672097,1.8577447575243737,0.0011377849613160018
80.434,1.8619288383038488,1.8515959882437407,0.0014394774379872521
80.454,1.8590856062410843,1.8455876651721361,0.0015988831636890855
80.474,1.856066593857775,1.8392530528705628,0.0016406717957898609
80.494,1.853658794658387,1.8337691404994414,0.0012027204763167265
80.514,1.8506563834505678,1.8276181815564758,0.0014268509798997797
80.534,1.8474096873471983,1.8209281704978406,0.001490232118302126
80.554,1.844776962069683,1.8151347429537539,0.0012202709874688245
80.574,1.8419907514054639,1.80926041762342,0.0011622993649616498
80.594,1.8386343738229556,1.802587529371908,0.0017717034468237303
80.614,1.8357020302816096,1.7965870134261872,0.0013416206191491087
80.634,1.8326794639320605,1.7901463259129118,0.0013874204567357884
80.654,1.8294621440191405,1.783735200925807,0.0016383798890599877
80.674,1.8263764073450508,1.7774733516497778,0.001465603239343749
80.694,1.8236024874349863,1.7714823535729343,0.001515519377729646
80.714,1.8206761310560595,1.7655014542533594,0.0014204863563791192
80.734,1.8174943379590267,1.7591450090945644,0.0018333741913914292
80.754,1.8146553991584784,1.753438555313239,0.0012096994083737878
80.774,1.8115966333050808,1.7469977343364695,0.001327848563193068
80.794,1.8083543307737886,1.740636904356086,0.001670962888554256
80.814,1.8053513404680555,1.7344941256910356,0.0014291227872707812
80.834,1.8024865709515123,1.7284239297080153,0.0015138481596462805
80.854,1.7994455560256648,1.7223726094393856,0.0016594037036248566
80.874,1.796285896490874,1.716080021979094,0.001798584992920238
80.894,1.7935829506997216,1.710442895392055,0.0012995492977391776
80.914,1.7904856420319113,1.7041289439555274,0.001208088450332212
80.934,1.7871296867554314,1.697754831453732,0.00161793007939931
80.954,1.784381105845649,1.6921231850808471,0.0010879913204070446
80.974,1.781431977007254,1.6860396030283393,0.0011370901602480998
80.994,1.7780407596922974,1.6796396518084986,0.0016659831358658006
81.014,1.7752231459504273,1.6739768363687542,0.0013916620736134366
81.034,1.7722952432556045,1.6680871395797925,0.0013340059288773354
81.054,1.7690398317406615,1.6618872873625896,0.0014146925843739888
81.074,1.7657158412130063,1.6555037444417757,0.0015051483850465341
81.094,1.7630319466798974,1.650023507597546,0.001163301150817253
81.114,1.7600110676225886,1.6441447255812107,0.0011308641852700585
81.134,1.756546301779919,1.637672510444692,0.0017043736783396157
81.154,1.7537045746148052,1.6321577033147991,0.0012507961030725767
81.174,1.750689151353153,1.6262537283784482,0.0011355209110625042
81.194,1.7472881228880601,1.6200193411678288,0.0014547086999680547
81.214,1.743878354050102,1.6136490119886935,0.0011921765604723245
81.234,1.7409351334475098,1.6078119699284,0.001284903364436235
81.254,1.7379359114749904,1.602127749506423,0.0011231918079908088
81.274,1.734552571356299,1.5959267048590615,0.0013710601081644291
81.294,1.7316459799882835,1.590391917336397,0.0009304289125638687
81.314,1.728397127535908,1.584219135789182,0.000912038352879091
81.334,1.7248658393053447,1.57796611786264,0.0013484111853086234
81.354,1.721910527426823,1.572414070018171,0.0008960061886365278
81.374,1.7187820562293061,1.5663742904361024,0.001030407950860901
81.394,1.7153114794662159,1.5602023674566614,0.0012658181256252898
81.414,1.7121628153865969,1.5543926767506255,0.0012525020105168816
81.434,1.709048625919032,1.548526057136842,0.000914289286197717
81.454,1.705588251641568,1.5421789587672605,0.0009793728295318382
81.474,1.702153478877411,1.5360316496799151,0.0011924262886678638
81.494,1.6991592781441018,1.5303532388369865,0.0008004844518605114
81.514,1.6960590475284012,1.5244288217963726,0.0007782320626354977
81.534,1.692516740420745,1.5181932982197786,0.0013616395107133028
81.554,1.6892991115936136,1.5123524597940772,0.0011237911463122252
81.574,1.68603894352795,1.5061621562206204,0.0009501804521436508
81.594,1.682554316142581,1.4998777610602125,0.0011021394401498352
81.614,1.6791788278205702,1.493747474856434,0.0009218513093090241
81.634,1.6761173438525012,1.4877262075095936,0.0008288197766440908
81.654,1.6729318226182073,1.4818692528816453,0.0009312646001328473
81.674,1.6694900901178418,1.47569322090352,0.0011164119286779794
81.694,1.6664005210296136,1.4699209318646826,0.000756807205938903
81.714,1.6633292452340227,1.4640583616333467,0.0007020751992268814
81.734,1.659657857795435,1.457699768164894,0.0012727925780238458
81.754,1.6565851615192728,1.4520425235580945,0.0009351357679800165
81.774,1.6534289192245788,1.4461550042363231,0.0008962336323676545
81.794,1.6499364843392434,1.4400441531695911,0.0012396377577543471
81.814,1.646600208771397,1.4341031849333885,0.0013208722324279387
81.834,1.6435271157122082,1.428504530127937,0.0009483734135103672
81.854,1.6401336614075734,1.4224383332758115,0.0009308340328461062
81.874,1.636515796738591,1.416218122949998,0.0013374857332412449
81.894,1.6333887822078919,1.4106138063585871,0.0009973853656534137
81.914,1.6302505185112746,1.4048659693435013,0.0009877031764657374
81.934,1.6265866027242166,1.3987110632173594,0.0015266391400989843
81.954,1.6233181336719844,1.392991256080983,0.0014829677682864917
81.974,1.6200295472646984,1.387263102051662,0.001127620312049854
81.994,1.6164429724593918,1.38112955503752,0.0012338728734780646
82.014,1.612831261294732,1.3749784251843513,0.0013597672970200314
82.034,1.6096308969932738,1.3691887079673088,0.0010661742607230296
82.054,1.6062723057323787,1.3632055851626126,0.001105178064788298
82.074,1.6026288751552327,1.3571646513253437,0.0016054114290251498
82.094,1.5992056033852184,1.351285582460187,0.001168381156804621
82.114,1.5958931603690534,1.3454345287104366,0.0011507739587230115
82.134,1.5922628361783757,1.3394111254744472,0.0016254254247225486
82.154,1.5888187714441317,1.3336113636636864,0.0015074549070388243
82.174,1.5855851909803569,1.3279187405711332,0.0013046740343254648
82.194,1.5819683236135804,1.3219003555609523,0.0013950912688178718
82.214,1.5783953046637167,1.315949760519509,0.0017706386230032511
82.234,1.5750906565901608,1.310532827898418,0.0011330043437833281
82.254,1.5715585301037387,1.3042976959570416,0.001340990331483105
82.274,1.5677924191945185,1.2982140861561464,0.0017427086815399173
82.294,1.5643296313876685,1.2924025811919386,0.001466707635333686
82.314,1.5611329260488471,1.2868152059109224,0.0015120844146614687
82.334,1.5574977448318008,1.280889846777598,0.0016243572366133607
82.354,1.5538325414901097,1.274881156295495,0.0019845949768187987
82.374,1.5503324473579503,1.2690549879485322,0.0013740944998301696
82.394,1.5467226595100119,1.262781182421424,0.0013009456466053781
82.414,1.5430334404765476,1.2567644397569988,0.0015636527351215457
82.434,1.5394389741655314,1.25061938545296,0.001149389607557838
82.454,1.535981722393074,1.2446088105138307,0.0014622508611356333
82.474,1.53230806479791,1.238630092925698,0.0015841498671894383
82.494,1.5287110032014763,1.2326174172204478,0.0013659313856647093
82.514,1.5253255275325466,1.2267764579593252,0.0011709842032213147
82.534,1.5216785307490543,1.2208762858146112,0.0014983441434106848
82.554,1.5181359456575363,1.2150261085640903,0.0014485166059090004
82.574,1.5148036583962723,1.2092633526616754,0.0012110506104234253
82.594,1.5112292017305955,1.2034238471320093,0.0012391743005432387
82.614,1.5072966790532853,1.1971696258966078,0.0015215762554293688
82.634,1.5039818181412505,1.1916595203039126,0.0011280183501456154
82.654,1.5005607108120336,1.1859239222153486,0.001103842698484847
82.674,1.4966755119162711,1.1798172399263156,0.0015243923370344137
82.694,1.4932737411052173,1.1742922845188548,0.0012538727981248887
82.714,1.4898040770911827,1.1684929069940029,0.0011682015814503677
82.734,1.4860461856475475,1.1626337213362197,0.0014008534022830477
82.754,1.4822660411655881,1.156673959315222,0.0016447796417522753
82.774,1.479100949765706,1.1515564010154202,0.0010109440416231907
82.794,1.4753236721546386,1.1453568680785717,0.001185898208177244
82.814,1.4714228472183768,1.1393475938499906,0.0014454442123014721
82.834,1.4680269771254617,1.1339533612883066,0.0011376292019270595
82.854,1.4644357490241107,1.1280592326050976,0.0011508640056704378
82.874,1.460607016486789,1.1220276292872322,0.001321959750005569
82.894,1.4568948863258817,1.1161480503504269,0.0012103953782639232
82.914,1.453596377844887,1.1106498751287486,0.00116225987973953
82.934,1.45007014877196,1.104984992346,0.0010638346828374945
82.954,1.4461893309801779,1.098979125569575,0.0016243420338972747
82.974,1.4428509537291434,1.0936558757849772,0.00110627224869847
82.994,1.4393754712047273,1.0879819075287624,0.0010473704240496207
83.014,1.4354901172038907,1.0820122571102897,0.0012733524792086781
83.034,1.4317143373240577,1.0760922006159812,0.0009540450041857218
83.054,1.42829697418008,1.0704446885905543,0.001172700976351776
83.074,1.4247982803591142,1.0649631764028116,0.0011639538283676198
83.094,1.4209466162078341,1.0590133568043454,0.001335283462818082
83.114,1.417870353043545,1.0539943597562056,0.0008051196693732166
83.134,1.4142938164457213,1.0483556825877844,0.0009081539254531812
83.154,1.4102284712187552,1.0421970519490265,0.0012368646278831108
83.174,1.4067268407227105,1.0367425107671493,0.0008350048108989316
83.194,1.4032902086919323,1.0312512589466893,0.0010305177313577052
83.214,1.399376330833897,1.025418871633054,0.0013027413645869679
83.234,1.3956938327160118,1.0198567398201446,0.0013273366018398958
83.254,1.3919576767194735,1.0142558620306876,0.0008837796634544315
83.274,1.3879543806884058,1.0083086763302,0.0010642950293812958
83.294,1.3839994125294532,1.0024464522635477,0.0011772580883148143
83.314,1.3802762890748241,0.9966334482329283,0.0010569459952650684
83.334,1.3765979503367118,0.9909788088487357,0.0011663285243538601
83.354,1.3730169253704243,0.9856735587283201,0.0012223849809857579
83.374,1.3693033139796715,0.9800860427948971,0.000906129600207195
83.394,1.3656349858763848,0.9743430427027592,0.001087600019677698
83.414,1.3617540236362045,0.968647851023446,0.0013687260816090674
83.434,1.3578609126461887,0.9628851995792118,0.0013387229697375824
83.454,1.3546514095149362,0.9578204578152729,0.0009888091615286587
83.474,1.3507805597408307,0.9521707303525582,0.001162745825225242
83.494,1.3466961988426076,0.9461864765993266,0.0014236181668504377
83.514,1.3433112024820546,0.9410624015365849,0.000968005997839777
83.534,1.3395150337919035,0.9353126970961533,0.001090706442870154
83.554,1.33541438070305,0.9294212770009503,0.001404844036739461
83.574,1.331847990203238,0.9241820417854009,0.0010089764439838445
83.594,1.3281178323650542,0.9185339567545218,0.0010655085395028518
83.614,1.324008214702874,0.9127016557904069,0.001390966625609169
83.634,1.3202504082030655,0.9072429826031639,0.0013398194627893545
83.654,1.3163921837871762,0.9014639650934191,0.0012081231137730797
83.674,1.3122688077305615,0.8955266166959182,0.0012333024129761727
83.694,1.3081869287143362,0.8897510635574769,0.0016139188096594703
83.714,1.3048386737974131,0.8848574068394446,0.0010700484121658749
83.734,1.3009833620167304,0.8790259680317697,0.0013150231347692776
83.754,1.2968329948226371,0.8731905856051545,0.0016174742741071335
83.774,1.2931623214336965,0.8678447060528153,0.0015043447903529406
83.794,1.289358130588575,0.8621431517381641,0.0013513679987005867
83.814,1.2852504089007666,0.8561810438713033,0.0014744165036899848
83.834,1.2813361599569768,0.8504594328387158,0.001525705489889173
83.854,1.2778177849112415,0.8450685230537786,0.0013939189475227765
83.874,1.274078971379847,0.8394893376873451,0.0011651622054995592
83.894,1.2698768438993007,0.8335975524265573,0.0018995125850893024
83.914,1.2661707046481097,0.8283566108011067,0.0015153875318633936
83.934,1.2622591400491936,0.822563495225759,0.0013770739468313142
83.954,1.258142230861745,0.8167019951896333,0.0016021684213445575
83.974,1.2541878717714976,0.8108621469723142,0.0014505112002834997
83.994,1.2507126818050998,0.8054370665958809,0.001439037726374215
84.014,1.2469441276401565,0.8000182148362643,0.001537607698983784
84.034,1.2428666754375042,0.794191921507053,0.0017112968548317897
84.054,1.2394833946553994,0.7891207121717956,0.0012905126053716909
84.074,1.2357533609885705,0.7836000927840754,0.0011911486544239624
84.094,1.231459242775656,0.7776544786405069,0.0017523887797326332
84.114,1.2278834846566165,0.7724787037888056,0.001398934034699345
84.134,1.22420766296393,0.7670327769579647,0.0014245780191207702
84.154,1.22006914431136,0.7613222043579105,0.0015880700298172568
84.174,1.2162211454737768,0.755855325715161,0.0016593196232811969
84.194,1.2124425638752174,0.7503850148977853,0.0013080627406779066
84.214,1.208287582074855,0.7444381117770387,0.0012839387378280054
84.234,1.20410835142564,0.7387097653352989,0.0016583811206165033
84.254,1.2006393840660206,0.7337135458904521,0.0010924128300749403
84.274,1.1967992487671546,0.7280328365043184,0.001108099504275123
84.294,1.1924865546255676,0.7220852725336427,0.0016044107162761223
84.314,1.1887348456727513,0.7168012665607499,0.0013196573575838255
84.334,1.1847727633293876,0.711118409187234,0.0012885713199485005
84.354,1.18055561614677,0.7053316681923746,0.00142447521254771
84.374,1.176401977348722,0.699550460384969,0.0014033913053781433
84.394,1.1729453546035218,0.6945081799336427,0.0012730523187958198
84.414,1.169115982368341,0.6890467869217675,0.001022248834677858
84.434,1.1648666501273865,0.6833533324950698,0.0016295766988801141
84.454,1.1609057448648297,0.6778681455041037,0.0013178708937409411
84.474,1.1568811875296638,0.6720779355019505,0.0010778652762020169
84.494,1.1526603621963523,0.666324959984018,0.0012572796239682382
84.514,1.148591581660958,0.6605460782599252,0.0009900832692685546
84.534,1.14483276638493,0.6550550779667356,0.0009323949971254963
84.554,1.1407773818817393,0.6495180275084982,0.0011611556430959902
84.574,1.1367445467613144,0.6438828208367139,0.001119612944081333
84.594,1.1329127695023478,0.6383063840825579,0.0010725243715782318
84.614,1.1289899349693333,0.6327894090375085,0.0008345038165406826
84.634,1.1248243442494188,0.6271385236972226,0.001365670838200439
84.654,1.120869199725426,0.6217461288069327,0.000961724276664272
84.674,1.1167836054271496,0.6159295361060477,0.0009744377879777888
84.694,1.1125516581088228,0.6101807027028922,0.0011945485975165537
84.714,1.1085863216069098,0.6046842635584584,0.0009756699848829931
84.734,1.1048686232244198,0.5992592078547415,0.0010698355615510469
84.754,1.1009566973514961,0.5938662682838279,0.0010475357567251709
84.774,1.0967244615788667,0.5881173135480094,0.0014097898712015222
84.794,1.0931851897441327,0.583206479710204,0.0007316526136498525
84.814,1.0892352678170354,0.5775436124478879,0.0009454770488184494
84.834,1.0849468928436468,0.5718299919821719,0.0012802317424243648
84.854,1.0811461588251658,0.5665936140610636,0.0009788127717324513
84.874,1.0776651206521686,0.5615659997291214,0.0008174150479980657
84.894,1.0733873433089365,0.5558955424393742,0.0013035360088696213
84.914,1.0691969564954493,0.5502320828370041,0.0012670047764117287
84.934,1.065807710683629,0.5454193303625207,0.0009251782899955818
84.954,1.0618139108158489,0.5401480270626808,0.001072836672671773
84.974,1.057262677897596,0.5341722085212918,0.0013146531780170168
84.994,1.0536720926713639,0.5293292960121976,0.0008547411949850203
85.014,1.0498339706538242,0.5240680921234373,0.0009062025210851976
85.034,1.045284402791563,0.518292127308594,0.0013572207180567175
85.054,1.0410801640554053,0.512882201795864,0.0010735445016491207
85.074,1.037434637479692,0.5079703885234406,0.0010209874885122316
85.094,1.033103526993786,0.502581416486517,0.0013616644383658005
85.114,1.0285913744099904,0.4969370300630923,0.0014641046317706852
85.134,1.0249000475384475,0.49213629288982846,0.0011522457833406108
85.154,1.0207302816640182,0.48687332962235425,0.001089154541560694
85.174,1.016087830995066,0.481279923987902,0.0014885310356641535
85.194,1.0121485002100148,0.4764312701687211,0.0010769723219203609
85.214,1.0083038335429735,0.4715045592798079,0.0009744141457588285
85.234,1.0035203733338336,0.4658782445893501,0.0014689252843455292
85.254,0.9992919295775149,0.46077370041562316,0.0011632518440570783
85.274,0.9951079537163892,0.45553758852411913,0.0012057799631917943
85.294,0.9906774045357113,0.4502818278602523,0.0014467610987539958
85.314,0.9862320000602731,0.4450078935080274,0.001547725106285508
85.334,0.9821646505066799,0.44006257581603925,0.0012811115675831486
85.354,0.9776603358629861,0.4345849348409969,0.0011911309199594822
85.374,0.9729548990358737,0.4291747855285382,0.001749868764897411
85.394,0.9689621380728021,0.4243992497967171,0.0013628531838400237
85.414,0.9647924810768562,0.4192793649837104,0.0013629777807176169
85.434,0.9601719940311542,0.41386957198926333,0.0016080012699912494
85.454,0.9558382208851108,0.4087319902543544,0.0015521484451848921
85.474,0.9518270557317666,0.4038281327038057,0.0014351349880022402
85.494,0.9472931627584388,0.39849642173450295,0.0014058605313271855
85.514,0.9426967798497722,0.39314125443561915,0.001756078870413652
85.534,0.9386429576508863,0.3883551105143757,0.0012546311099563001
85.554,0.9339953947609171,0.38269322980901177,0.0013741767501526392
85.574,0.9293038919317256,0.3772703849466828,0.0017178644798926945
85.594,0.9251005725230417,0.3723191955956753,0.0014005227328787728
85.614,0.9210538992256405,0.36732675938275705,0.0014183350358387137
85.634,0.9164015422714573,0.3620300010756391,0.0016951044630579837
85.654,0.9119034209255803,0.3568001159719275,0.0018465666963794203
85.674,0.9075212491715948,0.35153402043164167,0.0013314579720022646
85.694,0.902818087747846,0.3458663896670037,0.0012325273478248633
85.714,0.8981498009147334,0.3405689808191179,0.001694680224772399
85.734,0.8939739598633949,0.3355750014421256,0.0013478697742553003
85.754,0.8896544430791284,0.3303301981615156,0.0015786080173700312
85.774,0.8850566951418033,0.32498280729474094,0.0017559873860795716
85.794,0.8805984103685598,0.31976143340128516,0.001874219879114264
85.814,0.876312658581818,0.3146506977556352,0.0012589956189094365
85.834,0.8715610932467933,0.3090705839315815,0.0013873415305137304
85.854,0.8670168966997063,0.3037384543965657,0.0013157503064140652
85.874,0.862762301929963,0.29842209259321095,0.0012956531477712474
85.894,0.8584784119401315,0.29325217184961083,0.0012206566271652786
85.914,0.8537741185284755,0.28776385729709186,0.0016311681708942594
85.934,0.8497616589965225,0.2830186177200805,0.0009642548513042193
85.954,0.845318101489834,0.2775239348430479,0.001289179455651962
85.974,0.8407822273646935,0.2722139247911079,0.0016521611882157894
85.994,0.8363535388145088,0.2669680830802167,0.001554959005868356
86.014,0.8326198921633097,0.2623309101399095,0.0011219722689946587
86.034,0.8281014438142185,0.25702356809664767,0.0012756644602435474
86.054,0.8236004124671181,0.25169739486414133,0.0013767564417644096
86.074,0.8195882059593754,0.24676522936470052,0.001024570510974876
86.094,0.8150758168074665,0.24146625849444497,0.0009451898257289704
86.114,0.8105431494333327,0.23617189187512155,0.001315151565477679
86.134,0.806149097101404,0.23093630114827746,0.0008535418196008726
86.154,0.8015194818868647,0.2252920634322893,0.0008811601661681823
86.174,0.7969993821832925,0.22003807671202713,0.001397662041621589
86.194,0.7926603742737365,0.2149102415560137,0.0011447879994064825
86.214,0.7886034701519767,0.20986751326670128,0.0012057151090052176
86.234,0.7843105644191206,0.20472710584594894,0.001028981931158246
86.254,0.7797767922671228,0.19941777964933757,0.0013683807262039327
86.274,0.7758279233741914,0.1946478214299343,0.0008709899028419565
86.294,0.7715937842775005,0.18944892478203132,0.000855690203494186
86.314,0.7668989546692984,0.18397492667560428,0.0013029350925147787
86.334,0.7628078270937443,0.17916675161665147,0.0009629631023204688
86.354,0.7585221898621975,0.17397542814047617,0.0009844000363281313
86.374,0.7538931881131429,0.16861376985064644,0.0011816593936682662
86.394,0.7494535798054006,0.16340556547602358,0.001159591217575362
86.414,0.7454620696842738,0.1585863572164684,0.0009941592813118572
86.434,0.7409885694292998,0.15328898472008223,0.0008921067894689938
86.454,0.7362694676000086,0.14793925914991327,0.0013314362076981279
86.474,0.7322760480474647,0.14330567535024968,0.0007808741227328386
86.494,0.7278442518875303,0.13795146308588738,0.0008856057819934537
86.514,0.7231224206826532,0.1325911344233946,0.0013230102889083273
86.534,0.7189342406487427,0.12770146900969198,0.0011280487104230186
86.554,0.7148573566929072,0.12280071791315644,0.0010512747495950714
86.574,0.7102329959229938,0.11749552997941906,0.0011245086198723997
86.594,0.7057224144410269,0.11228906918282289,0.001302603310942868
86.614,0.7016749092928775,0.10752346350712437,0.0009735442885613343
86.634,0.6971392114469535,0.10213581566913528,0.000863618998884319
86.654,0.6923634948642111,0.09679935967250818,0.0013606769102370853
86.674,0.6883655771246475,0.09215104297094577,0.0008620825653787856
86.694,0.6840084662160671,0.08690305184632727,0.0010949681955244595
86.714,0.6792728130542366,0.08157800335837559,0.0013928616774846192
86.734,0.6750386068347162,0.07668760416468659,0.0013389713033973294
86.754,0.6706507536138943,0.071512609257832,0.001132518075598693
86.774,0.6658662803662727,0.06598687303776402,0.0011950999321420908
86.794,0.6613203849778682,0.0607108753807896,0.0012235932350565804
86.814,0.6570301624933865,0.055519378440484726,0.0012392057038477233
86.834,0.6526627971141162,0.05031625252077157,0.0011254040749255345
86.854,0.6480621426357791,0.045060681994841666,0.001745647454001742
86.874,0.6437938051304503,0.0401260999582662,0.0014500284015969145
86.894,0.6395688928231275,0.035048729256097415,0.0013065406403176827
86.914,0.6348254018907303,0.029656176327078676,0.0014427688925664206
86.934,0.6302581999743043,0.02438499394681419,0.0013226978544184365
86.954,0.6261090034472931,0.019336175047484867,0.0013528726742604025
86.974,0.6215932367135654,0.014135420634008036,0.0013786111783957722
86.994,0.6169627926638147,0.008807144644990189,0.0018479783455031817
87.014,0.6125302406548547,0.0036882076123890342,0.0013478082577499662
87.034,0.607918566328875,-0.0018476923253915242,0.0013070332093200743
87.054,0.6031794144995445,-0.007197923003824068,0.0016798023945666374
87.074,0.5986792442820731,-0.012418825716702598,0.0013124325759499011
87.094,0.5943273811511454,-0.017703607777762906,0.0017534762389768699
87.114,0.5900901883215988,-0.02269487180422267,0.0014732415670591914
87.134,0.585369912013928,-0.028056960000636247,0.0016596205716763457
87.154,0.5811788936178658,-0.033030489168278755,0.0013654948487132335
87.174,0.5765186383939986,-0.03848992425538106,0.0013677142770826822
87.194,0.5718130078876552,-0.043837095676261276,0.0016598628924927028
87.214,0.5676672066008353,-0.0487159140758621,0.0012242052067024944
87.234,0.5633989600217519,-0.05387050364160166,0.0013620593584749152
87.254,0.558606549778138,-0.05924499876243182,0.0018297095101349192
87.274,0.5541971075719065,-0.06429654986141624,0.0017570204836005188
87.294,0.5497747261991552,-0.06955245747695463,0.0013599636892107914
87.314,0.5449617511824821,-0.07502329695593683,0.0015413202175030283
87.334,0.5403430837773108,-0.08031358535131516,0.001515540235727697
87.354,0.5360439153586516,-0.08559246423944836,0.0013898672449582927
87.374,0.5317330407166991,-0.09070103355308382,0.0013003913450285176
87.394,0.5269446481543125,-0.09609721909358368,0.0016378349217058275
87.414,0.5225071263206669,-0.10122577975434643,0.0011682393316997386
87.434,0.5182007100146079,-0.10636676474194025,0.0011577788935959732
87.454,0.5133897170569455,-0.11177996670567869,0.0016935629848169043
87.474,0.5089999766759165,-0.11672808106539899,0.0015199490065966603
87.494,0.5044828001379353,-0.1220227670168367,0.001315598190329309
87.514,0.49966149195633414,-0.12749133265244417,0.0013377945136736624
87.534,0.4950333723935042,-0.1327578155880385,0.0013400222092427305
87.554,0.49084752419439737,-0.13783415914963926,0.0012292730616994263
87.574,0.48653467837498887,-0.14291801392935735,0.001171472682848257
87.594,0.48203696526932727,-0.14796318683708015,0.0014718012942800673
87.614,0.47757670668639496,-0.15310317711783514,0.0011336381082386326
87.634,0.47320432087559483,-0.158314937975893,0.0012252690719519732
87.654,0.46873675144317417,-0.16333133505605751,0.001421472992627515
87.674,0.4641881446028394,-0.16848600715850912,0.0012572160768326845
87.694,0.4600129878008737,-0.17345188409044104,0.0010818989283749303
87.714,0.4554995025067158,-0.17849583481785886,0.0012577601803691885
87.734,0.4507665492935184,-0.18380539798608572,0.0015151957315443498
87.754,0.44679289282845214,-0.18830681289843637,0.000863754739330036
87.774,0.4421475613319131,-0.1937466561555252,0.0009823552116415557
87.794,0.4372829089657885,-0.19906148089594522,0.001406545116875324
87.814,0.43303297183084455,-0.2038308575741633,0.0010599644733785551
87.834,0.4286485323446866,-0.20895240751123922,0.001018647819930496
87.854,0.4238537162813913,-0.21420688965616497,0.0012417355033950972
87.874,0.4193258749323928,-0.2192811573295963,0.0012098626975327043
87.894,0.4151591186660802,-0.22412951174642842,0.0010281889096676877
87.914,0.41045128704221434,-0.22948263267261798,0.0009539209554958461
87.934,0.40580594395460384,-0.23457877166797775,0.0014730975452308948
87.954,0.4016146579521862,-0.23930004435839247,0.0009421806023908186
87.974,0.3975026249527188,-0.2441967506976911,0.000938864027844627
87.994,0.3926921441540011,-0.2494672033295605,0.0013029970263823965
88.014,0.388324989650315,-0.25436086528376983,0.0010652394262937182
88.034,0.3840240720515655,-0.25929541426344765,0.0009377075689551428
88.054,0.37924702872343086,-0.2645088659873431,0.001124174456227367
88.074,0.3745801423083627,-0.26970066171512996,0.0011429786062527036
88.094,0.3704760647543377,-0.27446160035317524,0.0008838871329212017
88.114,0.3660768986399752,-0.27934193637922733,0.0009609369309613869
88.134,0.36122638771029175,-0.2846381723784347,0.0013561451736952834
88.154,0.3571592051155217,-0.28912335188425053,0.0006876204454380197
88.174,0.35264252187729855,-0.2942866248208462,0.0011283635494398203
88.194,0.3478023419144846,-0.29947032638180404,0.0012548133483850088
88.214,0.34335313324664857,-0.3043603259477862,0.0011660680462851625
88.234,0.33904937282423236,-0.3091830969037675,0.0010513796088559568
88.254,0.33424258050423156,-0.3144203284213261,0.0011332668207492125
88.274,0.3294789059167881,-0.3195834048634487,0.0013799620745832408
88.294,0.32552026252297045,-0.3240200817618254,0.0009443454336364732
88.314,0.32086855098288064,-0.3292386994899955,0.0009641622656799687
88.334,0.3160457238618747,-0.3343447081562676,0.0015227133334979048
88.354,0.3116275764240907,-0.3391179271776083,0.0012297492119353048
88.374,0.3069913808147932,-0.34438190223480125,0.0011413488408976713
88.394,0.302107501824059,-0.3496962507242266,0.001323344368008239
88.414,0.2974711337052006,-0.3548860595748107,0.0011806612102655822
88.434,0.2933119649000527,-0.35982170809574887,0.0012495187347135173
88.454,0.2888316576756228,-0.36480409861574176,0.0012895681495434796
88.474,0.2840655002496898,-0.36998714313919534,0.0016818347817276202
88.494,0.2799075606611131,-0.3745713931116282,0.001055592682340345
88.514,0.2757037466778929,-0.3794571051490378,0.001182992243663944
88.534,0.27076999580058025,-0.3847348605034573,0.0016437626760903157
88.554,0.2661210810120427,-0.38981042133397403,0.001370454407820354
88.574,0.2620407875508504,-0.3944559931226107,0.0013060624044647917
88.594,0.25728587046341367,-0.39950779676732573,0.0015743203054925103
88.614,0.2525791456168235,-0.4045734319014693,0.00166587022518902
88.634,0.24818261925511198,-0.40939273349281485,0.0012835217604287852
88.654,0.24335022544807705,-0.4146756008233074,0.0012596389345811976
88.674,0.23838348706367554,-0.4198209454470487,0.0016308557134337431
88.694,0.23379809701225598,-0.42475688332345274,0.0012756690836806805
88.714,0.22926924583568692,-0.4298141337925231,0.0015644969332540837
88.734,0.22480985171802287,-0.43457546740730707,0.0016281521548997535
88.754,0.22007316565454066,-0.43960289042260686,0.0013532068080722437
88.774,0.21559676034630454,-0.44459168089269907,0.001346301786004367
88.794,0.21070766368997948,-0.4496812644538911,0.0016673174103890853
88.814,0.20588348122226402,-0.454765548490891,0.0018651131606656768
88.834,0.2016725289970433,-0.4592427069197321,0.0012914287079671127
88.854,0.19693238153046663,-0.4644294474707156,0.0012854343367677823
88.874,0.1919217759855328,-0.4695789440340536,0.0016270735629048128
88.894,0.18744737215168547,-0.47432725989561714,0.0012178885019588914
88.914,0.18297599065035094,-0.47920242750095815,0.0011741234369458398
88.934,0.17780007387992935,-0.4844020376689926,0.0016077941387145078
88.954,0.17322920269119665,-0.4891281913653629,0.001327176009003339
88.974,0.16842422227956574,-0.49429209282584896,0.0013127518846252628
88.994,0.16339999811719008,-0.49938640445588756,0.0015494024899285475
89.014,0.15869689845826776,-0.5042502109137998,0.0017896164646114265
89.034,0.15417767560928863,-0.5089180246969153,0.0011282037344212126
89.054,0.1491958603415672,-0.5143146456366854,0.001342952295634886
89.074,0.14423278808400672,-0.5194098878247919,0.0016074249485229508
89.094,0.13953166916639906,-0.5244492292782144,0.0012800585690177224
89.114,0.13510515848911187,-0.5293966099090773,0.001435662328599846
89.134,0.13053416766121576,-0.534155951862114,0.001428688821196844
89.154,0.12579180520661137,-0.5391114870991892,0.0013255262586711891
89.174,0.12128782745114404,-0.544036177904521,0.0012549932085194615
89.194,0.11648061527052081,-0.549022614916598,0.0012663898158691567
89.214,0.11162627733516678,-0.5540293503186827,0.0016385217106786587
89.234,0.10710042712880784,-0.5586875631129059,0.0010157256189690933
89.254,0.10223816825336034,-0.5639812009524545,0.0011278918751420342
89.274,0.09722916605349091,-0.5690623042159537,0.0014281780196838678
89.294,0.09258416288339821,-0.5739305402610434,0.0011339305679833045
89.314,0.08804327850924495,-0.5789079276770703,0.0013221597646726757
89.334,0.08351232645191672,-0.5836279158668021,0.00123927716061073
89.354,0.07862768483001766,-0.5887009034016272,0.0012349869010448988
89.374,0.07427937551210795,-0.5934137310237664,0.0009750613868298452
89.394,0.06947410982210048,-0.5983727310337251,0.0010302968460322304
89.414,0.06462641028259522,-0.6033398195715088,0.0014956443446312584
89.434,0.06002422926534868,-0.6080643027567676,0.001000479728746062
89.454,0.05512370641590335,-0.6133247282280783,0.0010134461467806166
89.474,0.05012938881582313,-0.6184496157537266,0.0012902768241971618
89.494,0.045401985167242906,-0.6233827392757278,0.0009896184916390605
89.514,0.04091713752141457,-0.6282754291292627,0.0011433438391827977
89.534,0.03633934061974145,-0.633064666401876,0.0010509230375500278
89.554,0.03146150019523614,-0.6381158526285721,0.0011606785765685412
89.574,0.02716643767558577,-0.6427593266398121,0.0008152371633788347
89.594,0.022399128268456137,-0.6477361598799759,0.0008499215045650321
89.614,0.01747347091509177,-0.6527208976604869,0.0012505604921052016
89.634,0.012855285066041278,-0.6574831099643939,0.0007381582235555517
89.654,0.007935773445620006,-0.662792864318276,0.0009612487528077862
89.674,0.0029048167602318264,-0.6678948721519551,0.0012671075364978912
89.694,-0.0018576695481785088,-0.6728501591666268,0.0011233754018765696
89.714,-0.00596287241465775,-0.6772980567961798,0.0010216728081625936
89.734,-0.01069793772659295,-0.6822216649758164,0.0010071769601702196
89.754,-0.015540132210808306,-0.687184652584201,0.001399125245517857
89.774,-0.020102280469875812,-0.691834127748832,0.0008407282763060187
89.794,-0.02500309959516284,-0.6971146788255436,0.0009297184684786408
89.814,-0.029975581149504774,-0.7021600483307489,0.0012901535351459714
89.834,-0.03475396846887828,-0.7071743793183339,0.0009409224141815609
89.854,-0.03936513775896561,-0.7121839606549711,0.0012445466348919854
89.874,-0.043952910789355454,-0.716942630127595,0.0012791143764248336
89.894,-0.04884579734152255,-0.721963630771263,0.0014212513240371427
89.914,-0.05285929238168862,-0.7262486275191633,0.0009427517464247193
89.934,-0.05755393502948027,-0.7311169020730671,0.0010813851952483078
89.954,-0.0627171303602378,-0.7363730680646293,0.0013371142065543018
89.974,-0.06739776509524753,-0.7412322807551353,0.0010223659902087456
89.994,-0.07191240182907818,-0.746064480126846,0.001287638806387853
90.014,-0.07651989040726107,-0.7506932946917678,0.001430580282975269
90.034,-0.08129266909273739,-0.7555085553988881,0.0012089270706974187
90.054,-0.0859012259440688,-0.7603403241988821,0.0012542542136970425
90.074,-0.09092060545189397,-0.7653769860328631,0.0013379909272807078
90.094,-0.09568555721228864,-0.7701942410815544,0.0014954096238022074
90.114,-0.100063854959059,-0.7746778678487967,0.0011775156794517072
90.134,-0.10501306244589947,-0.7797961437012709,0.0010696921053084951
90.154,-0.11008877637139484,-0.7848043326831953,0.0015881820868024754
90.174,-0.11429997563492486,-0.7890594083865005,0.0010764795171213926
90.194,-0.11904023720575682,-0.7940389060093793,0.001336879742701358
90.214,-0.12411777987560123,-0.7990093826482927,0.0016437663578339479
90.234,-0.12886485344848958,-0.8037543597937216,0.001645079994991916
90.254,-0.1335405434319034,-0.8086415824206957,0.0013071839775763427
90.274,-0.13872059227515393,-0.8139111392461582,0.0013995032229835724
90.294,-0.14362856377845956,-0.8188561346785828,0.001481452126618099
90.314,-0.14807355095456284,-0.823731646562106,0.001356009244792622
90.334,-0.15277491007017918,-0.8286983709050053,0.0013785636942682533
90.354,-0.1576034741777646,-0.8335483110379651,0.001837401794784893
90.374,-0.16214435341925426,-0.8381816513012101,0.0014635079706749599
90.394,-0.1663996340407409,-0.8427432703152543,0.0012651135815502645
90.414,-0.17147522851848018,-0.8477931499531423,0.0017503754264705795
90.434,-0.17639517343976674,-0.852781148666583,0.001650953616992995
90.454,-0.18058683993178648,-0.8571923170232838,0.001365324761893244
90.474,-0.18535151259914043,-0.8619422838807019,0.0015248912784786017
90.494,-0.1906325036924023,-0.867208873451889,0.0017422059197534645
90.514,-0.1949172112919929,-0.8715145137315816,0.001224598018187889
90.534,-0.19966906005010462,-0.876377576390151,0.001436493292561264
90.554,-0.20482698315002887,-0.8813685676928913,0.0017958934237920776
90.574,-0.20957665067197861,-0.8860226662069566,0.0016827180194199376
90.594,-0.21368185698399939,-0.8902053551486693,0.001199777170522609
90.614,-0.21884042665136585,-0.8951887900407619,0.0015932654740327123
90.634,-0.22400220119398367,-0.9001846469348309,0.0014701866044298517
90.654,-0.2285865529411033,-0.9047909785244965,0.0013298449323426997
90.674,-0.23341452954719927,-0.9093918375153649,0.0013741455925937729
90.694,-0.23856763983592832,-0.9142733462279591,0.0019185347279405685
90.714,-0.24347361320625535,-0.9188469342210396,0.0014873525948308763
90.734,-0.24851558834344395,-0.923812622301365,0.0012631061728000381
90.754,-0.2537067391292119,-0.9287161433241263,0.0014577438216141492
90.774,-0.2587787015526796,-0.9336572859568875,0.001157910899345721
90.794,-0.26374263228549866,-0.9385186021100158,0.0012728820398901497
90.814,-0.2685863898085,-0.94313040442263,0.0013215955785881306
90.834,-0.27387652072755214,-0.9481088538568444,0.0013614732830569687
90.854,-0.2785839836891988,-0.9527275607192702,0.0011058745207732645
90.874,-0.2834541145241087,-0.9573475954263169,0.0011270894039675794
90.894,-0.2887324501975912,-0.9622340650229162,0.0016134644649319907
90.914,-0.2932577016693473,-0.966443040074225,0.001082174218854537
90.934,-0.2981553551628959,-0.9711891914646179,0.001064181092824218
90.954,-0.30342094493423394,-0.976003380769829,0.0014063985202925344
90.974,-0.3083575628452076,-0.9806148548853922,0.0012544638960173826
90.994,-0.3127402483706674,-0.9848620184969981,0.0009839497118134533
91.014,-0.3178369785030374,-0.9895459398192662,0.0011767208022424314
91.034,-0.32314337281837985,-0.9944340385671205,0.0012748194176765981
91.054,-0.3277403202146828,-0.9987956084180624,0.0009187349209117124
91.074,-0.3324185233956825,-1.0031889024018488,0.0008724418724327387
91.094,-0.3379118156188354,-1.00814828794315,0.0014185073431187967
91.114,-0.34256640516431086,-1.012333796084354,0.000867441563009802
91.134,-0.3475024805799049,-1.016990397109,0.001024289259055594
91.154,-0.352798611393517,-1.0217041228141988,0.001269714210601569
91.174,-0.3579312742767583,-1.0263482701965856,0.0013101835573368359
91.194,-0.362161981117547,-1.0302964894496889,0.0008562726080998395
91.214,-0.3672314697273563,-1.0348489146524469,0.0010605521256022987
91.234,-0.372619547900677,-1.0396688919469652,0.001316608659178764
91.254,-0.3772148831059096,-1.0437896805678075,0.0007503757325816041
91.274,-0.3823175045525783,-1.0485084217445453,0.000900078856374581
91.294,-0.38772504316718914,-1.0531949367118005,0.0012306616604205178
91.314,-0.3926028448609745,-1.0575079621694452,0.0009189358754222998
91.334,-0.39743659052855534,-1.061994270426854,0.0008902410030204588
91.354,-0.40259816279220395,-1.066542189553744,0.0012873572274584855
91.374,-0.40774677444377233,-1.071052907685077,0.0013135140494269226
91.394,-0.4124097398785932,-1.0752182174610838,0.0009449653451094608
91.414,-0.4176836536484825,-1.0799746958816072,0.0008338698736992389
91.434,-0.4231207125843801,-1.0846078849899872,0.0013244373686063515
91.454,-0.42759228519967796,-1.0885156747194653,0.0007504587674898588
91.474,-0.4326761971699635,-1.093159877521832,0.00105957388954242
91.494,-0.43805221254957255,-1.0978320133879107,0.0013360516042647819
91.514,-0.4428098540116865,-1.1019706141058085,0.0011391517669731843
91.534,-0.4477622171391935,-1.1063951859141175,0.0010735786549541104
91.554,-0.45316483747247405,-1.1110940175919815,0.0012467863083790165
91.574,-0.4584228852021423,-1.115689042744823,0.0014424295025215472
91.594,-0.4628746952605602,-1.119657966649435,0.0009557562740979964
91.614,-0.4680450486371705,-1.1243311126510989,0.0009090526469256455
91.634,-0.47352214413979893,-1.1289966830213782,0.0015342795993472658
91.654,-0.47807694114965366,-1.13294771093924,0.0011044776856522498
91.674,-0.48313428466340025,-1.1375332000514211,0.0011713139614414059
91.694,-0.4885348382601621,-1.1422123546325997,0.0014797291295042259
91.714,-0.4935207804448425,-1.1465848023363838,0.0014112900114001403
91.734,-0.4981986519417685,-1.1508520832069107,0.0011297873683250026
91.754,-0.503521469617548,-1.1554885244057964,0.0014083838935299853
91.774,-0.5086313429051946,-1.1599454738207897,0.001650982909751908
91.794,-0.5136022630260969,-1.1642234193637702,0.0009623145591488302
91.814,-0.5190711670330128,-1.1692160599994506,0.0012387254332552056
91.834,-0.5244210518358967,-1.1738224572874427,0.0015873743615523184
91.854,-0.52964088417513,-1.178555612946784,0.0012631471799956495
91.874,-0.5345934964147875,-1.1831103987324114,0.0013691801998627628
91.894,-0.5395433621755797,-1.1874157069739832,0.001532394716283858
91.914,-0.5447251189475374,-1.1920718929220684,0.0014561453187826034
91.934,-0.5495266930882661,-1.1966118084353894,0.001345604912858206
91.954,-0.554739813171217,-1.2012042504758833,0.0014394138627794595
91.974,-0.5600770532359722,-1.20590401766233,0.0018254650591736088
91.994,-0.5646392257553603,-1.2098400878255047,0.0010992718264005996
92.014,-0.569768344994121,-1.214541603808771,0.001353248730830342
92.034,-0.5752173478918094,-1.2192086404799647,0.001775308498787903
92.054,-0.5802910996492578,-1.2236561140321687,0.0015333549536883373
92.074,-0.5849248776590208,-1.2278797508662997,0.001393599985858196
92.094,-0.5902212318501514,-1.2324516356382051,0.0016288877517853517
92.114,-0.5954001704462564,-1.2369475511107852,0.0017098671781001218
92.134,-0.6002382188260144,-1.2412276821952573,0.00130535833921111
92.154,-0.6055620526838974,-1.245907035654646,0.0013271074564644714
92.174,-0.6110524510954581,-1.2505353545537747,0.0017879059011911003
92.194,-0.6158843952636796,-1.2546809992259471,0.001328520212398071
92.214,-0.620663882480144,-1.259001941755498,0.001399085786937232
92.234,-0.6261142224196583,-1.2635944782225201,0.0017455009611160588
92.254,-0.6311678847685429,-1.2679010142501146,0.001745565214237299
92.274,-0.6362580505990003,-1.2723817839333786,0.0012319296277924774
92.294,-0.6417956855431364,-1.2771478300357957,0.0014004648805618358
92.314,-0.6471217577628751,-1.2816946652709909,0.001353703749738533
92.334,-0.6523502418773954,-1.2863487004417817,0.0011367901110088119
92.354,-0.65740281279058,-1.2908409040122892,0.001149723564361771
92.374,-0.6629401580891492,-1.295503431495878,0.001561784706120256
92.394,-0.6680742962556496,-1.299933547452791,0.0011434102416597869
92.414,-0.6730788944957454,-1.30440098669007,0.0009817206320123506
92.434,-0.678629894096489,-1.3090138120162713,0.0014771882424194915
92.454,-0.6836765393540434,-1.3132563700693176,0.00120352367853524
92.474,-0.6889300427500336,-1.3178870154574447,0.0010871158996747787
92.494,-0.6943763991356504,-1.3224380587512325,0.0012658121635588937
92.514,-0.699854085906436,-1.3270614192882422,0.001311591257768474
92.534,-0.7047455135803115,-1.3312960658037298,0.0010701064130775595
92.554,-0.7097499581475383,-1.3356775436659132,0.0010491367177052346
92.574,-0.715261017786435,-1.340216950723864,0.001539986132186033
92.594,-0.7204584045108227,-1.3445570051140987,0.0013491618115682447
92.614,-0.7256558948157456,-1.349078003926738,0.000988457890651273
92.634,-0.731193177981385,-1.3536682816579184,0.0012276918592943054
92.654,-0.7365587372254975,-1.3582061774436605,0.0010350586435849407
92.674,-0.7417151494499288,-1.362689858321068,0.000921507532613941
92.694,-0.7468428883400526,-1.3670408209811247,0.0010049890398852457
92.714,-0.752357752994624,-1.371611236059403,0.0012394452046436688
92.734,-0.7573443367379968,-1.3758408559077864,0.0007810826458542197
92.754,-0.762366819875353,-1.3802186849442006,0.0007650429042709295
92.774,-0.7680032974208498,-1.3847852204858313,0.001394519983631548
92.794,-0.7729217218191426,-1.3888367003166013,0.001131296875810428
92.814,-0.7778740234362436,-1.393009821787242,0.000924993256150225
92.834,-0.7833473362102451,-1.397480309347035,0.0011676045335613228
92.854,-0.788769835432803,-1.4019376669549792,0.0013037803731071884
92.874,-0.7931920960590452,-1.4056553173765578,0.0007871305851514798
92.894,-0.798355322576021,-1.4099248549558594,0.0009226181781823717
92.914,-0.8040609460975681,-1.4145421707263575,0.0012993865319330389
92.934,-0.8088061620663822,-1.418370514662413,0.0007476383301651401
92.954,-0.8140242360813686,-1.4228061317827538,0.0008256150146831176
92.974,-0.8196322133546076,-1.4272478525971306,0.0013732375186822632
92.994,-0.8247428175955097,-1.4313422907895308,0.0013078636121554854
93.014,-0.8299154872007602,-1.435645830724274,0.0008883356614782512
93.034,-0.8355994164488082,-1.4402351910486781,0.0010860534226133922
93.054,-0.8410176355034573,-1.4446012021678214,0.001191071459327453
93.074,-0.8459536094934719,-1.448869562123858,0.000937916438347175
93.094,-0.8513288443515208,-1.453433770663673,0.0010302512493003957
93.114,-0.8567961467125048,-1.4577791470797248,0.0014429126300422868
93.134,-0.8620038312195584,-1.461973635846215,0.0010848901418868961
93.154,-0.8667875029498097,-1.4660042397846331,0.0009920257233330676
93.174,-0.8723656583855338,-1.470394541036337,0.001362084437847244
93.194,-0.8780202674403736,-1.4749140547716924,0.0011626802868697217
93.214,-0.8830688529492308,-1.4791288392092141,0.001323827358440277
93.234,-0.8879905046025616,-1.4831274863323454,0.0010643453131391478
93.254,-0.8935047875520359,-1.4873851105753875,0.0013685738515442636
93.274,-0.898464453470258,-1.491335766995661,0.0009462032668357268
93.294,-0.9038617028477751,-1.4957461279331898,0.0009938484896242494
93.314,-0.9095235351209072,-1.5000593451577684,0.0016849015685630742
93.334,-0.9147366437360702,-1.5041496555006675,0.001490978518947389
93.354,-0.920053534663631,-1.5084972171033244,0.001219201621972088
93.374,-0.9257716654074059,-1.5129839242022811,0.00142722093430378
93.394,-0.9312291808851032,-1.5173107771899441,0.0012636486921551726
93.414,-0.9363414960663327,-1.5216028749047203,0.00131331427231679
93.434,-0.9415887788442184,-1.5258833947827044,0.0011786556894611
93.454,-0.9471192710308308,-1.5301610213823744,0.0017932656755612342
93.474,-0.9521565888833251,-1.5341334911272775,0.0012806173142590194
93.494,-0.9571071903887531,-1.5382515106534163,0.0013247380041912504
93.514,-0.9627734835650668,-1.542634048130791,0.0017222234967373684
93.534,-0.9679819873791391,-1.5467138659302528,0.0015488876927902961
93.554,-0.9730084203367653,-1.550793618124738,0.0013703924201219353
93.574,-0.9786106731115882,-1.5551644765584793,0.0015565201592929179
93.594,-0.9841264113829034,-1.55948090165476,0.001752913477508028
93.614,-0.9888965217604374,-1.5632637129060116,0.0012880229420882683
93.634,-0.9945014328297755,-1.5677788227878808,0.0012985242831498323
93.654,-0.9999800099294943,-1.5719827370354786,0.0018582114251395332
93.674,-1.0050779662365614,-1.5759886636695213,0.0013910223133701827
93.694,-1.0100114123311459,-1.5800781806459545,0.0013829704349305194
93.714,-1.0156377241530705,-1.5844621292378724,0.0017177172492641168
93.734,-1.0208750413536813,-1.588554035027064,0.0016000491864789634
93.754,-1.0258998196359095,-1.5925771274766747,0.0014413779919670855
93.774,-1.0314752492475046,-1.596975615061799,0.001460493779458838
93.794,-1.0371543089909354,-1.601366308020482,0.0017466483633276075
93.814,-1.041900268598975,-1.6050780573976493,0.0012416293549149526
93.834,-1.0471548333333094,-1.6093951674274776,0.0012797686317909118
93.854,-1.0529672764609905,-1.6138094128918445,0.0017893002370336364
93.874,-1.0580571902909603,-1.6177080594708773,0.0014841720095150612
93.894,-1.063260383665999,-1.6218423968857747,0.0013330979195253223
93.914,-1.068935236475543,-1.6261432405910345,0.0015819230177805677
93.934,-1.0744671245683424,-1.6303946942629999,0.0015338002083933877
93.954,-1.079303843483661,-1.6342273492451937,0.0012381753231999193
93.974,-1.0847684650744278,-1.6383648809519753,0.0013899267645405278
93.994,-1.0904792840793431,-1.642689202065698,0.001796558977965157
94.014,-1.0953497125422351,-1.646291217798168,0.0010993847597002004
94.034,-1.1007750707585502,-1.6505818097686127,0.0011696123048926532
94.054,-1.1065369261126992,-1.654833503331346,0.0015184857505333715
94.074,-1.1118276228053898,-1.6588158329117957,0.0011904821080028216
94.094,-1.11694541507264,-1.6628612180503952,0.0011411305135947958
94.114,-1.1226153464142758,-1.6670409986520147,0.001414245935511177
94.134,-1.1280857102273687,-1.6711395368489659,0.0015052858752371556
94.154,-1.133456816201158,-1.6752613042938245,0.001007875461156077
94.174,-1.1392636072949673,-1.6797550423493874,0.0009715408991888552
94.194,-1.1449198785753283,-1.6839282163494464,0.001352920104512989
94.214,-1.1502413003732495,-1.6881186792918752,0.0009986429410285547
94.234,-1.1555349509931288,-1.6923278759169595,0.0011291431858236889
94.254,-1.1607339058713924,-1.6962146526443147,0.0012252326932376267
94.274,-1.1661759773620441,-1.7004272650012222,0.0010615376367636986
94.294,-1.1713592646431235,-1.7045888332821724,0.0010416800923494507
94.314,-1.1768734035776236,-1.7087355304185752,0.0012564158604145836
94.334,-1.182522785451777,-1.7129955683377158,0.0014204830122246381
94.354,-1.1872296640900293,-1.716553460343666,0.0008473099003905304
94.374,-1.1924286320713713,-1.7206309783533011,0.0007406100131109594
94.394,-1.1983519433471466,-1.724950110668023,0.001295492602500281
94.414,-1.2034843622833893,-1.7287343750617472,0.0007867970521502898
94.434,-1.2085952591466538,-1.7327506931532404,0.0007839483522620316
94.454,-1.21439916247709,-1.7369962240404788,0.0012577379891599016
94.474,-1.2196632851650229,-1.7408210332058869,0.0010897430493948812
94.494,-1.2251642799008642,-1.7450225261609036,0.0009609777275892961
94.514,-1.231001061777521,-1.7493229547482232,0.0010063436568162054
94.534,-1.2366721989141325,-1.7534571618761001,0.0012795449201425946
94.554,-1.2415503010794415,-1.757087044341636,0.0008687129413836869
94.574,-1.2468512059603558,-1.7611509918458406,0.0009266486860201317
94.594,-1.252670515688191,-1.7653209112512274,0.001351641049760266
94.614,-1.2579250677085512,-1.7691478310700786,0.001130207755491608
94.634,-1.2634797665595152,-1.7733830949217948,0.0009601806307217575
94.654,-1.269337065227569,-1.7776164337074194,0.001209841782970733
94.674,-1.274934589299803,-1.7817574199084154,0.0010566100087466002
94.694,-1.280182082038117,-1.785770101435992,0.001204591979562769
94.714,-1.2855664094158459,-1.7898498793054063,0.0010824688158321272
94.734,-1.29107034020659,-1.7937999347305407,0.0014591332163471915
94.754,-1.2962045570682825,-1.797551889801363,0.0009342952561892104
94.774,-1.3013525759020064,-1.8015230429667841,0.0009250965668100852
94.794,-1.3071903114756498,-1.8057481154281387,0.0014053259575897425
94.814,-1.3125262931922053,-1.8096176647394637,0.0011038204508552196
94.834,-1.3176359938301605,-1.8135364282087034,0.000997405533832485
94.854,-1.3233970826678092,-1.8176789485945755,0.0014056547203998015
94.874,-1.3288286830796656,-1.821585076566666,0.001485059076084233
94.894,-1.3341995267720783,-1.8255391662007068,0.001080023982271694
94.914,-1.3400358225571178,-1.8298767953122488,0.0010582585364086183
94.934,-1.3458441192870372,-1.833943330191072,0.0015147231272729655
94.954,-1.3513094238448808,-1.837943127774988,0.0011591005450878322
94.974,-1.3567403253468897,-1.8420925342935972,0.0014789627442745312
94.994,-1.3619680915578372,-1.8458342859711978,0.001485860438344866
95.014,-1.3675424096883746,-1.8498634560435385,0.0013278688327328647
95.034,-1.3728968224165778,-1.8538795849514493,0.0013653531866484325
95.054,-1.3785980836622866,-1.8579530578965282,0.0014337622983242038
95.074,-1.3842140644307146,-1.86193254918217,0.0017884128728882231
95.094,-1.3895791486725304,-1.8657894008722808,0.001190403386125971
95.114,-1.3953680459918492,-1.8701903398914852,0.0012380372554137153
95.134,-1.4010990120690519,-1.8742879559886911,0.0015649672401469028
95.154,-1.4065607147479293,-1.8783975805022233,0.0013313994302061316
95.174,-1.4117696286639179,-1.8823846631464902,0.0013192486559961136
95.194,-1.4174226341094405,-1.88643119742197,0.0017427545412303513
95.214,-1.4229926756224323,-1.8904645372670614,0.0016775155918839768
95.234,-1.4277910961016964,-1.8940463198289572,0.0013735962261069434
95.254,-1.433360074328072,-1.8980588505133424,0.0014834035312416005
95.274,-1.439308290333272,-1.9023195591507198,0.001781092071763496
95.294,-1.444104411204087,-1.9057277315082701,0.0012297133926456594
95.314,-1.4493965327696876,-1.909731026359862,0.001233387106193251
95.334,-1.4554800143979654,-1.913942713854828,0.0018267655348122025
95.354,-1.4610993240718029,-1.9178673086072953,0.001588149076215184
95.374,-1.4660128175191796,-1.921430887495193,0.0014133333102505363
95.394,-1.4716986596409558,-1.9253638880143968,0.0017109327974717259
95.414,-1.477758786210924,-1.9295326594636921,0.0018470520831346815
95.434,-1.4826198062872897,-1.932874932613898,0.0013795628926975
95.454,-1.487888383802454,-1.9365313618204343,0.0013110325508793597
95.474,-1.4943399690222487,-1.9408492311925507,0.001766256671427907
95.494,-1.4998554777002626,-1.9444891623878744,0.001233799671143676
95.514,-1.5051033480629152,-1.9481545692143338,0.0012559099366245552
95.534,-1.511153374115679,-1.9520932066032917,0.001705049151352861
95.554,-1.516748092516961,-1.9557261232905887,0.0015265167258409484
95.574,-1.5220076168179981,-1.9592657848139052,0.0013422465020414553
95.594,-1.5278960842990308,-1.9630719814798003,0.0014168035095697418
95.614,-1.5339093362309937,-1.9669684980718811,0.0014851065863258073
95.634,-1.5391275143640772,-1.9704533592368187,0.0012323039381296474
95.654,-1.5447393022297184,-1.9741254706185085,0.0011249048298535846
95.674,-1.550755983065886,-1.9778655870439377,0.0016198922375146585
95.694,-1.5564784301189476,-1.9815791975487804,0.001187824650979219
95.714,-1.562401721648981,-1.985581368574453,0.0011877525316907056
95.734,-1.56842008246161,-1.9894517620136387,0.0013965272071042312
95.754,-1.5742431911258952,-1.9932818603402584,0.0011630129448413629
95.774,-1.5796073385782614,-1.997008147893425,0.0013009870981168237
95.794,-1.585053714509554,-2.0005756569174196,0.0010995788181789312
95.814,-1.590835400585769,-2.0043182846911565,0.0011571715121131976
95.834,-1.5964431020828749,-2.0081765026998304,0.0009889633716141655
95.854,-1.6021746565719253,-2.012028967622004,0.0007938722009366017
95.874,-1.6082597092011914,-2.0158375698486757,0.0014937549687329688
95.894,-1.6135632758938743,-2.019227739184663,0.0010770086576304128
95.914,-1.6193798739645218,-2.0231375230595834,0.0010692661296513584
95.934,-1.6254426630664558,-2.0270566775073697,0.0012053795253156308
95.954,-1.6312628694061377,-2.0308656980062416,0.0009614008946761954
95.974,-1.636828738774051,-2.034689912516172,0.0012281525974680296
95.994,-1.6424363553219876,-2.0384491378855527,0.0010117971092386269
96.014,-1.6481962400346455,-2.0421305413863893,0.0013034950058938566
96.034,-1.6533946194065852,-2.0455122745088827,0.0007360309909833218
96.054,-1.659120755143654,-2.049455297529459,0.0007279998639230512
96.074,-1.6653886876298434,-2.0534047893813283,0.0012794536061457862
96.094,-1.6707901920089343,-2.056828473190783,0.0008740493450261344
96.114,-1.6765116525580672,-2.060672702695082,0.0010489342899231702
96.134,-1.6825317799581854,-2.0644883914630667,0.0011418222567938507
96.154,-1.6885098263172313,-2.068338256477013,0.0010463193072292876
96.174,-1.6938071649792799,-2.071836945027368,0.0011346967095285931
96.194,-1.6993515560034549,-2.07548846007395,0.0009608521758517063
96.214,-1.7051375958157875,-2.0791017062098764,0.0013558846303560468
96.234,-1.710464428215348,-2.082454857575456,0.0007755822026049575
96.254,-1.71632041959152,-2.086361277433772,0.0009277327939865021
96.274,-1.722294145177204,-2.090141598565145,0.0012772092034212534
96.294,-1.7278743251674138,-2.0937243313275893,0.0010703094255848922
96.314,-1.733673350029341,-2.0976154901769837,0.0010579479877587394
96.334,-1.739810902099565,-2.1015577467520012,0.0011907190715602922
96.354,-1.7454968998296359,-2.1052412212093614,0.0013393512605731628
96.374,-1.7505039206920947,-2.1085482644713336,0.0009898947457076535
96.394,-1.7563956461393777,-2.1125084555342144,0.000862274591099943
96.414,-1.7623795145915324,-2.1162848973982533,0.0015420359028475994
96.434,-1.7675004549553,-2.1195741970462256,0.0010970842959661942
96.454,-1.7732732000781728,-2.12349700984053,0.0011445387822052178
96.474,-1.7793276676276153,-2.127384277696194,0.0014245464494800075
96.494,-1.7849979699942904,-2.1311286055196157,0.0012922121809990916
96.514,-1.7901847191302722,-2.1346669722347027,0.001247518165012118
96.534,-1.7959616558229825,-2.1384636970489663,0.0012998241387407738
96.554,-1.8018547745707683,-2.1422935402407712,0.0016862702482259573
96.574,-1.8069454563962148,-2.1455336787991306,0.0009544611538809811
96.594,-1.8128450452411438,-2.1495849015147046,0.0012186270452542447
96.614,-1.8188660462740438,-2.1534276446832514,0.0016202796320696766
96.634,-1.8243090507148514,-2.1569621206159177,0.0012845605908881896
96.654,-1.8295511047033248,-2.160543363377,0.0012189924732913526
96.674,-1.8355329059632892,-2.164404275161533,0.0016134134568459024
96.694,-1.8410191540451561,-2.1679306992501326,0.0015991712370343192
96.714,-1.8466381316064595,-2.171726127786305,0.001302199397513193
96.734,-1.8527649949779785,-2.175794358023841,0.0013318280312122066
96.754,-1.8586855239224116,-2.179581243822928,0.0016398628516868796
96.774,-1.8640730611463656,-2.1831499150128058,0.001321800307542642
96.794,-1.869734329306764,-2.187022554157977,0.001468336233461126
96.814,-1.8752707862271067,-2.1905937560179343,0.0016865900653708077
96.834,-1.8808775634397574,-2.1942687319834744,0.0013444043933546201
96.854,-1.8865285845511366,-2.198175324215604,0.001413476427017557
96.874,-1.8923299323157245,-2.2019188107035976,0.0017045777064836343
96.894,-1.8982283557675022,-2.205778804036292,0.001793422007890233
96.914,-1.9031746457003598,-2.2090532489066153,0.0013803070810144147
96.934,-1.9087628182177692,-2.212818139195349,0.001318692265252469
96.954,-1.914973885500254,-2.2167631714223233,0.0017875483496919142
96.974,-1.9202821708457893,-2.220127360435109,0.001311829470875131
96.994,-1.9254946378248512,-2.2236562788605307,0.0012717630579208161
97.014,-1.9316060267896253,-2.2275090637654875,0.001771309183697084
97.034,-1.9374528523325139,-2.231200123314615,0.0016538085473003228
97.054,-1.9424808397625337,-2.234475107197395,0.00140800779536554
97.074,-1.9482288424926308,-2.2380738051564113,0.0015592932539326143
97.094,-1.9544389724702875,-2.241949061253191,0.00181862838056282
97.114,-1.9595296451816993,-2.2450616227009363,0.001204470877857855
97.134,-1.9652716660137033,-2.248746404241617,0.0012156985705276402
97.154,-1.9714876546391205,-2.25247225679248,0.0016996929596369559
97.174,-1.9769104842312406,-2.2557464385267236,0.001289485637751081
97.194,-1.9824709574791903,-2.2592591552198575,0.0013758579038370689
97.214,-1.9885366410715553,-2.2629351461254186,0.0015558722572806827
97.234,-1.994366937224253,-2.266459430644292,0.0016457166389041988
97.254,-1.9994850394614025,-2.269589818333557,0.00122887843804928
97.274,-2.005472429262637,-2.2732817749680554,0.0012277141841057493
97.294,-2.011573188330953,-2.27692935808107,0.0015165136904790877
97.314,-2.0167815143985948,-2.280081893654584,0.0010496571893018614
97.334,-2.022726284201656,-2.2838422139372865,0.001113095510528822
97.354,-2.0288585322292834,-2.287459228885011,0.001593075059325877
97.374,-2.0344120660332905,-2.2908221897636527,0.0013896982045377149
97.394,-2.0402069981487116,-2.2944937950391346,0.001124861639043434
97.414,-2.046450149323486,-2.298315588020989,0.001276278608782766
97.434,-2.05234157657617,-2.301955869174902,0.0011648190094216138
97.454,-2.0580099530703033,-2.3055670001756843,0.001260122591850682
97.474,-2.0637153333344074,-2.309178714791602,0.0011428310422689214
97.494,-2.069389176348501,-2.3126031965235905,0.0013143281884875901
97.514,-2.0750297535038325,-2.3161036105130153,0.0008409013586613001
97.534,-2.0808622207049896,-2.319891608049601,0.001109938287837453
97.554,-2.0867613140854124,-2.3234766449318105,0.0013843406826042626
97.574,-2.0925524991461675,-2.3270389630946373,0.0012264404752890257
97.594,-2.0977245692820685,-2.330325869763526,0.000946050649873964
97.614,-2.1037100898655003,-2.3339498461324166,0.0011578574199726244
97.634,-2.109714057085742,-2.337622687395799,0.0012321816276996966
97.654,-2.1150504777659163,-2.3409636005363557,0.0008663097410206988
97.674,-2.120960220746282,-2.3446232369179665,0.000875359669813891
97.694,-2.127039183642979,-2.348238156523036,0.0014492500772871897
97.714,-2.1323289251934767,-2.35138321525517,0.0009397919322695347
97.734,-2.138308943471807,-2.355168060058702,0.0009767402387160506
97.754,-2.144489142992659,-2.3588504462193476,0.001179952785313243
97.774,-2.1502561673602725,-2.362388964507796,0.0009696279848191991
97.794,-2.1558425910302446,-2.3659904358243034,0.0010849416689011904
97.814,-2.1616186294715467,-2.3695437042292484,0.0010445982738172543
97.834,-2.1676873275255093,-2.373218990245849,0.0013389685526327966
97.854,-2.172840551129593,-2.3763344589663955,0.0008177126191757089
97.874,-2.1787773648440742,-2.380095443622804,0.0009641351979587098
97.894,-2.18490020651101,-2.383757637962088,0.0013572093018432985
97.914,-2.190366213040208,-2.387053963608108,0.00100919307990896
97.934,-2.1959453104467737,-2.3905732340788504,0.0010628678426714555
97.954,-2.202019705429293,-2.394253005462529,0.001262724472796628
97.974,-2.20762780640974,-2.397637753499007,0.0012344237874153396
97.994,-2.2132839521322056,-2.4011678216142682,0.001047182163217114
98.014,-2.219503452676718,-2.405010212962964,0.0011032450548053296
98.034,-2.225495735629171,-2.408628222652005,0.0014164131521404721
98.054,-2.2304460436682727,-2.4116379403621533,0.0009046308695022931
98.074,-2.2361724836966763,-2.4153834015302413,0.0008938551843486742
98.094,-2.2424768273138924,-2.4191428031184974,0.0015503966803600833
98.114,-2.24789126507923,-2.4223867718448444,0.0012307605090863538
98.134,-2.253404787957392,-2.425825911441501,0.0012277282364719089
98.154,-2.2594334249952746,-2.429461313471966,0.0014026898007869493
98.174,-2.2654641921187824,-2.4331034599789394,0.00144488107438695
98.194,-2.2707758886132954,-2.436405239302622,0.0012482611241284858
98.214,-2.2765824321519053,-2.439914853683729,0.0012539657859313713
98.234,-2.282619128026568,-2.443509742146169,0.00177925186828648
98.254,-2.2884402272408533,-2.4470267690643515,0.0013503026203709467
98.274,-2.2944252177933766,-2.4508268461953278,0.001264870941611984
98.294,-2.3005622846858302,-2.4544634063589004,0.0015588907066506341
98.314,-2.3065354124626,-2.4581504514965276,0.0013293720739277204
98.334,-2.3121168428204046,-2.461697802733836,0.0014748339221247464
98.354,-2.3177771911260963,-2.465071129518492,0.0014408533136336943
98.374,-2.323718983369748,-2.468621947347805,0.0014506430050491015
98.394,-2.3293850365052235,-2.472183558905381,0.0012793688138536263
98.414,-2.3353076373248545,-2.475758492958107,0.0013151729955460933
98.434,-2.3415492712324584,-2.479505938364882,0.001681256512724244
98.454,-2.34690320409851,-2.4826641118228174,0.0012347869496467656
98.474,-2.3524873245923565,-2.486162970725847,0.0012128120746884574
98.494,-2.3588140783525535,-2.48982724112225,0.0016245954106126337
98.514,-2.3645021746902586,-2.493140941352889,0.001429992962478449
98.534,-2.3702111242254134,-2.496647645746611,0.001299283569418691
98.554,-2.376377562214982,-2.500146403890698,0.0015125475081667061
98.574,-2.382261191847562,-2.503533476209028,0.0015445407817613888
98.594,-2.3881391562809453,-2.5070798409667616,0.0012496426624207524
98.614,-2.394295663945163,-2.510742845293816,0.001203178731705612
98.634,-2.40047916847638,-2.51427224254746,0.0016522724374197773
98.654,-2.405856049322924,-2.517380323449038,0.0012262471004857167
98.674,-2.411732171140764,-2.5209396184536494,0.0012667704862106277
98.694,-2.4179583107226716,-2.5244521552942927,0.0017074275391500415
98.714,-2.423715208381238,-2.527733153452285,0.001690211127488822
98.734,-2.429254584231734,-2.53096625984383,0.0013428033722433785
98.754,-2.4354779790276635,-2.5346073408372005,0.0012988693950262975
98.774,-2.4416663090903894,-2.5380949939681385,0.001546614897916826
98.794,-2.4470326107715565,-2.5412323566856885,0.0011966968711664694
98.814,-2.452851612578521,-2.544730061188845,0.0011210564359520059
98.834,-2.4589182025809895,-2.548110684743668,0.0016698804134981649
98.854,-2.4645782169390476,-2.5513135950615946,0.0013315254862133752
98.874,-2.470223492001282,-2.5546589962357458,0.0012787931716617684
98.894,-2.4764252680012317,-2.558165799526127,0.0014607416006121865
98.914,-2.482393444391304,-2.561569372065311,0.001630512334703571
98.934,-2.4876860869764847,-2.56461813744478,0.0010735913173279266
98.954,-2.4938657409997074,-2.5682600626804883,0.0010696232988084975
98.974,-2.500063732327217,-2.571730624598077,0.0014802451128988758
98.994,-2.5054416665593977,-2.5747689476255045,0.0008839800743470627
99.014,-2.511075970035099,-2.5782008084743886,0.0010423230108158321
99.034,-2.517328981141869,-2.5817160010918867,0.0014938259005651267
99.054,-2.5229951958138734,-2.584889663197233,0.0013988205609645754
99.074,-2.528463580005135,-2.588074892367818,0.0010321378563706851
99.094,-2.534612067343934,-2.5915989475344445,0.001135362796864603
99.114,-2.5406726990859196,-2.595048951259073,0.0011736929090808146
99.134,-2.5462516443516643,-2.598348750131914,0.0010067639217800906
99.154,-2.552046597436794,-2.601726858384183,0.0008658988105392784
99.174,-2.5584076741342106,-2.605210532694554,0.0014408167148741713
99.194,-2.5639331013569904,-2.608246884124072,0.0009838508016244418
99.214,-2.56996829083815,-2.61179875589626,0.000948809511107318
99.234,-2.5762380670292635,-2.6152356333361952,0.0012137011315352664
99.254,-2.5822468650756636,-2.6186120111061233,0.0010109216693777734
99.274,-2.587980265676526,-2.622015224252983,0.0011677151046321221
99.294,-2.5936545477801016,-2.625254554707452,0.0009359963364255763
99.314,-2.599909950603446,-2.628719599884519,0.0012141269136520805
99.334,-2.6055849176505443,-2.631951639214063,0.0007970300337569736
99.354,-2.6118112124167157,-2.635589370689628,0.000723422339983848
99.374,-2.6179968741676922,-2.638983941847158,0.0012336940326486412
99.394,-2.623342558108465,-2.6419799689365018,0.00078263810221052
99.414,-2.629367183662747,-2.64554073008854,0.0008286382846312557
99.434,-2.635475985955194,-2.6489059849337417,0.0013309105178263836
99.454,-2.641402720256268,-2.6522518845750223,0.001275309283440551
99.474,-2.6464656900787653,-2.655184754712854,0.000980565868559824
99.494,-2.6524062478609984,-2.65855655714601,0.0010271233931292978
99.514,-2.65879778246854,-2.662120541420877,0.001392720546923909
99.534,-2.6640094588890326,-2.6649265527146824,0.0008044325438522071
99.554,-2.669397014634132,-2.6681267498543386,0.0007832885368176112
99.574,-2.675854998804132,-2.6716250131765746,0.0013632523417926867
99.594,-2.68198110703931,-2.6749874831426923,0.0011065874091450156
99.614,-2.6876107887681786,-2.67825230227533,0.0012542607128376293
99.634,-2.693578457259276,-2.681480378895633,0.0012794148250787896
99.654,-2.6997620440335925,-2.6848094093954646,0.0016436012009495293
99.674,-2.7056987335247227,-2.688040313737091,0.0010261841547409833
99.694,-2.71197457724173,-2.6916230953887283,0.0010220321194216175
99.714,-2.7181995145276256,-2.6948960037992333,0.0013334280687329059
99.734,-2.7243867666482355,-2.698377881951515,0.0009265051536880564
99.754,-2.7303159353781314,-2.70170463797009,0.0011634693809510488
99.774,-2.7364163473770695,-2.7049795177681544,0.0014256184700525976
99.794,-2.742513024209185,-2.7083199443935757,0.0012195543413715815
99.814,-2.7482913398550983,-2.711620271056281,0.0011035538633274444
99.834,-2.754533053039936,-2.7149540130097187,0.0014906326623612132
99.854,-2.7608479712924714,-2.7183485856683354,0.001558982522249841
99.874,-2.7663424467962705,-2.7213500835245426,0.0011917065432288931
99.894,-2.7722295979020295,-2.7245361796355687,0.0012165334396762595
99.914,-2.7785576946999844,-2.727799892063465,0.0018611202635853141
99.934,-2.7844690392298763,-2.7308976232673454,0.0015299280640709845
99.954,-2.79059989230129,-2.734313175006849,0.0013160626731346103
99.974,-2.7969490212976718,-2.737679713502539,0.0015701369968048884
99.994,-2.8031251289025976,-2.741032206965563,0.0013888192394863885
100.014,-2.8089103996045997,-2.744273690017073,0.001393423814263689
100.034,-2.814959789244529,-2.7475188435084417,0.0014812963820973746
100.054,-2.821249569419423,-2.750833507203404,0.0017853835416009045
100.074,-2.8264444000053945,-2.753524146813428,0.0011495322257715213
100.094,-2.8324825692959186,-2.7568874501921,0.0012052560328552342
100.114,-2.8391000730991625,-2.7603726052048536,0.001713894127338994
100.134,-2.8447699300308322,-2.7632906387227507,0.0013137420130229782
100.154,-2.8505281088725063,-2.766445916945911,0.0012059751820287234
100.174,-2.8569201092074548,-2.7697230759733875,0.0015921504709031642
100.194,-2.8627836452401754,-2.772737778878322,0.0014663865213101757
100.214,-2.8686874067642463,-2.775953129572009,0.0013443582041170743
100.234,-2.874902410586289,-2.779138806397089,0.0014189514973755868
100.254,-2.881272706521928,-2.7824044111508566,0.001701627189152316
100.274,-2.886751110674654,-2.785183157484694,0.0011553391768178434
100.294,-2.8929257995013393,-2.7884663443182163,0.0011827980793349957
100.314,-2.8992652130046483,-2.7916194933366603,0.0016958557989990575
100.334,-2.9052553392135754,-2.7947105753596304,0.0014192338370590252
100.354,-2.911455482663504,-2.7980426897929767,0.0014085489537521978
100.374,-2.917966744040619,-2.8013933958375983,0.0014540070671505423
100.394,-2.9240321747053883,-2.8045365221779703,0.001424118284941156
100.414,-2.929774573704111,-2.8076367823954422,0.0012354572400931074
100.434,-2.9358744262655256,-2.810817860421215,0.0012534202225603086
100.454,-2.9423317863345235,-2.814084401693478,0.0017265493362495221
100.474,-2.9478556564312655,-2.816815379322779,0.0011585377593993362
100.494,-2.954029428159537,-2.820117751741894,0.0013011589369904264
100.514,-2.960413921909395,-2.8233652983410735,0.0014678228296660933
100.534,-2.9665681811298525,-2.8265393561474683,0.0012307943324086634
100.554,-2.972445741131617,-2.8297216077779623,0.0014072402138280704
100.574,-2.978407459695317,-2.8328436896419986,0.001240894022993544
100.594,-2.9847288828382714,-2.836022097868933,0.0016125201598520822
100.614,-2.9903124012963973,-2.8388376679626184,0.0009636672371307331
100.634,-2.9966034593280426,-2.8422154827148916,0.0009760504300117545
100.654,-3.0029659332828564,-2.8453738013224554,0.0013259944973651738
100.674,-3.009079854647669,-2.848584829308868,0.0010765415015359658
100.694,-3.0150591608843382,-2.851817751164999,0.0013092460722353705
100.714,-3.020989310963077,-2.8548458021410674,0.0013150538984109672
100.734,-3.0271793901888104,-2.858015309849503,0.0013122802690583024
100.754,-3.0327262853317367,-2.860888866052093,0.0010407976670695485
100.774,-3.039059712755194,-2.864213927298065,0.0009717150510523964
100.794,-3.0453516625490633,-2.8673900370813192,0.0012834192482114593
100.814,-3.050700755756769,-2.8701139667264655,0.0008207686245726709
100.834,-3.05693206074304,-2.873448620334729,0.00087069548217103
100.854,-3.0632469672443396,-2.8766140249864067,0.0012948551828160793
100.874,-3.0690068986713053,-2.8795657861405433,0.0009556696873258552
100.894,-3.0752431949413457,-2.8829394259192864,0.0009750423580542344
100.914,-3.081712380566187,-2.8862282241734185,0.0011956074624445978
100.934,-3.087712509731262,-2.8893530307404243,0.0012346135515388101
100.954,-3.092783028120711,-2.892048156638122,0.000834997831238582
100.974,-3.098888633382126,-2.8952337834881954,0.0010046744945977903
100.994,-3.1053538641384395,-2.898583217017592,0.001315742517954993
101.014,-3.110546084907021,-2.9011425656073846,0.000670341202396868
101.034,-3.1161009613658166,-2.904219920188254,0.0007008191506236161
101.054,-3.1226446171755233,-2.9075319370536006,0.0012372939668342242
101.074,-3.1287838814346665,-2.9106746126217806,0.0010042340843647857
101.094,-3.1344837444575333,-2.913729889894377,0.0010068017642260452
101.114,-3.14064933660015,-2.916786395727745,0.001225948539802263
101.134,-3.1468562961882776,-2.9198563467063394,0.0014901990221686534
101.154,-3.1525886094978817,-2.9227006464426015,0.0008229470199734024
101.174,-3.159007615167151,-2.926059149614613,0.0008909793553958933
101.194,-3.1653487859231215,-2.9291556317598575,0.0012877397423890213
101.214,-3.1714172246283567,-2.9322303022925036,0.0009760083279959642
101.234,-3.1774370881739404,-2.9354086972177513,0.0011527973982960182
101.254,-3.183601812522856,-2.9384096669280804,0.0014499307104192949
101.274,-3.189701629650878,-2.9414044739585736,0.0014703067420435145
101.294,-3.1951950164012746,-2.9441275151972497,0.0011405177412052714
101.314,-3.20154378894204,-2.9473176494770845,0.0011489194144100323
101.334,-3.207871427248218,-2.9504369803988513,0.0014167895518778506
101.354,-3.2132746579667137,-2.9531162676312324,0.0009765645974963988
101.374,-3.2194010484145554,-2.9561895542015253,0.0010359630807496578
101.394,-3.225943497976259,-2.9594082991546036,0.0015033675504480537
101.414,-3.2314859058859224,-2.962043196594876,0.0011246759924545269
101.434,-3.237418588292436,-2.965084839963091,0.0010357219038117649
101.454,-3.2438752277032967,-2.9681796764444814,0.0014165421274399959
101.474,-3.2500136927946532,-2.971176427938488,0.0012836368394447961
101.494,-3.25636224252587,-2.9744538438817942,0.001205881433990641
101.514,-3.2628336338808412,-2.977565049447561,0.001398073852030557
101.534,-3.2691699206199463,-2.980631683309821,0.0017340805736365261
101.554,-3.274402263569021,-2.983044720656098,0.001014842838722274
101.574,-3.2806170265984735,-2.9862449914555342,0.001333821121221851
101.594,-3.287041366743634,-2.989354500673366,0.00167288204400598
101.614,-3.2927688546284637,-2.9920812570143895,0.001403144371816073
101.634,-3.298889556511348,-2.9951837967028836,0.0013859559064857419
101.654,-3.305373453443116,-2.9983262027717217,0.0015565391282471308
101.674,-3.3112873258318776,-3.001217589081896,0.0015433347778381623
101.694,-3.3172695608277256,-3.004312098788569,0.0013047292486932371
101.714,-3.3237607904231767,-3.0075441161711947,0.0013785923570428793
101.734,-3.3300732888132005,-3.0106039282303003,0.0019084455752408636
101.754,-3.335552088867388,-3.013231241364421,0.0013762495966093136
101.774,-3.3418881008535375,-3.016533401506572,0.0014340252988847835
101.794,-3.34833447604286,-3.0197315515176806,0.0016552372716529262
101.814,-3.354139373384912,-3.022630069171241,0.0014299662117021328
101.834,-3.3599677752878914,-3.0257427336965934,0.0013141036400710349
101.854,-3.366279498353765,-3.028891549463198,0.001605295223333053
101.874,-3.372531384219877,-3.03201143107816,0.0017291977295035288
101.894,-3.3781885015831876,-3.0348671905777334,0.0012906313432381467
101.914,-3.3845738345305074,-3.038167307621495,0.0012427671745576796
101.934,-3.3909610855092347,-3.0412491206713694,0.0018208043515633432
101.954,-3.3966589298081713,-3.0440160249899457,0.0014674169184983321
101.974,-3.402865318883434,-3.0472947561381347,0.0013571539832529789
101.994,-3.409353249368177,-3.0505505736538074,0.0015398903019455956
102.014,-3.4154100646298264,-3.0536414540647714,0.0013398404366324335
102.034,-3.421332993216984,-3.0568508549172977,0.001403294426788243
102.054,-3.427409887907055,-3.0599846785579277,0.001347005588387018
102.074,-3.433730634396458,-3.063151612258646,0.0017633548822460765
102.094,-3.4393294354134127,-3.0659228538802425,0.0011238997810755491
102.114,-3.445129177068673,-3.06902968882592,0.0010550246078165348
102.134,-3.4516406361301533,-3.0722301370458722,0.0015850308497893928
102.154,-3.457359445488214,-3.0750417209592533,0.0012104538114869334
102.174,-3.4632287050067605,-3.0780837087725677,0.001274751383418038
102.194,-3.4695518894596753,-3.0812686282528556,0.0013202380279430104
102.214,-3.4757964383407023,-3.084399607304937,0.0012852757365936496
102.234,-3.481471955940126,-3.087357651388355,0.0011071022485438231
102.254,-3.487570327004871,-3.0904027595921075,0.0011050565343361796
102.274,-3.4938403262197473,-3.0934552536192497,0.001545186659118708
102.294,-3.4997511663961114,-3.096342133167599,0.0010193426425278984
102.314,-3.50609379276029,-3.0996644708577112,0.0010613118369970642
102.334,-3.5124948633486386,-3.1028190487289886,0.0012962719456670602
102.354,-3.5186724296670726,-3.1059484528238372,0.001035237211412715
102.374,-3.524692624174874,-3.1091468513357126,0.0012861536903453763
102.394,-3.5305531921593465,-3.1120973422136484,0.0010594012915257633
102.414,-3.536721949003669,-3.1151493780338724,0.0011778952054997405
102.434,-3.5427377257016204,-3.1182861762436387,0.001037223334362486
102.454,-3.5488375072714877,-3.1214286708043533,0.0010000719542654912
102.474,-3.5547898556743713,-3.124340742723456,0.0012414719227475945
102.494,-3.560877621287369,-3.127456486638893,0.0008406092637057716
102.514,-3.56703736138333,-3.1307301363226347,0.0011137892709631725
102.534,-3.5731469775841402,-3.13374786902645,0.0012993778434375602
102.554,-3.5793462836363856,-3.1368689835257837,0.0011690692257121382
102.574,-3.584765722629687,-3.1396519114463377,0.0009902329973950907
102.594,-3.5909369339531274,-3.1427762019292658,0.0010128149558334132
102.614,-3.597439063011346,-3.146001127748388,0.0012206669693284045
102.634,-3.60280088954365,-3.1486421101596016,0.0008608585031124327
102.654,-3.60863463476304,-3.1516673427464177,0.0007604755955354647
102.674,-3.615232389438228,-3.1548278842384216,0.001351369683486453
102.694,-3.6208792752396013,-3.157500547004273,0.0009585767809313361
102.714,-3.6269028822974247,-3.1605715806145516,0.0010238358373774181
102.734,-3.6333023675489478,-3.1636661715321117,0.0012506727665329287
102.754,-3.639414051719804,-3.1666417038420227,0.0012168101870639603
102.774,-3.6449690467295377,-3.1693958992849387,0.0009403835385759785
102.794,-3.651284485401978,-3.1724536728640724,0.0011306233190925274
102.814,-3.6576634203012666,-3.1755456287054344,0.001397638648856503
102.834,-3.6631318025498154,-3.1781736511297223,0.0008535188950817285
102.854,-3.6694770196606963,-3.181417699690076,0.0009762238457175498
102.874,-3.6758970108274482,-3.1844839651110215,0.0014008034354616727
102.894,-3.6814373335517776,-3.1870886428589764,0.0010154827423383694
102.914,-3.6875725233682997,-3.1902305939460924,0.0010936502274750959
102.934,-3.693890947529445,-3.1932471499540735,0.0014458096292099543
102.954,-3.7000211667334684,-3.1962303721196395,0.0015045437237830583
102.974,-3.7054512611192965,-3.198888168420195,0.0011148122253545334
102.994,-3.7117912492799663,-3.202098164753054,0.0011300516707133945
103.014,-3.7182496088698027,-3.2051796281119476,0.0015931989820835157
103.034,-3.723756124982869,-3.2077778171761326,0.0010752683690037346
103.054,-3.7293893107223783,-3.2106889859522103,0.0010788142423225344
103.074,-3.735945001976908,-3.2137940087058094,0.0016157283712021075
103.094,-3.7419909684034627,-3.216662003402115,0.001379328502162075
103.114,-3.747615816511266,-3.2194913325776042,0.0011554960440379458
103.134,-3.7540001121592033,-3.222525660755887,0.001540742421192648
103.154,-3.7603650371285546,-3.2255289641283507,0.0015999001879823116
103.174,-3.7661655941834327,-3.2283174929258855,0.0011806222613053308
103.194,-3.772448885265368,-3.2313664885952895,0.0012534987151117394
103.214,-3.778819620896276,-3.234267155443838,0.0017199879400341123
103.234,-3.784749431041253,-3.237012129509756,0.0012406642902987597
103.254,-3.7911995168939963,-3.2401968138641664,0.0014042051671267486
103.274,-3.7977697218071658,-3.2432254710228,0.0017118563175591572
103.294,-3.8038618606662404,-3.24611751355775,0.0016777677199830698
103.314,-3.8091525514344187,-3.2487023097202057,0.0014085815464045526
103.334,-3.8154080777670245,-3.2516738408404238,0.0015368873222198487
103.354,-3.8219555329986585,-3.2547509524288856,0.001889077596677946
103.374,-3.8273552253265235,-3.2571702730073393,0.0011705338411326371
103.394,-3.8335219375981686,-3.2602257726058688,0.0013307587607222504
103.414,-3.8400391907587648,-3.2632462178695874,0.0017226202514442068
103.434,-3.846004073333478,-3.266002151928392,0.001363539425881577
103.454,-3.8519187034083116,-3.2689651565696987,0.0013291912136108308
103.474,-3.858376377225259,-3.271895549180567,0.001747742945456765
103.494,-3.8645640897907403,-3.2747193430570647,0.0018201000062640638
103.514,-3.870232541607659,-3.2773218313216734,0.0012917024943021327
103.534,-3.8766848041075184,-3.2803593280539145,0.0013489714483959636
103.554,-3.883203519808523,-3.283301318305391,0.0016516309170467036
103.574,-3.8890495417729487,-3.2859893245591367,0.0011558307892100272
103.594,-3.895145951024982,-3.2889470274962394,0.0011890918541702378
103.614,-3.9014460493981,-3.291751962223098,0.001753959593648019
103.634,-3.9075400925079022,-3.2945130171424286,0.0014568849544235596
103.654,-3.9132962092138843,-3.2972581261951754,0.001284101440919505
103.674,-3.9197065045368644,-3.3001719194879224,0.0014883722395439003
103.694,-3.925890079914677,-3.3029524491081443,0.0014918504433986124
103.714,-3.9318654971641287,-3.305724061080599,0.0011118834713314263
103.734,-3.9383354307154503,-3.308682927453649,0.0011989928582056275
103.754,-3.944854942354552,-3.3115897996663826,0.0015998268215203226
103.774,-3.950291698678467,-3.3139313452960684,0.0009786256826543882
103.794,-3.956489566193628,-3.316886924558606,0.0011621997797802708
103.814,-3.9630090915896776,-3.3198038769943494,0.0014550420168589484
103.834,-3.968796199222642,-3.3223705235980265,0.0012355279175935152
103.854,-3.9748103421662893,-3.3251941066412853,0.0010957860687658971
103.874,-3.9813716920261957,-3.328147919092901,0.001250900842543451
103.894,-3.987699820541525,-3.3310257724302508,0.0014325568875563355
103.914,-3.9930353626712023,-3.333434388308904,0.0008862518702201228
103.934,-3.999190394730492,-3.336289940322039,0.000965673804580125
103.954,-4.005874134675237,-3.33927766228507,0.0014267792090113807
103.974,-4.011456129478921,-3.341673296539112,0.000921401099842345
103.994,-4.0174128786259,-3.3445110428508156,0.0008855024491714325
104.014,-4.023948572304005,-3.3473589579880647,0.0013365463707003256
104.034,-4.030254711996639,-3.350152331900154,0.0012172155976713228
104.054,-4.035867345386032,-3.3527126269520733,0.0009227445399896117
104.074,-4.0421370078456755,-3.3554704013204844,0.001127104353635694
104.094,-4.048687676446735,-3.3583283056565083,0.0014785323804085981
104.114,-4.054340192748937,-3.3607344225080995,0.0007574578312846691
104.134,-4.0607325570501915,-3.363687324584968,0.000921639524013862
104.154,-4.067291545483808,-3.3664881808277713,0.0012855538835631897
104.174,-4.073740220706239,-3.36934495797922,0.0008772704682472876
104.194,-4.079882057926408,-3.3722140705917933,0.0012478898531597948
104.214,-4.085920199029247,-3.3748830703923605,0.0010723977403497287
104.234,-4.092304370987509,-3.3776431651124463,0.0011979719129849575
104.254,-4.097935263009492,-3.380113958489089,0.0008343868874057248
104.274,-4.104285211920526,-3.3829047773102823,0.0009806986639726567
104.294,-4.110920972070701,-3.385795228010068,0.0012288345588766236
104.314,-4.116531096681641,-3.3881573761893713,0.0007347883465236293
104.334,-4.122675131303611,-3.3909286109954855,0.0007124477799390905
104.354,-4.129289806846506,-3.3936963273844403,0.001190103986821761
104.374,-4.1353747796790685,-3.3963059065732017,0.0009304542408684058
104.394,-4.141692996973429,-3.3991431707313104,0.0009039403212477426
104.414,-4.148242626546089,-3.401894769217241,0.0012135504187749113
104.434,-4.154431845416624,-3.404508411214423,0.0012264906747460336
104.454,-4.16038202800396,-3.40714113823874,0.0008894038806137872
104.474,-4.166779154480464,-3.4098836179881156,0.001007018969156892
104.494,-4.173421057444365,-3.412694938843238,0.0012775297485075332
104.514,-4.1793807216827465,-3.4152132715059245,0.001011646955232065
104.534,-4.185357774215166,-3.4178869664837617,0.0009027067765873809
104.554,-4.19206836935179,-3.4205949385508823,0.0015478807106834302
104.574,-4.198145348439218,-3.423040647066672,0.0013926232857097431
104.594,-4.204077711997758,-3.425510660139724,0.0011916376399396522
104.614,-4.210614725154183,-3.4282214619776408,0.0012656851637697364
104.634,-4.217256701625594,-3.4309261573086434,0.0014959675608993417
104.654,-4.22326604102265,-3.4334060534194704,0.001181543965470433
104.674,-4.229464145663726,-3.4360849966199773,0.0012316097900340883
104.694,-4.235955038168145,-3.438668080962635,0.0017583659790846307
104.714,-4.242120804696692,-3.441124600603445,0.0014844340396049094
104.734,-4.248044387781806,-3.4435697149019986,0.001315629825190262
104.754,-4.254649440933894,-3.44622764595805,0.0015066452655546902
104.774,-4.261237510254378,-3.4489175272384354,0.0013739339045649723
104.794,-4.267403621463913,-3.4515805176305157,0.0014374114772837676
104.814,-4.273704550146338,-3.454175297059213,0.0013232025016101934
104.834,-4.28031667723322,-3.4568178039310014,0.0018044349662167947
104.854,-4.286569819922646,-3.459378202173887,0.0013132066105141782
104.874,-4.293207279356844,-3.4622116807387155,0.001339951550171109
104.894,-4.299815605675702,-3.4648535550383928,0.0016601436218371957
104.914,-4.306192094060214,-3.467543854258429,0.0014504461293700088
104.934,-4.312148737919492,-3.470160688545268,0.0015420940709065245
104.954,-4.318533337388337,-3.4727730005704185,0.0016592380064699153
104.974,-4.325076267578625,-3.4754229194186514,0.0019209455752020321
104.994,-4.330608038937531,-3.477580526736661,0.0012121622400027288
105.014,-4.337485944213492,-3.480531597509918,0.001279709381842381
105.034,-4.34420103377418,-3.483156508453067,0.0017185020702725207
105.054,-4.3501313774445025,-3.4855276864173983,0.0011633480364123816
105.074,-4.356646905420936,-3.4883736305745936,0.0012307377906671524
105.094,-4.363283387364103,-3.4910341051878264,0.0017489135472196216
105.114,-4.369317262102228,-3.493432648779929,0.0014649680228058792
105.134,-4.375130356387064,-3.4959307298238693,0.0012271134209347057
105.154,-4.381774176273575,-3.4985463476062457,0.0015540772297816252
105.174,-4.388172382058677,-3.5010982446102346,0.0015992636835086005
105.194,-4.394155087142812,-3.503561829184879,0.001190206547457634
105.214,-4.400451851262641,-3.506144210744236,0.0012334219310644046
105.234,-4.4070017924713625,-3.50876341683623,0.0015656953161320153
105.254,-4.4131729324704745,-3.51125734029537,0.001247451757596163
105.274,-4.419383132304981,-3.5139005295279535,0.0012204796068755186
105.294,-4.426063105729296,-3.516462742867378,0.0016284274720013148
105.314,-4.432214152126635,-3.5188310317853104,0.0015414124908513793
105.334,-4.438472180743507,-3.5214112193565206,0.0012074006775216195
105.354,-4.445264156018132,-3.5241741493054795,0.001243952446358998
105.374,-4.451759716678477,-3.5267396693237214,0.0013629902793058923
105.394,-4.457769385236359,-3.529234079763723,0.0011749405806728286
105.414,-4.464087408555615,-3.531901110831821,0.0011137075462225865
105.434,-4.470530414187234,-3.534384540708811,0.0015982711415997164
105.454,-4.476613932639159,-3.536752235568798,0.0012706419796989776
105.474,-4.482614709667803,-3.5391995685877813,0.0012137260397635796
105.494,-4.489249109170827,-3.5418342298078866,0.0012987010686845712
105.514,-4.495674782625751,-3.544394139394446,0.0013503818227575126
105.534,-4.501209665495033,-3.5466049043828667,0.0010239914690620966
105.554,-4.507585908885854,-3.549132887400677,0.001087562211493115
105.574,-4.514238559634368,-3.551728055553752,0.0014439870297138502
105.594,-4.519852951608075,-3.5538032294911543,0.0007272837974231783
105.614,-4.526214820380038,-3.556477752747712,0.0009043926810622382
105.634,-4.532914888979211,-3.559016800271067,0.0013970556464933948
105.654,-4.539109338690138,-3.561379232275702,0.001148657529555036
105.674,-4.544634805702097,-3.563578807354595,0.0008865321058610931
105.694,-4.551178578626029,-3.566069294090065,0.0012404619123847216
105.714,-4.557990102899983,-3.5686938558513646,0.0012100466861584558
105.734,-4.56382780549565,-3.570936502084722,0.000968319591671235
105.754,-4.569981539922114,-3.5733490344008523,0.0008679068381838018
105.774,-4.576704078475337,-3.5757805554612454,0.0014221442954024388
105.794,-4.58285743409279,-3.5780662157979286,0.0009817582869624808
105.814,-4.589450917356185,-3.5807136720957424,0.0009436655126421889
105.834,-4.596184276739913,-3.583182157577428,0.0011839509127892778
105.854,-4.602706898071564,-3.585722523736178,0.0009146807324470208
105.874,-4.608948179501249,-3.5882353592661174,0.0009472566774197666
105.894,-4.6152371340190586,-3.590584086441013,0.0010533406500921882
105.914,-4.621850563709759,-3.5930840249902833,0.0010335429057928003
105.934,-4.628162876144162,-3.595594268330974,0.0009611571955327192
105.954,-4.634505467533752,-3.5980968524404147,0.0008033359225022296
105.974,-4.6412039200041555,-3.600490891578135,0.0015181167714297672
105.994,-4.6473250053241015,-3.6027454578828406,0.0012242067638078558
106.014,-4.6537513789963745,-3.605310135149951,0.001004379897543567
106.034,-4.660504295733235,-3.6078581101529026,0.0012309719217355186
106.054,-4.666999623791674,-3.6103928481334693,0.0010308774226672202
106.074,-4.673247066671363,-3.612930255347351,0.0009654825092407782
106.094,-4.679555097716288,-3.6152847461254436,0.0011582219053578313
106.114,-4.686045570070776,-3.617759611539632,0.0012232866743730197
106.134,-4.692282402007135,-3.6202532017312175,0.001084847917359133
106.154,-4.698650910566485,-3.622832912042305,0.001127217966278543
106.174,-4.705168381929107,-3.625246148296049,0.0016677535495809581
106.194,-4.7115851618908895,-3.6276769138881346,0.0015150884747800741
106.214,-4.717288769594649,-3.629886015888991,0.00120553512804919
106.234,-4.723843967950778,-3.632395305666933,0.0013667503933328384
106.254,-4.730185626169363,-3.634751495503343,0.0013199019146298563
106.274,-4.736425558088771,-3.6372044938996577,0.0011147181342679724
106.294,-4.743021633185281,-3.639674059316891,0.001293003880578708
106.314,-4.749497718842884,-3.642094822193052,0.0016466956928406773
106.334,-4.755463256314957,-3.644304418243799,0.0010079407235459026
106.354,-4.762333774170114,-3.6470772420698463,0.0012954401278631456
106.374,-4.769008104706202,-3.6495954743191343,0.001638908086447094
106.394,-4.775068651759815,-3.6518681249481886,0.0013696464542301834
106.414,-4.7812320575417075,-3.654349982500154,0.0012957451520629049
106.434,-4.787742700454248,-3.656797225767896,0.001569577935296107
106.454,-4.794237066458357,-3.6592932846948156,0.001567997587333586
106.474,-4.800215450173643,-3.6616601101148984,0.0013301569146202952
106.494,-4.806494046640835,-3.664155517014539,0.0012101504217481018
106.514,-4.813037786721153,-3.6665619814711468,0.0017933564760464482
106.534,-4.819021855839722,-3.6687915626347585,0.0012869190401910147
106.554,-4.825277205275474,-3.671373176119357,0.0014485847848831612
106.574,-4.8319511780313205,-3.6738490543006517,0.0017508933497256685
106.594,-4.838138059423524,-3.6761505339894702,0.0017298604593083688
106.614,-4.844363233089213,-3.678593656217977,0.0013240724640529444
106.634,-4.851197075461941,-3.681197462960389,0.001504522284883708
106.654,-4.857749139835248,-3.6836945266999335,0.0016565281157043255
106.674,-4.863757156858116,-3.686040177202522,0.0013619990697282536
106.694,-4.870104969962532,-3.6886177147549066,0.0013619947683098932
106.714,-4.876821262330939,-3.6910858745168666,0.0019054899775186873
106.734,-4.883094832656175,-3.693481214632219,0.0017726394888993857
106.754,-4.889407201404584,-3.6960267995320053,0.0013004130168220995
106.774,-4.896218605856908,-3.6986194877352547,0.001533798716195467
106.794,-4.902720502589061,-3.701206977055501,0.0013688266599018728
106.814,-4.909058300374967,-3.7037706213292605,0.001336997551118324
106.834,-4.915276142034084,-3.706222937692402,0.001299586188518026
106.854,-4.921752722792349,-3.708679587219803,0.00143329340941184
106.874,-4.9280167038654765,-3.711193874415607,0.0010651680706985633
106.894,-4.934351607000168,-3.713830065075169,0.001041073890908184
106.914,-4.941153226853506,-3.716361373261422,0.0016465392380696497
106.934,-4.947276433683872,-3.7186551544987028,0.001322362832813062
106.954,-4.953198921272992,-3.721061533095577,0.0011567052779691
106.974,-4.959802105078506,-3.7235484313501845,0.001464681352205649
106.994,-4.966262029442289,-3.7259657470316703,0.0014655419290944827
107.014,-4.972247619234088,-3.7282739232325106,0.0010727504567499269
107.034,-4.978820844676132,-3.7307752167435155,0.001135887239298916
107.054,-4.985334037145289,-3.7331525742365743,0.0015541535125453698
107.074,-4.9914193975301995,-3.7354178353821763,0.0010254923274642391
107.094,-4.998027498544839,-3.7380631014549275,0.0010950315583094505
107.114,-5.004712683039631,-3.7405761248297704,0.001431272692045793
107.134,-5.01111774206156,-3.743020723202286,0.001162575667402771
107.154,-5.017259707130103,-3.745490597530501,0.0012840011661529593
107.174,-5.023372464172718,-3.7478662633246387,0.001096022485705006
107.194,-5.030022062561138,-3.7503736803406165,0.001275044414019294
107.214,-5.036057545133101,-3.752741083843072,0.0009213640825038727
107.234,-5.04255470547927,-3.7553238916597476,0.0009054385242198981
107.254,-5.04917090231699,-3.7577568987574312,0.001449584683887617
107.274,-5.054999227040695,-3.7598926838366102,0.0009202337157565854
107.294,-5.061432341149801,-3.7624860765579524,0.0009675761124963989
107.314,-5.068131180214918,-3.7650034057500426,0.0012733522440366019
107.334,-5.074618029968435,-3.7675216274970715,0.001011130172646535
107.354,-5.080729334647312,-3.7700163785138403,0.0011273577739036034
107.374,-5.0869914834066865,-3.7725153896651076,0.0009976353825087714
107.394,-5.093602764086244,-3.7749905536608255,0.0013575703657398852
107.414,-5.099392718952291,-3.7771296657888795,0.0007115883448198801
107.434,-5.105961372848886,-3.7798198277730135,0.0008155563933137655
107.454,-5.112603743738557,-3.7822983645035597,0.0012681985496811043
107.474,-5.118982450275846,-3.784783172758987,0.0009710277766526443
107.494,-5.12526514895308,-3.7873905401604135,0.001198928616989059
107.514,-5.131553972276313,-3.789833247374538,0.0012321094869814364
107.534,-5.13807204592867,-3.792281493129792,0.0013829492354628103
107.554,-5.143825206078435,-3.7944822363793382,0.0008503942655797847
107.574,-5.150576464249307,-3.79717216733332,0.0009859683492549343
107.594,-5.157122337919741,-3.79963699820347,0.0013244422079761176
107.614,-5.16274125673172,-3.801715395749025,0.000711551611279726
107.634,-5.1693160385436485,-3.8044545784116517,0.0008269778435520958
107.654,-5.175966139668339,-3.8069373855645043,0.001395614996001382
107.674,-5.181871905171457,-3.809193189606102,0.0010687942399103256
107.694,-5.188328550739562,-3.811877469549455,0.0010883865884554478
107.714,-5.19510781713643,-3.8145361176674344,0.0012519192521434075
107.734,-5.201477627052018,-3.8170772513074804,0.0011838790582512915
107.754,-5.207560009265089,-3.819621728014127,0.0011045169787944897
107.774,-5.213902911766942,-3.8222232342776774,0.001071672314914729
107.794,-5.220620019697795,-3.824788803210675,0.0016604272376841422
107.814,-5.226417503939471,-3.8269882955157737,0.0011860608485114998
107.834,-5.232829302447556,-3.8296552665344525,0.0011253467266740258
107.854,-5.239468620014829,-3.832246226872909,0.0014543774351565564
107.874,-5.245943875837853,-3.834906242635467,0.0012902760393350698
107.894,-5.251762413571317,-3.837372249539622,0.001244162322266179
107.914,-5.25828760340669,-3.839917343069114,0.0014559615197938247
107.934,-5.264657236052886,-3.8423897135091014,0.0017901846382602782
107.954,-5.270732023399372,-3.8447850675025195,0.001153660855904487
107.974,-5.277346477792628,-3.84756431915146,0.001184584768445296
107.994,-5.283949138106297,-3.85010488442575,0.0016114800462447565
108.014,-5.290383085215091,-3.85279109782777,0.0012696600971571215
108.034,-5.29651103080001,-3.8554122123902785,0.0013044763567988116
108.054,-5.3028547781939785,-3.857939937214812,0.0016409733603168497
108.074,-5.308986333533528,-3.860356111046007,0.0014142756223039232
108.094,-5.315242171842232,-3.8630113003371482,0.0012588613938216975
108.114,-5.321870878786079,-3.8656226662510695,0.001501026701560465
108.134,-5.328443243065647,-3.8682522216462507,0.0016753804037653586
108.154,-5.3342184369600325,-3.8705368227950254,0.0011055906592644937
108.174,-5.340474078912054,-3.8731484040675013,0.0012223637932065323
108.194,-5.347349701577779,-3.8758010885486227,0.001639026405904298
108.214,-5.353395249899892,-3.8781918685961183,0.00134756638650263
108.234,-5.359670023446032,-3.880797213085889,0.001277264262457778
108.254,-5.3663223481387226,-3.883354683094257,0.0016756397876288853
108.274,-5.37272049191345,-3.8858078161622496,0.0016111660492387492
108.294,-5.37862074314855,-3.8881945241729516,0.0012628912667550785
108.314,-5.3850334024591895,-3.8906600578244626,0.0014546598610562511
108.334,-5.391828937499914,-3.893263197697011,0.00163914712723226
108.354,-5.397821288310984,-3.895543380779453,0.0011309935895998657
108.374,-5.404195921150645,-3.8981124929134654,0.0011360324210664685
108.394,-5.411000471250932,-3.9005877763301027,0.0017957225610556182
108.414,-5.417221300068054,-3.902857310558426,0.0015537798695100802
108.434,-5.422971034658657,-3.9050721020804384,0.001227525101487159
108.454,-5.429575889477802,-3.9074580671803187,0.0016221188414364818
108.474,-5.436319309038056,-3.9099301734591156,0.0017445676272650756
108.494,-5.441899611972225,-3.911917904750016,0.0011922357364533565
108.514,-5.448080867281783,-3.914219154054942,0.0012246202638016845
108.534,-5.455100403151593,-3.9167144748484386,0.00154681727142289
108.554,-5.461589524291176,-3.919040934728049,0.0012790225686340195
108.574,-5.4676995923495415,-3.921366913564519,0.001424147960748856
108.594,-5.474270396841817,-3.9236514094653194,0.001527427647266516
108.614,-5.480777987502364,-3.9258757846670718,0.0015673901267665713
108.634,-5.486916620915671,-3.928100036028055,0.001053113873979078
108.654,-5.49328237367888,-3.9303663345367976,0.0011443080146980866
108.674,-5.4989445846543425,-3.9323169545328467,0.0013110616763414018
108.694,-5.504579548369619,-3.9343533303644347,0.000929252869098729
108.714,-5.510141674072667,-3.9364272590618588,0.001014855960425165
108.734,-5.515037508938958,-3.938036915888412,0.000920684604411498
108.754,-5.520091606646071,-3.939725661032736,0.0009622894448711727
108.774,-5.525207100079756,-3.941500937611393,0.0009940821499133112
108.794,-5.5305568499897175,-3.943316895317888,0.0011779254059844646
108.814,-5.535752208362847,-3.9449682846884366,0.0010596992182043963
108.834,-5.541157938511323,-3.946625922343545,0.0005537978333240434
108.854,-5.546545313320256,-3.948365933376874,0.0009016440396486247
108.874,-5.551937993159162,-3.9500119836899237,0.0011350578181500148
108.894,-5.557162240261715,-3.9515390847869925,0.0011843329885714293
108.914,-5.561837093459406,-3.952791705934979,0.0006390664606510665
108.934,-5.567299974106671,-3.954500258421672,0.000668787581158653
108.954,-5.572782965862153,-3.955978273698261,0.0010188391584661227
108.974,-5.577967741256288,-3.9573724136522626,0.0009896542880661052
108.994,-5.583339722840863,-3.958831847794582,0.00098918525402239
109.014,-5.588712630688131,-3.9602626798459974,0.0009891757469247808
109.034,-5.593955063760903,-3.9615547333076977,0.0007117182785492671
109.054,-5.599504426746623,-3.962858359747263,0.000722553852916169
109.074,-5.604857294347736,-3.9642763464938735,0.0010838287461794882
109.094,-5.6102250991169464,-3.96546325176838,0.0011169193541761269
109.114,-5.615592364921059,-3.966622199676943,0.0008822701033034674
109.134,-5.621055119343625,-3.9678067507136414,0.0004338092306054864
109.154,-5.626621135922367,-3.9690289818934517,0.0009017448106414527
109.174,-5.6322115722088535,-3.9702154323648924,0.001073292667273823
109.194,-5.637550711293801,-3.9712474295969775,0.0010003597431994804
109.214,-5.6424613659042855,-3.9722009191240204,0.0008483947769347133
109.234,-5.648238756514102,-3.9732599395656716,0.0007528704957722732
109.254,-5.65430682444489,-3.97437217025952,0.0009371590092076276
109.274,-5.660334428444113,-3.9754507558534184,0.0007491218769795915
109.294,-5.666890412741651,-3.9767692688796847,0.001129225859159394
109.314,-5.6733907590871695,-3.9778269353673745,0.0010013742392273872
109.334,-5.6801866043895615,-3.97894993824365,0.0011730909282076651
109.354,-5.68643743752623,-3.9800452414212804,0.0011620530461064482
109.374,-5.69331738592316,-3.981281843916814,0.0009228868245418631
109.394,-5.7001679863603085,-3.9824158750263807,0.0010997012863928346
109.414,-5.706709529362991,-3.9835833801958827,0.0011011701075287206
109.434,-5.713848715296404,-3.9849243394493152,0.0011736393147142588
109.454,-5.7206256365904595,-3.986063381700203,0.0012586864084662142
109.474,-5.7271162010043914,-3.987184917743019,0.00122572117019068
109.494,-5.733457657371806,-3.988370731666807,0.0012897749049813334
109.514,-5.74029048939754,-3.989620506652451,0.0010367027121231942
109.534,-5.747095863773193,-3.9907848671007287,0.001400801048619199
109.554,-5.753544117505661,-3.9919742690292286,0.0013317413510038345
109.574,-5.760332857895553,-3.993272603888283,0.0012636307548816728
109.594,-5.766613590383085,-3.9942245977683584,0.0013282286104470686
109.614,-5.773341293151989,-3.9955449868372392,0.001163776392773902
109.634,-5.780173338997299,-3.9968491712726824,0.0016236005206662074
109.654,-5.786582085554013,-3.9980945969618404,0.0011288971163840866
109.674,-5.793604722045923,-3.999292359087097,0.001328730981695253
109.694,-5.800599199864954,-4.000741051255861,0.0015291601112165099
109.714,-5.807219483001517,-4.002006657093228,0.0013319250626827595
109.734,-5.8135558458484216,-4.003080137588992,0.001581670401808205
109.754,-5.820261741336864,-4.004457355339886,0.0014034925309490964
109.774,-5.827155672115361,-4.005824437895684,0.0017497235296577707
109.794,-5.833901068822464,-4.007151553921827,0.0012854224498770606
109.814,-5.8410538949565325,-4.008426188062166,0.0012851229502235384
109.834,-5.84801154899115,-4.009903804510352,0.0016216087689355507
109.854,-5.854638725111921,-4.011132641992834,0.001394179600461981
109.874,-5.861364826836891,-4.012379697126899,0.0018019647722583576
109.894,-5.867593166910431,-4.013558768375321,0.00155753186775065
109.914,-5.874416943841628,-4.014944393687163,0.0014620611264943018
109.934,-5.880860965829598,-4.016070840847067,0.0015038300852499853
109.954,-5.887700935977109,-4.017463807067139,0.0014895266192126444
109.974,-5.894424024074688,-4.018783488253049,0.0018028463559101038
109.994,-5.9008793521125735,-4.0201095777101825,0.0013116321849807044
110.014,-5.907954704299536,-4.021408825764814,0.0013920832306998365
110.034,-5.914938764674243,-4.0229197972642385,0.0016655300813428198
110.054,-5.921471949384818,-4.024201933690291,0.0012671269410423902
110.074,-5.9279815515783545,-4.02533054095122,0.0015689437919116922
110.094,-5.934645351440751,-4.0267083655047555,0.0016532169570011856
110.114,-5.941506599532331,-4.028135850272067,0.0017462185876536696
110.134,-5.94784839018129,-4.029341357776251,0.0013855595993723102
110.154,-5.954781624563533,-4.0307531159056085,0.0012789191279601042
110.174,-5.961706924370432,-4.032249617368341,0.0015535289269836827
110.194,-5.968021124393824,-4.033444589538611,0.0012889406829158512
110.214,-5.974938368571766,-4.034797387437637,0.0012929052006037112
110.234,-5.981919125485999,-4.036361833355786,0.001602609447004355
110.254,-5.988158135832555,-4.0376024752828625,0.0013727634778289144
110.274,-5.9949175793491545,-4.038927645834457,0.001430527565750378
110.294,-6.001954982753326,-4.040452054267581,0.0013585125342906734
110.314,-6.00873668472778,-4.041886717554125,0.00148030570796015
110.334,-6.014660673002112,-4.042924319397254,0.001246933442769882
110.354,-6.021251837710144,-4.04431541590481,0.0011234268363977118
110.374,-6.028355126873803,-4.0458554610171955,0.0014808170047332925
110.394,-6.034484672518606,-4.0470510032585185,0.0010762325702549091
110.414,-6.041191350051317,-4.048379480339125,0.0012252599000515396
110.434,-6.048109996828175,-4.049990687368762,0.0014421865594350658
110.454,-6.054540024360651,-4.05135052618924,0.0013279079731690346
110.474,-6.061062012771928,-4.052758796588029,0.0012190881760830996
110.494,-6.0679729870728085,-4.05433542943321,0.0011485155736111474
110.514,-6.074935325484448,-4.055921332046732,0.0012394168623095503
110.534,-6.081043523830706,-4.0571040426714475,0.001165713807184554
110.554,-6.087513761284827,-4.058509192614743,0.0009490543255936401
110.574,-6.094493344384086,-4.060190060977305,0.0013607411358230181
110.594,-6.100852473768476,-4.061627451307533,0.0009775970297046799
110.614,-6.107741267659253,-4.063080056922542,0.0011135332050804525
110.634,-6.11467188096063,-4.064759569331273,0.0011918512779450496
110.654,-6.121269614025949,-4.06625538059929,0.0010158740017590095
110.674,-6.127400404634521,-4.067481929826969,0.0010554121979275688
110.694,-6.134049585804652,-4.069106974193115,0.001103092554482682
110.714,-6.140835010776435,-4.070676448068264,0.0014659885382802273
110.734,-6.14702493429734,-4.072169493923271,0.0008222566643927287
110.754,-6.153874428383919,-4.0736457217398625,0.0009178812203383957
110.774,-6.160791305296185,-4.07539401709996,0.0012528877097747193
110.794,-6.167265765156267,-4.076901021653427,0.0008526641319920036
110.814,-6.173644121458534,-4.078257866928214,0.0011424934291655031
110.834,-6.180365818548084,-4.079956227222854,0.001205140878279859
110.854,-6.187236207786888,-4.081625591198228,0.001451467654867089
110.874,-6.193941511342444,-4.08322177154474,0.0009518110460748075
110.894,-6.201011573523563,-4.084855855713745,0.0008527958536276303
110.914,-6.20783045773628,-4.086623351032821,0.001147327466675896
110.934,-6.214410299939663,-4.0881002249132425,0.0009715822502421312
110.954,-6.220358406305264,-4.089472551735326,0.000999418323231499
110.974,-6.226372062044895,-4.090985903703398,0.0012438661587330646
110.994,-6.2325011082126185,-4.092449800769725,0.0011001821640673204
111.014,-6.23782253927225,-4.093677995794283,0.0008001885501746353
111.034,-6.243026636500952,-4.094903783920849,0.0007817331326137877
111.054,-6.24848410394714,-4.096277431534874,0.001291815625687781
111.074,-6.2539185302267395,-4.097468248642877,0.0012277786514309774
111.094,-6.259419343564073,-4.09865118142051,0.000890780317982981
111.114,-6.264990140831815,-4.0999008851367,0.0006711320601001658
111.134,-6.270618186901817,-4.101015180272208,0.0011556678610456506
111.154,-6.276229837808572,-4.102160016230403,0.0012247687625577541
111.174,-6.281155852616442,-4.103010140455073,0.0009589378834811146
111.194,-6.286706016533504,-4.104175109315566,0.0010539685698195411
111.214,-6.292153726592241,-4.1050685359423404,0.0009853632491309272
111.234,-6.2976307998277665,-4.105994625077806,0.0011026841850753366
111.254,-6.3030384459474345,-4.106952022213881,0.001093909448480146
111.274,-6.308645145031881,-4.107915460710866,0.0013026305131420834
111.294,-6.313985446427753,-4.108731144079132,0.0012285260116850216
