timestamp,x,y,z
6.757,1.9922399502341568,0.0003177880129603377,0.0012246025319192777
6.777,1.9922397146131312,0.0003185642830605494,0.0012245235741432658
6.797,1.9922380256210361,0.00031802585179424754,0.001222105429125514
6.817,1.9922348388577702,0.00032033548313084673,0.0012248986062783074
6.837,1.9922271971961658,0.00032275429761489607,0.001222915551288728
6.857,1.9922260761050392,0.00032483178777801565,0.0012246793596795702
6.877,1.9922271420538868,0.0003256191298072922,0.0012246803285236862
6.897,1.9922251853550756,0.00032483011420026255,0.0012249892968972942
6.917,1.9922254807620356,0.00032952289318084537,0.00122369978767492
6.937,1.9922279366003992,0.00033330403668007367,0.0012232896074844957
6.957,1.9922293128473822,0.00033332866676261873,0.001224970441182166
6.977,1.9922273741136403,0.00033177451511768,0.0012227693723018962
6.997,1.992227786796496,0.0003355864178802385,0.0012236633702177313
7.017,1.99223059095768,0.00033918142003525796,0.0012236363088322377
7.037,1.9922304916533438,0.00034112945349638435,0.0012241193920808913
7.057,1.99222927293163,0.000341174800807376,0.001225702330028472
7.077,1.9922304027736173,0.00034475008969822064,0.0012245342684686633
7.097,1.9922332747838256,0.000348034312616211,0.0012246523319731362
7.117,1.9922325437457522,0.00034725461954504994,0.001223802569761262
7.1370000000000005,1.9922308349567528,0.0003486587329972937,0.001224551522784889
7.157,1.9922307462447322,0.0003473350923750549,0.0012255329448742358
7.177,1.9922277031750393,0.00034999550907524244,0.001225615842683464
7.197,1.9922304070456225,0.0003539511739041029,0.0012235605713815656
7.217,1.992228502667941,0.000353572795408113,0.0012214242624518368
7.237,1.9922279834334427,0.00035399113905434145,0.0012245726281413516
7.257,1.9922299447847667,0.0003583202347749437,0.0012253552603568307
7.277,1.992232428735192,0.00035989868414711373,0.00122399537409551
7.297,1.9922298182932419,0.0003579464241297039,0.0012236299580492827
7.317,1.9922305163889618,0.00036239715055827394,0.0012254213454346574
7.337,1.9922267246897523,0.000363672611864893,0.0012258491766865276
7.357,1.992226631757086,0.0003656319519595775,0.0012255284229585606
7.377,1.9922258986982109,0.0003683883232930763,0.0012250364876698339
7.397,1.9922287476998803,0.0003716593894231572,0.0012251697712330478
7.417,1.9922280234705416,0.0003709090304722755,0.0012243158967804868
7.437,1.9922263253279449,0.0003723297624101115,0.0012250698482626776
7.457,1.9922262386684575,0.00037100002936746963,0.0012260527691325407
7.477,1.9922232852690702,0.000373681104564751,0.0012261464310282522
7.497,1.99222425759521,0.00037858242511213736,0.0012244714929885714
7.517,1.9922227721594652,0.0003785656690297398,0.0012258394820996998
7.537,1.992221549650972,0.0003786772104130499,0.0012247015283701201
7.557,1.9922210771961402,0.0003811870251137301,0.0012244437042899792
7.577,1.9922201245894464,0.0003802321510894146,0.0012260551299728695
7.597,1.9922202723552203,0.0003823063662469324,0.0012264214382616268
7.617,1.9922180423285631,0.00038247394980352715,0.001226379521111931
7.6370000000000005,1.9922168888781058,0.0003827444846315262,0.0012261089427895167
7.657,1.992217807748725,0.0003840909149634014,0.0012262297821523105
7.677,1.9922159320087443,0.0003858489007885452,0.0012260519305030693
7.697,1.9922159555155403,0.0003866778455852179,0.001222029891866372
7.7170000000000005,1.9922175036235672,0.00038898314547136745,0.0012256877969396007
7.737,1.9922203595224874,0.00039247243299791833,0.0012255138234899265
7.757,1.992220331090022,0.0003932210203267332,0.0012255904907073067
7.777,1.9922182719328174,0.00039501403065717787,0.001226183424184929
7.797,1.9922195886403835,0.00039727480104606745,0.001226341720386298
7.817,1.9922224401301107,0.00040078327994303093,0.001226303603576978
7.837,1.9922223480758259,0.0004004862217607108,0.001225968029822222
7.857,1.9922202624069174,0.0004033248702485039,0.0012258110964905589
7.877,1.9922201231541343,0.00040351132512447574,0.0012268671303241885
7.897,1.9922150469521,0.00040734565857114725,0.0012252991315276351
7.917,1.9922148263067043,0.000405590956103442,0.0012242203338729274
7.937,1.992216760953326,0.0004112231567598201,0.0012272150006331084
7.957,1.992219181790115,0.0004121777028643134,0.0012268301384462943
7.977,1.992216230132985,0.00041341047741549257,0.0012193302969810693
7.997,1.9922135781754622,0.0004120708117396781,0.0012237306213418175
8.017,1.9922125003102036,0.0004144123194990992,0.0012247544066385507
8.037,1.9922131630031927,0.00041748496445779697,0.0012267737732345185
8.057,1.9922125070075447,0.00041852461499961095,0.0012267545163608395
8.077,1.9922105658293754,0.0004189115570273898,0.001226201711150482
8.097,1.9922115669159195,0.0004211761700905685,0.001225826967351601
8.117,1.992210364575099,0.0004222362935496005,0.0012175319985376631
8.137,1.9922091727595759,0.00042154138968180326,0.0012279389406244512
8.157,1.9922107805936533,0.0004243701496877971,0.001226879801638464
8.177,1.9922064744429133,0.00042474330932859447,0.0012271121098224869
8.197,1.9922078181195442,0.00042527105619118437,0.0012261095051195603
8.217,1.9922070189959837,0.0004267698461520483,0.001227315662374523
8.237,1.9922032010294461,0.0004262468225799977,0.001224252369631501
8.257,1.9922045011113856,0.000428407321721281,0.0012272004401487902
8.277,1.992203667246797,0.0004293536735809664,0.0012271699381616874
8.297,1.9922016365656237,0.00042952011437841355,0.0012266336758006702
8.317,1.9922026158945407,0.0004317502900983494,0.0012262413765214975
8.337,1.992201480312288,0.0004327691188564626,0.0012179476177620052
8.357,1.992200299863461,0.00043213711515659625,0.0012283566363402443
8.377,1.9922018996856403,0.0004349402671363373,0.0012272926633048187
8.397,1.9921975983261782,0.0004353060329895052,0.0012275262371394258
8.417,1.9921978382126162,0.00043497840443636394,0.001227556296963972
8.437,1.9921966765827608,0.00043681466202077316,0.0012261827026530947
8.457,1.9921966894084393,0.0004388783092525607,0.0012266213377986612
8.477,1.9921954884981972,0.0004388803603373783,0.0012282109604746516
8.497,1.9921966142058518,0.00044243358918190877,0.0012270748386596364
8.517,1.9921994978461832,0.0004457303782188188,0.0012271783787607127
8.537,1.992198781441739,0.000444909414742114,0.001226341147970239
8.557,1.992197400290756,0.00044810095727461575,0.001221319501189977
8.577,1.9921985115667984,0.0004497488101357913,0.0012271862093852781
8.597,1.9922013935886418,0.0004532190750477418,0.00122704428751777
8.617,1.9922013586582177,0.00045392186212906126,0.0012271250866144612
8.637,1.992199296039038,0.00045568938476363865,0.0012277074875995109
8.657,1.9922005993832894,0.00045795276640331865,0.0012278650312323725
8.677,1.992203454201623,0.00046146146177913563,0.001227827933855341
8.697,1.9922033524292846,0.00046114210948990526,0.0012274829296704537
8.717,1.9922012773598596,0.0004639595993599147,0.0012273486460092076
8.737,1.9922022972508244,0.0004658347310753449,0.0012280828658670917
8.757,1.9922052101030177,0.00046932018046681344,0.001228040122066315
8.777,1.9922052940141868,0.00046919604853450705,0.0012279964648671537
8.797,1.9922032179411397,0.0004716756325048295,0.0012280137316887652
8.817,1.9921997050830353,0.00047222912056092356,0.0012267666874048455
8.837,1.9921988705968192,0.00047469174737645024,0.0012279690232742668
8.857,1.992197735433883,0.00047617070292524074,0.001229031998474267
8.877,1.9921998586398966,0.00047922557724467356,0.0012265549892950534
8.897,1.9922025012685942,0.00048210750881020654,0.0012258052248522167
8.917,1.9921991445552594,0.0004812596632331169,0.0012282577099572423
8.937,1.9921998402557455,0.00048391862126835264,0.001228230408890696
8.957,1.9921958443347274,0.000484313231685851,0.0012271802924964104
8.977,1.992196195433643,0.00048522028386825466,0.0012285359204058655
8.997,1.9921963105676002,0.0004901282092985154,0.0012284669654577807
9.017,1.9921984884313622,0.0004912818805277881,0.001227724862329277
9.037,1.9921985083614353,0.0004921180967155175,0.0012278017116031659
9.057,1.9921961138022801,0.0004924771750893916,0.0012284898591548854
9.077,1.9921964573929416,0.0004925727202634749,0.0012260586971441223
9.097,1.992193244504574,0.0004930518934198569,0.001226402416524025
9.117,1.9921949677239126,0.0004976514013567149,0.0012281625845335653
9.137,1.992190610939175,0.000498628913236673,0.0012248242392680908
9.157,1.9921914170684196,0.0005001012774448639,0.0012277292434734743
9.177,1.9921912683966032,0.0005001583116705459,0.0012288335498100988
9.197,1.992189903275511,0.0005000969053622758,0.00122951323069731
9.217,1.9921885587819952,0.0005027542369872731,0.001225631803355054
9.237,1.992187959414836,0.0005036645982947982,0.001221590796125771
9.257,1.9921864762878496,0.0005025684924406533,0.0012293802467767123
9.277,1.9921866759708737,0.000503415373211387,0.001227497910751607
9.297,1.9921857501160687,0.0005061687351812831,0.0012291691518339642
9.317,1.992184540771805,0.0005043796402360936,0.0012267298766198975
9.337,1.992186057631995,0.0005082956276079145,0.0012285604424508434
9.357,1.9921816306108895,0.00050912272718331,0.001225219649214404
9.377,1.9921824768853855,0.0005106661486190781,0.0012281466979207345
9.397,1.9921823213065701,0.0005106761427010722,0.001229249634209506
9.417,1.992180961554952,0.0005106014832222375,0.001229936604289772
9.437,1.9921796315999414,0.0005132714549591345,0.0012260484726757392
9.457,1.9921790246534568,0.0005141607636803032,0.0012220062766528927
9.477,1.9921775576704017,0.0005130596620873358,0.0012297981538495484
9.497,1.992177757988085,0.0005139110106866301,0.0012279078383622966
9.517,1.9921768390968417,0.0005166420256745996,0.001229584851555443
9.537,1.9921756567566622,0.0005148734307487369,0.0012271432126830517
9.557,1.9921771662413983,0.000518773116848587,0.0012289754498371053
9.577,1.9921727566846477,0.0005196049947383463,0.0012256355329826052
9.597,1.992173612204269,0.000521167079255191,0.0012285623593631945
9.617,1.9921734541543281,0.0005211555877094332,0.0012296646314691462
9.637,1.9921721114314408,0.0005210963689211684,0.0012303539161734045
9.657,1.9921707900264574,0.0005237843339170905,0.0012264663080569782
9.677,1.9921701802171177,0.000524653974987749,0.0012224261489920674
9.697,1.9921713198182738,0.0005251519888871215,0.001226889021126304
9.717,1.9921686785023012,0.0005274821579131091,0.0012284798028350807
9.737,1.9921682939787044,0.0005293587623163512,0.0012297498370763271
9.757,1.992169102542653,0.0005303592730686866,0.0012300738195442085
9.777,1.9921663770754332,0.0005310578856200879,0.0012275855088232368
9.797,1.9921634192014228,0.0005335384356493451,0.0012299186169127119
9.817,1.9921647408070187,0.0005346985642259227,0.0012292231077179194
9.837,1.9921608599054104,0.0005354935989312422,0.0012302669294608215
9.857,1.99216095499651,0.0005382011244908551,0.0012297433464201757
9.877,1.9921634537632849,0.0005397676623854205,0.0012298744180571641
9.897,1.9921618243439367,0.0005420982066731752,0.00123018414779702
9.917,1.9921537495594899,0.00054046919966433,0.00122851622172776
9.937,1.9921581497035028,0.0005433542434121747,0.0012296125909422584
9.957,1.9921544828657882,0.0005447579611214644,0.0012287820343929723
9.977,1.992153386678747,0.0005468980315932725,0.0012304704537509092
9.997,1.9921492562962162,0.0005463884199475197,0.0012290921513257447
10.017,1.9921501058000275,0.000545732195594828,0.001228428332252146
10.037,1.9921489751875558,0.0005503535395165477,0.001223492750208277
10.057,1.9921499947022547,0.0005514965691711533,0.0012306151203732296
10.077,1.9921512768870462,0.0005541087466111065,0.0012286914288429096
10.097,1.992149423367797,0.0005536692817510964,0.0012265819964295266
10.117,1.9921497455267534,0.0005560281027208515,0.0012305218119826322
10.137,1.99215136206937,0.0005536126697302846,0.0012305697289758388
10.157,1.9921528371878103,0.0005513041647796422,0.0012305944653427936
10.177,1.9921543198700262,0.0005489741229956528,0.0012306230257214945
10.197,1.9921558057107907,0.0005466414573382196,0.0012306518425933555
10.217,1.9921572939199157,0.0005443080264177157,0.0012306806867885822
10.237,1.992158784406768,0.0005419740098440403,0.0012307095482423647
10.257,1.9921602771476712,0.0005396394512810718,0.0012307384345506545
10.277,1.992161772067526,0.0005373044228601974,0.0012307673466063207
10.297,1.992163269147612,0.0005349689160746613,0.0012307962747591106
10.317,1.9921647683778323,0.0005326329321603213,0.0012308252192937408
10.337,1.9921662697576767,0.0005302964743277579,0.0012308541803149609
10.357,1.9921677732832626,0.0005279595438639781,0.0012308831576928747
10.377,1.992169278956159,0.0005256221422422123,0.0012309121515204913
10.397,1.9921707867552132,0.0005232843246960253,0.001230941174866551
10.417,1.992172296610628,0.0005209461262107964,0.0012309702196516836
10.437,1.99217380850486,0.0005186075415221774,0.00123099927953077
10.457,1.9921753224260565,0.0005162685601945299,0.001231028354311492
10.477,1.9921768383701404,0.0005139291861838359,0.0012310574445
10.497,1.992178356343493,0.0005115894230789655,0.0012310865493460055
10.517,1.992179876359987,0.0005092493004483494,0.0012311156783508248
10.537,1.992181398335471,0.0005069088772365732,0.0012311448329361263
10.557,1.992182922238679,0.0005045681468407334,0.0012311740018684791
10.577,1.9921844480641937,0.0005022271090958165,0.00123120318513531
10.597,1.99218597581936,0.0004998857710704301,0.0012312323844629602
10.617,1.9921875055415241,0.0004975441385687238,0.001231261600003114
10.637,1.9921890372209718,0.0004952022437215469,0.001231290841260585
10.657,1.9921905707688503,0.0004928601335023868,0.0012313201047361721
10.677,1.9921921061557506,0.000490517801320756,0.0012313493809903708
10.697,1.9921936434041376,0.00048817525831500104,0.0012313786647911718
10.717,1.9921951825405988,0.00048583251771062465,0.0012314079623402252
10.737,1.9921967235660138,0.00048348958072131986,0.0012314372771656257
10.757,1.992198266426575,0.0004811465015003259,0.0012314666261590002
10.777,1.9921998110757977,0.0004788032815004915,0.0012314959955482263
10.797,1.9922013576195887,0.00047645994726578083,0.0012315253834257744
10.817,1.992202906083342,0.00047411649390199543,0.001231554784169503
10.837,1.9922044564702783,0.0004717729187110108,0.0012315841974875896
10.857,1.9922060087189875,0.0004694292873775595,0.0012316136336361638
10.877,1.9922075627256284,0.00046708561656879857,0.0012316430811769585
10.897,1.992209118481939,0.00046474191063058614,0.001231672539691947
10.917,1.9922106759815856,0.00046239817044089907,0.0012317020094404774
10.937,1.9922122352242064,0.00046005440063578295,0.0012317314990408779
10.957,1.9922137961524882,0.0004577106187348002,0.0012317610403669021
10.977,1.9922153587300226,0.00045536679001777507,0.0012317905918313443
10.997,1.9922169229546178,0.0004530229155002992,0.0012318201516351712
11.017,1.9922184888266015,0.00045067899387040274,0.0012318497196110167
11.037,1.9922200562895447,0.00044833508518750897,0.001231879291106519
11.057,1.9922216251179095,0.0004459913001275084,0.0012319088649610233
11.077,1.992223195246106,0.0004436476454224892,0.0012319384463999883
11.097,1.9922247657624996,0.0004413042537030992,0.0012319680699169333
11.117,1.9922263364138406,0.00043896120546022373,0.0012319974214259621
11.137,1.9922279081623746,0.0004366174483127347,0.0012320264075113552
11.157,1.9922294807553704,0.0004342728970816735,0.0012320553846125182
11.177,1.992231054165021,0.0004319275873233187,0.0012320843638943813
11.197,1.9922326283896112,0.00042958152427812206,0.0012321133460877487
11.217,1.9922342034287004,0.00042723470787775356,0.0012321423310964474
11.237,1.9922357792804535,0.0004248871389821289,0.0012321713187881111
11.257,1.9922373559418811,0.0004225388205754991,0.0012322003093541423
11.277,1.9922389334131851,0.0004201897521825622,0.001232229302648491
11.297,1.992240511695299,0.0004178399377641161,0.0012322582987153996
11.317,1.992242090781462,0.00041548937499912144,0.0012322872974873944
11.337,1.9922436706746562,0.0004131380689102619,0.00123231629904072
11.357,1.9922452513725193,0.000410786017303916,0.0012323453032944132
11.377,1.9922468328722733,0.0004084332235743704,0.001232374310319223
11.397,1.9922484151758548,0.00040607968783490096,0.0012324033200680762
11.417,1.9922499982804487,0.00040372541086535586,0.0012324323324107433
11.437,1.9922515821836402,0.0004013703952682877,0.001232461347437458
11.457,1.9922531668846193,0.0003990146416883982,0.001232490365102118
11.477,1.9922547523839411,0.00039665815272112105,0.0012325193856040362
11.497,1.992256338680539,0.0003943009263914629,0.0012325484085612404
11.517,1.992257925769735,0.00039194296546925684,0.0012325774341994389
11.537,1.9922595136550145,0.00038958427258176673,0.0012326064624948174
11.557,1.9922611023312,0.000387224847262764,0.0012326354933535066
11.577,1.992262691799615,0.00038486469147328397,0.0012326645268615488
11.597,1.9922642820454948,0.0003825038056760885,0.0012326935623802604
11.617,1.9922658730573501,0.0003801421939239284,0.0012327225997035562
11.637,1.9922674648354946,0.00037777985787014587,0.00123275163941311
11.657,1.9922690573759199,0.0003754167966350009,0.0012327806813647035
11.677,1.9922706506809977,0.00037305301385693045,0.0012328097255646098
11.697,1.9922722447518801,0.0003706885090695907,0.0012328387722991552
11.717,1.9922738395963673,0.00036832328287270566,0.0012328678215156041
11.737,1.9922754352102368,0.0003659573353701602,0.001232896873031769
11.757,1.9922770315911622,0.0003635906694501311,0.0012329259270418835
11.777,1.9922786287395393,0.0003612232830635011,0.0012329549832881814
11.797,1.9922802266512036,0.0003588551805675839,0.001232984041823204
11.817,1.9922818253289836,0.00035648636158824956,0.0012330131027911972
11.837,1.9922852768310906,0.00035776429283915787,0.0012328259882009307
11.857,1.9922837082246547,0.00035926212332075476,0.0012334260039075506
11.877,1.9922799921676912,0.0003615600728998851,0.0012317161572436008
11.897,1.9922751438496134,0.00036085005656163,0.0012333293748113816
11.917,1.9922775141822662,0.00035901134527849846,0.0012260372808848008
11.937,1.9922776045914843,0.00036099980986534956,0.0012328072564400938
11.957,1.9922815825439306,0.0003636322443457412,0.001232958266196793
11.977,1.9922848381237843,0.00036649886923466194,0.0012260414714742596
11.997,1.9922895014979087,0.0003669075768008255,0.0012316079876497632
12.017,1.9922902581546684,0.0003691714837832801,0.0012331989770199836
12.037,1.9922919928449316,0.0003687535154320876,0.0012326395663609657
12.057,1.99229423628268,0.00036898471362675604,0.001233642509605587
12.077,1.9922966952890877,0.00037174001821914436,0.0012332756010394463
12.097,1.9922980045427807,0.00037309412879661723,0.0012276845904598543
12.117,1.9922997456260216,0.00037216945498678067,0.0012330866456226608
12.137,1.9923013680295865,0.0003748819992948668,0.0012310570493433703
12.157,1.9923044568071047,0.0003750211109291209,0.0012329209940435126
12.177,1.9923057651021998,0.00037565345405746425,0.0012345786161193362
12.197,1.9923066121798356,0.00037700495180887115,0.001232392652487757
12.217,1.9923086187154513,0.00037733533083574564,0.0012340103207531261
12.237,1.9923114249431115,0.00038045186112153624,0.0012322710575349838
12.257,1.992313534166076,0.00037809986223546636,0.0012316796554411868
12.277,1.9923139841362976,0.00037887537957831304,0.0012328185380443557
12.297,1.9923162913911585,0.00038103704717831733,0.0012340982080292495
12.317,1.9923192009997597,0.00038292073273533,0.0012333151753609606
12.337,1.992321091016893,0.0003825376392910829,0.0012342283414547572
12.357,1.9923218728597087,0.0003828305558927764,0.001234268879872158
12.377,1.9923238565938355,0.00038536417317669956,0.001231062438361491
12.397,1.9923270181640929,0.00038674747905462464,0.0012341319528359485
12.417,1.9923288858941424,0.00038698993588691215,0.0012328238297235339
12.437,1.9923290202095625,0.0003874739611351957,0.0012331042339124298
12.457,1.992333353258511,0.00038899208095356417,0.0012349315226914404
12.477,1.992334317437087,0.0003905387237834328,0.0012301445985733184
12.497,1.9923360761039146,0.00038926667125777374,0.001233166031950117
12.517,1.9923367669482903,0.00038927709637347717,0.0012328870023013694
12.537,1.9923412988139,0.0003921186278808297,0.0012328106847195874
12.557,1.9923421299619122,0.00039442710904027956,0.0012344327986800463
12.577,1.9923438870376455,0.0003940027452902071,0.001233871714354129
12.597,1.9923461352260181,0.0003942295638664634,0.0012348824005114223
12.617,1.9923486290494037,0.0003969792376140598,0.001234504059989705
12.637,1.9923499481428364,0.0003983167725931637,0.0012289535447388977
12.657,1.9923517104395005,0.0003974116164466592,0.0012343338605240728
12.677,1.9923533394227355,0.00040009863780000307,0.0012322787584695405
12.697,1.9923564617007794,0.0004002265357118498,0.0012341535122499248
12.717,1.9923577797415961,0.0004008477649509091,0.0012358217429596918
12.737,1.9923586366294153,0.00040221346537707846,0.0012336184796834238
12.757,1.9923606612836975,0.00040252590929073444,0.001235236812121815
12.777,1.9923635003048181,0.0004056351890232313,0.0012334945093085692
12.797,1.9923656198640696,0.00040326600965326186,0.0012328970007777773
12.817,1.992366059600433,0.00040403623939926016,0.001234022958245401
12.837,1.9923684041106424,0.0004062034779743982,0.0012353293842217727
12.857,1.9923713473944045,0.0004080794341139683,0.0012345482654638473
12.877,1.9923732491867399,0.0004076806572868263,0.0012354494343369549
12.897,1.992374022995128,0.00040796107170077767,0.001235488318123451
12.917,1.9923760420938117,0.00041049600344325327,0.00123230351740522
12.937,1.992379234888496,0.0004118706829111566,0.0012353635984227174
12.957,1.9923811150305513,0.0004121074170676822,0.0012340668788326514
12.977,1.9923812481874024,0.0004125809632627136,0.0012343382969736971
12.997,1.992385612784077,0.00041409968585365845,0.0012361706622092405
13.017,1.9923865919322437,0.0004156371820143211,0.0012313434028188852
13.037,1.9923849032579863,0.000418659819272057,0.0012365064543471416
13.057,1.9923823546803414,0.0004181526220819123,0.0012356334530497504
13.077,1.9923799101018862,0.00041659492859487423,0.0012336082791672975
13.097,1.9923777078173377,0.0004171402035901236,0.0012332903612604362
13.117,1.9923775691857506,0.0004125826076196771,0.0012351953239998215
13.137,1.9923742267280335,0.0004138653261359298,0.0012319084969694416
13.157,1.9923758926560866,0.0004160060647379826,0.001228437208190103
13.177,1.9923786820844038,0.0004156290920431466,0.0012348425759082793
13.197,1.9923828005370603,0.00042017503803910616,0.001235909351184672
13.217,1.9923858004873782,0.00042147617224463387,0.0012353252414241123
13.237,1.9923876995084677,0.0004226988354022706,0.001236532713044275
13.257,1.9923912443273952,0.00042664754584464856,0.001233552958670281
13.277,1.9923937124447835,0.0004294631365821532,0.0012349518873572551
13.297,1.9923983831360739,0.0004307671199041519,0.001237282554751279
13.317,1.9924004503500305,0.0004342984050323605,0.0012349200268461924
13.337,1.9924032177431288,0.0004336357446620069,0.0012370482205320554
13.357,1.9924064301221684,0.00043697497969437794,0.001236461133135136
13.377,1.9924101788724555,0.0004373816312678285,0.0012340697049897098
13.397,1.9924115760856906,0.000440234395530649,0.0012350112971327987
13.417,1.992414942640299,0.0004425672851854,0.0012344277107982915
13.437,1.9924186233000927,0.0004450012364469326,0.0012359199327708903
13.457,1.9924204089644026,0.0004445498974556071,0.0012367854444688686
13.477,1.992421196954999,0.00044484669112069696,0.001236816182517253
13.497,1.9924231713873424,0.00044737661008220153,0.0012336035306287074
13.517,1.9924263346372764,0.0004487538288792,0.001236673676926342
13.537,1.9924282058934102,0.0004489857130230741,0.001235357865680603
13.557,1.99242835302314,0.00044946094799103696,0.00123565114272442
13.577,1.9924326711220561,0.0004509787950757009,0.001237470689526149
13.597,1.9924336391727024,0.0004525188589837582,0.001232692477995484
13.617,1.9924354009472405,0.0004512388558122213,0.0012357111466971271
13.637,1.9924360941644153,0.00045123499949064,0.001235420417959543
13.657,1.9924406187962802,0.0004540800910872025,0.0012353499434547555
13.677,1.9924414550228167,0.0004563830351014946,0.0012369690972963976
13.697,1.9924432152240126,0.00045594314153507196,0.0012364102856946557
13.717,1.9924454637279099,0.0004561672045615685,0.001237412813322042
13.737,1.9924479527992898,0.0004589168072673834,0.00123703753643431
13.757,1.9924492765603183,0.00046024881806879816,0.001231478251282253
13.777,1.9924510420408061,0.0004593196710320959,0.0012368604839451403
13.797,1.9924526659093054,0.0004620187280345815,0.0012348136084156525
13.817,1.9924557887655232,0.0004621389674228345,0.001236686327194425
13.837,1.9924571114522749,0.000462752823067987,0.0012383505081881574
13.857,1.9924579731897911,0.00046410460891080504,0.0012361487955684924
13.877,1.9924599908203866,0.00046442160286442257,0.001237768228530417
13.897,1.9924628321328004,0.0004675230432190136,0.0012360251637236752
13.917,1.9924649547351032,0.0004651437907070233,0.0012354299394740087
13.937,1.9924654081394468,0.000465912278852749,0.0012365638295138426
13.957,1.9924677368242216,0.0004680742530392009,0.0012378574786369723
13.977,1.99247068231061,0.00046994271542061033,0.0012370761438040556
13.997,1.9924725875520597,0.0004695322790280677,0.001237979632602415
14.017,1.9924733731809094,0.0004698142970337684,0.0012380214426533365
14.037,1.9924753782667926,0.0004723422503110316,0.0012348287949686398
14.057,1.9924785728903562,0.00047371164395282436,0.001237889189080521
14.077,1.992480456570637,0.0004739378354240677,0.0012365846572308659
14.097,1.9924806024270372,0.0004744029444808181,0.0012368689524349663
14.117,1.9924849522274626,0.0004759217135033789,0.0012386937411914267
14.137,1.9924859354035234,0.00047745261203900347,0.001233875532453188
14.157,1.992487718313301,0.0004761594114359397,0.001236911601078361
14.177,1.992488420756467,0.0004761601132829245,0.0012366497089935369
14.197,1.9924929760624093,0.0004790017631395724,0.0012365661719409837
14.217,1.992493821639512,0.000481289430440449,0.0012381868632326265
14.237,1.9924956026249585,0.0004808476360114773,0.0012376253492805134
14.257,1.9924951059094516,0.0004843647917238108,0.0012376595518400202
14.277,1.992492363513655,0.0004855061419463117,0.0012385958924244767
14.297,1.9924891829055331,0.000487200718663772,0.0012354770776657753
14.317,1.9924887414737222,0.0004904536853853279,0.0012381939818127408
14.337,1.992488129315797,0.0004904007249487476,0.0012356250383550593
14.357,1.9924824724270997,0.0004888257807152134,0.001239057726779208
14.377,1.9924821108020105,0.0004893266554470977,0.001238846009170319
14.397,1.9924760187903257,0.0004927540127203705,0.001239051608642655
14.417,1.992477798882962,0.0004944067580457187,0.0012311381910366237
14.437,1.9924767496236406,0.0004933561131904548,0.0012378523604950342
14.457,1.9924821609790262,0.0004945060895161105,0.0012376305766131634
14.477,1.9924823385804875,0.0004949347902543604,0.0012377534375081767
14.497,1.9924866067923614,0.0004964639153189611,0.001239532326148457
14.517,1.9924875797756172,0.0004980004133129283,0.0012347593429898052
14.537,1.9924893441990714,0.0004967131350258495,0.0012377771575738383
14.557,1.9924900392426235,0.0004966974310144753,0.00123747723052553
14.577,1.9924945582135134,0.0004995452079545834,0.0012374112899573297
14.597,1.9924953986707585,0.0005018431461909302,0.0012390280564051337
14.617,1.9924971614230143,0.0005013901906034584,0.0012384710509765473
14.637,1.992499410154124,0.000501611688082943,0.0012394670909906813
14.657,1.9925018955917404,0.0005043609827028617,0.0012390941193847482
14.677,1.9925032232450162,0.0005056879938365939,0.001233528152058544
14.697,1.9925049913529533,0.0005047392153030432,0.001238911735730014
14.717,1.9925066111241545,0.0005074476399169469,0.0012368712024767026
14.737,1.992509734613722,0.00050756122480563,0.0012387424304333983
14.757,1.9925110611661911,0.0005081686411916587,0.0012404034131229813
14.777,1.9925119267753,0.0005095090299778579,0.001238202759634155
14.797,1.9925139388295428,0.0005098294394553966,0.001239823089110026
14.817,1.9925167823176995,0.000512924214276903,0.0012380793527193013
14.837,1.992518907402728,0.000510536194419729,0.0012374859371393765
14.857,1.9925193714743312,0.0005113030038689545,0.0012386260344093292
14.877,1.992521687800391,0.0005134607710550449,0.0012399096959364586
14.897,1.9925246353690256,0.0005153227011183767,0.0012391282069947607
14.917,1.9925265433833994,0.0005149021754972259,0.0012400334224698106
14.937,1.992527338184132,0.000515184953820518,0.0012400775603159386
14.957,1.992529332268315,0.0005177072171376638,0.001236878872301006
14.977,1.9925325285935196,0.0005190718247535718,0.0012399393638945488
14.997,1.9925344150852655,0.0005192890036633378,0.0012386286441987138
15.017,1.9925345710833513,0.0005197466711824327,0.0012389233454835336
15.037,1.992538908753162,0.0005212648704828902,0.0012407419188047442
15.057,1.9925398952184616,0.0005227902335717181,0.001235930644389538
15.077,1.992541680583237,0.0005214902173382938,0.0012389644303508751
15.097,1.9925423847675627,0.0005214791215617033,0.001238693175203004
15.117,1.992546934350818,0.0005243233542288196,0.0012386143365634983
15.137,1.9925477842877524,0.000526606323277394,0.001240232684259962
15.157,1.9925495679831802,0.0005261517222279427,0.0012396729011796281
15.177,1.9925518222644096,0.0005263687983897522,0.0012406767408881803
15.197,1.9925543413274773,0.0005291133143693626,0.001240292983180069
15.217,1.9925556785573888,0.0005304243924301853,0.0012347668774430332
15.237,1.9925574671979567,0.0005294942674807591,0.0012401285106307947
15.257,1.992556542486071,0.0005327667117087005,0.0012409053138258963
15.277,1.9925529346556183,0.0005353210544209761,0.0012341451903145062
15.297,1.9925482023817846,0.000534627834559371,0.0012394024422898442
15.317,1.9925508835778563,0.0005347042760999543,0.0012405711645934459
15.337,1.992550572284444,0.000534847401603317,0.0012403526696497524
15.357,1.992549823618622,0.0005355862633119018,0.0012410083170232289
15.377,1.992549987262695,0.0005360558044316954,0.0012412891616631616
15.397,1.9925496790079482,0.0005353066939890319,0.0012412097187951832
15.417,1.9925538169602242,0.0005372802607963304,0.0012419798414189664
15.437,1.9925559427462094,0.0005405827623117666,0.0012393755203002066
15.457,1.99255892492507,0.0005423107009325506,0.0012395055850370484
15.477,1.992562558518711,0.0005448255106865385,0.001239004081670464
15.497,1.9925654911255801,0.0005473238152615413,0.0012392950329126184
15.517,1.9925693934289392,0.0005484235875795827,0.0012412507730155953
15.537,1.992571131255096,0.0005511153715794539,0.0012411148829334917
15.557,1.9925738589828492,0.0005515444465691085,0.0012408455370569171
15.577,1.9925780720934072,0.0005553557960788107,0.0012412500809207416
15.597,1.9925811482396387,0.0005571022866694502,0.00124014251856025
15.617,1.992582858695617,0.0005590978624780457,0.0012413248366545948
15.637,1.9925855797261844,0.0005600692002910019,0.0012410304843687991
15.657,1.9925891411963446,0.0005633603319810051,0.0012368940425969976
15.677,1.9925914305687966,0.0005656672546840761,0.0012421606010347697
15.697,1.9925960667439626,0.0005685682261908405,0.0012408005934996247
15.717,1.9925980008635165,0.0005696058584229345,0.001238399486086117
15.737,1.9925905552985805,0.0005706797297750834,0.0012420386536803607
15.757,1.992592022201834,0.0005724847680143581,0.0012348391344619847
15.777,1.992596142758563,0.0005736058084112735,0.0012408598746100619
15.797,1.9925927275257012,0.000573328124887149,0.001242131743052488
15.817,1.9925890014181267,0.0005748560991146594,0.0012410647600828717
15.837,1.9925926450555427,0.0005779736579983747,0.0012374187187723373
15.857,1.9925927859501242,0.000577236909602481,0.0012399066335536668
15.877,1.9925859620459359,0.0005792428930086587,0.0012428353837950767
15.897,1.9925902657085484,0.0005810973228994747,0.0012407622256123962
15.917,1.9925917403658562,0.0005814066148837208,0.0012422277755143873
15.937,1.99258483793332,0.0005832883723636103,0.0012424023615834612
15.957,1.9925858109175758,0.0005847072858862285,0.001241808884615142
15.977,1.9925904052302505,0.000585785569489781,0.0012414361318251466
15.997,1.9925869783160775,0.0005854671573683143,0.0012424533479402922
16.017,1.9925830708291001,0.00058750928861635,0.0012406748293943837
16.037,1.9925867250335592,0.0005902688852728844,0.001241576727436633
16.057,1.9925872546695997,0.0005887546346060471,0.0012415772975434003
16.077,1.9925799277871048,0.0005908369475026802,0.0012424837016115353
16.097,1.992584001693551,0.0005920443433126384,0.0012400366019057196
16.117,1.9925864919078453,0.0005929483691846555,0.0012425120729048222
16.137,1.9925795265780333,0.0005956072040635915,0.0012427377676935414
16.157,1.9925801165185648,0.0005982201921330952,0.001241213396815266
16.177,1.9925844813286664,0.0005973759043996027,0.0012407046238575026
16.197,1.9925790602786229,0.0005991685845133489,0.001243807608486136
16.217,1.9925770046602522,0.0005985027151196899,0.0012407282600694625
16.237,1.992581186356975,0.0006022162543208817,0.0012418456374820863
16.257,1.9925775443051281,0.0006018336565802505,0.0012391308347700358
16.277,1.9925735334864194,0.0006040914031258637,0.001241816555977382
16.297,1.9925777297498575,0.0006070057981364919,0.0012371231115683445
16.317,1.992577694953588,0.0006048697427561197,0.0012395981096359199
16.337,1.9925710290612793,0.0006073844782942667,0.001235528474305192
16.357,1.9925747571772203,0.0006097011815350432,0.0012420127510426315
16.377,1.992576622844743,0.0006107593950433677,0.0012396371154408947
16.397,1.9925693329822973,0.0006118636455612117,0.0012432782228827544
16.417,1.9925708033039624,0.000613657741912133,0.0012361001980073505
16.437,1.9925749202552705,0.0006147741913725763,0.001242100204742913
16.457,1.99257150945524,0.0006145031643494359,0.0012433699069233362
16.477,1.9925679259011522,0.0006160406087347355,0.0012423131078597716
16.497,1.9925715580337773,0.0006191553760167415,0.0012386662259564474
16.517,1.9925717206329887,0.0006184313842364894,0.0012411365031886057
16.537,1.9925650293122414,0.0006204418411165623,0.0012440689480828215
16.557,1.9925693188274927,0.0006222876467291303,0.0012420007300406322
16.577,1.992570795095482,0.0006226037707868303,0.0012434642640833105
16.597,1.9925640413699914,0.0006245096459577626,0.0012436399581014224
16.617,1.9925650100469787,0.0006259252139951376,0.0012430373724561794
16.637,1.9925662172136205,0.0006270270982519381,0.001242936858538296
16.657,1.9925664283874214,0.0006254175248298422,0.0012436890225564212
16.677,1.9925703737296676,0.0006280073188178463,0.001242211195440518
16.697,1.9925706543798642,0.0006282391378844271,0.0012423897389398086
16.717,1.9925748411846675,0.0006297797161068713,0.001244119117544601
16.737000000000002,1.9925758265524438,0.0006313082484241956,0.0012393540439828987
16.757,1.9925776002942617,0.0006300040881338073,0.0012423715506072741
16.777,1.9925783023280017,0.0006299622634296951,0.0012420549447719476
16.797,1.9925828125172886,0.000632817196235891,0.0012419974753086205
16.817,1.992583662291842,0.0006351021442082057,0.0012436091264305948
16.837,1.9925854341930127,0.0006346206951978005,0.0012430557125914787
16.857,1.9925876851012196,0.000634836757889608,0.0012440383282923129
16.877,1.9925901668202466,0.0006375850048800549,0.0012436692125492033
16.897,1.9925915034320794,0.0006388989498069906,0.0012380933968834107
16.917,1.9925932807084432,0.0006379093751317901,0.0012434770173463394
16.937,1.9925948923131955,0.0006406366549238518,0.0012414478952811614
16.957,1.992598022218748,0.0006407341641009774,0.0012433168557963448
16.977,1.9925993577148422,0.0006413262490511805,0.0012449722519017048
16.997,1.9926002336345265,0.0006426427877644545,0.0012427717023035245
17.017,1.9926022365281688,0.0006429698195038291,0.0012443942310400025
17.037,1.9926050883470863,0.0006460489179656545,0.0012426487993929258
17.057,1.9926072203041296,0.0006436405586715149,0.001242058597323653
17.077,1.992607708592544,0.0006444025645002992,0.0012432110102947314
17.097,1.992610002008991,0.000646552726026002,0.001244475494946995
17.117,1.9926129577652085,0.0006483997057023421,0.0012436938177328716
17.137,1.9926148734698537,0.0006479562757891279,0.0012446015976044222
17.157,1.9926156896755236,0.0006482393622615873,0.0012446506952702996
17.177,1.992617663614503,0.0006507502675843135,0.0012414407780507175
17.197,1.9926208671540415,0.0006521036753721688,0.0012445007280795506
17.217,1.9926227615542893,0.0006523012846459921,0.0012431775134886247
17.237,1.9926229417351968,0.0006527408013628653,0.0012434945619661242
17.257,1.9926272568409844,0.0006542595149139186,0.001245299555598739
17.277,1.9926282517301854,0.0006557717024636573,0.0012404990297481266
17.297,1.9926300462194038,0.000654455823149467,0.001243529950072153
17.317,1.9926307572102753,0.0006544188769719091,0.0012432414257829427
17.337,1.9926352977223765,0.0006572701166217544,0.0012431714745033684
17.357,1.9926361572566107,0.0006595408082349537,0.0012447845791555279
17.377,1.9926379501355835,0.0006590580123225238,0.0012442285101118
17.397,1.99264020643072,0.0006592698039288658,0.0012452186393378528
17.417,1.992642721765745,0.0006620135578832814,0.001244838980040408
17.437,1.992644068371935,0.0006633122420780962,0.0012393025317800621
17.457,1.992645866655837,0.0006623416953076047,0.0012446643953284986
17.477,1.9926474846782298,0.0006650456994977774,0.0012426111931645445
17.497,1.9926506472303767,0.0006651337073875988,0.0012444904068940332
17.517,1.9926519924759358,0.000665715751973832,0.0012461560930408788
17.537,1.992652878278096,0.0006670463718774183,0.001243938763597463
17.557,1.9926548979054843,0.000667356674506648,0.0012455619583022215
17.577,1.9926570928246217,0.0006690051980317742,0.001245477585964827
17.597,1.9926539086707764,0.00067285600572062,0.0012422839384104434
17.617,1.9926547298814812,0.0006722682944503779,0.0012461632586936167
17.637,1.9926577020244247,0.0006753531912394909,0.0012456162909221802
17.657,1.9926597748041965,0.0006776170490420743,0.0012439954909196638
17.677,1.9926644078816727,0.0006780923700459117,0.0012455525508234255
17.697,1.9926660850409574,0.0006788872320995305,0.0012456423917331094
17.717,1.9926661193098933,0.0006772806366863184,0.0012452918933713308
17.737000000000002,1.9926705085380725,0.0006795075357651206,0.0012466746738770684
17.757,1.9926728739530928,0.0006788647971666281,0.0012463893723855535
17.777,1.992665186945847,0.0006814691263610072,0.0012472301401668107
17.797,1.9926674859683242,0.000683420366532347,0.0012459828030277897
17.817,1.9926679610687201,0.0006839196532898024,0.0012462936767622945
17.837,1.9926676644581693,0.0006831606009676595,0.0012462227495066425
17.857,1.9926717847022186,0.0006851620300396599,0.0012469990379706808
17.877,1.9926738539442335,0.000688663925227258,0.0012446819915213347
17.897,1.9926765928790093,0.0006880806325468643,0.001246754234101921
17.917,1.9926797552481703,0.0006914073296175824,0.0012461840803140722
17.937,1.9926820351693817,0.0006926537751017242,0.0012471576109319427
17.957,1.992682094631344,0.0006894075568384614,0.0012449373498742422
17.977,1.992687240948718,0.0006863739538392518,0.001245080358813544
17.997,1.9926923324726733,0.0006835719900624137,0.0012452293093607736
18.017,1.9926974235916894,0.0006807079148621528,0.0012452325282212018
18.037,1.992702530171928,0.0006778194129511278,0.0012452544515498543
18.057,1.9927076332361415,0.000674948550369489,0.0012453105966785671
18.077,1.9927127324088283,0.0006720812762934743,0.001245357027238797
18.097,1.9927178327124773,0.0006692090227832068,0.0012453960888346438
18.117,1.9927229335569836,0.0006663365836563453,0.0012454386305995602
18.137,1.9927280337512958,0.0006634654730037384,0.0012454825387378798
18.157,1.9927331336122154,0.0006605942561392159,0.001245525343343462
18.177,1.992738233398771,0.0006577227492446818,0.001245567931109276
18.197,1.9927433329934816,0.0006548513446163046,0.0012456108073895522
18.217,1.9927484323473563,0.0006519800330459586,0.0012456536738473523
18.237,1.992753531496998,0.0006491087155654055,0.0012456964442276175
18.257,1.9927586304498615,0.0006462374100542267,0.0012457392086747399
18.277,1.9927637291950735,0.0006433661368298901,0.0012457819724729924
18.297,1.9927688277327285,0.0006404948898937786,0.001245824714393745
18.317,1.9927739260655362,0.0006376236644740092,0.0012458674355915467
18.337,1.9927790241928183,0.000634752462724413,0.001245910140992318
18.357,1.9927841221142248,0.0006318812861083599,0.0012459528306070222
18.377,1.9927892198297459,0.0006290101341746418,0.00124599550340454
18.397,1.992794317339234,0.0006261390052330067,0.001246038157627194
18.417,1.9927994146433357,0.0006232679005265436,0.0012460807948153907
18.437,1.9928045117414657,0.0006203968206701399,0.0012461234164884427
18.457,1.992809608633498,0.0006175257636554211,0.001246166018299466
18.477,1.9928147053203282,0.0006146547314526215,0.0012462086056063693
18.497,1.9928198018008585,0.0006117837234920484,0.0012462511761107686
18.517,1.992824898075425,0.0006089127397463971,0.001246293728046216
18.537,1.9928299941442518,0.0006060417795290427,0.0012463362626066177
18.557,1.992835090007373,0.0006031708429959746,0.0012463787803961013
18.577,1.9928401856642581,0.0006002999317638897,0.0012464212824216392
18.597,1.9928452811155284,0.0005974290436619497,0.0012464637662483458
18.617,1.9928503763604295,0.0005945581799667894,0.0012465062332095989
18.637,1.992855471399584,0.0005916873406249367,0.0012465486831672312
18.657,1.9928605662329328,0.000588816524364029,0.001246591115155904
18.677,1.9928656608601685,0.0005859457320080184,0.001246633529886243
18.697,1.9928707552814326,0.0005830749647218186,0.0012466759293212892
18.717,1.9928758494967822,0.0005802042206783599,0.0012467183108307855
18.737000000000002,1.992880943505652,0.000577333501269109,0.0012467606746005278
18.757,1.9928860373091075,0.000574462805049396,0.0012468030214376202
18.777,1.9928911309060084,0.0005715921343353038,0.0012468453531273849
18.797,1.9928962242969435,0.0005687214865854428,0.0012468876648970006
18.817,1.9929013174822225,0.000565850862910888,0.001246929961794957
18.837,1.9929064104611187,0.0005629802626709725,0.0012469722411080908
18.857,1.9929115032335665,0.0005601096876167253,0.0012470145031529267
18.877,1.9929165958001571,0.0005572391347785264,0.0012470567458723325
18.897,1.9929216881607967,0.0005543686072219113,0.0012470989747209726
18.917,1.9929267803147588,0.0005514981035953863,0.0012471411850047964
18.937,1.992931872262939,0.0005486276234591531,0.001247183377851263
18.957,1.9929369640051433,0.0005457571673590162,0.00124722555459153
18.977,1.9929420555409485,0.0005428867365419431,0.0012472677154585776
18.997,1.9929471468703204,0.0005400163287273406,0.0012473098578098807
19.017,1.9929522379935243,0.0005371459437269958,0.0012473519811151135
19.037,1.9929573289104878,0.0005342755840292831,0.0012473940900512848
19.057,1.9929624196213123,0.0005314052478009187,0.001247436180538769
19.077,1.9929675101260804,0.0005285349363213216,0.0012474782558325737
19.097,1.992972600424277,0.0005256646473767318,0.0012475203119756972
19.117,1.9929776905161947,0.0005227943835498817,0.0012475623526790047
19.137,1.992982780401679,0.0005199241434977105,0.0012476043751429577
19.157,1.992987870081089,0.000517053925868347,0.0012476463793623382
19.177,1.9929929595542146,0.0005141837343299678,0.0012476883699671926
19.197,1.992998048820673,0.0005113135658579314,0.0012477303415396601
19.217,1.9930031378810242,0.0005084434206645219,0.0012477722954817305
19.237,1.9930082267348799,0.0005055732993220986,0.001247814232579858
19.257,1.9930133153823204,0.0005027032018962393,0.0012478561523548704
19.277,1.9930184038233978,0.0004998331295189283,0.0012478980565605036
19.297,1.9930234920579528,0.0004969630802518147,0.0012479399422417048
19.317,1.9930285800862007,0.0004940930548149771,0.0012479818115320729
19.337,1.9930336679078346,0.0004912230537212268,0.001248023663655562
19.357,1.993038755523338,0.000488353075513525,0.001248065498539147
19.377,1.9930438429321464,0.0004854831226216418,0.0012481073176306423
19.397,1.9930489301342618,0.00048261319289830996,0.0012481491181793314
19.417,1.9930540171301983,0.0004797432868162137,0.0012481909022722115
19.437,1.9930591039194012,0.0004768734045999562,0.0012482326690106682
19.457,1.993064190502152,0.00047400354642576875,0.0012482744187344574
19.477,1.9930692768783063,0.0004711337112420743,0.001248316150270351
19.497,1.993074363047871,0.000468263901540412,0.0012483578672136675
19.517,1.9930794490107686,0.00046539411491429303,0.0012483995660381997
19.537,1.993084534767114,0.00046252435106434694,0.0012484412455970317
19.557,1.9930896203171815,0.00045965461258985145,0.001248482911841986
19.577,1.9930947056601955,0.0004567848969839777,0.0012485245585265314
19.597,1.9930997907967036,0.00045391520538422476,0.0012485661884980015
19.617,1.9931048757267371,0.0004510455382390828,0.0012486078029793068
19.637,1.9931099604500444,0.00044817589429671013,0.0012486493992335257
19.657,1.9931150449665669,0.00044530627423068907,0.001248690978468192
19.677,1.993120129276372,0.0004424366777727385,0.0012487325399326565
19.697,1.9931252133793365,0.0004395671062961149,0.0012487740862210106
19.717,1.9931302972756733,0.00043669755651079437,0.001248815611984172
19.737000000000002,1.9931353809658245,0.00043382803124384717,0.00124885712353065
19.757,1.9931404644486224,0.0004309585311404115,0.0012488986189052032
19.777,1.9931455477247555,0.00042808905391364795,0.0012489400958205499
19.797,1.9931506307940667,0.00042521959990847024,0.0012489815549241445
19.817,1.99315571365647,0.00042235017079481107,0.0012490229979030265
19.837,1.9931607963125122,0.0004194807650753439,0.0012490644245882476
19.857,1.9931658787612867,0.0004166113827929433,0.0012491058333681249
19.877,1.9931709610033963,0.0004137420232125745,0.001249147222990299
19.897,1.9931760430387664,0.0004108726882968114,0.0012491885980630557
19.917,1.9931811248670357,0.00040800337744240577,0.0012492299556482733
19.937,1.993186206488679,0.0004051340904718645,0.0012492712962680064
19.957,1.9931912879032647,0.0004022648274956546,0.0012493126206183092
19.977,1.993196369110809,0.0003993955873141308,0.0012493539263531972
19.997,1.9932014501116166,0.0003965263713359928,0.0012493952159359778
20.017,1.9932065309056397,0.0003936571788494449,0.001249436488123673
20.037,1.9932116114924445,0.00039078801041432656,0.0012494777434247095
20.057,1.993216691872483,0.0003879188652608066,0.0012495189825877384
20.077,1.9932217720452698,0.0003850497452751459,0.0012495602046974363
20.097,1.9932268520113468,0.00038218064614328875,0.0012496014066412098
20.117,1.9932319317703842,0.0003793115725107992,0.001249642594665451
20.137,1.993237011322079,0.00037644252325428365,0.0012496837652299364
20.157,1.9932420906672264,0.00037357349620174883,0.0012497249178891334
20.177,1.993247169805147,0.0003707044935307137,0.0012497660539048938
20.197,1.99325224873589,0.0003678355152048638,0.0012498071740244532
20.217,1.9932573274595757,0.0003649665597087623,0.0012498482758962481
20.237,1.9932624059761428,0.00036209762835311295,0.00124988936134246
20.257,1.9932674842856106,0.00035922872028623025,0.0012499304295590374
20.277,1.9932725623879857,0.0003563598353359444,0.0012499714794451389
20.297,1.9932776402833303,0.00035349097476612126,0.0012500125138948381
20.317,1.9932827179712282,0.00035062213826288213,0.0012500535308938576
20.337,1.9932877954523816,0.0003477533236199412,0.001250094529729795
20.357,1.9932928727261043,0.00034488453417905044,0.0012501355125654756
20.377,1.9932979497928773,0.0003420157679090674,0.001250176478886339
20.397,1.9933030266520324,0.00033914702592076427,0.0012502174277863876
20.417,1.9933081033042312,0.0003362783071839601,0.0012502583599723338
20.437,1.99331317974911,0.0003334096112085737,0.0012502992731894258
20.457,1.9933182559869447,0.0003305409396888133,0.0012503401717434415
20.477,1.9933233320171075,0.00032767229164025545,0.0012503810519982617
20.497,1.9933284078400677,0.00032480366800249807,0.0012504219163178287
20.517,1.9933334834560925,0.00032193506697022675,0.001250462762640847
20.537,1.9933385588647246,0.00031906649016737957,0.00125050359345788
20.557,1.9933436340656365,0.0003161979370392465,0.0012505444056839232
20.577,1.9933487090596027,0.0003133294059801158,0.0012505852000024575
20.597,1.9933537838461817,0.0003104608997846908,0.001250625979214437
20.617,1.9933588584254038,0.0003075924162648135,0.0012506667398599625
20.637,1.9933639327972907,0.0003047239579079144,0.0012507074860583223
20.657,1.9933690069613523,0.00030185552271147,0.0012507482131455805
20.677,1.993374080918603,0.000298987109493926,0.0012507889224113444
20.697,1.993379154668049,0.0002961187214973978,0.0012508296171942768
20.717,1.9933842282099479,0.0002932503578067887,0.001250870294036116
20.737000000000002,1.993389301544824,0.00029038201392043663,0.001250910950746531
20.757,1.993394374672287,0.0002875136968500089,0.0012509515948424532
20.777,1.993399447591666,0.0002846454032069481,0.0012509922205306
20.797,1.9934045203038464,0.00028177713239971346,0.001251032827939258
20.817,1.9934095928089957,0.0002789088847089789,0.0012510734196291007
20.837,1.9934146651061735,0.0002760406615535954,0.0012511139952549877
20.857,1.9934197371956357,0.0002731724610131941,0.0012511545512296218
20.877,1.9934248090778444,0.00027030428512051614,0.0012511950927759086
20.897,1.993429880752492,0.0002674361316760127,0.0012512356154892046
20.917,1.993434952219591,0.0002645680023577902,0.0012512761224614533
20.937,1.9934400234789513,0.00026169989663599446,0.0012513166120459995
20.957,1.9934450945309288,0.00025883181399518094,0.001251357084724486
20.977,1.9934501653749659,0.00025596375494831036,0.0012513975398727728
20.997,1.9934552360114,0.0002530957181108981,0.0012514379759604732
21.017,1.9934603064404783,0.00025022770688814123,0.0012514783985941302
21.037,1.9934653766618116,0.00024735971884383054,0.0012515188041151426
21.057,1.9934704466750766,0.0002444917540322779,0.0012515591909628143
21.077,1.9934755164812745,0.00024162381076205303,0.0012515995596568408
21.097,1.9934805860793916,0.00023875589337102744,0.0012516399146301482
21.117,1.9934856554695841,0.00023588799930890895,0.001251680250284548
21.137,1.9934907246526494,0.00023302012687067463,0.0012517205682289478
21.157,1.9934957936277042,0.0002301522802986947,0.0012517608727465601
21.177,1.9935008623947916,0.0002272844562225109,0.0012518011577637989
21.197,1.9935059309542507,0.00022441665520092332,0.0012518414262793487
21.217,1.9935109993056277,0.0002215488768411552,0.001251881675058658
21.237,1.9935160674499603,0.00021868112330242315,0.0012519219105947554
21.257,1.9935211353861813,0.00021581339406316331,0.0012519621304555861
21.277,1.9935262031139103,0.00021294568660344752,0.0012520023294168015
21.297,1.9935312706343549,0.00021007800271468757,0.0012520425117968914
21.317,1.9935363379469992,0.0002072103423893425,0.0012520826785203665
21.337,1.9935414050516624,0.00020434270583227098,0.0012521228283400854
21.357,1.9935464719483076,0.0002014750923498024,0.0012521629602411655
21.377,1.9935515386372604,0.00019860750177192875,0.0012522030749449742
21.397,1.993556605118051,0.00019573993642601703,0.0012522431747694351
21.417,1.9935616713911586,0.0001928723921274384,0.0012522832549366203
21.437,1.993566737456282,0.00019000487243033437,0.0012523233192885674
21.457,1.9935718033132563,0.00018713737640471792,0.0012523633675954604
21.477,1.9935768689622926,0.0001842699037128251,0.0012524033970236215
21.497,1.9935819344036185,0.0001814024539754971,0.0012524434113771465
21.517,1.9935869996365692,0.00017853502789982802,0.0012524834072965285
21.537,1.9935920646617262,0.00017566762523570865,0.0012525233868806163
21.557,1.9935971294788326,0.00017280024512331192,0.0012525633482647902
21.577,1.9936021940880226,0.00016993288949951053,0.0012526032950430088
21.597,1.9936072584887905,0.00016706555633839981,0.0012526432224564954
21.617,1.993612322681965,0.00016419824673749898,0.0012526831342996592
21.637,1.9936173866665834,0.0001613309620796841,0.001252723029888464
21.657,1.993622450443419,0.00015846369820414052,0.0012527629062862033
21.677,1.993627514011933,0.0001555964600084637,0.0012528027679521159
21.697,1.9936325773723655,0.0001527292443898664,0.001252842612126298
21.717,1.9936376405245568,0.00014986205100505913,0.0012528824369979485
21.737000000000002,1.993642703468986,0.0001469948817861203,0.0012529222471400203
21.757,1.9936477662050605,0.00014412773523375135,0.0012529620398491481
21.777,1.9936528287328306,0.0001412606131514962,0.0012530018157237421
21.797,1.9936578910525833,0.0001383935142561033,0.0012530415755643565
21.817,1.9936629531637917,0.00013552643898133546,0.001253081317941579
21.837,1.9936680150667554,0.0001326593853838116,0.0012531210406870052
21.857,1.99367307676183,0.0001297923559025681,0.001253160748730775
21.877,1.99367813824849,0.00012692535069078182,0.0012532004408027653
21.897,1.9936831995268325,0.00012405836731452816,0.0012532401140895322
21.917,1.993688260596855,0.00012119140745412977,0.0012532797699906228
21.937,1.993693321458936,0.00011832447112140583,0.0012533194105711354
21.957,1.993698382112341,0.000115457558190454,0.001253359033492052
21.977,1.99370344255752,0.00011259066822728544,0.0012533986386146223
21.997,1.9937085027943353,0.000109723802289655,0.0012534382284490886
22.017,1.9937135628228129,0.00010685695930914466,0.0012534778007064484
22.037,1.9937186226428527,0.00010399013910810273,0.001253517355466055
22.057,1.993723682254557,0.00010112334212340968,0.0012535568929223917
22.077,1.9937287416578378,9.825656852073105e-05,0.0012535964137639355
22.097,1.993733800852805,9.538981835600105e-05,0.0012536359178937362
22.117,1.99373885983934,9.252309115683513e-05,0.001253675404731841
22.137,1.9937439186173003,8.965638839487938e-05,0.001253714876325085
22.157,1.9937489771868107,8.678970760168654e-05,0.0012537543285925934
22.177,1.9937540355479055,8.392305099417575e-05,0.001253793765333272
22.197,1.9937590937004663,8.105641720724063e-05,0.0012538331849394901
22.217,1.9937641516447417,7.818980634509084e-05,0.0012538725871699685
22.237,1.9937692093803903,7.532321847783573e-05,0.0012539119724598036
22.257,1.9937742669074696,7.245665469928902e-05,0.0012539513421033766
22.277,1.9937793242257074,6.959011432588748e-05,0.001253990693538154
22.297,1.9937843813357408,6.672359611481477e-05,0.0012540300275298288
22.317,1.9937894382373182,6.385710059375772e-05,0.0012540693444846318
22.337,1.9937944949300102,6.099062969048023e-05,0.001254108645639157
22.357,1.9937995514141955,5.8124181468821145e-05,0.0012541479293420588
22.377,1.9938046076897822,5.525775571410459e-05,0.001254187195465245
22.397,1.9938096637567253,5.239135330887293e-05,0.00125422644395487
22.417,1.9938147196152858,4.9524975346901994e-05,0.0012542656787219997
22.437,1.9938197752649,4.665861956571691e-05,0.001254304894264452
22.457,1.9938248307057351,4.379228779432295e-05,0.001254344093442522
22.477,1.993829885938133,4.0925977961032284e-05,0.0012543832741991612
22.497,1.9938349409618712,3.805969146012143e-05,0.0012544224396269787
22.517,1.993839995776407,3.5193429419547975e-05,0.0012544615879808985
22.537,1.9938450503828506,3.232718865978036e-05,0.0012545007179682321
22.557,1.993850104780293,2.9460972483576827e-05,0.0012545398330462698
22.577,1.9938551589690543,2.6594779823730936e-05,0.0012545789312324584
22.597,1.9938602129488363,2.3728609102617994e-05,0.0012546180113740257
22.617,1.993865266719785,2.0862460821400805e-05,0.0012546570722923034
22.637,1.993870320282397,1.7996335988374433e-05,0.0012546961187895889
22.657,1.993875373635805,1.5130236431416138e-05,0.0012547351497318726
22.677,1.9938804267804002,1.2264158028500282e-05,0.001254774160775074
22.697,1.9938854797163583,9.398103012285856e-06,0.0012548131559758369
22.717,1.99389053244346,6.532072109561768e-06,0.0012548521359658782
22.737000000000002,1.9938955849616824,3.666063515944825e-06,0.0012548910979157946
22.757,1.9939006372708634,8.000784453174813e-07,0.0012549300427854293
22.777,1.9939056893712352,-2.0658844080801786e-06,0.0012549689702169575
22.797,1.9939107412625297,-4.931824037836133e-06,0.0012550078801811526
22.817,1.9939157929452107,-7.79774028203216e-06,0.0012550467740408688
22.837,1.9939208444187067,-1.066363338106933e-05,0.0012550856511654718
22.857,1.9939258956832837,-1.3529502675429248e-05,0.0012551245116099174
22.877,1.9939309467389523,-1.639534941752285e-05,0.001255163355064981
22.897,1.9939359975855362,-1.9261174388360432e-05,0.0012552021801732205
22.917,1.993941048223221,-2.2126974691230854e-05,0.0012552409894419636
22.937,1.9939460986520383,-2.4992753504435598e-05,0.0012552797804288585
22.957,1.9939511488716581,-2.7858507787926904e-05,0.0012553185570639835
22.977,1.9939561988823646,-3.072423882362747e-05,0.0012553573156572073
22.997,1.993961248683796,-3.358994769502298e-05,0.0012553960571337064
23.017,1.9939662982762132,-3.645563349444827e-05,0.0012554347814104638
23.037,1.9939713476593937,-3.9321295785191084e-05,0.0012554734882554708
23.057,1.9939763968340192,-4.218693463464246e-05,0.0012555121804260494
23.077,1.993981445798891,-4.505255167964838e-05,0.0012555508535862514
23.097,1.9939864945550718,-4.791814492489482e-05,0.001255589510447297
23.117,1.99399154310181,-5.0783715619390235e-05,0.001255628149555238
23.137,1.9939965914397657,-5.3649263523101304e-05,0.0012556667719784143
23.157,1.9940016395682396,-5.651478742449114e-05,0.0012557053785373362
23.177,1.9940066874878115,-5.9380289351340025e-05,0.0012557439670058124
23.197,1.9940117351980668,-6.224576790869529e-05,0.0012557825395986544
23.217,1.9940167826989206,-6.511122334455549e-05,0.001255821094857834
23.237,1.994021829990511,-6.797665465299151e-05,0.0012558596336555983
23.257,1.9940268770733112,-7.084206513699028e-05,0.0012558981538758063
23.277,1.994031923946802,-7.370745172352342e-05,0.0012559366589448284
23.297,1.994036970610591,-7.657281461272782e-05,0.0012559751468565472
23.317,1.994042017065221,-7.943815524669539e-05,0.0012560136169884883
23.337,1.9940470633107048,-8.230347233988182e-05,0.0012560520712429357
23.357,1.994052109346943,-8.516876769251036e-05,0.0012560905073141504
23.377,1.9940571551737023,-8.80340393479131e-05,0.0012561289272508824
23.397,1.994062200791119,-9.089928812267169e-05,0.001256167329574398
23.417,1.9940672461992142,-9.376451432599459e-05,0.0012562057151606631
23.437,1.994072291398191,-9.66297169203625e-05,0.0012562440851001666
23.457,1.9940773363873958,-9.949489689541481e-05,0.0012562824368657355
23.477,1.9940823811674786,-0.00010236005311552081,0.0012563207730547643
23.497,1.9940874257379941,-0.00010522518720463599,0.0012563590915106448
23.517,1.9940924700989835,-0.00010809029842315747,0.0012563973921824456
23.537,1.994097514250672,-0.00011095538622429342,0.0012564356767470475
23.557,1.9941025581930578,-0.00011382045277983328,0.0012564739430308003
23.577,1.9941076019258763,-0.00011668549422522997,0.0012565121952363423
23.597,1.9941126454490217,-0.00011955051381365604,0.0012565504281271955
23.617,1.9941176887630059,-0.00012241550980391595,0.0012565886458215103
23.637,1.9941227318670562,-0.00012528048371124144,0.0012566268449018536
23.657,1.9941277747619692,-0.00012814543437361176,0.0012566650281371772
23.677,1.9941328174471844,-0.0001310103621217363,0.0012567031944885065
23.697,1.9941378599228148,-0.00013387526681171708,0.0012567413440500441
23.717,1.9941429021890755,-0.00013674014945145788,0.0012567794753266803
23.737000000000002,1.9941479442457406,-0.0001396050090617573,0.0012568175908826695
23.757,1.9941529860925353,-0.00014246984571257543,0.0012568556891360272
23.777,1.9941580277296733,-0.00014533465803392227,0.0012568937711114336
23.797,1.9941630691574848,-0.00014819944873710496,0.0012569318356997483
23.817,1.994168110375589,-0.00015106421675183666,0.0012569698830806886
23.837,1.9941731513841159,-0.00015392896159822277,0.0012570079141072943
23.857,1.9941781921828097,-0.00015679368328245502,0.0012570459290203173
23.877,1.9941832327717444,-0.00015965838216766513,0.0012570839254829047
23.897,1.9941882731513247,-0.00016252305960395125,0.001257121905199332
23.917,1.9941933133208265,-0.000165387712720543,0.001257159868526897
23.937,1.9941983532806788,-0.00016825234323525044,0.001257197815016542
23.957,1.9942033930309706,-0.0001711169517751593,0.001257235743367363
23.977,1.994208432571593,-0.000173981537176326,0.0012572736561736186
23.997,1.9942134719021922,-0.00017684609862150737,0.0012573115525625067
24.017,1.9942185110230015,-0.00017971063783111483,0.001257349430623278
24.037,1.9942235499343075,-0.0001825751546908862,0.00125738729332725
24.057,1.9942285886355273,-0.00018543964819252122,0.0012574251378728307
24.077,1.9942336271269077,-0.0001883041194355136,0.001257462965967654
24.097,1.9942386654083555,-0.00019116856711125357,0.001257500776702808
24.117,1.9942437034804052,-0.00019403299355854933,0.0012575385703682274
24.137,1.9942487413423033,-0.00019689739602762765,0.0012575763476978807
24.157,1.9942537789944081,-0.00019976177605212592,0.0012576141081926118
24.177,1.9942588164365955,-0.00020262613251346325,0.001257651852878905
24.197,1.994263853668765,-0.00020549046694751894,0.0012576895789288556
24.217,1.9942688906912147,-0.0002083547786101271,0.001257727288945798
24.237,1.9942739275034662,-0.0002112190660454402,0.0012577649828353632
24.257,1.994278964105992,-0.00021408333268553722,0.001257802658456264
24.277,1.99428400049845,-0.00021694757618489984,0.001257840317413772
24.297,1.9942890366809243,-0.00021981179720951554,0.0012578779585434297
24.317,1.9942940726534597,-0.0002226759948004992,0.0012579155844983925
24.337,1.9942991084158046,-0.00022554017059422954,0.001257953191513117
24.357,1.9943041439685063,-0.00022840432321378495,0.0012579907833228376
24.377,1.994309179310786,-0.00023126845172046807,0.0012580283589917751
24.397,1.9943142144431574,-0.00023413255912270247,0.0012580659157020724
24.417,1.9943192493655109,-0.00023699664276846183,0.001258103457591947
24.437,1.994324284077641,-0.00023986070460174094,0.0012581409806659005
24.457,1.9943293185797533,-0.00024272474333017285,0.001258178487488687
24.477,1.9943343528720376,-0.0002455887586130679,0.0012582159792649539
24.497,1.9943393869540096,-0.0002484527522952674,0.0012582534524550326
24.517,1.9943444208256338,-0.0002513167226336449,0.0012582909089534355
24.537,1.994349454487396,-0.0002541806699452628,0.0012583283490045782
24.557,1.9943544879389954,-0.00025704459484934714,0.0012583657725755981
24.577,1.994359521179958,-0.00025990849831746476,0.001258403176942452
24.597,1.9943645542112594,-0.00026277237861792226,0.001258440565485991
24.617,1.9943695870321836,-0.0002656362358032579,0.0012584779380196698
24.637,1.9943746196426735,-0.0002685000695614635,0.0012585152933856647
24.657,1.9943796520432935,-0.00027136388187658326,0.0012585526321066964
24.677,1.9943846842331758,-0.00027422767078917165,0.0012585899526465216
24.697,1.9943897162135324,-0.0002770914374626637,0.001258627257909678
24.717,1.9943947479830213,-0.00027995518098900414,0.0012586645465199886
24.737000000000002,1.9943997795421797,-0.000282818902341356,0.0012587018163081887
24.757,1.9944048108913135,-0.00028568260145841936,0.0012587390693936384
24.777,1.9944098420301368,-0.00028854627672010043,0.0012587763077115122
24.797,1.9944148729585403,-0.00029140993048917097,0.0012588135274947398
24.817,1.9944199036765269,-0.0002942735595450123,0.001258850732600847
24.837,1.9944249341842084,-0.00029713716785580944,0.0012588879186847535
24.857,1.994429964481496,-0.00030000075319738925,0.0012589250885785275
24.877,1.9944349945684883,-0.00030286431609044523,0.001258962241507039
24.897,1.9944400244448237,-0.000305727857050832,0.0012589993756265683
24.917,1.9944450541111234,-0.0003085913746735918,0.001259036494992427
24.937,1.994450083566605,-0.00031145486910051716,0.00125907359801114
24.957,1.9944551128118042,-0.00031431834207198815,0.0012591106819887232
24.977,1.994460141846775,-0.00031718179159983054,0.0012591477514062033
24.997,1.9944651706707823,-0.00032004521772749063,0.0012591848045951648
25.017,1.9944701992844625,-0.00032290862241970655,0.0012592218379866293
25.037,1.994475227687892,-0.00032577200481208595,0.0012592588561642637
25.057,1.9944802558806356,-0.0003286353649568053,0.001259295856270326
25.077,1.9944852838628044,-0.0003314987019396611,0.0012593328400646031
25.097,1.9944903116346735,-0.0003343620158933147,0.0012593698085813232
25.117,1.9944953391955584,-0.0003372253067513341,0.0012594067594647873
25.137,1.9945003665461354,-0.00034008857614537506,0.0012594436925351116
25.157,1.9945053936859938,-0.0003429518231691218,0.0012594806092091626
25.177,1.9945104206152258,-0.00034581504760293426,0.0012595175080647725
25.197,1.9945154473339628,-0.00034867824896262607,0.001259554391160378
25.217,1.9945204738422961,-0.00035154142790236076,0.001259591258061854
25.237,1.994525500139559,-0.00035440458291930343,0.001259628108854105
25.257,1.9945305262261532,-0.00035726771770655194,0.001259664940168076
25.277,1.9945355521023673,-0.0003601308293556919,0.0012597017554946688
25.297,1.9945405777677678,-0.0003629939183220348,0.00125973855424108
25.317,1.9945456032223885,-0.00036585698471838286,0.0012597753359567532
25.337,1.9945506284664087,-0.0003687200287888525,0.0012598121004945284
25.357,1.994555653499825,-0.00037158305053038655,0.0012598488486585957
25.377,1.994560678322108,-0.00037444604918879075,0.0012598855799242081
25.397,1.9945657029339006,-0.00037730902509769176,0.0012599222949031263
25.417,1.9945707273348323,-0.00038017197850667256,0.00125995899323883
25.437,1.9945757515249296,-0.0003830349097107698,0.0012599956741652374
25.457,1.9945807755042337,-0.0003858978187256601,0.0012600323376431855
25.477,1.9945857992726639,-0.0003887607050828343,0.0012600689845712332
25.497,1.994590822830488,-0.00039162356922037864,0.001260105614475704
25.517,1.9945958461774285,-0.00039448641102595274,0.0012601422279643892
25.537,1.9946008693134234,-0.0003973492294056399,0.0012601788252514234
25.557,1.9946058922385494,-0.0004002120258200837,0.0012602154052167025
25.577,1.9946109149525626,-0.00040307480014131194,0.0012602519674269896
25.597,1.9946159374558687,-0.00040593755182112253,0.0012602885130715558
25.617,1.9946209597484144,-0.00040880028075919797,0.0012603250428758483
25.637,1.9946259818297791,-0.0004116629876433313,0.0012603615548312241
25.657,1.994631003700261,-0.0004145256722458545,0.001260398049889394
25.677,1.9946360253598197,-0.0004173883330522535,0.001260434529637422
25.697,1.9946410468085467,-0.00042025097287879895,0.0012604709913427437
25.717,1.9946460680461313,-0.00042311358927003465,0.0012605074368034486
25.737000000000002,1.9946510890726294,-0.0004259761843879873,0.0012605438644379685
25.757,1.9946561098881674,-0.0004288387561099356,0.0012605802762360452
25.777,1.9946611304928488,-0.00043170130535447065,0.001260616671569681
25.797,1.9946661508860162,-0.00043456383313046984,0.0012606530480093747
25.817,1.9946711710685703,-0.0004374263386343753,0.0012606894082267672
25.837,1.9946761910401105,-0.0004402888207417783,0.001260725753184061
25.857,1.9946812108003151,-0.00044315128087140884,0.0012607620804560016
25.877,1.994686230349539,-0.0004460137190458462,0.001260798390383594
25.897,1.9946912496875102,-0.000448876133597149,0.0012608346845841278
25.917,1.9946962688142422,-0.00045173852625380977,0.001260870961156929
25.937,1.9947012877300911,-0.0004546008976399292,0.0012609072201114346
25.957,1.9947063064346628,-0.00045746324602634607,0.0012609434629612948
25.977,1.9947113249282449,-0.00046032557117218044,0.0012609796898925274
25.997,1.9947163432104897,-0.0004631878752099223,0.0012610158989003473
26.017,1.9947213612812216,-0.0004660501566769705,0.0012610520906738143
26.037,1.9947263791411038,-0.0004689124145831942,0.0012610882674507495
26.057,1.9947313967897782,-0.00047177465124447295,0.0012611244261243881
26.077,1.9947364142268507,-0.000474636864602789,0.00126116056874076
26.097,1.9947414314530847,-0.00047749905683415077,0.0012611966935028862
26.117,1.994746448467979,-0.00048036122645427553,0.0012612328017169439
26.137,1.9947514652715763,-0.00048322337359166793,0.001261268893739148
26.157,1.9947564818635686,-0.00048608549836546996,0.001261304968032645
26.177,1.994761498244463,-0.0004889475994681805,0.0012613410274850134
26.197,1.994766514413972,-0.0004918096800574569,0.0012613770677841196
26.217,1.9947715303721867,-0.0004946717375071407,0.0012614130926285327
26.237,1.9947765461191806,-0.0004975337739083775,0.001261449098939299
26.257,1.994781561654664,-0.0005003957857274429,0.0012614850918585274
26.277,1.9947865769785065,-0.0005032577775063562,0.0012615210637464958
26.297,1.9947915920913117,-0.0005061197464188703,0.0012615570210462723
26.317,1.9947966069924676,-0.0005089816925823589,0.001261592961093766
26.337,1.994801621682277,-0.000511843617231031,0.0012616288834079725
26.357,1.9948066361607797,-0.0005147055181678902,0.001261664791281647
26.377,1.994811650427813,-0.0005175673969168221,0.0012617006820179189
26.397,1.9948166644831522,-0.0005204292547193482,0.0012617365540576742
26.417,1.9948216783270227,-0.0005232910886933228,0.0012617724112825024
26.437,1.9948266919595097,-0.0005261529014944548,0.0012618082503663142
26.457,1.9948317053805298,-0.0005290146913952105,0.0012618440737322545
26.477,1.994836718589942,-0.0005318764607852049,0.0012618798781624807
26.497,1.994841731587649,-0.0005347382063119921,0.0012619156669008424
26.517,1.994846744374041,-0.0005375999300133109,0.0012619514394341114
26.537,1.9948517569488398,-0.0005404616313796812,0.0012619871948708061
26.557,1.9948567693119599,-0.000543323310601141,0.0012620229328832722
26.577,1.9948617814634033,-0.0005461849676739843,0.001262058654417475
26.597,1.9948667934033815,-0.0005490466017354669,0.0012620943604566837
26.617,1.9948718051315337,-0.0005519082143524964,0.001262130047555876
26.637,1.9948768166482647,-0.0005547698045164334,0.0012621657193953029
26.657,1.9948818279532432,-0.0005576313726531836,0.0012622013736407478
26.677,1.9948868390463679,-0.000560492917790689,0.0012622370121512516
26.697,1.9948918499280963,-0.0005633544419705011,0.0012622726320588862
26.717,1.9948968605981403,-0.0005662159426977807,0.001262308237427956
26.737000000000002,1.9949018710562745,-0.0005690774223066827,0.0012623438242274077
26.757,1.9949068813026214,-0.0005719388797418774,0.0012623793936850647
26.777,1.9949118913375226,-0.0005748003145038943,0.0012624149478253632
26.797,1.9949169011602443,-0.0005776617268955849,0.0012624504851385387
26.817,1.994921910771456,-0.000580523118085268,0.0012624860035941043
26.837,1.9949269201710704,-0.0005833844854908929,0.001262521508901382
26.857,1.9949319293586014,-0.0005862458319043472,0.0012625569949070714
26.877,1.9949369383343367,-0.0005891071559959542,0.0012625924647493292
26.897,1.9949419470982541,-0.0005919684579493953,0.0012626279167610999
26.917,1.994946955650436,-0.0005948297380844017,0.0012626633525844033
26.937,1.994951963990573,-0.0005976909951126784,0.0012626987726754302
26.957,1.9949569721190012,-0.000600552229383137,0.0012627341761137223
26.977,1.9949619800354959,-0.0006034134428473256,0.0012627695617269397
26.997,1.9949669877400127,-0.0006062746350679307,0.0012628049293365862
27.017,1.9949719952328728,-0.0006091358028492207,0.0012628402833423646
27.037,1.9949770025133338,-0.0006119969501429337,0.0012628756177604228
27.057,1.9949820095822108,-0.0006148580757474196,0.0012629109351573742
27.077,1.9949870164390364,-0.0006177191773634886,0.0012629462384013967
27.097,1.9949920230839981,-0.0006205802579136515,0.001262981523361295
27.117,1.9949970295167834,-0.0006234413155876621,0.001263016792412558
27.137,1.9950020357376697,-0.0006263023527474784,0.0012630520425409852
27.157,1.9950070417464276,-0.0006291633666008809,0.0012630872773820578
27.177,1.9950120475433915,-0.0006320243582911134,0.001263122495933744
27.197,1.9950170531280298,-0.0006348853289127596,0.0012631576959511448
27.217,1.9950220585008998,-0.0006377462771541408,0.0012631928802984416
27.237,1.995027063661578,-0.000640607202204904,0.001263228048567655
27.257,1.9950320686101097,-0.0006434681055972735,0.0012632631996288002
27.277,1.9950370733463834,-0.0006463289873850037,0.00126329833342953
27.297,1.9950420778707985,-0.0006491898474409951,0.0012633334496917614
27.317,1.9950470821830968,-0.0006520506854417953,0.0012633685499709169
27.337,1.99505208628331,-0.0006549115008228698,0.0012634036339898846
27.357,1.995057090170915,-0.0006577722926454528,0.0012634387026263239
27.377,1.995062093846568,-0.0006606330646532159,0.0012634737509152894
27.397,1.9950670973103881,-0.0006634938138419871,0.0012635087852873872
27.417,1.9950721005615508,-0.0006663545408908917,0.0012635438014430012
27.437,1.9950771036007715,-0.0006692152462402652,0.0012635788015603056
27.457,1.995082106427741,-0.0006720759288994531,0.0012636137850680906
27.477,1.9950871090423739,-0.0006749365906319936,0.0012636487506664518
27.497,1.9950921114446993,-0.000677797229653547,0.0012636837000219447
27.517,1.9950971136349618,-0.0006806578465791962,0.00126371863299507
27.537,1.9951021156125464,-0.0006835184416519906,0.001263753548734342
27.557,1.9951071173780728,-0.0006863790158171449,0.001263788445831443
27.577,1.9951121189316101,-0.0006892395668210342,0.0012638233294775258
27.597,1.9951171202723315,-0.0006921000950597494,0.0012638581956341821
27.617,1.9951221214009747,-0.0006949606029516041,0.0012638930434669682
27.637,1.9951271223172409,-0.0006978210878804084,0.0012639278764564887
27.657,1.9951321230208392,-0.0007006815506546738,0.0012639626914058566
27.677,1.9951371235124378,-0.0007035419918844375,0.0012639974899801565
27.697,1.9951421237914189,-0.000706402411189729,0.0012640322717115682
27.717,1.9951471238579572,-0.0007092628072492306,0.0012640670381156849
27.737000000000002,1.9951521237121483,-0.0007121231831130315,0.0012641017850732739
27.757,1.9951571233538925,-0.0007149835364271238,0.0012641365164145213
27.777,1.9951621227830862,-0.0007178438670777344,0.001264171231772221
27.797,1.995167122000074,-0.0007207041775111459,0.0012642059282180207
27.817,1.9951721210043658,-0.000723564463434855,0.0012642406120332017
27.837,1.9951771197960373,-0.0007264247289998144,0.0012642752756270859
27.857,1.9951821183755647,-0.0007292849736306295,0.001264309921992779
27.877,1.995187116742132,-0.0007321451946385247,0.0012643445535206743
27.897,1.9951921148964218,-0.0007350053951901323,0.0012643791663718984
27.917,1.995197112838123,-0.0007378655727698942,0.0012644137642514874
27.937,1.9952021105672804,-0.0007407257276608896,0.00126444834608469
27.957,1.9952071080837435,-0.0007435858617333918,0.0012644829097506471
27.977,1.9952121053875946,-0.0007464459731031067,0.0012645174566195128
27.997,1.9952171024792351,-0.000749306063715976,0.0012645519873093203
28.017,1.9952220993575964,-0.0007521661311282145,0.001264586501521059
28.037,1.9952270960235337,-0.0007550261779680833,0.0012646209969548738
28.057,1.9952320924772482,-0.0007578862028746708,0.0012646554768903362
28.077,1.995237088717888,-0.0007607462047110848,0.0012646899413867319
28.097,1.9952420847456298,-0.0007636061858074924,0.0012647243861825808
28.117,1.9952470805612204,-0.0007664661442457122,0.0012647588166227741
28.137,1.9952520761636534,-0.0007693260805826309,0.0012647932304807041
28.157,1.995257071553757,-0.0007721859963989882,0.0012648276259855928
28.177,1.9952620667306957,-0.0007750458888421466,0.0012648620060909666
28.197,1.9952670616950856,-0.000777905759610557,0.001264896369560925
28.217,1.9952720564466122,-0.0007807656085238874,0.0012649307157458767
28.237,1.9952770509853839,-0.000783625435742012,0.0012649650457028372
28.257,1.9952820453114448,-0.0007864852417644256,0.0012649993573757012
28.277,1.9952870394247266,-0.0007893450259900377,0.0012650336530525275
28.297,1.9952920333251931,-0.0007922047882567013,0.0012650679317820213
28.317,1.995297027012571,-0.0007950645273126672,0.0012651021952224673
28.337,1.9953020204873222,-0.0007979242448969803,0.0012651364418275468
28.357,1.995307013748941,-0.000800783942491834,0.001265170668810267
28.377,1.9953120067981,-0.0008036436172916422,0.0012652048811895855
28.397,1.9953169996341005,-0.0008065032700196617,0.0012652390774984257
28.417,1.9953219922569434,-0.0008093628996893398,0.0012652732566594826
28.437,1.9953269846671868,-0.000812222508776717,0.0012653074181667168
28.457,1.9956835732667502,-0.000812195437551691,0.0012805212377912933
28.477,1.9964366475911743,-0.0008223986859380596,0.001303341959955212
28.497,1.9975932253537583,-0.0008289751837201535,0.0013261384329396053
28.517,1.9991347197542597,-0.0008409187523478493,0.001330010458605979
28.537,2.0010782553490287,-0.0008557266974972019,0.0012888181174084412
28.557,2.003474500428786,-0.0008750048645924128,0.0011868997908771328
28.577,2.006211599557907,-0.0009040085842902012,0.0009725033961179574
28.597,2.0093623877921507,-0.0009279940148626887,0.0006032954076557462
28.617,2.0130205229405824,-0.0009681978259754582,0.0009448851681443937
28.637,2.0168763254856055,-0.0009901843871087533,0.0012549605292117016
28.657,2.0212708837443074,-0.0010259651096663725,0.001392389430455665
28.677,2.0260525131480294,-0.001065236098957648,0.0012913458488833796
28.697,2.031211096014247,-0.0011046496415800904,0.0008662055097013177
28.717,2.0367951307730827,-0.0011483923757311526,0.0010801605046295848
28.737000000000002,2.042867834929214,-0.0012130117999539856,0.0014104312023565935
28.757,2.0489625277359123,-0.0012543573894811802,0.0014976156083393033
28.777,2.054429900412365,-0.001298385442356797,0.0007949333487739241
28.797,2.0609424805722254,-0.00135012594670421,0.0012717782275072642
28.817,2.067064051924045,-0.0014092898195064607,0.0014853425932345732
28.837,2.072763941115512,-0.001459291199244389,0.0013433614171008967
28.857,2.077459936173931,-0.0014782774946974057,0.0008563381281845028
28.877,2.0823622839330906,-0.0015172703679101362,0.0011570029326849474
28.897,2.0868743198163036,-0.0015647947759965175,0.0014410958857208056
28.917,2.090947048309045,-0.0015963292123439112,0.0015274311549861586
28.937,2.094308848530675,-0.0016163395817505965,0.0014790057893809827
28.957,2.0975004661988583,-0.001639414702689616,0.0012713976798352233
28.977,2.1003429129004907,-0.001657578416711471,0.0009938394612742374
28.997,2.102803920477633,-0.001717345999714774,0.0008563349802390152
29.017,2.104902062955783,-0.0017197463137134299,0.0010650606504996052
29.037,2.1064134806239982,-0.0017299681351753598,0.0012108824630926995
29.057,2.1076301342237214,-0.0017392316825236623,0.001310837881146637
29.077,2.108459789744972,-0.001744520170672619,0.0013642819210541168
29.097,2.1088607875847316,-0.001748618437053025,0.0013911599513405926
29.117,2.108885274555077,-0.0017481631356044234,0.001390797194532778
29.137,2.1092300464144267,-0.0017522429288531706,0.0014159644196769794
29.157,2.109993969353379,-0.0017591522890996235,0.0014560943385924785
29.177,2.111149205114735,-0.0017639383862640596,0.001507116404909914
29.197,2.1127255092054704,-0.001774280629726266,0.0015499590165901356
29.217,2.114703578801789,-0.0017886776022464912,0.001561287428509972
29.237,2.1170888092235884,-0.0018023803315184834,0.0015137828232154593
29.257,2.1198716112813996,-0.0018206721138341979,0.0013743532642612744
29.277,2.123027549129102,-0.001838465871137022,0.001095173055093962
29.297,2.126601405369223,-0.0018932864790129416,0.0009209351536831611
29.317,2.1306285850401077,-0.00189640043402526,0.0012967427615353522
29.337,2.1346271265619348,-0.0019149539775062249,0.001526058917551365
29.357,2.139322694859064,-0.0019425751178233802,0.0015467296219614513
29.377,2.1444914343572785,-0.001976372871466033,0.0012516638021776993
29.397,2.150053533177213,-0.0020554539515007294,0.0009841907799825467
29.417,2.156099660999902,-0.0020705840391724998,0.001440952677081081
29.437,2.1625227709267896,-0.0021165894622702528,0.0016091782312943614
29.457,2.1679984661471052,-0.0021358958138385335,0.001153113668683009
29.477,2.1746236719809584,-0.002149118405731612,0.0012554556040101084
29.497,2.182346095693139,-0.0022241527696375807,0.0015336249191096607
29.517,2.1896373170669197,-0.0022524908564850476,0.0013402626397451267
29.537,2.196613701572313,-0.0023232750048949075,0.0012719569119702123
29.557,2.2054529277642017,-0.0024053189845429455,0.0014795980573988898
29.577,2.213688835355966,-0.002346344051305709,0.0011108821769077182
29.597,2.222256331668124,-0.0023756905783925853,0.0014970395702915418
29.617,2.2316533347482648,-0.002409633887761525,0.001305867820265122
29.637,2.240850755176831,-0.0024313056065811372,0.0012772169111062437
29.657,2.250786492084644,-0.0023374836137601564,0.001579063175116191
29.677,2.2598621171864215,-0.0020935803854374374,0.0010523315707649528
29.697,2.270263939466831,-0.0019349724358906691,0.0012984595735086035
29.717,2.2802691168111635,-0.0017009685075024842,0.0012176681854391969
29.737000000000002,2.2908047340940456,-0.0015040849419405483,0.0015890819451691018
29.757,2.3003106066483636,-0.0011121329880694744,0.001080114703085916
29.777,2.3108038431841917,-0.0005251044445067567,0.0011399024527401769
29.797,2.321889130230994,1.7531113372332673e-05,0.0010090511958912585
29.817,2.333108704133683,0.0008562487274118105,0.0014453244860124503
29.837,2.343457553094136,0.0018537293722364692,0.0011161158434847829
29.857,2.3542078636727615,0.003011634373106955,0.0008842774695283773
29.877,2.3661193838034187,0.00430195758274648,0.0010033108288926007
29.897,2.3781766904814696,0.005646819692356492,0.0011608354131321663
29.917,2.38946881168991,0.007451812006085478,0.001056934537282811
29.937,2.4016532663351176,0.009484514007598692,0.0010291216987179663
29.957,2.413909370955559,0.011630743910147429,0.0009478894514342862
29.977,2.4264624657746445,0.014357934602298693,0.0011534777325058754
29.997,2.438782830088755,0.01701461463109117,0.0009702953874947406
30.017,2.451166238263666,0.019705576204116934,0.0008860994641826103
30.037,2.464014999564017,0.023208575905786843,0.001403321812716879
30.057,2.476149822145266,0.026647904635005364,0.0014222251144976883
30.077,2.4884398475451364,0.030489025718198705,0.0010498355370223422
30.097,2.5014787874181295,0.0351629426662333,0.0009818045818964782
30.117,2.5144120266042544,0.04003118971118539,0.001571173986215646
30.137,2.5265496535543153,0.045214144904291,0.0013968973916769767
30.157,2.5393617462973053,0.05151439128200046,0.0014631780444903653
30.177,2.5520242145771834,0.057738334775883846,0.0011770959931195757
30.197,2.5644267515963826,0.0650291338252775,0.001292314861690541
30.217,2.577062711861361,0.07240468849816799,0.0012125958837171658
30.237,2.589419100784685,0.08016540415589479,0.0012198188613528893
30.257,2.601632962576009,0.08862229504908369,0.0014366701625167788
30.277,2.613367358075613,0.09678491999820724,0.0011830952761573976
30.297,2.6250553131038306,0.10621359073796166,0.0015034521226545139
30.317,2.63603131885018,0.11529059215996565,0.0013891841853006792
30.337,2.6465435403634046,0.12507303878072112,0.0011552767079476
30.357,2.656779727264754,0.13642704364301045,0.0012935193109358256
30.377,2.6663478971827184,0.14733470642708354,0.001161114311393513
30.397,2.675581410953074,0.1582231983765413,0.001118178376519452
30.417,2.684289231579563,0.169747174180753,0.0013975351655969026
30.437,2.692380840600604,0.18069618313556235,0.001047809815513584
30.457,2.70000826773526,0.19297929635028155,0.0013711605400335836
30.477,2.707252250045448,0.20569629317358196,0.0017015574237795594
30.497,2.714116489581234,0.2179478418387079,0.0013361860170009732
30.517,2.7200739685191313,0.23098962198935394,0.001188737285108793
30.537,2.725786428897515,0.24447694893268943,0.0012198832563898032
30.557,2.730965879369926,0.2577842406947274,0.0012325291645036707
30.577,2.7353724025521617,0.2717015045685092,0.0015619637489104887
30.597,2.7393768033145283,0.2848125242900401,0.0014600036905828562
30.617,2.742753729796948,0.29854459189902327,0.0015753776654439111
30.637,2.7454361830967846,0.31309587700222935,0.001765369280891993
30.657,2.747884327877594,0.32718528812219944,0.0014253237777185068
30.677,2.749259169619551,0.3417905514290607,0.0014219978982212
30.697,2.750203350124207,0.3564589821294152,0.0016916148004056941
30.717,2.7508725431119285,0.37064428917517556,0.0012652485435109273
30.737000000000002,2.7505251167963696,0.3855024817706213,0.0017144986043061416
30.757,2.7500551248127345,0.39981535630130466,0.0015217909362447712
30.777,2.748640598890021,0.41466881305287817,0.0016697186856906576
30.797,2.7468409775990295,0.4291115006267654,0.0016977170572274047
30.817,2.744762462167679,0.44326277908582623,0.0011775002724488948
30.837,2.740839330824759,0.45828310386931315,0.0016573225991565466
30.857,2.736521147300647,0.47264450617426074,0.0013642647731166024
30.877,2.7325863044969845,0.48636070597035375,0.001193982802892679
30.897,2.7275279218519537,0.5001044334011032,0.0015780471027020404
30.917,2.7225407824041055,0.5129996297413109,0.0014195881170588343
30.937,2.716666892992959,0.526024715471023,0.0014071637756414568
30.957,2.709910325703223,0.5393894206441696,0.0014696213769262723
30.977,2.703222278816824,0.5523231828692966,0.0010822213986211027
30.997,2.6952432301571005,0.5648197166950344,0.0012246824096245057
31.017,2.6869278449991043,0.5771221457978496,0.0011118099564861317
31.037,2.6788778704668585,0.5889700492605132,0.0010912614750396565
31.057,2.669531085507044,0.6005600425386198,0.0013489890439468133
31.077,2.6608786880538084,0.6113445610821262,0.001227657224370099
31.097,2.6510952772309513,0.6220338718772852,0.0013239569540815788
31.117,2.6411838957966305,0.6323336362555265,0.0013466050593935741
31.137,2.6313436694070593,0.6422056232993741,0.0007965199227659148
31.157,2.6200235530161993,0.6517421352715924,0.0010883479058467482
31.177,2.6082728936865864,0.661052506648236,0.0013812845756439318
31.197,2.5971501993885218,0.669630094865082,0.0012722943204356851
31.217,2.5850070835990975,0.6776307009872343,0.001481728843866631
31.237,2.5727890365403003,0.6851305893352221,0.00136205534181702
31.257,2.5597279960738994,0.6922067824615022,0.0013887247051347362
31.277,2.5469159946674425,0.6987981578250988,0.0012582149292381106
31.297,2.5342187480691902,0.7048642715444008,0.000817451606815317
31.317,2.519947474506965,0.7099330094059203,0.0015839985249763155
31.337,2.5052999938997056,0.7143679044895654,0.001186342922337602
31.357,2.4914259031669403,0.7186912492858271,0.0012095941885758854
31.377,2.4766466441911326,0.7220897636338744,0.0014969375342083757
31.397,2.4627630242659797,0.7251288969049396,0.0014457978260963567
31.417,2.448652015497986,0.7276274038807188,0.0012738623026654072
31.437,2.433850469107457,0.729302689808305,0.001292458611683256
31.457,2.419161309561461,0.7307919426758697,0.00105693592606243
31.477,2.4044349043467568,0.731286325290448,0.0012922997764776567
31.497,2.389524744436771,0.7308351433244016,0.0013728761335358164
31.517,2.3750978307392314,0.7304314139428888,0.001368081676262345
31.537,2.3603652620740108,0.7292561415137003,0.0014143937809635576
31.557,2.3460835511982583,0.727725290173551,0.0012517328281803908
31.577,2.331562396872111,0.7254085227562478,0.0011555692053668576
31.597,2.3172822793922028,0.7225969558264296,0.0011303567870175057
31.617,2.30329461627023,0.7195452318676564,0.0008766398285246502
31.637,2.2892449472037484,0.715262958370871,0.001376918866424659
31.657,2.275082541126058,0.7100057292062053,0.001241406971356801
31.677,2.2613422022633998,0.7049657925062077,0.0011775376483559308
31.697,2.247596339039288,0.6985752728982689,0.0014862954119378435
31.717,2.234758258848951,0.6923168811361617,0.0016204690682532774
31.737000000000002,2.2222415896026604,0.6859153698931875,0.0012499564024442689
31.757,2.2095267374155827,0.6776558018516734,0.00134861819748347
31.777,2.19725355191972,0.6698497892322794,0.0011144295672166626
31.797,2.1853936076620637,0.661514021916039,0.0014260291884410636
31.817,2.173550935934264,0.6523636786316217,0.001839551649963883
31.837,2.162446758923503,0.6437698270878602,0.0016378992713707852
31.857,2.1515936574463135,0.6340164385636028,0.0017626652484647176
31.877,2.141072166439891,0.6240771677639023,0.001580020396926951
31.897,2.130893968116697,0.6134208072658847,0.0012880960556192755
31.917,2.1212034157972934,0.6023481901083331,0.0014628595915538722
31.937,2.111836243886261,0.5914267073969482,0.0012574072701363737
31.957,2.1032062263358404,0.5793464677515714,0.0017197565191160447
31.977,2.095292190409256,0.5662019186115719,0.0015804020329354962
31.997,2.087990524579289,0.5542197001553317,0.001526883283935715
32.017,2.081108937794156,0.5413799143503308,0.001669630092989094
32.037,2.074655854210572,0.5287785500343563,0.0015644125978400147
32.057,2.0688124456034633,0.5163840309206071,0.0010323434593143832
32.077,2.0635682823000314,0.5028244100037761,0.0011650599512993687
32.097,2.0586332714400246,0.4891495841158652,0.0013158606632411307
32.117,2.0545756113697227,0.4756532582313533,0.0013918066631975479
32.137,2.0513514575086544,0.46109072118336003,0.0014596154294015673
32.157,2.048377182420032,0.44743558265455025,0.0013596715239251878
32.177,2.0460980235307593,0.43307941274976763,0.0014256204614059298
32.197,2.0440968123719943,0.41927122069388767,0.0011860291074906604
32.217,2.04277636285019,0.4050587819057295,0.0010240974056407726
32.237,2.042161638744028,0.39034454581406886,0.0013088112086488135
32.257,2.0417049441372663,0.3759750107342296,0.0012173387909971412
32.277,2.042245900842875,0.36142963693870617,0.0015122626158141916
32.297,2.043985057195495,0.3462397669785451,0.0014214427680952768
32.317,2.045585712635474,0.331460283586075,0.0013622617068771714
32.337,2.0482404879804648,0.31656956285005833,0.001398927504193681
32.357,2.051217143357744,0.30222229625870733,0.0014735565067170442
32.377,2.054305988514337,0.28814317376882037,0.0009976855487847103
32.397,2.0584284738453626,0.2738932584392549,0.0012721315790223675
32.417,2.0630291672404018,0.25941409796794157,0.0013267526902386861
32.437,2.0681244511090613,0.2455846308100465,0.0014878148721237938
32.457,2.0745119194134514,0.23173125155158836,0.0014668429313643983
32.477,2.0807328768566684,0.2182724562629767,0.0013250081926620971
32.497,2.087867983240226,0.20499638704334666,0.0012925176903977598
32.517,2.095122568274904,0.19224588207217078,0.0011774383177327874
32.537,2.1025879837018766,0.17976678659066753,0.0008971132523360181
32.557,2.111075414617508,0.1673047953832401,0.0011041017901061434
32.577,2.1199823975360457,0.15528409604385207,0.0013734162837910069
32.597,2.128507609300349,0.14409729769083152,0.0011345639745378444
32.617,2.1387580544364067,0.13311535391753934,0.001440404119134736
32.637,2.148516392077547,0.1225677647125395,0.0013089250053478496
32.657,2.1589568416387044,0.11235043939291182,0.0011109407691639317
32.677,2.1696691158837664,0.1025613858272437,0.0009144142892959783
32.697,2.1805055629120833,0.0932465494140443,0.0007976786098375932
32.717,2.19232425068818,0.08433642892538697,0.0012909338466447484
32.737,2.2036179191847145,0.07605701255200434,0.0011784186795966156
32.757,2.2155414129115147,0.06830881424095739,0.0012700382778082775
32.777,2.2291978704826527,0.06130225211109917,0.0013095577460624508
32.797,2.2421173415307925,0.05467060378765819,0.0013325687677792353
32.817,2.2555492286632277,0.04850690863041267,0.001183112227704508
32.837,2.2690214212136044,0.04292056700236657,0.001405038822145016
32.857,2.282179863450988,0.037723977819807845,0.0010520104976179112
32.877,2.295896494263203,0.033309444141967785,0.0013570207506606036
32.897,2.3103986520329367,0.029406119361311232,0.001595103602373249
32.917,2.3244353322746085,0.02590514305925157,0.0014393795348950633
32.937,2.339608188276197,0.023692571241504916,0.0015837440806190373
32.957,2.3538582185222823,0.02166876423263285,0.001497278838585192
32.977,2.3681961761157533,0.02025665799717114,0.0012308001782190825
32.997,2.3822861621544456,0.019210133162434737,0.001322973547193712
33.017,2.3955686280139377,0.018658832997277462,0.0013990353252384125
33.037,2.408862961703037,0.018586844292905903,0.001554255780493341
33.057,2.4216828489226105,0.019218754937319046,0.0017701878684318884
33.077,2.433432315328625,0.020011935589802236,0.001439993393534067
33.097,2.4447825408154,0.021000155590809578,0.0009493269944511329
33.117,2.456057737035955,0.023045314169675462,0.0013074979717492274
33.137,2.4665663251585705,0.025580570557159732,0.0014740781484483823
33.157,2.476440047420709,0.028331333859165996,0.001115227872010488
33.177,2.4859214424237135,0.03136930951075016,0.0014162409487576688
33.197,2.4943843611877288,0.035069156983271496,0.0012888881230042892
33.217,2.502670305310174,0.03870671875559969,0.0009613357849066473
33.237,2.5107471061523987,0.042488727040095486,0.0012389871550988196
33.257,2.5180348612668504,0.04642215472409802,0.0010810176985763253
33.277,2.525003125971233,0.05020887952954331,0.001325844487661293
33.297,2.53083959916123,0.05408915321666787,0.0013176484892355178
33.317,2.536558131899516,0.05810979705332177,0.0012776297650513302
33.337,2.5417997220038555,0.06202077203219526,0.0014704397158169513
33.357,2.5461375075519688,0.06567709214616156,0.0012308989670360149
33.377,2.550455715143811,0.06936862035878469,0.0014173853369489342
33.397,2.5542035659416022,0.07320507000813414,0.0013108654121729013
33.417,2.557453743714268,0.07665878841153256,0.0014311086519008254
33.437,2.5604902495653805,0.0801676286378402,0.0013442638869034518
33.457,2.5627947511832128,0.08307980156637854,0.0012072725546463103
33.477,2.5651833442858734,0.08598722638368594,0.001287554522639206
33.497,2.5668858147721063,0.08866051841174932,0.0009179343679909246
33.517,2.5685770358313853,0.09103060681080516,0.0010113945180330597
33.537,2.5698643850281475,0.0938527149913648,0.0010953946194946496
33.557,2.5704077789552633,0.0957861675800612,0.0010391983690288265
33.577,2.5712205314074525,0.09729542288387986,0.0013777717002251555
33.597,2.5715335081873674,0.09842678472746513,0.001355024364107671
33.617,2.571504958418656,0.09908736630848385,0.0009316595218659685
33.637,2.571968345395148,0.09960618927976009,0.0010124589045248933
33.657,2.5717028871088754,0.10044002014139664,0.0013595421104455607
33.677,2.5714588664035465,0.10044474654246395,0.0013402760466019736
33.697,2.5709716492704504,0.09987519676987315,0.0009327493467704284
33.717,2.571212225502303,0.09988102526803816,0.001019396039552034
33.737,2.5706571984295636,0.10029890033854805,0.001398832038311093
33.757,2.5704039170180906,0.10051599465302496,0.0013426974180325568
33.777,2.5700854085371625,0.10019003878939148,0.0009427999246408858
33.797,2.570241379490955,0.10025748904670595,0.0009769654069740619
33.817,2.5698220497064397,0.10054885265001466,0.001362871497977508
33.837,2.569539583367197,0.10073008988761759,0.0013384263066555102
33.857,2.5693291859335083,0.10051049145640875,0.0009484576206012785
33.877,2.5696022059017247,0.10063231366147975,0.0009240349338283105
33.897,2.5689441347599224,0.10082475328044418,0.001361248628072076
33.917,2.568646100574533,0.10098300697684996,0.0013339007174432982
33.937,2.568382019949364,0.1009342960919831,0.0009404861174644175
33.957,2.5685803053258978,0.10111082795252962,0.0008884109621352387
33.977,2.567862359313089,0.10125966772279982,0.0014028606381378816
33.997,2.567480851138039,0.10124493857191104,0.0013249486997993776
34.017,2.5671369186514434,0.10131120403227274,0.0009432674444352362
34.037,2.5672666021424395,0.10155876411424332,0.0009035007119049809
34.057,2.5665783000107276,0.10157476041481733,0.0013211322369721668
34.077,2.566188508778442,0.10159420610722558,0.0013094515871834578
34.097,2.5658030198167583,0.10165503164439268,0.0009381697776106868
34.117,2.565832242852534,0.1018558679670748,0.0008661613047229733
34.137,2.565164349891162,0.101857388862915,0.0012641562259450845
34.157,2.564844920520937,0.10188444404762304,0.0012899998860018969
34.177,2.5644493470254135,0.10186966986286826,0.0009262310605316904
34.197,2.564477783123334,0.10209518738959529,0.0008837100116936003
34.217,2.563820092594201,0.10201885137760391,0.0012415430795479632
34.237,2.563501885081641,0.10194558456617547,0.0012988562078764254
34.257,2.563110289752514,0.10185932195469843,0.0009173724215239543
34.277,2.5630604530724135,0.10207259946378107,0.000890613451769523
34.297,2.562465461294366,0.10191429203225755,0.001274561756541781
34.317,2.5621219054643922,0.10171146366028264,0.0013444354536399084
34.337,2.561744050285285,0.10155597144267409,0.0009291892600529483
34.357,2.5617662073885454,0.1017437451526248,0.000862049884978705
34.377,2.5611883452069386,0.10149568164074169,0.0012292103252344588
34.397,2.560922384692618,0.10128489154477088,0.0012551231573272592
34.417,2.560765157089616,0.10104480732483849,0.0009005559582222489
34.437,2.5607851666972965,0.10124109265386076,0.0008575271921208716
34.457,2.5603758470093374,0.10091439905764307,0.0012469314185754032
34.477,2.560071069544734,0.10066365317677506,0.0012491740023785336
34.497,2.560002436242669,0.10036192703939158,0.0009049498124375221
34.517,2.560095747472456,0.10050139699437832,0.0008520807640500228
34.537,2.5596589804989303,0.10015291094030662,0.0012072681366165627
34.557,2.5594661117885993,0.09968227378782775,0.0011948906432752149
34.577,2.559545914243256,0.0993991967174159,0.0009216192142925683
34.597,2.5597639749722787,0.09955382108090415,0.0008264621058776678
34.617,2.5593583226588095,0.09925761297534955,0.0010400122682576451
34.637,2.559201730815174,0.09903958143596893,0.0011934717926185834
34.657,2.559159349461537,0.09881642504058254,0.0011521324088199225
34.677,2.5594558973169885,0.0986417692133587,0.0009409105223760483
34.697,2.559639082637849,0.0986211614427236,0.0007383301519101049
34.717,2.559649217014608,0.0987093444987293,0.0007513793138206326
34.737,2.559489974363552,0.09861376460565716,0.0008676268322269642
34.757,2.5594495236629284,0.09853470317698088,0.001038947553960723
34.777,2.5593815395822883,0.09843014858578396,0.0011308621309090439
34.797,2.559326600377304,0.09835479090652799,0.001177051023737552
34.817,2.5593038664659593,0.09830357419262459,0.001193733701411348
34.837,2.5592737968646633,0.09826187359789579,0.0011999251637618835
34.857,2.5589854001101964,0.09813940360246894,0.0011878936849129274
34.877,2.55833176077726,0.09790791138118043,0.0011539930504375073
34.897,2.5572688523291225,0.09756877315823259,0.0010863045340856192
34.917,2.5558210967438177,0.09710757660228779,0.0009659500287854672
34.937,2.5540067387451058,0.09654055394182968,0.0007714461769011416
34.957,2.551794244956546,0.09592385358634034,0.0008169289704872407
34.977,2.5491853201933172,0.09513903527094782,0.0008500298241322646
34.997,2.5461330471962658,0.09419148677952474,0.000856358724871914
35.017,2.5427054827524493,0.09320052843857682,0.0009850137180402452
35.037,2.5389183588710327,0.09205354107866871,0.0009822542728333272
35.057,2.53479018419117,0.09076690279407577,0.0007859787726598455
35.077,2.5302078824900796,0.0894266264668378,0.0010579356877677415
35.097,2.5256003771719073,0.08790047164381573,0.0010078780832899203
35.117,2.5202658829697726,0.08612031496777046,0.0007428035491409968
35.137,2.5145473647827883,0.08429209029871612,0.0007956402996415757
35.157,2.5087070766181383,0.08249806739075946,0.0012873348871210166
35.177,2.5029713682533417,0.08061464260533563,0.0010115855676490204
35.197,2.496503590575507,0.07829442110317208,0.00046690489919692935
35.217,2.489289611034821,0.07588656281258542,0.0010859151120823363
35.237,2.481661233176291,0.07316035349007302,0.001024692131174787
35.257,2.474965505692074,0.07096695634697733,0.0005119247674195415
35.277,2.4668001330679186,0.06802330946512969,0.0010891612058632483
35.297,2.458599440339344,0.06521674223130969,0.0009542766599731078
35.317,2.450378152134608,0.06243592525495376,0.0009189240193795689
35.337,2.4412342815527035,0.05888419784545614,0.0012812371388406796
35.357,2.4328842391304346,0.0557208377361014,0.0009664686103626474
35.377,2.423344804239741,0.0518939658820312,0.001027521810926274
35.397,2.4141699869349864,0.04817113547152299,0.001027781680589479
35.417,2.4044430671493013,0.044219169180577354,0.0010027143092704582
35.437,2.3949747445487612,0.04022868590300736,0.0011284218900783627
35.457,2.3845173340003614,0.03563100152458229,0.0010207429726110662
35.477,2.37489526372404,0.031379600245222475,0.0011096019515242361
35.497,2.364669403354757,0.02649443343724217,0.0013144875048318183
35.517,2.354537049679303,0.021646134346100073,0.0012564751600839807
35.537,2.344469558960599,0.01653207014726077,0.000986675111494223
35.557,2.33357542067839,0.010719993795836862,0.0011644968044845772
35.577,2.3227856629295767,0.004898979304824757,0.001491750691498095
35.597,2.3129639603366003,-0.0007111195546465367,0.0012334256307976466
35.617,2.302121841078695,-0.007223798017252463,0.001246184549584639
35.637,2.2914971574435685,-0.013787524102978024,0.0013050614757064427
35.657,2.280713186559335,-0.021050599842244777,0.001447433406639942
35.677,2.270067391192929,-0.027912405654481214,0.0015607700280040326
35.697,2.2599606717086815,-0.03468299307429139,0.0012468897790578748
35.717,2.249264144122487,-0.042978821526117233,0.0016556776026759312
35.737,2.2390800904271813,-0.0506472633791021,0.0014387837420380412
35.757,2.229031664596923,-0.05909528451164143,0.0011868887226464675
35.777,2.2187231600493544,-0.06825170520409003,0.0016214250642322126
35.797,2.2089240910033885,-0.07709995685702627,0.00127092991751801
35.817,2.19939127522404,-0.08683491649914804,0.0015723186121370525
35.837,2.189516465927706,-0.09754523450117229,0.0017293489935414907
35.857,2.1801905685832312,-0.10769396475451017,0.0012652679425889934
35.877,2.171612252729598,-0.11908303029487716,0.0013540884650460883
35.897,2.1629419262899083,-0.1307892476297109,0.0013275775202109263
35.917,2.1547799579364137,-0.14264145224736524,0.0011943623360619604
35.937,2.147345996388165,-0.15467539750646747,0.0012316174908431066
35.957,2.140373043977134,-0.16670543794702636,0.0013605626863274767
35.977,2.133848162300835,-0.17911084723891896,0.001453245519712404
35.997,2.1281236850143435,-0.19138803630696669,0.0016883121815078617
36.017,2.122769353484836,-0.2031036656272067,0.001250802604445489
36.037,2.1179891419436623,-0.21486890648750007,0.0011329840161119764
36.057,2.114210538431791,-0.2265811765077587,0.0014552925428754637
36.077,2.110707759697701,-0.23816048113807908,0.001741458928314149
36.097,2.1075697218413296,-0.24869017146056538,0.0012610799140069517
36.117,2.1054183366315264,-0.25949437862382757,0.0009309775781246865
36.137,2.103801419701845,-0.2700052160072477,0.0015517466279985903
36.157,2.1028086166194755,-0.2801020509904169,0.0016673012640039953
36.177,2.1023222108049295,-0.28947737898124437,0.0014769969213570266
36.197,2.10234937519877,-0.2985753144578383,0.0014874695948999817
36.217,2.1031798441977214,-0.307418800286015,0.0013706182317196614
36.237,2.1040975077582886,-0.31624288560289293,0.001155418242664713
36.257,2.1053466447692046,-0.3244152162285701,0.0013292098492397875
36.277,2.106733220269345,-0.3323735169778814,0.0011590713472462988
36.297,2.108115368704641,-0.3399337381667969,0.001365676836876717
36.317,2.1098877783689853,-0.34671011940279506,0.00123303957103163
36.337,2.1117517334987954,-0.3532532013479712,0.0013740025925560173
36.357,2.113851122054877,-0.3591171519403993,0.001153249871190365
36.377,2.116183469646214,-0.36525179487602005,0.0013774148554909216
36.397,2.118912918254558,-0.3713217647225436,0.0012669123799915194
36.417,2.1221909437723676,-0.37807435305707776,0.001388854813257151
36.437,2.125657226124628,-0.3845825669973769,0.0014872350897102427
36.457,2.129559103741433,-0.39122988361872696,0.0013745977775828921
36.477,2.133885875723301,-0.3980239687209771,0.0015380218541387325
36.497,2.138937313784944,-0.40471493655732393,0.0012555315923254984
36.517,2.144326423495011,-0.41171053572713523,0.001262308202058804
36.537,2.150137499897166,-0.4185376858609233,0.0011621212047716045
36.557,2.1567216821565456,-0.4259226760790849,0.001123570543194563
36.577,2.163592613090685,-0.433511861526147,0.0011916156772756314
36.597,2.170705182174673,-0.44089524798771407,0.001470889383418661
36.617,2.1785803779831063,-0.44811646966590035,0.0012511722988549634
36.637,2.1868010248016545,-0.4554165699977506,0.0007802426894059078
36.657,2.1958880952116306,-0.4625582777029844,0.0012886395022329578
36.677,2.2059742892048835,-0.4697138486595201,0.0014316173600653348
36.697,2.215265009698823,-0.4764280399078764,0.0013812808642013619
36.717,2.224527645530371,-0.4827580334163869,0.0006014917506164397
36.737,2.2352169017400767,-0.48870047643428177,0.001402436289762915
36.757,2.245976274493649,-0.49398709909595623,0.001406463828029697
36.777,2.2565194460076006,-0.4991699566846668,0.0014082676462784105
36.797,2.2660720031450965,-0.5039701397905839,0.0011335588786131612
36.817,2.2756605494519206,-0.5078755954872952,0.0012016444560608852
36.837,2.2857675903479513,-0.5110728240344362,0.0013920480308082794
36.857,2.2951556755412823,-0.5137367868137686,0.0009214502766326793
36.877,2.304258052305038,-0.5160477682767473,0.0013816077577699648
36.897,2.3127962522642154,-0.5173530407066581,0.0013213338045539313
36.917,2.3214552781102182,-0.5181767936693756,0.0011253620864037084
36.937,2.329795648740513,-0.5188414190930862,0.0011848623979515138
36.957,2.3379616622040844,-0.5187358081631993,0.0008551585004527573
36.977,2.345749238425142,-0.5189474352007206,0.0010797110904424423
36.997,2.35274340644069,-0.5188720547782487,0.0010064773399459381
37.017,2.3596268372492704,-0.5185846685466251,0.0010698862375445872
37.037,2.365930822219676,-0.5180702188911797,0.0010723917945745787
37.057,2.37200828123646,-0.5171024359276541,0.0010934640227891201
37.077,2.3777663932091992,-0.516176681865452,0.0010234432910075641
37.097,2.3831115511645904,-0.5149757459432809,0.0011382326743304416
37.117,2.3885447735684973,-0.5136266609725108,0.0009378831242415342
37.137,2.3933396439634724,-0.5123751462950088,0.0011333248165135423
37.157,2.3984536457864185,-0.510646152031184,0.0009060742268393873
37.177,2.4025471141913686,-0.5091247130887185,0.0010105391841889189
37.197,2.40706291522378,-0.5072597630665405,0.0010480058439152062
37.217,2.4106616067939473,-0.5054639892741304,0.0006979834167483989
37.237,2.4146015467707413,-0.5037097717280893,0.0010976308947952818
37.257,2.4182278657277667,-0.5018630446336683,0.0010308564653061514
37.277,2.421085197768961,-0.5000905597691038,0.000715400138937422
37.297,2.4242493826464555,-0.49840356297919536,0.0009768536909614267
37.317,2.427207224341359,-0.4966055850681732,0.0010218542149943166
37.337,2.4296322973832036,-0.49496266841233655,0.0009258343968552019
37.357,2.4320155783581465,-0.49329649213209126,0.0006045775190707259
37.377,2.434257627313875,-0.49185222070744994,0.0008814436071792053
37.397,2.4363467463090975,-0.49038933124824424,0.0009895130360760007
37.417,2.438006904822006,-0.4890655939950404,0.0009769435270580995
37.437,2.439649736380869,-0.48774292683838144,0.0008727283469289471
37.457,2.4411018796012707,-0.4865418951253907,0.0006985082201079185
37.477,2.4423426831889907,-0.4855209989088799,0.0006549819283276082
37.497,2.4434802913105864,-0.4846119795169118,0.0007859392366471596
37.517,2.444434892711726,-0.48382735274885547,0.0008796242455647862
37.537,2.445209225590291,-0.4831731409227782,0.000926492143024843
37.557,2.4458208133088677,-0.48264227610614496,0.0009531059704902534
37.577,2.446266905324561,-0.4822477568495684,0.0009626301750217947
37.597,2.4465505839224964,-0.481992927357745,0.0009643136146239295
37.617,2.446676710113503,-0.48187827969690417,0.0009637714922846319
37.637,2.4466826837949815,-0.4818762824010513,0.0009636722961773592
37.657,2.446688445350369,-0.4818742647010563,0.0009636320608029936
37.677,2.4466942392692888,-0.4818718256211135,0.000963645922714973
37.697,2.446700058068134,-0.481869403988008,0.0009636864320638483
37.717,2.446705872556927,-0.4818669803406826,0.0009637230697244759
37.737,2.4469724695134354,-0.48162492193424583,0.0009836258316381075
37.757,2.447541206218517,-0.48110803181033424,0.0010196841914081323
37.777,2.4483893300097956,-0.4803315851211127,0.0010582248332885735
37.797,2.449529213310876,-0.47928661438790215,0.0010866229085363388
37.817,2.450990149715993,-0.4779534414979436,0.0010744039760714197
37.837,2.4527498156129974,-0.4763426225504843,0.0010315433022707599
37.857,2.45478420687911,-0.4744778626695307,0.0008787519171041536
37.877,2.4571390552984678,-0.4723780880723393,0.0009369175235411087
37.897,2.4596776433770455,-0.47005344849594155,0.0009585111841827476
37.917,2.4626064753407606,-0.46737321993152114,0.0008242557677247131
37.937,2.465773818662984,-0.46441191748906824,0.0010239175714871207
37.957,2.4692408945437276,-0.4612610274471754,0.0010021753042034898
37.977,2.4730794275113896,-0.4578166993518686,0.0008837639333978409
37.997,2.477159467201868,-0.45406804778590515,0.0009224534584684474
38.017,2.4813503856889265,-0.45005888234227776,0.0010005106089379656
38.037,2.4860433713203904,-0.4457738448047751,0.0010109527203601698
38.057,2.4907909008807136,-0.4416958856402038,0.0009687409943266723
38.077,2.4959255003220053,-0.43705687733792964,0.0008795518235752975
38.097,2.5008188359086883,-0.43245743372449963,0.0012431586640863634
38.117,2.50554958425957,-0.4280595173851546,0.0008735490128556067
38.137,2.5100304313265966,-0.42407571399280686,0.001082785195756636
38.157,2.5141371642676367,-0.4202457607550792,0.0009022057391757099
38.177,2.5179510935114546,-0.41661335309372893,0.001139268019267392
38.197,2.521378919257374,-0.4134817593764324,0.0009648875225107545
38.217,2.52466712764611,-0.41047603970935737,0.0008199331789830178
38.237,2.5276258517176444,-0.40772877680467134,0.0008443601026340841
38.257,2.530277715400741,-0.4052776666370811,0.0007678224712287518
38.277,2.533163566781239,-0.4025213440234533,0.0008724271671998463
38.297,2.5363309705735633,-0.3996212231904104,0.000933041811871399
38.317,2.539840997641641,-0.3963642970727884,0.0007846563450983057
38.337,2.5437175758570714,-0.3928776671251573,0.0008946240299547992
38.357,2.547614905999436,-0.3891354425082756,0.0007588233786783583
38.377,2.551917806438735,-0.3850264661805756,0.0009497071715894312
38.397,2.5563703304416716,-0.3810495438720985,0.0008314635147044225
38.417,2.561304058457043,-0.3766121184624568,0.0009544529294132076
38.437,2.5663212271483444,-0.37182161189815427,0.001048226364794208
38.457,2.571670449596186,-0.36680127466531887,0.0011342226522465249
38.477,2.576930984956289,-0.3620246142036852,0.00120257433990692
38.497,2.5828707201410137,-0.35659272445923684,0.001065994114220481
38.517,2.588631031012995,-0.3511066056928749,0.0012277214779301826
38.537,2.5947200568326645,-0.3456139721068876,0.0014087408024551218
38.557,2.6011234720221843,-0.339747040935467,0.0012228734088987059
38.577,2.6071739668756746,-0.3340415782748654,0.0011089601507867086
38.597,2.614336032962913,-0.32753481737197976,0.0013810248457777896
38.617,2.620543942781492,-0.3216203883824485,0.00112328575456061
38.637,2.6275798896952014,-0.31507038594537085,0.0014766216415302291
38.657,2.6348650610206104,-0.3081234888104357,0.0009929828702513743
38.677,2.641851866980057,-0.3013327629425707,0.0014301461777221358
38.697,2.648804992490168,-0.2943852103259038,0.0011235573866202608
38.717,2.656449157846148,-0.2868902026826726,0.0017476177318573316
38.737,2.6629411000706074,-0.2801929884091712,0.0012638020536625272
38.757,2.669798542339627,-0.273003562260986,0.0014935237023455117
38.777,2.676101259597116,-0.2659929928747428,0.0011482691142343515
38.797,2.682355649831618,-0.25910437565922356,0.0014201353042701537
38.817,2.687900061707331,-0.2526342536999513,0.0015357811633930352
38.837,2.693234954485484,-0.24640945024105684,0.0016344422428675454
38.857,2.6980984414893823,-0.2401650585144082,0.0011458149408737628
38.877,2.702684905774584,-0.234428229936776,0.001313968362896295
38.897,2.707120999515295,-0.2286632602686807,0.0014023681147267708
38.917,2.711000748788725,-0.2234138154561347,0.001350430295145838
38.937,2.714652110822505,-0.2183448294335852,0.001522415968180174
38.957,2.717634354032679,-0.21380998261906214,0.0013828932132530225
38.977,2.7204707001320982,-0.209470645650475,0.0010962176365891807
38.997,2.72328640319645,-0.20509544206168678,0.0012132561086775628
39.017,2.725851799607714,-0.2010861481226005,0.0012590659792232062
39.037,2.727923899934866,-0.1976560344607851,0.0010687454193206714
39.057,2.7299634252094465,-0.1944817702874979,0.0013074487434752147
39.077,2.7316656059531215,-0.19147176302446445,0.0014476121584398038
39.097,2.733021972255278,-0.18890123497465566,0.0014311107725522854
39.117,2.734103546059955,-0.18673091874695627,0.0012673818609459098
39.137,2.7350394387577,-0.1848200941044204,0.0012047921285398833
39.157,2.7359158716398384,-0.18309683979920105,0.0013508048162771957
39.177,2.7366255855920487,-0.1815903191652184,0.0014342124540202006
39.197,2.7374999763039027,-0.1796455519394807,0.0014609765073909653
39.217,2.738454624642896,-0.17736872417927232,0.0013932858423553462
39.237,2.7395232241846847,-0.17469903427910866,0.0011974471720554436
39.257,2.7408748574087625,-0.17167535966944467,0.0013251931676131756
39.277,2.7421659492740678,-0.16830074504117004,0.0014613155493329588
39.297,2.743562407856366,-0.16447578258204418,0.0013937813695782675
39.317,2.745017073737162,-0.16025494537884982,0.0010439739619610422
39.337,2.74676859808603,-0.15564005162374234,0.0010514700704089552
39.357,2.748496014231178,-0.15043531118853076,0.0012556007492832977
39.377,2.7501415522882753,-0.14541869301349275,0.0011726078594634926
39.397,2.7521201546367187,-0.13967420730931585,0.0014362868072738677
39.417,2.753989155190807,-0.1333951741820841,0.0014803186870311902
39.437,2.755618900815689,-0.12730254462090276,0.001078262265947122
39.457,2.757573694478701,-0.1204979492635907,0.001121285403291844
39.477,2.759626268976787,-0.11308114277763724,0.0012960446938102277
39.497,2.7613647382013515,-0.10636240898183016,0.001199118383222647
39.517,2.7632889800164886,-0.09850049945924111,0.0011585492126795216
39.537,2.765075223240779,-0.09033883027068644,0.0012211639157921894
39.557,2.7672395422200338,-0.08134101071317745,0.0016398496422563857
39.577,2.7689627076232592,-0.07309136185277901,0.0011151149545996775
39.597,2.770704300306554,-0.06496541716888715,0.0012125742682851381
39.617,2.77227813078261,-0.056609225950555245,0.0013326177591073962
39.637,2.7738587675993567,-0.04877630656634352,0.0014416609816042814
39.657,2.775075896324365,-0.04149366988153361,0.0011603193803657041
39.677,2.7759652579298053,-0.03476555989114908,0.0011532599754644213
39.697,2.7769920310382705,-0.028228498589054303,0.0013493356928953593
39.717,2.7777249873513545,-0.02231525277450827,0.0012109743966871311
39.737,2.7782583635133915,-0.016741667742533564,0.0009140080869843303
39.757,2.7789437046196332,-0.011307191502996208,0.001042192503493966
39.777,2.7793097604513806,-0.006120800484867128,0.0008901398251994208
39.797,2.7796233465946765,-0.0013990771603406282,0.0008063664507025337
39.817,2.779969441208873,0.002731214781724417,0.0010348219175518036
39.837,2.7801968430749966,0.006525943616548326,0.0011814776301700136
39.857,2.780326173271364,0.009766750529799903,0.0012366520185855268
39.877,2.780360656289233,0.012684489886749493,0.0011399751102256217
39.897,2.7803127725083856,0.015226449599707328,0.0009195192597944157
39.917,2.7803889838791562,0.01740065378798763,0.0011196043220172147
39.937,2.780364756616047,0.019142128816307204,0.0012414762757306519
39.957,2.7802778454103465,0.020534918684047013,0.001298270687010522
39.977,2.7802094119186407,0.02188411937131066,0.0012988589844938336
39.997,2.78013056245569,0.02304254466309801,0.0012675025761151315
40.017,2.7800538177938763,0.024021378702989444,0.001215092010012686
40.037,2.7799806364398365,0.024794081240682046,0.001157582357874748
40.057,2.7799138846659575,0.0253685200537029,0.001104474239676384
40.077,2.7798257853575037,0.026287681140350547,0.0010238883693477752
40.097,2.7797495997242843,0.02687091497246201,0.0009565118946405771
40.117,2.7797265087913123,0.027210471523243455,0.0009844590028669775
40.137,2.7797162766222683,0.027399368670603497,0.001004006014358988
40.157,2.7797194902781586,0.02738761802433077,0.0010070775300365098
40.177,2.7797162455217856,0.027387269920694846,0.001000075262718475
40.197,2.7797167044087394,0.027388422873280773,0.0010063643677264977
40.217,2.77972145246156,0.02738599360451423,0.0010066274498198302
40.237,2.7797173113126643,0.027388863937912372,0.0010063708739507515
40.257,2.7797165488843683,0.027393206083276916,0.0010080227058175406
40.277,2.7797143128805244,0.027396631086298105,0.0010078187557107099
40.297,2.779712296047161,0.027400413003068946,0.0010079391611943767
40.317,2.779708966245347,0.027403980116478984,0.001006667745947154
40.337,2.779707885390014,0.027408244176068134,0.0010075450483839066
40.357,2.779706482964263,0.02741231719202181,0.0010088196429266783
40.377,2.7797039286267666,0.027415736052952413,0.0010081091923662688
40.397,2.7797020262314525,0.027419560871874957,0.0010082198945369492
40.417,2.779698912946357,0.027422893356111946,0.0010069062552554298
40.437,2.7796981666023934,0.027427262009422915,0.0010085632239939801
40.457,2.7796959578352896,0.02743067724318054,0.0010083628236262354
40.477,2.779671087685059,0.02778066106787263,0.0010306084214751765
40.497,2.7796261603682035,0.02854643757625404,0.001073667535012035
40.517,2.7795503293739277,0.029701264479989116,0.0011255903465959838
40.537,2.779453466038895,0.03125132124370047,0.001167802395144052
40.557,2.77933142564858,0.033212443145818546,0.0011823309241683067
40.577,2.7791877651906347,0.0355274991080884,0.001139937631106952
40.597,2.7790156642740507,0.03829729971492283,0.0010239417848011134
40.617,2.7787800726895013,0.041489196294770776,0.0010127297991499862
40.637,2.7786254465166333,0.044341123288314,0.0010451210585715187
40.657,2.7784738144428673,0.046751735543013276,0.0010370046772196773
40.677,2.778345715332044,0.048782552813907795,0.0009765461548899013
40.697,2.778241674983643,0.050420042819807775,0.0009799492878616312
40.717,2.778162145778664,0.0516315683506275,0.0010535178233368747
40.737,2.778112200203194,0.052441467875345725,0.0010926341211469903
40.757,2.7780890398579703,0.05284628128880623,0.0011098382051933642
40.777,2.778085131858338,0.05287134639206723,0.0011089496591039083
40.797,2.7780825040588644,0.05287404974453129,0.0011083985004509966
40.817,2.778082949220243,0.05287664002692416,0.0011015449013420109
40.837,2.7780824917592803,0.05288045029167417,0.001106583651692583
40.857,2.778060042898793,0.05324256807429545,0.001122321929256459
40.877,2.778013098841698,0.05399027691660398,0.0011444307930028874
40.897,2.77794333783977,0.05516015226629846,0.001169613821582205
40.917,2.7778449381732324,0.05670607755902449,0.0011784861743323327
40.937,2.7777306408992457,0.058645601071148634,0.0011489626521070662
40.957,2.7775775633338653,0.061023696429719415,0.0010682421160119193
40.977,2.7773747426832553,0.06375875350864328,0.0009913549196838567
40.997,2.777175800427777,0.06692009135099128,0.0010514123344662896
41.017,2.7769519582348425,0.07049456474157223,0.0010246844034831615
41.037,2.7767551081926944,0.07447279901706075,0.0010695697999462128
41.057,2.776460455336233,0.07877975516676702,0.0011741185424446743
41.077,2.776152616910813,0.08347674342512831,0.001104628474927677
41.097,2.775745539093996,0.0886744116801424,0.0011099022092449506
41.117,2.7754354230467215,0.09420098745589513,0.001023827978987757
41.137,2.77515488170278,0.10010272206692641,0.001228631230699745
41.157,2.774795919978725,0.10619816639556263,0.0011247851030929679
41.177,2.774274976795633,0.11286027796643094,0.001177742913956642
41.197,2.773886497496289,0.11967495898817225,0.0010786634218585278
41.217,2.773498895593533,0.12691033255264283,0.0013839268561160745
41.237,2.772961035055109,0.13341578151029185,0.0009273186092458308
41.257,2.772372452172252,0.1401390650463367,0.0008673432623091948
41.277,2.7718326813620027,0.14778479184632615,0.001640274699105576
41.297,2.771079072605012,0.15461836696029613,0.001143811249305321
41.317,2.770340534034798,0.1621924968793223,0.0009671504300869382
41.337,2.7694829879897207,0.17023779124568916,0.0014229747926631786
41.357,2.7685292839277933,0.17754003132102686,0.001175828572887394
41.377,2.767619477400827,0.1859153325108535,0.0014502514301695801
41.397,2.7663330296690347,0.1935853238381734,0.0008688366398273695
41.417,2.7650677312596605,0.2025440063356522,0.0013486664617903266
41.437,2.763432455958901,0.21132995672277288,0.001140092523042452
41.457,2.761799826944188,0.22030681494374446,0.001233249691538596
41.477,2.7596772857607683,0.22915417319274342,0.0009912406691207354
41.497,2.757713145306381,0.23839821930346208,0.0012130805881370998
41.517,2.7555048495415253,0.2471357504416477,0.001263525877638061
41.537,2.75282947850243,0.2567265352550774,0.0012894565927826507
41.557,2.7499184551633626,0.26586320874374636,0.0010435789813412755
41.577,2.746698433505956,0.27556602853516926,0.001082460668831109
41.597,2.743316024069128,0.28516754761904106,0.0013111246937286547
41.617,2.7398075883464297,0.2943651397607613,0.0011574741567824676
41.637,2.735234657094273,0.3039439652266995,0.0007970502635182286
41.657,2.730664382787512,0.31380590161693456,0.0008738501422325406
41.677,2.725626119203134,0.32360307322804693,0.0012102800231242328
41.697,2.7202366112801424,0.3332752164497404,0.0011006054683969924
41.717,2.7147572216118294,0.3428438950498505,0.0009484918902950834
41.737,2.708640303868662,0.35221697455902556,0.0008780846090877814
41.757,2.7020201943573117,0.3616411127574261,0.0010528594536681202
41.777,2.695068015690665,0.3708331179905381,0.0012186023710154814
41.797,2.6883239938988703,0.3798252278004043,0.0014120641444278215
41.817,2.68137399220426,0.3882088760435228,0.0008945910401990664
41.837,2.673371672488465,0.396597207825256,0.0009477176773797225
41.857,2.6643353917689456,0.40497062327985045,0.001406261902575312
41.877,2.6555519493016715,0.41303314409139946,0.0015134617024572528
41.897,2.6461057243285997,0.4207013540706519,0.0014201173269828005
41.917,2.6364295024774287,0.42815866147898163,0.001023943620831691
41.937,2.625641029623594,0.43513721994384785,0.0012840791615460478
41.957,2.6139747000626445,0.44170992370146844,0.0014873392796591334
41.977,2.6024453625521877,0.4479205749306181,0.0013268158424691034
41.997,2.5899143754626452,0.4536535768587447,0.0012979858444265302
42.017,2.577188362366635,0.4584997726804192,0.001130296612170234
42.037,2.5638956894806255,0.46270697193890564,0.0012782471140882767
42.057,2.550731582315763,0.4663240129823068,0.0014487072038867899
42.077,2.53788881968089,0.46885495916937775,0.0015958409081631153
42.097,2.525359950221287,0.47055623321123924,0.0016062504122545673
42.117,2.5130070668780675,0.4714347483025839,0.001598104397376815
42.137,2.501163732598478,0.47169231027449643,0.0013289542408810306
42.157,2.4893708560875747,0.4707189584756441,0.0011900287847804725
42.177,2.4779642513338467,0.4694253918464052,0.0009918951187305736
42.197,2.4672343115847193,0.4676202810872809,0.0009213905344543638
42.217,2.457045572256863,0.46574988592584,0.0011697949589781487
42.237,2.4471490115449113,0.4629263959869176,0.001349195038204687
42.257,2.4369032267389055,0.4591301358313652,0.0014790393811729141
42.277,2.4266178404465806,0.45449557313381145,0.0015185962542332843
42.297,2.4165864987352434,0.449495111040204,0.0013156307995226824
42.317,2.4064447979677976,0.4434978358710399,0.0011199808684110857
42.337,2.396241470644606,0.4366931752396548,0.0008962648470215717
42.357,2.3859144746288985,0.4285803551587802,0.0011495856904074064
42.377,2.3755889487048036,0.41953481468429504,0.001616718829664271
42.397,2.3659412222569376,0.41043726946415987,0.0014009722442700767
42.417,2.3565347231300127,0.40078273335916675,0.0012852623437314414
42.437,2.347791576995511,0.38965625033734796,0.0012643867172121293
42.457,2.3395160610202446,0.37790879534530586,0.001439996197711041
42.477,2.3317618233241215,0.3650938249968573,0.0016610236383146904
42.497,2.3246809464232583,0.35263996703511813,0.001373246444576287
42.517,2.3183786555118644,0.3392507704303223,0.0012969706703341854
42.537,2.312941205962432,0.32538996457167946,0.0014141093585062492
42.557,2.3087188737860123,0.3109468481120653,0.0014792119345092836
42.577,2.3047708883454963,0.29678836001044867,0.0015419520935386344
42.597,2.3026089833189487,0.28253046521783354,0.0014435183813570895
42.617,2.3009465046807898,0.2679796683922909,0.0011934256266918075
42.637,2.300618706942673,0.252791330957306,0.0013950535004680076
42.657,2.3011992739003713,0.23788009557501094,0.001612139025889553
42.677,2.3020950694329336,0.2233438839856072,0.001449523065638253
42.697,2.304394883284064,0.20902970806756516,0.001238186698795829
42.717,2.3076766140593583,0.1946394669470644,0.001182417609289943
42.737,2.311983371181696,0.1807022803871672,0.0017457858089232337
42.757,2.3160851951148436,0.16678582199432826,0.00136931722935707
42.777,2.3217990281412795,0.153714518722513,0.0012374500017500178
42.797,2.3284206554015485,0.14117629944984947,0.0012037365479385387
42.817,2.3362797114405525,0.1284049998581832,0.0012357441872543617
42.837,2.344460100587966,0.11677934618258819,0.0017210237533720474
42.857,2.3530547449260295,0.10547729237307227,0.0014818369830397193
42.877,2.362506549841484,0.09494563483255536,0.001695614655031763
42.897,2.372288083064706,0.08459033701617116,0.0012881283173397373
42.917,2.3841855507997263,0.07495846786198382,0.0014666915509456424
42.937,2.395959199579684,0.0659799939751782,0.0018060484133647081
42.957,2.408060596407442,0.05766717803447732,0.0015716798035388668
42.977,2.420747240341478,0.050270403730964044,0.0014619151191825885
42.997,2.43454919520981,0.04371392276869331,0.0014792212641212832
43.017,2.4480663904734707,0.03805742361922759,0.0018110164268752282
43.037,2.4618567981242205,0.03323276092329039,0.0016889985068380964
43.057,2.475847123378327,0.029311863900374404,0.0015562796626086561
43.077,2.490080427994037,0.02627256558648551,0.0014209841528605438
43.097,2.504590484597451,0.024513378232098072,0.0017668666628974095
43.117,2.5184760083453313,0.02319719537919796,0.0017148505413289716
43.137,2.532194948738359,0.022323079615987056,0.001060739244569453
43.157,2.546947647208619,0.02353357581749758,0.0015065654785303972
43.177,2.5608586561659132,0.025596439425613626,0.0015119876423661804
43.197,2.574518381411702,0.027362548850321307,0.0010152751422229656
43.217,2.5891188889756798,0.031029055838986873,0.0012795275802283401
43.237,2.6034037563221837,0.03579387883613035,0.001379941616325403
43.257,2.6161102128177127,0.039709523424032736,0.0014480262677283307
43.277,2.6289077736044235,0.04433508237933986,0.001497784053312995
43.297,2.641326844485234,0.04922661732948632,0.001222126503156118
43.317,2.654145052127241,0.05569649493561892,0.0010734989781664428
43.337,2.666965476857265,0.06234511424079993,0.001501780268622771
43.357,2.6786504996798253,0.06901853875120317,0.0011654825816328207
43.377,2.691299389942514,0.07728036363914967,0.0011905195017866133
43.397,2.703573161423456,0.08567563620259219,0.0012737314602727923
43.417,2.715344587449024,0.09426110723337172,0.0009004758278261249
43.437,2.726833781364772,0.10292468330327134,0.0012092479221596508
43.457,2.738853377155735,0.11272116797477161,0.0009804963962808944
43.477,2.7503838340741082,0.12249761870041823,0.00117173969089851
43.497,2.7611572907904214,0.13159907251544475,0.0013435204065052608
43.517,2.7724662653212624,0.14173426301391912,0.0008974603807747616
43.537,2.783694806136049,0.1517308480841937,0.0012707363716859543
43.557,2.7946693614885634,0.16159646351594234,0.001253378220635204
43.577,2.805228791582374,0.17098535914950969,0.0008312477616750635
43.597,2.8159251444333218,0.1807482314930524,0.0015823511734467666
43.617,2.8263978869726007,0.18987832533857613,0.0014270486388542059
43.637,2.836722120383902,0.1989777188599094,0.0014058309936590407
43.657,2.8473375323941807,0.20829813933942443,0.0012705339262399917
43.677,2.857754842443576,0.21702974352453946,0.0017710515046560904
43.697,2.8685178599276058,0.22546637450745577,0.0013832798190575035
43.717,2.879687369958472,0.23417735261239797,0.001387593696102668
43.737,2.8904750159079944,0.2427620283940547,0.0017856387765994852
43.757,2.900868075338973,0.2508382867457508,0.0013604874589555338
43.777,2.911912467663385,0.25849804816979943,0.0016312293837724423
43.797,2.9234555861393665,0.26621787632474225,0.0015943568870499525
43.817,2.9345027719281043,0.27325336553424606,0.0014079429709364655
43.837,2.9465569086971017,0.2799844058833401,0.001638877173018416
43.857,2.9580841787200045,0.28662700152244175,0.001468070466747906
43.877,2.9698431965937724,0.2923934427039028,0.001249590808618778
43.897,2.982544107010974,0.2978991802768742,0.001248389392589755
43.917,2.9951471946843693,0.30313867887613355,0.0013730497232295746
43.937,3.007667668659358,0.30756064729897775,0.0009023350002263786
43.957,3.02094822125576,0.3113201666959099,0.001133237657459596
43.977,3.033911047329282,0.31449573050062024,0.0012242647721085742
43.997,3.047167464382469,0.3168860283527468,0.0011006639244361682
44.017,3.0607632001011975,0.31853948379682523,0.0008947427277181397
44.037,3.074892648205548,0.3192366671849013,0.0011442749343541225
44.057,3.089338063969165,0.3191631090759793,0.000979830347343169
44.077,3.103771790039881,0.31896497168889826,0.0012356787292092941
44.097,3.1175606846425326,0.3174587187413982,0.00102789815397214
44.117,3.131374636434419,0.3155405897040476,0.0009221450144983045
44.137,3.145389640837192,0.31233158022220764,0.001098478213556714
44.157,3.1591663849172926,0.3083823291993481,0.0011747055306600696
44.177,3.172673077204011,0.3035866435414673,0.0012254870146575503
44.197,3.1856999900198253,0.29815093455467845,0.0012768656457272376
44.217,3.1984685010653764,0.29151284176054243,0.0012079815842124808
44.237,3.2112547790679926,0.2841374793568313,0.001359286337246829
44.257,3.2232762795537786,0.27579163247807775,0.0015020774638034862
44.277,3.235111955401736,0.2669010371359457,0.0012430426732690791
44.297,3.2460112823138485,0.25738073539714235,0.0010514088041404246
44.317,3.2566832997465416,0.24659305141777976,0.0013993685859632066
44.337,3.2668359446870205,0.23621692843157996,0.0013081664316563768
44.357,3.275620011633121,0.22551337134999153,0.0011853019291748201
44.377,3.2841586041992668,0.2141668151155719,0.0011556967363172133
44.397,3.2921100681311164,0.201420638875473,0.0012656031480278718
44.417,3.2992808215124687,0.18979575669755183,0.001016127542846107
44.437,3.3059626320950146,0.17767888481988345,0.0013553594456375273
44.457,3.3117429011236204,0.16406527407003413,0.0014428373739840405
44.477,3.3168434413556875,0.15175353037588288,0.0010802762632540486
44.497,3.3214774746553952,0.1385099717701135,0.0013167787204557135
44.517,3.3259484148340737,0.12504624220978544,0.0010482635574413368
44.537,3.3293372569325044,0.11131622994051618,0.00112898450422097
44.557,3.331693343450984,0.09813725650759102,0.0009241084318724058
44.577,3.3339637577728523,0.0855991437277637,0.0010642557856226642
44.597,3.335527750390285,0.07062805302510235,0.0013015948653877507
44.617,3.336946018271952,0.056507146985150844,0.0012666256308666302
44.637,3.337800574714004,0.04268335108647592,0.0011403822121686391
44.657,3.338258392955579,0.028022921472050114,0.0011597201826940295
44.677,3.3379302090386247,0.013576051585071566,0.0013017598625077453
44.697,3.3375146844757566,-0.0008380671106151538,0.0012832029150103008
44.717,3.336805707292719,-0.015189703844238893,0.0014053731941797154
44.737,3.335700943306435,-0.029651111082901006,0.001214628104238752
44.757,3.3343037781434033,-0.04359520664009349,0.0015840712766770904
44.777,3.3320851641989364,-0.05747319435015591,0.0014990705840219054
44.797,3.329777231334641,-0.0716900577081889,0.0014700662904053863
44.817,3.326947848893324,-0.08538550587506591,0.0014044371802927613
44.837,3.3236660203249375,-0.0992431768453979,0.001533449084380939
44.857,3.3202993985389857,-0.11284781881273925,0.0011126421935711561
44.877,3.3159025450796618,-0.12596097719374041,0.0015830614861728487
44.897,3.3108869854298586,-0.13868897520191686,0.0013402911265956996
44.917,3.3059657113686542,-0.1518135829450175,0.0015153835702171325
44.937,3.300300177293355,-0.1637545311788674,0.0008706340481343111
44.957,3.2938650753666407,-0.17576517723878188,0.0013493331121757768
44.977,3.286633354269174,-0.1874332345801923,0.0011880430946345222
44.997,3.2790419515448153,-0.1992955962677704,0.0017170128164298026
45.017,3.271574842378754,-0.20961146856516105,0.0010083259007563905
45.037,3.2629365181985226,-0.22020320175269578,0.0012147533138479882
45.057,3.2530587246050326,-0.23010528029531324,0.0013193487199533727
45.077,3.243317874211388,-0.23990807634566935,0.0014261994263895794
45.097,3.232688798064363,-0.2482905957329836,0.0012776640341182754
45.117,3.2215199190353516,-0.25682715070533674,0.0009422608880359784
45.137,3.2094978633173783,-0.2642672337554062,0.0012531793460441865
45.157,3.197152333369027,-0.27107101223800106,0.0014556618549333156
45.177,3.1848493914901077,-0.27713678671517045,0.0014578930429429704
45.197,3.1719950995311414,-0.2820183010120444,0.0013606822184946132
45.217,3.1584354715183705,-0.2862072913488914,0.001291726946847177
45.237,3.1446196317436126,-0.28952757930389744,0.0016182850593318976
45.257,3.130700678307742,-0.291998063995009,0.0017188099593873907
45.277,3.1169309790182447,-0.29361423485556254,0.0018365335176060982
45.297,3.1034962075644907,-0.2948656082531116,0.0012433518286821543
45.317,3.0886978870786588,-0.2942365464963502,0.0014855134800199343
45.337,3.0744554499441703,-0.29293680353248813,0.0017791488020276192
45.357,3.060477640659331,-0.29089591589022734,0.0017335503673744646
45.377,3.046894768653809,-0.28820119756740664,0.001494049438883649
45.397,3.0333537307657195,-0.2842176524638799,0.0013482236699987604
45.417,3.019758852289922,-0.2791943296424858,0.0015994374214778062
45.437,3.0068523685162445,-0.27396170456983376,0.0014900230303274142
45.457,2.994488229704132,-0.26738892918847457,0.0016068634507267476
45.477,2.982233607307087,-0.26063030323510433,0.001108365239385345
45.497,2.9702190662602654,-0.25207852858255997,0.0014067659437091151
45.517,2.958994640862447,-0.2430226567895839,0.0015282663069037805
45.537,2.9478120652422595,-0.23378994449970739,0.0014095446047396598
45.557,2.9383542035403525,-0.22358703398068402,0.0010745267004304282
45.577,2.9291240670448886,-0.2131643458274929,0.0013362353397816662
45.597,2.920202507000274,-0.2007914482318184,0.001269392394148472
45.617,2.912304614396003,-0.1892359127877775,0.001968011083553961
45.637,2.9045419948330076,-0.17769854861668366,0.0015213874085146795
45.657,2.898210907475891,-0.16596529921735198,0.0010164780118561423
45.677,2.892720932776534,-0.15316467010660878,0.0013537207698298415
45.697,2.8879715933668844,-0.13898651725917865,0.0016628977070128337
45.717,2.8839308114622835,-0.12561116595829952,0.0014973379396631403
45.737,2.880731875680519,-0.11218079792239224,0.0012972266577408187
45.757,2.879094503159409,-0.0973686502059828,0.0013756214556737978
45.777,2.878259982367915,-0.08289818284015296,0.00129226586381892
45.797,2.8775880480197644,-0.06829642617271431,0.0016079005255119905
45.817,2.8780130836847997,-0.05387684529965797,0.0013991889570462435
45.837,2.879218744584837,-0.04004454889322856,0.0009222736200266424
45.857,2.8819972129430056,-0.025575271521401176,0.0013960199536248719
45.877,2.885775237642532,-0.011407822423736669,0.0012374601551319309
45.897,2.889377061216551,0.0025401059773665427,0.0014886700955210885
45.917,2.8942614444521686,0.015891679088083317,0.0008399689304818825
45.937,2.900172692216231,0.029283661222069417,0.0010131109953261663
45.957,2.9072157442532833,0.04249965054930932,0.0009580371950345945
45.977,2.91421403078285,0.05523639093381636,0.0011497032509074356
45.997,2.922170719407315,0.06681338770015159,0.001078706832465387
46.017,2.9304289214084513,0.07786221949564011,0.000631415631362986
46.037,2.9404576555921684,0.0888581668770079,0.0011463161923403464
46.057,2.950703216505247,0.0988819355528842,0.0013839784128339139
46.077,2.9605543467452047,0.10896126733893738,0.0011702433311361338
46.097,2.971967968679903,0.11736290157972781,0.0010890428077246495
46.117,2.983416407205039,0.12521904648273557,0.000920884591289417
46.137,2.996393584114376,0.13250113412937856,0.0013179454701793547
46.157,3.009109706160592,0.13930325687482067,0.0013523544534453091
46.177,3.022162612036525,0.14509221014512214,0.0013540587160233153
46.197,3.035605121441141,0.15015823690049265,0.0011073411194084393
46.217,3.0499488952799316,0.15403147689234023,0.0011577672894718949
46.237,3.0639491985655996,0.15705886885256548,0.0014624401604324822
46.257,3.0783312548002066,0.1590773589716566,0.0015438170710314059
46.277,3.092628309166711,0.16044948855381955,0.0014326233260623933
46.297,3.1071551394973356,0.1609932328892826,0.0011654393362574844
46.317,3.122291488923159,0.16023450614229953,0.0013892517221741618
46.337,3.1365590181763916,0.15912022981558718,0.0013262721748888429
46.357,3.1509927123567207,0.1564681525389633,0.0014161549893959846
46.377,3.1651982173707327,0.15339322989179718,0.0010439928826679878
46.397,3.1794537760504404,0.14909871692494306,0.0011657078464619997
46.417,3.193056737748085,0.14427628945326582,0.001341069751507773
46.437,3.2061798208147416,0.13849091021889892,0.0014086427590227768
46.457,3.218774535831949,0.13237057320169038,0.0011308826716384945
46.477,3.23111234257035,0.1250527033917641,0.001037770139537847
46.497,3.2430639796522436,0.11653037516709829,0.001172648917235758
46.517,3.2544075672657824,0.10768413881450749,0.0015269613928838854
46.537,3.2655304891040284,0.09835680353488255,0.0011664928348018022
46.557,3.2751797364220416,0.08817857929894915,0.0010153925025054855
46.577,3.2847599121218782,0.07722891801202512,0.0011367759105569142
46.597,3.2940552775308753,0.06560714180477827,0.0015600163058023808
46.617,3.302127960909952,0.05451182958673352,0.0011222937359059992
46.637,3.3095439823882122,0.04294134992897211,0.0017305855328336173
46.657,3.316542055062397,0.030361227678094363,0.0012340965982005347
46.677,3.3222026165442906,0.01723558907846312,0.0012941479019201174
46.697,3.327561781148266,0.0047637857807383,0.0015883235171575694
46.717,3.3316663877273216,-0.00918345635448483,0.0014838615066517236
46.737,3.3350480205103086,-0.02261645112229284,0.0010790327794160948
46.757,3.3373175065973686,-0.03708476963160908,0.001476088974133677
46.777,3.338336626555216,-0.05198789899017783,0.0013893337012926554
46.797,3.3392360551334184,-0.06617313987046769,0.0016630590341618623
46.817,3.3390042908245436,-0.08037276011551892,0.0011578152730367663
46.837,3.3376215090685606,-0.09483096698233981,0.0010751496594275656
46.857,3.3352661626351687,-0.10940499066476658,0.0011279707588666144
46.877,3.3324465548436115,-0.12344401221537207,0.0012769083158485905
46.897,3.3287240098833255,-0.13702839377510584,0.0014568152706192494
46.917,3.3243843229948373,-0.1497220764471182,0.000711156246465533
46.937,3.3187386882600447,-0.16308787061615476,0.0012901714934510644
46.957,3.3119025877918995,-0.17584506040082687,0.0013522807849972729
46.977,3.3054748291473857,-0.1883437457682895,0.001538160405765071
46.997,3.297950099176974,-0.19982340182281938,0.0011966698277799115
47.017,3.289884613047323,-0.21122298772261325,0.0011113633401824419
47.037,3.280071217908429,-0.22227666306616017,0.0013880686866208358
47.057,3.270357012865558,-0.23278283181536136,0.0014059951479877264
47.077,3.2601622479681844,-0.24197721788953755,0.0014265486798247795
47.097,3.2496900438199896,-0.25041725860280517,0.0012528349747008838
47.117,3.237670966596473,-0.25847966771744124,0.0013886166614330564
47.137,3.2254413715481345,-0.26561109290944573,0.0017853192652653171
47.157,3.213016526160448,-0.2724100119817235,0.0015375680074402875
47.177,3.200032013218837,-0.27772715825827915,0.001744195453709907
47.197,3.187390407771555,-0.28274468751522325,0.001246766295047247
47.217,3.172963342933438,-0.2865261342121914,0.0016181774435379548
47.237,3.159280120601804,-0.28976487689954483,0.0016291369726674498
47.257,3.145355917647906,-0.2916630622405151,0.00173466047267673
47.277,3.1314891261003734,-0.2929821653901395,0.0013639317385921446
47.297,3.117212438002896,-0.2931624512047422,0.0013983470567141276
47.317,3.1031995869736253,-0.2924362739138501,0.001515941097044754
47.337,3.0893728287024356,-0.2909037744702568,0.0016598729421287706
47.357,3.075580662246791,-0.2882626996756456,0.0015222467290123276
47.377,3.0621897547438546,-0.2850063670740773,0.0013512972541437906
47.397,3.048686362889043,-0.28057434565980577,0.0013140981574314703
47.417,3.035695731403386,-0.27568633349184063,0.0015792251471752061
47.437,3.023097065050268,-0.26952176016063545,0.0015808813146014067
47.457,3.0108914836853966,-0.26295758549817055,0.0015839874229738038
47.477,2.9990033548007484,-0.255753635375627,0.0011637297154050985
47.497,2.9873476709114692,-0.24722737926528876,0.0017036554238329948
47.517,2.976264830650036,-0.23848720001991164,0.0016167954818271935
47.537,2.965943745356227,-0.22900841261839944,0.0015298622919225069
47.557,2.956440468345597,-0.21870411340197318,0.0013685427942303208
47.577,2.947587049587299,-0.2077604121016315,0.0014130544982093318
47.597,2.9394854925414733,-0.19642250305137055,0.0017134379798090515
47.617,2.9320541089831553,-0.18485485759031312,0.0015625726186101196
47.637,2.925721342440878,-0.1725390690264344,0.0015210029668097647
47.657,2.9198518051769256,-0.1598904192341789,0.00147104089774161
47.677,2.9151183494375434,-0.14595581954038944,0.0013325182235954802
47.697,2.9103903412954866,-0.13275042827059574,0.0017852895572348093
47.717,2.907165286476558,-0.11886040824190078,0.0012361812578767506
47.737,2.9050639538039227,-0.10520243164463575,0.0014072708728087302
47.757,2.9038744180666005,-0.09103881795109686,0.001290923054309695
47.777,2.9035710384576956,-0.07638293329708208,0.0013307458329793742
47.797,2.903918337541319,-0.062179008527467536,0.0012839856637258118
47.817,2.9051527261398746,-0.04800458070290872,0.0013372272535453478
47.837,2.9072636898853803,-0.03445927193161687,0.0009524737384790927
47.857,2.9103193475717313,-0.02056313916324659,0.0011661249261178952
47.877,2.9142242727312895,-0.0070906630588739444,0.0011443739080587434
47.897,2.9189726145997548,0.006184831308668329,0.001053652826073559
47.917,2.924754403134413,0.019061639632494694,0.0007303241466067867
47.937,2.931907462229055,0.031982690516752676,0.0011428853715738096
47.957,2.939362989632491,0.0440886090179387,0.0012568260939422315
47.977,2.947134364934342,0.055676637159346724,0.0010797566431801908
47.997,2.9559282061911163,0.06686246721733197,0.001044683688305681
48.017,2.9654966982727573,0.07758778402735356,0.0012318741280588907
48.037,2.975863481427526,0.08757100745255998,0.0014795833270819791
48.057,2.9862079301006097,0.09757564921615967,0.0012178195388313218
48.077,2.997522220286898,0.1061266413251765,0.0012837455046519064
48.097,3.00943965586922,0.11385544623200815,0.0011631949980084322
48.117,3.0225246255216636,0.12113566528986099,0.0013090408068526238
48.137,3.035524902863913,0.12741200389080595,0.0017718489108508317
48.157,3.048385066633812,0.1336003129000295,0.0013546624964450582
48.177,3.06165777484374,0.13808621914889474,0.0011456356704435955
48.197,3.0754017885052183,0.14163923583492205,0.0012598500413260327
48.217,3.0898685177562775,0.1445702492719695,0.0013363152308545623
48.237,3.1041642611072726,0.14671936510015468,0.001393025819857785
48.257,3.118422495472996,0.1479778519874826,0.001277203286330103
48.277,3.1327345741917045,0.14828145475746787,0.0009833316390885638
48.297,3.1474324205562625,0.1474574998232095,0.0010491725465394675
48.317,3.161772701362349,0.14598484491730007,0.0014265967119252432
48.337,3.1759116058351946,0.1438367497580436,0.0012493250517452703
48.357,3.1891717034648477,0.14106594086330923,0.000958225240737437
48.377,3.202815195190972,0.1368169699386259,0.0010138750644685945
48.397,3.2168073740458967,0.1312610876269111,0.0011394527994600112
48.417,3.2299142126718343,0.12567546598855694,0.0015063627028907012
48.437,3.242622235791585,0.11936449026057606,0.0011826207907788266
48.457,3.255064871274186,0.11207732244178384,0.0011042552362395264
48.477,3.2671510496281395,0.10370416659798232,0.0011249276870491653
48.497,3.27860100182218,0.0950664325859481,0.0014643251605121754
48.517,3.2894113647119343,0.08541860420288507,0.0014482485707110748
48.537,3.299675881611336,0.07570814091483324,0.0012906321419789701
48.557,3.308994783641147,0.06468556530919392,0.0011454085280392656
48.577,3.3180172045799883,0.05274199663006379,0.0014284532119098747
48.597,3.3261986965883534,0.041282296403198734,0.001384646715457294
48.617,3.3334223718326603,0.028853883568555116,0.0015292188061701018
48.637,3.340036911545664,0.016509454502982933,0.0010039400074176863
48.657,3.345871244022896,0.0025898230669640643,0.0012410351977887313
48.677,3.350666723007514,-0.011329244361225552,0.0011631474714583478
48.697,3.354838262789893,-0.025029019455789264,0.0015227670035481977
48.717,3.3582311413902444,-0.038932390282050616,0.0012030177731247038
48.737,3.360058050448672,-0.05319886081180736,0.0008293266438334501
48.757,3.3617716774414306,-0.06797598287272283,0.0012001784216126021
48.777,3.3621544315830607,-0.08193663420068699,0.0011147800117184414
48.797,3.3621569387049024,-0.09591616471103673,0.001134068377472569
48.817,3.360608790020974,-0.10959464537268378,0.0006833248984951523
48.837,3.3582086139209593,-0.12393201148282783,0.001300959858666656
48.857,3.3544271107610872,-0.1382413450592103,0.0012725048360856528
48.877,3.351091346128826,-0.15215254839083406,0.0015076309512377095
48.897,3.346638550453439,-0.16571632153733096,0.0011176209037833118
48.917,3.340690443828096,-0.1787604405749833,0.0009795801347735889
48.937,3.3341806256819604,-0.1918835544549268,0.0011605870507083726
48.957,3.326832098327939,-0.2042332344261412,0.0014061971350989855
48.977,3.3190912384312314,-0.2157438777266887,0.0014818808427924102
48.997,3.3109986022987976,-0.22667653891977868,0.001189719363238334
49.017,3.30120000944603,-0.2375509813299011,0.001463185711120002
49.037,3.2908232862352693,-0.24761772581078945,0.0018167421542432394
49.057,3.280789831601313,-0.25762481970627205,0.0014730797943705576
49.077,3.2693205404331045,-0.2659977092974538,0.0013700672963908589
49.097,3.257701203989429,-0.27365679128808446,0.0013616041436156912
49.117,3.244797452419122,-0.2810118747064063,0.001473194369291525
49.137,3.231936558134433,-0.2875937314147569,0.0015920410531256313
49.157,3.218766924866361,-0.29296266442207713,0.0015272317622558595
49.177,3.2057299731515005,-0.29761206256551503,0.0012512438291253647
49.197,3.191714079148211,-0.3013358071617179,0.0012307578489857418
49.217,3.1773687708773726,-0.30420984127552503,0.0016680132422965677
49.237,3.1633157446891693,-0.30637423243411877,0.001531133448662264
49.257,3.149561330888246,-0.30767825701614915,0.0014721905415120973
49.277,3.1356535670696295,-0.3081074650544429,0.0011167730504720308
49.297,3.120866299655713,-0.3069286480021353,0.0012313442545391073
49.317,3.106740703826827,-0.3052462407513846,0.0017729679374777485
49.337,3.0926938354635984,-0.302899118682195,0.0014025947698505792
49.357,3.079362928169848,-0.29966600042582975,0.0014199026646329882
49.377,3.066069013232239,-0.2955191213955253,0.0012520016514123156
49.397,3.05268000834413,-0.29029561120890357,0.0016915361582188482
49.417,3.03996543585583,-0.2845415071111336,0.0014659534255165307
49.437,3.0275736617330162,-0.27789893342360045,0.0017119406378552082
49.457,3.0151113829827394,-0.2703195189122145,0.0012784653619853092
49.477,3.0031830690552237,-0.2614417706494768,0.0015233232742055958
49.497,2.991982046928696,-0.2523992252790866,0.0018554470764395314
49.517,2.981494168172654,-0.2426075127072409,0.001712189030747019
49.537,2.972028292420217,-0.2330465362952176,0.0012542954581703514
49.557,2.962942232066141,-0.22182559015508366,0.0015908868815079358
49.577,2.9544593155372136,-0.20935571344963236,0.001652158109991253
49.597,2.9466089765149475,-0.197479248850548,0.001830546355070295
49.617,2.9394976950284533,-0.18547737197190134,0.0013709818529729911
49.637,2.933679749594111,-0.17226671885505881,0.0012327496324270604
49.657,2.9284453847960745,-0.15868609639906425,0.0013717927238267313
49.677,2.9239672494129114,-0.14527869375173288,0.001411703542381626
49.697,2.9202949124693833,-0.1315815337218904,0.0013069171027703108
49.717,2.9176531313461953,-0.11761169111133304,0.0010041986360741773
49.737,2.9161520938012635,-0.10310806287490143,0.0012153219779589275
49.757,2.9155560360289225,-0.08869184142368002,0.0011466606646453048
49.777,2.9151750946317425,-0.07457388433382976,0.0013316144496698934
49.797,2.916091549433509,-0.06052293732545126,0.00115388689030968
49.817,2.9179051532488445,-0.04678176022841686,0.0008901260756188079
49.837,2.920785387715523,-0.032541437432780845,0.0013076159826092282
49.857,2.9245759748755478,-0.01893131969830031,0.0013399127265137645
49.877,2.9286693111562547,-0.005362166847104832,0.001276334110643318
49.897,2.933773048388362,0.007599576912279256,0.0013648229523036959
49.917,2.939818035928558,0.02022557539117176,0.0012515261069748485
49.937,2.9465514627245217,0.03312157757288691,0.0014867101771076086
49.957,2.9543386517981456,0.045086479468518625,0.0015490682273971434
49.977,2.962725812228876,0.056849970118701396,0.001323717222495746
49.997,2.9720533735462182,0.06808795067952864,0.0011040522356716431
50.017,2.9826424980257387,0.078789880303196,0.0013760477366958346
50.037,2.9935058548207234,0.08902690021519066,0.0015519589151803959
50.057,3.0045175724763036,0.09829298961079123,0.0015309044901621605
50.077,3.0154459938873734,0.10675749228694761,0.0011940035465177745
50.097,3.027504432829906,0.11433763080118692,0.0012869356827675538
50.117,3.0400026418734405,0.12136054568787392,0.0013577137208704015
50.137,3.052787476073495,0.12728472882374386,0.0015148849802130437
50.157,3.06594408858012,0.13257846273184548,0.0013263529369445803
50.177,3.078743291661617,0.1369732840222556,0.0009068976759558367
50.197,3.092813441074054,0.14025118209261933,0.0012616949069664818
50.217,3.1067737447977968,0.1429407577432884,0.0013995020075333597
50.237,3.1207479312812323,0.14472547085262413,0.0013061633004338713
50.257,3.134817525282896,0.14541153103543383,0.001242838889793374
50.277,3.1488987680489133,0.14536575572047988,0.001044711212559335
50.297,3.163847451243288,0.14398013081520775,0.0012778988569514815
50.317,3.177847752659083,0.14212817218385343,0.0013112879414357292
50.337,3.191803942674384,0.13940055577660374,0.0014316137948197638
50.357,3.205621742829461,0.13565838894640964,0.0011589513422251563
50.377,3.2195739947588917,0.13091216988375015,0.0014036383009063125
50.397,3.23272823522912,0.1257387349708068,0.0012700823708314823
50.417,3.2459459875370835,0.11934711988333205,0.0016384182901951205
50.437,3.2586530812069907,0.11236356327367558,0.0013397731618332298
50.457,3.2704949900837876,0.1047909161254827,0.0012370172731207274
50.477,3.2823968979718994,0.09573267926744893,0.0013865262705359538
50.497,3.293587612290831,0.08674463802287921,0.0014102016872233614
50.517,3.3038705892600513,0.07696823200283699,0.001230084197961362
50.537,3.3138672359580252,0.06646378534468889,0.0010812118010358751
50.557,3.3231769156481046,0.05492567162602903,0.0011120850950532557
50.577,3.3319298351738253,0.043379536916408654,0.0013486050189778498
50.597,3.339615868025558,0.030676919221110856,0.001300293221965565
50.617,3.3464945507093535,0.018381978633743287,0.0008481149908774188
50.637,3.3524854391342354,0.005260008740621339,0.0011341301163548534
50.657,3.357383342872333,-0.008669837107178495,0.0009119999543935331
50.677,3.362322279451428,-0.022099508563673164,0.0015258659411994946
50.697,3.3658249706497094,-0.03541097523309069,0.0008056130063983369
50.717,3.3685675142289764,-0.04918505538014566,0.0008667694380586621
50.737,3.3702684409557224,-0.06327204382005641,0.0009061712847719117
50.757,3.3711245216383086,-0.07733739158771318,0.0010701030036246728
50.777,3.3711037542349995,-0.091281973647043,0.0010723019903598197
50.797,3.3701114290389844,-0.10522613015377258,0.0009513530859130148
50.817,3.367982203504764,-0.11936998713836514,0.001002171638725624
50.837,3.364855620577048,-0.13368623919698736,0.001229026329858468
50.857,3.361455649102066,-0.147609657854209,0.001224199735614051
50.877,3.3570027690337887,-0.16113469583279258,0.0012167291351624643
50.897,3.3514946162040022,-0.17446447246103264,0.0010695525789944094
50.917,3.344807175042313,-0.18770544524563165,0.0012582752550771292
50.937,3.337668437165275,-0.20035353403076214,0.0014459913638312505
50.957,3.329656598129891,-0.21253592842726196,0.00149505522828014
50.977,3.3210771018414724,-0.22424481984838263,0.0014161290991943631
50.997,3.3119789721360777,-0.2355361865027381,0.0011387582306928712
51.017,3.301513306574413,-0.24632039283482354,0.0016106202705649109
51.037,3.291610808653763,-0.2564987518689091,0.0013690989711326873
51.057,3.2808502044124848,-0.2654990917523655,0.0015459152335224047
51.077,3.269631280007517,-0.2740862207257031,0.0010634902476898689
51.097,3.257440216518638,-0.2815723113940488,0.0011706837566122785
51.117,3.2449286593917535,-0.2883022556133303,0.0015233038584709646
51.137,3.232102484999575,-0.2944526813847928,0.001439982858434663
51.157,3.219674527760408,-0.29962414684741734,0.0011799198777176778
51.177,3.2067660581908117,-0.3039458338346915,0.0011560616982355665
51.197,3.1920472159110953,-0.3071344467849018,0.001198223342954996
51.217,3.1783100715756314,-0.3096612384295442,0.0017033416392981393
51.237,3.1645281609409777,-0.3114844432394509,0.0014334125486827332
51.257,3.1510176890342176,-0.3123777110500417,0.0014345383634629394
51.277,3.137121014772173,-0.31244462294215175,0.0012890943624142004
51.297,3.1233229291393494,-0.3112483079943539,0.0014847164741068342
51.317,3.1093660304157806,-0.3093077631790758,0.0016948087509217336
51.337,3.0955767541711534,-0.3063445545821804,0.0015115563084428796
51.357,3.0821340118224625,-0.3028099673375207,0.0013959831311851634
51.377,3.068154286138788,-0.2974030765933724,0.001469548938308085
51.397,3.0548952805255323,-0.2919855939439007,0.0021122921014745943
51.417,3.0419752683511345,-0.28614312120775426,0.0014698279552369797
51.437,3.029407971971757,-0.27854780259037865,0.0015795038706944153
51.457,3.01714903100997,-0.2703375714942842,0.0015241343289774112
51.477,3.005970728044615,-0.2612051658512693,0.0013839180433947162
51.497,2.994967819444837,-0.251945062796346,0.0018238350401154624
51.517,2.984672573951453,-0.2420011301677032,0.0013310818524065737
51.537,2.9753433725317056,-0.2319854735015253,0.0012602612829322735
51.557,2.9665023751024893,-0.22038512415053815,0.0013094435391090287
51.577,2.9582978013240933,-0.20927778144025555,0.001400254592790362
51.597,2.9512380041040065,-0.19720229452534577,0.0014205452619561465
51.617,2.944642392703664,-0.18544120216968943,0.0010597066654876586
51.637,2.9391744975222203,-0.17288536354328912,0.0011132468157985242
51.657,2.9341900246784367,-0.1595145396650836,0.0014085223631767896
51.677,2.9301812885071397,-0.14654618489238178,0.0012735476598175755
51.697,2.927045813276112,-0.13316083542669224,0.0012482266947208276
51.717,2.9249585898276864,-0.1194644198103401,0.0010715589978699536
51.737,2.923895455784449,-0.1049775403191349,0.0012165393004272274
51.757,2.923199157266043,-0.09088712297088224,0.0014269202014238203
51.777,2.9236707893968874,-0.0769325828321811,0.0012252784779641646
51.797,2.925235994451467,-0.0628324575614202,0.0011255360061293296
51.817,2.9281192012751034,-0.04814036116308747,0.0013265912451085882
51.837,2.9315778736067806,-0.03406305722482579,0.0015933207972770869
51.857,2.9356031870376933,-0.020345190542608915,0.0014405849898050105
51.877,2.940587182633755,-0.007199666673515355,0.0014396338846752732
51.897,2.9465385569406592,0.005636099334986128,0.0013020729618372917
51.917,2.953602935963817,0.01851780097668987,0.0015148652025573917
51.937,2.960797575536686,0.030696868010994117,0.0014932572626006058
51.957,2.9690489654860297,0.04215545973771259,0.001646492670300398
51.977,2.977778216360894,0.05326889450291271,0.00121790707292746
51.997,2.9877730041266624,0.06377567079245502,0.001332756128876289
52.017,2.9981499610508147,0.07385640397158269,0.0015479891995418271
52.037,3.0088860388597327,0.08307467566897886,0.0015115241460154083
52.057,3.0201292881680137,0.09149400823315226,0.0013175795171113391
52.077,3.0319448909689153,0.09889920569401842,0.0010499417475334227
52.097,3.044883417679834,0.10570431252092369,0.0012745965474285081
52.117,3.0573197847483087,0.11181902854782377,0.0014404449285778942
52.137,3.0703102494906522,0.116912876987193,0.001440101560460899
52.157,3.0830647886514884,0.12139116167827046,0.0010709125417199539
52.177,3.097314189937938,0.12479835013204738,0.0012234267920230857
52.197,3.111143401938478,0.12757499081845008,0.0014372445684902313
52.217,3.1252563477007826,0.12950472904020718,0.001629373429632014
52.237,3.1394188135843897,0.13056353494353484,0.001334764516743303
52.257,3.1536815261242177,0.13064393905500005,0.0011718851023886645
52.277,3.1686613526901257,0.12923301883196606,0.0013108608032228186
52.297,3.1829797646884375,0.12734481002942233,0.001947482519845306
52.317,3.196952709624884,0.12523768273867783,0.0014631961939833016
52.337,3.211004662974316,0.12159153809838569,0.0013818973902698928
52.357,3.2245164365703944,0.11718837470574095,0.0010583029307243697
52.377,3.238323227018956,0.11221525022703938,0.001840271305823954
52.397,3.2515280994956623,0.10635583368524718,0.0014351151891751623
52.417,3.2638576749359354,0.09992204155663825,0.0014097090526903056
52.437,3.2757355199149263,0.09292264549050099,0.0010990862295431614
52.457,3.287638205256099,0.08394824651003406,0.0010575832192118717
52.477,3.299014100625684,0.07514079105138026,0.0013706617411721744
52.497,3.309332759470822,0.06547194021974642,0.0011421209321821335
52.517,3.3190783847291745,0.055843208231919614,0.0009454394252726983
52.537,3.3283158781408146,0.04421697603131626,0.0011409143885644513
52.557,3.336466579516106,0.03232892032935891,0.0008494811526866819
52.577,3.3446204499629584,0.020616038904445286,0.001349880489669275
52.597,3.351769969964453,0.008312599872838916,0.000959777928885519
52.617,3.3581988769623816,-0.003837609570697502,0.0006877464229211316
52.637,3.3633929297926293,-0.016981374517870074,0.0010471703980803604
52.657,3.367847153723789,-0.030104700365051522,0.0010481453575379718
52.677,3.371515207774159,-0.04366783532597842,0.0011043512611998152
52.697,3.3741575372400314,-0.057192016161783515,0.0009207983587883606
52.717,3.3759765521077125,-0.07113213821250847,0.0011469322695209505
52.737,3.376604469594295,-0.08564890931448005,0.001285518643899558
52.757,3.3769278594975605,-0.09980804543064348,0.00125007671650737
52.777,3.3759450591586897,-0.11394416326140683,0.0011739865251925996
52.797,3.3740364266200364,-0.12832130387794147,0.0009945871416601193
52.817,3.3709311298694398,-0.1432534148869361,0.0012751775656990316
52.837,3.3675706099794454,-0.15729526694100046,0.001353659062280882
52.857,3.3630892397963343,-0.1709505348353975,0.0014455998089719369
52.877,3.3580814645123502,-0.18455175267715257,0.001091184590402916
52.897,3.3517511463121767,-0.19780619708678654,0.0013235739628070509
52.917,3.344718243982246,-0.21017379556330557,0.0014309092018914282
52.937,3.337400675605404,-0.22264568275011132,0.0012675146353930689
52.957,3.3284778113113274,-0.23392875335099123,0.0012232239933336608
52.977,3.3194625484826683,-0.2447813844605825,0.0009513709289505901
52.997,3.3090292281445883,-0.25547305765317424,0.0012529348201379686
