timestamp,x,y,z
6.491,1.992260449221909,0.00029273511457126325,0.0012238475049758946
6.511,1.9922602323512562,0.00029350824199907903,0.001223766995684994
6.531,1.9922584940927968,0.0002929709381275045,0.0012210133347645147
6.551,1.9922572416383126,0.000296867612141829,0.001222703274839726
6.571,1.9922569355179507,0.00029954423750694884,0.0012224317685742003
6.591,1.9922561535759487,0.0002987677702518198,0.0012240467418959677
6.611,1.9922562940060577,0.0003008028675627222,0.001224410520120428
6.631,1.9922540620613531,0.000301002560395477,0.001224370646617401
6.651,1.9922529197150964,0.00030125592078364074,0.0012241000440086358
6.671,1.9922538329039572,0.00030260266522649895,0.0012242219476527039
6.691,1.9922519506703396,0.0003043840935988436,0.0012240506764575332
6.711,1.9922519778065448,0.0003051940465770518,0.0012200233041881614
6.731,1.9922535174095668,0.0003074960607138958,0.0012236808762973173
6.751,1.992256371135885,0.0003109781520678186,0.0012235051810215447
6.771,1.9922563388544499,0.0003117505229695265,0.0012235756202421955
6.791,1.9922539449709515,0.00031211147802103417,0.0012242680098841496
6.811,1.992254292520629,0.0003121891376161885,0.0012218324824682658
6.831,1.9922486660974754,0.00031365179167261936,0.0012202254774568988
6.851,1.992243775914087,0.00031485491439846606,0.0012240408907819023
6.871,1.992240216957478,0.0003153001589692487,0.0012226206304984388
6.891,1.9922428841817559,0.0003186809379228512,0.0012220520927821443
6.911,1.992239531504296,0.00031783403706530267,0.0012245094181907445
6.931,1.9922369493493275,0.00031762291866837606,0.0012248534890376972
6.9510000000000005,1.9922354753597298,0.00031790741710343396,0.0012248933238068194
6.971,1.9922329793601727,0.00032217816147777885,0.0012208214520499638
6.991,1.9922249179469274,0.0003221440572844839,0.0012243517843606722
7.011,1.992228362426541,0.0003223899471389036,0.0012235260068903242
7.031,1.9922255070242438,0.0003242332085486232,0.0012248499132346269
7.051,1.9922256328521415,0.0003267648187357137,0.0012149972554125477
7.071,1.9922270453145223,0.0003275030516182764,0.0012227039991479782
7.091,1.992231444689852,0.0003313227959050694,0.0012243193013457554
7.111,1.992227714274957,0.0003327796074747907,0.0012235025511225794
7.131,1.9922275364024185,0.0003346738977108764,0.001224803907837746
7.151,1.9922289408561598,0.00033708000876515984,0.0012256579425841962
7.171,1.99223327651381,0.00033933711515064357,0.001225052896891815
7.191,1.9922299393849456,0.0003397570392676335,0.0012251366019051801
7.211,1.9922294423147098,0.0003426038574726287,0.00122483913586513
7.231,1.9922308396133082,0.0003465620862187728,0.0012188504431218383
7.251,1.992233089515338,0.000347384246010039,0.0012209005512522353
7.271,1.992231896084595,0.00034801183547199797,0.0012254030638475244
7.291,1.992229280908634,0.0003487360221120659,0.001225348093631451
7.311,1.9922300061485334,0.0003479513727234667,0.0012254246917932365
7.331,1.9922286802464468,0.0003528397999844326,0.001225209042492209
7.351,1.9922310926602023,0.0003530307206493499,0.001225544844004084
7.371,1.9922281223100637,0.0003543112910567743,0.0012180104877944076
7.391,1.9922282989292215,0.0003570226800074688,0.0012242619289621615
7.411,1.9922307695808072,0.00036084460074931057,0.0012238475056172426
7.431,1.99223215101487,0.00036087886282458866,0.001225531861170831
7.451,1.9922302119327064,0.00035932999602293966,0.0012233228050345102
7.471,1.9922287153420688,0.0003623823470135141,0.001225696559605971
7.491,1.992226257864344,0.00036483295640844473,0.00122578852880606
7.511,1.992224790025454,0.00036608139300489965,0.0012257649850125896
7.531,1.9922263150180965,0.00037021697748364706,0.0012194414626047478
7.551,1.992228574350251,0.00037102632618620207,0.0012214300245884657
7.571,1.9922273750704014,0.0003716702868347605,0.0012259206622987906
7.591,1.9922247773513544,0.0003724009819736287,0.0012258653033362377
7.611,1.9922254805624637,0.0003716167698016063,0.0012259424296088006
7.631,1.9922242623643491,0.0003765157580750354,0.0012257281991563396
7.651,1.9922224591482458,0.0003774125032502497,0.001225591093501982
7.671,1.9922199326208299,0.00037764296429831364,0.0012261529451448594
7.691,1.9922212529415615,0.000379507891077001,0.0012260624882259041
7.711,1.99222036015295,0.00038046128611958366,0.001226034642620083
7.731,1.9922182677162088,0.0003790846456203933,0.001224729442600797
7.751,1.9922195602782757,0.00038199429601054727,0.0012261386307751976
7.771,1.9922181108431518,0.00038367355773817136,0.0012259829033336167
7.791,1.9922168858918154,0.0003843622360121805,0.0012205819474642166
7.811,1.9922162691334513,0.0003859231252562286,0.0012221930219414034
7.831,1.9922158581795586,0.0003862859587771799,0.0012254224828320004
7.851,1.9922166058275073,0.00038714426217398274,0.0012264836054714234
7.871,1.9922179267405462,0.00039123204578761983,0.001226029577141352
7.891,1.9922202438913497,0.00039234944651099187,0.0012263292984696084
7.911,1.9922178194481912,0.00039256996983468267,0.0012261297767245105
7.931,1.9922179522347934,0.00039521999310074675,0.001225510357085624
7.9510000000000005,1.9922198872090529,0.000399346328560406,0.0012263057100551367
7.971,1.9922223713645528,0.0004009177703621799,0.0012249452393061633
7.991,1.992219763889073,0.0003989595021153991,0.0012245798893867899
8.011,1.9922204558475938,0.0004034029881071517,0.001226371258429948
8.031,1.9922166688391156,0.00040468068242989865,0.0012267958232787257
8.051,1.992216590769089,0.00040664422722224667,0.00122647916786095
8.071,1.992215863384815,0.00040940020060067326,0.0012259888888913328
8.091,1.992218714115051,0.00041267666467528037,0.0012261202157927975
8.111,1.9922179945252485,0.00041191768468643155,0.0012252702944295646
8.131,1.9922162895848978,0.0004133247829124194,0.0012260186986575161
8.151,1.9922162031520212,0.0004120035906375443,0.001227002166456187
8.171,1.9922132320957051,0.0004146807462944427,0.0012270900839123078
8.191,1.992214225050825,0.0004196466401518235,0.0012254232467320825
8.211,1.9922128076753378,0.0004196828695050096,0.0012267884438375565
8.231,1.99221158461792,0.00041976593102900894,0.0012256502424882187
8.251,1.9922111159285334,0.0004222838794779969,0.0012253928971966421
8.271,1.9922101749874501,0.0004213426923902068,0.0012270050240210384
8.291,1.992210324506621,0.0004234182476391218,0.0012273718962740876
8.311,1.9923262506407386,0.00042518122276520717,0.0012254299955372083
8.331,1.9928453459712376,0.00042612562551854697,0.001259121513615069
8.351,1.9937835593531186,0.0004217442790601577,0.0012911504072586621
8.371,1.995107893017859,0.000421707045341724,0.001322603447642401
8.391,1.9968151471833566,0.00041905043859794433,0.0013256207443614887
8.411,1.9989504123525925,0.00041597179081243204,0.001291327186759783
8.431000000000001,2.001473276345001,0.00042195805195877035,0.0011683991549545358
8.451,2.004376241414252,0.0004224831238022861,0.0009338015670433408
8.471,2.0076824015013166,0.000425842177371407,0.0006056809920962081
8.491,2.011479798150653,0.00042321380345417686,0.0010186012801732813
8.511,2.0156169894501903,0.00042166452267912853,0.0013386871937831057
8.531,2.0197241508869035,0.00042067215961716684,0.0013943222086309215
8.551,2.0246219773088225,0.0004191629389491812,0.0012261124940402546
8.571,2.0299139531836716,0.0004171728534052339,0.0006965808332349555
8.591,2.035715986880149,0.0004142551061821757,0.001182461311979105
8.611,2.0419378484240482,0.0004118935226356747,0.0014432716182549432
8.631,2.047727495795704,0.00041138003061550843,0.001343280873249142
8.651,2.0535753613834946,0.0004111680850499916,0.0008422502687517042
8.671,2.060664441225285,0.00040870889186271994,0.001406845424685943
8.691,2.06777454733021,0.0004063473354691916,0.0014407396312142162
8.711,2.0739681263351124,0.00040597648624079676,0.0009336680564832056
8.731,2.080819860008606,0.00040366412024159574,0.00130729816136807
8.751,2.0879301116211595,0.00040149566596791046,0.0015274320226835725
8.771,2.0947302491718345,0.00040001284494501336,0.001355642262582668
8.791,2.1007836838246794,0.0004002446203755341,0.0011184461568886916
8.811,2.107891276390282,0.00039649139859675565,0.001526644336959676
8.831,2.1150058482133116,0.00039367522499591276,0.0014045756383673502
8.851,2.1214085748548746,0.0003927582235172202,0.0009798516798252555
8.871,2.128300799617274,0.00039019792319613483,0.001453143669572915
8.891,2.1354151052867016,0.00038736436220862053,0.0015412997616690294
8.911,2.141547796572612,0.0003868718831425008,0.0010385585675250497
8.931000000000001,2.1485179312265434,0.00040709762408011407,0.001297706408205923
8.951,2.1556366177660253,0.0004002070359581099,0.0015455821574428819
8.971,2.162752797488319,0.0003986154444496083,0.0012750957461529766
8.991,2.169027513405683,0.0003992385981633124,0.0010387069727687548
9.011,2.1761256214059537,0.0003940390399611316,0.001496946951236977
9.031,2.1832006933342303,0.0003928497980567646,0.0014619025514724104
9.051,2.1892587560081616,0.0003926868455166299,0.0007553785424267989
9.071,2.1963037113540644,0.00039072700215686215,0.0013549749777583553
9.091,2.203414136346665,0.00038964221507483955,0.0014610432100569115
9.111,2.210220463788419,0.00038900532904914394,0.0012269954757296864
9.131,2.2165134301615868,0.0003885895445701154,0.0011371577582380277
9.151,2.2236146408437296,0.0003874142586345671,0.0014406625847588062
9.171,2.2305716760511176,0.0003864312448263181,0.001337066671832865
9.191,2.2364388818706256,0.00038609767414684286,0.0008377541278233314
9.211,2.243518122994271,0.00038496939220152563,0.0013311445031307934
9.231,2.250621166397394,0.000383517235407078,0.0012903437985930244
9.251,2.2570975035032785,0.0003831830040048936,0.0008442218146396951
9.271,2.2637781870284357,0.00038206072849897033,0.001154269823466253
9.291,2.270874371342234,0.0003805726823564689,0.0013124533659890913
9.311,2.277522321665552,0.0003798895022840696,0.0010824342779811869
9.331,2.2836737409421013,0.0003790049475389751,0.0008960842397641999
9.351,2.2907592393864955,0.0003775071741436311,0.0012433432322133953
9.371,2.297850575568485,0.0003757094225061797,0.0010681637141211897
9.391,2.303860110692585,0.00037583710202049005,0.0005734779260732348
9.411,2.3108789924414594,0.0003721941027463769,0.0011272457570404015
9.431000000000001,2.317968256364457,0.0003701193843576808,0.0011449905487865841
9.451,2.324337311180677,0.00036949801787487585,0.0007113517811624392
9.471,2.3308843907555876,0.0003665212400341409,0.0009371795628628776
9.491,2.337965825464797,0.0003643363853895517,0.0011497367101173939
9.511,2.3447412202512923,0.0003629936007628908,0.0009878659316136518
9.531,2.350779109464856,0.0003629356940963841,0.0006826033786264396
9.551,2.357850098655387,0.0003609431180753869,0.0010912576911523975
9.571,2.364932124433097,0.00035832733523300013,0.0009713506936180893
9.591,2.371123900369766,0.00035774351790874865,0.0003538370160327542
9.611,2.3781347139527313,0.00035430922319890464,0.0009730015286977811
9.631,2.385214032365449,0.00035212631064191255,0.0010640462160178554
9.651,2.3913673221223233,0.00035430406777724134,0.0005871124265058592
9.671,2.398215948295927,0.00035453650508385595,0.0008015043275817479
9.691,2.405290426405642,0.00035214266297555136,0.0010702763314303088
9.711,2.4123666232241656,0.00034962124497744696,0.0008165582371548741
9.731,2.4186109778843785,0.00034917022238403273,0.0005601423122170435
9.751,2.425670545871255,0.00034669101307693677,0.0010432890659655691
9.771,2.4327120690837045,0.0003442724039209847,0.0010550990278307693
9.791,2.4386097865001193,0.00034379675250320347,0.0003643586927990494
9.811,2.4456090999877476,0.00034033253974304566,0.0009552159205145905
9.831,2.4526895355812095,0.00033825444799951256,0.0011007211595045474
9.851,2.4593405113954083,0.0003371097009207022,0.0008576434845798675
9.871,2.465596663427236,0.0003357717414467571,0.0007983521342053712
9.891,2.472680809369612,0.0003326600936150884,0.0011454318782701256
9.911,2.4795840131211895,0.0003338357018955356,0.001092658114860312
9.931000000000001,2.4855702259819563,0.000334418311784991,0.0006097178552456339
9.951,2.492590775616422,0.000328578567676364,0.001120919340687615
9.971,2.4996783966464378,0.0003330619752470238,0.001146932863458544
9.991,2.505714533122738,0.00033363974697902914,0.000590460272204052
10.011,2.5126386101824836,0.0003430655590547597,0.0010444745004792588
10.031,2.5197281796893303,0.0003480463343126038,0.001252551177816169
10.051,2.526699748938324,0.00035248080944972037,0.0010255534361980068
10.071,2.5329551353274096,0.0003536915907514123,0.0008834237756995822
10.091,2.5400384837645547,0.00035907308680745284,0.001301463239486239
10.111,2.54688336658489,0.00036337891117133205,0.0013091830765176726
10.131,2.553057517778815,0.0003699709404981168,0.0006830374446435694
10.151,2.5602091939093805,0.0003673238104745604,0.0012686161640463045
10.171,2.567310564606133,0.00036600760313637283,0.0013472530716781006
10.191,2.5738107908221592,0.0003676835986041177,0.0009732065416906133
10.211,2.5803034236567113,0.00036952985904934485,0.0011675763175032772
10.231,2.58741162246754,0.0003703984604041789,0.001440917863411384
10.251,2.5942407166136396,0.0003674707436853466,0.0013300767680058667
10.271,2.6003552339740423,0.00035552527598128127,0.0010545133935506157
10.291,2.6075660813327857,0.00035459098811703216,0.001451517895095622
10.311,2.6146750009453186,0.0003433399015374081,0.0013931435574163764
10.331,2.620862231760729,0.00033984380011289233,0.0008854563401980986
10.351,2.6277061701204403,0.000329693609256361,0.001379877712957167
10.371,2.634825170377152,0.0003179548186053806,0.0015162171184006645
10.391,2.641275935060465,0.0003058237289341817,0.0012290630713346629
10.411,2.6477105016143963,0.00029768176578374056,0.0012206278624814493
10.431000000000001,2.6548197137054887,0.00028176403863021735,0.0015415786655544883
10.451,2.661891613857235,0.0002667544928138705,0.0013957040000444343
10.471,2.6678660176404927,0.0002603441679252911,0.0009741574758479477
10.491,2.6749635966854357,0.0002427840626824081,0.0015020111333630126
10.511,2.6820854467452637,0.00022665465192035,0.0014968819469592942
10.531,2.6881332872514414,0.0002243556702352368,0.0009137954767600431
10.551,2.6950829516999337,0.00021428005604784222,0.0013666501306786871
10.571,2.7021959767701493,0.00020081289767675024,0.0015350816049983784
10.591,2.709135763443659,0.00018937843902738723,0.001299447785953256
10.611,2.7151486431422476,0.00018275104018199219,0.0011354729852628975
10.631,2.721508149876438,0.00017070082467224076,0.001495240743842191
10.651,2.727471930279744,0.00015928342138325557,0.0014283927256694695
10.671,2.73301455646276,0.00014869464139187375,0.0010318994542993787
10.691,2.738153090176062,0.0001390688085418227,0.0009890252765093754
10.711,2.742747496717431,0.00013289378252183165,0.0013631842988719445
10.731,2.747039131532517,0.0001265304123386434,0.0014960498704143232
10.751,2.75094598676743,0.00011789405865440664,0.0014407107989971302
10.771,2.754564039383855,9.419341092618312e-05,0.0012345958170395521
10.791,2.757971352381696,4.82656616972458e-05,0.0008875747852732652
10.811,2.76122765846098,4.054305626290892e-05,0.0009302197482823904
10.831,2.7642691097444847,3.7446051192381613e-06,0.0011493011364314965
10.851,2.7669803073623576,-5.7861076967027675e-05,0.0013059948313261238
10.871,2.7696493498710955,-0.00012369703897419006,0.0013508638295607611
10.891,2.772109646786016,-0.0002262636307004322,0.0012958352107130533
10.911,2.7742308035241043,-0.00038894152322090265,0.0011578918814530992
10.931000000000001,2.776273071012153,-0.0004915093266004054,0.0011072722304469595
10.951,2.7782697344255105,-0.0006195377572750771,0.0012867100789361596
10.971,2.7802370104388108,-0.0007889875728081283,0.0013822816980246788
10.991,2.7822515447381706,-0.00099094422003974,0.0014106336199895542
11.011,2.7842764114192002,-0.0012354017289944877,0.0013624115881353538
11.031,2.786294638684907,-0.0015266330191979474,0.0012338099367423527
11.051,2.788304252828628,-0.0018591368086570467,0.0010255016300899922
11.071,2.790352664993806,-0.0020793588977676804,0.0012270089475019952
11.091,2.7922930349219466,-0.0023919299931846267,0.0013485603366089616
11.111,2.794291273510811,-0.002737107324934331,0.0013935903913323555
11.131,2.7962961412047997,-0.0031216105369291326,0.0013601449580709635
11.151,2.7982933321085692,-0.0035513059514139167,0.0012491850802801296
11.171,2.800276967976306,-0.004023505433657847,0.001057128464545476
11.191,2.802310387840676,-0.004394900276238995,0.0011131596883864059
11.211,2.8042406011894676,-0.004846669463988972,0.0012537004054187784
11.231,2.8062128657595076,-0.0053312267756722605,0.0013159619297001546
11.251,2.8081855333059584,-0.005855408083542164,0.0012996845814757518
11.271,2.810148725855731,-0.006422917066091261,0.0012046096949107632
11.291,2.8120962228730515,-0.007032260335231087,0.0010286687488297308
11.311,2.814078194950883,-0.007577695255063534,0.0009551265928234021
11.331,2.816017243986745,-0.008187353517606256,0.001113880339029344
11.351,2.817880109505771,-0.00881790861106043,0.0011794593130958764
11.371,2.8198612352534442,-0.009503092527965074,0.0011837658235728243
11.391,2.821857713093618,-0.010233647349016651,0.0011012255802834436
11.411,2.8237583774944097,-0.010976560238040932,0.0009415360626882918
11.431000000000001,2.825647566256702,-0.011743676629398191,0.0007328054135891382
11.451,2.82756535492242,-0.012449359433775,0.0008919761747414601
11.471,2.8293831015077915,-0.013249499861706086,0.0009939291525019045
11.491,2.8314253660239963,-0.014091872435239895,0.001017146200936958
11.511,2.833458310937204,-0.014978741221438212,0.0009548907740718482
11.531,2.8354559349780906,-0.015907885620615035,0.0008039865806285795
11.551,2.837353376167907,-0.01684617914545349,0.0005682275687158844
11.571,2.839255209024001,-0.017614144774685966,0.000666922697622585
11.591,2.8412035925620978,-0.01842638724187932,0.0008377843905686966
11.611,2.843224091030677,-0.019279660446942123,0.0009463797022984111
11.631,2.845234811444981,-0.02018591897445675,0.0009665068026140922
11.651,2.8472281433275497,-0.021140498744177234,0.0009038989861497315
11.671,2.849070141924281,-0.0220451529908175,0.0007755481472149495
11.691,2.8509094263703743,-0.022938245795860745,0.0007423606210786304
11.711,2.8526609668924756,-0.023818115272333462,0.0009450416200094958
11.731,2.8544104482972465,-0.024740038160564793,0.0010472575624733138
11.751,2.8562371352927483,-0.025726977786799526,0.0010979624918239506
11.771,2.8580020242880235,-0.026735249850057794,0.0010675497327665429
11.791,2.8597395110896846,-0.027777366264354925,0.0009575868405299892
11.811,2.8614593444275553,-0.028857023420090774,0.0007685244295191906
11.831,2.863271128892554,-0.02985723068543167,0.0009918548652564918
11.851,2.8649059489523894,-0.0308869814407532,0.00113286614687505
11.871,2.866616370860241,-0.03197272749535897,0.0011945891400430564
11.891,2.868302955900637,-0.03309657743713676,0.001181633982766106
11.911,2.8699658974907765,-0.034256874384947504,0.001090807402359617
11.931000000000001,2.8716125240396906,-0.03545241049888657,0.0009198542028734935
11.951,2.8733256093401285,-0.036604399979076614,0.0010043509579460153
11.971,2.874921855672985,-0.037753253754629866,0.0011593711508257887
11.991,2.876551344476055,-0.03895773329602765,0.0012392856317708645
12.011,2.8781640667508896,-0.04020052218843502,0.0012434442599061624
12.031,2.879754352719445,-0.04147863961563035,0.001170848259471391
12.051,2.881314402992613,-0.04278911491042419,0.001019098716677047
12.071,2.8829219386496487,-0.044065077113474245,0.0009553822044822691
12.091,2.8844767091166963,-0.04534823956812644,0.0011418314694798815
12.111,2.885840732166565,-0.04654559441673469,0.0012289288754248617
12.131,2.8869258140682414,-0.04754385069219155,0.0012617592306028158
12.151,2.8876723691184796,-0.04828020121210999,0.0012450042418961915
12.171,2.8881346621747257,-0.04878065478362901,0.0011988642492747337
12.191,2.888276071724738,-0.04902827207873526,0.0011308774341142747
12.211,2.888136730994401,-0.04902074519674493,0.0010434955045090788
12.231,2.8876789241668455,-0.04870088006481038,0.0009336602762042567
12.251,2.886937952506707,-0.04810389965818977,0.0007991249516048349
12.271,2.8859161227874877,-0.047225489493401974,0.0006253026804425854
12.291,2.8845866220587975,-0.046135925543790764,0.0006514139913202655
12.311,2.8830290716352582,-0.044771062451141146,0.0008569262216910067
12.331,2.8813218594687875,-0.04321560358817705,0.0009950905499444829
12.351,2.879408897289389,-0.0414462654156493,0.001021445901933371
12.371,2.8774853787989603,-0.03955975155409195,0.0008918445423499455
12.391,2.8754233541470646,-0.037472767577861506,0.0007370314763364694
12.411,2.8732365862230393,-0.035276719445939006,0.0009926225395152921
12.431000000000001,2.871066647488829,-0.03297107701121096,0.0011110652950512556
12.451,2.868732262644357,-0.030471564645786056,0.0010511323187252508
12.471,2.8666738535019802,-0.027963388801317615,0.0007325233634351558
12.491,2.864611796835395,-0.02561315565641353,0.0010413483762243825
12.511,2.8627398044054173,-0.023281286960054413,0.0011709991950355214
12.531,2.860779027329651,-0.02093630486446437,0.0011862641469951862
12.551,2.859298159016034,-0.019031342067220066,0.0009156297589613116
12.571,2.8582561802945485,-0.01760013260688112,0.0007757766319676507
12.591,2.8573381529882966,-0.01656454652539476,0.0009041168019323642
12.611,2.8566816096691166,-0.015748150438084287,0.0010279573309192602
12.631,2.8563942516467455,-0.015265144584320364,0.0011691856287417979
12.651,2.856316812584474,-0.015137381709936261,0.0012637002361575445
12.671,2.856414246596115,-0.015390781909682093,0.0012929884190615581
12.691,2.85667172576144,-0.01597619416124601,0.001259873381715182
12.711,2.857081578538269,-0.016937403913912664,0.0011507760272123913
12.731,2.8576419382409215,-0.01828021652195737,0.0009503669913932533
12.751,2.858423408957677,-0.019987802333653715,0.0008979457110664668
12.771,2.8593171722903725,-0.022016138801544762,0.0010757481259509594
12.791,2.8603650409981305,-0.024650326750269482,0.001163603679522146
12.811,2.8614800268898586,-0.027685520798638206,0.0010886885253274803
12.831,2.862645720572636,-0.03092140467032683,0.0009985669404765085
12.851,2.8639736496849757,-0.034626943399156174,0.0012720002837338928
12.871,2.865061845487184,-0.038348816915553065,0.001368212205446695
12.891,2.8661967692067103,-0.04246451391062655,0.0012294965275093106
12.911,2.8674308001987803,-0.0467491388498169,0.0013242755368575998
12.931000000000001,2.868602675555283,-0.05134993370678881,0.0013863349798841074
12.951,2.869621315950884,-0.055845422879105384,0.00124174701577362
12.971,2.8706945050216324,-0.06082494040724694,0.0007355141685865818
12.991,2.871933338058017,-0.06603692695691574,0.0011763695321627965
13.011,2.873175721454573,-0.07156706065124431,0.001426722622195259
13.031,2.8742341810398178,-0.07689740833160952,0.0013887810891518582
13.051,2.8753909626646337,-0.08225871044499339,0.0012384161527007331
13.071,2.8766509890693603,-0.08841430961469615,0.001278842040158018
13.091,2.8779176450806827,-0.0950095075243757,0.001723731228088693
13.111,2.879094619905622,-0.10118467863658828,0.001229972627964454
13.131,2.880605026824631,-0.10816060708075718,0.001414115039438918
13.151,2.881881548737983,-0.11524370091997646,0.0016063226845057232
13.171,2.8830361358372936,-0.12165728255169006,0.0016756778974249542
13.191,2.8843429866467125,-0.12813141362443875,0.0013788131998063724
13.211,2.8858457308707584,-0.13544634832713132,0.001230738031147205
13.231,2.8871250013351117,-0.14219895700572835,0.0015324611946123945
13.251,2.888355075256274,-0.1483811882879771,0.001326272767262493
13.271,2.8899063570737997,-0.15562627064447207,0.001325346703582475
13.291,2.8911383204388517,-0.16222153177666254,0.0016807060265199292
13.311,2.892464713001706,-0.168600677788699,0.0012652246950164148
13.331,2.8938521552763103,-0.17474103408663605,0.0015503162447244867
13.351,2.895157959338285,-0.18092260038954064,0.0012917320754505524
13.371,2.896276569222242,-0.18641606792272047,0.0016704704605219611
13.391,2.8974462993822794,-0.1917123902927518,0.001254455658846021
13.411,2.8986573492930328,-0.19732902719096806,0.0017491328368761105
13.431000000000001,2.8998137191958864,-0.2027061168579931,0.0013730633732595698
13.451,2.9008742742127893,-0.2083047779391327,0.0011743476942146502
13.471,2.9020893931591982,-0.21393046442659552,0.0013113110033764752
13.491,2.903165494879035,-0.2194822534215305,0.0013838583446418862
13.511,2.9041272477149183,-0.22505892956195947,0.0013021788754551678
13.531,2.904719302382843,-0.22959205101352426,0.0006682128312735236
13.551,2.90568036215027,-0.2352283538172862,0.0011250993377817653
13.571,2.9066316250721833,-0.2408637323675085,0.0013126831700955022
13.591,2.9074078817706,-0.24620128551914597,0.0011477064927285785
13.611,2.9083106497204176,-0.2518714197359185,0.001089259327172909
13.631,2.909156773597397,-0.25788178255985,0.0010375732212463684
13.651,2.9098938345339955,-0.26408768568536933,0.0012387875507055557
13.671,2.9106870406121144,-0.2702181524663353,0.0009114928374965858
13.691,2.9116617185626157,-0.27661026772351843,0.0011238771774758072
13.711,2.912404536316266,-0.2833880536552826,0.0009938793250508504
13.731,2.9132841162338283,-0.2906303132001341,0.00102984443335985
13.751,2.914195800357264,-0.2973190998384525,0.001317510002296296
13.771,2.9150769329183874,-0.30401433364643504,0.0009801180879928928
13.791,2.915803331081173,-0.31085777022913785,0.0014213057180748334
13.811,2.916476015425354,-0.3172777858759446,0.0010075476870034794
13.831,2.917383859318044,-0.32392875479726324,0.0011587901829671343
13.851,2.9181477797084545,-0.3308686823251667,0.0012112149921209292
13.871,2.9189314060842024,-0.3376884217637432,0.0012409412133450037
13.891,2.9196890384564185,-0.34399600504491423,0.00112946411098927
13.911,2.92052059489839,-0.35091179027306063,0.0008683384725099164
13.931000000000001,2.9212965008363563,-0.357844390689887,0.0010378167340363842
13.951,2.922124733272959,-0.3645075098112307,0.001099215626957778
13.971,2.9229360821810793,-0.3714262774670104,0.0009548059672596365
13.991,2.9235789146327003,-0.37808030824672556,0.001080813232494593
14.011,2.924474339676039,-0.38492855135105625,0.0010486873157055931
14.031,2.925407835824849,-0.3919454383610586,0.0013469269922143368
14.051,2.926040236154749,-0.39814697671077315,0.0009792059777144757
14.071,2.9267938627029992,-0.40495998670064703,0.0010753009216583898
14.091,2.927795597654401,-0.4120035348619728,0.001323364018691764
14.111,2.928542998681359,-0.41841534456274726,0.001221848856710367
14.131,2.9293157985891014,-0.4250569317274136,0.0011456079558508914
14.151,2.9302951291040427,-0.43207143482460325,0.001098591333419524
14.171,2.9311709393552117,-0.4388727346508249,0.001158003447450262
14.191,2.9318627549717133,-0.445403333593159,0.001194355868650715
14.211,2.9327322627912817,-0.45235738191642494,0.0008928051614505716
14.231,2.9337394677386013,-0.4592707750350852,0.0015923196847910936
14.251,2.9345651430255444,-0.46578748249201357,0.0011946630191254637
14.271,2.9352323521581334,-0.47213840227368287,0.001123076998499145
14.291,2.9362563640206325,-0.47913796942002884,0.0013607712892354795
14.311,2.9370628402798835,-0.4857208969906375,0.0012192739723348167
14.331,2.9378692434476332,-0.49242227487569395,0.0013301245535042583
14.351,2.9388766558094432,-0.4993653100392848,0.0011319918447096622
14.371,2.9398343616095657,-0.5061793604750409,0.0013929944583555842
14.391,2.9406712248346536,-0.5127757279750725,0.0011876418634984842
14.411,2.9416023833337723,-0.5198370749327096,0.0010683262323127607
14.431000000000001,2.9426901217409838,-0.5268024262116731,0.0014881503329843837
14.451,2.9435804602907822,-0.5332886458957599,0.0011207393216093597
14.471,2.9444724293214617,-0.5404239582249297,0.0013775901907256694
14.491,2.9455441095783113,-0.5475439387963477,0.0014364101430326959
14.511,2.946413899639718,-0.5541021065826351,0.0013899421453676397
14.531,2.9471626119516143,-0.5603442380133334,0.001332090750287479
14.551,2.948036393333954,-0.5665300552922963,0.0011463508662488686
14.571,2.948970021037987,-0.5727490142912077,0.0013911421054710327
14.591,2.949583066054234,-0.5781546143838323,0.0012637224614785447
14.611,2.9501563493612744,-0.5834621354705959,0.0010695396339674978
14.631,2.9509184799679065,-0.588891948806541,0.0012872193058800774
14.651,2.9515733354438543,-0.5944318755643786,0.0015385587283592295
14.671,2.952151599544095,-0.5997651836505165,0.0013868405613485235
14.691,2.9527012656899374,-0.6053227422779648,0.0009185721193347984
14.711,2.953344304586748,-0.6110965321883564,0.0012267521721555097
14.731,2.9539621266493903,-0.6172174435150811,0.0014503501470655988
14.751,2.9543792482310303,-0.6228902393640556,0.001430518733631897
14.771,2.9549224196234785,-0.6287899398180006,0.0012787810435254121
14.791,2.9554748495975467,-0.6353536457154418,0.0014399672703257205
14.811,2.9560124902102083,-0.642374176253541,0.001862499290124775
14.831,2.9562490336140463,-0.6483791570064594,0.0012175483319187552
14.851,2.95699438513506,-0.6554979008374775,0.0013617544305420393
14.871,2.9574853732423,-0.6624895098804245,0.0017850657488351351
14.891,2.95801936881333,-0.6692832525162418,0.0015646955615868652
14.911,2.9585791658201295,-0.6755746859594017,0.0014705503370235629
14.931000000000001,2.9591404594856288,-0.6825016240094428,0.0015462656942831776
14.951,2.9596810391667185,-0.6895624144114105,0.001822323218363342
14.971,2.9600182607904206,-0.6955096685561876,0.0011959645159832777
14.991,2.9606135473324144,-0.7022379034952146,0.00122666870497104
15.011,2.9611562420768864,-0.7095166111438979,0.0016191525436071164
15.031,2.9615516629396725,-0.7159920353571574,0.0012460388666341582
15.051,2.96220442022492,-0.7226982068469081,0.0012814932263878753
15.071,2.962620632204378,-0.7295698039236892,0.0017326619267457322
15.091,2.963092110191753,-0.7365208683925262,0.0016848956449016794
15.111,2.9634538872647807,-0.7425598131375146,0.0013342247370828342
15.131,2.9639401001287315,-0.7494279836346152,0.0013382920810651455
15.151,2.9644059246692356,-0.7567029619094053,0.0015959961135287304
15.171,2.964653841235515,-0.7626561522176932,0.0010532749050041756
15.191,2.9651337108303872,-0.7693311458148455,0.001047426602570345
15.211,2.965595019623912,-0.7766696139665065,0.0014806870492345692
15.231,2.965934521120045,-0.7833233918067861,0.0011866847518578194
15.251,2.966468680878069,-0.7899630652032421,0.0012188287327395408
15.271,2.9668522681959075,-0.7968690626890904,0.0015708370386118553
15.291,2.9672262357811037,-0.8039200375603789,0.0016614304064271335
15.311,2.9674237643904116,-0.8099107277522832,0.0010593717482950404
15.331,2.9678770853560015,-0.8169567559351912,0.0010531575633486445
15.351,2.968227712339283,-0.824097448184417,0.0013108329770317173
15.371,2.968612687690493,-0.8307700472729339,0.0010361074785614766
15.391,2.9691091877325753,-0.8375876915117615,0.0010797927144305386
15.411,2.9694096227037265,-0.8443646883893222,0.0014796031928957787
15.431000000000001,2.9697198043920667,-0.8510746230784374,0.001202908992908397
15.451,2.970112353605948,-0.8573406089674033,0.0010458941990370563
15.471,2.970427857519215,-0.8643615167365489,0.001252890294001191
15.491,2.9707429461895347,-0.8713719003527639,0.0013282095103238356
15.511,2.9709319900945435,-0.8773007428678928,0.00090477411385817
15.531,2.971265883234931,-0.884173842032415,0.0009814050334971958
15.551,2.971587986030053,-0.8914218835992309,0.0011846163311199642
15.571,2.9718495220438066,-0.8978705858107853,0.000810367544399393
15.591,2.972284561266522,-0.9045347162975995,0.0007527741608362171
15.611,2.972483738730821,-0.9117631949394128,0.0011979821335099394
15.631,2.9727330022259304,-0.9185021918690868,0.0009044951534890322
15.651,2.973136898687338,-0.9255707511806631,0.0009419010808912609
15.671,2.97334366403816,-0.9327051392379977,0.0011634948244777232
15.691,2.9736010875683765,-0.9396749062884481,0.0012490361817467655
15.711,2.9738840601343637,-0.9458983327328305,0.0009329727079006311
15.731,2.974189579165149,-0.9526739437534127,0.0008994254951290026
15.751,2.974365555281293,-0.9597006294405387,0.0014557973405368574
15.771,2.9745278272493683,-0.9662618201062715,0.0009720638292736172
15.791,2.974869583010563,-0.9727549137203635,0.0011313457255504034
15.811,2.975076873577685,-0.9797816869363146,0.0013568966951315042
15.831,2.975228794472765,-0.9866325829196162,0.001483454227054093
15.851,2.9753885661056123,-0.9927746754406523,0.0010000404337280333
15.871,2.9756658084140986,-0.9998531273330831,0.001067971998765932
15.891,2.975882640172152,-1.0069881566483903,0.0012046193126773463
15.911,2.976146468296927,-1.0136688951358819,0.0011131961828033665
15.931000000000001,2.9764600396890297,-1.0204687627338958,0.0010926630592359154
15.951,2.9766139147516175,-1.0274040678072205,0.001642678427748706
15.971,2.9767618543634145,-1.0341537011100248,0.0015215016075688925
15.991,2.976969566681695,-1.0401474115547853,0.0010390953034345174
16.011,2.9771083551913895,-1.0474395578574238,0.0013915137688878532
16.031,2.9772429593764946,-1.0546867395592752,0.0013639835798995859
16.051,2.9774027147025564,-1.0611308531654164,0.0013284734605133186
16.071,2.977549637190885,-1.0678472666252543,0.0011633201597169573
16.091,2.9775898501298523,-1.074930836647791,0.0016779185591439538
16.111,2.977727804017489,-1.081673222591365,0.0012603987984156628
16.131,2.9780087203249876,-1.0887161865492836,0.0012285518615557378
16.151,2.9781084715736292,-1.0958402233677151,0.0014415745607828934
16.171,2.978321183434313,-1.1029411741343536,0.001150381247347787
16.191,2.978543966774846,-1.1096121166649964,0.0012505597591575546
16.211,2.9786073891380616,-1.1164046548877418,0.0015074965429646703
16.231,2.9787368883574143,-1.123343260504154,0.0014395657955627028
16.251,2.979019329022109,-1.1299312760185862,0.0014361914075359805
16.271,2.9791821406301238,-1.136609538889032,0.001234550005592805
16.291,2.9792293995915924,-1.143482544262637,0.0015126452939659696
16.311,2.9794090178433708,-1.1501345042609885,0.0011573350903992252
16.331,2.9796772842611854,-1.1569941044969367,0.0012767184830909106
16.351,2.9796946783134506,-1.1641753432270692,0.0017285421374982624
16.371,2.979666143045566,-1.1706983282502677,0.0016398848688575496
16.391,2.979778269068836,-1.1772070394540852,0.001433065412064477
16.411,2.9798855259447814,-1.184240421253853,0.0014152734058506256
16.431,2.9799317850301916,-1.190809309079654,0.0016144346255652087
16.451,2.980044348910495,-1.1965058089268665,0.001150589227789739
16.471,2.980206747904209,-1.2023161117539614,0.001190646629835257
16.491,2.980252451020271,-1.2077277149248988,0.0013273438928833314
16.511,2.980377927497411,-1.212669162394439,0.0014205808783804008
16.531,2.9804687778996906,-1.2171287908972217,0.0013154280858396483
16.551,2.9806001472963475,-1.221213524965422,0.0011865450115388088
16.571,2.9806775526237943,-1.224994389053648,0.0012040234348200118
16.591,2.9807191510078828,-1.2284501704940112,0.001157742357222713
16.611,2.980730228938988,-1.231805284198914,0.0012722805885764243
16.631,2.9807699539880548,-1.234960859134368,0.0013276702865896162
16.651,2.980773053185846,-1.2379180196222004,0.0012651246369862756
16.671,2.9807300795544402,-1.240558645532237,0.0011071029609706906
16.691,2.980765653900015,-1.2430676212463165,0.001308681756148261
16.711,2.9807091332816253,-1.2452236254119757,0.0014407502213587553
16.731,2.980628768686348,-1.2474523188080961,0.0015112982640520245
16.751,2.9805051287843125,-1.2496707519394203,0.0014903942630014877
16.771,2.980340801543615,-1.2517827133613424,0.0013900579063531315
16.791,2.9801323238153015,-1.2538145281386257,0.0012127123489588387
16.811,2.9800162731152504,-1.2558834614255405,0.0012559033237500572
16.831,2.9798168733501913,-1.2578282835236936,0.001406392041651744
16.851,2.9795824416715364,-1.2599599215286958,0.0014874445611887666
16.871,2.9793111221709476,-1.2621620212692604,0.0014838083600407503
16.891,2.978987286599012,-1.2643522897320734,0.0013944407170150552
16.911,2.9786353998322257,-1.26636105460439,0.001232546024210912
16.931,2.978326088288634,-1.2683917998103809,0.0011334951348292155
16.951,2.977984534843142,-1.270413991873062,0.0012970933844347332
16.971,2.977595932057679,-1.2724331795936703,0.0013966957588806839
16.991,2.977162297514098,-1.2746001740660435,0.0014143057781839663
17.011,2.9766835823094495,-1.2767623336201506,0.001344223954743512
17.031,2.9761650838762996,-1.278904380268721,0.0011845112681451164
17.051,2.9756300702317096,-1.2808655792454564,0.0009541676188525583
17.071,2.9752047968244946,-1.2828892996753596,0.0011233992021356942
17.091,2.9746372186187346,-1.2848919743004557,0.001245642416834225
17.111,2.9740533844324557,-1.287030847776839,0.0012804221551006578
17.131,2.9734320198545245,-1.2891556049187054,0.001228652690612314
17.151,2.9727624424662746,-1.2912669710473206,0.0010834798622142983
17.171,2.9720498768211465,-1.2933572402711533,0.0008529030444656138
17.191,2.971461857914712,-1.295375151020574,0.0008892565325151758
17.211,2.9707959319835404,-1.297422266974689,0.0010329394992354413
17.231,2.9700700657582817,-1.2995024599726466,0.0010835619265284757
17.251,2.9692964674277573,-1.3015850716342745,0.001050473065913743
17.271,2.968624849342844,-1.3036738735900586,0.0009951463543718952
17.291,2.9679177637171184,-1.3057480189886208,0.0008533616695758084
17.311,2.967227997103014,-1.3077443913272184,0.0008206870127157873
17.331,2.9665370938937126,-1.3097586224483142,0.0010079596948507907
17.351,2.965796157326187,-1.3118297282811207,0.0011379622543769563
17.371,2.965036571567351,-1.3138801717858648,0.0011867698255305648
17.391,2.964252882347224,-1.3159170624250345,0.0011521858621513226
17.411,2.9634248487575654,-1.3179180505747465,0.001029139607900631
17.431,2.962562233443769,-1.3197429794146918,0.0008512485022646732
17.451,2.961790065650688,-1.32165650284408,0.0010570752728913668
17.471,2.9609623245675323,-1.3234728849716775,0.0011989904703016696
17.491,2.960040613613004,-1.3254656860004264,0.0012639363880767585
17.511,2.9590784802557555,-1.3274491265717165,0.0012525709955866493
17.531,2.9581260122392123,-1.3292687766108744,0.0011652087379577514
17.551,2.9571441895995045,-1.331052719376807,0.0009984172764471722
17.571,2.956229206362987,-1.3329087247307914,0.0010694900592187195
17.591,2.9552794532464537,-1.334635322557242,0.0012137855443937473
17.611,2.954289237897474,-1.336401150647477,0.0012996505123744062
17.631,2.953265041182149,-1.3381496484275155,0.001307494886842342
17.651,2.9521980715838545,-1.3398897023181675,0.0012374331578502706
17.671,2.9510956452309007,-1.3416055627719947,0.0010890644401082838
17.691,2.950025534639556,-1.3433578712417473,0.0010272143587493066
17.711,2.9489437103515748,-1.3450750589964255,0.0011978638495551142
17.731,2.947837510159037,-1.3467147315631531,0.0012820582039362594
17.751,2.946691207547733,-1.3483934158323272,0.0013070796486087943
17.771,2.945508527630117,-1.350053757265315,0.0012551782571972592
17.791,2.9442925641538955,-1.3516814027777468,0.0011241170271193424
17.811,2.943045205010879,-1.35327348866817,0.0009076723501512951
17.831,2.9418774215179173,-1.3549812452169498,0.0010841024936440735
17.851,2.9406492696922824,-1.3565607291417505,0.001210475282031831
17.871,2.939387733699252,-1.358144019007677,0.0012505040489665387
17.891,2.9380937164205743,-1.359709729102579,0.0012155952516979263
17.911,2.9368428828877815,-1.3611566803415343,0.0011038390251277563
17.931,2.935784274722676,-1.3623024904092222,0.0009503850095528288
17.951,2.9350008707075594,-1.3631515105042156,0.0008994036516142834
17.971,2.934465433908641,-1.3637024297802043,0.0010384799428885816
17.991,2.9342007553197313,-1.3639122239141008,0.0011349697972471429
18.011,2.934200348008622,-1.3638469679603253,0.0012009511478676405
18.031,2.9344924142211983,-1.3634675180163778,0.0012133947446314741
18.051,2.935056854442755,-1.3628208509786703,0.0011979909188585824
18.071,2.9359063205451483,-1.3618892319170548,0.001117478469704558
18.091,2.9369652090049176,-1.360774255245842,0.0009783957637635454
18.111,2.9381804496678074,-1.3593898342712634,0.0009642269671723269
18.131,2.9396222180413285,-1.3578108579065749,0.0011364058997242188
18.151,2.94132746187996,-1.356031976845483,0.0012461355260962315
18.171,2.9432982021463068,-1.3540135694802204,0.001238790817924107
18.191,2.945385690771903,-1.3520402146483295,0.001059713891018721
18.211,2.9474398491705296,-1.350033361228899,0.0010372157509703217
18.231,2.949654149082702,-1.3478837704085092,0.0012006900157268685
18.251,2.9520655630861343,-1.3458057381109625,0.0012515672896750152
18.271,2.954725251699509,-1.3434828193731958,0.0011620239693151124
18.291,2.9572178413784886,-1.341446491400866,0.0009554919064828915
18.311,2.9594607750424213,-1.3395421039743804,0.0011678213021883987
18.331,2.961566192365241,-1.3379597888759327,0.0012647711015489893
18.351,2.9637150205459966,-1.3362713667191652,0.001212057404842648
18.371,2.965270051331685,-1.3352289465396119,0.0010617981565187173
18.391,2.9662463959445478,-1.334490603253427,0.001035953239448384
18.411,2.9669478181202016,-1.3338721131678455,0.0012055797675278035
18.431,2.9675089875171774,-1.3333298318713054,0.001298607595119794
18.451,2.9676606669089014,-1.3330759213037684,0.001297806643039634
18.471,2.9674893575805488,-1.3330003431701378,0.0011923429931789964
18.491,2.9669549520704384,-1.3331138834323901,0.000987166556456115
18.511,2.966064754166782,-1.3336110666660599,0.0010774388371886101
18.531,2.9648787028128916,-1.3341609865774944,0.001184460783058311
18.551,2.9632908344120743,-1.3348844294361457,0.0012105827632043764
18.571,2.9613115983048393,-1.3357147363031272,0.0011190866272790534
18.591,2.958962129031643,-1.336617862251244,0.000880617198337097
18.611,2.956175895827025,-1.3378445262826724,0.0010900046027660648
18.631,2.9532485989531243,-1.33891748217184,0.0012425264292615923
18.651,2.949781149060803,-1.340100318490976,0.0011856098175890561
18.671,2.9460000431665105,-1.341272675952926,0.001014699270788566
18.691,2.9420002204512503,-1.3426132871746066,0.0013072830355258525
18.711,2.937965149069319,-1.3437694849756152,0.0013316574645104995
18.731,2.933565611780293,-1.3449229403075258,0.0010920336459573354
18.751,2.928965759014645,-1.3461896181393598,0.0010315664153665582
18.771,2.9240337804542027,-1.3474187181232298,0.0009495517683231758
18.791,2.918997322705333,-1.3486112213641714,0.0012017619183646022
18.811,2.9138597494203067,-1.3498397353614937,0.001010358147558288
18.831,2.9084548400534223,-1.3512134677923295,0.0012635840567984946
18.851,2.9030426749428524,-1.3523628690747116,0.0012874895658274432
18.871,2.897760048432359,-1.3534688541019742,0.0008979123454997129
18.891,2.8921978622128623,-1.3546401183285175,0.0009387908240463538
18.911,2.8865809978786996,-1.35590679122484,0.0012555324952392977
18.931,2.880890790725353,-1.3569213169699803,0.001392524335799783
18.951,2.875271902968473,-1.3579379554257553,0.0009079367220428958
18.971,2.8690353676386997,-1.359179852653,0.001056705994235435
18.991,2.8620121368649802,-1.3604333095581032,0.0014354029534341117
19.011,2.855382265029348,-1.3616263930909827,0.0014016980086715425
19.031,2.849144110391022,-1.3627957229844316,0.0011336299745997314
19.051,2.8423199845596137,-1.363933613054728,0.0015025770676234396
19.071,2.835104586452934,-1.365066958708626,0.0015474162552017723
19.091,2.8289235239736623,-1.3659956645672,0.0008555235282833307
19.111,2.822190256463399,-1.3671003443036827,0.0012870413673118641
19.131,2.814811593121873,-1.3682461183474497,0.001374389806412829
19.151,2.808394899311492,-1.3692821148641092,0.0011944484767272279
19.171,2.8021473070206637,-1.3703237270728241,0.000998554135958979
19.191,2.7949551694928583,-1.3713210591352285,0.0015957776013821034
19.211,2.788144164092063,-1.372223788702619,0.001353382257861302
19.231,2.781742000466757,-1.3732429552089245,0.0009491136770008179
19.251,2.7747456352863247,-1.3742020979059897,0.0014607816974523957
19.271,2.767702531823657,-1.3751283802809404,0.0014800582746566093
19.291,2.7613518820527574,-1.3759714760203923,0.0008623425971462373
19.311,2.754460637998984,-1.3769533535759184,0.0011463517244026389
19.331,2.7472971360757144,-1.3779066897383754,0.0014255821202182328
19.351,2.740724627209213,-1.3788578402235483,0.0012093573601008878
19.371,2.734329633283736,-1.3798251687400191,0.0010044298335813717
19.391,2.7272053413440402,-1.38068318703955,0.0015079091042730086
19.411,2.7201948755530934,-1.3815550553963618,0.0013458411224784028
19.431,2.7137243217747313,-1.3824658019931348,0.0010295866937134746
19.451,2.7069030899809277,-1.3832881746660275,0.0013342138982120333
19.471,2.699554413466989,-1.3841742649207922,0.001399265290476126
19.491,2.692900227270773,-1.3849798425512536,0.0011281395638869651
19.511,2.686336081692515,-1.3858791630855778,0.001083869762891515
19.531,2.6791190019688385,-1.3866194228065745,0.0015354459156820266
19.551,2.6726561975044847,-1.3871708302799248,0.0012040616395964376
19.571,2.666235751900221,-1.3879846864898984,0.0008267008138999887
19.591,2.6590123229723397,-1.3887146870094833,0.0014751807848792653
19.611,2.651806467600639,-1.389492402606825,0.0013371307333222282
19.631,2.6452694834562602,-1.3902299806147727,0.001024629124389137
19.651,2.6385121265229143,-1.3909603430317068,0.0012125631497754974
19.671,2.6311528954167227,-1.3916690431086156,0.001426667856391589
19.691,2.62464398011898,-1.392228492591393,0.0010881012318446626
19.711,2.6181700539452772,-1.3929670259248643,0.0008639229194791764
19.731,2.61084044348087,-1.393565256894597,0.0014653940308228253
19.751,2.603981376212684,-1.3941477963840379,0.0012301749245885174
19.771,2.5975553510583715,-1.3947996981719446,0.0008595607555828555
19.791,2.5904504948330893,-1.3953211042045408,0.001425467542569503
19.811,2.5832096170634387,-1.3958909410035172,0.0013092647029435966
19.831,2.576586040024364,-1.396448902345111,0.0009446786884796388
19.851,2.5699319177927737,-1.3970670554721913,0.0010915958389040858
19.871,2.5625580678898503,-1.397543387389918,0.0014589334695113143
19.891,2.5559192327423013,-1.3979431058669822,0.0011528945355722964
19.911,2.549428561422626,-1.3985076214105734,0.0009401174458567585
19.931,2.542196519676389,-1.3989610699773773,0.0014458311277457114
19.951,2.5351909032507476,-1.3993918027654755,0.0013001204080927142
19.971,2.528684441645435,-1.3998909951297545,0.0010022493280052447
19.991,2.52177962012714,-1.4002925269582505,0.0013226977050808386
20.011,2.514453908747949,-1.4007037987093822,0.0013351722289874635
20.031,2.507893373523225,-1.401076028889976,0.0010532084127092556
20.051,2.5012811093273,-1.4015818941239049,0.0009359871226456151
20.071,2.4939299750857193,-1.4018991398333498,0.0015631015519208813
20.091,2.487619766005091,-1.4020039876170232,0.001145061708717754
20.111,2.4808836282253184,-1.4024043083398028,0.000912954506955499
20.131,2.473761808117066,-1.4027029342119053,0.0014761605345651185
20.151,2.4667973490953896,-1.403000843678151,0.0013294086659914883
20.171,2.460159658609936,-1.4034212405124755,0.001149851178637834
20.191,2.453344291118115,-1.4037598518310512,0.0011934063285300167
20.211,2.446143727374033,-1.4040348875371365,0.0015926560636652098
20.231,2.4399186287023595,-1.4041306807070957,0.0009289934000233369
20.251,2.4329170133929687,-1.404600416912207,0.0008940041957719025
20.271,2.4257851979091005,-1.4048310788706473,0.0014348696133170136
20.291,2.418864898856448,-1.4051909167631744,0.0012914834273682618
20.311,2.4125679989425284,-1.4055094464928595,0.0010087808941600107
20.331,2.4053420099269593,-1.4057637838780295,0.0014183622619162173
20.351,2.3986044683032826,-1.4059157976547907,0.0012682515471605649
20.371,2.3916487425253443,-1.4062710726269412,0.0009009376936380264
20.391,2.3845371477592416,-1.406562304647955,0.0012174503991952967
20.411,2.377428898575179,-1.406845042071375,0.0013209013706368122
20.431,2.3708389566367973,-1.4070807792795434,0.0010960196258456567
20.451,2.3643694363434578,-1.4074307992874902,0.0008704329947089307
20.471,2.3570832977674794,-1.4076409015714904,0.00143736624350016
20.491,2.3502867144819026,-1.4078756963693917,0.001313245009195524
20.511,2.343743088404586,-1.4082089116740057,0.0009302939129734455
20.531,2.336620923332765,-1.4084110181003344,0.0015356117691097404
20.551,2.329271039854688,-1.4086165549588767,0.0013937632646594533
20.571,2.322745162491774,-1.4087952908808148,0.0010544947441654406
20.591,2.3161064827764206,-1.4091189918875815,0.0010437487606149154
20.611,2.308741821092839,-1.4092377608559477,0.001660990736541329
20.631,2.3023019254134347,-1.4091906649992398,0.0012876170982894786
20.651,2.296068684080674,-1.4093892472712446,0.0009335478628569038
20.671,2.2887688559741433,-1.4094803473674937,0.0015992613248534127
20.691,2.28145435958733,-1.4096081538470338,0.0013475551267671249
20.711,2.2747887113193626,-1.4098022512253474,0.0013556304789034412
20.731,2.2680985416695036,-1.4099459277769248,0.0012417498275931749
20.751,2.260931957371156,-1.4099135836850825,0.0017229767811358099
20.771,2.254577769002591,-1.4098277688540768,0.0010854509422586756
20.791,2.2475322696257467,-1.4100386000025555,0.0010022095916513152
20.811,2.240446050734516,-1.410001007933578,0.0013606281616234395
20.831,2.233321128713372,-1.410124665508017,0.0010978981192561466
20.851,2.2267515649508294,-1.410253735316623,0.001080572798096674
20.871,2.2194161636780594,-1.4102944586826627,0.0015040093694518308
20.891,2.2125770504031608,-1.410258478032165,0.0014317888207909524
20.911,2.205650411219923,-1.4104482306536363,0.0010004637079794598
20.931,2.1984767580201305,-1.4104675996482046,0.001295788841051998
20.951,2.191414297860177,-1.4105199259215955,0.0013255578328206785
20.971,2.18455201479734,-1.4106297505053442,0.0010309294205975983
20.991,2.177980159643236,-1.4107870213334741,0.0009272743142018924
21.011,2.17074078856354,-1.4107600374643452,0.0015916292240709118
21.031,2.1644720495893788,-1.4106441922727515,0.0011348409329768328
21.051,2.15746985745634,-1.4108047909545545,0.0010060773781734034
21.071,2.150350081845099,-1.410799587347917,0.0014313401242866397
21.091,2.143205087535484,-1.4108865355816207,0.0012797105975974055
21.111,2.1369157154617877,-1.4109778321059965,0.0008875750422906448
21.131,2.130017284950599,-1.4109986164052277,0.001265067210258486
21.151,2.1227878261132096,-1.4109961402674784,0.0014625748185883858
21.171,2.116393898957959,-1.4109475134631742,0.0010018042063044685
21.191,2.109617500796094,-1.411062347101684,0.0008969595477637815
21.211,2.1024122642998253,-1.4109789637867967,0.0014537883656105532
21.231,2.0954852693588504,-1.4110392491263433,0.0012738978179789306
21.251,2.089071200786162,-1.4111340323788082,0.0010172997408771645
21.271,2.082023205591292,-1.4110523313789545,0.0013568048910393704
21.291,2.075063507123528,-1.4109326253490528,0.0013220713403370166
21.311,2.068478280059717,-1.410899267995937,0.0008183072026640981
21.331,2.0614804690497737,-1.4108624670139596,0.0011355783498232241
21.351,2.054265036965559,-1.4107645003410296,0.0013750746946214476
21.371,2.0475150289466195,-1.4107008658178684,0.0011951760963725966
21.391,2.0408683480153917,-1.410717297298418,0.0010526502982830532
21.411,2.033723742276885,-1.4104998715194685,0.0015150957564079026
21.431,2.0269260073272504,-1.4102891516353544,0.0013706803775783427
21.451,2.0204781819633153,-1.410206571376887,0.0009140514445176717
21.471,2.013397995577022,-1.409993725354062,0.0013151351837354663
21.491,2.00636881394813,-1.4098338235347503,0.0013792898867876213
21.511,2.000016263198911,-1.4097321626942525,0.0008280876553792282
21.531,1.9932601609885308,-1.4096371347505485,0.0010751968317818106
21.551,1.9858832569213734,-1.4094282709248502,0.0014066623169274595
21.571,1.978932450938683,-1.4092533786298838,0.001285072993572528
21.591,1.972295946286733,-1.4091551583010167,0.0012396985314973574
21.611,1.965351834094076,-1.408875721045523,0.001409125593764854
21.631,1.9583313865561174,-1.408591230152815,0.0014313418325238025
21.651,1.9518798650788394,-1.4084160083788382,0.0009406030448156355
21.671,1.944832317720088,-1.4081360769470495,0.0012331313092751595
21.691,1.9376705623537942,-1.4078480864255036,0.001383258332880194
21.711,1.931254052649352,-1.407686701376119,0.0010027724212655909
21.731,1.9246917675005024,-1.407538219650124,0.0008574121967423742
21.751,1.917358934166642,-1.4071498645916516,0.001489472998862068
21.771,1.9106568438888112,-1.406836458854076,0.001233932004270355
21.791,1.9041716844938075,-1.406646548193067,0.0009880724630039195
21.811,1.897113184451155,-1.4062409271453393,0.0014720925749830138
21.831,1.8900070311102626,-1.405846340411111,0.0014299622974724147
21.851,1.8835578475618575,-1.405521154325209,0.0009090007451778848
21.871,1.8766935014014252,-1.405155232756696,0.0011625487443314153
21.891,1.8694106236812171,-1.4047056767230461,0.0013336653248795793
21.911,1.862950846905985,-1.4045225101647214,0.00110890441865652
21.931,1.85656798160844,-1.4043088563069976,0.000869584077528518
21.951,1.849278873236293,-1.403770402264837,0.0015697317860036974
21.971,1.8427861139072352,-1.4033604082321383,0.0013300061088154513
21.991,1.8362847586545739,-1.4030626716681167,0.0009210335155083182
22.011,1.8292149243174594,-1.4025243871833015,0.0013657181527738926
22.031,1.8223907282415583,-1.4021138111879483,0.0013289585271523685
22.051,1.815748978640718,-1.4016813520408946,0.0008196828340962248
22.071,1.808812681879146,-1.4012568406582313,0.0011228943686016624
22.091,1.8016156472549478,-1.4007148153593363,0.0014105063392813866
22.111,1.7949157391509394,-1.4004345063632717,0.0011864946562232526
22.131,1.7887845160529503,-1.4002051566564573,0.0008881628943030462
22.151,1.78152539260667,-1.3995869169532646,0.0015488819320386704
22.171,1.7746458868246033,-1.399060192202661,0.0013694359006583556
22.191,1.7682309503851,-1.3986585920644516,0.001092077100340455
22.211,1.7614293000980064,-1.3980636006529503,0.0013709222370922314
22.231,1.7542018511458246,-1.397439084336048,0.0015669732716088736
22.251,1.7478256061277029,-1.3969332276100153,0.0009199296819370761
22.271,1.7409941086856904,-1.3963888852579602,0.001041233836859945
22.291,1.7337720522144555,-1.395668714745815,0.0014152223694392507
22.311,1.7271338731884078,-1.395309947179187,0.0011741625343891504
22.331,1.7206581862516068,-1.39484063152918,0.0009376242888707864
22.351,1.713494256033455,-1.394048572987228,0.0015021292754782978
22.371,1.7064144155845822,-1.393371450606151,0.0013730439033555197
22.391,1.7000486445270657,-1.3928107302102,0.0010363427843805562
22.411,1.693330516636848,-1.3920956678746617,0.001328674233646493
22.431,1.685949468539195,-1.3912713227397713,0.0015624646104412943
22.451,1.6797462143913104,-1.3906928436817683,0.0009855551202351265
22.471,1.6730136559108257,-1.3900079032629038,0.0009531039702811162
22.491,1.6658084837546465,-1.3890554038915688,0.0014999720375690473
22.511,1.6594722105338076,-1.3884693705696833,0.0011669858556548895
22.531,1.6527767587666424,-1.3877453864711276,0.001011723541620102
22.551,1.6457515097477209,-1.3868311862752176,0.0013794724109898182
22.571,1.6385730139976236,-1.3860041296831915,0.001297230582380876
22.591,1.6324198333538558,-1.3854834992853868,0.000889956148048654
22.611,1.6254196346726464,-1.384673321600273,0.0011528419696157366
22.631,1.6183222790130993,-1.383703688519464,0.0014032171364598833
22.651,1.6120036663495612,-1.3830200548442428,0.0010371812445846562
22.671,1.6053097405650336,-1.3822422739687994,0.0009923956693640157
22.691,1.598178690297514,-1.3812360004036528,0.0014219068743895336
22.711,1.591299837411081,-1.3804954116779913,0.0012881125281307138
22.731,1.5850335711403598,-1.3799123760906833,0.0009389677859449608
22.751,1.578071604240976,-1.3789124221147149,0.0013413158392306668
22.771,1.5709423032339165,-1.3779477273580603,0.001337241698825875
22.791,1.5645812738197917,-1.377057590009496,0.0007849468565932216
22.811,1.557825828985455,-1.3760906987453487,0.0011072918120703656
22.831,1.550645573718755,-1.374992034554344,0.0012916470976392647
22.851,1.5442128525425245,-1.374333140126249,0.0011433003211838988
22.871,1.5378663873631193,-1.3735973724404151,0.001047551396437002
22.891,1.530847609208204,-1.3724603819961283,0.0013449712303629513
22.911,1.5240168420740565,-1.3715514673255114,0.001261076245554743
22.931,1.5176483225789692,-1.3707770245955566,0.0009126264107448545
22.951,1.5107871595627114,-1.369646511346941,0.001236007863273908
22.971,1.503604214180156,-1.3685114872068946,0.0012837389340318583
22.991,1.4976185882266675,-1.3678042670101793,0.0008429982724867113
23.011,1.4908315997080548,-1.3667940675858499,0.0009310016050967374
23.031,1.4837609707688275,-1.3655891783029697,0.0014087221309245779
23.051,1.4772716401076873,-1.3646011679515104,0.001075830061972538
23.071,1.4704465442717025,-1.3635609338279329,0.0009200346323665343
23.091,1.4634234639118602,-1.3622823152416386,0.0013757923846857145
23.111,1.4564010237479004,-1.3611688318259212,0.001296844489254656
23.131,1.4501460339301748,-1.3603898538394414,0.0009585739091802215
23.151,1.443484085400034,-1.3592549988614024,0.001195033875509205
23.171,1.4363083552850826,-1.3579963036038885,0.001484922116038151
23.191,1.430016380769094,-1.35701334443081,0.0009449543174158415
23.211,1.4234551923942484,-1.3559534821600219,0.0008107239067599581
23.231,1.4162508625950798,-1.3545563773758766,0.0015258490038609074
23.251,1.4095006272377035,-1.3533593231423549,0.0012777492170649163
23.271,1.4031577499530627,-1.3523405031763718,0.0011203767120344932
23.291,1.3963652892910305,-1.3509965808714166,0.0013873578775842332
23.311,1.3893716308385815,-1.3497286812798024,0.0015283223825093561
23.331,1.3827144001277851,-1.3483876409832698,0.0007244779512582122
23.351,1.375683697770282,-1.34710877377329,0.0010902113945878977
23.371,1.3687183608514613,-1.3456935513445794,0.0012631870017296432
23.391,1.361739470014082,-1.3443841923661672,0.000974842166821005
23.411,1.3551736132015977,-1.3432445060780491,0.0009863449312033923
23.431,1.3482725071115997,-1.341845523433475,0.0014712203430513049
23.451,1.341791372130527,-1.3406014310103582,0.001181963374102396
23.471,1.3350298020158076,-1.339408969221324,0.0008921478782662473
23.491,1.3280855098744335,-1.3379534093793692,0.0013303780002968668
23.511,1.3210416837981818,-1.3365924930377184,0.0013287800838699404
23.531,1.3149786774303533,-1.3355988126984057,0.0008391319559837296
23.551,1.3081678156020098,-1.3343240735642716,0.0010755180117964225
23.571,1.30110208270635,-1.3328662220455714,0.0014096918594903307
23.591,1.2948320885063063,-1.33174578151458,0.0010751748456058197
23.611,1.2881323579679314,-1.3304668062630693,0.0009359708068649719
23.631,1.2811323634159546,-1.3289527830541519,0.0015249742607044425
23.651,1.2743126522047916,-1.3275621393428783,0.0013295573582448317
23.671,1.2679472301024084,-1.3263735966923502,0.0010541321208240306
23.691,1.2613210439545721,-1.324951498065706,0.0013261391920545706
23.711,1.2540773362621782,-1.3233714617189432,0.0013981472812953366
23.731,1.2478019772059845,-1.3221013728580098,0.0009952240883149832
23.751,1.2414825241226923,-1.320808183047431,0.001086134917025
23.771,1.2341671849679015,-1.3191148720852561,0.001611637281103473
23.791,1.227763518199842,-1.3177669769340319,0.0011826426855883476
23.811,1.2216122510946188,-1.3164761500239723,0.0008436733385344397
23.831,1.2144494468578992,-1.3146939869130991,0.001393980069568479
23.851,1.2076791040934913,-1.3131660400092628,0.0013917019576992762
23.871,1.201470674164447,-1.3117443920717315,0.0009209222608768386
23.891,1.1947959056236825,-1.3100934547281688,0.0012557288897163676
23.911,1.187671500308225,-1.308313622525696,0.0013639548410600277
23.931,1.1816351336557176,-1.3070823820578406,0.0010349683694640122
23.951,1.1753777315892577,-1.3056083506737939,0.0010120171483390672
23.971,1.1681532070535738,-1.3037064888974603,0.0015718171534891134
23.991,1.1615359100833924,-1.3020813223004553,0.0012838978975256987
24.011,1.15540834163492,-1.3005814869841295,0.0009462500759916115
24.031,1.148606631291636,-1.298697016745155,0.0014838808213271937
24.051,1.141403596692022,-1.296733015554657,0.0013522368792143469
24.071,1.1352046031637801,-1.295032766699523,0.0009564325137532692
24.091,1.1289802363007317,-1.2933472395267542,0.0011725654514277983
24.111,1.1217694869028985,-1.2912176221074505,0.0014903291460901802
24.131,1.1154698056309527,-1.2895256096428773,0.0010916585457862726
24.151,1.109328045085802,-1.287839998042063,0.0008315650542476127
24.171,1.1021339095242493,-1.2856268795654497,0.0013762125073075726
24.191,1.095694912697688,-1.2838901841721269,0.0012567045275797828
24.211,1.0894130293471858,-1.282078622648202,0.000952548154413535
24.231,1.0827394395676488,-1.2799927844995473,0.0014094478296343693
24.251,1.0756796599902967,-1.2777764301155083,0.0013066344894430981
24.271,1.0693914352850487,-1.2758801189062636,0.001069421609522947
24.291,1.063217794271939,-1.2740607686821674,0.0010428310805696839
24.311,1.056186956597646,-1.2717401308930465,0.00154503200775008
24.331,1.0500248672044612,-1.2698495333287185,0.0011276244206644692
24.351,1.0437088724732022,-1.2679582822784323,0.0009224840081634156
24.371,1.036897431243463,-1.2656457720310401,0.0014650567297924966
24.391,1.0304543583044092,-1.2635560459887523,0.001298808518782807
24.411,1.0243039063177835,-1.261626443115742,0.0008923100639523229
24.431,1.0177115761004059,-1.2593888246394682,0.0012500105405235107
24.451,1.0108088902907,-1.2570792266194801,0.001303875264563159
24.471,1.0047106159553139,-1.2550294667670752,0.0009307759420941475
24.491,0.9981459849735838,-1.2528598930923083,0.0009413984998723202
24.511,0.9914318755192562,-1.2504792987543485,0.0014246300866093964
24.531,0.9850113326938896,-1.248360566714947,0.0012467934499993671
24.551,0.9788212677437439,-1.2463467672907134,0.001046237332541361
24.571,0.9721861529047331,-1.2440043716059468,0.0014309432463621985
24.591,0.9653842076387366,-1.2416175985832578,0.0013774630077807992
24.611,0.9594047671957802,-1.2396394272496938,0.0009167134230763652
24.631,0.9531878661928619,-1.2374027791794588,0.00121066567193151
24.651,0.9461153974719507,-1.234796787910153,0.0013854237571865047
24.671,0.9398732344694546,-1.2325814273217899,0.0010870751141886514
24.691,0.9339416493630279,-1.230521946297082,0.000926398363840758
24.711,0.9270917815464546,-1.2278824780214,0.001517769232175309
24.731,0.9206260291116323,-1.2254724254720606,0.0012543030509460373
24.751,0.9147023121188166,-1.2233643958340685,0.0008559990084713309
24.771,0.9081130554628829,-1.2207626024905245,0.0014244878104509029
24.791,0.9016294407987059,-1.2182533976774277,0.0014378057750964457
24.811,0.8956593693241225,-1.215982299900046,0.0007387659295975124
24.831,0.8892330695869153,-1.2134428448481738,0.0011606174474849962
24.851,0.8825104688237709,-1.2107165746484214,0.0015125708955899264
24.871,0.876767266208729,-1.20853135544407,0.0010033654385891433
24.891,0.8703658062247259,-1.206040787982691,0.0008968324630734825
24.911,0.8637405324525623,-1.2032508991530153,0.0014512854707361966
24.931,0.8576605273975313,-1.200818603031532,0.0011754954447816546
24.951,0.8513194927898179,-1.1983798882400014,0.0009380479818562049
24.971,0.84481047404952,-1.1956785695084964,0.001245050689853977
24.991,0.838170082642742,-1.1929634337905763,0.0013049326733237665
25.011,0.8323264868650386,-1.1907202261607535,0.0008863250811837475
25.031,0.8258471351129313,-1.18817280553785,0.0009304670444099661
25.051,0.8192813392801375,-1.1853635727806282,0.0013997322917334576
25.071,0.8131627108868494,-1.1829171982317959,0.0011528105223816976
25.091,0.8071540639843708,-1.1805582816630886,0.0008418250391700188
25.111,0.8004726332348406,-1.177718061228086,0.0015172893585914948
25.131,0.7937666987964825,-1.1748909278282913,0.0013405876715404386
25.151,0.7877708113567974,-1.1724971096575039,0.001188668756737593
25.171,0.7818076724298795,-1.1699816107562342,0.001155598327496371
25.191,0.7751355817099267,-1.1670576937621888,0.001618696374256351
25.211,0.7692934999000538,-1.164534827235938,0.0010287774258757043
25.231,0.7630357139809989,-1.1619172155566038,0.0010157850362518261
25.251,0.7564872489986253,-1.1589513997959997,0.001446616591533667
25.271,0.7499103561320151,-1.1561288037400523,0.0012014137455506613
25.291,0.7442805668847793,-1.153858883658776,0.0009409979930190826
25.311,0.7377847309725954,-1.1509513113053755,0.0014707044795877477
25.331,0.7314089664705387,-1.148131834777868,0.0013830808321343147
25.351,0.7253853435556098,-1.1455382990894791,0.0009063840290008118
25.371,0.7190816283744326,-1.1427190653709152,0.0012249077860959079
25.391,0.7124553499347328,-1.1396967073925832,0.0014963362441751948
25.411,0.7064569813488263,-1.1370387897004322,0.0012109085542515163
25.431,0.7005881214706816,-1.1345194995600298,0.0010760892492610308
25.451,0.6940613694615054,-1.1314463450048882,0.0015999952932561068
25.471,0.6878289646466479,-1.1285810381039758,0.0014397334177540522
25.491,0.6820484485400812,-1.1260676470374598,0.001077574363557099
25.511,0.6757719270236434,-1.1230645400880173,0.0014056589737901082
25.531,0.669150278106811,-1.1199042782607602,0.0014299518252301469
25.551,0.6634214412258306,-1.1172948908900655,0.0010192760572194648
25.571,0.6575729028495639,-1.1146385801483043,0.0009847109578123847
25.591,0.6509128915555333,-1.111338817813538,0.0015888813900937215
25.611,0.6450841636291561,-1.108585692062918,0.0011773614324902537
25.631,0.6393713382848915,-1.1059896476789834,0.0008923050215919603
25.651,0.6328159349084715,-1.102686847478743,0.0014602268355578818
25.671,0.6264284631826988,-1.0995388809547424,0.001363097513079864
25.691,0.620699358343921,-1.096722564310808,0.001000361282584017
25.711,0.6145686699657795,-1.0936004405314639,0.0014366831853684925
25.731,0.6078393460615588,-1.0901333291969708,0.001663758288695194
25.751,0.6022936082565691,-1.0873564247059582,0.0009202364659806617
25.771,0.5962690323137858,-1.0843589702260557,0.0010148440391072322
25.791,0.5897906266531623,-1.080919616205654,0.0013689616264595528
25.811,0.5838033710211062,-1.0780223408266107,0.0011777712197666712
25.831,0.5778968305898642,-1.0750384242964885,0.001037487352477412
25.851,0.5716095557178908,-1.0716827764566517,0.0014729282850327319
25.871,0.5654351955105481,-1.0684343268061995,0.0013258331568080095
25.891,0.5595410063544628,-1.0654331517044597,0.0011064842933238839
25.911,0.553638558145152,-1.062317985319956,0.001211212665136796
25.931,0.5471353246157221,-1.0587456631279675,0.0014677416887540207
25.951,0.5415601545700391,-1.0558418910007448,0.000994153685285326
25.971,0.5358479045993718,-1.0528680866044287,0.0009534687783664675
25.991,0.5293004670750431,-1.0492396231705334,0.0014514757168846149
26.011,0.5232331578836129,-1.0459597326584023,0.001286039297995395
26.031,0.5176681234012167,-1.0429995250393091,0.0010100136234339752
26.051,0.5115827147641023,-1.0395592903613975,0.0014345591667469515
26.071,0.5051444701416774,-1.0358946446215591,0.0013548633285390133
26.091,0.49953300855253413,-1.0328058447482247,0.0010102245957955558
26.111,0.49389506021137264,-1.0296423371580945,0.0011389319690589816
26.131,0.48746306664280803,-1.025826295627908,0.0015983224595343404
26.151,0.4819837941635838,-1.0226840553133052,0.0011433414658381658
26.171,0.4764262040918836,-1.0195667619109534,0.0011049576565531904
26.191,0.47035928351975914,-1.0159023158005993,0.001414861985513577
26.211,0.46408618229431997,-1.0122165237526881,0.0011750175774580818
26.231,0.458842217060858,-1.009358845775188,0.0008974424083695309
26.251,0.45285148881908555,-1.005751553927645,0.0012999603197477727
26.271,0.4468875965129067,-1.0021553563716095,0.0013178117029266356
26.291,0.44132797161430376,-0.9988359089204537,0.0007989052270545582
26.311,0.4353981109991067,-0.9952955626863362,0.001034232976620142
26.331,0.42925932523547444,-0.991441686297338,0.0013837644308372365
26.351,0.4233959729264639,-0.9879767522646912,0.0011964815595157385
26.371,0.41813247071847903,-0.9849571532633619,0.0009199317041828636
26.391,0.4120636516573762,-0.9811384874322095,0.0014671158589430466
26.411,0.40622110385558524,-0.9775296089023606,0.0012956354882628918
26.431,0.4006612342103958,-0.9741759815071901,0.0008588438122768272
26.451,0.3947785963213485,-0.9704056339082073,0.0013087106917892277
26.471,0.38871973777947777,-0.9665660080375283,0.001427694892589898
26.491,0.3833166982205136,-0.9632065445259572,0.0008948041043011501
26.511,0.3775925360818695,-0.9596191292575537,0.0009426299184422116
26.531,0.371450304346526,-0.9556479274113533,0.0012814782220206822
26.551,0.36599838163972676,-0.952333110034753,0.0011135989414841896
26.571,0.3603879832144813,-0.948888898584886,0.0009263704642696047
26.591,0.3544197920396905,-0.9449877688465901,0.0014660512051825891
26.611,0.34844953718944716,-0.9411078523370746,0.0013274418167041058
26.631,0.34297165481271363,-0.9376962582780152,0.001062318620277003
26.651,0.3374570709987906,-0.9341394616751082,0.001144839148351895
26.671,0.33127220994336004,-0.9300305510471906,0.0014167211730892193
26.691,0.32593527809272144,-0.9265869540827144,0.0009813384617312904
26.711,0.32034558760482956,-0.9229976037664602,0.0008693677770037489
26.731,0.3143291424986393,-0.9188854609226509,0.0015142351063631987
26.751,0.30848160536913827,-0.9149643700666849,0.0013236951721367907
26.771,0.30306680174478356,-0.9114908779863973,0.0011879182424285872
26.791,0.2974360625089463,-0.907660003051607,0.001352358214905064
26.811,0.29152508614197353,-0.9036085328154554,0.001495981903438942
26.831,0.2863261076179919,-0.9001070055250776,0.000795183110074732
26.851,0.28062913308997883,-0.8962434659960512,0.0011443493889301548
26.871,0.2746568441206629,-0.892071249274909,0.0013419666047010947
26.891,0.2693474734029643,-0.8886421390706846,0.0010493506676291786
26.911,0.2637520404238283,-0.884911194621343,0.0009621863046552492
26.931,0.2579054903208865,-0.8807575955454621,0.0014956202884045255
26.951,0.25250823905993813,-0.876997904275203,0.0013318309443116905
26.971,0.24720610337463916,-0.8734633596294024,0.0009273008221481749
26.991,0.24151429602939267,-0.8694017387354611,0.00147207887737405
27.011,0.2354735448568386,-0.8650929224563347,0.001479132604689265
27.031,0.23021601252539836,-0.8614065501778688,0.001133513917447565
27.051,0.22497692429863242,-0.8578186972176406,0.001070863069107253
27.071,0.21909096599338307,-0.8534509064244299,0.001585122725327126
27.091,0.21380622541677302,-0.8496265471426566,0.0011706144324159229
27.111,0.20837713441807343,-0.8457983717669315,0.0009876358554747056
27.131,0.2026607868212027,-0.8414783981839347,0.001487442687903212
27.151,0.19695077508811124,-0.8372774199556493,0.0013952429461899507
27.171,0.19167803241476067,-0.8334412334554697,0.0011598796944836398
27.191,0.18636997162112431,-0.8294985926031101,0.001301807524946963
27.211,0.1804011344776699,-0.8249766178822744,0.0016275265537306072
27.231,0.1754504779416185,-0.8212632815193802,0.0009816138081040204
27.251,0.16996252314799865,-0.8172285770347351,0.0011037499982999854
27.271,0.16429048624702938,-0.8128097226391616,0.0015588529154462738
27.291,0.1586143059309043,-0.8085599484838747,0.0013003252133753085
27.311,0.1534778901215651,-0.8049998851424919,0.0011612976391432162
27.331,0.14776747469189963,-0.800520760829715,0.0014764053241506092
27.351,0.14213237553529207,-0.7961003730191908,0.001581505026088642
27.371,0.1366309874244926,-0.7918932844976997,0.0009102335194816347
27.391,0.13089340129389362,-0.7875091465151391,0.0012019330354089974
27.411,0.12533176839464522,-0.7831824324112538,0.0012944006375980033
27.431,0.11965365447575917,-0.7788935228338567,0.0009522075547663544
27.451,0.11429583899005205,-0.7749027991184598,0.0010392277217531332
27.471,0.10877375689410014,-0.7705617820820422,0.0014938747474544933
27.491,0.10368611566441657,-0.7666494126960259,0.0011518796235164552
27.511,0.09812482179844624,-0.7624930499578173,0.0009668493620115237
27.531,0.09253099090060626,-0.7580948278765905,0.0013986348669059179
27.551,0.08686314148386834,-0.7537574812815481,0.0012880818540355332
27.571,0.08181459812883109,-0.7500253119669287,0.0008166716848589106
27.591,0.07618297111863959,-0.745702151653549,0.0011203639289027734
27.611,0.07060849053469329,-0.7413796612634985,0.0013470460061204836
27.631,0.065424574413037,-0.7375728201456814,0.000996091716290004
27.651,0.05982045465245952,-0.7333647453257519,0.0008962879563638726
27.671,0.05421239019901371,-0.7289154142514598,0.0014407850297452063
27.691,0.04869541456257323,-0.7247733402798419,0.0012993744101817417
27.711,0.04357568766761515,-0.7210698215556887,0.000958655042585882
27.731,0.03814822852877074,-0.7167176903842267,0.0013717103830758193
27.751,0.03249765434637062,-0.7122382657997928,0.0014019101767494546
27.771,0.027548295050545624,-0.7083914067402127,0.000782389231784475
27.791,0.022159290168114132,-0.7041700777781895,0.0010445804014574123
27.811,0.016530112406687857,-0.6995422117738712,0.001325115079676309
27.831,0.011227862205746834,-0.6953443633626517,0.0011791914486289357
27.851,0.006123709882181395,-0.6913567526340554,0.0009121818471714005
27.871,0.0005990572327869981,-0.6867422024781327,0.0015314061629698728
27.891,-0.004794881272491287,-0.6823187748177186,0.0013806292993065739
27.911,-0.009732881830397541,-0.6783815442491093,0.0008721911884141953
27.931,-0.015068201976485791,-0.6739236821002714,0.0012453127928603591
27.951,-0.020716814685864563,-0.6692624961899022,0.0012735321672167899
27.971,-0.02551053298644029,-0.6654225348496635,0.0008649698273427431
27.991,-0.030777354185779024,-0.6611010493430073,0.000949911666769998
28.011,-0.03630763114958974,-0.6564009316011348,0.0013314607883342378
28.031,-0.04150563941157233,-0.652116169246785,0.0011808375078720679
28.051,-0.04648542428101212,-0.6480436514519958,0.0008198124493119241
28.071,-0.05193509445274042,-0.6433351607686066,0.0014920060897690435
28.091,-0.05757671695667045,-0.6385001823192199,0.001264935902440284
28.111,-0.06255964830589725,-0.6343181302957328,0.0010769499621729461
28.131,-0.06753159161512966,-0.6300962055082376,0.001135127539773767
28.151,-0.07309925766564379,-0.6251840933732032,0.0016427394944178164
28.171,-0.07777975698247097,-0.6210412739605519,0.001142042709314589
28.191,-0.08289101889283124,-0.6166349959467442,0.0010298355117698
28.211,-0.08821788825513684,-0.6118745422774187,0.0014513554306109233
28.231,-0.09363094007967382,-0.6071698281645861,0.0011682902037083442
28.251,-0.09848810742130847,-0.6030386270545915,0.0008886910396656844
28.271,-0.10378048561330869,-0.5983106553738344,0.0014014157970671515
28.291,-0.10878563498162792,-0.5938567203625024,0.001383276890777524
28.311,-0.11374538221286934,-0.589481040404273,0.0007949795866618592
28.331,-0.1189798677935473,-0.5848892047460634,0.0011490651308792288
28.351,-0.12434009334431437,-0.580048054747702,0.0014938524938516717
28.371,-0.12952702276933223,-0.5754483202377462,0.0012604799114826482
28.391,-0.13452064125256516,-0.5711358849028682,0.0012666724124951456
28.411,-0.13969796216569735,-0.5664147597412452,0.001492971865140691
28.431,-0.14465999447541564,-0.561886808093803,0.0014976519444653835
28.451,-0.14972908902065393,-0.5573574483774905,0.0009702912733410285
28.471,-0.15509051569058663,-0.5524895716015668,0.001274369089035332
28.491,-0.16029030197647273,-0.5477663792921398,0.0012948926363519908
28.511,-0.16556028668734202,-0.5431150123773065,0.0009752569637599129
28.531,-0.17058184205655433,-0.538744840271801,0.0010091572934448068
28.551,-0.17573220701786785,-0.5340151098715499,0.0014781345350973474
28.571,-0.1806514883609188,-0.5296276199044551,0.0011432098920660938
28.591,-0.18580977882655586,-0.5251101961060398,0.0010116687344988162
28.611,-0.19105054875623767,-0.5202862502120886,0.0014592528446081
28.631,-0.19636063310869634,-0.5155383104148854,0.0013286960148783944
28.651,-0.2010722341970627,-0.5115526122403474,0.0009617494118875358
28.671,-0.206211544908861,-0.5068703141105726,0.0012944249408030073
28.691,-0.21132776714897628,-0.5022007220578754,0.0013924935470372157
28.711,-0.21642448282527532,-0.49758739757298454,0.0009692512482306626
28.731,-0.2217400039699467,-0.49288941033925887,0.0009406535208168754
28.751,-0.226938181190807,-0.4880248219751035,0.0014319734256705574
28.771,-0.23210994102613053,-0.4834319501315718,0.0012906061397562618
28.791,-0.2368236971962735,-0.47931826407485256,0.001026101635461546
28.811,-0.2420336052710793,-0.47445909254333457,0.001419116778174856
28.831,-0.2472118616840181,-0.4697380887073385,0.001383270674577719
28.851,-0.2521011674060327,-0.4654092275298069,0.0010572393500433708
28.871,-0.2570525506639335,-0.46089899855743777,0.0011958291881470628
28.891,-0.2624530064974985,-0.4558018280010638,0.0014125134468372103
28.911,-0.26731941411148347,-0.4513822153474556,0.0011146870318687052
28.931,-0.2721309058075363,-0.4471020423240445,0.0008751460724765459
28.951,-0.27749045398668903,-0.44196171589054406,0.0014648335290825543
28.971,-0.2825976833234578,-0.4373471273063386,0.0012983645537164856
28.991,-0.2873651082023557,-0.43309898319017176,0.0009926135571465544
29.011,-0.29246584954828414,-0.42814895868972386,0.0014021231978769144
29.031,-0.2976422272223038,-0.42316733250378863,0.0013954973703137197
29.051,-0.3023541946774804,-0.4187786649766788,0.0009359671515334345
29.071,-0.3071511928117447,-0.4141991646664687,0.0011839070032214905
29.091,-0.31246570184052924,-0.40895807321576116,0.0014807363347811298
29.111,-0.31735311452680365,-0.40420094187907685,0.0012116815445731288
29.131,-0.3220107291419423,-0.39976268128600345,0.0010139682608249767
29.151,-0.32706948915455697,-0.3946183414596638,0.001569511463948181
29.171,-0.33191773151662013,-0.3897453530778282,0.0013580414292725107
29.191,-0.3365236379205627,-0.38523723024343853,0.0008768833423912215
29.211,-0.341472514331553,-0.38021188452158905,0.0013667609428121286
29.231,-0.34646167285470686,-0.3751405672463598,0.001364954157480447
29.251,-0.35109465009195573,-0.37050337436408315,0.0009696779221206875
29.271,-0.35579234743442284,-0.36580582474478285,0.0010981639276455013
29.291,-0.36097441058319923,-0.3604437096847395,0.0014569551682618864
29.311,-0.36578302554709863,-0.355533182035097,0.0012106824971313268
29.331,-0.37028892169064387,-0.3509865429814658,0.000982959753609458
29.351,-0.37520144025452307,-0.34576421995696066,0.001428083489865506
29.371,-0.38024002832447135,-0.34057002094436395,0.0013110561597270975
29.391,-0.3846458089959454,-0.33624145227426194,0.000822401802467787
29.411,-0.3893259306053998,-0.33119635012052867,0.001304943338095499
29.431,-0.3944251231972112,-0.3257080984880145,0.0012886132977293907
29.451,-0.3988838832721348,-0.32122397766138,0.0009365488651414955
29.471,-0.403346328250758,-0.3165188492679983,0.0009866658417943264
29.491,-0.4083417713614143,-0.31096782927678,0.001370153630424753
29.511,-0.41297735010300257,-0.3061382532745243,0.0012065277131985408
29.531,-0.4173418944904777,-0.30155381582462626,0.0008684554018454915
29.551,-0.4220899773167481,-0.2961985000507784,0.0014563223582276796
29.571,-0.426854043797047,-0.29082161679955676,0.001323683350873378
29.591,-0.431146753577313,-0.28609454700159986,0.0008592322403977726
29.611,-0.43562053462966804,-0.28109282288800963,0.001253929849376334
29.631,-0.44056005065700643,-0.2754144825665411,0.001459100519276918
29.651,-0.44495186943166404,-0.2704010692569356,0.0011120142454529858
29.671,-0.4491985875842673,-0.2656608635100801,0.0009402506536665134
29.691,-0.4538837143124943,-0.2600996821331636,0.0015549617059150977
29.711,-0.4584016355650164,-0.2547300614568025,0.001357486111048689
29.731,-0.46256967976333346,-0.24994906460175714,0.0009851793351401128
29.751,-0.46700156442625207,-0.24458712218447465,0.0013741817390905409
29.771,-0.4713984201531294,-0.23927473744290212,0.0014641665853260544
29.791,-0.47583058187695965,-0.2340208027440135,0.0008041299659670709
29.811,-0.4805219551175428,-0.2284895438007284,0.0010727746255539683
29.831,-0.4850013576955688,-0.22306478657671713,0.001297959669540244
29.851,-0.4894771120978544,-0.21778337124289976,0.001152331472615592
29.871,-0.49349128216590726,-0.21307878180863465,0.000836268092902076
29.891,-0.49808589908325207,-0.20749107810558923,0.0014987460149208376
29.911,-0.5023603974182669,-0.20232978836905585,0.001307222417043008
29.931,-0.5065291533995545,-0.19751465873247973,0.0008799303474095743
29.951,-0.5109626192857015,-0.19211953832232373,0.0013625670298037795
29.971,-0.5156233256809297,-0.1864078127120385,0.0013306067120579523
29.991,-0.5197988796501347,-0.1813793183596628,0.0010539357402840066
30.011,-0.5239346003823242,-0.17643975880714008,0.001003642117096637
30.031,-0.5285696835572337,-0.17062743263317504,0.0015445898535366709
30.051,-0.5328336944593187,-0.16528313400968841,0.0013070315973912616
30.071,-0.5369231473021355,-0.16035859779381073,0.0011408959791338602
30.091,-0.5412081495054628,-0.1548912574208104,0.0014638750350855212
30.111,-0.5455246111091036,-0.14934909705614735,0.001423296882437336
30.131,-0.5495088682591309,-0.14431890738257228,0.0008801618166389968
30.151,-0.5537944544199206,-0.1388414664970769,0.0013172760720837895
30.171,-0.558274588176757,-0.13305074978197853,0.001396395325082761
30.191,-0.5623718842856205,-0.12810347251104506,0.0011160082292621665
30.211,-0.5664592875837973,-0.12310648817290426,0.0009650511152741181
30.231,-0.5708774341508462,-0.11726028310786364,0.0015722838842049947
30.251,-0.5748747647666874,-0.1119603971168723,0.0012731068423923464
30.271,-0.5788391527522442,-0.10696633449168022,0.0009356633263638281
30.291,-0.5830573878599776,-0.10127564139890238,0.0014583566537675619
30.311,-0.587455378841883,-0.0954449438959935,0.0013886723242446108
30.331,-0.591350219955466,-0.09023627596166013,0.0009412837777018901
30.351,-0.5953484447821148,-0.08496870350371642,0.00122431778569293
30.371,-0.5997732703447316,-0.07892763900425215,0.00153573970120216
30.391,-0.6035895093726081,-0.07369645509175161,0.0011846839801308018
30.411,-0.6074984008559219,-0.0685691549351446,0.0008878865679668724
30.431,-0.6117638933958298,-0.0625598849050228,0.0016170315290414683
30.451,-0.6156675737606253,-0.05702721559136208,0.0013608436210349184
30.471,-0.6194167147571477,-0.05197449396130335,0.0008907745707507353
30.491,-0.6234620772101597,-0.04621332768619084,0.0014957710574491356
30.511,-0.6277370276588984,-0.04009777395881779,0.0013999376481007852
30.531,-0.631488458215985,-0.03479878420008357,0.0011186766368755097
30.551,-0.6352350279709307,-0.029623172237617144,0.0010277433005549952
30.571,-0.639382587618136,-0.02347575975210782,0.0014812278894083264
30.591,-0.6430156264328007,-0.018148766075030735,0.0010900587366088343
30.611,-0.6470106821748857,-0.012512809146990066,0.000974226644276377
30.631,-0.6509874376150677,-0.006569939644290243,0.0014406255935594525
30.651,-0.655076201864408,-0.0006972730370656058,0.0012567141142293958
30.671,-0.6587999709058661,0.004573261984766042,0.000891112753802159
30.691,-0.6628175261126359,0.010447843787589499,0.0013354330734708098
30.711,-0.666799488188582,0.016315205779329513,0.001307640415845801
30.731,-0.6706405121822379,0.02183517248041147,0.0011383828222339964
30.751,-0.6744839576620549,0.027260797619904215,0.0010462058627208615
30.771,-0.6784587064502887,0.03336784613327003,0.0015209251522985134
30.791,-0.6822183520555016,0.03900486424838945,0.0012535760253629957
30.811,-0.6859012872427397,0.04431043529647453,0.0010215194269900807
30.831,-0.6897872216793073,0.050238807485271174,0.0014438348871383955
30.851,-0.6937767310437352,0.05631556576210777,0.0013464821589483367
30.871,-0.6974164152426896,0.06177476699132157,0.0010595022488861516
30.891,-0.7010948727367303,0.06734711411928335,0.0011801400786721483
30.911,-0.7050209429805587,0.07348586508550972,0.0014919788301296366
30.931,-0.7085304407844257,0.07893320766235996,0.0009470017448823254
30.951,-0.7123728073218152,0.0847165101585372,0.0008918574968123372
30.971,-0.716190106843237,0.0907944718154766,0.0014778506006590253
30.991,-0.7200638785099278,0.09675534724766763,0.0012228997296840072
31.011,-0.7233668270954619,0.10178419339799212,0.0009366353095070223
31.031,-0.7271528363709401,0.10776183921970027,0.001424908629257815
31.051,-0.7308111096505119,0.11362339279916972,0.0014574427921643096
31.071,-0.7341896402805476,0.11901950392933275,0.0007480902470358153
31.091,-0.7379385157087534,0.12490091302285579,0.0011367170760936685
31.111,-0.741752110775128,0.13106025934761217,0.0013339747906727928
31.131,-0.7453020131787244,0.1366308933366403,0.0011285922757085787
31.151,-0.7488566266579146,0.14211336040119327,0.000852689045915983
31.171,-0.7526050744732258,0.14836270857777256,0.001472681419418781
31.191,-0.75628983271456,0.15436504436888718,0.0012839150484913742
31.211,-0.7597114018487034,0.1597574647953222,0.0009350650417467021
31.231,-0.7632792427989019,0.16568225902831835,0.0013347993047518325
31.251,-0.7670383139031267,0.17196392906765023,0.001366435333779531
31.271,-0.770379300349026,0.1774826579832646,0.0009145907317101021
31.291,-0.7738185385394363,0.18311346951686755,0.0010637622124909096
31.311,-0.777597960771214,0.18955313800844462,0.0014830070977977505
31.331,-0.7809975440572324,0.1953512668677485,0.0011656542727916108
31.351,-0.7843049635432509,0.20078886426401737,0.0008478926345288629
31.371,-0.7878962508626257,0.20708818957612934,0.0014871778922541379
31.391,-0.7914208377010327,0.2133010582759131,0.0012959375214019742
31.411,-0.7947328254282934,0.21883966266105728,0.0010294232960981753
31.431,-0.7980500658553651,0.22465416871888982,0.0012225944978599967
31.451,-0.8016516253921165,0.23109121611949013,0.0014183659936077009
31.471,-0.8047754631041564,0.23669559474859136,0.0009343794309189524
31.491,-0.8081633229535775,0.24257651620976067,0.000917816789473197
31.511,-0.8116016408227368,0.2489721800817397,0.0013467100989180414
31.531,-0.8148858386236306,0.25469264394873836,0.001182663522716093
31.551,-0.8182640993670451,0.26044034348527545,0.0009430342635876054
31.571,-0.8216633513651245,0.2666891251652776,0.0014164401812761795
31.591,-0.8249469044569122,0.2726955450765468,0.0013261152719035163
31.611,-0.8281910964005424,0.2784102431726543,0.0009470862897316412
31.631,-0.8314867190871288,0.2843494461741089,0.0012032140954170434
31.651,-0.8350038131865811,0.2908462236267847,0.001377772879073924
31.671,-0.8382091348604817,0.29656202311367663,0.0011185643775224463
31.691,-0.8412721630875583,0.3019736381424423,0.0008201037285986146
31.711,-0.8446935358884374,0.3084853061116318,0.001532686636084385
31.731,-0.8478718676581881,0.3145147288003269,0.0013127640229910198
31.751,-0.8509829373776278,0.32007821256646996,0.0009232161242189729
31.771,-0.8542506679968367,0.3263324976764741,0.001480988321129445
31.791,-0.8575783033187837,0.3327279155783427,0.0015087560843717318
31.811,-0.8605021258908877,0.3383259505790849,0.0009068304657381121
31.831,-0.8636193875724761,0.34423624723905366,0.0011947438647841868
31.851,-0.8670105883110021,0.3508873260066895,0.0014746964347388813
31.871,-0.869989409724326,0.3567068632057913,0.0012113547113210832
31.891,-0.8729791479493441,0.3622880257273544,0.0008776991094925912
31.911,-0.87622687371317,0.36883781320444453,0.0015203275916595704
31.931,-0.8794517737269812,0.37522935978082966,0.0014099657979308733
31.951,-0.8824280249249797,0.3810346264728899,0.0011784323213313852
31.971,-0.8854106486585765,0.3870718986342254,0.0013273805296465935
31.991,-0.8885848111379098,0.39362687600135804,0.0016052015795609276
32.011,-0.8912483470374617,0.3992448146159519,0.0009213697439908186
32.031,-0.8943740735249056,0.4054686314841012,0.0010543757676560461
32.051,-0.8974371904435948,0.4119892990472152,0.0015402570854765318
32.071,-0.9004078793090089,0.41812622113421444,0.0013133937096684312
32.091,-0.9033576400879382,0.4239349165610899,0.0011064227143727234
32.111,-0.9063371115854245,0.4303427305632916,0.001549865039083942
32.131,-0.9093345642299259,0.43673829521392765,0.001536552869649016
32.151,-0.9119848447950938,0.44231753759441206,0.0008579672548836015
32.171,-0.9149784671083543,0.44864344286240737,0.0012749307586324143
32.191,-0.9180452028515885,0.4550548656050576,0.0014171393181987846
32.211,-0.9208487640241311,0.4608005618257023,0.0009795065323908725
32.231,-0.9238885158996873,0.4670684854167878,0.0009817138112301338
32.251,-0.9268304912591098,0.4736225203516635,0.001443398289945913
32.271,-0.9298628512995869,0.47999617571221526,0.0012026970916211577
32.291,-0.9326411438626769,0.48577993332108077,0.0009220773580979058
32.311,-0.9356017061224493,0.4922560513321673,0.0013883817068257032
32.331,-0.9385543540539045,0.49857216456959474,0.0013940824902011206
32.351,-0.9414160246546214,0.5046323214180123,0.0009432808692427241
32.371,-0.9443265860596315,0.5108515948444026,0.0012062224332316795
32.391,-0.9473825597047693,0.5175492641378647,0.0013804119042762908
32.411,-0.9502522885408461,0.5234494926637338,0.0011013990694669906
32.431,-0.9531101007142251,0.5293010945632673,0.0008908854520509601
32.451,-0.9560817258461718,0.5360046189758397,0.0014784955054974458
32.471,-0.9589245832227663,0.5423633503306916,0.0013256260756060734
32.491,-0.9616430694954263,0.5481469835440947,0.0009887040618271337
32.511,-0.9644032407182547,0.5545205279057355,0.00143204850672507
32.531,-0.9673191930847086,0.5612344611244935,0.0015085639438820186
32.551,-0.96975503969802,0.5669622336715803,0.0008163291961421071
32.571,-0.9724654659761357,0.5731199977119896,0.0011150319062300795
32.591,-0.9753826023445643,0.5799690830645092,0.0012978390423781516
32.611,-0.97806745777715,0.5860028588227881,0.001134150651319138
32.631,-0.9806698347573078,0.5919206564087345,0.0008571727398903051
32.651,-0.9833767644362286,0.5986382362659377,0.0014504657750842587
32.671,-0.9862291799425863,0.605309207160857,0.0012775809164161656
32.691,-0.9887943998816837,0.6111508641352121,0.0009899253796061547
32.711,-0.9913330110810366,0.6174616786797595,0.0012507565920065467
32.731,-0.9940342618321117,0.6242137596979221,0.00141719184069089
32.751,-0.9964171358972469,0.6302118122112413,0.0008629379064086784
32.771,-0.9991049488480986,0.6366279714539242,0.0009515162360242135
32.791,-1.0016973133420872,0.6433683439548781,0.001371977031645627
32.811,-1.004320806877394,0.6497419690224893,0.0011703439462575904
32.831,-1.0067946238369405,0.6557485787309709,0.0009097147349849122
32.851,-1.009383091394344,0.6624017739176592,0.001334187353798283
32.871,-1.0119434093614057,0.6687501907364312,0.0012768948994326679
32.891,-1.0145075011768039,0.6749815519773663,0.0008332398285059162
32.911,-1.0171027885256754,0.6815041479562861,0.0012006590226934788
32.931,-1.0197509607225264,0.688221226965764,0.0012797976406140332
32.951,-1.0222537750018499,0.694149703926419,0.0010886960363490628
32.971000000000004,-1.02479944883402,0.7002006344700082,0.0008906116330272551
32.991,-1.027398089220547,0.7070082754497575,0.001553027338091123
33.011,-1.029710215858052,0.7132213148920956,0.0012433215118907992
33.031,-1.0321873548076284,0.7193346675845411,0.0009054007072877845
33.051,-1.0347004044386723,0.7259549855417976,0.0014436422483059541
33.071,-1.037271286149757,0.7327130910417119,0.0013407123726873749
33.091,-1.0395800980504792,0.7387185576523356,0.0009368028341083245
33.111,-1.0420549690338423,0.7449610057627019,0.00108021191110097
33.131,-1.0445801060704212,0.7517408643892083,0.0015040632932511178
33.151,-1.0468008692557285,0.7578223653491616,0.0010503284322533335
33.171,-1.0492953423751614,0.764129640771365,0.0008075482698810532
33.191,-1.0517920878568325,0.7710270972054927,0.001410836886818756
33.211,-1.0543105050063337,0.7776535453604461,0.001243828160863214
33.231,-1.0563364680156924,0.7832693742184593,0.0009236870245459272
33.251,-1.0587654124836186,0.7898814811560545,0.0013843499509814672
33.271,-1.0612962485030335,0.7966750649904847,0.001384379194527996
33.291,-1.0635614053552183,0.8024350840596497,0.0009492188466976026
33.311,-1.0659229581157923,0.8086373445710056,0.0011309609579790436
33.331,-1.0684299725164703,0.815602694998711,0.001443134590728562
33.351,-1.0708313572132888,0.8218573804405832,0.0012049139615679383
33.371,-1.07314838468944,0.8278575979877433,0.000983177215140768
33.391,-1.0755045716414637,0.8346583175472978,0.0014326379926420663
33.411,-1.0779094619437528,0.8412869971345913,0.0013954039254064632
33.431,-1.0800643636836862,0.8470508291906629,0.0009106292751800416
33.451,-1.0823594849316112,0.8536486511045658,0.0014088578087310955
33.471,-1.0847260311351454,0.8605779590926187,0.0014814901356769439
33.491,-1.0868115588807217,0.8666657995623994,0.0010930052956428793
33.511,-1.0890004357708307,0.8727946668571708,0.0010661646273777137
33.531,-1.0913437705044087,0.8798455096625809,0.0016101035319856238
33.551,-1.0934845348521556,0.8863779807533421,0.0013189777729112062
33.571,-1.0956368194498747,0.8924918551091668,0.0010610297399865631
33.591,-1.0978233163469333,0.8992322279380544,0.0015354033164270975
33.611,-1.0999962859465282,0.9060624246133614,0.0014478333058539072
33.631,-1.1019820913634064,0.9120967482091309,0.0008936398447821348
33.651,-1.104117509338603,0.9187489628646613,0.0013691154309139197
33.671,-1.106408387255142,0.9260269181007578,0.0015077908114250749
33.691,-1.1083662273554293,0.9322700766919302,0.0011441706503524107
33.711,-1.1104171998099306,0.9384539521844807,0.001018473636850703
33.731,-1.112534744969183,0.9455449012868838,0.0015202753634512844
33.751,-1.1146697933935765,0.9522165132632904,0.001331667607701953
33.771,-1.1166424200767047,0.9581539084041808,0.0009492739607833423
33.791,-1.1187046371444134,0.9649887511992297,0.0014612959418170424
33.811,-1.1207285838799619,0.9717933035976574,0.0014099786595237473
33.831,-1.1226238207102504,0.9780140352155917,0.0008423342718414661
33.851,-1.1245764903009399,0.9845680802233772,0.0013049865422672946
33.871,-1.1266504636154038,0.9917354652602934,0.0014304256551509742
33.891,-1.128612288069048,0.9981416203868958,0.0012094925634959508
33.911,-1.1304864069145486,1.0041267544805856,0.0009516575830974261
33.931,-1.1324155606805184,1.0111675104678344,0.0015434120889546432
33.951,-1.1342783305806337,1.0178820146052867,0.0013144763642876645
33.971000000000004,-1.1361241210019455,1.0240424588946535,0.0008938430765997318
33.991,-1.1379929219934082,1.0308868152438688,0.0014562853095638761
34.011,-1.1398686509244857,1.0378863691409823,0.0013798411425086365
34.031,-1.1416234811150097,1.0442253528905654,0.0009587102255252944
34.051,-1.1433941361849689,1.0506523506112315,0.0011635585000152049
34.071,-1.145261957981611,1.0578570024698897,0.0015209701449895308
34.091,-1.1470980022189552,1.0644883008882655,0.0012370567205305105
34.111,-1.1488606605522724,1.0707001075193812,0.0011177823549637922
34.131,-1.1505673660929203,1.077554859097078,0.0014630873927992671
34.151,-1.1522468280803673,1.0844356445248606,0.0012728435213249512
34.171,-1.1539204831975787,1.090720319340352,0.0008573551462441042
34.191,-1.1555813399752781,1.0975058580833454,0.0013232547942535478
34.211,-1.1573736971420931,1.1046539327659555,0.0013188709943983967
34.231,-1.1588339356515636,1.1107195972546906,0.0009116306186189027
34.251,-1.1604153415300043,1.117129591639701,0.0011028031668142702
34.271,-1.1621342741928669,1.1243253943969982,0.0013768027363968705
34.291,-1.1637688087551348,1.1309911985283851,0.0013177420483956037
34.311,-1.1653440420916354,1.1373269698247896,0.001009466243310414
34.331,-1.166873516014878,1.1442267386440685,0.0014747268366644972
34.351,-1.1684970874860212,1.151439077264007,0.00125881093166344
34.371,-1.1699990675527783,1.157807061332677,0.0010181468390627058
34.391,-1.1715305254083226,1.1643578772742678,0.001177271586056211
34.411,-1.1730102476064717,1.1714205649622926,0.0016100181052457752
34.431,-1.1741700034443927,1.177503344182011,0.000912631122628571
34.451,-1.1758154238238538,1.1843838980587424,0.0009175410337881329
34.471,-1.177287194767277,1.191349312799203,0.0013925638535081664
34.491,-1.178820193282619,1.1980561024326206,0.001298072410998552
34.511,-1.180241173466551,1.2041051612400924,0.0008569880785637696
34.531,-1.1817437012509058,1.2110824743186797,0.001355495721670208
34.551,-1.183298552945121,1.2179870901819443,0.0013791320286175301
34.571,-1.1846969180330547,1.224274162352236,0.000845921854677828
34.591,-1.1862072342683252,1.230938972301428,0.0012089346966498438
34.611,-1.1877194644692766,1.2382122590720313,0.0014148174791332457
34.631,-1.1892371445349887,1.2448470250674437,0.001160013631896023
34.651,-1.1906797535956206,1.251194504970311,0.0009799864609762732
34.671,-1.1920415630327015,1.2582584940539203,0.001502277740401431
34.691,-1.1933048935109773,1.265018067093878,0.001250182823362006
34.711,-1.1946428027954756,1.2713109906984292,0.0008386826951414239
34.731,-1.1959820357399584,1.278245650378436,0.0013590193232652925
34.751,-1.1974310887485071,1.2854205988893237,0.001311710676776684
34.771,-1.1986683121505524,1.2914935556467417,0.0008415847041259306
34.791,-1.2000282869130776,1.2982976968723867,0.0010644920638098465
34.811,-1.201374687553316,1.3053661790688955,0.0013129656180854432
34.831,-1.2026783616550425,1.3121060349156546,0.001232420424343017
34.851,-1.2038009469454167,1.3181305300581587,0.0009045226399285733
34.871,-1.2050981760468018,1.3252041555753424,0.0014314857424340688
34.891,-1.2064075999048793,1.332073674354548,0.0013668535114362834
34.911,-1.207680438525757,1.3384850747634642,0.0008933583189591754
34.931,-1.2089747921851524,1.345351647208767,0.001302259851085702
34.951,-1.2103337823201148,1.3525554002411417,0.001345474316742673
34.971000000000004,-1.2113793655648524,1.3589077909272933,0.0009912560718562113
34.991,-1.2126074779071028,1.3654501233900946,0.0010409871081520916
35.011,-1.2138718982324657,1.3726600188010518,0.0013461630877241448
35.031,-1.2150745447137856,1.3791026023711086,0.001170294514553416
35.051,-1.2164244878515649,1.385786340560492,0.0008914236248740992
35.071,-1.2175839132401278,1.3928173706482723,0.0014035111671571732
35.091,-1.2188984342552,1.3998215126318052,0.0012908991960061955
35.111,-1.2197341025930073,1.405797393496518,0.0007601668128021932
35.131,-1.2209406584954852,1.4124897914959713,0.001293066488161465
35.151,-1.2222031169440912,1.4196865095998692,0.0013237097498573491
35.171,-1.2233675534933164,1.4260578701194444,0.0011705351386634422
35.191,-1.2244544197598084,1.432225917770607,0.0009916543344991313
35.211,-1.225673954118589,1.4394838274958464,0.00154920362919439
35.231,-1.2268561290815063,1.4463539836438557,0.00139299820012323
35.251,-1.228029273709851,1.4527777704226827,0.001036342323810363
35.271,-1.2291564278758904,1.459698395647349,0.001455101657636848
35.291,-1.2302808827678389,1.4668430599000726,0.0014164026354967774
35.311,-1.2313317298063748,1.473239724558102,0.0009570209264838925
35.331,-1.232456968292136,1.4798576125738936,0.001209203461015801
35.351,-1.2335732344413881,1.4872021951238896,0.001393635241354163
35.371,-1.2346258101177148,1.49380411781878,0.001128015625698392
35.391,-1.2357215736693237,1.5003332248944887,0.0009230760782044378
35.411,-1.2367493569359904,1.5073659123854146,0.0012994236492690214
35.431,-1.2378217820001178,1.5141341781204505,0.0013066082614940355
35.451,-1.238860862691554,1.5205807671676268,0.0008636651154151076
35.471,-1.2399718876130175,1.5276451634546708,0.0013436113805942729
35.491,-1.2411257353131664,1.5346431887646765,0.0013364458532661438
35.511,-1.2420361862607665,1.5411375275997232,0.0009587405314399611
35.531,-1.2431531957746202,1.5477839317259974,0.0011008585787890546
35.551,-1.244181057687493,1.5549926386982287,0.0014019724703533132
35.571,-1.2451903415956385,1.5615395790377151,0.0012073933752675958
35.591,-1.2462635842003096,1.5680127972204543,0.0007748253938124894
35.611,-1.247288739021357,1.5752860168640546,0.0015146764532417145
35.631,-1.2484333421010658,1.5825121389032129,0.0012868542573891417
35.651,-1.2493125676460126,1.5888083417539178,0.0007386721655187611
35.671,-1.2503411276787166,1.595809640539519,0.001268841263768028
35.691,-1.2513070558285195,1.6026756939215745,0.0014150661477255744
35.711,-1.2522883356714984,1.6092401647966441,0.00101535146784551
35.731,-1.2532903889961746,1.6159473750788675,0.0010353658669988441
35.751,-1.2542954615020017,1.623243081301694,0.001307536000377696
35.771,-1.2553453805003878,1.6302402108746326,0.001115113166718834
35.791,-1.2561540136148222,1.6364831808523612,0.0009423084247542068
35.811,-1.2570757182677232,1.6435086256296079,0.0013612395589283621
35.831,-1.2580097758197895,1.6504845430167272,0.001357620230947404
35.851,-1.2589007184900423,1.6570672926124783,0.0007804813428450019
35.871,-1.2598559120030934,1.6639505813950237,0.0012146843137846308
35.891,-1.2608212215991097,1.671235773524661,0.0013069834099264377
35.911,-1.261676312119601,1.6777689226571717,0.0010419590829099934
35.931,-1.2626370070533999,1.6844548135162565,0.0008565277551491335
35.951,-1.2634424456206863,1.6914894782622094,0.0012677429481815772
35.971000000000004,-1.2643978772433164,1.69850204109834,0.0011998209969292517
35.991,-1.2650951308195157,1.704470700004236,0.0008125169751562744
36.011,-1.265930662126936,1.711517468046017,0.0013219564426826536
36.031,-1.2668985590421156,1.7186530747945137,0.0013174176882348454
36.051,-1.2676391038016457,1.7247021563728118,0.000777543913085238
36.071,-1.268536330080802,1.7316412035367361,0.0011094034819015552
36.091,-1.2694095448987628,1.738757515433265,0.0013037132235018123
36.111,-1.2702872091053923,1.745239881646328,0.0011134259794388923
36.131,-1.2712680064551982,1.751630635564776,0.0007017529512678145
36.151,-1.272097216142759,1.7589079696277958,0.0013762210809259434
36.171,-1.2730112726183147,1.7658986683483655,0.0012688319594379438
36.191,-1.2737042932184395,1.7720464439992294,0.0007980963663315188
36.211,-1.274532362547995,1.779140168997221,0.0012719277977259191
36.231,-1.2754236858509658,1.7861662172238961,0.0012996732646114728
36.251,-1.276171582524241,1.7925488558979568,0.0009226259874481613
36.271,-1.2770766715627224,1.799472721014015,0.0009745218036801284
36.291,-1.2778812637169388,1.80642692885749,0.0013368863137991904
36.311,-1.278789277220154,1.8132203424411741,0.001236237679341473
36.331,-1.2795852006956039,1.819587406617335,0.0008632630957636223
36.351,-1.2804447096747251,1.8266364111058997,0.0013625257232334764
36.371,-1.2813848875983254,1.833531552988465,0.0013548409096448555
36.391,-1.2821763760468634,1.8397431207899928,0.0007758210285400968
36.411,-1.283128548357191,1.8468381673760699,0.001226028865808526
36.431,-1.2840922981104608,1.853843343146836,0.001332296284801665
36.451,-1.284885452422838,1.8604316956868436,0.0011125459678383853
36.471,-1.285623189035907,1.8666132678356808,0.0009604470742269333
36.491,-1.2865451181709648,1.8738141920869635,0.0014177701442806834
36.511,-1.2874750635923458,1.8805792783767632,0.0013394209644771171
36.531,-1.2883512204401104,1.8866299793900256,0.0008223280336546734
36.551,-1.2892404694514257,1.8937582242390734,0.001408156358660928
36.571,-1.290220380047061,1.9009280252797969,0.0013499193044625157
36.591,-1.2909476024781161,1.9070062756907862,0.0008120525151068259
36.611,-1.2918498853794693,1.913930744348179,0.0011909217667926686
36.631,-1.2927339343362816,1.9210580789319702,0.0013519130531317591
36.651,-1.2935374984364627,1.9277296882134287,0.001236721209674968
36.671,-1.2942162758541529,1.9337506759812788,0.0008449915455399082
36.691,-1.2950535189834953,1.9409879129244703,0.0014231098278297272
36.711,-1.2959600013675399,1.947893210401949,0.0013059193254717771
36.731,-1.2967060938461439,1.9541453297652516,0.0008360937443953609
36.751,-1.2975405185492888,1.9612108716524201,0.0013391088822004849
36.771,-1.298462324946483,1.9682090746752379,0.0014339153677937477
36.791,-1.2992362926517045,1.9743848247283162,0.0008978879974974041
36.811,-1.3001446164098978,1.9813531906478996,0.0010986437486669443
36.831,-1.3009855124214735,1.9884427696504834,0.0013171796048727091
36.851,-1.301890316289725,1.9953608991129312,0.0012146771757829689
36.871,-1.3026144087170033,2.001543135093267,0.0009007789849706238
36.891,-1.303434118637319,2.008900001259577,0.0015388347533270286
36.911,-1.3041339928468294,2.0156030454638083,0.0012844112761849769
36.931,-1.3049838175849793,2.02241433793216,0.000851371585644356
36.951,-1.3057547212561413,2.0294785507185416,0.0013312904770151623
36.971000000000004,-1.3066145150558157,2.036567578164471,0.0013652099110373073
36.991,-1.3072671461851677,2.043124965300144,0.001129628682324385
37.011,-1.3079286658184723,2.0494727082776882,0.0010746850141506448
37.031,-1.308746498504464,2.0566870664872208,0.0013504511389964557
37.051,-1.3096016673591295,2.0631780649351086,0.0012359328382717805
37.071,-1.310433639579758,2.069776711372173,0.0008745935484627265
37.091,-1.3111317059739853,2.0769151978394857,0.0014685693529055133
37.111,-1.3119705275107747,2.0840512733827166,0.0012766380860781967
37.131,-1.3125332114565775,2.0902953645583597,0.0007815582067983717
37.151,-1.3132634233564082,2.097155435445236,0.0012767433027686403
37.171,-1.3139567767061466,2.1042277846579798,0.0013866089763905909
37.191,-1.3146965026495239,2.11078375092328,0.0010484575438001464
37.211,-1.3154404719749848,2.1174327300342832,0.0010348870478227856
37.231,-1.3161843923953942,2.124796267524675,0.0014248732159043431
37.251,-1.3169894586144093,2.1319024563052613,0.0011682190393309255
37.271,-1.3175629335415042,2.138032617178326,0.0008457898215526172
37.291,-1.3182235467223093,2.1451391340949946,0.0013168438743801636
37.311,-1.318949025424759,2.1520438258652117,0.0013276458029508331
37.331,-1.3195448017495013,2.1585347854415153,0.0007597248053021477
37.351,-1.3202533281391342,2.165607811028908,0.001172863171449795
37.371,-1.3209440279815792,2.172694357032547,0.0013054725339623763
37.391,-1.3215718977438278,2.1794050788927217,0.0011645194935355208
37.411,-1.3221216731526602,2.1855178656572014,0.0008163141647843375
37.431,-1.3227406699578734,2.1927460398435503,0.0013980982888958937
37.451,-1.3234658783319113,2.1994519001535315,0.001296563831461317
37.471,-1.3241323989895293,2.2057708829448446,0.0007547554887646635
37.491,-1.3247221197049237,2.212870848839453,0.0013921813802494631
37.511,-1.325404278207895,2.2201758010231556,0.0012975636567778837
37.531,-1.325929203899067,2.226587050693329,0.0008615184153550337
37.551,-1.326554651618857,2.23340013895295,0.001069105011125393
37.571,-1.3271540731374651,2.240512907692935,0.0013028699635115604
37.591,-1.3277770286272574,2.2468725189003824,0.0011077346155025924
37.611,-1.328451520596429,2.253546491380101,0.0008095109935458422
37.631,-1.329022407824116,2.2606655113980856,0.0013126909855951663
37.651,-1.3296929128255888,2.267767495873889,0.0012100983140096444
37.671,-1.3300754324836968,2.273962335699888,0.0007944215120298803
37.691,-1.3306795087827619,2.2809660891950414,0.0012278089970229888
37.711,-1.331331347689863,2.288105323504364,0.001321204720143937
37.731,-1.3318253999694787,2.294459049342293,0.0008877643307247107
37.751,-1.3324844559270739,2.301436146968229,0.000978102983162088
37.771,-1.3330415502157447,2.3085435638259213,0.0013193437503148386
37.791,-1.3336929060216756,2.315593739443686,0.0011722983527374664
37.811,-1.3340523904653088,2.3217546036870136,0.0008298118121168596
37.831,-1.334594545032721,2.3288804209591043,0.0014470087827437583
37.851,-1.335033783047063,2.3356498147259175,0.0013126276763479328
37.871,-1.3355699269516539,2.3421819101918144,0.0007019177589200898
37.891,-1.3361846990412567,2.34920818874401,0.001167342819525824
37.911,-1.3367884800336,2.356342595184246,0.001309812804981908
37.931,-1.3371971764721047,2.3627877260625185,0.0010074173422064125
37.951,-1.3378223903985758,2.3696049215188517,0.0008199570331780814
37.971000000000004,-1.3383027911156675,2.3766936572919364,0.0013743214858147335
37.991,-1.3388658032521388,2.3836509092952647,0.0012843565994199446
38.011,-1.3392571872008026,2.3898252388658996,0.0008214082778741916
38.031,-1.3397706862628684,2.3969200462174127,0.001302404710997851
38.051,-1.340358664942785,2.403931778652213,0.0013531866928905845
38.071,-1.3407560424759257,2.4102735047367148,0.0008167324734315029
38.091,-1.3413590466165897,2.4173480659828614,0.0011277142828902686
38.111,-1.3419092619492068,2.4244193234468177,0.001301769405999298
38.131,-1.3424356171337042,2.43120524193254,0.0012343355257541655
38.151,-1.3428495062707215,2.437258304735879,0.0008028487770831982
38.171,-1.3433703388032503,2.4444883911069897,0.0013647497627676253
38.191,-1.3439382141205993,2.4512451947228575,0.0013491439378089387
38.211,-1.34443838046916,2.4575762075724814,0.0008262660530892196
38.231,-1.3449947029439377,2.464642597709074,0.0013066859448905843
38.251,-1.3455801175465423,2.47177926095429,0.0013314711785060163
38.271,-1.3459530870428478,2.478118900677539,0.0009500221207366932
38.291,-1.3465138152024538,2.484872438287913,0.0011686580377976707
38.311,-1.3470438393059394,2.4921524227713263,0.001463594904939275
38.331,-1.3475560726973455,2.4989421392166253,0.0013018079743645772
38.351,-1.3481344852557258,2.5054919904175152,0.0009207984790156054
38.371,-1.348595183581298,2.512692106146876,0.0015708205753037774
38.391,-1.3491138068802833,2.520042493270149,0.0013130485368931522
38.411,-1.3495025212438274,2.526182316235218,0.0009201533285963792
38.431,-1.3499844392791531,2.533070684333046,0.0012812585533381327
38.451,-1.350439411362019,2.5403338588862643,0.0014163600944342436
38.471,-1.3508617410406805,2.546984520811525,0.001197046000650459
38.491,-1.3513683945546062,2.553581787919242,0.000997793817533843
38.511,-1.3517285708850968,2.560961582732265,0.001525818624263181
38.531,-1.352170282659719,2.568104166132576,0.0012556149847357534
38.551,-1.3524648893600115,2.5740737733864902,0.0008393442451912481
38.571,-1.3527574172880825,2.581266399756102,0.0014696286772960254
38.591,-1.3531060569281275,2.588366934128204,0.0014479081453609433
38.611,-1.3534366772949147,2.594907423985439,0.0009695080197107964
38.631,-1.3537883971586795,2.601703537490819,0.0012655967498593212
38.651,-1.3540727806798825,2.6091078618773142,0.001469312553833979
38.671,-1.354406414265455,2.6157940993716258,0.0011651005626924504
38.691,-1.3547881021854045,2.6221994063469363,0.0008740555576708664
38.711,-1.3549982790877668,2.629545821682244,0.0013526232309944985
38.731,-1.3552951881800326,2.6363738306484215,0.0012634064385451393
38.751,-1.3555811844208274,2.642939501356791,0.0008400538974264182
38.771,-1.355797178840515,2.650055338414437,0.001294209377117661
38.791,-1.3561092526370873,2.657169016844791,0.00130384088315727
38.811,-1.3562684460000436,2.6636820157613084,0.0009733303955157258
38.831,-1.356528788802322,2.670314077490171,0.0011418868772271884
38.851,-1.3567509562828057,2.6775258674624793,0.0013886316436431123
38.871,-1.356982681607959,2.6842230813078496,0.0011788567133640127
38.891,-1.3572476813837333,2.6908261088684613,0.0008274798237202785
38.911,-1.3574086297204526,2.698182179130549,0.0013660034643913632
38.931,-1.3577055239277485,2.705335071524751,0.001221300265052766
38.951,-1.3578264323932383,2.7118576132567442,0.0007674717577980938
38.971000000000004,-1.3580371824017612,2.718799390510183,0.0013186187275888162
38.991,-1.3581395082363956,2.7258043103157865,0.0014246886327302644
39.011,-1.3582785691921782,2.7322852616150133,0.0009194347186123053
39.031,-1.3584505576668375,2.7392270385950006,0.001050509391889165
39.051,-1.3585881340046042,2.7464376977640144,0.0013028715069885455
39.071,-1.3587902711773756,2.7535301461027464,0.0010983399535647864
39.091,-1.3589076723375377,2.7596469436210125,0.0008747623913739899
39.111,-1.3589854386860907,2.7667948258156185,0.001344377539139019
39.131,-1.3591354273652247,2.7737268358013343,0.0013229121535279498
39.151,-1.3591720872411361,2.7800986198796136,0.0006741700042151022
39.171,-1.3592864402557439,2.7871999583510028,0.0011938434723213764
39.191,-1.3594507043787647,2.7943315767122954,0.0012913518603498708
39.211,-1.3595493067709183,2.8010682998199754,0.0010608341211207073
39.231,-1.3596590532039452,2.807425534929336,0.00092448909973597
39.251,-1.3597304224171987,2.8147268150220235,0.0012905647939018272
39.271,-1.3598557641064306,2.821532469611344,0.0012507357137126751
39.291,-1.3599768717378156,2.8281927346169558,0.0007667573191549037
39.311,-1.3599861209120194,2.8353291880638802,0.0013246481876143523
39.331,-1.360107968301633,2.8424931115810055,0.001235240836503615
39.351,-1.3601701725723294,2.849149994485514,0.0009076442200702806
39.371,-1.3602608305538035,2.855729821487507,0.0011240954586974605
39.391,-1.3603289476001932,2.8630109711905147,0.0013115052545831507
39.411,-1.3603866171591332,2.869355136926619,0.0010102593435559748
39.431,-1.3605086879454598,2.876319093410458,0.0007928619445288776
39.451,-1.3604735764255127,2.88342830210489,0.001242489214040382
39.471,-1.3605720912037396,2.890537887416048,0.0011829324133538766
39.491,-1.3606579291228416,2.896684080287348,0.0007770099320519586
39.511,-1.3606404906259617,2.9037573004794885,0.0012778906571713489
39.531,-1.3607163248480691,2.9107977962583242,0.0013855606363323558
39.551,-1.360739444805321,2.917332720146446,0.0008857268249172767
39.571,-1.3607630639625465,2.9242597786685245,0.0010530309776390079
39.591,-1.3607717682769445,2.9314610515034287,0.0013257497225521164
39.611,-1.3607975664800085,2.938474777732101,0.0011771854991868835
39.631,-1.3608822350569456,2.9446191388660425,0.0008460966417560833
39.651,-1.3608062091120394,2.9518162537118258,0.0013706711278865524
39.671,-1.360778487546264,2.9587524282198223,0.001398851487479258
39.691,-1.360765813893064,2.965267782511365,0.0007891432962847389
39.711,-1.3607475565919853,2.9723026895532496,0.0013344615227201262
39.731,-1.3606974082052166,2.979626771895538,0.0013481313420284913
39.751,-1.36062902117143,2.986409598683579,0.0011477889905188166
39.771,-1.3605805259532868,2.992745617385146,0.000995306417288705
39.791,-1.3604491737586284,3.00006243844238,0.001380145959273632
39.811,-1.3603685911909578,3.006898122049874,0.0013217404307187819
39.831,-1.3603359783303313,3.0134780394296103,0.000807999118260877
39.851,-1.3601527093869485,3.0207152101638917,0.0014196173107484666
39.871,-1.3600609071002006,3.0279252110554236,0.001317028536154785
39.891,-1.3599290521283824,3.0346848914311826,0.0009710520753455909
39.911,-1.359823021195786,3.041340037911785,0.0012205497098813078
39.931,-1.359606488458007,3.048478428417752,0.0014266538857356792
39.951,-1.359454004637897,3.05505742969494,0.001082165492582221
39.971000000000004,-1.3593178328402595,3.062008558873747,0.0009441942797567271
39.991,-1.3590515969019679,3.069204285442176,0.0014592265899970869
40.011,-1.3589256375491157,3.076270991106084,0.0012922388715231048
40.031,-1.3588599275122377,3.082513061491088,0.0008362513440967612
40.051,-1.3586085446912606,3.0896190197589277,0.0013325807995154537
40.071,-1.3584416741102523,3.0967490318455857,0.001326931547235205
40.091,-1.358351203754786,3.102872039188294,0.000850336965281806
40.111,-1.3581925877089036,3.1098635364132687,0.0011711151757176075
40.131,-1.3579761975566929,3.1170317366379887,0.001378413872577977
40.151,-1.3578447168909995,3.1236632729562546,0.0011709302867197735
40.171,-1.3577535936561342,3.1304400727147774,0.0009065077496649421
40.191,-1.3574671375308613,3.137526820152144,0.0013328980605416818
40.211,-1.3573184733679102,3.14465454461457,0.0012434710439883923
40.231,-1.3572266210649828,3.1510404021857314,0.0008268655527322588
40.251,-1.3570228937990558,3.1579961606212734,0.001268037777663128
40.271,-1.3568417997246653,3.1651440482349193,0.0013636630633656888
40.291,-1.3566949528384602,3.171439418362965,0.0009128831840247154
40.311,-1.3565200513467766,3.1783991957048743,0.0010879644867506644
40.331,-1.3562897253765327,3.185549954032104,0.0013474165155544504
40.351,-1.356118804177366,3.1925940501257277,0.001200083214041664
40.371,-1.356083678838995,3.1985828624076387,0.0008003338058017173
40.391,-1.355765798491563,3.205825311732203,0.00133975481881915
40.411,-1.3555503152745412,3.212947908708531,0.0012823117483536928
40.431,-1.3553517680870026,3.2190407994737096,0.0006804759648657011
40.451,-1.3550942127318388,3.2260972069942464,0.0012158661227612555
40.471,-1.3548601319164473,3.233245779821404,0.001328621471208019
40.491,-1.3547042473710575,3.2395845144571447,0.000979768884557669
40.511,-1.3545053172057782,3.2463431199711414,0.0009676026406262861
40.531,-1.3541832543640318,3.2535379004508043,0.001308305857442349
40.551,-1.3539259084733004,3.260555300070238,0.001232972479250638
40.571,-1.3538518987848396,3.2665292023979497,0.0007750560988281363
40.591,-1.3534835687993736,3.2737141458277637,0.001373918962591536
40.611,-1.3532351725382674,3.2808294783577465,0.001324983702496757
40.631,-1.3529968431292856,3.2871752942916275,0.000762250425482669
40.651,-1.352715702703208,3.294185266849459,0.0011736901583438986
40.671,-1.3524039613676846,3.301344129572883,0.0013239718487075003
40.691,-1.3521694608140373,3.3080965478540683,0.0011509422943943581
40.711,-1.3520146917881108,3.314394377266792,0.0008138774443849639
40.731,-1.351596103165189,3.3215619029742682,0.0012909177505905645
40.751,-1.3514306573997503,3.3284345131583644,0.001244264826761765
40.771,-1.3511971351548864,3.3349678284211337,0.0007654004591806651
40.791,-1.3508181430926631,3.3420768096148317,0.0012642756280135392
40.811,-1.3505225980811157,3.3491741338473275,0.0012477868777976409
40.831,-1.3502616533757719,3.355964806233275,0.0010101522500360893
40.851,-1.350059273442982,3.362350691150139,0.0010646388981811195
40.871,-1.3496309402389648,3.369693889010116,0.0012689775946054804
40.891,-1.3493846489677253,3.3763130236977847,0.0011428087847261403
40.911,-1.3491019717291077,3.382842420720478,0.0007992751183380775
40.931,-1.348630132676882,3.3902036768293575,0.0014132379680226737
40.951,-1.3482729522877472,3.3973935932709476,0.0012682636759686339
40.971000000000004,-1.3479861081560192,3.4034761869995687,0.0006389132186501445
40.991,-1.3475821059204294,3.410525939692266,0.0012354854351100397
41.011,-1.3471865885390952,3.4176549016765514,0.0012996420651389673
41.031,-1.346924434310001,3.4240353858568726,0.0009448568081762421
41.051,-1.3465958876829531,3.4306876325672175,0.0009637600452604145
41.071,-1.3461406274831091,3.4378471350150113,0.0012978596660336017
41.091,-1.3457459630869655,3.4448687329011647,0.0011882460238094028
41.111,-1.345623509587416,3.450834839961947,0.0007546539524617424
41.131,-1.345117262315178,3.458012996284524,0.0013029746810703235
41.151,-1.3447196578847713,3.4650758341350687,0.001323475110631106
41.171,-1.344393870076612,3.471277344779297,0.0007089048955490063
41.191,-1.3439685154663983,3.478239846082811,0.0012313459669067162
41.211,-1.343467795137014,3.4854797724475164,0.0013345967503429756
41.231,-1.3430620389645826,3.4922037717617127,0.0011661835591905423
41.251,-1.3427887733396449,3.498242801893686,0.0009477794265807526
41.271,-1.3422374324744726,3.505603288361445,0.0013543403495102635
41.291,-1.3418090137555123,3.5125310536200707,0.0012872511260751396
41.311,-1.3415264176313322,3.518611168012779,0.0008190522377290455
41.331,-1.3409447678231068,3.5257955492394757,0.00132354446082375
41.351,-1.3404567790176631,3.53292007880837,0.0013044645398034571
41.371,-1.3400491418042784,3.5391148384876066,0.0008031482853553262
41.391,-1.339543197131044,3.5460737322574323,0.001147668716974387
41.411,-1.339023586923366,3.5532170560833802,0.0013362041584990547
41.431,-1.3385818827707427,3.5599467315603244,0.001188806644708884
41.451,-1.3382764572378374,3.5662948791301323,0.0008668641274041933
41.471,-1.337630205205179,3.573612986475773,0.0013234153136292837
41.491,-1.337140588849385,3.5806099744946027,0.0012690518028432574
41.511,-1.3367762622313926,3.5868669039885144,0.0008160013147776035
41.531,-1.3361492101673011,3.5939390781587623,0.0013683972065031413
41.551,-1.3356201767896039,3.601046569209256,0.001413634903755484
41.571,-1.3353127059599672,3.607226501763398,0.0008817396755681772
41.591,-1.3347597065996888,3.6141099357459425,0.0011503806586524445
41.611,-1.3341529085307777,3.6213124920228803,0.0013614264069295723
41.631,-1.3335997041897598,3.6283569291009323,0.0011484915341743174
41.651,-1.333300408985239,3.634519330524117,0.0008541813682175214
41.671,-1.3326206238451606,3.6417864115474203,0.00129774764429183
41.691,-1.3321110174450839,3.6485349935756246,0.0013113667343330748
41.711,-1.3316040946066374,3.6552732544988187,0.0007910930213179679
41.731,-1.330990349084828,3.6623647041428544,0.0012682698260772785
41.751,-1.3303926247226914,3.6694599459057398,0.0013295271860524205
41.771,-1.3298726760364372,3.6761891665499435,0.0010653046383527764
41.791,-1.3294267267015354,3.682553212739498,0.001093078557544258
41.811,-1.3287487206253796,3.689865186439187,0.0013724962836434984
41.831,-1.3283057885438243,3.696325344909003,0.0011480197670362124
41.851,-1.327799206146632,3.703100901055125,0.0008343183526748899
41.871,-1.3270312202039243,3.7102454201790596,0.0013932968564083215
41.891,-1.3264058247926855,3.7173576212723565,0.0012785539863010842
41.911,-1.3259009337413479,3.7238702041752654,0.0008643811066003926
41.931,-1.325312003824336,3.7306482069054137,0.0012534343077221233
41.951,-1.3246564367071565,3.737822970634101,0.0013690538569036959
41.971000000000004,-1.3240104436356401,3.744241201812644,0.0010079109597627978
41.991,-1.3233784230227228,3.7511735590517494,0.0010003456794289156
42.011,-1.322621942162558,3.7582886964003666,0.0013771541092912065
42.031,-1.3219889164572773,3.7653866313932265,0.0011741776419725292
42.051,-1.3215622605762467,3.7715749986853546,0.0008053836597545216
42.071,-1.3208006098859275,3.778679570360301,0.001337861504167398
42.091,-1.3201664703018978,3.7856530238140564,0.0013948441959437397
42.111,-1.319639163961288,3.791901558002048,0.000785877798362894
42.131,-1.3189481903383102,3.798856244246608,0.0012136964462680366
42.151,-1.3181888062460418,3.8060499327574218,0.001337300746699105
42.171,-1.3175429741846703,3.812923802206761,0.0011916611472965466
42.191,-1.3171366068276908,3.818916094774886,0.000877780914741555
42.211,-1.3163313453586942,3.826163925328508,0.0012844410596597189
42.231,-1.315638249643228,3.832958008689736,0.001286267485000353
42.251,-1.3150728682867605,3.8392563041221583,0.0007433316195884498
42.271,-1.3142045044920876,3.8463176856209103,0.0013253973359740323
42.291,-1.3134220698968746,3.853477322590449,0.001296977302051694
42.311,-1.3128255231751886,3.8598301989096724,0.0008907875441949431
42.331,-1.3121408614984427,3.866501781222738,0.0010625550491819291
42.351,-1.311320425684705,3.873667010472545,0.0013062082940266118
42.371,-1.3106198138710448,3.880468386237775,0.0012151990112199418
42.391,-1.3101039374993322,3.886628719870369,0.0008135413508136013
42.411,-1.3091965489356885,3.893732531600664,0.0013154187339393386
42.431,-1.3083923139368145,3.9008073232516867,0.0012117068632009342
42.451,-1.307839983973713,3.906852428319541,0.0006933425834239615
42.471,-1.307057876374177,3.913777405154653,0.001193359935362126
42.491,-1.3062359912526265,3.920873532003815,0.0012726044788241297
42.511,-1.3056231164302465,3.9271645228633383,0.0009462243004985382
42.531,-1.3048813446253476,3.9337606740301148,0.0009689138671108988
42.551,-1.303964176605849,3.9408815457482316,0.0013005020075285978
42.571,-1.3032089641940308,3.9478030813037703,0.0012269453235723704
42.591,-1.3026909551727017,3.953818886251226,0.0008027074485989494
42.611,-1.301778302531359,3.960867515140937,0.0012538246348810234
42.631,-1.3009509605984506,3.967942666201301,0.0012459627529388395
42.651,-1.3003429246217728,3.9740813199124054,0.0007368051807603859
42.671,-1.2995613525641958,3.980939889247999,0.0011354253977265139
42.691,-1.2987182967296151,3.988034736236804,0.0012866369879888095
42.711,-1.2979310760921956,3.9948114949746696,0.0011316106897515943
42.731,-1.2973687843017099,4.000878532290764,0.0008948357613731139
42.751,-1.2964119428822312,4.008185504790606,0.001253321315444117
42.771,-1.295669995591358,4.014939682501482,0.0012822188431319825
42.791,-1.2950320428329365,4.021205823466214,0.0007775549354277211
42.811,-1.2940948156787324,4.0282526622947445,0.0013287991732236493
42.831,-1.2932233890741271,4.0353563437424995,0.0012998610086873419
42.851,-1.2925475809673277,4.041468296143763,0.0008612047080813756
42.871,-1.29173821911884,4.048218820696819,0.0011072674555822892
42.891,-1.2908282165544218,4.0553310125436175,0.0013325771766478645
42.911,-1.2900716388032927,4.0619574770825855,0.0011605333744115764
42.931,-1.289372136345272,4.068448809180818,0.0008440274542647619
42.951,-1.2883598728311363,4.075634568689974,0.0013829162857656174
42.971000000000004,-1.2875588512837162,4.0825304943474405,0.0013136614107061018
42.991,-1.2868216081662196,4.088846951639106,0.0008168235115174616
43.011,-1.2858653284356008,4.09587210684351,0.0013004248605419932
43.031,-1.2849708224880023,4.102960089387278,0.0013101801781248978
43.051,-1.2841790184664696,4.109586523477545,0.001074452643396867
43.071,-1.2834970655644837,4.115804129097909,0.0010776609482264221
43.091,-1.2825410335825742,4.123070197798679,0.0013486040326292914
43.111,-1.2816859162978105,4.129816128286289,0.0012535822471924918
43.131,-1.2810051307783232,4.136024175023002,0.0008814621236798437
43.151,-1.2799576845028082,4.143088737776534,0.0014045564675024824
43.171,-1.2791270612802759,4.149966471553284,0.0014443957068710211
43.191,-1.278538622081081,4.156106620910285,0.0007713206115191884
43.211,-1.2776025420461612,4.1630928701503285,0.0013069075147305875
43.231,-1.276625622876494,4.17026573210074,0.001360574996767755
43.251,-1.275819701199779,4.176585168758275,0.0010467430060651095
43.271,-1.2750027962359372,4.183112304927736,0.001019476883262399
43.291,-1.2739061206677047,4.190332900273961,0.001400209203979319
43.311,-1.2729920195124786,4.197265526360018,0.0012641388097622275
43.331,-1.2722303326483548,4.203450145771795,0.0008703248580347878
43.351,-1.2711528198644528,4.210489270796971,0.0013734135618315158
43.371,-1.270162982292314,4.217566083607946,0.0013069736740195792
43.391,-1.2693980839961276,4.223716508677384,0.0008444617369681162
43.411,-1.2684398172433158,4.230518503496128,0.0011845167664314704
43.431,-1.2674081047474806,4.237607390136948,0.0013550156691259918
43.451,-1.26659315511414,4.243884871775035,0.0010654876142213165
43.471,-1.2657011338732451,4.25048076963931,0.0008821511899834711
43.491,-1.2645523552704783,4.257619447173308,0.0013306490951538463
43.511,-1.2635403219457624,4.264661151077366,0.0012224096826422004
43.531,-1.2628095721019588,4.2707550612814,0.0008226055840045987
43.551,-1.2617344885277644,4.277755174805982,0.0013586666380385193
43.571,-1.2606922773450138,4.284852183781184,0.0013247844461579394
43.591,-1.2597702483141318,4.291072251323691,0.0008669023964689992
43.611,-1.2587541097772519,4.297956924274539,0.001147012017088056
43.631,-1.2576537830461936,4.304983715041592,0.001359369042466696
43.651,-1.2567148222685869,4.3117548589757275,0.0012770020157155948
43.671,-1.2559379315399375,4.317876170338636,0.0008596435521082968
43.691,-1.2547891359059964,4.324934869599854,0.0012968182740559497
43.711,-1.2537872145424973,4.331750059367545,0.0012984476575944315
43.731,-1.2529131211980713,4.338099179573108,0.0007673216686396589
43.751,-1.2518047381490003,4.34509590590149,0.0013386873278971034
43.771,-1.2507033592167112,4.352240275453493,0.0013492556200391248
43.791,-1.249792159267752,4.35865000277791,0.0010173454447442443
43.811,-1.2487201741021967,4.365316658033445,0.0010154279854628634
43.831,-1.247605655098954,4.372366289657939,0.0013078781044392473
43.851,-1.2465968191222536,4.379068281759189,0.001213264895254279
43.871,-1.2457335165710905,4.385297003057333,0.0008324370211987842
43.891,-1.2445273648477053,4.392343625427165,0.001273302248039343
43.911,-1.2435093570728932,4.39916955000172,0.0013121698673007887
43.931,-1.2425795544400071,4.405480365383814,0.0006635720252009536
43.951,-1.2414233825955765,4.412491547294148,0.0011914460822659845
43.971000000000004,-1.240320842304816,4.4195379429843955,0.0012816966006114205
43.991,-1.23931443900595,4.426106762677371,0.0010792753281562706
44.011,-1.2384752673965398,4.432204166002516,0.0009598740959251284
44.031,-1.2372001315441807,4.439491801141118,0.0013443651203151885
44.051,-1.2363123287840552,4.446080452873992,0.0011524512235823459
44.071,-1.2353303397980848,4.452598946901254,0.0007667587142151377
44.091,-1.2340789654054398,4.459632652417903,0.001324788775166813
44.111,-1.232897221619722,4.466731799120186,0.0012392100281616303
44.131,-1.231939277612825,4.473003285883724,0.0008187705479373308
44.151,-1.230813121725544,4.479731720059491,0.001101660055358722
44.171,-1.229619354241389,4.486790496635862,0.0012804576233615417
44.191,-1.2285585920435838,4.493157050878698,0.0010198496758099806
44.211,-1.2274558197279923,4.499941917826828,0.0007836592708853618
44.231,-1.2261168321201197,4.50701387129833,0.0012749526747739826
44.251,-1.2249271155646417,4.514015871171388,0.0011831212313487272
44.271,-1.2240834536346719,4.519936963612688,0.0007236826722246681
44.291,-1.2228128157049631,4.526923408646334,0.0013259470422486985
44.311,-1.221536967219119,4.53408644297159,0.0012773997869543474
44.331,-1.2205006071312228,4.540286691798569,0.0008574683491056057
44.351,-1.2192962013192628,4.547064545193428,0.0010760598944962174
44.371,-1.2179305328157752,4.554175665433556,0.0013548372475075676
44.391,-1.2169585243199055,4.56067203468692,0.0011130411616905589
44.411,-1.2159117028597048,4.567226612045678,0.0008296852917481223
44.431,-1.2145331274285727,4.574237259709245,0.0013778353555315148
44.451,-1.21331129666568,4.581144988442986,0.001341482004980965
44.471,-1.2123344601552843,4.587301673256909,0.0007581724971828796
44.491,-1.2110254889158434,4.594193659352605,0.0012688537255260701
44.511,-1.209701984061695,4.601297644362101,0.0013292864761396683
44.531,-1.2085684343922256,4.607754626747431,0.0010777041399756826
44.551,-1.207475133528991,4.614111337062483,0.0009720130195184085
44.571,-1.206062144830041,4.62118795402849,0.0013221385893253945
44.591,-1.204804967610496,4.628032750025501,0.0012880102085634781
44.611,-1.2038708371991498,4.634023841259586,0.0008689611178326062
44.631,-1.2024690694244107,4.6409877188237765,0.0013612038837896023
44.651,-1.2011550310508894,4.647970812193734,0.001343621650441773
44.671,-1.2000981380443447,4.654011859224141,0.0007665697970176133
44.691,-1.1987967936403467,4.660882450810673,0.0012105549264916915
44.711,-1.1974355414189337,4.667954349361205,0.0013579084751508819
44.731,-1.196259267559806,4.674406671816886,0.001149349783117537
44.751,-1.1951545918967972,4.680740101417987,0.00091752741801987
44.771,-1.1936911577926013,4.687762290201393,0.0013659624684766725
44.791,-1.1923721622088208,4.694683181719295,0.0012881937012631517
44.811,-1.1913821418686503,4.70067980086592,0.0008505031798071161
44.831,-1.1899667108969243,4.7076123784639,0.0013403662125240356
44.851,-1.1886150877326094,4.714641895833144,0.0013249232900723051
44.871,-1.1873784495033646,4.720858121868528,0.000863083342081794
44.891,-1.1860680045622758,4.727626950164619,0.0011610724194040245
44.911,-1.1846416206984354,4.734721126138682,0.0013728474291779813
44.931,-1.1833518756149892,4.74133377928155,0.0012410973036186546
44.951,-1.1822403173122653,4.747492177509252,0.0008673361513469036
44.971000000000004,-1.1807604533372256,4.754534861327678,0.0013201948793096496
44.991,-1.179381742126942,4.761453696920572,0.00129772145333934
45.011,-1.1783373007288087,4.767418202304592,0.0008367659060938004
45.031,-1.1768978516997428,4.774290328230611,0.001313177599114923
45.051,-1.1754659026098582,4.781326988136411,0.001356011247076544
45.071,-1.1742196362724984,4.78758645053464,0.0009721752668085393
45.091,-1.1729219088600866,4.794205530187335,0.0010614640519216456
45.111,-1.171376206147283,4.8012398877102935,0.0013604465672817367
45.131,-1.170207913530459,4.8077771302981525,0.0012051687045348813
45.151,-1.1689237183887433,4.814399956020808,0.0008500783502345954
45.171,-1.1673776085524272,4.821383736297286,0.0013580879140390745
45.191,-1.1659576484857268,4.828361309163317,0.0012723608503642792
45.211,-1.1648086573532135,4.834478611496371,0.0007233804604812044
45.231,-1.1634407030725715,4.841259643792383,0.0013075586598697009
45.251,-1.1619595484180527,4.848362577823149,0.0014369615684117487
45.271,-1.1608458369394457,4.854562044406517,0.0010305822092421257
45.291,-1.159474490616189,4.8610708748027145,0.000964053136358417
45.311,-1.1578711047532655,4.868191503694299,0.001315451628190245
45.331,-1.156366700132687,4.87507906835733,0.0012218067112304831
45.351,-1.1553022201325776,4.880902477168949,0.0007921265508623598
45.371,-1.1536962268073,4.887879510142193,0.001282661251639866
45.391,-1.1521770524995596,4.894808430167128,0.001319483398377258
45.411,-1.1508458904414447,4.900898810433547,0.0007735507276045162
45.431,-1.1493167267588587,4.907756491273265,0.0011308510767112923
45.451,-1.1477505003029482,4.914720354843171,0.0013006699933001686
45.471,-1.1462520892476202,4.921427524681838,0.0011328702285275938
45.491,-1.1451128996228064,4.927330562670744,0.0007869680042561222
45.511,-1.1433526349853023,4.934484825626395,0.0013344741992924736
45.531,-1.14183797090819,4.9412924462931445,0.0012815054291335781
45.551,-1.1405331170129456,4.947281168453007,0.0007921363934476899
45.571,-1.1389054371176761,4.954177709414485,0.0012393394321146278
45.591,-1.1373099954339028,4.961124911923314,0.0012760993534469134
45.611,-1.135994404556617,4.967161773307056,0.0008604046746523708
45.631,-1.1344386008000455,4.9737869108632315,0.0010483968757069306
45.651,-1.1327886236572933,4.980745451199076,0.00129832945143471
45.671,-1.1313199430306102,4.987329437941462,0.0011626590211170629
45.691,-1.1299821608446325,4.993578255929939,0.0008582054185472254
45.711,-1.128199596853061,5.00067424113434,0.001362659643388997
45.731,-1.1266370483374517,5.00748829308106,0.0012781159353821292
45.751,-1.125315802526566,5.013669813076651,0.0007759337939741151
45.771,-1.1236329665784892,5.020548198766899,0.001249376403988478
45.791,-1.1220252109172808,5.027455352175137,0.0013511238638711232
45.811,-1.1206503098084344,5.033710682834442,0.0008943918242177717
45.831,-1.1190567379714953,5.040341546048714,0.0009963368969717612
45.851,-1.1172622280110407,5.047421355209263,0.0012764767200789395
45.871,-1.1156316239789053,5.054225778992541,0.0011970246103224502
45.891,-1.1142896453477305,5.060132848771025,0.0008529657779426381
45.911,-1.1124922239340218,5.067048624222087,0.0013572042144722185
45.931,-1.1108497091767053,5.073919245426475,0.0013164091374319176
45.951,-1.1094448053714683,5.080093027480747,0.0007665937919724974
45.971000000000004,-1.1077355103260458,5.086837235400247,0.0012349969595874255
45.991,-1.1059010728090946,5.09390592149335,0.0013025910302997823
46.011,-1.1044163426596532,5.100115557866434,0.0009680896812516993
46.031,-1.102769049009483,5.10667625729066,0.0008178480967202251
46.051,-1.1008510682108368,5.113647538602748,0.0013450754624451666
46.071,-1.0991121458737962,5.120496875675942,0.0012083622147622541
46.091,-1.0977119529234962,5.126472876114628,0.000887674953745643
46.111,-1.0958594231409706,5.133308088807227,0.0013281808221825842
46.131,-1.0940772011279987,5.140172291177492,0.0013840314315179958
46.151,-1.0927136622846998,5.146112221233511,0.0008284105022480226
46.171,-1.090974809553974,5.152827262227126,0.0011288669267757456
46.191,-1.0891014725086208,5.159797676528271,0.0013440735674934146
46.211,-1.0877140319193233,5.1659444618636545,0.0010672590742486499
46.231,-1.0860658611470964,5.172463448524313,0.0008540094188848601
46.251,-1.0841138558268968,5.179414621300662,0.0014036153979417876
46.271,-1.0823468796829854,5.18622301311815,0.0013072550551029294
46.291,-1.08074074717394,5.192267364185643,0.0008479277487118964
46.311,-1.0788581382029854,5.199110408058245,0.0012872418935420127
46.331,-1.0770379042193152,5.2059997867184675,0.0013289424244628534
46.351,-1.075472269491366,5.211976932003762,0.0009583353438084585
46.371,-1.073753388693091,5.218510375689607,0.0010852220974796323
46.391,-1.0718199747540642,5.2254507775359444,0.0014099386744287623
46.411,-1.0702885480642879,5.231867096911975,0.0012403521481129942
46.431,-1.0687866653249187,5.238105012950208,0.0009245469541339368
46.451,-1.0668197259392198,5.244989353548461,0.00137689994391621
46.471,-1.0649901515141142,5.251797995752886,0.0013410722532883335
46.491,-1.0634787993786412,5.25770236498695,0.0008410072582848427
46.511,-1.061561776092003,5.264509328275975,0.0013182207698333448
46.531,-1.0596375121574877,5.271500653353348,0.0013644667513799946
46.551,-1.0580454256205254,5.277705253370962,0.0010542463122881485
46.571,-1.056269240853351,5.284226222808805,0.001053109469044744
46.591,-1.0542632753933323,5.291099310588402,0.0013336145590833182
46.611,-1.0524612752341778,5.297824103572905,0.0012434731026592372
46.631,-1.0509539898549756,5.303854499495687,0.0009112972465444291
46.651,-1.0489245161240697,5.3108152514221425,0.0014208225064083202
46.671,-1.047130588859829,5.317565470929188,0.0014229033696195048
46.691,-1.045615061663939,5.323593815623029,0.0007083750109081466
46.711,-1.0437033974262089,5.330366698537037,0.0013006203791152138
46.731,-1.041744322117071,5.337327562838272,0.0013692715660999777
46.751,-1.039914617066111,5.3438117556508775,0.0010942025615710838
46.771,-1.038259509086068,5.349894731275307,0.0010163397449942102
46.791,-1.0361462445884695,5.356972063754355,0.0013248444982827123
46.811,-1.0345221644417404,5.363293702556688,0.0011985394858818055
46.831,-1.0326797460380095,5.369854583523471,0.0008149264634919329
46.851,-1.030623479284362,5.376687559338763,0.0013756769477114572
46.871,-1.0286558618456139,5.383555853072217,0.0012981065439631179
46.891,-1.0268452440623763,5.389922564451284,0.0009465209282631948
46.911,-1.0250619038682283,5.396261689434912,0.001175438468898754
46.931,-1.0230232606628684,5.403204528991393,0.0013378252230021315
46.951,-1.021209444283986,5.4094417463468405,0.001037086105641627
46.971000000000004,-1.019278732649857,5.4161410778794306,0.000827904296964499
46.991,-1.0171521782975332,5.422961635731688,0.0013692306392866227
47.011,-1.015157124001158,5.429804815246124,0.0011800631951995044
47.031,-1.0133930740678192,5.436054719872766,0.0007908628002450402
47.051,-1.0113749889106847,5.442773904097784,0.0013009616911818511
47.071,-1.0094564067283847,5.449443039384747,0.0013621171205115967
47.091,-1.0075657244925373,5.455744578252559,0.0008270195960831117
47.111,-1.0055077736176181,5.462494409449337,0.0011201674122154337
47.131,-1.003401770723304,5.469341241947373,0.0013069146995903502
47.151,-1.0013972009085879,5.4760659366286415,0.001145602050653699
47.171,-0.9998370314794561,5.4818777794915965,0.0007241373752839841
47.191,-0.9975985710632334,5.488849716113598,0.0013270714484235335
47.211,-0.9957297306939393,5.49530410309887,0.00124303969040912
47.231,-0.993764954633483,5.5016908155212905,0.0006953767942592115
47.251,-0.9916374066307299,5.508480974694724,0.0012706001622683205
47.271,-0.9895249214853273,5.515324730920731,0.0012895068643792584
47.291,-0.9874915859931105,5.521919705928333,0.001014517241379187
47.311,-0.9857137403819103,5.527970191127431,0.0010008989223031783
47.331,-0.9834311816798142,5.5349740812025905,0.001296981772310496
47.351,-0.9816501464239347,5.541163385526571,0.0010880274403776424
47.371,-0.9796475775810649,5.547593738643538,0.0007451941294127906
47.391,-0.9773955350272973,5.554406836405431,0.0013556438895110379
47.411,-0.9752541275151627,5.56123587641487,0.0012552874771454003
47.431,-0.9733484572526148,5.567223696822418,0.0008053538865270271
47.451,-0.9712845929326854,5.573707790551834,0.0011485943478250216
47.471,-0.9691183549820946,5.580503741621743,0.0012782229276867563
47.491,-0.9671969299974269,5.586668036767916,0.0009849812613186848
47.511,-0.9651755564754269,5.593115614260405,0.000889672006128911
47.531,-0.962913105145704,5.599931649957932,0.0012733021466076189
47.551,-0.9607748037018011,5.606608187037988,0.0012327603127354203
47.571,-0.9590717842454788,5.612397638995769,0.0007897115552421841
47.591,-0.9568299607867639,5.619127694814379,0.0012359439884798984
47.611,-0.9546530319374815,5.625916323570571,0.0012811239018388765
47.631,-0.9528333653215948,5.631830693879158,0.0008101458895777847
47.651,-0.9507196694419064,5.638458027347995,0.0011282699598873236
47.671,-0.948507693600473,5.645261493601911,0.0013270222180027658
47.691,-0.9464500588585841,5.651724949310765,0.0011825374922445064
47.711,-0.9446325172320212,5.657740366933223,0.000865348212000544
47.731,-0.9423407294164821,5.664516902917111,0.0013008858025789771
47.751,-0.94029625875725,5.671068184538907,0.0013236906673342042
47.771,-0.9383119506425772,5.677306181307392,0.000762182809432771
47.791,-0.9360882740711244,5.684099017608583,0.0012630858498789421
47.811,-0.9339304572666665,5.690849780358157,0.0013059101472003842
47.831,-0.9318043302861287,5.69750176684303,0.0010267722775233468
47.851,-0.9299332337180862,5.70365321098129,0.0010507581183737402
47.871,-0.9276437944643096,5.710561658597959,0.0013998080027596005
47.891,-0.9256241864567742,5.716849249600864,0.0012074397309340124
47.911,-0.923551705966279,5.7232416534707005,0.0008334854577106143
47.931,-0.9212296744500919,5.730039960566909,0.0014016456475818562
47.951,-0.9189851770525805,5.736851921657444,0.0012663430248978647
47.971000000000004,-0.9169321440106017,5.743164030119429,0.0008651882924304577
47.991,-0.9148255047663104,5.749619848742127,0.0012573215423961337
48.011,-0.9125627449375241,5.7563457209539814,0.0014175847565378874
48.031,-0.910448119885699,5.762609421716956,0.001001109171366893
48.051,-0.908253292881146,5.769179279871388,0.0010261091560735125
48.071,-0.9058544332195231,5.776019726040528,0.0013666786199245107
48.091,-0.9035883692125461,5.782764893063632,0.0011879301636875672
48.111,-0.9017639896060582,5.788567570587494,0.000836529586770024
48.131,-0.8993892200183684,5.795330797704818,0.001320014375978451
48.151,-0.8971391961365941,5.801946514353079,0.0013876873580467852
48.171,-0.8950984518490008,5.807974886119624,0.000792102596857247
48.191,-0.8927858554671718,5.814638111564317,0.0012510046563499189
48.211,-0.8904546356658837,5.821298597865135,0.001367177743601261
48.231,-0.88827460602302,5.827538569775791,0.001104687838153956
48.251,-0.8865761174420832,5.832855306856828,0.00081565541004186
48.271,-0.8844194789750781,5.838738981450406,0.0013192599265907101
48.291,-0.8824265868748488,5.844428938444595,0.0013203636874099534
48.311,-0.8806596851171242,5.84936992164236,0.0010290820736412742
48.331,-0.8787640538203189,5.8547807204308935,0.0010392248045833774
48.351,-0.8767070213874829,5.860024853723261,0.0011594310167495347
48.371,-0.8747855318946561,5.865142124874876,0.001172923849400903
48.391,-0.8727787469581901,5.870396196856102,0.0010959786941428518
48.411,-0.8707245705538174,5.875675210005007,0.0013085302497026496
48.431,-0.8686953804588314,5.880701806460451,0.001173282914912116
48.451,-0.8664582331654201,5.885902166530299,0.0009049921133696959
48.471,-0.864364872162533,5.89120881823639,0.0012837410374036684
48.491,-0.8621516961170413,5.89645198215586,0.0013790477958769976
48.511,-0.8599534680535933,5.901353719239092,0.0013639996228918538
48.531,-0.8577312016814215,5.906415715393696,0.0007962131168806064
48.551,-0.8554427652687092,5.911706298775235,0.001064573838940014
48.571,-0.8530918599723827,5.916886613101598,0.001278595031362545
48.591,-0.8509297394196393,5.921834164006326,0.0012870373243610567
48.611,-0.848728542917816,5.926733470107967,0.0011480466971411085
48.631,-0.8463260393194938,5.931995100228937,0.0011419224173603026
48.651,-0.8439793255167433,5.936579513372911,0.0010458725660279777
48.671,-0.8418587581873314,5.941002907420704,0.0010267855509516477
48.691,-0.8399820520948527,5.945000242104486,0.0010441321153212002
48.711,-0.8381494228180526,5.9487234982417725,0.001228319289507479
48.731,-0.8365091424138675,5.95200199829921,0.001298600443047332
48.751,-0.8349960076486544,5.954949497614667,0.001225076013945614
48.771,-0.8335959683738108,5.957581609216899,0.0010441870287602184
48.791,-0.8322364374527413,5.960025365274613,0.0007642534970515868
48.811,-0.831001634044849,5.96235805601398,0.0007114273987478548
48.831,-0.8297985615503606,5.964461493260686,0.0008295267929600558
48.851,-0.828759807456853,5.966360935802117,0.0009411091902529201
48.871,-0.8277352999433998,5.968257194266855,0.0009760017746686944
48.891,-0.8266258052179699,5.970173603619213,0.000929791595766033
48.911,-0.8254730659625416,5.972063555337645,0.0007956756931550568
48.931,-0.8243313831859059,5.9739535325076085,0.0007268906247686613
48.951,-0.823215488926546,5.975879480543021,0.0009133866146959213
48.971000000000004,-0.8220953988880917,5.9776164484816885,0.001048490623384829
48.991,-0.8209226524830614,5.979461084051057,0.0011059064612014557
49.011,-0.8197273175464884,5.981290787592058,0.0010788018412352385
49.031,-0.8184922443545302,5.983097983172764,0.00096575038407401
49.051,-0.8172416723000168,5.984830844717651,0.0007720632271168426
49.071,-0.8160851217225039,5.9865983527552,0.0009427122569582447
49.091,-0.8148313299646736,5.988297210432091,0.0010978835284045918
49.111,-0.81350309996728,5.990058647339965,0.0011736778465736564
49.131,-0.8121353410585083,5.99180488455425,0.0011675641945511905
49.151,-0.8107307784673666,5.993521226460887,0.0010749944158095215
49.171,-0.8093526809332374,5.995141030753082,0.0009069545218006458
49.191,-0.8080760371017165,5.996764895951007,0.0009187396890218136
49.211,-0.8067658766507684,5.998262853508404,0.001089541011742079
49.231,-0.805318719652322,5.99992267076535,0.0011902788442682
49.251,-0.8038398646893471,6.001561786974483,0.0012007903980491563
49.271,-0.8023306758943158,6.00317335232481,0.0011299537638883028
49.291,-0.8008546425020026,6.004668974298341,0.0009833805802443862
49.311,-0.7994305335461629,6.00612863111383,0.0008849111486520789
49.331,-0.7980277339995954,6.007620723598332,0.001049402619765688
49.351,-0.7965487707959963,6.009076413446231,0.0011502112110916285
49.371,-0.7949538948665302,6.01061625805694,0.0011821368889939343
49.391,-0.7933284517561738,6.012124381731198,0.0011309408283218803
49.411,-0.7916426806889816,6.013630266090407,0.0009902227368369099
49.431,-0.7897065191733443,6.015345623427206,0.0007757107793119611
49.451,-0.7874436810171572,6.017452393249017,0.0009495044613103132
49.471,-0.7848579442431799,6.019717566043385,0.001006724599346781
49.491,-0.7818088089367629,6.022294942309416,0.0008592505238965154
49.511,-0.7784214406981114,6.025039337371846,0.0005465830696277929
49.531,-0.7749220408216007,6.028185882743165,0.0008410191609037609
49.551,-0.7711787489722528,6.031246096985795,0.0010886680507101176
49.571,-0.7671928858913568,6.034463564878278,0.0010512557874284567
49.591,-0.7629396205679941,6.037798705640843,0.0006896414873851231
49.611,-0.7585992868084205,6.0413759000714675,0.0008394842389302382
49.631,-0.7540660976997382,6.044773290077518,0.0009144296508531158
49.651,-0.7498228673191838,6.048028418318488,0.0008656178241260026
49.671,-0.7454206026779538,6.051482519599053,0.0009687144037739404
49.691,-0.7409068788977866,6.054871248915745,0.0010533714667413652
49.711,-0.7366024786453503,6.058048367388257,0.000870547504025182
49.731,-0.7319644687246305,6.061364923970271,0.0005926890234593529
49.751,-0.7274764073321703,6.064784817022419,0.001035895672950593
49.771,-0.7228812136328353,6.068051683620036,0.0011209444455885509
49.791,-0.7187366152018152,6.071012677777486,0.0009956758438038338
49.811,-0.7142085628127868,6.0741727605232905,0.000629619701912415
49.831,-0.7095257391127503,6.07742058403187,0.000913156495258971
49.851,-0.7048289729210782,6.0806540095943635,0.0010659980074262665
49.871,-0.7005613874459123,6.083613774685126,0.0009677129116798799
49.891,-0.6959534161042409,6.086766720467387,0.0010211027554214436
49.911,-0.6911965137693277,6.089861572082965,0.0009669017262962099
49.931,-0.6866022118757644,6.092775113974435,0.0008859115615940383
49.951,-0.681916577754287,6.095777391982123,0.0007900000038219557
49.971000000000004,-0.677304977928137,6.098789099048109,0.0011185169320254984
49.991,-0.6725505159233574,6.101721320994508,0.0012161019396133566
50.011,-0.6680289529646747,6.1044069740360944,0.0009016042548878056
50.031,-0.6632359162113697,6.10729724637549,0.0007021450886356417
50.051,-0.6584039529022588,6.1102294056933895,0.0011222276079396465
50.071,-0.6535589161286184,6.113087242656078,0.001239535492703947
50.091,-0.649105578439255,6.115613076485824,0.0010823301016587572
50.111,-0.6446575257125557,6.118235598791189,0.0010181068763203405
50.131,-0.6397628833571264,6.120872700320578,0.001085292479642147
50.151,-0.6349113959899702,6.123590672744226,0.0011817346936554007
50.171,-0.6300712921453604,6.126213957029253,0.000969845807868297
50.191,-0.6251656752196565,6.129008566323268,0.0012447550856556355
50.211,-0.620269986482182,6.13155929158633,0.0012458656018091985
50.231,-0.6154589337625543,6.133981411019882,0.0009475689675204624
50.251,-0.6104873135488412,6.1366749125459235,0.0011669645004593887
50.271,-0.6054654228751154,6.139253767738783,0.0014577114012303272
50.291,-0.6008306162617404,6.141514489291369,0.0013750820019573506
50.311,-0.5958039550791941,6.143984162269248,0.0009656586943752044
50.331,-0.5907430298338742,6.14654813380436,0.001068983292074055
50.351,-0.5855691379616935,6.1490440890933025,0.001379686156386728
50.371,-0.580710874339105,6.151334554917551,0.0014315015998285496
50.391,-0.5759261395480405,6.153558812955837,0.0011768760213905771
50.411,-0.5707036493557883,6.15606085424605,0.0012973609732743752
50.431,-0.5656549770688745,6.158253221113764,0.0012469101817562667
50.451,-0.5605271467660919,6.160573035914479,0.0012473764364475948
50.471,-0.5555012087051124,6.162913290893106,0.001436759185861225
50.491,-0.5503653153131567,6.1651315466058,0.001558825119536117
50.511,-0.5453738975936668,6.167210453897258,0.0013218960631092569
50.531,-0.5401064678785709,6.169350274210341,0.0009301649648338906
50.551,-0.5349158307662238,6.171647145206279,0.0013755919704060704
50.571,-0.5296364716781663,6.173799453317314,0.0015506097941247743
50.591,-0.5248546225176565,6.1756688527410875,0.0014533560108911103
50.611,-0.5199294851929339,6.177631244105034,0.0011751587790935214
50.631,-0.5145531926323693,6.179749252646016,0.0012944360656597653
50.651,-0.5092070540263868,6.18177749626215,0.0015808512726172563
50.671,-0.5044195981944192,6.183528703771857,0.0013600184255049275
50.691,-0.4992456418259391,6.185545448537182,0.0014112448876669181
50.711,-0.4938799276942576,6.187469887939159,0.0013985822160895167
50.731,-0.4887736324385559,6.189185806941594,0.001195728223672421
50.751,-0.48341211803934236,6.1910717296032525,0.0010609327250213352
50.771,-0.47809669839404756,6.193035554477996,0.0014639457306279968
50.791,-0.47293879910191705,6.194638612950361,0.001565575847185502
50.811,-0.4676762913034688,6.196355709876404,0.0012050500208225512
50.831,-0.4623253336350594,6.198115480980569,0.000971766858294254
50.851,-0.45685033715113,6.199867432091488,0.0013861208367445532
50.871,-0.45141156820621114,6.201564283607691,0.0014707488029929994
50.891,-0.4465346419745324,6.202951681788448,0.0013075744624749253
50.911,-0.4415047603651222,6.20452013565828,0.0012806317902601672
50.931,-0.4361968240976391,6.205926008617739,0.0011967447434886869
50.951,-0.4308816230883603,6.207454709499897,0.0012815688928191904
50.971000000000004,-0.4256547216257049,6.208941215824199,0.001167985778155245
50.991,-0.42018544177233674,6.210526390794923,0.0013775386891107522
51.011,-0.4149913851166326,6.21186943316454,0.0012614115684986826
51.031,-0.4095046339025391,6.213243870094275,0.0009122377486534272
51.051,-0.40402936960989994,6.214742553018769,0.0012225357206160081
51.071,-0.3985446087785783,6.216126191943602,0.001411757848561318
51.091,-0.39345306214035486,6.217354591901427,0.0013886185408006901
51.111,-0.3884229419500806,6.218462952426694,0.0008640207394045307
51.131,-0.3829281809989292,6.219821989643053,0.0009583990224613925
51.151,-0.37731298433926186,6.221057194929208,0.001242637068643998
51.171,-0.3721560721583946,6.222212223353618,0.0011956925227276094
51.191,-0.3667622143531252,6.223405811249938,0.0010708080618084537
51.211,-0.36122305555403156,6.224559349293032,0.0010887628717775877
51.231,-0.35587375065098853,6.225599878999935,0.0009589350215395975
51.251,-0.3504792758474167,6.2266467945510415,0.0009082922366002166
51.271,-0.3451771174874573,6.227745216206932,0.0011172649060346151
51.291,-0.3396642392360279,6.228737025779375,0.0012470034658556561
51.311,-0.3344556839168398,6.229611852360791,0.0009863634494673978
51.331,-0.32892257826299515,6.230473818330374,0.000495252094838361
51.351,-0.3233431928730377,6.2314678561892896,0.0010107627516892093
51.371,-0.3177962572990746,6.232371489939328,0.001177178878848828
51.391,-0.3124458274679479,6.233143700368451,0.0011090474808886086
51.411,-0.3075340003686671,6.233844843658186,0.0008477334985331209
51.431,-0.30199997466987816,6.234565494195338,0.0008624180936388226
51.451,-0.29657801894985303,6.23529691111914,0.0010177962600241286
51.471,-0.2911354245342291,6.236001642667459,0.0008663902768471232
51.491,-0.28555138801500984,6.236831424716925,0.0010048195402978244
51.511,-0.28014462805976936,6.237417658664884,0.0009848655617583912
51.531,-0.2745996698972532,6.237977402697026,0.0007006579231304266
51.551,-0.26898941949012006,6.238651901658384,0.0007683295400830736
51.571,-0.2633857579463718,6.239342146981842,0.0011683072753348733
51.591,-0.25803365112652477,6.239817470879523,0.0012417314398568136
51.611,-0.25282362701859423,6.240287367087683,0.0007756984410384471
51.631,-0.24716788827510938,6.2408651209774915,0.0005554337174278334
51.651,-0.24153703210272168,6.241300029356173,0.0010327573186568184
51.671,-0.23586692791757163,6.241790908647866,0.00105672761085443
51.691,-0.23103176309851317,6.242013488453375,0.0007821791035326764
51.711,-0.22536921949711572,6.242513558323649,0.0008881213587939307
51.731,-0.21993896251748007,6.242751199851582,0.0007876020220727864
51.751,-0.21439529824987608,6.2430456181688125,0.0008739754194695137
51.771,-0.20899674336260537,6.243359107129109,0.0009103093876020873
51.791,-0.2033543304095129,6.243639462728451,0.0011221993912298167
51.811,-0.19788137452180576,6.243810812826271,0.0009919138459318355
51.831,-0.192202645646785,6.243958833725103,0.0005705256260728209
51.851,-0.18653439835540833,6.244192219880937,0.00098350306094247
51.871,-0.18083786862008466,6.244331746907413,0.0011567718354602574
51.891,-0.17537128134487218,6.244379730523863,0.0012005219327844707
51.911,-0.1703858785031576,6.244256409087067,0.0006571397582434413
51.931,-0.1643167061603695,6.244364830347309,0.000893636449577323
51.951,-0.15790423225728537,6.244339498367165,0.0013273994453622262
51.971000000000004,-0.15194499922832289,6.244212140454737,0.0009944668950375157
51.991,-0.14538129478325462,6.244238370015718,0.0011180261053344853
52.011,-0.13849278453667183,6.244138382014258,0.0011559203271559182
52.031,-0.13143152391868668,6.244071035216827,0.0015722903642645947
52.051,-0.12459245941078576,6.244023973511744,0.0010319775995009661
52.071,-0.11737177006294763,6.244090322922635,0.0011358116156691134
52.091,-0.11027313325967149,6.243971283836705,0.0013579677155451664
52.111,-0.1033865876141987,6.243973827465183,0.001133087628480356
52.131,-0.09661053747318102,6.244092884391502,0.001394163191585085
52.151,-0.09019828917034936,6.243915830542271,0.0012768639877781818
52.171,-0.08338096144753196,6.243841977793335,0.0011736349134660595
52.191,-0.07646290421686275,6.243915244938295,0.0013583009145321512
52.211,-0.069646402345611,6.243854096967776,0.0011733797207995889
52.231,-0.06271839719470801,6.243714100461046,0.0016395446013518222
52.251,-0.056343694101396245,6.2437580028723305,0.00114534155689075
52.271,-0.049571889273267215,6.2438124522698315,0.0013042407967292224
52.291,-0.04261376701911821,6.243675145223784,0.0016728825448127371
52.311,-0.035914046655792044,6.24359617418,0.001552512291500635
52.331,-0.02938044859949744,6.243660094661588,0.0013771185928511676
52.351,-0.02226190619942032,6.243537572482091,0.0014238673925958956
52.371,-0.015229240826381427,6.243412092477007,0.001652791788935959
52.391,-0.0090021871058001,6.243393571395666,0.0013133234528143467
52.411,-0.001999324638902851,6.2433867986833365,0.0011872296904644752
52.431,0.005178387405884291,6.243165816115415,0.001748050524117195
52.451,0.011450286028993908,6.243061476992141,0.0013456180209150403
52.471,0.01845560669045438,6.2431033276793375,0.0014030318411674403
52.491,0.02563291928535726,6.242911188272673,0.0016148193787366705
52.511,0.032369431277520205,6.242847078691405,0.0015087927485484542
52.531,0.038860467386147034,6.242880332162851,0.0014993765438261752
52.551,0.045946312136746006,6.242796926733247,0.0014016457311405162
52.571,0.05284101052694478,6.242635222947874,0.0018097949385380008
52.591,0.05941046254819572,6.242584802568834,0.0012954849167334248
52.611,0.06666026667730729,6.242642724230173,0.0012904076224637129
52.631,0.0737940603965022,6.242455617757473,0.0016088913997930887
52.651,0.08060207362693717,6.242430427903929,0.0012336712040647846
52.671,0.08748579224154779,6.242479215199235,0.0015776584045044673
52.691,0.09388554756869222,6.242316963044362,0.001472407942702536
52.711,0.10073016149210715,6.242242107034139,0.0013525809034094227
52.731,0.10746845324866605,6.242329544519704,0.0015070086102768332
52.751,0.11427306427814209,6.242273709395202,0.0012620266119314494
52.771,0.12120846963342763,6.242129560341182,0.0016971010393614372
52.791,0.12756358346119812,6.242152074089369,0.0010980141788771158
52.811,0.13424243047660728,6.242228814852213,0.001314873948787959
52.831,0.14139198953063634,6.242093027312507,0.001562001969068083
52.851,0.14799519408166556,6.241912715500397,0.0013407747777932078
52.871,0.15457854000074606,6.2418999431880104,0.0013051612653638411
52.891,0.16164561058448113,6.2417482958661585,0.0014083315453095047
52.911,0.16847115869577936,6.241627033836524,0.0015528581726406698
52.931,0.17490655337221303,6.241620818092813,0.0011807735632121952
52.951,0.18203818394108068,6.241580027517659,0.0009822882886081352
52.971000000000004,0.18915836853180445,6.2413796081351975,0.0014315438043372986
52.991,0.19542701603294177,6.241348994328011,0.000986982569086442
53.011,0.20245701419380643,6.24138831546448,0.0011729930518137588
53.031,0.20940606726576733,6.241206665157549,0.0015287886181976351
53.051,0.21613707610750862,6.241143964058057,0.0014415682801731111
53.071,0.22255308294373702,6.241180465457459,0.0011692145463927661
53.091,0.22980421136060336,6.241066171852797,0.001156987656083741
53.111,0.23686742766110136,6.240934046223933,0.0014181666873709087
53.131,0.24312811139179225,6.240908099444941,0.0010523439117811062
53.151,0.25012851383726364,6.240870362240761,0.00093637735579713
53.171,0.25728385193772163,6.240669189935083,0.0013920694443661508
53.191,0.2636838340113319,6.240560872652317,0.0009845914952168744
53.211,0.2700936023983895,6.240559435945034,0.0009854647615274992
53.231,0.2771810268984407,6.240308328144932,0.0013600371255927113
53.251,0.28405175993798976,6.240069642371078,0.001328879023915236
53.271,0.2903505111368497,6.239927922312376,0.0011211702615728791
53.291,0.2973166819107905,6.239759148263683,0.0010079067714446888
53.311,0.3043904008978379,6.2395000841637405,0.0013217151746671985
53.331,0.3107070900167726,6.239390122701338,0.0009324311212820235
53.351,0.31777354581758643,6.239280179412108,0.0009034451570378299
53.371,0.32488225213618704,6.238967001140143,0.0013939643801187396
53.391,0.3312520070636252,6.238842581933386,0.0011216349701879125
53.411,0.3382109992321753,6.23878885937752,0.0010321944259448212
53.431,0.3453842899013044,6.238514032883,0.0012307858499015778
53.451,0.35213324745055175,6.238383280564443,0.0011453858447248444
53.471,0.35862400143236434,6.238362996693166,0.0011326173550573748
53.491,0.36566193711444156,6.238196925671247,0.0010212807470510454
53.511,0.3726483042167883,6.237934588246561,0.0014661074497051563
53.531,0.3788641371603632,6.237801274047123,0.0008845043186496426
53.551,0.38594605992794473,6.237762530350312,0.001041717528746211
53.571,0.3930617109523275,6.237513843784107,0.001366800550528513
53.591,0.39949921819350076,6.2374122829986165,0.0010703507700262904
53.611,0.4061557435693805,6.237375996743137,0.0012275091741613398
53.631,0.41324814902866525,6.237123252733318,0.0012687159017762684
53.651,0.4199439622615481,6.236966023291902,0.001431579279944195
53.671,0.4265446408480901,6.236913171181066,0.0010967996638825972
53.691,0.43377482713068377,6.236801451899597,0.0009568470429056342
53.711,0.44084948369011584,6.236509964117719,0.001490454464144475
53.731,0.4470975857459051,6.236437997327072,0.000970045249019863
53.751,0.4537152234095325,6.2364262883756725,0.0011682285795282799
53.771,0.4608617810524902,6.23614528961264,0.001600690635518237
53.791,0.46743628658550923,6.235856482253713,0.001534231930164498
53.811,0.47409725550497894,6.235763210563493,0.0012173757848832345
53.831,0.4812192932435704,6.2354931007723575,0.0013706912058060183
53.851,0.4883599112777078,6.235263888873865,0.0014708394361562238
53.871,0.49458672280216487,6.235205847496997,0.0013557629891793044
53.891,0.5012820743661099,6.235061581723687,0.0012106502923805162
53.911,0.5083987708645307,6.234763052145901,0.0016817983579646423
53.931,0.515253835161612,6.234550505093398,0.0014115837912014872
53.951,0.5223572490345595,6.234435034827483,0.0013738132687949878
53.971000000000004,0.5295399603536077,6.234139288677075,0.0015436757218304509
53.991,0.5365868870424559,6.2338932519801515,0.0012676113962400148
54.011,0.5434216419066482,6.233809449608336,0.0016506750658160096
54.031,0.5499897166903167,6.233614035002495,0.0014162630487702665
54.051,0.5566064635683431,6.233294643474222,0.0015445916465171572
54.071,0.563356488020464,6.233187655926654,0.0013888992167746528
54.091,0.5703112329589355,6.2330140105352125,0.0013606920694099467
54.111,0.5772168599601847,6.232696073420383,0.0017667384189925806
54.131,0.5836863844665761,6.2325604355103135,0.0014508810152256413
54.151,0.5904444839845526,6.232478934283367,0.001433289210973021
54.171,0.5975766862233874,6.232145803870383,0.0015590270457017108
54.191,0.6045099093306119,6.2319222695576135,0.0016268153261913276
54.211,0.6107704532713869,6.23186397743065,0.0014592937585058419
54.231,0.617788677474461,6.231693516948399,0.0012183267328935432
54.251,0.6248267171866956,6.23135585561517,0.001755882199841935
54.271,0.6314010634533862,6.23114884310394,0.0013185779416865773
54.291,0.638557568512034,6.231037833346685,0.0012948434639521167
54.311,0.6456805664792022,6.2307192426775,0.0015467693246399017
