timestamp,x,y,z
7.426,1.9922342210117976,0.0003201166070138408,0.0012204721342672642
7.446,1.9922293177852775,0.00032132047238521666,0.0012242867823220316
7.466,1.9922257687287424,0.00032175762475400427,0.0012228668729153402
7.486,1.9922284362459746,0.00032513573337129533,0.0012222998213458625
7.506,1.9922250855007888,0.00032428659038732835,0.0012247572090033632
7.526,1.992225570296419,0.0003291347681103353,0.0012187152936067036
7.546,1.9922277230597645,0.0003315755907079894,0.0012251412643662363
7.566,1.9922298122961213,0.0003330022980996383,0.0012271450680817475
7.586,1.992227070412193,0.00033235286580618326,0.0012251116882726065
7.606,1.9922274788021213,0.00033662521983639145,0.0012248804181305972
7.626,1.9922296216570186,0.00034073777567219664,0.0012174001505661503
7.646,1.9922301183388924,0.00034094182580330414,0.0012248183125928291
7.666,1.9922290309689779,0.00034038133789644905,0.0012156506301923553
7.686,1.992229469042028,0.0003450129072782278,0.0012248023739432623
7.706,1.9922320079829627,0.0003484797802081746,0.0012249051072849293
7.726,1.9922317624785253,0.00034728021990400337,0.001223390695332116
7.746,1.99223092538367,0.0003484006890797799,0.0012251029027232074
7.766,1.992230909947464,0.0003471588603917886,0.001221915972711235
7.786,1.9922271044565814,0.0003506448443599065,0.0012208195072014039
7.806,1.9922306381272057,0.00035342229417919277,0.001224865627833971
7.8260000000000005,1.992229920751784,0.00035276692381121905,0.0012239953696046857
7.846,1.9922284304462663,0.0003539465227332972,0.0012155867631588602
7.866,1.992229881851312,0.00035502146660678946,0.0012232591031498263
7.886,1.9922342812579672,0.00035886490847500987,0.001224876318858592
7.906,1.992230544842196,0.0003603387910523704,0.00122406388182697
7.926,1.9922303850347667,0.0003622450314215664,0.0012253635405335972
7.946,1.992226480692243,0.0003632134937626606,0.001225718138020554
7.966,1.9922265577098475,0.00036487753022912135,0.0012259444465185232
7.986,1.9922249916735728,0.00036865344847997623,0.0012251951553493567
8.006,1.99222743310818,0.00037214605679104296,0.0012254248208400376
8.026,1.9922272474275629,0.0003709329058427792,0.0012239148658741705
8.046,1.9922264131872423,0.00037203616756303703,0.0012256147357387615
8.066,1.9922263901595478,0.00037082488993292944,0.0012224409056678098
8.086,1.9922227012284779,0.0003743148817804991,0.0012212983467515814
8.106,1.9922234370220917,0.0003752565874254503,0.0012244241569121794
8.126,1.992222558675878,0.00037829001060299606,0.0012260212597635378
8.146,1.9922213867679481,0.00037641069385193243,0.0012235972588819644
8.166,1.9922229080256766,0.00038037825371939083,0.0012254313504834191
8.186,1.992218455641376,0.00038119250234148425,0.0012220846926448425
8.206,1.9922192856696563,0.00038271851651044384,0.0012250185479036335
8.226,1.9922191243866467,0.0003827511255915262,0.0012261194291687538
8.246,1.9922177666951808,0.00038268789336461925,0.0012268051759814491
8.266,1.992216426059514,0.0003853446964055874,0.001222908895048641
8.286,1.992215802402067,0.000386267498636576,0.001218863214733884
8.306,1.9922180914135943,0.00038699293319468983,0.0012189233404600597
8.326,1.9922168234546,0.0003896543388846312,0.0012263183781414944
8.346,1.9922191018794086,0.00039349989518743395,0.0012261687639677776
8.366,1.9922199399499594,0.0003941823898276027,0.0012261869414438298
8.386,1.992217975221377,0.0003933819591138685,0.0012265004077161024
8.406,1.9922182726827267,0.00039806223789210236,0.0012252212972454768
8.426,1.9922207079899659,0.00040186695231963577,0.0012247967523760783
8.446,1.992222093133167,0.0004018966666540976,0.001226482619135577
8.466,1.9922201557848458,0.00040034194881490075,0.0012242775657761995
8.486,1.992218656277761,0.000403388207275964,0.0012266462340178863
8.506,1.992216210259438,0.00040584263077818214,0.0012267394799433673
8.526,1.9922147517196844,0.0004070919520783022,0.0012267153526393793
8.546,1.9922162806733101,0.0004112294410004008,0.00122038538853797
8.566,1.9922185386113227,0.00041204020360640053,0.001222376825838728
8.586,1.9922173454842376,0.000412675302028814,0.00122687110281669
8.606,1.9922147403094146,0.0004134008463456569,0.0012268150766790442
8.626,1.9922154496729425,0.0004126214329025811,0.0012268919090714925
8.646,1.9922142093356345,0.0004175242652834545,0.0012266772393111358
8.666,1.9922124257403335,0.0004184748440495166,0.0012265297963252042
8.686,1.9922099679680134,0.0004187327845354563,0.0012271026356601988
8.706,1.9922112900041133,0.00042060303872950905,0.0012270121438893444
8.726,1.9922104033403152,0.0004215633205301406,0.0012269844616856207
8.746,1.9922083191870439,0.00042019513651404713,0.0012256787067980446
8.766,1.9922096128468825,0.0004231028954154797,0.0012270881837964653
8.786,1.9922081575437631,0.00042478727979906953,0.0012269328501672283
8.806000000000001,1.9922069681237633,0.00042546333823843206,0.0012215379681070615
8.826,1.992206354875724,0.00042702822985292633,0.0012231416106228132
8.846,1.9922043989114466,0.00042742595679146533,0.0012272829046904299
8.866,1.9922055769814506,0.0004284413680580738,0.001227115994121536
8.886,1.9922036076138525,0.00042921615489687626,0.0012269893196225623
8.906,1.992201031162499,0.00042933430038207384,0.0012275167686118804
8.926,1.992202365287786,0.00043119902459477246,0.0012274269229872181
8.946,1.992201472083128,0.00043210820809092964,0.0012273996997291259
8.966,1.9921994451063711,0.0004308007091365872,0.0012260971252830433
8.986,1.9922007331527345,0.00043367864360140823,0.0012275027931244187
9.006,1.9921992906777473,0.00043535328915475497,0.0012273489919775449
9.026,1.9921966590499165,0.0004355623722171279,0.0012254146498121843
9.046,1.9921957904250926,0.00043841924648091766,0.0012207260981443313
9.066,1.9921963123742688,0.00043867574876864845,0.0012273302790897223
9.086,1.992195236513515,0.0004381330650422546,0.0012182480239976423
9.106,1.9921956542606973,0.00044271164555158916,0.0012273505028041476
9.126,1.9921982575603894,0.0004461602467979882,0.0012274286474897589
9.146,1.9921979735926638,0.00044494019777649305,0.0012258884038155449
9.166,1.992197141187386,0.00044609401399276996,0.0012276349397344344
9.186,1.992197784685239,0.0004505375095135792,0.0012277993239017682
9.206,1.9922001734290722,0.00045422429766376514,0.0012276974464671964
9.226,1.9922009556670728,0.00045490936933686895,0.0012277165099033593
9.246,1.9921990025984622,0.00045409677505588885,0.001228033891817193
9.266,1.9921992735847127,0.00045874587787540094,0.00122673750176433
9.286,1.9922017250309478,0.00046254351629186537,0.0012263222978861066
9.306,1.9922031012545656,0.0004625670645120453,0.001228006089179945
9.326,1.992201172084953,0.0004609983955203198,0.0012258128166750537
9.346,1.992201572029691,0.000464795390656759,0.0012266942341154774
9.366,1.9922043757088053,0.0004684022639084576,0.00122666638257507
9.386,1.9922042840898135,0.0004703538998317369,0.0012271405264214497
9.406,1.9922030576109742,0.00047037624386499704,0.0012287250640672653
9.426,1.9922016901318598,0.0004719474744983361,0.0012283352651756008
9.446,1.992197985455426,0.00047427375583222894,0.001227779525598216
9.466,1.9921978896891779,0.0004755598885914582,0.0012284823250300891
9.486,1.9921991970436475,0.000479641474714118,0.0012280201113451794
9.506,1.9922015176052765,0.00048076315550012687,0.0012283201472040595
9.526,1.9921990877029168,0.0004809948472830844,0.001228117929230499
9.546,1.9921998416099114,0.00048391790122371734,0.0012282257457338075
9.566,1.9921958028647198,0.0004847723778370732,0.0012205537776117104
9.586,1.9921971620542749,0.0004852574246827581,0.0012292122836013997
9.606,1.9921976389060667,0.0004905358538421504,0.0012272486192731191
9.626,1.9921970805054896,0.0004923121084963333,0.0012283992856365056
9.646,1.9921981210155542,0.0004930699738124127,0.001228398957062976
9.666,1.9921961586867338,0.0004922750740826243,0.0012287106327989739
9.686,1.9921956622384491,0.0004910636251046159,0.001228854514912836
9.706,1.9921925736303028,0.0004943104441560925,0.001228558589317058
9.726,1.9921935758900622,0.0004972573213767992,0.0012275761505884386
9.746,1.9921923839103362,0.0004985717932679027,0.0012192714628786738
9.766,1.9921912526630345,0.0004978047600991957,0.0012297049655277392
9.786,1.9921928764505048,0.0005006685559374048,0.0012286433511330408
9.806000000000001,1.9921885543480542,0.0005010781972709663,0.001228877976010928
9.826,1.9921898647620195,0.0005015696791891279,0.0012278768979788746
9.846,1.9921890754885143,0.0005030891798674399,0.0012290823008088148
9.866,1.9921852546933334,0.0005025376608966989,0.0012260289137257518
9.886,1.9921865532726375,0.0005046923996317363,0.0012289678841367058
9.906,1.9921857241472878,0.0005056181736482816,0.0012289366716971006
9.926,1.9921836864808617,0.0005057910679282247,0.0012283986602970587
9.946,1.9921846694346974,0.0005080187731993257,0.0012280107517944616
9.966,1.9921834827327665,0.0005090532324053781,0.0012197147645282846
9.986,1.9921823119187825,0.0005083758385603512,0.0012301256989641352
10.006,1.9921839222650521,0.0005111923045983282,0.0012290607542494725
10.026,1.992179603552476,0.0005115692903184586,0.0012292944078584889
10.046,1.9921809356395257,0.0005120856219598611,0.001228298390728494
10.066,1.9921801418204323,0.0005135781388554415,0.0012294983603993725
10.086,1.9921763387486864,0.00051303054758615,0.0012264550222678416
10.106,1.9921776482696303,0.0005151945366695317,0.001229382666696699
10.126,1.9924407035620801,0.0005131507467454623,0.0012426172073360386
10.146,1.9931081559480723,0.0005112678656091162,0.001272133483190302
10.166,1.9941995797916738,0.0005065376820901286,0.0013067615956470768
10.186,1.9956883978162854,0.0005057948646269095,0.0013265091244824279
10.206,1.997568454165441,0.0005042212583595132,0.0013191028393634008
10.226,1.9998455184581498,0.0005021557498956952,0.0012555359248657139
10.246,2.00254213587344,0.0005005884201944307,0.0010933785486278436
10.266,2.0056360915200324,0.000498584181868424,0.0007925361765414307
10.286,2.009083192397176,0.00049547312709676,0.0007904560906919766
10.306,2.0130436309776414,0.00049216096372102,0.0011491635584337523
10.326,2.0170447774428757,0.0004895381313695801,0.0013644031596788397
10.346,2.0216014122517705,0.0004881366442954235,0.0013599830525435896
10.366,2.026605998891104,0.0004839320705404207,0.0010728292105279813
10.386,2.0316460416897044,0.0004800139464909895,0.0007722686791984401
10.406,2.0367056969512416,0.00047600217756848856,0.001243016885249193
10.426,2.04178098262407,0.00047197511454450633,0.0014362169631836619
10.446,2.0465888486739665,0.0004697150273356546,0.0014518472344177413
10.466,2.051138504865801,0.0004679616296119496,0.0009917635369190159
10.486,2.0561829350459617,0.00046352868727076937,0.0009838538590284107
10.506,2.061251161529548,0.00045985561676488743,0.0013707269966656555
10.526,2.066330049546831,0.00045613691968312257,0.0014933539920027605
10.546,2.070777597978241,0.0004555979611657752,0.0013416029793535955
10.566,2.07577774942873,0.00045300005699734755,0.0008599731882386608
10.586,2.080834821849444,0.00044847628646573124,0.0011637453264756181
10.606,2.085910092546908,0.00044467017489096703,0.0014688158802209639
10.626,2.090991181368479,0.00044110094226665016,0.001518618549918721
10.646,2.0953371567437467,0.00044089148674489683,0.0012698875276019594
10.666,2.1003663398408254,0.00043669404576480937,0.0008071003304781221
10.686,2.1054333051690186,0.0004331036483509235,0.0013118025226980523
10.706,2.110513574848495,0.00042941264057388956,0.0015360307177944843
10.726,2.1154447545844373,0.00042688741383042585,0.0016039618190996918
10.746,2.119815807078237,0.0004290744674616101,0.0011628425480575688
10.766,2.1248648208299095,0.00042568859851323184,0.0009919404584367852
10.786,2.129934684187856,0.00042250329096327595,0.0014107389165761153
10.806000000000001,2.135017180033657,0.00041903052642712794,0.0015589913547035816
10.826,2.1395136135746315,0.00041818692090652744,0.0014202759493928685
10.846,2.1444601711535443,0.0004164570305909624,0.0010060552803395073
10.866,2.149512144841079,0.00041238428224683285,0.001147756687301854
10.886,2.154587754449907,0.0004091755288465183,0.0014802526990996268
10.906,2.1596708886192175,0.00040595689708727676,0.0015493336094806742
10.926,2.1640340552708666,0.00040539249086438893,0.0013703375632994064
10.946,2.16885732389926,0.00040211611097327234,0.000802262994031383
10.966,2.1739224762537317,0.00039787979502380765,0.0012536832172373724
10.986,2.1790007240287923,0.0003945379889197285,0.0015038555040688406
11.006,2.1840346714214003,0.0003916518164406667,0.0015477776853990155
11.026,2.1883140312665663,0.00039163047348712946,0.001186601604240084
11.046,2.193356808058452,0.00038664191585658796,0.0008721809571867745
11.066,2.198420936138482,0.0003845755862028313,0.0013196265613732994
11.086,2.203499559951992,0.00038149513909178066,0.0014907816777750549
11.106,2.208275206636756,0.00038016649933543105,0.0015288278236935682
11.126,2.212655625005503,0.0003800524572433864,0.0009874492860962591
11.146,2.217708602311717,0.00037590754912285995,0.0009874975530776153
11.166,2.222775903935418,0.0003733095601569433,0.001348712961559334
11.186,2.227852739410592,0.0003705274153464321,0.001446151866024814
11.206,2.2322045253911433,0.00037061020213039673,0.0012591637945894296
11.226,2.2371854782512033,0.00036911659831816005,0.0007559358497652713
11.246,2.24223946094603,0.0003652033891172141,0.0010681505827070947
11.266,2.247308885380054,0.00036249897093091547,0.001345253622803022
11.286,2.252382563373293,0.00036005094855735587,0.0013662611697247695
11.306,2.256687483370835,0.00036308810750857313,0.001083766381976825
11.326,2.2617066007178863,0.0003587510410993031,0.0006360218072813673
11.346,2.266769390076388,0.0003595816786751499,0.0011155580666919462
11.366,2.2718458235273356,0.00035729348905656115,0.0013139824052088023
11.386,2.2767157311668167,0.0003530318278221095,0.0013397814456791446
11.406,2.281137887971376,0.00032381648554186295,0.0008810003971999325
11.426,2.2861994096302487,0.000331057730910232,0.0007669471605698253
11.446,2.2912737743043365,0.000319106528496562,0.0011391927953507963
11.466,2.296340678290614,0.0003149652132876764,0.001266346072227309
11.486,2.3008087726977604,0.0003137124312708398,0.0011201155737669555
11.506,2.3057993413119537,0.0003111099018189134,0.0006532242345947403
11.526,2.3108312769063346,0.0003053436099303131,0.0008303028712651761
11.546,2.315889332467255,0.00030119023257071096,0.0011405221211608363
11.566,2.3209540954586596,0.00029694895778511874,0.0011888681213682584
11.586,2.3252836708984814,0.0002952315915660634,0.0009574575123412477
11.606,2.330215564869654,0.0002920459423517796,0.00040128119467394696
11.626,2.33526361859616,0.0002859910287687542,0.0008927933668810284
11.646,2.3403223220771663,0.0002816771994370267,0.001127271969025595
11.666,2.3452346355438634,0.00027855007250679844,0.001184076202910389
11.686,2.3497064864694646,0.00027861881739651805,0.0007781255845248636
11.706,2.354735417045468,0.00027156707546923114,0.0005186735741365966
11.726,2.3597795095638094,0.0002694003873502088,0.0009525064433834607
11.746,2.3648386292271937,0.00026530565533539106,0.0011126761674505048
11.766,2.369542041538941,0.0002636010991271361,0.0011344588312791615
11.786,2.3739407432700217,0.000261999730405286,0.0005954243878570908
11.806000000000001,2.37896977286849,0.0002581627985747616,0.000642372096966104
11.826,2.3840192488426952,0.00025473396145130766,0.0009950051541005311
11.846,2.389078381043955,0.0002510429463850191,0.001081057903176752
11.866,2.3936419308557677,0.0002496950749256892,0.0010308671108435752
11.886,2.39811944170009,0.00024793646690120035,0.00039787244754360684
11.906,2.4031967028249235,0.00024330498997915086,0.0007657497085423459
11.926,2.4082477046967012,0.00024079835677533505,0.0010434922677984848
11.946,2.4132597421962028,0.00023824614440915034,0.0011048432261426822
11.966,2.4176190659063237,0.0002378783352026666,0.000787277331048386
11.986,2.4226430131514305,0.00022880845877844074,0.000419197149919337
12.006,2.427714822398354,0.00023967539751734143,0.0008744908844298682
12.026,2.4327705401697552,0.00023833089297844719,0.0010811014750647108
12.046,2.437381554776923,0.00023821389892993234,0.0010449008703609652
12.066,2.4422358737578094,0.00023634501825878088,0.0006633946218150555
12.086,2.4472590526204767,0.00023177087495163728,0.0005827959724660214
12.106,2.452305569749688,0.00023138105755252737,0.0009845444732635988
12.126,2.4573650342383844,0.00022960473831583334,0.0011183218518848181
12.146,2.461879092927529,0.00022932085001871823,0.0010730313436340122
12.166,2.4664618357091257,0.00022832649773664896,0.0005300518150854472
12.186,2.4714964919747167,0.00022443486729244495,0.0007607891581157267
12.206,2.476550618818734,0.0002230845775083923,0.0010847521691469686
12.226,2.4816121748563447,0.00022159373940061603,0.0011503979833876743
12.246,2.485888929086216,0.00022155113536024516,0.000922494756777692
12.266,2.4908509169466795,0.00022271036021384125,0.00038765696578080266
12.286,2.495932912569077,0.0002304149307040601,0.0009249678208826106
12.306,2.500993192775484,0.00022986576449739608,0.001174402189908691
12.326,2.5059565716497607,0.00022937006326164506,0.001258378224726714
12.346,2.510208190821281,0.00022987669934907527,0.0008520574576600659
12.366,2.5152405841282377,0.00023491611595234196,0.0006361182326733161
12.386,2.5202950357442435,0.00023389991523920824,0.0010816300263626066
12.406,2.5253606858066604,0.0002336577519589546,0.0012609890226735199
12.426,2.529904385386898,0.00023436421174459035,0.0012377612142082939
12.446,2.5346237829030063,0.0002332928778649168,0.0007747171066458114
12.466,2.5396560111985513,0.00023085955130481634,0.0008438012924556482
12.486,2.544716528149837,0.00023132188031076468,0.0012133906197657474
12.506,2.5497871373621623,0.00023116257685394908,0.0013182358979205444
12.526,2.554206329556963,0.00023125776670439123,0.001219493739837152
12.546,2.5588942166980915,0.00023043759398078822,0.0006674997252264503
12.566,2.5639912522470385,0.00022935867862851033,0.0010447934359426592
12.586,2.5690587500437454,0.00023066841636436408,0.001337414472593751
12.606,2.5740980199017995,0.0002313837140733967,0.001400146409062747
12.626,2.578497716914653,0.00023278848118054378,0.001112119640389292
12.646,2.5835378211178437,0.00023494814137281728,0.0007365967896436343
12.666,2.588620386414307,0.000251242733304638,0.0012141964830137963
12.686,2.5936941080559976,0.0002524953915524831,0.0014330197396753008
12.706,2.598278897973233,0.0002532259670374993,0.0013744803320276389
12.726,2.603230716535638,0.0002499876633681611,0.0010279815481901988
12.746,2.6082758982677103,0.00024796999717949605,0.0009443568996997109
12.766,2.6133420220655057,0.00025039328988102306,0.0013545559888635539
12.786,2.618420535330244,0.0002514155033205909,0.001497735405567524
12.806000000000001,2.6227945501787557,0.0002521824551879709,0.0013715616109781503
12.826,2.627702803332843,0.00025255450493169205,0.0009182857962949376
12.846,2.6327932134457317,0.00026408490497143025,0.0011366744242244098
12.866,2.637867577514783,0.0002620733427736605,0.0014605791047135608
12.886,2.6429485887630526,0.0002641274487611409,0.0015279396681406043
12.906,2.64728821276003,0.0002651244089893128,0.0013057149688774083
12.926,2.652282101489115,0.0002656883353999817,0.000763654643600814
12.946,2.657350038177094,0.0002661591198078621,0.0012771845515241742
12.966,2.6624293599968976,0.00026806764685815437,0.0015235197687652746
12.986,2.6673781601174626,0.00026979594724824444,0.001570818246249328
13.006,2.6719314120437785,0.0002713421921786439,0.0012026291246790832
13.026,2.676980376547894,0.00026701754758041844,0.0009493886826702491
13.046,2.682048176533254,0.0002709846336257197,0.0013917843332340862
13.066,2.687130460020559,0.00027284660265993274,0.0015588881383271358
13.086,2.691871323568578,0.00027435350861543706,0.0015682041681295278
13.106,2.6964293930378997,0.00027617009860013853,0.0010474143366762667
13.126,2.7014828036442524,0.0002762942745077026,0.0011010434892674559
13.146,2.7065565771856495,0.000278617649643177,0.0014571466307978231
13.166,2.711639172504924,0.0002805529209783297,0.001549852289112419
13.186,2.7161017102997764,0.0002815416869825424,0.0013655725453461942
13.206,2.7210850427431543,0.0002829842931408051,0.0008477514123811924
13.226,2.7261509267203783,0.00028332283768531475,0.0012182685981162455
13.246,2.731227644245439,0.0002853915046753963,0.0014920915069256413
13.266,2.736211344790875,0.000287268477928494,0.0015931518217361107
13.286,2.7405365217441213,0.00028761486887896596,0.0012237937244286845
13.306,2.745586817129168,0.00028690598300527994,0.0008435483806765176
13.326,2.750679600973871,0.0002983477808022096,0.0012899068525219215
13.346,2.755757464849562,0.0003015725519056644,0.0014815242338157564
13.366,2.7606102413728912,0.0003041368807173029,0.0014953841898338593
13.386,2.7651189778206975,0.0003032382233756718,0.0010358495745943774
13.406,2.7701667232797638,0.0003046396732385458,0.0009467297349914361
13.426,2.775232791703147,0.00030789068089177895,0.0013300594787451492
13.446,2.780310020482545,0.00031056090295058115,0.0014427543129332254
13.466,2.784950882654934,0.0003124964907225796,0.0013909712053808976
13.486,2.7894979663275903,0.00031392745258840504,0.0008095466583040445
13.506,2.7945491654518215,0.00031569425210507964,0.0010335933997615843
13.526,2.7996174094534054,0.0003183764565117999,0.0013327499175951052
13.546,2.8046915306444884,0.0003211638538771805,0.001372618614184029
13.566,2.808998334145948,0.0003222811235960222,0.0011151509619017896
13.586,2.813933018165216,0.00031441736813847705,0.000548573828452803
13.606,2.818991006071829,0.0003165461470704213,0.001088657454973968
13.626,2.8240590171155575,0.00031858851896355883,0.0013081775863105216
13.646,2.8290229875534774,0.0003202676457357692,0.0013500338075216334
13.666,2.8333489052052165,0.0003213415221270112,0.0009237483775159927
13.686,2.8383759607360584,0.00032223046205716283,0.0007025925360230334
13.706,2.8434276549945587,0.0003242817486518246,0.0011187220811142706
13.726,2.848494255533716,0.00032633072575129256,0.0012605947433584619
13.746,2.853253370351551,0.0003273793014378347,0.0012449137292845913
13.766,2.857704708071013,0.0003275532600045375,0.0007012824626445868
13.786,2.862739584276344,0.00032906012482484626,0.0007947914439637993
13.806000000000001,2.8677926549562835,0.0003310780966330186,0.0011286505270098612
13.826,2.872856936691582,0.0003329472043487022,0.001201398405138887
13.846,2.8772991748670282,0.0003336487611051277,0.0009839117273693354
13.866,2.8822931854259473,0.0003343497863188185,0.0004510572406012381
13.886,2.887331129785024,0.0003339618009184168,0.0008671522818676225
13.906,2.8923857271618547,0.00033579296389944953,0.0011220777406870663
13.926,2.897384394925223,0.0003371953194430177,0.0011612078450970453
13.946,2.901819493960278,0.0003387437292491208,0.000820761571332429
13.966,2.9068570513773944,0.0003401987970392333,0.0005061730167709722
13.986,2.9119353790898734,0.0003415768675250024,0.0009297640196771206
14.006,2.9169898094001514,0.00034056390511725236,0.0011135769400165973
14.026,2.9215499210302,0.0003405965130313579,0.0010180372644958968
14.046,2.9264835050208755,0.000338410098815812,0.0006395309642037439
14.066,2.9315040251166593,0.0003395545864327651,0.0006049085394228548
14.086,2.9365470618476555,0.00033998077819770396,0.0009805095649727535
14.106,2.941604142514099,0.00034061220855327297,0.0010875031610097508
14.126,2.946184507775139,0.0003406195533435364,0.0009967403508557848
14.146,2.950784250744756,0.00033346060545411826,0.00044604586396670975
14.166,2.9558159788142957,0.00033372152910501836,0.0007253572935761177
14.186,2.9608633551721146,0.0003336898771812917,0.001024255578693123
14.206,2.9659210862367718,0.0003334028751585439,0.0010667379778410702
14.226,2.9701840478222747,0.00033275739623223814,0.0008220558713833981
14.246,2.975176694065947,0.0003348384776457774,0.000342736956895906
14.266,2.9802149085250864,0.00033119478086319923,0.0008494847479207646
14.286,2.985266358559097,0.0003310567091657897,0.0010744013007940867
14.306,2.9902003501257575,0.00033056634390475127,0.0011449053285631228
14.326,2.9944433993977566,0.0003303040036099036,0.0007135344536688681
14.346,2.999440611233752,0.00032445794780230013,0.0005633369067169769
14.366,3.0045048629137585,0.00033269336350469315,0.0009612735037515252
14.386,3.009559939691747,0.0003312994388043768,0.0011173704714781407
14.406,3.0140830372530307,0.0003305427804040702,0.0010381546255735785
14.426,3.018884612978192,0.00032855300588496107,0.0005755226029591498
14.446,3.023911922953011,0.00032887916097874565,0.0007205514816018554
14.466,3.0289597756585196,0.00032763163383866536,0.0010675721404829197
14.486,3.0340199006054323,0.000326418020283745,0.0011518085475184514
14.506,3.0383724739155125,0.0003256708820366808,0.0009825699591531345
14.526,3.0429572648410215,0.00032884899349709635,0.0004895279079820403
14.546,3.047368601350395,0.0003194288533792545,0.0008039367580305601
14.566,3.051312594233439,0.0003162441968475336,0.001081956643055687
14.586,3.054859770068556,0.0003132856454918404,0.0011898138868499386
14.606,3.0580071161663924,0.00031040372087254227,0.0011886409459314629
14.626,3.060423703953445,0.00030995425980915095,0.0011021555143155282
14.646,3.0627308861325253,0.00030834861827033105,0.000953200882721994
14.666,3.0646454765948947,0.00030658843420622105,0.0007769248458888989
14.686,3.066169419826811,0.0003051986787410964,0.0006036809846645674
14.706,3.0673546033317294,0.0003002850102941663,0.00046266157416680054
14.726,3.068304638172153,0.00030540888772433335,0.0005550007685077019
14.746,3.0690770848898516,0.00032307598542582507,0.0006395884339941149
14.766,3.069659854379894,0.00034351156776756724,0.000694360609414385
14.786,3.070051394702138,0.00037115826079473977,0.0007173811389116214
14.806000000000001,3.070253015987549,0.0003088987469496982,0.0008240559584226648
14.826,3.0703389402703434,0.00027548434387406756,0.000927821899886383
14.846,3.0704019398820805,0.00025484018774540526,0.001016938976968973
14.866,3.070467958270842,0.00022428891434017216,0.001089551023911256
14.886,3.0705309764590467,0.00018574929750104227,0.0011473818852444362
14.906,3.0705910921289834,0.00014048024151926174,0.0011849911176207706
14.926,3.070654314133923,8.667891828969274e-05,0.0012102689329404337
14.946,3.070719676017801,2.894030950224228e-05,0.001216746990459705
14.966,3.070741522914452,-2.6902311761176426e-05,0.0012078332862589247
14.986,3.0706571330583614,-8.028022494299333e-05,0.001182076375546015
15.006,3.070574134550142,-0.00013123680377359788,0.0011400737634175706
15.026,3.070492940268918,-0.00018035051552568997,0.00108693395866033
15.046,3.0704210052101177,-0.0002323313237807701,0.001012543922817799
15.066,3.0703534200232783,-0.0002788402086060342,0.0009226247547163002
15.086,3.070285054838484,-0.00032452948621494986,0.0008161128414684304
15.106,3.0702280604142267,-0.0003344526396870228,0.000739584602575033
15.126,3.0701484238230066,-0.00029105180443588646,0.0007534126578330191
15.146,3.070145231746363,-0.0002531924617158784,0.0007583655382071008
15.166,3.070212614438549,-0.0002196368098836901,0.0007569570122591129
15.186,3.0702704560632545,-0.00019681439481008915,0.0007534922075194128
15.206,3.0703177276698543,-0.0002728754569677194,0.0008602779815362893
15.226,3.0703656001293274,-0.0003214197637846205,0.0009680787580746697
15.246,3.0704263956471447,-0.00036428765660235195,0.0010522068374629046
15.266,3.07048614396018,-0.00040730906059466103,0.0011195246096759315
15.286,3.0705414799585373,-0.00045809497385342415,0.0011633389757743084
15.306,3.0705962207599096,-0.0005153885985951685,0.001204774771556727
15.326,3.070653748800867,-0.0005836675043180278,0.0012226791437890683
15.346,3.0707100140216177,-0.0006517673815021417,0.0012237900313719074
15.366,3.0707655478658578,-0.0007201606345373767,0.00120823510097412
15.386,3.0708203024479306,-0.0007888339389087468,0.0011759689294283393
15.406,3.070769092146441,-0.0008326079713208336,0.0011295478937255465
15.426,3.0706804295081724,-0.0008726597277229475,0.0010685396140978631
15.446,3.0706030185861124,-0.0009129681900291366,0.0009877081810357735
15.466,3.070529703139474,-0.0009484258112655835,0.000892078185371542
15.486,3.0704559846471224,-0.0009830969907964962,0.0007801999440220919
15.506,3.070396100622215,-0.0009539737667468278,0.0007459659446717171
15.526,3.0703700532753184,-0.0009084329890731314,0.0007609266865074293
15.546,3.0704379938298283,-0.0008905596230344773,0.0007730567116253362
15.566,3.070507097090134,-0.0008724566925046445,0.0007653198439747932
15.586,3.070568468895245,-0.0008963920648906894,0.0008039370114897026
15.606,3.0706045826033725,-0.0009494286500228363,0.0009156730409809466
15.626,3.070648872993484,-0.0010102657721254918,0.0010114530784226805
15.646,3.0706822428121305,-0.001062761027937724,0.001090314960909028
15.666,3.0707365705037537,-0.0011175373315638545,0.001152738299659506
15.686,3.0707836302338314,-0.001177372902221488,0.0011982903080079155
15.706,3.0708260675772925,-0.0012494517912802726,0.0012262693763518406
15.726,3.070872449061487,-0.001326432154964096,0.001238444634889535
15.746,3.0709179449342012,-0.0014034770121091264,0.0012340570927288075
15.766,3.0709626190121804,-0.001480692370730105,0.0012129727660329659
15.786,3.0710064511402493,-0.0015580404005523067,0.0011751667762382734
15.806000000000001,3.071049408009561,-0.0016354912163523624,0.0011206318332001863
15.826,3.071021712941834,-0.001683817150809383,0.001048685905043062
15.846,3.070921958424604,-0.0017214259700284312,0.0009675924120249313
15.866,3.0708183640245714,-0.0017562211874616526,0.0008652689128161029
15.886,3.0707251620254827,-0.0017882357422088838,0.0007482658507231565
15.906,3.0706780383756516,-0.0017265465012756276,0.0007657130343705354
15.926,3.0707441557342854,-0.0017163209216077592,0.0007886061551230505
15.946,3.070817148038463,-0.0017111387516066771,0.0007882619828975812
15.966,3.0708950116301246,-0.0017062060959604358,0.0007752630320045084
15.986,3.070944147664961,-0.0017837393746671822,0.0008607038502844444
16.006,3.070972414427022,-0.0018564149744680486,0.0009671214250795701
16.026,3.071009221034091,-0.0019165609777825506,0.001056837659929366
16.046,3.0710435991910026,-0.0019771057345254403,0.0011303929753453401
16.066,3.0710816022295386,-0.002053753520383488,0.0011859086813349184
16.086,3.071117490364436,-0.0021376302955577846,0.0012260632590578024
16.106,3.0711524411281097,-0.0022215952262468405,0.0012495248455351993
16.126,3.0711865707333486,-0.00230562264149603,0.0012563129358627023
16.146,3.0712198588623756,-0.0023896914183216406,0.0012463950379192068
16.166,3.071252286798267,-0.002473772352492822,0.0012197560867521773
16.186,3.0712838289471835,-0.0025578318197767257,0.0011763844306284243
16.206,3.0713144536375654,-0.0026418317590203508,0.0011162724310970207
16.226,3.0713441231305496,-0.0027257296972320044,0.00103941646432415
16.246,3.0712790414541704,-0.002752922279864449,0.0009480423680310879
16.266,3.071178749282831,-0.002768767639065195,0.000843253901841895
16.286,3.0711068688022913,-0.002767745257102036,0.0007754383501535345
16.306,3.0711348686210025,-0.00274698511779721,0.0008004536134655904
16.326,3.0712002335127324,-0.0027491591452507395,0.0008124515118247411
16.346,3.071271501966674,-0.0027566200474102853,0.0008065305826463198
16.366,3.071343931169531,-0.0027685881735026417,0.0007965222519913662
16.386,3.071365874181765,-0.002842307335679181,0.0009178322188484744
16.406,3.071382752913899,-0.002920921337572789,0.0010198494161669514
16.426,3.0714211246965326,-0.0029879293682561724,0.0011038978645135367
16.446,3.071457953022325,-0.0030574287625097923,0.001172189105394933
16.466,3.0714888207518727,-0.0031295566019639183,0.001220913876960883
16.486,3.0715122817173213,-0.00321511809210627,0.0012567933167606515
16.506,3.071533491785186,-0.0033048002324475127,0.0012745173464862314
16.526,3.071553913901284,-0.00339437835641963,0.0012756688361894308
16.546,3.071573467113711,-0.0034838391119621608,0.0012601015682155992
16.566,3.071592139160394,-0.0035731511822195763,0.001227800079094843
16.586,3.071609906920388,-0.003662276816606049,0.0011787543979863702
16.606,3.071626742465208,-0.0037511721188740466,0.0011129579501796272
16.626,3.0716426126227203,-0.0038397881529705774,0.001030408298974661
16.646,3.071611430996369,-0.003889990132876213,0.000932990742840395
16.666,3.071501045168298,-0.0038952558552539443,0.0008193824422929319
16.686,3.071464638312763,-0.00386866582480605,0.0008070369507462427
16.706,3.0715364714269326,-0.003884947541141534,0.0008292414265199388
16.726,3.0716009791078775,-0.0039007875923499427,0.0008362711870321948
16.746,3.0716619121799864,-0.00391301580354899,0.000823954777173147
16.766,3.071713219423816,-0.003957137150379396,0.0008630153465536694
16.786,3.0717259020967798,-0.004017690946117709,0.0009672223217676024
16.806,3.071745484353671,-0.004097340243658973,0.001071558896125424
16.826,3.0717742200965987,-0.004170851823828203,0.0011494312400809892
16.846,3.0717951229170297,-0.004248323771631382,0.001212892453283737
16.866,3.0718078896974386,-0.004331235328697863,0.0012573873480626052
16.886,3.071816207744174,-0.004424296585909093,0.0012865371294885075
16.906,3.0718231135501335,-0.004516935407458268,0.0012986713682776874
16.926,3.0718203864107494,-0.004568948311758705,0.0012975526613544508
16.946,3.0719005631178704,-0.004717946230139755,0.0012875637835238207
16.966,3.0721105820022,-0.005005011428814543,0.0012696681699519152
16.986,3.0724344368514087,-0.005418096141467307,0.0012434851379052314
17.006,3.0728872807230494,-0.005963456360091872,0.0012068760699523728
17.026,3.073473957409849,-0.006646172538211106,0.0011603722757608792
17.046,3.074197808103623,-0.007472262907948744,0.00109269125215386
17.066,3.0750691112110293,-0.008441356329416769,0.0009841478109380575
17.086,3.076074718818626,-0.009528182997137698,0.0008387953649280355
17.106,3.077145865022642,-0.010657407893922725,0.0006505315310564863
17.126,3.078179864554307,-0.01182230164852036,0.0007396375074439909
17.146,3.079231189108315,-0.012975359035440542,0.000804168598431243
17.166,3.080320381671346,-0.014220537556115506,0.0009000572759164105
17.186,3.081413410888576,-0.015470630012116071,0.0009913594070049547
17.206,3.0825216742546138,-0.01670923801743468,0.0010463495815997703
17.226,3.0836239475058993,-0.01792795938334459,0.0010863792540977413
17.246,3.084600816659105,-0.018987864721934637,0.001117429848415591
17.266,3.085437194540224,-0.019898802374619225,0.00113733963664725
17.286,3.0861448089965013,-0.0206797275332516,0.0011516496834562684
17.306,3.086727253628982,-0.021340342596606315,0.0011681763425039349
17.326,3.0871685022154125,-0.02185334856171725,0.0011942271510829994
17.346,3.0874670574506204,-0.022240169754605646,0.00121911860310156
17.366,3.0876399440056725,-0.0224931309348861,0.0012555341569575884
17.386,3.087681707830349,-0.02261631402535924,0.0012856023814662165
17.406,3.0876804499568724,-0.02270076027793767,0.0012941064702574057
17.426,3.0876787323125754,-0.022791031583689784,0.0013004637918517803
17.446,3.0876834144658027,-0.02288434621074262,0.0012833149943768107
17.466,3.087686894202358,-0.022977351967898317,0.0012494299559502042
17.486,3.0876895140856173,-0.02306996798422022,0.0011988357475887224
17.506,3.087691189900878,-0.023162162040606036,0.001131454984820729
17.526,3.0876863775567314,-0.02321679554429613,0.001071207309098543
17.546,3.087754372917714,-0.02335842600510516,0.0010178637817750413
17.566,3.087937041738278,-0.023638069172056787,0.0009718758054224619
17.586,3.0882403989174394,-0.024054503709545958,0.0009344127867902119
17.606,3.0886902007008015,-0.024636811692649165,0.0009269396819505671
17.626,3.0892398717816207,-0.02536138472837157,0.000978566615759846
17.646,3.0899164518114968,-0.026246198508245194,0.0010403073575694366
17.666,3.090742608822907,-0.027324448986271337,0.00107275458255221
17.686,3.0916825117411055,-0.028503994680359537,0.0010808631477053077
17.706,3.0926665002917466,-0.029722513921661663,0.0010535318533297089
17.726,3.0936669544077806,-0.030933102694858054,0.0009896595892823212
17.746,3.0946800465437216,-0.0321306652680894,0.0008888691277794403
17.766,3.0956673970303914,-0.03337225944376506,0.0009824805744862997
17.786,3.0966343977007345,-0.034541865230847374,0.0011178339521212
17.806,3.097638742587232,-0.035748993109828445,0.0012211077399858217
17.826,3.0986256756156605,-0.03691492010890992,0.001291533340726625
17.846,3.0995569934617726,-0.038005382398875735,0.0013307606543793427
17.866,3.100375765330712,-0.0389649973150121,0.0013431921378327105
17.886,3.1010680992991713,-0.039788724255707376,0.0013479077961313923
17.906,3.1016191816888887,-0.04045904779656132,0.001336088631980592
17.926,3.1020459878921374,-0.04100386862595277,0.001320390360912721
17.946,3.1023257400398276,-0.04139659940526756,0.0012954532412282616
17.966,3.1024798804719476,-0.04166436534912481,0.0012625725779181751
17.986,3.1025028065686895,-0.04178044264268366,0.001216500622407718
18.006,3.102499224838919,-0.041850951272859725,0.0011516810316479498
18.026,3.102496083882846,-0.041933927465281726,0.001071016248019363
18.046,3.1024597759299333,-0.04198544839199432,0.0009747137477112977
18.066,3.102353749591283,-0.041975859682137864,0.0008678347729564606
18.086,3.102341375849448,-0.04193876564838017,0.0008668175136604395
18.106,3.1024018926454233,-0.04196922999148105,0.0008902955525590672
18.126,3.1024339309872144,-0.04196878745802598,0.000898547110804282
18.146,3.1025373459987984,-0.042082559601021356,0.0009131323471104624
18.166,3.1027512893944307,-0.042367657947680104,0.0009426407935718695
18.186,3.103063447157202,-0.04278942800910702,0.0009891792129376464
18.206,3.1034796581363753,-0.043365986761657475,0.0010480151854461162
18.226,3.1040244025847157,-0.04413157950608838,0.0011183231341510558
18.246,3.104675491914934,-0.04504524909510117,0.0011936352652752724
18.266,3.105442688072329,-0.046101795980036026,0.001261891125669129
18.286,3.1063300585759412,-0.04729926532647028,0.001312825217214264
18.306,3.10727509821733,-0.04854890345579212,0.0013299299249293628
18.326,3.1082376400978715,-0.04980080111445257,0.0013119351016433745
18.346,3.109209448155247,-0.05103016108942012,0.0012582996441262706
18.366,3.1101948362069196,-0.052253139362232214,0.0011669430098166511
18.386,3.1111947948846117,-0.05346668033810952,0.0010370232711203464
18.406,3.1121690594942883,-0.05471851264511649,0.001037676963717038
18.426,3.113122677067062,-0.055923019006688196,0.0011321335927705345
18.446,3.1140210805816446,-0.05705319513043283,0.0011765526069735799
18.466,3.1148000203129307,-0.05803112500205817,0.0011860194248460576
18.486,3.1154551894192637,-0.05886490963650798,0.0011669792870541706
18.506,3.115984694365646,-0.059548400847931136,0.0011279822317182553
18.526,3.116383748293451,-0.060084367416147394,0.0010687353764044505
18.546,3.1166297664650413,-0.060459503037273196,0.0009923674145632388
18.566,3.1167136613858246,-0.060664304518119175,0.0009000759982028816
18.586,3.1167173403003914,-0.060665146517352365,0.0008859357375066435
18.606,3.116751891951999,-0.06066046362336867,0.0009073354020135704
18.626,3.1168165135897064,-0.06069315616483049,0.0009229037509558558
18.646,3.1168693535109173,-0.06072010049888157,0.0009217764288289299
18.666,3.116928830959376,-0.0607454615231823,0.0009042506335466272
18.686,3.116985944882864,-0.06078933503882222,0.0009015759126582146
18.706,3.1169854882108905,-0.06087533903141323,0.0010069118838584856
18.726,3.1170027275153562,-0.06094059941424655,0.0010710733065943112
18.746,3.1170608973465224,-0.06107944757317891,0.0010999099389930878
18.766,3.1172324564430087,-0.06137558130013022,0.0011204486029775806
18.786,3.117515823416499,-0.061813673040433816,0.001109424624963884
18.806,3.1179156685554177,-0.06242074235497093,0.0010711238433269432
18.826,3.1184298701122963,-0.06316881909838985,0.0010067591771015238
18.846,3.1190498533527444,-0.06410091066915435,0.0009956737609158328
18.866,3.1197705332093415,-0.06517039052694157,0.0010870303824327132
18.886,3.1206208899705663,-0.06639077184961953,0.0011797752536114037
18.906,3.1215234284759057,-0.06766253716695309,0.0012398299985876826
18.926,3.1224411933233585,-0.06893600010602273,0.0012650015480576982
18.946,3.1233736123145066,-0.07020953208363431,0.0012533304249929544
18.966,3.12432130924554,-0.07147479162945161,0.0012058097193145823
18.986,3.125280485277498,-0.07272894654609985,0.0011207181103221886
19.006,3.1262536810553674,-0.07397127206581434,0.0009970747965035165
19.026,3.1272144037939134,-0.07522135830345873,0.0008380799084155566
19.046,3.128087364572125,-0.07637295218817608,0.0006616582226587342
19.066,3.1288261703165743,-0.07739269043498323,0.0006601371363854358
19.086,3.1294655755736196,-0.07825553095326762,0.0007171977600510804
19.106,3.129960544152396,-0.07892063856910314,0.0008142471973290044
19.126,3.1303689273767765,-0.07945877996252798,0.0008818146347267519
19.146,3.130673023495972,-0.07985099471951858,0.0009220253520206279
19.166,3.1308620262938582,-0.08008968553890473,0.0009314389929036826
19.186,3.1309493107420163,-0.0801585705489889,0.0009074378605491706
19.206,3.130979578553591,-0.08024238440448264,0.0009581902914616025
19.226,3.1309611336001217,-0.08032940849692158,0.0010501008816161672
19.246,3.1309477375427837,-0.0804105280460305,0.0011242479301010189
19.266,3.1309336226089286,-0.08049516784227802,0.0011812567614302438
19.286,3.130923708447553,-0.08058648338464222,0.0012231944641369341
19.306,3.1309096201079742,-0.08068446252747397,0.0012471996290011889
19.326,3.1308947936534475,-0.0807387677939563,0.001255586883819798
19.346,3.130954444239813,-0.08090617042636783,0.0012481078583964633
19.366,3.1311193150696357,-0.08121820697155141,0.0012314174975462944
19.386,3.1313945406600725,-0.08168772444027511,0.001201540129050882
19.406,3.1317800754789893,-0.08231956622163555,0.0011577125422878864
19.426,3.1322602210128063,-0.08309041377295812,0.0010967698862505149
19.446,3.132855079203421,-0.08401472163117635,0.0010092443929497208
19.466,3.133575269091564,-0.0850933526408842,0.0008793399795607171
19.486,3.1344276626883745,-0.08632089226988632,0.0007045642149829945
19.506,3.1352730414307373,-0.08765868902551296,0.0007793379911390785
19.526,3.1361237427129685,-0.08894415784144372,0.0008462329618949549
19.546,3.1370450268939107,-0.09032110080809327,0.0008908483671767886
19.566,3.13795873681256,-0.09170724949154063,0.0009281441676167457
19.586,3.1388461377267274,-0.0930971965239248,0.0009974422287019336
19.606,3.1397557644898386,-0.09447446938744551,0.0010206741213587
19.626,3.1406588817774708,-0.09582867576704043,0.0010319263451797067
19.646,3.141471670076141,-0.09703472979338001,0.001034022238527721
19.666,3.1421602898340204,-0.09805907532580802,0.0010461558385232994
19.686,3.1427545581194334,-0.0989509492678618,0.0010477649186020621
19.706,3.143222423119227,-0.09968272565066189,0.0010580763439513585
19.726,3.1435826895273946,-0.10027028583896921,0.0010793423997566831
19.746,3.1438202055678524,-0.10070367755129994,0.0011107783871346921
19.766,3.1439387509227905,-0.10098617206162441,0.001150336518584899
19.786,3.1439458534986437,-0.10111828337579348,0.001193284437601333
19.806,3.143929720586067,-0.10121206802219387,0.0012216061643395004
19.826,3.1439134276558387,-0.10131020025684258,0.0012346689761833507
19.846,3.1438959960133888,-0.10140767161738984,0.0012308142060966365
19.866,3.1438776020081978,-0.10150446104137352,0.0012101403917247622
19.886,3.1438582244753297,-0.10160052937494703,0.0011726143023751967
19.906,3.143776799429218,-0.10159343954231519,0.0011225569246886835
19.926,3.1437000586949417,-0.10156631444592118,0.001075240563871066
19.946,3.143700988718826,-0.10166473890914579,0.0010331555696870831
19.966,3.1438232758665925,-0.10194230199870416,0.0009892165600084157
19.986,3.144062384189717,-0.10240349210921987,0.0009457342727180185
20.006,3.1444267478361527,-0.10305402525747598,0.0009114528935696697
20.026,3.144882035531246,-0.10386934063088515,0.0009555166475519739
20.046,3.1454384056676634,-0.1048767664060523,0.000989860835104217
20.066,3.1461089825122475,-0.10606042197091664,0.0009986682001327518
20.086,3.1468899507660226,-0.10741326090067876,0.0009691343160626031
20.106,3.147691428514212,-0.10874745875315975,0.0009088226174675529
20.126,3.148502104217006,-0.11008172715479798,0.000814299973560112
20.146,3.149274566685516,-0.11147190451243573,0.0009103874818029434
20.166,3.1500652648813348,-0.11279509286081696,0.0010438607452737114
20.186,3.1508739550743377,-0.11412929727830695,0.001159455308637286
20.206,3.151698947789173,-0.11545787118701559,0.00123219962348331
20.226,3.1525381149828235,-0.11678678083403227,0.0012737766017153485
20.246,3.1533939406398552,-0.11811504696599084,0.0012793040187328297
20.266,3.154264187421917,-0.1194336377135506,0.001248730138447146
20.286,3.15514864833447,-0.12074188673807996,0.0011814026064121408
20.306,3.1560466885004708,-0.12203891069821388,0.001076483500131814
20.326,3.1569361149255206,-0.12334129170585248,0.0009512203248751017
20.346,3.157725303615022,-0.12454783974701954,0.0010222345810901035
20.366,3.1583902589531,-0.12555890107311102,0.0010666212612826798
20.386,3.1589675704110967,-0.12643597703541098,0.0010814245214427753
20.406,3.159437690220951,-0.1271561762246174,0.0010649611345800725
20.426,3.1597965179694683,-0.12772817093134714,0.0010197417880530302
20.446,3.1600538501878392,-0.12815256678920234,0.0009544955552877599
20.466,3.160190631562241,-0.12840865205629778,0.0008587058252160495
20.486,3.160215142575651,-0.1284923980161723,0.0007246451411773991
20.506,3.1601779309627123,-0.1284931596336397,0.0005783505066500327
20.526,3.1602212447987403,-0.12850751084540385,0.0005938204246108136
20.546,3.1602159608530127,-0.12858910017421715,0.0007359731473374209
20.566,3.160217862659724,-0.1286640717416443,0.0008611612336237862
20.586,3.1602333025479097,-0.12873052050624065,0.0009691333806732261
20.606,3.160236388526681,-0.12880550482867453,0.0010612642484873203
20.626,3.160239910403487,-0.1288711935389499,0.0011185124474832608
20.646,3.160299658954111,-0.12900811465847414,0.0011543665296676886
20.666,3.160449975548638,-0.12929884577695747,0.0011722538632098767
20.686,3.1607038551502793,-0.12977064519839548,0.0011790610818656344
20.706,3.1610520605840855,-0.13039872938465696,0.0011669625045102605
20.726,3.161495818305431,-0.1311956092635293,0.001133234013104223
20.746,3.1620361706723963,-0.1321399099215662,0.001073335301142897
20.766,3.162701103733941,-0.13325336863317372,0.0009713258929745228
20.786,3.163445281887483,-0.13457174438968567,0.0009871147445324746
20.806,3.1642256185157307,-0.1358965383519133,0.0011055691684723756
20.826,3.165017316207034,-0.13724766311523842,0.0011865314734196553
20.846,3.165822930191667,-0.13860171093167328,0.0012351586452192254
20.866,3.166665436563748,-0.13999264780599852,0.0012476519237412387
20.886,3.1675459876496848,-0.14141358797911746,0.0012280166765413492
20.906,3.1684427143791587,-0.14282391102435038,0.0011659623402434927
20.926,3.1693097021339223,-0.14420271214529481,0.0010597305950900693
20.946,3.1700771068125944,-0.14543197277066022,0.0009456068218818003
20.966,3.1707476926443148,-0.14652441355963763,0.0008184427911303027
20.986,3.171282814891705,-0.14743296183570187,0.0006929847117616017
21.006,3.1716821574814897,-0.14816281939472078,0.0005871156637707042
21.026,3.1719985154785113,-0.14873055739348442,0.000620334978342213
21.046,3.1722081287236743,-0.14914918731473092,0.0007104064027191603
21.066,3.172329679098813,-0.14943232348491786,0.0008167305240024125
21.086,3.1723583118691696,-0.14955638046972766,0.000927086908602992
21.106,3.1723435806621425,-0.1496346107853466,0.0010198738395391094
21.126,3.1723228384390803,-0.14969741770464112,0.001103910493281457
21.146,3.1723094564172567,-0.14975784159254668,0.0011709109182086452
21.166,3.1722928678904374,-0.1498080104940573,0.001219499683616565
21.186,3.1722549205547326,-0.1498406089895049,0.001250304657658019
21.206,3.1722107006702904,-0.14983694349769372,0.0012658637260156702
21.226,3.172156118432053,-0.14978919229363113,0.0012672242764858177
21.246,3.172181086192729,-0.1498862594682631,0.0012632230376278808
21.266,3.172303499263561,-0.1501620398241517,0.0012540450870291986
21.286,3.172527855608961,-0.15062059760065827,0.0012426203780580014
21.306,3.172850503382336,-0.15127947850463713,0.0012278375037008682
21.326,3.1732684325711844,-0.15211452181920915,0.0011931513312603281
21.346,3.173804539707002,-0.1531429769638986,0.0011552536533634972
21.366,3.174457824837655,-0.15435626608582712,0.0010798349032613286
21.386,3.1752263028304415,-0.15573672627660795,0.0009602867775449497
21.406,3.1760022794227165,-0.1570880066301877,0.000804255464623399
21.426,3.176756819273173,-0.15848369230393844,0.0007444076171545522
21.446,3.177541011201809,-0.15987047101620588,0.0008414609759537783
21.466,3.178335149428986,-0.16133331027171982,0.0009086133552234366
21.486,3.1791504087193427,-0.16278376097859298,0.0009403664238899212
21.506,3.1799877371236835,-0.16421921550636798,0.000931232303797852
21.526,3.18079203796577,-0.16564065098490083,0.0009512210547970579
21.546,3.181493713845169,-0.16691444752582496,0.001001379185600365
21.566,3.182098308695657,-0.16800604568597946,0.001033029293032589
21.586,3.1826030213458507,-0.16892651659555794,0.0010650890839118965
21.606,3.1829946177019717,-0.16965804651254543,0.001093980837937325
21.626,3.183271511157423,-0.1702035380765351,0.0011249075566946432
21.646,3.183444921434607,-0.17058582320033155,0.0011656453858303883
21.666,3.1835112631248585,-0.1707842847951821,0.001208237684251573
21.686,3.183466080344102,-0.17078825370848116,0.0012413578852958074
21.706,3.183388346457948,-0.17075066830554322,0.0012654407875476725
21.726,3.1833227037587704,-0.17071972574624214,0.0012711373147116234
21.746,3.1832570665825304,-0.17068757065605122,0.0012606103399327995
21.766,3.1831917465923834,-0.17065478658566638,0.0012335153850937808
21.786,3.183126800590375,-0.1706213793652081,0.0011898930466944235
21.806,3.183062234550712,-0.17058735127983657,0.001129762030967818
21.826,3.18301086105644,-0.1705480319294792,0.0010758627362930095
21.846,3.1830196237490687,-0.1706494090424762,0.001031063049580394
21.866,3.183124439364646,-0.17093085987826567,0.0009944079329150535
21.886,3.1833225711604607,-0.17140498967721413,0.0009691351242705759
21.906,3.183624053169615,-0.1720714755374023,0.0009512478073790687
21.926,3.184010649419466,-0.17291963313487535,0.0009349621816696352
21.946,3.1844980149368975,-0.17396356331023607,0.0009162103529519461
21.966,3.1850949321384765,-0.1751853578700876,0.0008881407206659531
21.986,3.18574743045574,-0.17660244986825785,0.0009235608477404234
22.006,3.186427315605724,-0.17809251227725573,0.000911317432534503
22.026,3.187139325201401,-0.17958234328857903,0.0008626067382143665
22.046,3.1878708558124704,-0.1810579219513071,0.0007755592767922648
22.066,3.1885579327900704,-0.18250215968673741,0.000756346352917936
22.086,3.189248071564205,-0.18392863451380076,0.0009102710062401098
22.106,3.1899769786339713,-0.18540221414551472,0.001045075696208847
22.126,3.1907201024391285,-0.1868740389059293,0.0011401491672931308
22.146,3.191482235590055,-0.18834152108236857,0.0012121904734632705
22.166,3.1922599915827465,-0.1898081064134228,0.0012404571385041252
22.186,3.193052399535448,-0.19126852164858857,0.001226854432431923
22.206,3.193866501611599,-0.19272742398967757,0.00117502492541105
22.226,3.1946617279957694,-0.19415385407995284,0.0011076152234643366
22.246,3.195354764075518,-0.19540707910698907,0.0010327836879581442
22.266,3.195958848977949,-0.19650482263160285,0.000957884798006764
22.286,3.1964647965326667,-0.19745192796214187,0.000889285930423811
22.306,3.196883400733399,-0.19824406096866082,0.0009027865143041436
22.326,3.197216603188102,-0.19885133462993,0.0008800037105798908
22.346,3.1974548786671027,-0.19927625185092018,0.0008238660265921516
22.366,3.197555421745315,-0.19956501544082353,0.0007768896861700403
22.386,3.197500963279593,-0.19968717873286262,0.0007868068619181767
22.406,3.1973773236471312,-0.1996862040345138,0.0007975807801861579
22.426,3.1972527866030687,-0.19968278454521257,0.000790907628108739
22.446,3.197127734636332,-0.19967694137344022,0.0007670874221243906
22.466,3.19709190186103,-0.19962492780699137,0.0008855850841527346
22.486,3.197056910052253,-0.19957312878614458,0.0009811113193523846
22.506,3.197002417934448,-0.19952175268060887,0.0010628868173819528
22.526,3.1969724118540546,-0.1995095782681653,0.0011123364679511416
22.546,3.1970037350876797,-0.19960969717572058,0.0011448594437614423
22.566,3.1971220447308384,-0.19989470605680368,0.001167759619049219
22.586,3.1973133324854546,-0.20034743264138655,0.001188649975260081
22.606,3.1976031342345177,-0.20101524308098312,0.0012001489610072857
22.626,3.1979897505981025,-0.2018807005363064,0.0011967059234362365
22.646,3.1984684464618187,-0.20293927768123438,0.0011709849517082538
22.666,3.199036616625193,-0.20416349990037283,0.0011101321460643687
22.686,3.199691363094787,-0.20551141324734684,0.0010143968108563273
22.706,3.2003801772111733,-0.20692513032274615,0.0009071088449283393
22.726,3.2010118650966013,-0.2083422278614305,0.001037528593428677
22.746,3.201697192998213,-0.2097853697841528,0.001143881197438107
22.766,3.2024213816520715,-0.21127245814190543,0.001213619854079362
22.786,3.203164108447045,-0.2127671220904323,0.0012638038517860939
22.806,3.2039258323025264,-0.2142555843191462,0.0012660991074022743
22.826,3.204652939757234,-0.21569247073826173,0.001228003987144094
22.846,3.205323286627211,-0.21701878620338352,0.0011592123306648772
22.866,3.2058915255951583,-0.2181569157610105,0.0010824571494862378
22.886,3.206344906910113,-0.21910315387485194,0.0009989439214463103
22.906,3.2066850148538606,-0.21986252978829296,0.0009180972461788339
22.926,3.206917016210129,-0.2204458226660192,0.0008461928112465933
22.946,3.207040099166432,-0.22086187929144108,0.0007877418795449731
22.966,3.2071274542689197,-0.22106170946591563,0.0008747466020725403
22.986,3.2070847513820198,-0.22104214751711326,0.0009697252648386834
23.006,3.2070258617714575,-0.22099437072283531,0.001057044921741912
23.026,3.206983115654207,-0.22094382386858175,0.0011280862921436985
23.046,3.2069406669477885,-0.22089360517041445,0.001182555825949394
23.066,3.206899418492765,-0.22084524861370175,0.001220745254946115
23.086,3.2068587347696984,-0.22079694388519744,0.0012426011770339807
23.106,3.206818761248487,-0.22074867445352175,0.0012481811278606814
23.126,3.206775953222796,-0.22068231242969455,0.0012430722794562754
23.146,3.2067981946047865,-0.22077061409760368,0.001234190737102736
23.166,3.2068998574288474,-0.22105257920670468,0.0012359780792197683
23.186,3.20708822147505,-0.22153456803630744,0.0012424269365676754
23.206,3.2073522350898154,-0.22221665197376334,0.0012520957718799297
23.226,3.2077021892915707,-0.22308779712918392,0.0012596450978296092
23.246,3.2081395191892597,-0.22415960964262038,0.0012612451524382506
23.266,3.208679124565006,-0.22541573116719796,0.0012386178957371485
23.286,3.209318044346432,-0.2268731846979281,0.0011810092428902186
23.306,3.20999722220728,-0.22839199084711123,0.0010834721781320389
23.326,3.2106949415463544,-0.229908875696007,0.000941533455596999
23.346,3.211396597110435,-0.23139180039180893,0.0007628810156749821
23.366,3.212043387292823,-0.2329051307111628,0.0008687666077850376
23.386,3.2127166632821575,-0.23437999413732458,0.0009557521681646808
23.406,3.2134065601477326,-0.2358961860440449,0.0010033237750811386
23.426,3.214121594361199,-0.23739542975840883,0.0010230888240333469
23.446,3.21485876901893,-0.23889030771952335,0.0010001022570836904
23.466,3.2156137827242453,-0.2403819194759635,0.000933020660431938
23.486,3.2163333962949774,-0.24187205042393248,0.0008843027923203517
23.506,3.217044765407553,-0.2433643150313547,0.0008430229627867658
23.526,3.217759030014888,-0.24484339045324766,0.0007931494022243857
23.546,3.218405247264439,-0.24616942176030768,0.0007453574991571066
23.566,3.218948519718319,-0.24730994566796288,0.0008215051572573462
23.586,3.2193720438915387,-0.24819169840832583,0.0009165174998813919
23.606,3.219738809681233,-0.24894289902427844,0.0009775984077069755
23.626,3.2200233896794375,-0.24951607437661222,0.00100759309330406
23.646,3.220233842145059,-0.24994249792301063,0.0010135428878474961
23.666,3.2203755994934844,-0.25020358274942,0.000988002191960713
23.686,3.2204366612924926,-0.2503131344452487,0.0009237921479779421
23.706,3.220395167374534,-0.2504121577877628,0.0009810579899711958
23.726,3.220350459377733,-0.25051340425327784,0.0010331653023347431
23.746,3.220261823070078,-0.2505202298632534,0.001074394683518859
23.766,3.220161320118517,-0.25050002175951763,0.0011018688681926625
23.786,3.220060790234159,-0.25047810308104945,0.001112274250549189
23.806,3.219960192287055,-0.25045444256474375,0.0011057106076566847
23.826,3.2198890865871563,-0.2504293596641982,0.0010896816868147252
23.846,3.219882570678915,-0.2505481706336188,0.0010635467494438389
23.866,3.219965106083668,-0.2508441184267587,0.0010275778572919891
23.886,3.2201337800255256,-0.2513220275856569,0.00097788874306029
23.906,3.2203828704068544,-0.2519928332408795,0.0009127240388029367
23.926,3.2207205592925336,-0.2528552868314559,0.0008602131867832541
23.946,3.2211286093495386,-0.2538963831009152,0.0008531943383897622
23.966,3.2216400748665874,-0.25515534768650616,0.0008061790319948137
23.986,3.222229521466461,-0.2565944733064689,0.0007071461777804489
24.006,3.2228196906299074,-0.25817290494000256,0.0008261128239236415
24.026,3.223419037505365,-0.25966314239419064,0.000985712375444231
24.046,3.2240364777668162,-0.26119460508875214,0.001108803465078606
24.066,3.2246714800189014,-0.26271854814677453,0.0011952540726380134
24.086,3.22532566604831,-0.2642527618854925,0.001243286414754352
24.106,3.225999970348469,-0.26578249538886234,0.0012536587883198724
24.126,3.2266615771493545,-0.26728096539015944,0.0012427162788016533
24.146,3.227251868310113,-0.26862198756382116,0.001209062713623088
24.166,3.22775990686178,-0.26978178460024127,0.001176817634006816
24.186,3.2281705134381915,-0.27074240683127443,0.0011394003456463853
24.206,3.228486072804479,-0.2715197592981928,0.001112507543850394
24.226,3.2287069247800537,-0.27211297440039905,0.001099819757991477
24.246,3.2288171259018834,-0.2725086518409625,0.0010934279527505253
24.266,3.2288362246944065,-0.2727291778474888,0.0011016883648312104
24.286,3.228758346463441,-0.27276039491229276,0.0011166788738871392
24.306,3.2286493735945463,-0.2727286955798805,0.0011175472329348624
24.326,3.228556610225029,-0.27267035046916616,0.001106927120634621
24.346,3.228534768342802,-0.27275621669382094,0.0010827666176679296
24.366,3.228615181079766,-0.273042547870431,0.0010440654404953453
24.386,3.2287789772968805,-0.2735138081205063,0.000995593851730564
24.406,3.2290267518020377,-0.2741682419534083,0.0009304783488068846
24.426,3.229387532620218,-0.27504948092418613,0.0008574169198957149
24.446,3.2297979051767323,-0.27609940517094467,0.0008401918506605321
24.466,3.2303053780432243,-0.27733113096967243,0.0007860755249001206
24.486,3.230887785814739,-0.27875666135895094,0.0007113281864299936
24.506,3.2314565845226526,-0.2803101483404553,0.0008852883247237042
24.526,3.2320642835841653,-0.2818349478531946,0.001026794930419822
24.546,3.232686446072354,-0.2833602631485064,0.0011467101889669484
24.566,3.2333255833376655,-0.2848918883603231,0.0012218360609405066
24.586,3.233989161667636,-0.2864268204728531,0.0012609875055101527
24.606,3.234668591827917,-0.2879544982525033,0.0012612831891476717
24.626,3.2353350758906854,-0.2894516450246526,0.0012411378060484812
24.646,3.2359341385914497,-0.2907968620868532,0.0012048661600360944
24.666,3.236441057581458,-0.2919492196610714,0.0011631583978918003
24.686,3.236852081488332,-0.29290378236492665,0.0011231036453094312
24.706,3.2371754281974785,-0.2936986041081041,0.00109668290010978
24.726,3.2374176244978226,-0.29433711412936053,0.0010793122454915982
24.746,3.237535869584802,-0.294749290877657,0.0010801926260581851
24.766,3.2375576814286577,-0.29497846276167017,0.0010945063571186353
24.786,3.23746445148497,-0.2949898203966171,0.001113590336510234
24.806,3.2373597857358045,-0.2949694255111365,0.001121334354184489
24.826,3.2372549797418984,-0.29494670531846573,0.001111813937723083
24.846,3.237150106760942,-0.2949221558094019,0.001085335585573055
24.866,3.2370451860977125,-0.2948957639407679,0.0010418859299376748
24.886,3.236940247667241,-0.2948675259437967,0.0009814878755129708
24.906,3.2369176270952202,-0.29479629473322094,0.0010569245762617197
24.926,3.2368915608653817,-0.2947256467762122,0.001105796340455767
24.946,3.236928045980655,-0.2948158586692132,0.0011412836708115937
24.966,3.2370254182950013,-0.2950790882650684,0.001172968539717656
24.986,3.2371810614542196,-0.2955497985802024,0.0012093146553885659
25.006,3.237414726756446,-0.29622774624163617,0.0012419980980336032
25.026,3.237718836847804,-0.29710524651946274,0.0012614356437975482
25.046,3.2381022781197575,-0.2981829818608736,0.0012793783951290383
25.066,3.2385689092793575,-0.2994712625968318,0.0012639683097312726
25.086,3.239113403017137,-0.30091626329614485,0.0012088010380822967
25.106,3.239707754165741,-0.30247208583125484,0.0011083504279455203
25.126,3.240294136424397,-0.30395099432720035,0.0009841290541442171
25.146,3.2408391797797402,-0.30544390121448206,0.0010913567576775474
25.166,3.2414116303513874,-0.30692606468027495,0.001211463233663751
25.186,3.242011514998717,-0.30847841388780955,0.0013039203242518338
25.206,3.242635141132792,-0.31000962371810054,0.0013587173080526205
25.226,3.2432447680314618,-0.31149787476876,0.0013699403465137483
25.246,3.2438025770657606,-0.31287806269668894,0.0013498478976427808
25.266,3.2442774961471676,-0.3140632400504715,0.0013107129084672098
25.286,3.244656961653625,-0.31504224427298394,0.0012630097464315648
25.306,3.244941380945919,-0.3158245728939107,0.0012133650712259358
25.326,3.2451308182445295,-0.316415165524325,0.0011634859052233881
25.346,3.2452243154326794,-0.31681896485721295,0.0011138993557524846
25.366,3.2452291073653954,-0.3170451334826225,0.001064564879737856
25.386,3.245137675105184,-0.3170564976761789,0.001010886530103755
25.406,3.24508290288862,-0.316995172797087,0.0010651542789906765
25.426,3.2450650110664063,-0.31694036981524726,0.0011242754154130452
25.446,3.245087826178934,-0.31702484815906007,0.0011640656824880857
25.466,3.245179354844055,-0.31728782833409125,0.0011894356360440672
25.486,3.2453424207485484,-0.3177733957092763,0.0012333116625425355
25.506,3.245574797190638,-0.31844277718136316,0.0012581100562686076
25.526,3.2458803340900553,-0.31932650499380527,0.0012847129804252622
25.546,3.246264314913653,-0.3204032978161814,0.0012883341708058993
25.566,3.2467358490892346,-0.3216788668033732,0.0012676456565627048
25.586,3.2472871921869397,-0.32312086946681495,0.0012005144879972396
25.606,3.2478791657894943,-0.32465031462106814,0.0010952843215161767
25.626,3.2484484502664865,-0.3261290153217204,0.0010289039272365075
25.646,3.2489951178860883,-0.3276070657946092,0.0011480471429623773
25.666,3.2495749718371196,-0.32913059368999614,0.0012627128772564333
25.686,3.2501865969879526,-0.33066452834402227,0.0013406749650178018
25.706,3.250818003246726,-0.33219591973160223,0.001388129833995111
25.726,3.2514317076835653,-0.3336923738722639,0.0013912525035822687
25.746,3.251984167116723,-0.33505276926794864,0.0013613961023890286
25.766,3.2524605845106778,-0.33623167733841874,0.0013201696144786168
25.786,3.2528431790932735,-0.33721084906388327,0.001271652393618261
25.806,3.2531354580223866,-0.3380094644287609,0.0012177426008039283
25.826,3.253331567009726,-0.33861510201854755,0.0011680296340840224
25.846,3.253424061339166,-0.33901929852836243,0.0011205895011213163
25.866,3.2534223580218233,-0.3392456852120733,0.0010795492132842366
25.886,3.2533245217502222,-0.339271815411502,0.00102892636653229
25.906,3.2532817768953746,-0.3392200186554631,0.0010803520024720847
25.926,3.2532528978170663,-0.3391574655828601,0.0011537913183671533
25.946,3.2532319256435724,-0.33909659914492246,0.0012114685736409614
25.966,3.2532116428862796,-0.3390364275819992,0.001253145126852262
25.986,3.253190605831298,-0.33897398500371656,0.0012789273047007776
26.006,3.2531651698235424,-0.3389096264822432,0.0012892691237887666
26.026,3.25314728655908,-0.33886971477987265,0.0012858529184177903
26.046,3.253176054548465,-0.3389671185236149,0.0012838255698622014
26.066,3.253266521334907,-0.33925288810663495,0.0012934743147959837
26.086,3.2534129620931895,-0.3397360806695642,0.0013156620358474314
26.106,3.25361907115792,-0.34041672842657594,0.0013457229516335156
26.126,3.2538972769252243,-0.34132189303122534,0.0013783139339111072
26.146,3.2542505526562326,-0.3424220760948452,0.001405074944060447
26.166,3.254674791380561,-0.343716658601783,0.001422388636257682
26.186,3.2551852300319633,-0.3452213392011103,0.0014067206809591504
26.206,3.2557316381127137,-0.34680038213492326,0.0013501037211662292
26.226,3.2562961205332224,-0.34837563507836744,0.001253523560582115
26.246,3.256866247696468,-0.34991378855428057,0.001120308377629442
26.266,3.2574366186544226,-0.35138524186323894,0.000953615260492896
26.286,3.257948037409831,-0.3528963852908284,0.0010751662930430506
26.306,3.2585123561643368,-0.3543927206843681,0.0011522300665189056
26.326,3.2590989414973888,-0.35594943818480995,0.0012138216152316195
26.346,3.259692813661654,-0.35750729835073863,0.0012287243639618473
26.366,3.2603130754911316,-0.35905129601428765,0.0012095452923485406
26.386,3.2609536872793514,-0.3605917675932365,0.0011462099417103577
26.406,3.2616103844155035,-0.36211926722065185,0.0010411778357308221
26.426,3.2622415499348563,-0.3636175734502782,0.0008903125927918198
26.446,3.2627743091324994,-0.36497630595219094,0.0008565264827681551
26.466,3.263219494230844,-0.36613066603256983,0.000846425466258155
26.486,3.2636049544960644,-0.36713230816800796,0.0008552563056515028
26.506,3.263904688580365,-0.36794950931272336,0.0008809484379417587
26.526,3.2641658228133204,-0.36857833088349906,0.0009293904574553813
26.546,3.26431496245415,-0.3690387255823351,0.0009867443240920426
26.566,3.2644014545875524,-0.3693445986503415,0.0010629955607182606
26.586,3.2644014046742793,-0.36947694836036266,0.0011521815902164612
26.606,3.264369906339158,-0.3695622534986766,0.0012262407901287853
26.626,3.264340047985136,-0.36964348451847356,0.0012851346944117714
26.646,3.264295881211117,-0.36970702186848836,0.0013283811272742363
26.666,3.2642149266909066,-0.3696735302877482,0.0013596168011499599
26.686,3.2641342494135306,-0.369639099188071,0.0013736608599735634
26.706,3.2640538076022154,-0.3696034899963233,0.0013708926526005416
26.726,3.263994371901778,-0.36957117583931604,0.0013594466099094982
26.746,3.263971310398255,-0.3696477915992108,0.0013392305580443298
26.766,3.264034881982329,-0.3699325067663085,0.0013117896036620724
26.786,3.2641630469889984,-0.370431084439709,0.0012791885375081913
26.806,3.2643618977573765,-0.3711249500092801,0.0012391255859863226
26.826,3.2646398246644135,-0.37201711326988685,0.0011789097613137678
26.846,3.265001504074358,-0.3731015362332495,0.0011020354050752246
26.866,3.2654381000631987,-0.3743803223679154,0.000989251860458784
26.886,3.2659653633889447,-0.3758590601342341,0.0008335470125948874
26.906,3.2664581357342066,-0.3774241228845201,0.000724193297222453
26.926,3.2669102753691885,-0.3790324099007944,0.0008788822824652154
26.946,3.267390137444225,-0.3806067918755779,0.0010334986365769794
26.966,3.2678856440579285,-0.3821778555992935,0.0011559243884219916
26.986,3.268401089424956,-0.3837456647339324,0.0012392636105001686
27.006,3.2689257834227505,-0.3853075964818214,0.0012948457085230347
27.026,3.269458182653268,-0.3868486164068935,0.0013210917003566303
27.046,3.2699444330251923,-0.3882425021786979,0.0013303399461739307
27.066,3.270357868253811,-0.38943106734272626,0.001319014631067178
27.086,3.2706855616135297,-0.3904197921597637,0.0013206590225110226
27.106,3.270955469295225,-0.3912474032648465,0.00132302105756274
27.126,3.271152924187286,-0.39190690841039966,0.0013270155297954167
27.146,3.2712773955267105,-0.392393610023915,0.0013351668863315347
27.166,3.2713259369886227,-0.3927037273291135,0.0013528018446903878
27.186,3.271264901778947,-0.3927289052030458,0.00136754943322967
27.206,3.2711826295062463,-0.3926956441277891,0.0013705163837350598
27.226,3.271121117285396,-0.39266436752870626,0.0013637876686477257
27.246,3.2710992714592977,-0.39274286404732267,0.0013456051962740523
27.266,3.2711674419578203,-0.3930417467965307,0.0013207480558431184
27.286,3.2712935393583287,-0.3935152285498854,0.0012869986832232116
27.306,3.2714950849748954,-0.3941983531748632,0.0012429250196495656
27.326,3.271767469467203,-0.39509453485052387,0.0011816806971563232
27.346,3.2721293841053987,-0.39618516841192275,0.0010961512296386589
27.366,3.272580730025386,-0.397476675613049,0.0009742530741228828
27.386,3.2731124817620576,-0.3989535912150216,0.0007978867332329997
27.406,3.2736260716859116,-0.4005378052530185,0.0007346319873233476
27.426,3.274089733859511,-0.40209612880177226,0.0009122133217220052
27.446,3.27457467737308,-0.4036738301501328,0.0010584529290472156
27.466,3.275077434405888,-0.40523865706573775,0.0011690382323814863
27.486,3.275597545526997,-0.4068142880365561,0.0012496481045823071
27.506,3.276139858329053,-0.40839388562575485,0.0012879806276485939
27.526,3.2766831216094774,-0.40995906101340845,0.0013070935197228017
27.546,3.2771680050526855,-0.41134717446213304,0.001308116579605778
27.566,3.2775903924463017,-0.41254494750331455,0.0013047250793915277
27.586,3.277940408690019,-0.4135631431034269,0.0013011493288279108
27.606,3.278209949505062,-0.41439778595497506,0.0012926888974993112
27.626,3.2784055906794722,-0.41505663683793703,0.0013040912776203784
27.646,3.278531285058112,-0.41553129514366843,0.0013172261537398033
27.666,3.2785789625952715,-0.4158413694750741,0.001335907341683873
27.686,3.2785593049899635,-0.4159784242388674,0.0013554959583166326
27.706,3.278495890259826,-0.41602881183762386,0.0013588501525454433
27.726,3.278411134615439,-0.41599553383335414,0.0013514709869474617
27.746,3.2783269773196917,-0.41596086630285023,0.0013277138938913302
27.766,3.278243051215104,-0.415924876148126,0.0012871039659155536
27.786,3.2781593858951856,-0.41588758274987414,0.0012296853869037672
27.806,3.278076002004328,-0.41584898043220714,0.001155489404887411
27.826,3.2780002025897725,-0.41579701526491375,0.0010910254488163962
27.846,3.2779962164831997,-0.4158903953749221,0.0010750738606150334
27.866,3.278077572197718,-0.4161769284975203,0.0011177729298724182
27.886,3.2782101100616305,-0.41668049362618664,0.001165801626210522
27.906,3.2783904005117437,-0.4173800716099416,0.0012179287490875212
27.926,3.2786216379235746,-0.41828017928150707,0.0012654424745336401
27.946,3.2789164089445513,-0.41938099310311494,0.0013051017029705458
27.966,3.2792723753444317,-0.4206924357267085,0.0013230568759400319
27.986,3.279694428530513,-0.4221974289431547,0.001303484623425194
28.006,3.2801380702060783,-0.4237559294717314,0.001253905839501246
28.026,3.280592024868617,-0.42526705948988675,0.0011700229107311222
28.046,3.281062171085364,-0.42677107689069826,0.001048306593796955
28.066,3.2814631012462154,-0.42830186068867376,0.001185310978478682
28.086,3.2819089694081454,-0.42978400455978005,0.001293808601030677
28.106,3.2823735710514597,-0.43127646263491975,0.0013852672211820127
28.126,3.2828550192152353,-0.43276514432227736,0.0014331017132529766
28.146,3.28335006676353,-0.43425793266813123,0.0014493752640170887
28.166,3.283862112452818,-0.4357555644930941,0.0014286033464940007
28.186,3.284390425859779,-0.4372468703966016,0.0013708709701128474
28.206,3.2849349786455537,-0.43873120665467885,0.0012755355671302815
28.226,3.285478300614866,-0.44022718917489523,0.0011556566848268113
28.246,3.2859609894902384,-0.4415950845347332,0.0010271911421911306
28.266,3.2863544062662724,-0.4427874128998659,0.0010184996432000826
28.286,3.286686756013995,-0.44378601276641444,0.001020376710557297
28.306,3.286969726410246,-0.4446293379273677,0.0009927944252780263
28.326,3.287174378884036,-0.44526755685804387,0.0009340047724389622
28.346,3.2873095810876474,-0.44573485865562956,0.0008463870473585655
28.366,3.287360309239839,-0.44597856605553715,0.000746050872610704
28.386,3.287438953356364,-0.44608036020406505,0.000762392593550848
28.406,3.2874590932241574,-0.44613653369894235,0.0008691795738759445
28.426,3.287434349299227,-0.4462102174691174,0.0009978770627567801
28.446,3.287429851376088,-0.4462819348594314,0.0011176605517398686
28.466,3.287417858041778,-0.44635664166427924,0.0012170026225547526
28.486,3.2874023208507004,-0.4464358130819529,0.0012986193857400241
28.506,3.287390135568686,-0.44651127007369446,0.0013640420025030353
28.526,3.2873799184687766,-0.4465683424508502,0.0014038917385335858
28.546,3.2874044766095754,-0.44672359037180176,0.0014262198092931944
28.566,3.287476638122945,-0.4470562947338021,0.0014358433200479526
28.586,3.2875975905468167,-0.44755897547460216,0.0014251877795736778
28.606,3.287767859077809,-0.4482583786593175,0.001416091486210247
28.626,3.288000485275303,-0.44915450614509556,0.001383460885686999
28.646,3.288299165680847,-0.45020921321500673,0.0013199693719950223
28.666,3.288658628028754,-0.4514378685455686,0.0012258159491126408
28.686,3.289092886489114,-0.4528668265078845,0.0010772088050171325
28.706,3.2894765602007325,-0.45441103345113354,0.0011243270810774864
28.726,3.289904374119942,-0.4558636926442212,0.0012205023309083962
28.746,3.2903499968646823,-0.45736283661762356,0.0012800406567314015
28.766,3.2908074373701623,-0.4588806552928334,0.0013007594095578168
28.786,3.2913006318276703,-0.46045717294894917,0.0012909058603041423
28.806,3.2918080472804374,-0.46203621585822624,0.0012310786025375164
28.826,3.2922892278464464,-0.46355993333230394,0.001141500531612022
28.846,3.2927287157492025,-0.4649733140902752,0.00101954473090482
28.866,3.293090153708713,-0.4661865828946251,0.0008882690022772866
28.886,3.293394997318983,-0.46720233633083,0.0009067109301442722
28.906,3.293630799419395,-0.4680443232220324,0.0009566434693479842
28.926,3.2938154316695822,-0.4687075910508318,0.0010157532937001834
28.946,3.2939450144471967,-0.4691944558831192,0.0010862569615403272
28.966,3.293994107544622,-0.46949237237909225,0.0011627906485205675
28.986,3.2939763397340434,-0.4696121856476615,0.0012546072513207884
29.006,3.29396128146246,-0.46968231844031694,0.0013269936329846355
29.026,3.293952247837809,-0.4697221432399902,0.0013687604314474577
29.046,3.29397467348421,-0.469895033522081,0.0013927603221640938
29.066,3.294038566988743,-0.4702286965535671,0.00140093032670785
29.086,3.2941595055361694,-0.4707472720128603,0.0013998385005609681
29.106,3.294338570445577,-0.4714657028844317,0.0013817950404801382
29.126,3.2945686112400563,-0.47234775096348103,0.0013435413772137916
29.146,3.2948763220132498,-0.4734183154499527,0.0012740042616607439
29.166,3.2952434685297733,-0.4746571687480228,0.001172080475009163
29.186,3.2956686993141835,-0.4760616703106293,0.0010459764441636543
29.206,3.2960499919491637,-0.4775790238429135,0.0011571354386208932
29.226,3.2964795089623666,-0.47905393146413877,0.0012353336435619866
29.246,3.296930029882541,-0.4805545660473056,0.0012832087413482407
29.266,3.2973892749134923,-0.48206428359569153,0.00129495873044852
29.286,3.2978707416665394,-0.48359393119999605,0.0012696493558779498
29.306,3.2983874372827646,-0.4851834465691731,0.0012086351886539948
29.326,3.2988761406512874,-0.48671742055323375,0.0011003160515804244
29.346,3.2993155844208397,-0.4881197535050535,0.0009725164958839794
29.366,3.299685046967555,-0.48933302067244866,0.0008351074089683885
29.386,3.299990054872415,-0.49035610792165746,0.000838590502539649
29.406,3.3002254762577055,-0.49119388224122695,0.000891013530047946
29.426,3.30040250593255,-0.49185232447492316,0.0009488795824553198
29.446,3.3005254808353732,-0.49232621417848205,0.001025843790316422
29.466,3.3005887725805345,-0.49263821602030805,0.0011099529984863743
29.486,3.300559162486132,-0.4927512823792203,0.0011994848438538208
29.506,3.3005532577852383,-0.4928294749740706,0.0012753012574337474
29.526,3.300529721665935,-0.4928982279275074,0.0013382996838555983
29.546,3.3005071875072303,-0.49298083037962415,0.0013810496748032641
29.566,3.300479596632814,-0.49306493064978474,0.0014084423617632125
29.586,3.3004515977881597,-0.4931486813008374,0.001419427650811378
29.606,3.3004229839438315,-0.4932320571136747,0.001413734680495854
29.626,3.300405151023615,-0.4932779195829496,0.0014001778549838084
29.646,3.3004247350745497,-0.4934610607340178,0.0013818860611482242
29.666,3.3004794673658506,-0.49378579009517576,0.0013604996241344258
29.686,3.3005825395896236,-0.49431256228742093,0.0013363737160719813
29.706,3.3007310067211835,-0.49501472924452017,0.0013132641643962273
29.726,3.300930332625863,-0.49591045091263913,0.0012786441193194664
29.746,3.3011879088644407,-0.4970131609269988,0.0012316280133131408
29.766,3.3015137583209646,-0.49833232773930825,0.0011522062510600228
29.786,3.301900516324418,-0.4998084774582179,0.001029806900562369
29.806,3.302311499184079,-0.5013199462526796,0.000876649959716036
29.826,3.3027405765341613,-0.5028297120572776,0.0006778954139983473
29.846,3.303106164553387,-0.5043666145409943,0.0007551393958062091
29.866,3.3034632472969747,-0.5059211848315488,0.0009006456752723713
29.886,3.303836622159921,-0.5075414339249983,0.001023523946732302
29.906,3.304228747574279,-0.50915892436041,0.0011105177935871458
29.926,3.3046386773325254,-0.5107737268424821,0.0011605498151099902
29.946,3.3050662218530884,-0.5123842930456199,0.0011729000897456043
29.966,3.3054910551014753,-0.513915411886937,0.0011564383211271623
29.986,3.3059312431727492,-0.5154283702678653,0.0011033337407244104
30.006,3.306387704371275,-0.5169347801888029,0.0010133931729224832
30.026,3.306825027669888,-0.5184246951541909,0.0009642433252735338
30.046,3.307211243537999,-0.5197899749236475,0.0010819466133901445
30.066,3.3075578767552978,-0.5210089980712783,0.0011630038337397952
30.086,3.3078479883847605,-0.5220192724275934,0.0012148482203477584
30.106,3.308086808389896,-0.5228690249710645,0.001237357044965165
30.126,3.3082724061804125,-0.5235335189481015,0.0012364968860234249
30.146,3.3083987853327232,-0.5240106856328968,0.00121158657409845
30.166,3.3084701540847496,-0.5243089223745435,0.001160869882806198
30.186,3.3084829260139377,-0.5244297253645481,0.0010805229643659209
30.206,3.3084838947845943,-0.5244976603377446,0.000979207891276146
30.226,3.3084834862431887,-0.5245625356688292,0.0008615168208229995
30.246,3.3084044700802946,-0.5246573756030889,0.0008479896981812562
30.266,3.3083114520832053,-0.5247539287549099,0.0008468898602658204
30.286,3.308218588750166,-0.5248520039058657,0.00083108394516751
30.306,3.308136083804167,-0.524857071405583,0.0008442648483388271
30.326,3.3081029927282337,-0.524830507823363,0.0009356485045055596
30.346,3.3081090854222097,-0.5249316913330018,0.0009956204779063005
30.366,3.308168839564731,-0.5252226620135891,0.0010399505544909926
30.386,3.308264866156016,-0.525748177703632,0.0010697539211100004
30.406,3.308401745682373,-0.5264515011702003,0.00108029183990771
30.426,3.3085936408823757,-0.5273395535585942,0.001069797747762502
30.446,3.308822596172983,-0.528397171823732,0.0010247441653747635
30.466,3.3091137559624157,-0.5296589532673233,0.0009413281703112841
30.486,3.309402333518362,-0.5311728128731471,0.0010414960180211708
30.506,3.3097153154568497,-0.5326989769804137,0.00116887968726051
30.526,3.310046980843513,-0.5342385510762718,0.0012645394042272995
30.546,3.3103960585065,-0.5357759364024595,0.0013260893625526848
30.566,3.310762647398514,-0.5373108916364935,0.001352910308983657
30.586,3.3111465076620807,-0.53884246084496,0.0013441600720375813
30.606,3.311547394136756,-0.5403696616138403,0.001299025895687561
30.626,3.3119650346685723,-0.5418914790648723,0.0012166932151669307
30.646,3.3123991320137347,-0.5434068647588948,0.0010963490626843264
30.666,3.3128340443619186,-0.5449226970475275,0.0009786352997133707
30.686,3.313231256044133,-0.546436013054434,0.001094097497517682
30.706,3.31366137556833,-0.5479423535150173,0.0011792967957413858
30.726,3.314091400623446,-0.5494443687576923,0.0012162745903971928
30.746,3.314481163714208,-0.5508345722029696,0.0012066863350235213
30.766,3.314822504748851,-0.5520524942869538,0.0011743162787213324
30.786,3.3150962776011412,-0.5530837564238571,0.0011222382524370689
30.806,3.315292032144338,-0.5539045324452254,0.0010627349958970134
30.826,3.3154142510018167,-0.5545187181475635,0.0009932782264572004
30.846,3.315484558776739,-0.5549331075056368,0.0009539708767901112
30.866,3.315526746914181,-0.5551141074083966,0.0010173874804071947
30.886,3.3155038236361603,-0.5550835027821611,0.0010685989892429137
30.906,3.315505023761727,-0.555069831666076,0.0011098034097065945
30.926,3.3155295602573096,-0.5551383915141501,0.0011336408587931668
30.946,3.31555382755279,-0.5552030718174183,0.001144187404865743
30.966,3.3155701969459646,-0.5552648374427476,0.0011354165243569747
30.986,3.3155932315291254,-0.5553300558810116,0.0011134056575320406
31.006,3.315617173400669,-0.5554043104252362,0.0010750260941201906
31.026,3.315647901102193,-0.5554888022882122,0.0010358002799317756
31.046,3.3156924284183584,-0.5556600544243503,0.0010123963985727291
31.066,3.3157654659912077,-0.5560151953786561,0.001007014388646782
31.086,3.3158676847496817,-0.5565524895171693,0.0010208499240830504
31.106,3.3159991302101113,-0.5572676811773262,0.0010486492795460933
31.126,3.3161752779633034,-0.5581635511525802,0.001094885758348263
31.146,3.316391752666391,-0.5592314823046837,0.0011379789345886404
31.166,3.316658357526334,-0.5605094386192686,0.0011888592415558175
31.186,3.3169761889571836,-0.5619506820562314,0.001212709978118398
31.206,3.317325460007018,-0.5634648467613589,0.0012172444372781366
31.226,3.317693853699573,-0.5649868977627456,0.0011782070108034837
31.246,3.3180731581372163,-0.5665196348084339,0.0011002595911985547
31.266,3.3184695640326063,-0.5680468694208384,0.0009852404483782773
31.286,3.318882420493828,-0.5695676504182242,0.0008309521488067961
31.306,3.3193114924181333,-0.5710809310870266,0.0006365938802048443
31.326,3.3196875322348425,-0.5726102646343105,0.0007398000837809671
31.346,3.3201132261243216,-0.5740852976785543,0.0007930087939297392
31.366,3.3205261515841524,-0.5756982996446741,0.000853888137966774
31.386,3.3209116589437007,-0.5773044999373576,0.0009447476945648459
31.406,3.3213200474475655,-0.5789171234354069,0.0009980563911845541
31.426,3.321732496841016,-0.5805094634560749,0.0010308144470133895
31.446,3.3221022758913974,-0.5819073026283403,0.00105988244102026
31.466,3.322420547160066,-0.5831145556019207,0.001078920859487853
31.486,3.3226840467965055,-0.5841417050579812,0.0010926801944456943
31.506,3.322896491293698,-0.5850005992546021,0.0011024484517263566
31.526,3.323050622802716,-0.5856629796848535,0.0011318582597447668
31.546,3.3231497920255726,-0.5861653744851458,0.00115940697860753
31.566,3.3231847693556587,-0.5864783641071001,0.001194112183570989
31.586,3.3231582054485123,-0.586607618371382,0.0012264738612728088
31.606,3.3231169666438447,-0.5866866144889723,0.0012397983030639215
31.626,3.3230727522100794,-0.5867646678703886,0.0012428477793232362
31.646,3.3230338850093433,-0.5868505432533528,0.001227153837099565
31.666,3.322993655921364,-0.5869352796811454,0.0011943053357379996
31.686,3.322952854026476,-0.5870192567402921,0.0011447945823254424
31.706,3.32291140319383,-0.5871023944108222,0.0010785017456171053
31.726,3.322866486588303,-0.5870747746221406,0.001022136686879449
31.746,3.3228480017161552,-0.5871809301976045,0.0009720203059429555
31.766,3.32287222043475,-0.5874755437907548,0.0009274131669098074
31.786,3.322947826738848,-0.5879911989992019,0.0008895082321636605
31.806,3.323071190866809,-0.5887053549543654,0.0008563055762248195
31.826,3.3232452938828336,-0.5896318031595155,0.0009092626892664435
31.846,3.323443857394483,-0.5907454814391523,0.0009608453742430689
31.866,3.323687769199927,-0.5920727186539889,0.0009867834175220358
31.886,3.3239704771302283,-0.5935999010693555,0.0009880624744232347
31.906,3.3242799085148715,-0.5951686645604236,0.0009573572051577162
31.926,3.324616072434082,-0.5966958092091308,0.0008881126658466243
31.946,3.324965755514196,-0.5982098920425647,0.0007809683053489613
31.966,3.3252505298397477,-0.5997609087602381,0.0008994499048900484
31.986,3.3255674174306615,-0.6012827251749953,0.001023660823880057
32.006,3.325902206533434,-0.6028017465314679,0.0011259254995574508
32.026,3.3262543599433885,-0.604317519476514,0.0011915271792060922
32.046,3.3266211948077733,-0.605836582444357,0.0012269731427178576
32.066,3.327005856534179,-0.6073607005887945,0.001226808200421009
32.086,3.3274067444012676,-0.6088860533051292,0.001186374613375174
32.106,3.3278247064661843,-0.6104059579235589,0.001109766352040853
32.126,3.3282377110635935,-0.6119167018840318,0.0010122424395624663
32.146,3.3286019495525236,-0.6133018428568386,0.0009070588900227661
32.166,3.32890503671972,-0.6145349182457878,0.0008699029453073936
32.186,3.3291680205118035,-0.6155662553868915,0.0009018459627070374
32.206,3.329381108676776,-0.616421773407094,0.0008913016294737064
32.226,3.3295445169138103,-0.6170878153229288,0.0008519237785075406
32.246,3.3296505336093554,-0.6175608044578971,0.0007794087544635009
32.266,3.3297037829804323,-0.6178508139839922,0.0006760916498614877
32.286,3.3296960158441014,-0.6179800616035306,0.0005360993323370034
32.306,3.3295943654129223,-0.6180699629026365,0.00052093196626396
32.326,3.3295961461102914,-0.6181505735189232,0.0006433635327438847
32.346,3.3295873826975306,-0.6182262474316149,0.0007723953354596413
32.366,3.3295635338864273,-0.618305394927602,0.0008817344705130958
32.386,3.3295477131430644,-0.6183709997398156,0.000979712815293965
32.406,3.3295315528216256,-0.6184378579622766,0.0010585630099208543
32.426,3.329518879522374,-0.6184503440521323,0.0011052561690038376
32.446,3.3295378258285524,-0.6186219572889687,0.0011354414052463235
32.466,3.3295881050134133,-0.618965696816733,0.001156489827250723
32.486,3.329669235450889,-0.619475672546086,0.0011630428237675294
32.506,3.3297861007929064,-0.6201839686954743,0.0011625530521044425
32.526,3.329950919242382,-0.6210860145466014,0.0011395727922270948
32.546,3.3301611592663085,-0.6221578574882036,0.0010992852507541173
32.566,3.3304186772985993,-0.6234154563657923,0.0010184771719811414
32.586,3.3307336141202892,-0.6248560721020713,0.000885267818903912
32.606,3.330997456600273,-0.6264103110941192,0.0009270891084842692
32.626,3.3313034827984,-0.6279224247847868,0.001034740628992059
32.646,3.331614033841096,-0.6294517230609405,0.0011104023396907026
32.666,3.3319471195396804,-0.630975149300378,0.001146474341770981
32.686,3.332296724236362,-0.632506768304422,0.0011517192534171439
32.706,3.3326587718148506,-0.6340424911390938,0.0011183519724457525
32.726,3.3330377819901917,-0.6355740872412656,0.0010480598383848794
32.746,3.333433630410546,-0.6371004191338354,0.0009396194160777582
32.766,3.3338460202796516,-0.6386204268375806,0.0007921981033007508
32.786,3.3342642367483295,-0.6401378189588521,0.0006253981953909804
32.806,3.3346611726504145,-0.6416500947125773,0.0007209229712663023
32.826,3.335051173504273,-0.643167528952051,0.0007573125429990724
32.846000000000004,3.335405127487014,-0.6445864099788687,0.0007500899482258128
32.866,3.335713870982052,-0.6458215244339379,0.000834331887601486
32.886,3.335949591618908,-0.6468190502605919,0.0009083722437511488
32.906,3.3361394137263005,-0.6476196080908858,0.0009697915784004918
32.926,3.336278716442749,-0.6482335790889311,0.0010298807366678209
32.946,3.3363733327953584,-0.6486444469174514,0.0010652538667318967
32.966,3.3364355911317696,-0.6489341292748108,0.0010899448319139915
32.986,3.3364492327484494,-0.6490348635288697,0.0010920440164040313
33.006,3.336461245953447,-0.6491037558029537,0.0010748888376675425
33.026,3.336475753947858,-0.6491772845222961,0.001043207498359261
33.046,3.3364897481795475,-0.6492514946380168,0.0009952202744077931
33.066,3.336503407572987,-0.6493264674601009,0.0009310682931897296
33.086,3.3365167026834306,-0.6494021447299726,0.0008507307121397301
33.106,3.3365066978085736,-0.6494842993892385,0.0007903998709324345
33.126,3.3364418714230952,-0.6495154588307331,0.0008216532410689203
33.146,3.336421227977525,-0.6496875659334267,0.0008253922271337366
33.166,3.3364401426981867,-0.6500271510492689,0.0008031419506229764
33.186,3.336503017296308,-0.6505490617109664,0.0007515139890836298
33.206,3.33661128764058,-0.6512566351772723,0.0006738116309907283
33.226,3.3367552541067598,-0.6521655008312821,0.0006248436920124889
33.246,3.3369407606322525,-0.6532288413357483,0.00067357357576181
33.266,3.3371673132180155,-0.6545249617270137,0.0007190665336843372
33.286,3.337443818570369,-0.6560677567239915,0.0007773718969131538
33.306,3.337755352270882,-0.6576918337713906,0.000792378829664514
33.326,3.338054854660664,-0.6593198548548957,0.0008193335376874
33.346,3.338342069837537,-0.6609568504566391,0.0008568971507377232
33.366,3.338647651112796,-0.6625913748703379,0.000857633393460927
33.386,3.338970792456225,-0.6642219025232569,0.0008195086059361589
33.406,3.3393068414489426,-0.665814071908945,0.000750137158170322
33.426,3.3396483788624125,-0.6673443673161819,0.0006512031755872838
33.446,3.339943718200184,-0.6688876758813522,0.0007951885919438573
33.466,3.3402592121242156,-0.6704033155024722,0.0009307070238775972
33.486,3.340593153064,-0.6719191130147338,0.0010360594934662737
33.506,3.3409562562962285,-0.6735248227195161,0.0011081979570546907
33.526,3.3413182720674994,-0.6750936632293411,0.0011514238399621124
33.546,3.341649852270705,-0.6765138493219152,0.0011674494369852129
33.566,3.341932023276429,-0.6777391828010318,0.0011667909894573503
33.586,3.34216859637445,-0.6787931982786445,0.0011587484182949137
33.606,3.3423511024065826,-0.6796570982313088,0.0011426894387812636
33.626,3.3424803071884175,-0.6803334349573421,0.0011280972288193192
33.646,3.342545802764745,-0.6808105665607959,0.0011121030366696705
33.666,3.3425405679721307,-0.6810511702133998,0.0010938143227302022
33.686,3.3424640974712174,-0.6810508620537774,0.0010726270165114515
33.706,3.3423784501776423,-0.6809986137635804,0.0010386718191822963
33.726,3.3422924637864138,-0.6809510814018039,0.0009860293688044863
33.746,3.3422078170138363,-0.6809003725188797,0.000915499110803436
33.766,3.3421303084489766,-0.6808541978886871,0.0008286378956193774
33.786,3.3420779311410858,-0.6808082623925458,0.0007629658534883954
33.806,3.3420934582228936,-0.6807373121407554,0.0007985277715879258
33.826,3.342105399330822,-0.6807049403834264,0.0008113191122934293
33.846000000000004,3.3421322314499124,-0.6807874050685478,0.0008303114591599603
33.866,3.3421853045031678,-0.6810960501100056,0.0008600102616700966
33.886,3.3422615937854188,-0.6816100817156254,0.0009033620068234771
33.906,3.342357596865161,-0.6823143321574271,0.0009464134319877027
33.926,3.342495012098131,-0.6832385043939511,0.0010137725065028358
33.946,3.3426683523328413,-0.6843841485796771,0.001068470022804885
33.966,3.342874029872015,-0.6857358962215954,0.0011133942959231091
33.986,3.3431329152877014,-0.6872897447418449,0.0011298894304779539
34.006,3.343409115220898,-0.6889157881915093,0.0011090412888694334
34.026,3.343697428650347,-0.6904658819265089,0.0010563642455469202
34.046,3.3440020919174023,-0.6920109306473072,0.0009663977892128417
34.066,3.344323559084381,-0.6935503752211413,0.0008384033333320995
34.086,3.3446017680995954,-0.6951130833902022,0.000899187235016391
34.106,3.344902920856172,-0.6966046548863817,0.0010125110451857933
34.126,3.3452201523570477,-0.6981243340879623,0.0010904889292073783
34.146,3.345558824446,-0.6997186418082664,0.0011383170300287848
34.166,3.3459207968012783,-0.7013452585423651,0.0011525431361402994
34.186,3.346300233069329,-0.7029700848318121,0.001126898685819805
34.206,3.3466971170494806,-0.7045907942493352,0.0010609027733457788
34.226,3.3470778393398026,-0.7061558842648663,0.0009591075156542839
34.246,3.3474152568381643,-0.7075848864472079,0.0008301674224052147
34.266,3.347690940980886,-0.7088015420042288,0.0007122489197914084
34.286,3.3479041088106594,-0.7098290057669574,0.0005907379137965463
34.306,3.348047962335714,-0.7106627529612664,0.00048652854108341415
34.326,3.3481408002464117,-0.7112853529173948,0.0004599500933340217
34.346,3.3481997462967725,-0.7116946983722835,0.0005507926817873154
34.366,3.348207962310564,-0.7119360193056734,0.0006590758962357335
34.386,3.3481830107531874,-0.7120000565527796,0.000773471906977935
34.406,3.3481428132873634,-0.7119677913975073,0.0008804303926944201
34.426,3.3480956838151763,-0.7119169307912186,0.0009698463599099039
34.446,3.3480448066371995,-0.7118677809047194,0.001042017113107141
34.466,3.347994430272625,-0.7118189112016726,0.0010984663752050816
34.486,3.3479446069010446,-0.7117694161231345,0.0011383683469699257
34.506,3.3478952713366925,-0.7117194208450212,0.0011617320955147614
34.526,3.347860951136206,-0.711702739727456,0.0011689894398179135
34.546,3.347853885648203,-0.7118030936923011,0.001167975416791478
34.566,3.3478781471546917,-0.7120932845633081,0.0011617984820247451
34.586,3.3479383352879806,-0.712601005527956,0.0011531428911598085
34.606,3.34803224672039,-0.7133225543912398,0.0011375586009119143
34.626,3.34816795196675,-0.7142415185571039,0.0011115087334627183
34.646,3.3483465716378413,-0.7153743390863597,0.0010645002540657644
34.666,3.3485703622007983,-0.7167077535645343,0.000988244235114677
34.686,3.348844079576228,-0.7182120382010125,0.0008639346119836411
34.706,3.349141955481985,-0.7197461482799287,0.000705147435721698
34.726,3.3493939862427817,-0.7213088584273587,0.0006954662499707442
34.746,3.3496764645795705,-0.7228995738115711,0.0007907846471187086
34.766,3.349954632199987,-0.7245364412974953,0.0008580050394105254
34.786,3.350262559641466,-0.7261656625634961,0.0008847757129935852
34.806,3.3505964776731183,-0.7277943543798485,0.0008719229911569593
34.826,3.3509458341683236,-0.7294242869157657,0.0008177647829272217
34.846000000000004,3.3512631930175236,-0.731044873377814,0.0008037903956448766
34.866,3.3515783511677646,-0.7326626606374154,0.0007757533976031072
34.886,3.351916064833939,-0.7342877999515287,0.0007021964137892966
34.906,3.3522728398109685,-0.7358832244421487,0.0005971582944900022
34.926,3.3525535190041515,-0.7373721226430403,0.0007503614910241152
34.946,3.352846020356846,-0.7387930017336003,0.0008863010063661636
34.966,3.3530978269899294,-0.7400155350309287,0.0009836845366361369
34.986,3.3533144107582937,-0.741047108797345,0.0010494403710293032
35.006,3.353483222192584,-0.7418702766390164,0.001091021005973497
35.026,3.3536054152172623,-0.7424892907088976,0.001109751394199665
35.046,3.353675193373921,-0.7428936464671604,0.0011066417037027543
35.066,3.3537087945499158,-0.7431289292986579,0.001080352318026917
35.086,3.353714093891919,-0.7432212880585956,0.0010278750061056274
35.106,3.3537184111740532,-0.7432965728447974,0.0009562555311062315
35.126,3.3537212355687838,-0.743370901231369,0.0008681962200305371
35.146,3.353723677262558,-0.7434455890231053,0.0007638872139225372
35.166,3.3536792206753465,-0.7435325785753815,0.0007172511170524254
35.186,3.3535738010455756,-0.7436011759965961,0.0007240618939211574
35.206,3.353462147145433,-0.7435651632751258,0.0007424777096933233
35.226,3.353379966795985,-0.7435298067644668,0.0007401775301078828
35.246,3.353339011943489,-0.743638588993974,0.0007173802462340229
35.266,3.35334041087524,-0.7439472167900093,0.0006730221688382998
35.286,3.353391720336968,-0.7444547755226193,0.0006703553307018384
35.306,3.353471933084174,-0.7451315093114064,0.0006741129074690211
35.326,3.3535884702073884,-0.7460431780897571,0.0006640110534190946
35.346,3.3537438937225525,-0.747161265858002,0.000611188313264871
35.366,3.353902517080884,-0.7484711680419937,0.0006821502311651351
35.386,3.354092033904955,-0.7500004599608889,0.0008418871574137066
35.406,3.3543035220544155,-0.7516289485535543,0.0009751797371964077
35.426,3.354532812105701,-0.753261234618948,0.0010727421585491892
35.446,3.3547773045937084,-0.7548915939222446,0.0011263997461048725
35.466,3.3550425652309617,-0.7565369342709604,0.0011555776842674392
35.486,3.3553265740819453,-0.7581808094168817,0.0011396559647093296
35.506,3.3556283462834844,-0.7598210667303034,0.001084052190736734
35.526,3.3559401441378145,-0.7614215657270607,0.0009948223704262793
35.546,3.356263613583776,-0.762961565526407,0.0008735240250540566
35.566,3.3565312615694065,-0.7645292505297581,0.0009475696749977613
35.586,3.356833313249331,-0.7660111199735363,0.001068454778648309
35.606,3.357157555364737,-0.7676306922137275,0.0011601809319940481
35.626,3.357493302883935,-0.7692530216297355,0.0012074370635080933
35.646,3.357793697877413,-0.7707044498148694,0.0012183171099563739
35.666,3.3580467829938763,-0.7719542806164864,0.0012015063549574712
35.686,3.358248917572474,-0.7729933865422615,0.001171926688050745
35.706,3.3583947506010783,-0.7738265507770035,0.0011316662725971427
35.726,3.3584838678759383,-0.7744533740414918,0.0010752597952900511
35.746,3.3585122795687234,-0.7748801560345435,0.0010283104803477938
35.766,3.3584789322491626,-0.7750878882192777,0.0009671448678250927
35.786,3.358400954984798,-0.7750954905339303,0.000892595424365733
35.806,3.3583784517548487,-0.7750350907340154,0.0009132090894660716
35.826,3.358386262808398,-0.7749653455188349,0.0009613133717129296
35.846000000000004,3.3583863345808194,-0.7748949768512657,0.0009912035353118742
35.866,3.3583921953220326,-0.7748336699621783,0.001004658786584317
35.886,3.3583987888117552,-0.7747731633128272,0.0010029071662863709
35.906,3.35840614297718,-0.7747138376120423,0.0009852712427046717
35.926,3.3584178954019457,-0.7747307946959405,0.0009650307518510037
35.946,3.3584519303021545,-0.7748937624081137,0.000960940693360085
35.966,3.3584981973617896,-0.7752356426753708,0.0009700949743282339
35.986,3.3585643091004376,-0.7757859590342082,0.0009937667446579257
36.006,3.3586502492754504,-0.7765178295012525,0.0010363111216831755
36.026,3.3587592053830826,-0.7774389660520509,0.0010855162859521872
36.046,3.358894883262162,-0.7785779227420109,0.0011479726200235019
36.066,3.3590660105421004,-0.7799218222634473,0.0012015825683888148
36.086,3.3592796005633545,-0.7814884843500765,0.0012364968588761682
36.106,3.359523520585882,-0.7831160802110592,0.0012290736742411879
36.126,3.3597823335799832,-0.7847678406648992,0.0011934565350737725
36.146,3.3600610357021155,-0.786414716722894,0.0011117746665067763
36.166,3.3603572176474548,-0.7880570863143035,0.0009882638643927966
36.186,3.3606637715154903,-0.7896497113131444,0.0008302219266312916
36.206,3.3609320772695614,-0.7912105356076516,0.0008345963685663371
36.226,3.361226481039843,-0.7927851447988339,0.0009408290071384051
36.246,3.3615177724324297,-0.7944185974041775,0.0010041850788765905
36.266,3.3618291597056307,-0.7960548788795505,0.0010432734024493073
36.286,3.3621605301064905,-0.7976892852805536,0.0010350069487777003
36.306,3.362511449084225,-0.7993099955832152,0.000987147756781881
36.326,3.362857146190965,-0.8008876062700796,0.0008859445690602707
36.346,3.3631457899718176,-0.8023585857790857,0.0008812469587992922
36.366,3.363389553806965,-0.8036041952842955,0.0009026573225123513
36.386,3.36358159584226,-0.8046384041469283,0.0009237527713644722
36.406,3.3637230394989674,-0.8054613130950209,0.0009524976657876993
36.426,3.363819217843283,-0.806074943315328,0.00099156993971386
36.446,3.363860325530819,-0.8064839001388943,0.0010441105914959503
36.466,3.363828023220631,-0.8066747510631972,0.0011047583389264815
36.486,3.3637760712715794,-0.8066835587528017,0.0011710647409323982
36.506,3.3637162541079673,-0.8066338178932122,0.001222757349303133
36.526,3.3636568264005495,-0.8065845300176899,0.001258672486070117
36.546,3.3635978903665364,-0.8065344864668332,0.0012779929156925829
36.566,3.363539435598069,-0.8064837016348518,0.001280654531097769
36.586,3.3634814788538123,-0.8064322000591623,0.0012666724611282154
36.606,3.363424035782659,-0.8063799972419872,0.001236065423663918
36.626,3.3633803952506174,-0.8063206439109417,0.001203822577057062
36.646,3.363367189006598,-0.8064218124992295,0.0011722516803514271
36.666,3.363382362807036,-0.8067229261654427,0.0011423994312744767
36.686,3.3634207085014083,-0.807215671623048,0.00111864460236058
36.706,3.3634891886544196,-0.8079195593405871,0.0010915313663514559
36.726,3.36360324789923,-0.8088584385008069,0.0010639088497338134
36.746,3.3637540591562796,-0.8099925284183574,0.0010187283956675508
36.766,3.363943023514388,-0.8113568567996706,0.0009431263395427714
36.786,3.364187610875183,-0.8129165485555323,0.0008430003603649705
36.806,3.3643897270861802,-0.8145507428281759,0.0007917340703902376
36.826,3.364604789834606,-0.8161905563203253,0.0007013603205394681
36.846000000000004,3.364783679306206,-0.8178626091114822,0.0007379119910163878
36.866,3.364982478052389,-0.8194560493852453,0.0009068016341689245
36.886,3.365195231740637,-0.8210891223440568,0.0010461163326755674
36.906,3.365425381126144,-0.8227202936642177,0.0011475563969317037
36.926,3.365674694775775,-0.8243515538844502,0.0012127598200854794
36.946,3.365940020435067,-0.8259887583762399,0.0012374929548655267
36.966,3.3662280130525195,-0.8276341369402512,0.0012250752281279254
36.986,3.3665335409280277,-0.8292758225864201,0.0011733903049115924
37.006,3.3668565642260257,-0.830912678476479,0.001081096616916799
37.026,3.367161704788114,-0.8324444796090881,0.0009916277654325456
37.046,3.3674136715258465,-0.833871271402543,0.001002081305380098
37.066,3.3676363508592346,-0.8351044041646154,0.0010757335061079287
37.086,3.3678335325512263,-0.8361624535017098,0.0011161450997477507
37.106,3.36798859207585,-0.8370200985368206,0.0011286741757754182
37.126,3.3680875997181228,-0.8376541471893969,0.0011156483161442188
37.146,3.36813930551112,-0.8380618257152993,0.0010732110179069443
37.166,3.3681436638481297,-0.8382855704829169,0.0010000987023870977
37.186,3.3681090546338806,-0.8382774480011836,0.000892624039836476
37.206,3.368081289266752,-0.8382347336710307,0.0007655627222222794
37.226,3.3679744123755997,-0.8381981339593909,0.00074973536526593
37.246,3.3678498166613657,-0.8381477066920855,0.000755889063774523
37.266,3.367756506849866,-0.8381065613108954,0.0007848557640489917
37.286,3.367728631568691,-0.8380365872978738,0.0009125615668927889
37.306,3.3676983942243113,-0.8379741092044998,0.001020442171763447
37.326,3.367663399662588,-0.8379067499669907,0.0010950859992247264
37.346,3.36766413475297,-0.8379932038652287,0.0011416028092643693
37.366,3.367684071586986,-0.8382705665891027,0.0011725272315028512
37.386,3.3677238304198127,-0.8387764604214577,0.0011933165556005931
37.406,3.3677866861095214,-0.8394951563457458,0.0011961194194956282
37.426,3.367881146913521,-0.8404117615901315,0.0011774598879704945
37.446,3.3680162187562592,-0.8415520877231453,0.0011283958509686887
37.466,3.3681908666285616,-0.8428485349549206,0.0010483871078827423
37.486,3.368359904633008,-0.8443444085363113,0.0010169885808198331
37.506,3.368530792032918,-0.8458833773090376,0.0011446757779285388
37.526,3.3687220951694523,-0.8474955769873047,0.0012552645423722364
37.546,3.368934379359925,-0.8491368245526534,0.0013277825530812748
37.566,3.369167962041164,-0.8507776511277283,0.0013763019852440772
37.586,3.3694183296944296,-0.8524176494590093,0.0013736835475021136
37.606,3.369683763444805,-0.8540644889141276,0.0013417574322664994
37.626,3.369966695637287,-0.8557134739971402,0.001263272656873038
37.646,3.3702670409504125,-0.8573575435978577,0.0011438740578092743
37.666,3.3705747856163097,-0.8589290562315048,0.0009938590064900166
37.686,3.3708189482886,-0.8605012879897381,0.0010045356198450373
37.706,3.3711078360327082,-0.8620667363126122,0.0011023807694008902
37.726,3.3713831129946765,-0.8636495274016409,0.001161416137796023
37.746,3.371644580768625,-0.8651093458711437,0.0011630403525321464
37.766,3.3718656103158615,-0.8663493604516677,0.001133925447717954
37.786,3.372029868864416,-0.8673810876818477,0.001079146948646581
37.806,3.372168681835687,-0.8682152430352633,0.0010380395029033207
37.826,3.3722777646534285,-0.8688415163277071,0.0011134087610663035
37.846000000000004,3.372333359816266,-0.8692361333089369,0.0011739139203223725
37.866,3.3723598160165644,-0.8694180945624119,0.001221392707573904
37.886,3.3723491429196315,-0.8693957662463262,0.0012494952228991885
37.906,3.3723442608791787,-0.8693323411072834,0.0012607977212470423
37.926,3.372337785136892,-0.8692649448400223,0.001255561803914812
37.946,3.372328549348928,-0.8691997443822497,0.001234950792610795
37.966,3.372332761510178,-0.8691876826202328,0.0012030701057001714
37.986,3.372342166065245,-0.8692395037774805,0.0011582811737367582
38.006,3.3723554073225115,-0.8693017604082227,0.0010943632363195621
38.026,3.3723846466253473,-0.8693965519968531,0.001042125466256677
38.046,3.3723811345279344,-0.8695689150249077,0.0010313142250272245
38.066,3.3723828066506227,-0.8699107149758148,0.00102548946834774
38.086,3.372411789765796,-0.8704446038637873,0.0009914888015837842
38.106,3.372469535715833,-0.8711834302696926,0.0010198858866591887
38.126,3.372558343938944,-0.8721017307185911,0.001062483288446242
38.146,3.3726641290812887,-0.8732068355030961,0.0011174493019947829
38.166,3.3728111587027727,-0.8745672046675245,0.0011802689031578661
38.186,3.372988334571736,-0.8761245077794574,0.0012290988740945863
38.206,3.3731884447859444,-0.8777667192160061,0.0012448056449764489
38.226,3.3734110401715776,-0.8794215555431184,0.0012203077190191536
38.246,3.3736478583183045,-0.8810763040665693,0.0011540479761666944
38.266,3.3739071103657543,-0.8827290260990126,0.0010468197573812732
38.286,3.3741840323248544,-0.8843771932403701,0.0008966950347971958
38.306,3.3744525362538575,-0.8860257350774616,0.0007509449974590077
38.326,3.3746489938614084,-0.8876909440169554,0.0007968702887815315
38.346,3.3748523691551657,-0.8892925582107063,0.0009688334530034981
38.366,3.375070952256753,-0.8909436956645784,0.001107835505239324
38.386,3.37530840324653,-0.8925941396291852,0.0012109967887684592
38.406,3.375564015225937,-0.8942440737639554,0.0012774091889716233
38.426,3.375822394806128,-0.8958512067290857,0.001321010555307145
38.446,3.3760649577609447,-0.8972960741478617,0.001343030705085707
38.466,3.3762682257342074,-0.8985377054855013,0.0013463684575121537
38.486,3.376436062759685,-0.8995901352987415,0.001353548947997274
38.506,3.3765524618992164,-0.9004127218274971,0.0013575861872144046
38.526,3.3766191764721203,-0.9010240951053615,0.001365698513917657
38.546,3.3766469599149938,-0.9014383508002253,0.001379719324648504
38.566,3.3766246349940303,-0.9016390174978982,0.0013936020837146679
38.586,3.376560755053865,-0.9016337726401862,0.0014083576272169995
38.606,3.3764866409845036,-0.9015769780192678,0.0014067736632104033
38.626,3.3764181385011063,-0.9015272716768692,0.0013888387353372944
38.646,3.3763498238761676,-0.9014762209041394,0.001354486714661013
38.666,3.3762820781329257,-0.9014241910507879,0.001303482057097377
38.686,3.3762148395996894,-0.9013711579469385,0.0012357614092339264
38.706,3.376148127411478,-0.9013171174038302,0.001151363567177155
38.726,3.3760895586005746,-0.9012528527772219,0.0010793948221415883
38.746,3.3760498060303674,-0.9013472946520965,0.0010187855759253572
38.766,3.3760882101399385,-0.9016255857436837,0.001062572749937818
38.786,3.3761343245742967,-0.9021430746230137,0.0011133186443062493
38.806,3.376186739156745,-0.9028573307272816,0.0011748051090732792
38.826,3.3762597985877427,-0.9037727751095166,0.001236467836121441
38.846000000000004,3.3763526423877,-0.9049199888630182,0.0012930721272255696
38.866,3.3764667579597187,-0.906253979941099,0.0013314703153456953
38.886,3.376614537279236,-0.9078138634887503,0.0013414894735579996
38.906,3.376771684930886,-0.909450901780547,0.0013107320676880585
38.926,3.376959311652687,-0.9111114632006636,0.0012396772125819744
38.946,3.3771642651382434,-0.9126820488169285,0.0011465534316532633
38.966,3.3773359153243003,-0.9142565317818124,0.0011039166488845675
38.986,3.3775117454290813,-0.9157924659497074,0.001243357994408223
39.006,3.3777069665110817,-0.9173357127566106,0.0013539777829707778
39.026,3.377918668144225,-0.9189735400887749,0.0014329510741676321
39.046,3.3781546306599863,-0.9206046120181481,0.0014764057512492434
39.066,3.378405814929459,-0.9222503354709202,0.0014795020265625514
39.086,3.378673803661801,-0.9239030927291553,0.001444700171210872
39.106,3.378959601622546,-0.9255507862148499,0.0013697739744256698
39.126,3.379227941889617,-0.9270967290427287,0.0012742935421790058
39.146,3.3794690286050724,-0.9285107033712358,0.0011664919557978493
39.166,3.379672540094027,-0.9297643138833359,0.0010554706491558985
39.186,3.37982056212208,-0.9308456900108482,0.0009834805519453038
39.206,3.3799511192363907,-0.9317030032765049,0.0009630403394027265
39.226,3.3800482815485178,-0.9323717594179113,0.0009079127299304324
39.246,3.3800948162105917,-0.9328392139658337,0.0008223933292225982
39.266,3.3800692320271275,-0.9330600427966617,0.0007216089348844046
39.286,3.3800209447800755,-0.9330669473729765,0.0008368368592006348
39.306,3.379969789488461,-0.9329969004467915,0.0009699820389816594
39.326,3.3799357545578435,-0.932936460986922,0.001102475281966775
39.346,3.3799035760777514,-0.9328788245533488,0.001210093773644394
39.366,3.3798741252557454,-0.9328251868225639,0.0013014137674981774
39.386,3.379834075753373,-0.9327693846871183,0.001375079092648085
39.406,3.3797936371212307,-0.9327103840273099,0.0014335343836607006
39.426,3.379762561102497,-0.9326794664259859,0.001466750933448835
39.446,3.379751272910624,-0.9327613371689631,0.0014845654520768414
39.466,3.3797550420586027,-0.9330578035011245,0.0014944800122014268
39.486,3.3797790760903497,-0.9335708223575782,0.0014923238205470923
39.506,3.37981331258475,-0.934280133863334,0.001489387744667725
39.526,3.3798881619773504,-0.9352086589819846,0.001465695487822688
39.546,3.3799882866480013,-0.9363340522679188,0.0014222212320784688
39.566,3.380120274321726,-0.9376377244132656,0.0013455067658781628
39.586,3.3802892902700017,-0.9391119028889299,0.0012238240392564992
39.606,3.3804599320546793,-0.9406806303316901,0.0011089628860117273
39.626,3.380595873632709,-0.9422331304761161,0.0012129444812458146
39.646,3.380762859966027,-0.94378526699992,0.0012900175533439306
39.666,3.380958585855987,-0.9454271512230219,0.0013513141137608264
39.686,3.3811619332428053,-0.947079379436328,0.0013696488873914114
39.706,3.3813861487318104,-0.9487269983782363,0.0013477842044624377
39.726,3.3816385933945767,-0.9503671333509833,0.0012835403650899857
39.746,3.3818961063313013,-0.9520051121903743,0.0011791430049737928
39.766,3.3821746086887243,-0.9536397464078809,0.0010317172853342715
39.786,3.3824727541489055,-0.955271091242734,0.000840283016147414
39.806,3.3827050087069495,-0.9569210963373698,0.0007961884021307764
39.826,3.382925461882115,-0.9585644619854589,0.0009594610423773742
39.846000000000004,3.3831282421803546,-0.9600048744537215,0.0010962152922769919
39.866,3.383299006526267,-0.9612408366741612,0.001199456552012812
39.886,3.383444280850706,-0.9622845180637294,0.0012787732067056357
39.906,3.383563425674837,-0.963119637333949,0.001328525958856741
39.926,3.383647718210592,-0.9637348190037667,0.0013767418917421392
39.946,3.383700383942541,-0.9641619132962638,0.001395758389969609
39.966,3.383733127315392,-0.9644341222686695,0.0014056133412954086
39.986,3.3837424414613895,-0.964530156975641,0.0013894980855678474
40.006,3.3837475660552476,-0.9645930840395156,0.0013524080012249917
40.026,3.3837591547296557,-0.9646705579537818,0.001314740159044453
40.046,3.3837794787746125,-0.9648226108851793,0.0012881800881309469
40.066,3.383817131488952,-0.9651763079626541,0.0012790029555134752
40.086,3.383873228267794,-0.9657308084109477,0.0012820710312195227
40.106,3.383944955707857,-0.9664669975041121,0.0012994831561175813
40.126,3.384046706554015,-0.9673880295994376,0.0013174207761868229
40.146,3.384177748200708,-0.9685074752514398,0.0013522737839281318
40.166,3.38434304765744,-0.9698665042814643,0.0013796402489062443
40.186,3.384552030324386,-0.9714308971561388,0.00138372785368715
40.206,3.384783350277517,-0.9730727759629423,0.001348848579808798
40.226,3.3850333586940744,-0.9747277690665465,0.0012736731269392398
40.246,3.3853014839929894,-0.9763789613714589,0.0011569326015849757
40.266,3.385587153344285,-0.9780252346658199,0.0009971358638872496
40.286,3.38588588750725,-0.979634191251351,0.0007995486773785532
40.306,3.3861205183497463,-0.9812550262494341,0.0008474429640368542
40.326,3.3863575420805256,-0.9828023311055182,0.0009826408396247654
40.346,3.3865638868156487,-0.9842597991712536,0.0011141773539015132
40.366,3.3867418803419986,-0.9855050563704096,0.0012134054156384966
40.386,3.38689101079178,-0.9865553173914318,0.001288107246233794
40.406,3.3870056861754327,-0.9873813292218815,0.0013438535534874008
40.426,3.3870857751673293,-0.9879858310843432,0.0013805024925708231
40.446,3.38714613665997,-0.988440110241791,0.0014042014279128379
40.466,3.387174687151891,-0.988746097483069,0.0014194749292768538
40.486,3.3871802907215383,-0.9888499307744643,0.001407804889766745
40.506,3.3871816692747228,-0.9889255517879179,0.0013771003444721652
40.526,3.387182655591101,-0.989001320716267,0.001330510785892386
40.546,3.3871832192384104,-0.989077655781411,0.0012676071704355307
40.566,3.3871833477758306,-0.9891545186013448,0.0011883924282391767
40.586,3.3871830352710495,-0.9892318502671512,0.0010928678718075402
40.606,3.387113109966072,-0.989319572286679,0.0010952938425841385
40.626,3.387042604570042,-0.9893764717574921,0.0011145651964950543
40.646,3.386995602799064,-0.989539766036754,0.001108237927160055
40.666,3.38697623090108,-0.9898759402656531,0.0010761505884880063
40.686,3.3869828495182026,-0.9903980869430797,0.0010180784402296361
40.706,3.38701860596199,-0.9911093731637902,0.0009320997108267226
40.726,3.387098368992584,-0.992030657958114,0.0008087727531600197
40.746,3.3871823017016913,-0.9931564901432717,0.00084352282043193
40.766,3.38729601958666,-0.9944941638127449,0.0009294911226727653
40.786,3.387380671083495,-0.9960513190291291,0.0010687851443099416
40.806,3.3874850444931885,-0.9977096860875065,0.0011798390322585173
40.826,3.387608476407828,-0.9993728464776365,0.0012543013395970026
40.846000000000004,3.387750033627358,-1.001035931028868,0.001291373366658577
40.866,3.387909625508987,-1.0026979066103687,0.001290120457221433
40.886,3.388087136776902,-1.0043558377822985,0.00125073275088472
40.906,3.388274242405887,-1.0059282180781233,0.0011852275287947411
40.926,3.3884796326891515,-1.0074903214600928,0.0010820494975216366
40.946,3.3886303487319487,-1.00907280520167,0.0011285441573681554
40.966,3.3888102057495164,-1.0106054738698016,0.0012706881744926624
40.986,3.3890014353344315,-1.012162623180313,0.0013651916869377445
41.006,3.3892148880085275,-1.0137226153649792,0.0014385495727777808
41.026,3.389432136343442,-1.015243189387373,0.001472000353444386
41.046,3.3896389695629194,-1.0166778489349158,0.0014790235531225715
41.066,3.389818302945009,-1.0179278277157562,0.0014677879638475833
41.086,3.3899579401076814,-1.0189868920320335,0.0014371803381559023
41.106,3.3900581413431072,-1.019855680190578,0.001415526880791329
41.126,3.3901199752722064,-1.0205404176941146,0.001385473914016222
41.146,3.3901384274563306,-1.021036649503066,0.0013573505223956894
41.166,3.39010497872249,-1.0212795940556818,0.001327496655211119
41.186,3.390025490222032,-1.021290983790943,0.0012911468688890926
41.206,3.3899437593695874,-1.0212423030129614,0.0012409117517705182
41.226,3.389862072731693,-1.0211921501311843,0.0011737435464403145
41.246,3.3897808902275046,-1.0211405499225548,0.001089742663967247
41.266,3.38979067755328,-1.0210775656154765,0.0011423441492234288
41.286,3.389794691502964,-1.02100682586238,0.0011766220918827397
41.306,3.389808150419066,-1.0209432219573353,0.0011990831014294656
41.326,3.389827372967928,-1.020949464457153,0.0012115742825622167
41.346,3.38983944817493,-1.0211135577001715,0.0012232248928424339
41.366,3.389865788011191,-1.0214630490099774,0.0012479470393457481
41.386,3.3898950227343247,-1.021984455020485,0.0012855760089494628
41.406,3.389933339096404,-1.0227113119933244,0.001330332211718105
41.426,3.389986740423111,-1.0236142469482792,0.0013817120861188414
41.446,3.3900520568555854,-1.0247179523014034,0.0014227586370282042
41.466,3.3901406271801755,-1.0260169178125884,0.0014671569380345917
41.486,3.3902538395261335,-1.0275115122793408,0.0014770037301818917
41.506,3.390384680336987,-1.0290817639463312,0.0014573607350731321
41.526,3.390533965754507,-1.030655929050608,0.0013984658375837955
41.546,3.39070072598907,-1.032227130116995,0.001301963338421197
41.566,3.3908848089346835,-1.0337943387710733,0.0011670604068722557
41.586,3.391014783045023,-1.0353800266266593,0.0011406564682222287
41.606,3.391185477493691,-1.0369140362399387,0.001250098554843232
41.626,3.3913633634074207,-1.038469173642125,0.0013241692947053296
41.646,3.39155374177483,-1.0400327861152556,0.0013613228099315922
41.666,3.3917629642110385,-1.0416001839941895,0.001363889137322355
41.686,3.391990108540577,-1.043176674284596,0.0013304394293065513
41.706,3.3922377521434286,-1.044770358156486,0.0012559089884135732
41.726,3.3924744296378706,-1.0463023852162354,0.0011483725010360823
41.746,3.3926819134075905,-1.0477490798081202,0.0010098914493874567
41.766,3.392845706495516,-1.0490076499407168,0.0008718075147839399
41.786,3.392979342704545,-1.0500714071464445,0.0007605895729948242
41.806,3.3930770189389943,-1.050954776364145,0.0008053409763416064
41.826,3.393144734090188,-1.051617584575457,0.0008782586822505822
41.846000000000004,3.39318544222766,-1.0521067665188897,0.0009587572657855647
41.866,3.3931981191129537,-1.0524187976325485,0.0010521862631193701
41.886,3.393157060978087,-1.0525418553121404,0.001153709811210324
41.906,3.3931185863753304,-1.0526083772820845,0.0012424721788884263
41.926,3.393097501390058,-1.0526727729361298,0.0012988290253339307
41.946,3.393086411858136,-1.052835638499982,0.001330466018698656
41.966,3.393093878016684,-1.0531615227949003,0.0013453891346710822
41.986,3.393128434487286,-1.053687642854184,0.0013419937880420063
42.006,3.393182886177564,-1.0543961446101189,0.0013227626115261126
42.026,3.393269067880276,-1.0553030474372886,0.0012761921434786272
42.046,3.393393758487566,-1.056410897365846,0.0012000716494193764
42.066,3.3935519261537586,-1.0576789146449908,0.0010802979324249229
42.086,3.3936788278905694,-1.0591964708741848,0.0011495131560345095
42.106,3.3938401321976683,-1.060751723496934,0.0012486328604498498
42.126,3.39401742247406,-1.0623149579764213,0.0013126862932127115
42.146,3.3942130791601786,-1.0638794470829183,0.0013415162068292075
42.166,3.394426594483667,-1.0654453179387697,0.0013346621617430499
42.186,3.3946577564265037,-1.0670090842866948,0.0012908578232310175
42.206,3.3949063212259225,-1.0685699617526625,0.001209425421311
42.226,3.3951401253001907,-1.0700974159287588,0.0010881300254033666
42.246,3.395349513511295,-1.0715334760132567,0.0009458396490939491
42.266,3.395519603329197,-1.072786179746049,0.0007998688499092355
42.286,3.3956472570713445,-1.073837066634697,0.0006733493786109379
42.306,3.395757425632631,-1.0747005564872705,0.0007204647075216841
42.326,3.3958324014810266,-1.0753724930083892,0.0007849690590825964
42.346,3.3958795248412765,-1.0758792943434197,0.000868840122352138
42.366,3.395885958318556,-1.0761866262097364,0.0009671110722614951
42.386,3.3958570551811786,-1.0763239959188016,0.0010724462116812328
42.406,3.3958314300057513,-1.076391754953132,0.0011665338569890882
42.426,3.3958032220905343,-1.0764595313001348,0.001246140227609882
42.446,3.395764361769647,-1.0765242449826031,0.0013110349277663802
42.466,3.395718838244923,-1.0766027628166963,0.0013538283321923583
42.486,3.395674225919666,-1.0766818581608497,0.00138275424306189
42.506,3.395629047471691,-1.0767603578261562,0.0013950226901570384
42.526,3.3956000849641677,-1.0768339818536656,0.0013930218884870282
42.546,3.395580056059847,-1.077002177945114,0.0013834913960642514
42.566,3.395575792021262,-1.0773315322962702,0.0013697827412930963
42.586,3.3955892080784262,-1.077869094958361,0.0013500708170797182
42.606,3.39561686684938,-1.0785882062030447,0.0013195547644920813
42.626,3.395673853560009,-1.0795198221929938,0.0012723655514504661
42.646,3.3957507412937553,-1.0806288606684316,0.001218594951830465
42.666,3.3958585098644867,-1.0819249278436214,0.00112713771754544
42.686,3.3960016836696005,-1.083419262022072,0.0009898639871525894
42.706,3.396168129249834,-1.084981414554227,0.0008098183475175325
42.726,3.3962875390129836,-1.0865623858891953,0.0008093091013125497
42.746,3.3964430923119955,-1.0881133815983934,0.0008792176105904825
42.766,3.3965929141685187,-1.0897646372210001,0.000920231377029096
42.786,3.396732516472447,-1.0914175869014946,0.0009829999492562413
42.806,3.396861052211245,-1.093075711367836,0.0010472412861943226
42.826,3.3970096942201193,-1.094734100725021,0.0010749670115217658
42.846000000000004,3.3971763152239185,-1.0963909830619705,0.0010644388367834767
42.866,3.3973577453578483,-1.0979923140983996,0.0010244301282276158
42.886,3.3975522709515693,-1.0995528690038376,0.0009511492836849211
42.906,3.3977640590277103,-1.1011090826613978,0.0008407058006772161
42.926,3.397924144202135,-1.102726662170097,0.0009977209263400677
42.946,3.39809881823503,-1.1041714658563382,0.0011077535519485593
42.966,3.3982481227716206,-1.10540743351548,0.0011872647450195395
42.986,3.39837198453958,-1.106450932674432,0.0012341502435503915
43.006,3.398471948074591,-1.1073107004185294,0.0012619501491530072
43.026,3.39854412603065,-1.1079827942921006,0.0012608107522601164
43.046,3.3985889650635546,-1.1084722781806247,0.0012505178302279207
43.066,3.3986162043154042,-1.1087521347040084,0.0012135489393654275
43.086,3.3986043658974943,-1.108874768704493,0.0011474228682622212
43.106,3.3985904337398383,-1.1089528027481028,0.001063695612209814
43.126,3.3985882311404847,-1.109029369277902,0.0009931612408504153
43.146,3.3985947639490557,-1.1092016326600076,0.0009369042265621741
43.166,3.3986194331302775,-1.1095632775420028,0.000899914161303389
43.186,3.3986544852488687,-1.1101089683765717,0.0008776148321793242
43.206,3.3987035309107583,-1.1108220951000463,0.000875014598508056
43.226,3.398782836248326,-1.11173899347746,0.0008741319719877128
43.246,3.3988890368237854,-1.1128581181706478,0.000894485849090132
43.266,3.39902224289292,-1.1142091380985775,0.0009131868620181338
43.286,3.399187291633043,-1.1157813696521828,0.0009376493508815031
43.306,3.3993242460229447,-1.1174235522945823,0.0009910018793022335
43.326,3.399477824554191,-1.119080877819685,0.0010091089548945054
43.346,3.399649616927933,-1.120735998082717,0.000988520956845984
43.366,3.399834811472701,-1.1223218810827675,0.0009414613319846665
43.386,3.4000344236631657,-1.1238801941182925,0.0008589255610407798
43.406,3.400201317467679,-1.1254505308574143,0.0008280648099359689
43.426,3.400375821388091,-1.1269769769577196,0.000983127320647481
43.446,3.4005492125064865,-1.1284059617586615,0.0010909218185898573
43.466,3.4007036150710417,-1.1296464331344958,0.0011640432388232702
43.486,3.4008296290152313,-1.1306965005970087,0.001209326964230456
43.506,3.400929170543143,-1.1315506241052737,0.001235260811999206
43.526,3.401001862063183,-1.1322250914477239,0.0012337829388947563
43.546,3.401052205926798,-1.132711662558365,0.001227486985059173
43.566,3.401067485881608,-1.1329998935181793,0.0011873104556209546
43.586,3.401064899376452,-1.1331123325241137,0.001131741086964816
43.606,3.4010650450169373,-1.1331744147303517,0.0010550881833358006
43.626,3.4010638422149455,-1.1332348977548372,0.0009590286108487056
43.646,3.4010509978250534,-1.1332991082841881,0.0008484334639463353
43.666,3.4010470217943882,-1.133360191574709,0.0007188971090115182
43.686,3.4009705857348704,-1.1334401673410741,0.0006755111096862221
43.706,3.400848779396178,-1.1335014985940175,0.0006672522819556326
43.726,3.4007691969264937,-1.133503164635187,0.0006637310405026575
43.746,3.4007497714894197,-1.1335774906729557,0.0007370562296152849
43.766,3.4007581997784584,-1.1338704170712206,0.0007878313206483023
43.786,3.400774704714695,-1.1343922724746336,0.0008169767036968201
43.806,3.400796803121958,-1.1351039262920246,0.0008214500363286636
43.826,3.40084030545767,-1.1359837180946804,0.0007962845057485068
43.846000000000004,3.400888948292513,-1.1370738309468031,0.00076938181601785
43.866,3.400928892186653,-1.138365603004589,0.0008993726527586898
43.886,3.4009871386634645,-1.1398386101928537,0.0010283215172408877
43.906,3.40105890525318,-1.141388840927375,0.0011303111564127666
43.926,3.4011526984528655,-1.1429423589116712,0.0011988653803257365
43.946,3.4012608944717493,-1.1444993591400332,0.0012326661047398768
43.966,3.401384671367107,-1.146070982282842,0.0012309340456592155
43.986,3.40152563313882,-1.1476413727365762,0.0011938617578457489
44.006,3.4016840842534295,-1.1492092452321148,0.0011198784176351118
44.026,3.401859857070066,-1.1507735728142847,0.001008223274466452
44.046,3.4020303379315777,-1.1523416008175433,0.0009166419468054909
44.066,3.402166157620407,-1.1538684508526,0.0010309535515875545
44.086,3.402330916851367,-1.155425494152144,0.001123996854029502
44.106,3.402512839506253,-1.1569870806712632,0.0011836502276691696
44.126,3.402701830039118,-1.158549367635588,0.0011977406723509276
44.146,3.4028742688508657,-1.1599874067108717,0.001173927470127345
44.166,3.403017715420288,-1.1612334504236212,0.0011335377919176326
44.186,3.4031226167422095,-1.1622831166008811,0.0010763520327585485
44.206,3.40319157497593,-1.1631306399548855,0.0010156774105726796
44.226,3.403214827058035,-1.1637508692852454,0.0009537100232676066
44.246,3.403196783311266,-1.1641627624086137,0.0008882222285113983
44.266,3.403159819960825,-1.1643803864801812,0.000863850529743776
44.286,3.4031458027638544,-1.1643696527451848,0.0009373791486021743
44.306,3.4031370177282545,-1.1643075272710477,0.0009947946804714503
44.326,3.4031327534983102,-1.1642978368885688,0.001025796466295359
44.346,3.4031346157470512,-1.16439304333888,0.0010512317242852565
44.366,3.403152936709938,-1.1646762853171344,0.0010779607877023922
44.386,3.403187604322735,-1.1651907946513456,0.0011129659121879576
44.406,3.4032306171696387,-1.1659191993768905,0.0011405501073553648
44.426,3.4033016144303203,-1.1668327931315912,0.0011680562268910344
44.446,3.403388540254912,-1.167946210671012,0.0011826441576856805
44.466,3.403503797237695,-1.1692486085409044,0.0011729170769793906
44.486,3.4036509321554522,-1.1707347427875703,0.0011293334549279943
