timestamp,x,y,z
0.41100000000000003,2.0,-3.961463532859596e-33,0.09813799999999989
0.43100000000000005,2.0,-8.958139999387012e-33,0.092356
0.451,2.0,-1.1847355250984911e-32,0.082654
0.47100000000000003,2.0,-1.3106840160211923e-32,0.06903200000000001
0.49100000000000005,2.0,-1.3689294395854072e-32,0.05149000000000001
0.511,2.0,-1.3965589078323953e-32,0.03002799999999997
0.531,2.0,-1.2236860642094723e-32,0.004645999999999928
0.551,2.0,-9.799171408564672e-33,-0.024656000000000122
0.5710000000000001,2.0,-8.001920927355652e-33,-0.057878000000000165
0.5910000000000001,2.0,-6.23803873675649e-33,-0.09502000000000024
0.611,2.014998313028443,-0.002256414739562667,0.004913457880897865
0.631,2.006033194636093,-0.0027241236980037643,0.005704963313188233
0.651,1.9978099834699745,-0.0037992360246879575,0.006666939695356283
0.671,1.9896249750327015,-0.005275390895676531,0.006597903462863569
0.6910000000000001,1.9815292962714206,-0.007138268126952811,0.0054746149109703435
0.7110000000000001,1.973561785317314,-0.009397551948692967,0.0032832808337829866
0.7310000000000001,1.966855475658535,-0.011502955923975357,0.001746048003804762
0.751,1.9652674255029623,-0.010274908088207475,0.001982942010419375
0.771,1.9680497135634398,-0.008368141209608791,0.001985915198191912
0.791,1.9717494556638702,-0.006466392960498349,0.0012898963928293095
0.811,1.9735212986250172,-0.006532457997344497,0.0012802428546604683
0.8310000000000001,1.9741244840248924,-0.0068689093982020125,0.001342277692206767
0.8510000000000001,1.9737592316953723,-0.0070227285288805424,0.0022794237738100187
0.8710000000000001,1.971848507101745,-0.007620114371680267,0.004821800998057929
0.891,1.9691805009773147,-0.008450581129506977,0.005723141165075052
0.911,1.965758294370678,-0.009505945522955906,0.004980579337870911
0.931,1.9615745406806364,-0.010782587722836131,0.002596221647741759
0.9510000000000001,1.9600442152466282,-0.011455101916415019,0.0014211990671509078
0.9710000000000001,1.9606300977983262,-0.011101848966404645,0.0016561704280831646
0.9910000000000001,1.9605080227779443,-0.011041658772784083,0.0013766643175644466
1.011,1.9605097005657013,-0.01103669843955394,0.0013753175398449335
1.031,1.9604614964031788,-0.011051989860117177,0.0013907518092060034
1.051,1.9604466635963569,-0.011056110399970107,0.0013869334295873725
1.071,1.960446908438839,-0.011055701862437158,0.0013868917628125366
1.091,1.960443057078031,-0.01105625405246953,0.0013870595442519451
1.111,1.9604439091828185,-0.011056228959322047,0.0013865705789563032
1.131,1.9604387544022894,-0.01105716983450531,0.0013871956739233693
1.151,1.9604354792531271,-0.011057274484708841,0.0013871169246891524
1.171,1.960432785494695,-0.011057728610819637,0.0013866816437138607
1.191,1.9604314175817592,-0.01105794633721878,0.0013862248614339712
1.211,1.960429234335859,-0.011057777397444644,0.001383525361214083
1.231,1.960427704752699,-0.011058025411526548,0.0013804153935717822
1.251,1.9604259276554965,-0.011057812909020193,0.0013806488921305482
1.271,1.9604263238955784,-0.011056874979641938,0.0013836173938501228
1.291,1.9604238595715084,-0.011057721271979258,0.0013808380110845453
1.311,1.9604227481665477,-0.011057151178740794,0.001387284888729995
1.331,1.960419469522125,-0.01105849352090331,0.0013842774132869218
1.351,1.960416313510839,-0.011058393488377598,0.0013836397961227154
1.371,1.960411268292352,-0.01105946435689547,0.0013815422713282788
1.391,1.960411858694115,-0.011059490842458518,0.0013872795116884051
1.411,1.960410424206086,-0.011059347533362185,0.00138771570066884
1.431,1.9604121092916058,-0.011058307673883001,0.001387238688313308
1.451,1.9604106131330945,-0.011058681453570356,0.0013837789511143006
1.471,1.9604098190196888,-0.011058709317330814,0.0013787844103634872
1.491,1.9604093460543393,-0.011058207156646939,0.0013874819320812137
1.5110000000000001,1.9604043935565705,-0.011059042885348855,0.001380463140981475
1.5310000000000001,1.9604035055237945,-0.011059438614525567,0.0013871705262523126
1.5510000000000002,1.9603982207080208,-0.01106041736112963,0.0013876309721534141
1.5710000000000002,1.9603961237227274,-0.01105955513162675,0.0013861220399554453
1.5910000000000002,1.960395199395112,-0.011060888049138174,0.001387605127534719
1.611,1.9603937507445455,-0.011060970357033566,0.0013872284073103147
1.631,1.960392820358138,-0.011061147892903876,0.0013841210570585127
1.651,1.960391237738675,-0.011060924048284404,0.0013840310056434657
1.671,1.9603880257781974,-0.011061736710609713,0.0013850517485505809
1.691,1.960386064338899,-0.011062461524880735,0.0013877671565726835
1.711,1.960384350487003,-0.011062293796909508,0.0013878113787688384
1.731,1.960382679927198,-0.01106210968611544,0.0013878337031458798
1.751,1.9603788823698807,-0.011062777375479456,0.0013818181793870121
1.771,1.9603766883620726,-0.011062853824347275,0.0013876576429212029
1.791,1.9603747385567725,-0.011063578573327702,0.0013811030794609602
1.811,1.9603730404223898,-0.01106343373418639,0.0013808079782305083
1.831,1.9603721613011842,-0.011063807103507912,0.0013875634660650282
1.851,1.9603707570691407,-0.011063851900532315,0.001387516449472742
1.871,1.9603677987357058,-0.01106498871048505,0.0013849092089912307
1.891,1.9603660833501266,-0.011064823993402462,0.0013849092915976247
1.911,1.9603623935503678,-0.011065332731733536,0.001387902019954923
1.931,1.9603601690127603,-0.011065560541735422,0.0013854160268437499
1.951,1.9603588361797,-0.011065509720628829,0.0013873786833985824
1.971,1.9603552868667395,-0.011066338833235045,0.001384547030178651
1.991,1.9603560629679206,-0.011065638402559811,0.0013858672974511599
2.011,1.960354657434099,-0.01106517327383836,0.0013843749339838007
2.031,1.9603529003329245,-0.011065688991818291,0.0013813986863060457
2.051,1.9603535031118688,-0.011064592612041988,0.0013844517169178394
2.071,1.9603510959343813,-0.011064815822239268,0.0013847491451919602
2.091,1.9603485935100466,-0.011064917937020531,0.001387958618628865
2.111,1.9603468444945857,-0.011065613462393181,0.0013826239496614046
2.1310000000000002,1.9603449245720115,-0.011065814687410865,0.0013877631009099334
2.151,1.960344328681251,-0.011066084684428608,0.0013882077248857372
2.171,1.960342101734328,-0.011066224021565568,0.0013882076685870492
2.191,1.9603415795223664,-0.011065822784314037,0.0013818126817735088
2.211,1.9603420519767414,-0.011065369326821659,0.001385615276257246
2.231,1.9603401758331107,-0.011066148036527015,0.0013883291865697256
2.251,1.9603407186182187,-0.01106578460549694,0.0013879455264542429
2.271,1.9603400454976143,-0.011065268450587123,0.0013883880138492732
2.291,1.9603402497224798,-0.011064751321182904,0.0013879175609837202
2.311,1.9603372757036575,-0.011065908674268328,0.0013853202021497923
2.331,1.9603376074268948,-0.011065551756525158,0.0013865312385639983
2.351,1.9603367133693046,-0.011065234408548653,0.001384852828985761
2.371,1.960337030056014,-0.01106532655936153,0.0013813850923144744
2.391,1.9603365984487329,-0.011064984108289579,0.0013883273440783717
2.411,1.9603350352414262,-0.011064980902696607,0.001387928442150077
2.431,1.9603360121484963,-0.011064134920827431,0.001388112545215564
2.451,1.9603353402715762,-0.011064020892757702,0.0013883662404664543
2.471,1.9603334729560453,-0.011064806931921155,0.0013818746239144808
2.491,1.960333724269878,-0.011063952866546233,0.0013848076239221796
2.511,1.9603318935872585,-0.011064327923017765,0.0013822326273208174
2.531,1.9603282192766407,-0.011064691238288137,0.0013847738390590503
2.551,1.9603261373068832,-0.011064663782739351,0.0013883383225156976
2.571,1.9603256161188718,-0.011064889453110509,0.001385225165226045
2.591,1.96032327241263,-0.011065070525034755,0.0013853654392657622
2.6109999999999998,1.9603208530257854,-0.01106551992768063,0.0013853338010088312
2.6310000000000002,1.9603212517815787,-0.011065082031867547,0.0013868775928732868
2.651,1.9603205615410833,-0.011064685126104139,0.0013849516881462853
2.6710000000000003,1.9603195038033712,-0.011064506859193773,0.0013887778333557255
2.691,1.960317567535004,-0.011063604807862767,0.0013872810403446345
2.7110000000000003,1.9603167738160254,-0.01106505956207842,0.0013888240386290829
2.731,1.9603154566252787,-0.011064996246457855,0.001388549162964603
2.751,1.9603143280079398,-0.011065580490576921,0.0013852205935863393
2.771,1.9603132965099999,-0.011065182972318031,0.0013849278303275092
2.791,1.9603121222559354,-0.011065132592133233,0.0013827131584371877
2.811,1.960313282971563,-0.011065148844838068,0.0013888452301004106
2.831,1.96031066873361,-0.01106549059425679,0.0013887422658702686
2.851,1.9603050948479839,-0.011066393677765511,0.0013889599687234855
2.871,1.960304186906524,-0.011066496342177944,0.0013888104506432908
2.891,1.9603004984284254,-0.011066876974097063,0.001385219791504383
2.911,1.9602956798304094,-0.011067993730475883,0.0013832306709389286
2.931,1.9602948066187045,-0.011067864626097743,0.0013830051333984794
2.951,1.9602934970183383,-0.011067967534447883,0.0013850312680890875
2.971,1.9602923766729718,-0.011067745716138812,0.0013815337620891044
2.991,1.9602929807141447,-0.011067266038617865,0.0013851586652572079
3.011,1.9602918087767647,-0.01106799431151513,0.0013890481928685305
3.031,1.9602903188620744,-0.011067809545793682,0.0013891149614342346
3.051,1.9602850079298197,-0.0110690262655855,0.0013863055637136357
3.071,1.9602819693978508,-0.011069044332240527,0.0013852204685448344
3.091,1.9602802486679334,-0.011070271142411554,0.001389056040956571
3.111,1.9602781282714483,-0.011070445434913923,0.001389165067003706
3.1310000000000002,1.9602798147129208,-0.011069572313019145,0.0013886220472411337
3.151,1.9602806486813054,-0.011068838805408598,0.0013887059825653247
3.171,1.9602815969149208,-0.011068079897621916,0.001388896038523768
3.191,1.9602836239675543,-0.011067123243478614,0.0013889747936466634
3.211,1.9602835406906343,-0.011066990845463115,0.0013891256604098012
3.231,1.960282595704385,-0.011067312192079536,0.001389048604233889
3.251,1.9602846317835454,-0.011066239728318831,0.001388728464529393
3.271,1.9602855618200916,-0.011065490963146754,0.0013888155914212885
3.291,1.9602864966520173,-0.011064740588764277,0.001389004456390619
3.311,1.9602885151124005,-0.011063789876965064,0.0013890860943114869
3.331,1.960288405873938,-0.01106366707438091,0.0013892358614655542
3.351,1.9602874300039779,-0.011064005049165219,0.0013891536443919328
3.371,1.9602894773872266,-0.011062938282117633,0.0013888371196357774
3.391,1.9602903822355982,-0.01106220250624814,0.0013889239070353776
3.411,1.960291289958683,-0.011061466859292726,0.001389111569249396
3.431,1.9602932817781225,-0.01106052475030108,0.001389196066292564
3.451,1.960293132812502,-0.011060413689008002,0.0013893446614285931
3.471,1.9602921004282472,-0.011060776503946573,0.0013892546786712645
3.491,1.9602941593450127,-0.01105971807205302,0.001388943826902106
3.511,1.960295010162685,-0.011059005471454476,0.0013890301181049558
3.531,1.9602958462313387,-0.011058299956612432,0.001389215914875258
3.551,1.960297746580371,-0.011057383955145602,0.0013893076520599401
3.571,1.9602959683155816,-0.01105750020719809,0.0013896438722149906
3.591,1.9602952919361283,-0.01105745208113363,0.0013857042336526681
3.6109999999999998,1.960293855661062,-0.011058126431494533,0.0013855409752349668
3.6310000000000002,1.9602948014484252,-0.011057132950576691,0.0013861114092044713
3.651,1.9602897024459545,-0.011058254878683373,0.001389646370741765
3.6710000000000003,1.9602884795818034,-0.011058625813745317,0.0013896446257225803
3.691,1.9602876511856595,-0.011057993334242091,0.0013872415246964087
3.7110000000000003,1.9602850939190548,-0.011058426929904767,0.001389676397458517
3.731,1.9602827482875174,-0.011058478984561991,0.001389410386654244
3.751,1.960281633073065,-0.011058741327533119,0.0013889129358230778
3.771,1.9602800237753963,-0.011058380168188366,0.001386072944801836
3.791,1.960279622973922,-0.011058188442734863,0.0013862502982590896
3.811,1.960276825815473,-0.011058538509802634,0.001389883381837126
3.831,1.9602763356163564,-0.011058499581275135,0.0013898050098900272
3.851,1.9602793153912885,-0.011056857524599176,0.0013897041732009174
3.871,1.960277511078205,-0.011057735466176548,0.0013839411288217862
3.891,1.9602771547896343,-0.011057997817321842,0.0013899405288042288
3.911,1.960275959118129,-0.011058101144709703,0.0013897796929171202
3.931,1.9602764528904015,-0.011057417294616328,0.0013899143403167946
3.951,1.9602725078250551,-0.011058025680765658,0.0013899513139815356
3.971,1.9602712274042484,-0.011058721918008076,0.0013836160077631832
3.991,1.960272131281655,-0.011058036323317488,0.0013828453305048671
4.011,1.9602690214791199,-0.011058336629799825,0.0013871794030331785
4.031,1.960266830051723,-0.011058109400639345,0.0013864506227041218
4.051,1.9602625387391488,-0.011059077969723413,0.0013840835722354339
4.071,1.9602620832334376,-0.011059485055695602,0.00139007838563876
4.091,1.9602606616070513,-0.011059266523422914,0.0013898054879012967
4.111,1.9602558426919945,-0.011060260999668753,0.0013902015576043036
4.131,1.960255078700346,-0.011061000525033685,0.0013835724586256648
4.151,1.9602546621525168,-0.011060930040205391,0.001386666939517417
4.171,1.960256072409749,-0.011059824409870349,0.0013898604468050302
4.191,1.9602526660021125,-0.011060877159893914,0.0013902510365359777
4.211,1.9602519710638997,-0.011060943879051627,0.0013900399841608735
4.231,1.9602507499290067,-0.011061007145618008,0.0013901341754958274
4.251,1.9602497441242333,-0.0110611035195484,0.001390049565965168
4.271,1.9602471051889605,-0.011061549642091856,0.0013902993051876922
4.291,1.960246371656405,-0.011061594737607025,0.0013901187183293917
4.311,1.9602451850095255,-0.011061656612806094,0.0013902102304358677
4.331,1.9602442188894302,-0.011061744482899552,0.0013901267705552778
4.351,1.9602416024117337,-0.011062188382898904,0.001390373855414656
4.371,1.9602408984191235,-0.011062229748095037,0.0013901954245041093
4.391,1.9602397505739042,-0.011062286088213441,0.0013902863911460228
4.411,1.9602388126384185,-0.01106237330273891,0.0013902047861573674
4.431,1.9602362231420913,-0.011062812741884719,0.001390448720343579
4.451,1.9602355457750262,-0.011062850750738214,0.0013902731457879902
4.471,1.960234437545894,-0.011062901125758095,0.0013903631030204033
4.491,1.9602335312159571,-0.01106298590340412,0.00139028331499369
4.511,1.9602309689500523,-0.011063420195627161,0.0013905240578153122
4.531,1.9602303199713766,-0.011063454155034132,0.0013903513132289547
4.551,1.9602292541594888,-0.011063497119019283,0.0013904403052716618
4.571,1.9602283809072722,-0.01106357888595668,0.0013903624638382517
4.591,1.960225847688433,-0.011064007605169731,0.001390599919751434
4.611,1.9602252289980329,-0.011064037127950128,0.0013904301435135324
4.631,1.9602242086599722,-0.01106407219157908,0.001390518160451576
4.651,1.960223371004094,-0.0110641507842466,0.0013904423010569211
4.671,1.960220868378225,-0.011064573405930197,0.0013906763396402122
4.691,1.9602202815704068,-0.011064597962741042,0.0013905096338090728
4.711,1.960219308324981,-0.011064624148433004,0.0013905965790462493
4.731,1.960218508145605,-0.011064699074511623,0.0013905228316627993
4.751,1.9602160374666924,-0.011065114932637607,0.0013907533630479474
4.771,1.9602154836032324,-0.011065133831379251,0.001390589828360933
4.791,1.960214557960055,-0.011065149802767009,0.0013906756290018862
4.811,1.9602137950878178,-0.011065220951688642,0.0013906040590413171
4.831,1.9602113567279793,-0.011065629774977298,0.0013908309621194215
4.851,1.960210836362367,-0.011065642889742204,0.0013906706316293704
4.871,1.9602099583216688,-0.011065648553364525,0.0013907553232349046
4.891,1.9602092338283255,-0.0110657155291898,0.0013906859237484692
4.911,1.9602068291130381,-0.011066116626054629,0.0013909091411708485
4.931,1.9602063433682284,-0.011066123136348804,0.0013907521302462256
4.9510000000000005,1.960205513741374,-0.011066117012991806,0.0013908356458497417
4.971,1.9602048277356627,-0.011066178317024847,0.0013907684793846853
4.991,1.960202457386588,-0.011066570403197157,0.0013909879386118096
5.011,1.9602020073061412,-0.011066569260537815,0.0013908343752953856
5.031,1.9602012264756614,-0.011066549809367311,0.001390916652384444
5.051,1.9602005791212813,-0.011066605424368305,0.0013908517828200573
5.071,1.9601982440629024,-0.011066988214470542,0.0013910673662092532
5.091,1.9601978301660896,-0.01106697924729972,0.0013909172897363653
5.111,1.960197097661571,-0.011066945895510868,0.001390998350830036
5.131,1.9601964898660715,-0.011066994223752673,0.0013909357606838868
5.151,1.9601941916008145,-0.01106736636908448,0.0013911474438743077
5.171,1.960193815539682,-0.011067348089513526,0.0013910009632341902
5.191,1.9601931326665432,-0.011067298097761573,0.0013910807313620432
5.211,1.9601925648934957,-0.011067338001834293,0.0013910205441999834
5.231,1.9601903047633533,-0.011067697543756597,0.0013912282302198098
5.251,1.9601899675160337,-0.011067668240712814,0.0013910853898581876
5.271,1.9601893339404293,-0.011067598805201764,0.0013911639008964416
5.291,1.9601888064346515,-0.011067626510574496,0.0013911060570145073
5.311,1.9601865857808556,-0.011067971713641492,0.0013913096872266995
5.331,1.9601862892215567,-0.011067930155587612,0.0013911706541154256
5.351,1.9601857061428007,-0.011067839332767226,0.0013912478513159188
5.371,1.960185220380045,-0.011067854898972648,0.0013911924231306272
5.391,1.9601830420769932,-0.011068185068473194,0.001391391891445548
5.411,1.9601827888911465,-0.01106813059021098,0.0013912566894378475
5.431,1.9601822574057894,-0.011068015413446517,0.0013913326611320331
5.451,1.9601818138461105,-0.01106801548320973,0.001391279678507551
5.471,1.960179679355116,-0.011068327075360075,0.0013914749064354026
5.491,1.9601794709435318,-0.011068256162123029,0.0013913436711325555
5.511,1.9601789909804146,-0.011068113531973678,0.0013914183618453924
5.531,1.9601785908456597,-0.0110680963824362,0.0013913678477937008
5.551,1.960176503075319,-0.011068388758046926,0.0013915587920453887
5.571,1.960176342225569,-0.011068300798442655,0.0013914315846592917
5.591,1.9601759156106562,-0.01106812957519035,0.0013915049643891675
5.611,1.9601755602313076,-0.011068093076585343,0.0013914570381663438
5.631,1.9601731081692133,-0.011068675356469257,0.0013915895958614144
5.651,1.960174529366014,-0.011068714293440307,0.0013893093868997675
5.671,1.9601712419335637,-0.011067595760924837,0.001391762451381423
5.691,1.9601718648377824,-0.011066464287621532,0.0013884074097055
5.711,1.9601754664272988,-0.011064258585330576,0.001388480423138272
5.731,1.9601718642612098,-0.011064498822537423,0.0013885981692776939
5.751,1.9601727309565065,-0.011063809026688673,0.0013917571540083273
5.771,1.9601702515577586,-0.011064186374660178,0.001391734236241865
5.791,1.9601741600828289,-0.01106177058538299,0.0013918398896878292
5.811,1.9601749319855757,-0.01106092886448809,0.0013917770032534915
5.831,1.9601737442949707,-0.011061384536896757,0.0013845678051397636
5.851,1.960172871886603,-0.011060856293143163,0.0013917939323177253
5.871,1.9601699500397018,-0.011060907726603932,0.0013919188626609347
5.891,1.9601715633738102,-0.011059405739562909,0.0013918111540412448
5.911,1.9601673957192587,-0.011060099153059541,0.0013920279696897908
5.931,1.9601712557083488,-0.01105680776697602,0.0013915741850213381
5.9510000000000005,1.9601688747198658,-0.011054938831616797,0.0013926674859786048
5.971,1.9601665624391829,-0.011054190845475313,0.0013895955307031693
5.991,1.9601655126936492,-0.011053204297431087,0.00139045974076904
6.011,1.960162970381773,-0.01105162167958787,0.0013919152775077603
6.031,1.960162490134587,-0.011051336737064855,0.0013920185242390914
6.051,1.960163295475466,-0.011050142812207987,0.0013925233896465994
6.071,1.9601603917579709,-0.01105052613386194,0.0013859803030699669
6.091,1.9601611609380165,-0.011050695483967726,0.0013858636390091938
6.111,1.960158894676962,-0.011049905603274322,0.0013888719193715093
6.131,1.9601598743980242,-0.011048930885503856,0.0013856038354190803
6.151,1.9601592189071613,-0.011047066641219898,0.001394648179984942
6.171,1.96015871184888,-0.011045184660518112,0.0013947766474881607
6.191,1.960158331280536,-0.011043119106607907,0.0013947986040488691
6.211,1.960157930183801,-0.011041039626529182,0.0013948301911266003
6.231,1.9601575388559214,-0.011038959766714943,0.0013948614989934272
6.251,1.9601571569046843,-0.011036881695731686,0.001394892865883901
6.271,1.9601567843867862,-0.01103480561682051,0.0013949242812543727
6.291,1.9601564210917304,-0.011032731390601583,0.0013949557392859135
6.311,1.960156108855552,-0.011030640169559264,0.0013949879367001483
6.331,1.9601557946321497,-0.011028549460662757,0.0013950197268172704
6.351,1.9601554873287301,-0.011026460297036127,0.0013950504705740607
6.371,1.9601551858622874,-0.01102437310670468,0.0013950813467339396
6.391,1.9601548902935697,-0.011022287879251007,0.00139511221910249
6.411,1.9601546003871808,-0.011020204485345061,0.0013951430482173621
6.431,1.9601543160223551,-0.011018122869196158,0.0013951738862193197
6.451,1.9601540369686092,-0.011016043018740797,0.001395204757722951
6.471,1.9601537630217847,-0.011013964781107076,0.0013952356553331435
6.491,1.960153494095541,-0.011011888095216974,0.001395266486466873
6.511,1.960153229877286,-0.0110098130603404,0.00139529722976664
6.531,1.9601529713165513,-0.01100773989278105,0.001395326091942678
6.551,1.9601527158736072,-0.011005668569139836,0.001395353982073938
6.571,1.960152462401538,-0.01100360174432586,0.0013953817961024628
6.591,1.9601522105042046,-0.011001537591490952,0.001395409678716819
6.611,1.9601519602094932,-0.010999475845762094,0.0013954375586245071
6.631,1.9601517116350147,-0.010997416480005379,0.0013954654592712168
6.651,1.9601514647071163,-0.010995359447845812,0.001395493257164565
6.671,1.9601457110965568,-0.010993206356049189,0.0013891460350327622
6.691,1.9601404459875635,-0.010991260073585689,0.0013907021042968704
6.711,1.9601384719666133,-0.01098998495163326,0.0013931224157190114
6.731,1.9601337927987967,-0.010989280212281592,0.0013914324403563605
6.751,1.9601284453820011,-0.010984184276473012,0.0013916143909927792
6.771,1.9601235683012554,-0.010984258887290481,0.0013919445857820956
6.791,1.9601217605624297,-0.010981233675273351,0.0013931992235694246
6.811,1.9601174630349847,-0.010978680922370952,0.0013918355910826352
6.831,1.9601117891458353,-0.010976255595277751,0.0013933109546211964
6.851,1.9601072077620652,-0.010973762201653935,0.0013926042843277198
6.871,1.9601008614845892,-0.010973035378343925,0.0013930685191533843
6.891,1.960097697525072,-0.010970025748122312,0.00138921259023278
6.911,1.960093758488845,-0.010967107903406756,0.0013956962263551864
6.931,1.9600880496879909,-0.010965174722729575,0.0013893838211525011
6.9510000000000005,1.9600828437370803,-0.010963234517371603,0.0013909754174534217
6.971,1.9600808010671595,-0.010961994287580698,0.0013933754073961746
6.991,1.9600761334782657,-0.010961296239925662,0.0013916571175759396
7.011,1.960070772640597,-0.010956194866769194,0.001391862723096271
7.031,1.960065871054226,-0.010956265696418277,0.0013921909953774902
7.051,1.960064074367854,-0.010953271946879894,0.0013934429132073933
7.071,1.9600597414659806,-0.010950710380080234,0.001392090706066551
7.091,1.9600540785209346,-0.010948297974108002,0.001393559517348708
7.111,1.9600494664896717,-0.010945800637597567,0.0013928654706104049
7.131,1.960043156345052,-0.010945080465106557,0.0013932297412055927
7.151,1.9600399211560509,-0.010942100485601566,0.0013893981072951311
7.171,1.9600360158106624,-0.010939190757085323,0.0013959153688100079
7.191,1.9600302621898444,-0.010937249456439958,0.001389617597351983
7.211,1.9600251044963513,-0.010935330223826513,0.0013912442510639056
7.231,1.9600209489724936,-0.01093333634105272,0.0013937813748597372
7.251,1.9600242757860749,-0.010934399059852554,0.0013934625435824688
7.271,1.9600179037687848,-0.010932614151525362,0.0013894400210291424
7.291,1.9600184457614045,-0.010930477144596152,0.0013937624899534595
7.311,1.9600188093761262,-0.010931559977401487,0.0013923827086984308
7.331,1.9600168156848392,-0.010928374336204236,0.0013937022003571442
7.351,1.9600148749620074,-0.010926763060249926,0.0013936664208955007
7.371,1.9600104202757291,-0.010927651069878044,0.001393743861070773
7.391,1.9600148094144743,-0.010925749298153674,0.001393804416231187
7.411,1.9600144570020854,-0.010924137631032137,0.001393203883610472
7.431,1.9600061706077105,-0.010926011191935037,0.001393390682778245
7.451,1.9600033390857867,-0.010925546336222523,0.0013920056954098425
7.471,1.9600021292785559,-0.010925472234088934,0.0013946845387012297
7.491,1.9600045555962295,-0.01092548899378177,0.0013938498393753496
7.511,1.960004868448361,-0.010925974031001304,0.001389878971944536
7.531,1.9600052232159868,-0.0109244187083758,0.0013948097079214128
7.551,1.9600063327483803,-0.010925078579389035,0.0013937502380747258
7.571,1.9600043163550656,-0.010924079411254096,0.001391417438631859
7.591,1.9600074636658884,-0.01092362473465764,0.0013939387579152973
7.611,1.9600053280981484,-0.010922241169610047,0.0013941943196793816
7.631,1.9600083726066824,-0.010920953881351052,0.0013913050142385919
7.651,1.9600063594146984,-0.010920459741378587,0.00138714102376844
7.671,1.9600105604421294,-0.010920827003711844,0.001394066805690014
7.691,1.96000918741934,-0.010919157854541367,0.0013940797878729538
7.711,1.9600122166716305,-0.01091875890293503,0.0013936836264984709
7.731,1.960010602204825,-0.01091825002509371,0.0013946890087579433
7.751,1.9600122470479164,-0.01091744605643371,0.0013952404646709882
7.771,1.9600105077994041,-0.010916358962375052,0.001391597309459397
7.791,1.9600105318375798,-0.010916302400802234,0.0013927456989295262
7.811,1.9600119681452202,-0.010915039420553094,0.0013877831038602295
7.831,1.9600154555942977,-0.010913125838539602,0.0013942010687467699
7.851,1.9600152098258028,-0.010911289069520887,0.0013908586285693303
7.871,1.9600176262437985,-0.010909881810551858,0.0013933842048210188
7.891,1.9600180177966722,-0.010908370670923411,0.001391988368461966
7.911,1.9600180498443625,-0.010907823759439175,0.001392858343600284
7.931,1.9600195670415834,-0.010906598845964222,0.001387909274176452
7.9510000000000005,1.9600231052135249,-0.010904687280855613,0.0013943478690711941
7.971,1.9600228903474182,-0.010902822309286714,0.0013910116005984574
7.991,1.9600253601629842,-0.01090141023891067,0.0013935328614825826
8.011,1.9600257713881468,-0.010899894758409426,0.0013921313655924361
8.031,1.9600258224890972,-0.010899348479111531,0.0013929940776168104
8.051,1.9600260450425062,-0.010898144260523553,0.001391558713884411
8.071,1.960025648378806,-0.010897739610155905,0.0013938425585975633
8.091,1.9600249395099125,-0.010899377246545355,0.0013944668199531995
8.111,1.960023878191828,-0.0108966486340847,0.001393171378311714
8.131,1.9600217392829065,-0.010899835946422479,0.0013931886393654391
8.151,1.9600235548502987,-0.010900284322503045,0.0013944675998469047
8.171,1.9600220910032715,-0.01089710396998549,0.0013931708014873478
8.191,1.9600226956842068,-0.010899928937339577,0.0013945751467690781
8.211,1.9600228122462553,-0.010898876662612945,0.0013947109045208683
8.231,1.9600214248021108,-0.01089709314049538,0.0013933528979738208
8.251,1.9600207951067066,-0.010896976474377533,0.0013947521218688752
8.271,1.9600228188269544,-0.01089528655531077,0.0013930889864157137
8.291,1.9600251551897918,-0.010893582312534865,0.0013946468182768623
8.311,1.9600241885306826,-0.010892762941983034,0.0013953501509115784
8.331,1.9600271488932026,-0.010896301158389639,0.0013931191132603993
8.351,1.9600262344049966,-0.01089304464395719,0.0013930875850876878
8.371,1.9600255811405427,-0.01089098279013569,0.001393761946443306
8.391,1.9600266566019648,-0.01088714545369162,0.0013934306478868008
8.411,1.9600294005967316,-0.010884815818861547,0.0013931649903418941
8.431000000000001,1.9600287356446608,-0.01088279411134583,0.0013938462755805348
8.451,1.960029810760464,-0.010878960205860558,0.0013935122816542689
8.471,1.9600325567474497,-0.010876635549854453,0.0013932457298117817
8.491,1.960031892702793,-0.010874614685494333,0.0013939271924743313
8.511,1.9600329684138034,-0.010870781263393775,0.0013935938619402954
8.531,1.9600357169157934,-0.010868457959895654,0.0013933271787701929
8.551,1.9600350520312961,-0.010866437557663214,0.0013940081285238048
8.571,1.9600361284382064,-0.010862606122611161,0.001393674359673136
8.591,1.9600388824748716,-0.010860286867447059,0.0013934049098678902
8.611,1.9600382156752079,-0.010858267310804727,0.0013940869485274399
8.631,1.9600392945957161,-0.010854439918253269,0.001393754004762493
8.651,1.9600420551758686,-0.010852124961931858,0.0013934825714330135
8.671,1.9600413862143593,-0.01085010632849149,0.0013941658749044294
8.691,1.9600424676151023,-0.010846283017023,0.0013938336645554494
8.711,1.9600452347213504,-0.010843972423562838,0.001393560226157886
8.731,1.9600445636098984,-0.010841954707409649,0.0013942447883183995
8.751,1.9600456475026544,-0.010838135492478695,0.0013939133405178328
8.771,1.9600484211505735,-0.01083582928903977,0.0013936378938922411
8.791,1.9600477478788934,-0.010833812509837941,0.001394323726874508
8.811,1.9600488342500997,-0.010829997442164237,0.0013939930299232683
8.831,1.9600499022909745,-0.010829198196404759,0.0013957239282619827
8.851,1.9600499265120206,-0.0108292383384622,0.0013939712726613873
8.871,1.9600484019349231,-0.01083118885045646,0.0013939835002329815
8.891,1.9600482381761781,-0.010828921067306447,0.001396237513730969
8.911,1.960045965310544,-0.010828477008085098,0.0013941769744471588
8.931000000000001,1.9600449025898559,-0.01082906153439267,0.0013938303449611833
8.951,1.9600448497739382,-0.010828122319261797,0.0013955804251883919
8.971,1.9600430924965262,-0.01082828079731881,0.0013955728778410614
8.991,1.9600418469791432,-0.010828288521642235,0.001392594297673494
9.011,1.9600408852757043,-0.01082639475668512,0.001393605088594485
9.031,1.960039897739429,-0.01082705712698169,0.0013955340510789505
9.051,1.9600394602316393,-0.010826531390166691,0.0013956140973659104
9.071,1.960038690841814,-0.010826665287185299,0.0013942040368280784
9.091,1.96003716999503,-0.010825716329634062,0.0013952931345744268
9.111,1.9600365300896727,-0.010823770960189289,0.0013941160199074931
9.131,1.9600351348213194,-0.010825737457683643,0.0013941299963415865
9.151,1.9600349725490511,-0.010823426510320096,0.0013963876420772237
9.171,1.960032704762598,-0.010822982323753554,0.0013943255860468795
9.191,1.9600316525700294,-0.0108235699729448,0.0013939793732551942
9.211,1.9600316076085018,-0.010822631219667929,0.001395728998619783
9.231,1.960029858628723,-0.010822791353198066,0.0013957217782639697
9.251,1.9600286225293595,-0.010822800542882573,0.0013927434037901698
9.271,1.9600276678866713,-0.010820908360109675,0.0013937526673271639
9.291,1.9600266896525573,-0.010821571629065337,0.0013956824349930508
9.311,1.9600262605113588,-0.010821048584079406,0.001395762550414903
9.331,1.9600254992422352,-0.010821182797997535,0.0013943528003799999
9.351,1.9600239873109286,-0.010820236365493438,0.0013954421441136067
9.371,1.9600233551979958,-0.010818291868791189,0.0013942636049748824
9.391,1.960021968698639,-0.010820259858104371,0.0013942778219496466
9.411,1.9600218158402567,-0.010817951024953518,0.0013965348604445538
9.431000000000001,1.960019555357855,-0.010817507239015096,0.001394472820156617
9.451,1.960018513546179,-0.010818097827350017,0.0013941269276047663
9.471,1.9600184764551511,-0.010817159544392791,0.0013958760988212748
9.491,1.9600167357935427,-0.01081732134623744,0.0013958692048686716
9.511,1.9600155091465106,-0.010817332013931043,0.0013928910401727612
9.531,1.9600145615892104,-0.010815441424238827,0.0013938987698395855
9.551,1.9600135926860502,-0.010816105601913581,0.0013958293453001647
9.571,1.9600131719342058,-0.010815585264787445,0.0013959095285340783
9.591,1.9600124188156527,-0.010815719809725795,0.0013945000920488615
9.611,1.9600109158076564,-0.010814775921277761,0.001395589679726278
9.631,1.960010291509935,-0.010812832314587274,0.0013944097108805342
9.651,1.9600089137793213,-0.010814801818992217,0.0013944241688762515
9.671,1.9600087703284863,-0.01081249511604911,0.0013966805957354167
9.691,1.9600065171406622,-0.010812051745139186,0.0013946185737140349
9.711,1.9600054856829896,-0.010812645296295977,0.0013942729887888583
9.731,1.96000545645197,-0.010811707496961753,0.0013960217201102465
9.751,1.960003724059265,-0.010811870990443145,0.0013960151454091296
9.771,1.9600025068528544,-0.010811883149715193,0.0013930371977016187
9.791,1.9600015662968218,-0.01080999417363486,0.0013940433903216198
9.811,1.9600006067194278,-0.01081065927223409,0.0013959747744723416
9.831,1.9600001942800358,-0.01081014166746402,0.0013960550188712728
9.851,1.9599994492854065,-0.010810276549743342,0.0013946459039172743
9.871,1.9599979551356457,-0.010809335222427083,0.0013957357301455087
9.891,1.959997338634527,-0.010807392511767037,0.0013945543343402977
9.911,1.9599959696087987,-0.010809363535055821,0.0013945690307752001
9.931000000000001,1.9599958355483447,-0.010807058978271968,0.001396824837829408
9.951,1.959993589631718,-0.010806616028809043,0.0013947628398294498
9.971,1.959992568516004,-0.010807212559772194,0.0013944175550752447
9.991,1.9599925471428603,-0.010806275246252276,0.0013961658538121924
10.011,1.9599908230105432,-0.010806440442078027,0.0013961595975624241
10.031,1.959989615264567,-0.010806454099067424,0.00139318187056095
10.051,1.9599886817127186,-0.010804566747645475,0.0013941865186329339
10.071,1.95998773147557,-0.010805232768739556,0.0013961187174088008
10.091,1.959987327357382,-0.010804717899336493,0.0013961990229296728
10.111,1.9599865905101344,-0.010804853122368015,0.0013947902308572013
10.131,1.9599851052330395,-0.010803914364673602,0.0013958802952336036
10.151,1.9599844965386486,-0.010801972553547354,0.001394697468773548
10.171,1.9599831362447186,-0.010803945105344187,0.00139471240379066
10.191,1.9599830115879469,-0.01080164269842445,0.0013969675909849821
10.211,1.9599807729588201,-0.010801200173906692,0.001394905616665415
10.231,1.9599797622045507,-0.010801799695547593,0.0013945606318297166
10.251,1.959979748711107,-0.010800862872660973,0.0013963084988130314
10.271,1.9599780328502878,-0.010801029775762278,0.0013963025608143276
10.291,1.9599768345776414,-0.010801044933589521,0.0013933250560956567
10.311,1.95997590804265,-0.010799159210135918,0.0013943281558767562
10.331,1.9599749671632696,-0.010799826157009407,0.001396261170101748
10.351,1.9599745713892658,-0.010799314033912277,0.0013963415368396515
10.371,1.9599738427003115,-0.01079944960043893,0.0013949330667654969
10.391,1.95997236632045,-0.010798513421899698,0.0013960233733562588
10.411,1.959971765448831,-0.010796572510517688,0.0013948391100704616
10.431000000000001,1.9599704139020528,-0.010798546593646527,0.0013948542855292123
10.451,1.9599702986593144,-0.01079624633159049,0.001397108849697265
10.471,1.9599680673231585,-0.010795804222886243,0.0013950468993490783
10.491,1.9599670669255178,-0.010796406719858771,0.0013947022127871744
10.511,1.9599670613044455,-0.010795470368080325,0.0013964496460772136
10.531,1.9599653537225765,-0.010795638964423197,0.001396444029522298
10.551,1.9599641649073267,-0.010795655593608837,0.0013934667382173582
10.571,1.9599632453974563,-0.010793771484296583,0.0013944682950829956
10.591,1.9599623138574864,-0.010794439318400045,0.0013964021209696975
10.611,1.9599619264330586,-0.01079392992679435,0.0013964825551544546
10.631,1.9599612058768532,-0.010794065789558042,0.0013950743997035442
10.651,1.9599597383939877,-0.01079313216753169,0.0013961649571497259
10.671,1.95995914531558,-0.010791192106854381,0.0013949792546806838
10.691,1.9599578025136366,-0.01079316769582845,0.0013949946696087123
10.711,1.9599576966612329,-0.01079086953662347,0.00139724860389831
10.731,1.9599554726266766,-0.010790427829232646,0.0013951866836280913
10.751,1.9599544825777744,-0.010791033271344171,0.0013948422939768779
10.771,1.959954484827164,-0.010790097369209457,0.0013965892918984535
10.791,1.9599527855225862,-0.010790267641033129,0.0013965840002682361
10.811,1.9599516061773263,-0.010790285727805465,0.0013936069206633428
10.831,1.9599506936940991,-0.010788403227950605,0.0013946069339529354
10.851,1.959949771501054,-0.010789071939774325,0.0013965415728248998
10.871,1.959949392434796,-0.010788565277630932,0.001396622075159809
10.891,1.959948680025801,-0.01078870143556087,0.0013952142340509788
10.911,1.9599472214538394,-0.010787770373219527,0.0013963050439635138
10.931000000000001,1.9599466361785032,-0.010785831164416667,0.001395117898829984
10.951,1.9599453021460533,-0.010787808267828387,0.0013951335551649624
10.971,1.9599452057092879,-0.010785512223162645,0.0013973868575593296
10.991,1.9599429889809323,-0.010785070914861562,0.001395324967437439
11.011,1.959942009311219,-0.010785679317116957,0.00139498087492132
11.031,1.9599420194500226,-0.010784743867515822,0.0013967274364817261
11.051,1.9599403284353412,-0.01078491582052376,0.00139672247014902
11.071,1.9599391585674575,-0.010784935364035863,0.001393745602101315
11.091,1.959938253124599,-0.010783054478344732,0.0013947440694326851
11.111,1.959937340297612,-0.010783724070485206,0.0013966795224287787
11.131,1.9599369696065785,-0.010783220145956209,0.001396760093000382
11.151,1.9599362653547556,-0.010783356598845537,0.001395352566382152
11.171,1.9599348157125516,-0.010782428105664377,0.001396443631545008
11.191,1.9599342382599134,-0.010780489751817203,0.001395255038210974
11.211,1.9599329130091647,-0.010782468371792007,0.0013952709366352178
11.231,1.9599328259995206,-0.01078017444424247,0.0013975236079667719
11.251,1.9599306165996204,-0.010779733541185624,0.0013954617445792183
11.271,1.9599296473177308,-0.010780344907958202,0.0013951179500104882
11.291,1.9599296653619764,-0.0107794099121532,0.0013968640760276263
11.311,1.9599279826585592,-0.01077958355248354,0.001396859435143838
11.331,1.9599268222995676,-0.010779604564395206,0.0013938827812982613
11.351,1.959925923920154,-0.010777725303457712,0.0013948796931456675
11.371,1.9599250204818766,-0.010778395783140115,0.001396815966704934
11.391,1.9599246581894332,-0.010777894609469513,0.0013968966050750542
11.411,1.9599239621289792,-0.01077803136536595,0.0013954893962797865
11.431000000000001,1.9599225214426006,-0.010777105454590472,0.001396580713654394
11.451,1.959921951839426,-0.010775167966536846,0.0013953906695003127
11.471,1.959920635401699,-0.010777148116392667,0.0013954068114096496
11.491,1.959920557860875,-0.010774856324441862,0.0013976588498276488
11.511,1.959918355812352,-0.010774415834216969,0.0013955970132492057
11.531,1.9599173969657677,-0.010775030190745747,0.0013952535193833826
11.551,1.9599174229467833,-0.01077409565747715,0.0013969992099829298
11.571,1.959915748583279,-0.010774271002307208,0.0013969948926075004
11.591,1.959914597767316,-0.010774293495213343,0.00139401845389997
11.611,1.9599137064723047,-0.010772415866177287,0.0013950138097871267
11.631,1.9599128124681133,-0.01077308724517128,0.001396950904019284
11.651,1.9599124585982108,-0.010772588835471428,0.0013970316083252998
11.671,1.959911770751362,-0.01077272590019996,0.0013956247197303429
11.691,1.9599103390430441,-0.010771802581279768,0.0013967162878359418
11.711,1.9599097773262069,-0.010769865971921963,0.0013955247898637946
11.731,1.9599084697170002,-0.010771847657495455,0.0013955411754523472
11.751,1.9599084016728894,-0.010769558020150127,0.0013977925816328063
11.771,1.9599062069947655,-0.010769117949639972,0.0013957307695308396
11.791,1.959905258618854,-0.010769735323620383,0.0013953875771875734
11.811,1.9599052925671645,-0.010768801275550192,0.0013971328308998165
11.831,1.9599036265717389,-0.01076897835242372,0.0013971288385703495
11.851,1.9599024853359868,-0.010769002362715736,0.0013941526162815354
11.871,1.9599016011467207,-0.010767126392896866,0.0013951464080657061
11.891,1.9599007166141713,-0.010767798713049444,0.001397084329539361
11.911,1.9599003711867804,-0.010767303098876024,0.0013971650986634998
11.931000000000001,1.9598996915958316,-0.01076744052041724,0.0013957585374393677
11.951,1.9598982688997257,-0.01076651983656228,0.0013968503510682906
11.971,1.959897715105147,-0.010764584160413877,0.0013956573891309165
11.991,1.9598964163620054,-0.010766567418819956,0.0013956740244479016
12.011,1.9598963578521653,-0.010764279991228441,0.001397924796956801
12.031,1.9598941705743196,-0.010763840364431627,0.0013958630083210632
12.051,1.9598932327063698,-0.010764460808820143,0.0013955201224838676
12.071,1.9598932746416482,-0.010763527267779044,0.0013972649345951882
12.091,1.9598916170501672,-0.01076370610843471,0.0013972612682557617
12.111,1.9598904854275672,-0.010763731665467218,0.0013942852633676839
12.131,1.9598896083641713,-0.010761857371154735,0.0013952774855664762
12.151,1.9598887333321424,-0.010762530655029766,0.0013972162378488584
12.171,1.959888396379826,-0.010762037856543658,0.0013972970715354638
12.191,1.959887725068656,-0.01076217564344116,0.0013958908392469882
12.211,1.9598863114043015,-0.01076125760522565,0.0013969828994703504
12.231,1.959885765543291,-0.01075932286393528,0.00139578846849564
12.251,1.9598844756852822,-0.010761307699668769,0.0013958053551971772
12.271,1.9598844267364468,-0.01075902249118247,0.0013980554921515786
12.291,1.9598822468677755,-0.010758583310667064,0.0013959937267082612
12.311,1.9598813195295266,-0.01075920683536748,0.0013956511461906407
12.331,1.959881369475621,-0.010758273804430507,0.0013973955176401764
12.351,1.9598797202991376,-0.010758454413838069,0.001397392177619472
12.371,1.959878598312127,-0.010758481523246488,0.0013944163897866846
12.391,1.9598777283835087,-0.010756608907769586,0.0013954070398556895
12.411,1.9598768628573993,-0.010757283153620123,0.0013973466246824107
12.431000000000001,1.9598765343945896,-0.010756793176545536,0.0013974275227813526
12.451,1.9598758713783448,-0.01075693132993203,0.0013960216193577846
12.471,1.9598744667567551,-0.010756015940597236,0.001397113926058291
12.491,1.9598739288428713,-0.010754082136785276,0.0013959180239201119
12.511,1.9598726478816877,-0.01075606855256133,0.0013959351623191174
12.531,1.959872608500949,-0.010753785566296192,0.0013981846627902916
12.551,1.9598704360611614,-0.010753346834565358,0.0013961229197746727
12.571,1.9598695192762006,-0.01075397344932607,0.0013957806456828814
12.591,1.9598695772371428,-0.010753040927016778,0.0013975245771043754
12.611,1.9598679364912128,-0.010753223308833566,0.0013975215624129622
12.631,1.959866824147468,-0.01075325197086269,0.0013945459923487558
12.651,1.9598659613729041,-0.010751381042009851,0.0013955350668291566
12.671,1.9598651053781648,-0.01075205625526545,0.0013974754856812266
12.691,1.9598647854181246,-0.010751569109065856,0.0013975564482505975
12.711,1.9598641307160487,-0.01075170763252685,0.0013961508766087427
12.731,1.9598627351583444,-0.01075079490617356,0.0013972434286333435
12.751,1.9598622052192936,-0.010748862046609388,0.0013960460512666972
12.771,1.959860933179084,-0.010750850052190945,0.0013960634420734364
12.791,1.9598609033979593,-0.010748569301540993,0.0013983123049993718
12.811,1.95985873840431,-0.010748131020704571,0.0013962505837707695
12.831,1.9598578321854812,-0.010748760733842688,0.0013959086167113777
12.851,1.9598578981904726,-0.010747828725400872,0.0013976521060391212
12.871,1.9598562658924388,-0.010748012891393537,0.0013976494188067679
12.891,1.959855163228902,-0.010748043117005335,0.001394674066353102
12.911,1.9598543076213562,-0.010746173883643503,0.0013956615604303058
12.931000000000001,1.959853461183455,-0.010746850069894107,0.0013976028170006871
12.951,1.9598531497429763,-0.010746365764353318,0.0013976838441370765
12.971,1.9598525033681093,-0.010746504658995168,0.0013962786036310904
12.991,1.959851116900074,-0.01074559460437157,0.0013973714039930418
13.011,1.9598505949452136,-0.010743662692349332,0.0013961725461732744
13.031,1.9598493318448529,-0.010745652291512166,0.0013961901905256702
13.051,1.9598493116733144,-0.010743373779828775,0.0013984384138413797
13.071,1.9598471541455234,-0.010742935955137548,0.0013963767141473848
13.091,1.95984625852686,-0.010743568782083247,0.0013960350562193524
13.111,1.959846332584848,-0.010742637288728735,0.0013977781028276515
13.131,1.959844708758721,-0.010742823246011977,0.001397775742871421
13.151,1.9598436157891814,-0.01074285504327091,0.0013948006092682763
13.171,1.9598427673724628,-0.010740987514580795,0.0013957865208354403
13.191,1.959841930510254,-0.010741664682719122,0.001397728615262217
13.211,1.9598416276113688,-0.01074118323392096,0.001397809705291464
13.231,1.9598409895902043,-0.010741322514549755,0.0013964047996501694
13.251,1.9598396122175317,-0.01074041515204583,0.001397497844259743
13.271,1.9598390982799774,-0.010738484203524919,0.0013962975048128767
13.291,1.9598378441253086,-0.010740475418659322,0.0013963154025237456
13.311,1.9598378336030096,-0.010738199172641669,0.0013985629884594175
13.331,1.9598356835333979,-0.010737761823077313,0.0013965013058266085
13.351,1.9598347985454247,-0.010738397787650487,0.0013961599591814366
13.371,1.9598348806712773,-0.010737466838916208,0.001397902563052611
13.391,1.9598332653437516,-0.010737654613688238,0.0013979005302144076
13.411,1.95983218208021,-0.010737688010136678,0.0013949256196874038
13.431000000000001,1.9598313408567836,-0.010735822200981779,0.0013959099410721931
13.451,1.9598305135861749,-0.010736500374876314,0.0013978528759398257
13.471,1.9598302192285908,-0.01073602180196187,0.001397934024191222
13.491,1.9598295895843965,-0.010736161485902743,0.0013965294577175658
13.511,1.9598282213137264,-0.010735256833802258,0.001397622744446686
13.531,1.959827715418648,-0.01073332686270231,0.0013964209220302393
13.551,1.9598264702126764,-0.010735319703551755,0.001396439071852884
13.571,1.9598264693624086,-0.010733045733149336,0.0013986860223062225
13.591,1.9598243267636788,-0.010732608865549907,0.0013966243521561783
13.611,1.959823452434022,-0.010733247984218972,0.0013962833204413105
13.631,1.9598235426314694,-0.01073231758013965,0.001398025481283427
13.651,1.9598219358146334,-0.010732507176298523,0.0013980237751520241
13.671,1.959820862279223,-0.010732542178744864,0.0013950490888356704
13.691,1.9598200282732288,-0.010730678096729711,0.0013960318156862883
13.711,1.9598192106105776,-0.01073135728135903,0.0013979755931482485
13.731,1.9598189248084315,-0.010730881591119588,0.001398056799488956
13.751,1.9598183035593966,-0.010731021680836061,0.0013966525740347624
13.771,1.9598169444031777,-0.010730119745213335,0.0013977461004490987
13.791,1.9598164465637151,-0.010728190755828395,0.0013965427929585883
13.811,1.959815210323761,-0.01073018522794101,0.001396561195435464
13.831,1.9598152191620337,-0.010727913540517484,0.0013988075089310381
13.851,1.9598130840477526,-0.010727477158356223,0.001396745852563691
13.871,1.9598122203911479,-0.010728119437413822,0.00139640513522013
13.891,1.9598123186866356,-0.01072718958312405,0.001398146851406351
13.911,1.9598107204051605,-0.010727381009867538,0.0013981454735091658
13.931000000000001,1.9598096566167837,-0.010727417623327736,0.0013951710111799742
13.951,1.9598088298348115,-0.010725555274297617,0.001396152139450102
13.971,1.9598080217982026,-0.010726235473377761,0.0013980967624296903
13.991,1.9598077445748514,-0.010725762678005436,0.0013981780268668142
14.011,1.9598071317470938,-0.01072590317834863,0.0013967741440554793
14.031,1.9598057817167096,-0.010725003966908155,0.0013978679098594626
14.051,1.9598052919531208,-0.010723075963069581,0.0013966631135637897
14.071,1.9598040646971462,-0.010725072072077506,0.0013966817709035462
14.091,1.9598040832473773,-0.010722802679342232,0.0013989274446522537
14.111,1.9598019556337292,-0.010722366784096812,0.0013968658012149249
14.131,1.9598011026806001,-0.010723012237883599,0.0013965253994941418
14.151,1.959801209079434,-0.010722082929899734,0.0013982666709213554
14.171,1.9597996193393745,-0.010722276190262184,0.0013982656211182776
14.191,1.959798565319425,-0.010722314417802782,0.0013952913827374736
14.211,1.9597977457794078,-0.010720453804621246,0.0013962709113480576
14.231,1.9597969473936403,-0.010721135021599885,0.001398216379848688
14.251,1.9597966787644023,-0.010720665126726169,0.001398297702291329
14.271,1.9597960743668414,-0.010720806036099456,0.0013968941630319587
14.291,1.959794733490571,-0.010719909559026772,0.0013979881704153374
14.311,1.9597942518114035,-0.010717982542846307,0.0013967818796958853
14.331,1.9597930335659521,-0.010719980293576854,0.0013968007917368186
14.351,1.95979306184507,-0.01071771320146589,0.0013990458254538873
14.371,1.9597909417488653,-0.010717277793142261,0.0013969841941586514
14.391,1.9597900995133206,-0.010717926429981157,0.0013966441096600613
14.411,1.9597902140372152,-0.010716997670280524,0.0013983849352455224
14.431000000000001,1.9597886328634533,-0.010717192770588593,0.0013983842137170188
14.451,1.95978758862501,-0.010717232620737059,0.001395410198839847
14.471,1.959786776345704,-0.010715373749914506,0.0013963881246390197
14.491,1.9597859876272483,-0.010716055989052807,0.0013983344410487542
14.511,1.9597857275998651,-0.010715588997687337,0.0013984158214266629
14.531,1.9597851316462098,-0.01071573031943697,0.0013970126257286386
14.551,1.9597837999387968,-0.010714836579093813,0.0013981068744603753
14.571,1.959783326363671,-0.01071291055259253,0.0013968990854683616
14.591,1.959782117133743,-0.010714909944332073,0.0013969182540752023
14.611,1.959782155141207,-0.010712645142647758,0.0013991626437067084
14.631,1.959780042568828,-0.010712210215408927,0.0013971010276112583
14.651,1.9597792110499337,-0.010712862021045343,0.0013967612562942044
14.671,1.9597793336958051,-0.010711933790975896,0.0013985016346415857
14.691,1.9597777610841567,-0.010712130712313118,0.0013985012450063727
14.711,1.9597767266161508,-0.010712172150093055,0.0013955274464984846
14.731,1.959775921596766,-0.010710315004225611,0.0013965037703339012
14.751,1.9597751425207839,-0.01071099822477609,0.0013984509327984174
14.771,1.9597748911078747,-0.01071053411915654,0.001398532378034667
14.791,1.9597743035638007,-0.010710675802903129,0.0013971295146436857
14.811,1.9597729810269844,-0.01070978477471226,0.0013982240191574846
14.831,1.9597725155165564,-0.010707859684477239,0.001397014728027779
14.851,1.9597713153048428,-0.010709860696692886,0.0013970341535097242
14.871,1.9597713630197238,-0.01070759815116426,0.0013992778910646153
14.891,1.9597692579559522,-0.010707163691310077,0.0013972162939885624
14.911,1.9597684371327568,-0.010707818648059655,0.0013968768273257548
14.931000000000001,1.9597685678825059,-0.010706890934826227,0.0013986167659364723
14.951,1.9597670038041952,-0.010707089677745325,0.001398616706692779
14.971,1.9597659790970716,-0.010707132700293387,0.0013956431295621685
14.991,1.9597651812898476,-0.01070527729377765,0.0013966178476503
15.011,1.9597644118604898,-0.010705961502117424,0.0013985658593600736
15.031,1.9597641690060623,-0.010705500305186882,0.001398647363694383
15.051,1.9597635898749743,-0.010705642371716787,0.0013972448421001038
15.071,1.95976227644581,-0.010704754087328506,0.001398339594337411
15.091,1.9597618190068067,-0.010702829959905472,0.0013971288012235572
15.111,1.959760627751868,-0.010704832618155496,0.0013971484801010292
15.131,1.9597606851597593,-0.010702572356625091,0.0013993915588189632
15.151,1.9597585875776737,-0.010702138380694864,0.0013973299872710454
15.171,1.9597577774173502,-0.010702796513728567,0.001396990814295146
15.191,1.959757916282078,-0.01070186933123049,0.001398730326333586
15.211,1.959756360707477,-0.010702069914700574,0.0013987305925706184
15.231,1.9597553457816084,-0.010702114536295961,0.0013957572432210519
15.251,1.9597545551608127,-0.010700260880948657,0.0013967303507661233
15.271,1.9597537953949082,-0.010700946081900115,0.001398679214035109
15.291,1.9597535610950416,-0.010700487805665092,0.0013987607754213094
15.311,1.9597529903976965,-0.010700630257523654,0.0013973585991169657
15.331,1.9597516860921558,-0.010699744729186146,0.0013984535980065271
15.351,1.9597512367376977,-0.010697821565960025,0.00139724129990218
15.371,1.9597500544524626,-0.010699825873947206,0.0013972612334051393
15.391,1.9597501215722504,-0.010697567904593544,0.0013995036507192249
15.411,1.9597480314834306,-0.010697134411877252,0.001397442105126323
15.431000000000001,1.9597472320045082,-0.010697795729972412,0.0013971032247908077
15.451,1.9597473789954298,-0.010696869079520423,0.0013988423109310977
15.471,1.9597458319422656,-0.010697071509425199,0.0013988429027651794
15.491,1.9597448268112365,-0.010697117735478205,0.0013958697813059584
15.511,1.959744043400877,-0.010695265839845092,0.0013968412741713343
15.531,1.959743293319395,-0.01069595203864393,0.001398790991686355
15.551,1.9597430675944323,-0.010695496691708307,0.0013988726101589744
15.571,1.9597425053370923,-0.010695639528830063,0.0013974707790935237
15.591,1.9597412101607403,-0.010694756758494007,0.0013985660259629995
15.611,1.9597407689004038,-0.010692834562659577,0.0013973522179129005
15.631,1.9597395956086583,-0.010694840528755953,0.0013973724075914684
15.651,1.9597396724527711,-0.010692584856876831,0.0013996141631037462
15.671,1.9597375898767242,-0.010692151854384643,0.0013975526412464412
15.691,1.959736801103955,-0.01069281637511417,0.0013972140565536861
15.711,1.9597369562286937,-0.010691890258845753,0.0013989527148149106
15.731,1.959735417699365,-0.010692094546584499,0.0013989536328146979
15.751,1.9597344223692215,-0.010692142387148156,0.0013959807368615629
15.771,1.9597336461549244,-0.010690292258905533,0.0013969506137100907
15.791,1.9597329057385071,-0.01069097946756704,0.0013989011871155532
15.811,1.95973268857913,-0.01069052706056478,0.0013989828630225076
15.831,1.9597321347449144,-0.010690670300287343,0.0013975813779934787
15.851,1.9597308487011778,-0.010689790306638872,0.0013986768725894605
15.871,1.959730415515093,-0.010687869100417885,0.00139746154978862
15.891,1.9597292512013742,-0.010689876738037986,0.0013974819976337316
15.911,1.959729337736432,-0.010687623391234503,0.0013997230900567037
15.931000000000001,1.9597272626556448,-0.010687190887419838,0.0013976615918079027
15.951,1.9597264845468054,-0.010687858635853975,0.0013973233017856301
15.971,1.959726647782628,-0.010686933071001086,0.0013990615281285201
15.991,1.959725117758719,-0.010687139231562996,0.001399062775158083
16.011,1.959724132202093,-0.010687188704438362,0.0013960901005148907
16.031,1.9597233631940123,-0.01068534035643081,0.0013970583637155642
16.051,1.959722632430407,-0.010686028587597516,0.0013990097919459876
16.071,1.9597224238563684,-0.010685579140307381,0.001399091526477353
16.091,1.959721878442092,-0.0106857227921058,0.001397690389260825
16.111,1.9597206015379727,-0.010684845585177592,0.0013987861307875327
16.131,1.9597201764250012,-0.01068292537640874,0.0013975692883740065
16.151,1.9597190211032973,-0.010684934688734993,0.0013975899958142135
16.171,1.959719117342984,-0.010682683677426471,0.0013998304235985637
16.191,1.959717049779607,-0.0106822516786594,0.0013977689485087652
16.211,1.9597162823594925,-0.010682922665376782,0.0013974309543901553
16.231,1.9597164537242968,-0.01068199765351524,0.001399168747308055
16.251,1.9597149322284118,-0.010682205698518094,0.0013991703246588327
16.271,1.9597139564870374,-0.010682256884294306,0.0013961978713513679
16.291,1.9597131948175164,-0.010680410964981322,0.0013971645129714494
16.311,1.9597124741851641,-0.010681102479364653,0.001399116799757294
16.331,1.9597122746950135,-0.010680658650166756,0.0013991985879905078
16.351,1.9597117386235723,-0.01068080752213775,0.0013977978551661385
16.371,1.9597104719407974,-0.01067993804312127,0.0013988939218881613
16.391,1.9597100562165708,-0.010678026122500656,0.0013976753827648625
16.411,1.9597089115080162,-0.010680043685221283,0.0013976967101291538
16.431,1.9597090190466104,-0.01067780491068318,0.0013999360671354266
16.451,1.959706961197834,-0.01067738354037183,0.0013978746663232955
16.471,1.9597062062910375,-0.010678068533977021,0.0013975369220230738
16.491,1.9597063885998083,-0.010677157058708722,0.0013992743429281085
16.511,1.9597048776852397,-0.01067737928758386,0.0013992761924680186
16.531,1.9597039152309634,-0.010677448078727551,0.001396303953233674
16.551,1.959703163137564,-0.010675617361682061,0.0013972689710645692
16.571,1.9597024556115474,-0.010676326582973829,0.0013992221261926174
16.591,1.9597022670642317,-0.01067589844348417,0.0013993039534071494
16.611,1.9597017425965757,-0.010676064166978812,0.0013979037489654234
16.631,1.9597004880610138,-0.010675211153796587,0.001399000197676803
16.651,1.9597000834134755,-0.010673316774968612,0.0013977797427070504
16.671,1.9596989508631115,-0.010675348789139047,0.0013978019768053629
16.691,1.9596990708511581,-0.010673129168154293,0.0014000399530788576
16.711,1.9596970238623617,-0.010672723372851932,0.0013979786573811437
16.731,1.9596962821885942,-0.010673426198928186,0.0013976411541989087
16.751,1.9596964761167301,-0.010672531114129736,0.0013993782172795899
16.771,1.9596949761073692,-0.010672769039348176,0.001399380333038075
16.791,1.9596940271404242,-0.010672855974419089,0.0013964083086312473
16.811,1.9596932847006925,-0.010671040516701424,0.001397371689744964
16.831,1.9596925904103188,-0.010671767718185125,0.001399325721569783
16.851,1.959692412934151,-0.010671355529488114,0.0013994075856463284
16.871,1.9596919002058524,-0.010671538455057965,0.0013980079156470648
16.891,1.9596906579190616,-0.010670702109845977,0.0013991047459609163
16.911,1.9596902644424739,-0.010668825482151933,0.001397882353717933
16.931,1.9596891441484139,-0.010670872110294473,0.0013979055053039702
16.951,1.959689276674243,-0.010668671845018178,0.001400142088782863
16.971,1.9596872406042858,-0.010668281751828379,0.0013980808981828574
16.991,1.9596865122273937,-0.010669002440747678,0.0013977436384043918
17.011,1.9596867178236939,-0.010668123782511876,0.0013994803365972308
17.031,1.9596852287620166,-0.010668377430359047,0.0013994827189920955
17.051,1.9596842933383327,-0.010668482559455107,0.001396510912247545
17.071,1.9596835605881315,-0.010666682413656974,0.0013974726483595712
17.091,1.959682879552855,-0.010667427466480708,0.0013994275546053703
17.111,1.9596827131606551,-0.010667031167880477,0.0013995094548689968
17.131,1.959682212187615,-0.010667231189368409,0.0013981103186453958
17.151,1.9596809821969334,-0.010666411537186445,0.00139920753585418
17.171,1.9596805999235576,-0.010664552600750807,0.0013979831940874876
17.191,1.9596794919055012,-0.010666613771387626,0.0013980072627047813
17.211,1.959679637032196,-0.010664432877963311,0.0014002424467540187
17.231,1.9596776119279833,-0.010664058533977692,0.0013981813599783233
17.251,1.9596768969044749,-0.010664797141296131,0.001397844340783605
17.271,1.9596771142029634,-0.010663934875966917,0.001399580673883516
17.291,1.9596756361435697,-0.01066420428827089,0.001399583322532233
17.311,1.9596747143280875,-0.010664327662706443,0.0013966117306215553
17.331,1.9596739913333774,-0.010662542911769816,0.0013975718101315593
17.351,1.9596733236313115,-0.01066330596792145,0.0013995275972300547
17.371,1.9596731683938629,-0.010662925643699257,0.0013996095329014135
17.391,1.959672679250238,-0.010663142873189629,0.0013982109319608527
17.411,1.9596714615922894,-0.010662339899290808,0.001399308537733901
17.431,1.9596710906097916,-0.010660498772607073,0.0013980822318735153
17.451,1.959669994927564,-0.010662574566792676,0.0013981072177966791
17.471,1.959670152721472,-0.010660413077376724,0.0014003410017831286
17.491,1.9596681386272985,-0.010660054457556436,0.0013982800136673468
17.511,1.9596674370824385,-0.010660811111643922,0.0013979432384400303
17.531,1.9596676661822743,-0.010659965383880525,0.0013996792019504989
17.551,1.9596661992109616,-0.010660250669171513,0.0013996821158177852
17.571,1.9596652910998607,-0.010660392302485687,0.0013967107508773835
17.591,1.95966457789474,-0.01065862293450609,0.0013976691548986953
17.611,1.9596639236402122,-0.010659404021057913,0.0013996258284365015
17.631,1.9596637796169192,-0.010659039714155955,0.0013997077921899803
17.651,1.95966330239153,-0.010659274162884612,0.0013983097343343298
17.671,1.9596620971645422,-0.010658488014461221,0.0013994077203920707
17.691,1.9596617375443073,-0.0106566647402042,0.0013981794415330873
17.711,1.9596606542731592,-0.010658755207023321,0.001398205342963199
17.731,1.9596608248446339,-0.010656613261963342,0.0014004377236553622
17.751,1.9596588218314397,-0.010656270482600157,0.0013983768312516298
17.771,1.9596581338277674,-0.01065704521644184,0.0013980402995284469
17.791,1.9596583747791914,-0.010656216066675571,0.0013997758911604152
17.811,1.9596569189536424,-0.010656517273948972,0.0013997790674736277
17.831,1.9596560246217378,-0.010656677324001385,0.0013968079214244922
17.851,1.9596553212795613,-0.010654923501626307,0.0013977646434065738
17.871,1.959654680509999,-0.010655722720736768,0.0013997222020548095
17.891,1.9596545477725926,-0.010655374570971772,0.0013998041987432763
17.911,1.9596540825121187,-0.010655626411178662,0.001398406675015118
17.931,1.9596528897807006,-0.010654857215042036,0.001399505055944994
17.951,1.9596525415545785,-0.010653051969494585,0.001398274784612935
17.971,1.959651470787739,-0.01065515731015984,0.0013983016140977356
17.991,1.9596516541462137,-0.010653035031271747,0.0014005325617347797
18.011,1.9596496622582016,-0.010652708232334409,0.0013984717756285736
18.031,1.9596489878417782,-0.010653501221149386,0.0013981354792067247
18.051,1.9596492406800554,-0.010652688833128907,0.0013998706914549464
18.071,1.9596477960495016,-0.010653006135468244,0.0013998741409364246
18.091,1.9596469155064193,-0.010653184722503095,0.0013969031996233505
18.111,1.9596462220751447,-0.010651446554146734,0.001397858239980454
18.131,1.9596455948419995,-0.010652264147025744,0.0013998166845147486
18.151,1.9596454734254576,-0.010651932340206685,0.0013998987234412064
18.171,1.9596450201826345,-0.01065220169823039,0.0013985017239700748
18.191,1.9596438399707956,-0.01065144957055315,0.0013996005142770662
18.211,1.9596435031896924,-0.010649662468189575,0.0013983682340620862
18.231,1.9596424449418983,-0.010651782741189511,0.0013983959959744663
18.251,1.9596426411659424,-0.010649680260162366,0.0014006254964556153
18.271,1.9596406604539864,-0.010649369624936365,0.0013985648185395327
18.291,1.959639999713208,-0.010650181003237787,0.001398228755512848
18.311,1.9596402644831794,-0.010649385514406508,0.0013999635869001992
18.331,1.95963883112147,-0.010649719014872806,0.0013999673078155528
18.351,1.9596379644456716,-0.01064991631199633,0.001396996572554432
18.371,1.959637280979392,-0.010648193896575078,0.0013979499210805546
18.391,1.9596366673348593,-0.01064902986571446,0.001399909254159365
18.411,1.9596365572914658,-0.010648714466756186,0.0013999913331690927
18.431,1.9596361161573193,-0.010649001456468233,0.0013985948624476163
18.451,1.9596349485489524,-0.010648266499836634,0.001399694059270068
18.471,1.959634623288204,-0.010646497595777064,0.0013984597570858848
18.491,1.9596335776476994,-0.010648632876871289,0.0013984884543391807
18.511,1.9596337868365383,-0.010646550292234935,0.001400716503827698
18.531,1.959631817346017,-0.010646255803330028,0.0013986559297446688
18.551,1.9596311703805886,-0.01064708559396602,0.0013983201034327708
18.571,1.9596314471574765,-0.010646307001700907,0.001400054552340907
18.591,1.959630025154112,-0.010646656760049552,0.001400058539804655
18.611,1.95962917245506,-0.010646872774768758,0.0013970880239764505
18.631,1.9596284990324702,-0.010645166195940942,0.0013980396536116546
18.651,1.9596278990992007,-0.010646020697893686,0.0013999998858951201
18.671,1.9596278004963477,-0.010645721745734506,0.0014000819978154666
18.691,1.959627371558985,-0.010646026402816804,0.0013986860608232454
18.711,1.959626216611475,-0.010645308666627551,0.0013997856567869449
18.731,1.959625902968281,-0.01064355805813955,0.0013985493230493085
18.751,1.959624870004795,-0.010645708439703347,0.001398578957135549
18.771,1.9596250922426486,-0.010643645856865221,0.0014008055505321249
18.791,1.959623134048923,-0.010643367627646224,0.0013987450763085219
18.811,1.9596225009517396,-0.010644215964254106,0.0013984094874254782
18.831,1.959622789821334,-0.010643454419518403,0.001400143551306271
18.851,1.9596213792260533,-0.010643820484814184,0.0014001478033020542
18.871,1.959620540582707,-0.010644055363027718,0.0013971775016207166
18.891,1.9596198772470104,-0.010642364697988065,0.0013981274088683548
18.911,1.9596192910912436,-0.010643237765089443,0.0014000885404409358
18.931,1.959619203982795,-0.010642955340362498,0.001400170683924229
18.951,1.9596187873049464,-0.010643277778826586,0.0013987752813818533
18.971,1.9596176451005656,-0.010642577373722262,0.0013998752792117042
18.991,1.9596173431588806,-0.010640845233813544,0.0013986368983668895
19.011,1.9596163229396493,-0.010643010780031884,0.0013986674747559769
19.031,1.959616558309425,-0.010640968345883274,0.0014008926007184341
19.051,1.9596146114833937,-0.010640706503981995,0.0013988322241399176
19.071,1.9596139923355504,-0.010641573523132275,0.0013984968727379365
19.091,1.959614293361175,-0.010640829105066543,0.001400230546425657
19.111,1.9596128942506028,-0.010641211604068217,0.001400235064922678
19.131,1.9596120697440764,-0.010641465510308243,0.0013972649760531641
19.151,1.9596114165595746,-0.01063979087163417,0.0013982131459558123
19.171,1.959610844271935,-0.01064068274731652,0.0014001751844207322
19.191,1.9596107687523088,-0.01064041706164653,0.0014002573581406164
19.211,1.9596103644194776,-0.01064075749472354,0.0013988624949312634
19.231,1.9596092350514995,-0.01064007465248195,0.0013999628918666407
19.251,1.9596089448590888,-0.010638361127859278,0.001398722449179629
19.271,1.959607937491825,-0.010640542045230655,0.0013987539785244585
19.291,1.9596081860630234,-0.010638519959298383,0.0014009776180964328
19.311,1.959606250682751,-0.01063827468765275,0.001398917345555556
19.331,1.9596056455832724,-0.010639160578498803,0.0013985822272681858
19.351,1.959605958843547,-0.01063843345773369,0.0014003155107143173
19.371,1.9596045713142345,-0.010638832609273053,0.0014003202917910185
19.391,1.95960376104803,-0.010639105669074701,0.001397350423711502
19.411,1.9596031180871203,-0.010637447184359303,0.0013982968387304395
19.431,1.959602559769755,-0.010638357926975858,0.0014002597921251025
19.451,1.9596024958983866,-0.0106381090098732,0.0014003419883084067
19.471,1.959602104016244,-0.010638467495478109,0.001398947674538964
19.491,1.9596009875495484,-0.010637802233813783,0.0014000484566174254
19.511,1.9596007092110599,-0.010636107348219896,0.0013988059472587189
19.531,1.9595997147502358,-0.010638303627841947,0.001398838423442822
19.551,1.9595999766389267,-0.010636301914968255,0.0014010605846629942
19.571,1.959598052754332,-0.010636073173207326,0.0013990004061302797
19.591,1.9595974617837058,-0.010636977896584479,0.0013986655222353594
19.611,1.9595977873368575,-0.010636268018397323,0.0014003984171175876
19.631,1.9595964114113609,-0.010636683734902928,0.0014004034523590891
19.651,1.9595956154392158,-0.010636975851866109,0.001397433815206267
19.671,1.9595949826875896,-0.010635333458952723,0.0013983784548749767
19.691,1.9595944383482218,-0.010636262877120242,0.0014003423286673422
19.711,1.959594386097508,-0.010636030633948135,0.0014004245393337278
19.731,1.9595940066463202,-0.010636406921027436,0.0013990307778942168
19.751,1.9595929030069557,-0.010635759063035051,0.0014001319399162548
19.771,1.9595926364820941,-0.010634082576297721,0.0013988873589395323
19.791,1.9595916548233527,-0.010636294004141112,0.0013989207658244573
19.811,1.9595919299455689,-0.010634312324125983,0.0014011414468669547
19.831,1.959590017446297,-0.010634099835400472,0.0013990813677011438
19.851,1.9595894405175927,-0.010635023144446656,0.0013987466979418217
19.871,1.9595897783076452,-0.01063433027236588,0.0014004792193951787
19.891,1.9595884139104953,-0.010634762372161051,0.001400484504328059
19.911,1.9595876322017032,-0.010635073349572893,0.0013975151041724088
19.931,1.9595870095862142,-0.010633446870517316,0.0013984579560596677
19.951,1.9595864792444686,-0.010634394888358323,0.0014004227562162963
19.971,1.9595864385815271,-0.010634179217890536,0.0014005049772429223
19.991,1.959586071562057,-0.010634573231843018,0.0013991117692349064
20.011,1.9595849807561172,-0.010633942759798457,0.0014002133080176504
20.031,1.959584726077068,-0.010632284661833535,0.0013989666473205875
20.051,1.9595837572806916,-0.010634511339392513,0.0013990009884053967
20.071,1.9595840457004816,-0.010632549812570662,0.0014012201796257673
20.091,1.9595821446449346,-0.010632353650217946,0.001399160200113686
20.111,1.9595815818447866,-0.010633295694171152,0.0013988257437962393
20.131,1.9595819319212309,-0.01063261988121551,0.0014005578900543603
20.151,1.9595805791062757,-0.010633068403940807,0.0014005634232697184
20.171,1.9595798117320087,-0.010633398360687628,0.0013975942568661692
20.191,1.9595791993274816,-0.010631787944562952,0.0013985353139095436
20.211,1.9595786830612836,-0.010632754665333345,0.0014005010416324182
20.231,1.9595786540667075,-0.010632555726871787,0.0014005832714902022
20.251,1.9595782995558675,-0.010632967567956557,0.0013991906184626923
20.271,1.9595772216567577,-0.010632354581619197,0.0014002925348530204
20.291,1.9595769788839061,-0.010630714946561405,0.0013990437809548173
20.311,1.9595760229884087,-0.010632956857533994,0.0013990790563998545
20.331,1.9595763247690834,-0.010631015532364244,0.0014012967480727112
20.351,1.9595744352065407,-0.010630835758699265,0.0013992368707083924
20.371,1.9595738865960752,-0.010631796539296273,0.0013989026234144941
20.391,1.95957424903266,-0.010631137919500266,0.0014006343879438554
20.411,1.9595729078848116,-0.010631603025015132,0.0014006401731301854
20.431,1.959572154902262,-0.010631951968074815,0.0013976712371853162
20.451,1.9595715527318869,-0.010630357575592508,0.0013986104889018025
20.471,1.9595710505700306,-0.010631342971742532,0.0014005771441227555
20.491,1.959571033283563,-0.010631160742609565,0.0014006593880115104
20.511,1.9595706913237492,-0.010631590480221418,0.0013992672801862727
20.531,1.9595696263940319,-0.01063099504442791,0.0014003695866636467
20.551,1.9595693955811786,-0.010629373979656728,0.0013991187267405614
20.571,1.9595684526687513,-0.010631631231711278,0.0013991549412936677
20.591,1.9595687678678515,-0.010629710214974122,0.0014013711149870045
20.611,1.9595668898863092,-0.010629546994908312,0.0013993113418317993
20.631,1.9595663555551202,-0.010630526718716359,0.0013989773025828989
20.651,1.959566730397982,-0.010629885320051033,0.0014007086827307613
20.671,1.959565400953258,-0.010630366994705355,0.0014007147220061467
20.691,1.9595646624385938,-0.010630735070840606,0.0013977460105895345
20.711,1.9595640705861528,-0.010629156891247608,0.0013986834496173828
20.731,1.9595635826265503,-0.010630161169932768,0.0014006510362735147
20.751,1.959563577133516,-0.010629995824401224,0.0014007332929522331
20.771,1.9595632478066347,-0.010630443600068817,0.0013993417331183977
20.791,1.95956219592636,-0.010629865847041474,0.0014004444285629913
20.811,1.9595619771317792,-0.01062826344094897,0.0013991914489956403
20.831,1.9595610472832445,-0.01063053612265491,0.0013992286061487447
20.851,1.9595613759576944,-0.010628635466876864,0.0014014432533190901
20.871,1.9595595095929477,-0.010628488782520908,0.0013993835835172386
20.891,1.9595589895891488,-0.010629487413728801,0.0013990497496759735
20.911,1.9595593768992694,-0.01062886325729405,0.0014007807431691277
20.931,1.9595580592324828,-0.010629361609801102,0.001400787035403972
20.951,1.9595573352686537,-0.0106297488900583,0.0013978185502713791
20.971,1.959556753770749,-0.010628186919134114,0.0013987541635551715
20.991,1.9595562801024553,-0.010629210114573656,0.001400722685121647
21.011,1.9595562864506513,-0.010629061667452123,0.0014008049525313093
21.031,1.959555969796146,-0.01062952743671123,0.0013994139404076844
21.051,1.9595549310437916,-0.010628967420456593,0.0014005170250733223
21.071,1.959554724320643,-0.010627383677031858,0.001399261914966532
21.091,1.9595538076009558,-0.010629671807448962,0.0013993000158104563
21.111,1.9595541498502371,-0.010627791622401912,0.001401513133422072
21.131,1.959552295163323,-0.010627661491259238,0.0013994535607081415
21.151,1.9595517895885857,-0.010628679087150844,0.0013991199373490637
21.171,1.9595521894642065,-0.010628072258582276,0.001400850543155363
21.191,1.9595508836379665,-0.01062858728523644,0.0014008570827636624
21.211,1.959550174326169,-0.010628993728433837,0.0013978888401458278
21.231,1.959549603228707,-0.010627447979335927,0.001398822606204858
21.251,1.9595491439261175,-0.010628489950236145,0.0014007920698188292
21.271,1.9595491621726386,-0.010628358375802727,0.0014008743366466514
21.291,1.9595488583284684,-0.010628842146693455,0.0013994838855865277
21.311,1.959547832713286,-0.010628299709527844,0.0014005873434027871
21.331,1.9595476381634438,-0.010626734560441834,0.001399330097398982
21.351,1.9595467345997561,-0.010629038050557416,0.0013993691327239266
21.371,1.9595470905005767,-0.010627178237306412,0.001401580730788582
21.391,1.9595452475338435,-0.010627064595513824,0.0013995212443301541
21.411,1.9595447564814523,-0.010628101170329588,0.0013991878340801345
21.431,1.9595451689537509,-0.010627511546690293,0.0014009180515781317
21.451,1.9595438750412144,-0.01062804327713577,0.001400924832492767
21.471,1.9595431804544865,-0.010628468888129048,0.0013979568386145447
21.491,1.959542619812809,-0.010626939390791908,0.0013988887371756964
21.511,1.9595421749621063,-0.01062800024666568,0.0014008591488101352
21.531,1.959542205160444,-0.010627885596608704,0.0014009414111288976
21.551,1.9595419141663029,-0.010628387383713377,0.0013995515217948284
21.571,1.9595409017858867,-0.010627862695946295,0.001400655355380448
21.591,1.9595407194871315,-0.010626316316028422,0.001399395956064503
21.611,1.9595398291762147,-0.010628635320563008,0.0013994359311536309
21.631,1.9595401988202847,-0.010626796056711782,0.0014016459971905315
21.651,1.9595383676835285,-0.010626699196562776,0.0013995865970937438
21.671,1.959537891261424,-0.010627754968235717,0.0013992534003007262
21.691,1.9595383164488576,-0.010627182847179721,0.0014009832228249197
21.711,1.9595370345313345,-0.01062773147030326,0.0014009902458549106
21.731,1.9595363547995288,-0.010628176532693628,0.001398022498972834
21.751,1.9595358046888907,-0.010626663497399654,0.0013989525159530114
21.771,1.9595353744267479,-0.010627743582089517,0.0014009238826263315
21.791,1.9595354166875323,-0.010627646136564504,0.0014010061375764327
21.811,1.9595351386807827,-0.010628166324052349,0.0013996168199881254
21.831,1.9595341396497878,-0.010627659669872318,0.0014007210195383923
21.851,1.9595339697058272,-0.010626132342825768,0.0013994594480963851
21.871,1.9595330927680277,-0.010628467113352191,0.0013995003803400075
21.891,1.95953347628644,-0.010626648806103686,0.0014017088947879397
21.911,1.9595316570509211,-0.01062656886329625,0.0013996495786270102
21.931,1.9595311953661187,-0.010627644056948389,0.0013993165958481324
21.951,1.9595316333745405,-0.010627089688919431,0.0014010460180652329
21.971,1.959530363550416,-0.010627655421454687,0.0014010532830684153
21.991,1.9595296987779112,-0.010628120213829837,0.0013980857761536625
22.011,1.9595291592885211,-0.01062662384696176,0.0013990139058204787
22.031,1.9595287437109261,-0.010627723324727268,0.0014009862304904808
22.051,1.9595287981096572,-0.01062764326088306,0.0014010684763403891
22.071,1.9595285331759245,-0.010628182006397653,0.0013996797332828381
22.091,1.9595275475780927,-0.010627693543482093,0.0014007842995691078
22.111,1.959527390081892,-0.010626185489855292,0.001399520536735005
22.131,1.959526526595967,-0.010628536148761088,0.0013995624297381548
22.151,1.959526924043515,-0.010626738852745812,0.0014017693842502676
22.171,1.9595251167921854,-0.01062667598706029,0.0013997101504839293
22.191,1.9595246699417546,-0.010627770770985603,0.0013993773825037303
22.211,1.9595251208408933,-0.010627234261588382,0.0014011063982035665
22.231,1.9595238631887522,-0.010627817252703814,0.0014011139058271727
22.251,1.959523213466802,-0.010628301884465015,0.0013981466406737808
22.271,1.9595226846537084,-0.010626822283005752,0.001399072865781975
22.291,1.9595222836184416,-0.010627940320347688,0.0014010461519750883
22.311,1.9595223498247056,-0.01062787603385906,0.001401128358899717
22.331,1.9595220971872769,-0.010628429320157291,0.0013997401656154762
22.351,1.9595211239708878,-0.010627954940374364,0.0014008449968624659
22.371,1.9595209775516729,-0.010626458834873544,0.0013995792604097335
22.391,1.9595201257477777,-0.010628819286267462,0.0013996217203949002
22.411,1.9595205352773988,-0.010627032500823794,0.0014018275892691279
22.431,1.959518737510211,-0.010626976576141083,0.001399768254288447
22.451,1.959518303176752,-0.010628078979920547,0.0013994358593711897
22.471,1.9595187637297242,-0.010627546860383946,0.0014011644233047627
22.491,1.959517515583011,-0.010628133169707954,0.0014011722428515783
22.511,1.9595168767887836,-0.010628620552158026,0.001398205309117606
22.531,1.9595163553797161,-0.010627141552008647,0.0013991296933363873
22.551,1.9595159646782665,-0.010628259524561472,0.0014011038134404408
22.571,1.9595160397974114,-0.010628197882356992,0.0014011858757595197
22.591,1.9595157960884675,-0.010628749241348913,0.0013997981837772788
22.611,1.959514832267159,-0.010628277335661337,0.0014009031706352648
22.631,1.9595146944300126,-0.010626779809826334,0.0013996358845569656
22.651,1.9595138518979849,-0.010629141607513742,0.0013996784622855307
22.671,1.9595142716993879,-0.010627354863985604,0.0014018837549634733
22.691,1.9595124816380407,-0.010627298620504225,0.001399824185975812
22.711,1.9595120586611974,-0.01062840246212464,0.0013994922490359607
22.731,1.9595125277481196,-0.01062786999609891,0.0014012203382110788
22.751,1.9595112885269013,-0.010628456413637688,0.0014012284835973055
22.771,1.9595106602025296,-0.010628944526127136,0.0013982618918063905
22.791,1.9595101461086357,-0.010627465565074164,0.0013991844203898596
22.811,1.9595097657722493,-0.010628583442444283,0.0014011593766181107
22.831,1.9595098498257126,-0.010628524452012858,0.0014012412928058604
22.851,1.9595096150719609,-0.01062907387340535,0.0013998541035485368
22.871,1.9595086606746424,-0.010628604453047898,0.001400959244732991
22.891,1.95950853145034,-0.010627105496806247,0.0013996904114466913
22.911,1.9595076982079351,-0.010629468644909254,0.001399733105337142
22.931,1.9595081283096005,-0.010627681956136906,0.0014019378217114409
22.951,1.9595063459707613,-0.01062762540777809,0.0013998780143266443
22.971,1.9595059343836796,-0.010628730690145173,0.0013995465371935134
22.991,1.9595064120237204,-0.010628197876798987,0.0014012741540121443
23.011,1.9595051817487512,-0.010628784407344133,0.0014012826238608833
23.031,1.9595045639105637,-0.010629273237483527,0.0013983163758105321
23.051,1.9595040571540863,-0.010627794337878277,0.0013992370461811399
23.071,1.9595036872036207,-0.01062891212762282,0.0014012128389718492
23.091,1.9595037802084934,-0.010628855799016314,0.0014012946090257439
23.111,1.9595035544340165,-0.010629403288393159,0.00139990792284711
23.131,1.9595026094663417,-0.010628936361200755,0.0014010132202219583
23.151,1.959502488861681,-0.010627435979696509,0.0013997428339831697
23.171,1.9595016649300794,-0.010629800479644184,0.0013997856465368108
23.191,1.959502105351175,-0.01062801385290331,0.0014019897859891273
23.211,1.9595003307453074,-0.010627956995616868,0.0013999297410467182
23.231,1.9594999305578198,-0.010629063715931517,0.001399598723689971
23.251,1.9595004167696044,-0.010628530566822062,0.00140132586870792
23.271,1.9594991954485292,-0.010629117213904478,0.001401334662687631
23.291,1.9598058683830475,-0.010466513015054066,0.0014048226100195071
23.311,1.9604765891953324,-0.01011459949393246,0.0014086663417283707
23.331,1.9615057507712197,-0.00957733161991442,0.0013940999249819064
23.351,1.9629180474306294,-0.008855298047016173,0.0013562763791357957
23.371,1.9646833223183071,-0.007950023871932915,0.00126935841766751
23.391,1.9667855265282257,-0.006875323836426424,0.0010964617824797962
23.411,1.9692389378579678,-0.0055904806150746285,0.0008718233480781157
23.431,1.9720887420880993,-0.004130794866073484,0.0009163750782639757
23.451,1.975249285503973,-0.002541756313336748,0.0012177095415216166
23.471,1.9788085912597515,-0.0007006312697629344,0.0014167807780696984
23.491,1.982741432256071,0.0013249902514600835,0.001447060177443421
23.511,1.9869703142964596,0.003500144107335231,0.0012144394462856034
23.531,1.9915384079000373,0.005937704679635992,0.0009851375354215097
23.551,1.9966407413368121,0.00848161841554235,0.001443070223228149
23.571,2.001825336427818,0.01113951741055866,0.0016337320867405858
23.591,2.0069061647041986,0.013806176453744353,0.0013040417971997287
23.611,2.0126469504474125,0.01675541343976468,0.0010736830016059573
23.631,2.0191994086935834,0.020003911455769054,0.0015482687401800754
23.651,2.0256252126205423,0.023316248327019597,0.001597418300446768
23.671,2.0314405578907526,0.026384949114928776,0.0010599956658623455
23.691,2.0388445681636393,0.030003632547212992,0.0017471375062118322
23.711,2.0460439578897347,0.033508694193967646,0.0016303948864919149
23.731,2.052597234849412,0.03681617993381304,0.0014018691034925201
23.751,2.060536988901608,0.04058166619627693,0.001703252250724846
23.771,2.068038752117764,0.04408673747119218,0.0016613469519827229
23.791,2.075908096919033,0.047853797472342835,0.0014268746154357526
23.811,2.0843833189286194,0.05164181026741381,0.001556591193169421
23.831,2.092860189333274,0.055588984306104025,0.0016721561683075425
23.851,2.1012498356278986,0.05921743467906736,0.0014493243024471247
23.871,2.109591467141638,0.06279449453376519,0.001601476937041546
23.891,2.1190183541097873,0.06664692425570451,0.0014151706653893203
23.911,2.128463876992359,0.07058596681522684,0.0015806688172288474
23.931,2.138039252030743,0.07423928100805378,0.0014043508874257704
23.951,2.148291271401583,0.07818989639957599,0.0014385091485919488
23.971,2.157945735670713,0.08175530655036585,0.0009252660496595344
23.991,2.168258398561933,0.08523889362115175,0.0015021686338144713
24.011,2.179163708137098,0.08893709340496557,0.0013895951366093007
24.031,2.1903058693766395,0.09241978920056476,0.0010913863727579076
24.051,2.2020254887430686,0.0959110937180048,0.0011803707881407888
24.071,2.213577068757917,0.09920027108959811,0.0010438632392130165
24.091,2.225874248726692,0.10230053805792488,0.0012387193472399027
24.111,2.237934833437232,0.10522478057963301,0.0012578360847903536
24.131,2.2495840705395396,0.10811221644440877,0.0011306993277352961
24.151,2.2625959565952263,0.11049600843425221,0.0012579313921302904
24.171,2.2753931409373056,0.11289031038484214,0.0009412813483229143
24.191,2.2886193693986248,0.11491847857267214,0.00126023127852401
24.211,2.3027852859584566,0.11666900300265984,0.0011818491780989648
24.231,2.316428837860369,0.11810946136092997,0.0011254159840351496
24.251,2.330061521729708,0.11946204978831894,0.0008823107070427549
24.271,2.34390562074704,0.12041156724610304,0.0013635933191954441
24.291,2.3588065416122364,0.12102755152445267,0.0009072158042838507
24.311,2.3731340553834173,0.12143868300334401,0.0013107502146542938
24.331,2.386983627922968,0.12165991511433795,0.0011372910665693459
24.351,2.4010777145648863,0.12166294321221002,0.001320213090220096
24.371,2.4149651244081487,0.12162503659400442,0.0007654519254241821
24.391,2.4287131427813735,0.12137346697378046,0.001227079075415416
24.411,2.4429275762165505,0.12094718859171405,0.0012578134082954218
24.431,2.457558515742719,0.12022089052543637,0.0014414799426523128
24.451,2.4711005509922046,0.11937911220291457,0.0014693323256976532
24.471,2.4857878185952247,0.11860377803097427,0.0007823887686391751
24.491,2.500249824655289,0.11787486201382048,0.001414646042483092
24.511,2.514882648435649,0.11706219471727929,0.001312480421816531
24.531,2.528659693832124,0.11652727516804359,0.00137302333107725
24.551,2.5422414391358092,0.1157259891064098,0.001422023756792623
24.571,2.5553610406410807,0.11542186921751621,0.001592925719089533
24.591,2.56863593636313,0.11507550519881801,0.001061885451699135
24.611,2.5817637824284243,0.11499878269069924,0.001390175066981414
24.631,2.5951961465997684,0.1148455571005288,0.0013138024301485862
24.651,2.608528512971802,0.11514902201356585,0.0015872908686080378
24.671,2.6215194904250154,0.11533267593296971,0.0015953885445379734
24.691,2.6340733813282107,0.11576068018026117,0.001457088447978594
24.711,2.6466329759936746,0.11663765901841325,0.001709960270572214
24.731,2.6586364383428234,0.11787694182043193,0.0011225367447829926
24.751,2.6704150298692633,0.11932492208316893,0.0015602989390895161
24.771,2.6819219117097477,0.12098355612027994,0.0015358140640717166
24.791,2.692980294933537,0.12292680944686947,0.0006509209297284324
24.811,2.7040408178971154,0.12516798833476517,0.0013678906750295983
24.831,2.7151902507292363,0.12755282869179985,0.0014670521563018846
24.851,2.725147743388795,0.12973554856917643,0.0014077477056616827
24.871,2.7347391787956146,0.13224833521864693,0.0012509058243910243
24.891,2.745801259453395,0.13562155878138193,0.0008572668050211563
24.911,2.7568061199693816,0.13881163236453728,0.001139381403595291
24.931,2.768248740657733,0.14255148307147822,0.0012907568190364538
24.951,2.779371522489926,0.14607887613058712,0.0009962942042622824
24.971,2.7910139529562743,0.1502603122556239,0.0012822938790168215
24.991,2.8027958893719562,0.15467800576400947,0.0008836526308174386
25.011,2.814704916615185,0.1593477552249851,0.0012959001331433462
25.031,2.8268643055869442,0.16454796361349416,0.0011450540845074353
25.051,2.838673540673076,0.16940530536008744,0.0007723099219658913
25.071,2.851093926021778,0.17483558467409363,0.0009041043375198343
25.091,2.8634001142384906,0.18056211817800355,0.0010269194678855231
25.111,2.8756230901982347,0.1868110503137861,0.0013037333487671277
25.131,2.887613452107269,0.19273133360464184,0.0009257898050276658
25.151,2.8997028867178742,0.1991784977664022,0.0011468308901136925
25.171,2.9121895498322115,0.20666395315097338,0.0014553810557330071
25.191,2.923853670446912,0.21357824252882737,0.0011783700986247592
25.211,2.935799997995511,0.2215419286004434,0.0011419333925808406
25.231,2.94756142872436,0.22948223008293778,0.0010393540991375239
25.251,2.959396799112483,0.23809317846319528,0.0014983021616959136
25.271,2.97019012529934,0.2458746333066428,0.0012658140531530415
25.291,2.980697680115225,0.2543290424865724,0.0009101491255466276
25.311,2.991123982588443,0.2630072516456711,0.0015143907225908804
25.331,3.001218105475796,0.27222403306495063,0.0012902437892767238
25.351,3.0107283003880414,0.2802508923220747,0.0012440870413784333
25.371,3.019712645109439,0.28876150649536086,0.0016814502604529658
25.391,3.028016850148008,0.29702090477312937,0.00098129464132235
25.411,3.0360909097964868,0.30527258561301746,0.001710726069635543
25.431,3.043797744047706,0.31363059162478485,0.0012834489028352158
25.451,3.0511944360045953,0.32151497590600886,0.0012363039465179415
25.471,3.0578765098513747,0.32918347233772705,0.0015036113191789768
25.491,3.064171056168502,0.33640182867018015,0.0014849646203125288
25.511,3.0698763293239604,0.3433184899090378,0.0010488063492344324
25.531,3.075622146066585,0.35052227611259534,0.0014727381951436247
25.551,3.0809523605464775,0.35728280259530476,0.0014571622223257252
25.571,3.0858284786853956,0.36371951754107607,0.0012482984166638789
25.591,3.090316621180891,0.37040409286430587,0.0008601495762001476
25.611,3.094545453836302,0.376233386255867,0.0014548694944294394
25.631,3.0982140936490894,0.381774259351666,0.0014145014090482522
25.651,3.101725839829637,0.3870374471043078,0.0013857375601230848
25.671,3.1051260546400976,0.39234201070333186,0.0013036651249340447
25.691,3.1080115335133374,0.39738962389700994,0.0009504974008133771
25.711,3.110771298018504,0.4018845271571672,0.001087096919553332
25.731,3.1133221175234063,0.4061757300156475,0.001281350553004601
25.751,3.1154908529484873,0.4100733640530721,0.0012679892141560511
25.771,3.117208672126021,0.4133769168037811,0.0010143936828109212
25.791,3.119050860621371,0.4166420035970337,0.0012939415073904559
25.811,3.120447705365024,0.41952146919751665,0.001390046929181099
25.831,3.1215639238294526,0.4220028582750258,0.0013486055587030032
25.851,3.122431741439783,0.4241459310733311,0.0011573064398176236
25.871,3.123254054323217,0.4260002291732739,0.0011061533921553346
25.891,3.123935366851852,0.4276802966234252,0.0012889887778358144
25.911,3.124414620797692,0.42911245638397655,0.0013622544547148008
25.931,3.124828451278968,0.4304217644614583,0.0013257699263950207
25.951,3.1251315805573294,0.4315584572776911,0.0011569869323818371
25.971,3.1252975743109004,0.4325027106447697,0.0008554937508164773
25.991,3.1257066725974214,0.4333103189757453,0.000981353160176085
26.011,3.125945193044277,0.43400549163965096,0.0009694213621116998
26.031,3.126170953336099,0.43507473327206847,0.001003462668629329
26.051,3.1262756577930655,0.4360825653925791,0.001042813980125068
26.071,3.126322931968211,0.43695324834547333,0.0010150934984833049
26.091,3.1263850210998547,0.43776250801376154,0.0009410275780366295
26.111,3.1264755283839682,0.4386324758751817,0.0008324326798098136
26.131,3.126716052415358,0.439851523413652,0.0008481258807880865
26.151,3.126990142809272,0.4414329280751278,0.0009522808618338818
26.171,3.1273190921086966,0.44341704425558104,0.0009976841761584754
26.191,3.12771711692846,0.4458786047791065,0.0009710613687522185
26.211,3.128233332265008,0.4487296435996348,0.0009783858560170333
26.231,3.1286699026744604,0.451234115041697,0.0009680601317651194
26.251,3.1289749670768567,0.453290900946963,0.0008779092150138779
26.271,3.1292743522190416,0.4549894986904116,0.0008591521423187698
26.291,3.1294819260150275,0.4562601539955941,0.0009923626609114333
26.311,3.1296386790909962,0.45720823305133573,0.001071506662320837
26.331,3.129749931321058,0.4579612505920146,0.001111144780893275
26.351,3.12982783472918,0.45851880367785347,0.00114279497546807
26.371,3.129870484620399,0.45886895413336204,0.0011592505591161983
26.391,3.129894050348902,0.459061813870281,0.00116341244973725
26.411,3.1298956707893466,0.4590736549509119,0.0011637291299546049
26.431,3.129894951138655,0.4590781807832506,0.0011643225217623232
26.451,3.129894323646429,0.45908043464902887,0.0011646708613334555
26.471,3.129893131071881,0.45908320311754836,0.0011646392263780503
26.491,3.129893097820036,0.45908556344613144,0.001162698355641617
26.511,3.129891021174502,0.45908911407337477,0.0011647806064025712
26.531,3.1298905582851817,0.4590923875147423,0.0011645911529094555
26.551,3.129889934042111,0.45909464527438354,0.0011649213749878318
26.571,3.1298887448684694,0.4590974141684632,0.0011648896333270597
26.591,3.1298887113097433,0.4590997745828887,0.0011629485984313015
26.611,3.1298866350051195,0.45910332592760683,0.0011650308863345726
26.631,3.1298861726505907,0.4591066001392946,0.0011648414184191325
26.651,3.129885548886163,0.45910885842119725,0.0011651715728740464
26.671,3.129884360035109,0.459111628103221,0.0011651398206626584
26.691,3.1298843261724465,0.45911398860095365,0.0011631986341085754
26.711,3.129882250206348,0.4591175406642139,0.0011652809594379365
26.731,3.1298817883854815,0.4591208156447655,0.0011650914778943422
26.751,3.129881165101333,0.45912307445087086,0.0011654215638362553
26.771,3.129879976576577,0.45912584492167124,0.0011653898024957254
26.791,3.1298799424115957,0.45912820550234706,0.0011634484640784537
26.811,3.1298778667841956,0.45913175828598035,0.001165530825677552
26.831,3.1298774054978145,0.45913503404107675,0.001165341329810804
26.851,3.129876782686916,0.459137293371883,0.0011656713478715997
26.871,3.129875594488789,0.45914006462810253,0.0011656395762976446
26.891,3.1298755600200856,0.4591424252897589,0.0011636980865669666
26.911,3.1298734847360996,0.45914597879068864,0.0011657804847421682
26.931,3.1298730239844113,0.45914925531596923,0.0011655909739491932
26.951,3.1298724016510127,0.4591515151708563,0.0011659209245689084
26.971,3.1298712137773634,0.45915428721792495,0.0011658891426914175
26.991,3.129871179006813,0.45915664796115147,0.0011639475010471467
27.011,3.1298691040598636,0.45916020218252496,0.0011660299363030757
27.031,3.129868643844791,0.45916347947878666,0.0011658404117034227
27.051,3.129868021988546,0.4591657398579751,0.0011661702938565166
27.071,3.129866834439276,0.4591685126951004,0.0011661385018817139
27.091,3.1298667993650486,0.4591708735196729,0.001164196708915377
27.111,3.1298647247631974,0.4591744284605678,0.0011662791806246742
27.131,3.1298642650805957,0.45917770652696754,0.0011660896417145794
27.151,3.1298636437038265,0.4591799674304943,0.0011664194557040874
27.171,3.129862456480858,0.45918274105503587,0.0011663876536399664
27.191,3.129862421103148,0.45918510195991336,0.0011644457089469151
27.211,3.1298603468400996,0.4591886576222689,0.0011665282171720859
27.231,3.129859887690525,0.45919193646334566,0.001166338665074984
27.251,3.1298592667911236,0.4591941978924473,0.0011666684097904334
27.271,3.129858079898089,0.4591969723046672,0.001166636598012194
27.291,3.1298580442189965,0.45919933329045515,0.0011646945013782939
27.311,3.1298559702987196,0.4592028896704491,0.0011667770458385907
27.331,3.1298555116869258,0.4592061692809748,0.0011665874789873465
27.351,3.1298548912638084,0.4592084312346425,0.0011669171557660285
27.371,3.129853704691068,0.4592112064382705,0.0011668853331749385
27.391,3.129853668707982,0.4592135675022811,0.0011649430856842946
27.411,3.1298515951306722,0.4592171246063225,0.0011670256665609613
27.431,3.129851137054726,0.45922040499036704,0.0011668360853773763
27.451,3.1298505171118713,0.4592226674691491,0.0011671656939550856
27.471,3.1298493308637427,0.4592254434624933,0.0011671338611278226
27.491,3.1298492945787406,0.45922780460703316,0.0011651914617969161
27.511,3.129847221343835,0.45923136243151963,0.001167274079256847
27.531,3.12984676379995,0.45923464358823485,0.0011670844841108474
27.551,3.129846144338281,0.45923690659285354,0.0011674140238822905
27.571,3.1298449584178716,0.4592396833766166,0.0011673821809244644
27.591,3.129844921828892,0.4592420446039873,0.0011654396292442026
27.611,3.129842848935181,0.4592456031472559,0.0011675222835865195
27.631,3.1298423919274976,0.4592488850760469,0.0011673326736900413
27.651,3.1298417729447228,0.4592511486047878,0.0011676621454413394
27.671,3.129840587349626,0.4592539261813223,0.0011676302919413906
27.691,3.129840550457826,0.4592562874887609,0.0011656875894047736
27.711,3.129838477907038,0.4592598467539427,0.0011677702794120892
27.731,3.1298380214373935,0.4592631294560843,0.0011675806553065604
27.751,3.129837402931158,0.45926539350937967,0.0011679100585193225
27.771,3.1298362176688905,0.4592681718738342,0.0011678781944806649
27.791,3.1298361804684416,0.4592705332596957,0.0011659353398494332
27.811,3.1298341082585766,0.4592740932455402,0.0011680180666802653
27.831,3.1298336523232195,0.4592773767212155,0.001167828428343981
27.851,3.129833034299756,0.4592796413010459,0.001168157763381833
27.871,3.1298318493745616,0.45928242045372936,0.0011681258880832934
27.891,3.1298318118556843,0.4592847819169716,0.0011661828812849773
27.911,3.1298297399916346,0.45928834262097734,0.0011682656452549067
27.931,3.1298292845967954,0.45929162686676933,0.001168075991696993
27.951,3.129828667056971,0.45929389197255677,0.0011684052597296934
27.971,3.129827482469766,0.45929667191457235,0.0011683733724771883
27.991,3.1298274446342393,0.45929903345820233,0.0011664302143137573
28.011,3.1298253731143535,0.4593025948842163,0.0011685130149989842
28.031,3.12982491826322,0.4593058799020972,0.0011683233474097388
28.051,3.1298243012103018,0.4593081455345507,0.0011686525486516997
28.071,3.1298231169572253,0.4593109262635857,0.0011686206477329597
28.091,3.1298230788138794,0.4593132878847645,0.0011666773394936603
28.111,3.1298210076468083,0.4593168500337559,0.0011687601761714295
28.131,3.129820553343974,0.4593201358230582,0.0011685704933383223
28.151,3.1298199367829,0.4593224019784968,0.0011688996290957765
28.171,3.1298187528723376,0.4593251834960935,0.0011688677144024995
28.191,3.1298187144174148,0.45932754519587093,0.0011669242551008707
28.211,3.1298166436071932,0.4593311080671491,0.001169007128362931
28.231,3.1298161898554118,0.4593343946297145,0.0011688174315225286
28.251,3.1298155737867286,0.4593366613132627,0.0011691465006131996
28.271,3.129814390213768,0.4593394436225996,0.0011691145730933217
28.291,3.1298143514528416,0.45934180539949654,0.0011671709616447035
28.311,3.1298122809920845,0.4593453689926713,0.0011692538715075695
28.331,3.129811827791296,0.459348656331076,0.0011690641593932738
28.351,3.129811212217552,0.4593509235390318,0.001169393162991944
28.371,3.1298100289797564,0.45935370663823805,0.0011693612208240334
28.391,3.1298099899105885,0.4593560684961125,0.0011674174590361464
28.411,3.1298079198008923,0.45935963281456227,0.0011695004056359593
28.431,3.129807467148232,0.45936292092643727,0.001169310678831914
28.451,3.1298068520663316,0.45936518866162557,0.0011696396162880485
28.471,3.1298056691707137,0.4593679725527178,0.0011696076609289119
28.491,3.12980562979515,0.4593703344852856,0.0011676637475781237
28.511,3.1298035600388054,0.4593738995265278,0.0011697467303760922
28.531,3.1298031079355098,0.45937718841116815,0.0011695569889641488
28.551,3.1298024933493886,0.4593794566728084,0.001169885860031722
28.571,3.129801310789206,0.45938224135392236,0.0011698538908403167
28.591,3.129801271105959,0.4593846033655384,0.0011679098258157994
28.611,3.129799201705273,0.45938816913266195,0.001169992845551443
28.631,3.129798750152315,0.45939145879142823,0.0011698030895962719
28.651,3.1297981360638123,0.45939372757955244,0.0011701318941690075
28.671,3.1297969538423946,0.45939651305188817,0.0011700999110935417
28.691,3.1297969138495896,0.45939887514115135,0.0011681556941264826
28.711,3.129794844799041,0.4594024416304644,0.0011702387509314183
28.731,3.1297943937956987,0.45940573206306556,0.0011700489806406311
28.751,3.1297937801994125,0.45940800137958615,0.0011703777181223673
28.771,3.1297925983181463,0.45941078764232407,0.0011703457213040058
28.791,3.129792558017903,0.4594131498103133,0.0011684013536757965
28.811,3.1297904893168433,0.45941671702469977,0.001170484446477521
28.831,3.129790038868048,0.4594200082329064,0.001170294660524318
28.851,3.1297894257651766,0.4594222780750977,0.0011706233323285353
28.871,3.129788244221952,0.4594250651303657,0.0011705913213561625
28.891,3.1297882036132303,0.4594274273783089,0.001168646802089085
28.911,3.1297861352686565,0.4594309953164288,0.0011707299321612186
28.931,3.1297856853702606,0.45943428729932123,0.0011705401311291053
28.951,3.129785072763658,0.4594365576686433,0.0011708687364314352
28.971,3.1297838915660727,0.45943934551454424,0.0011708367120732421
28.991,3.1297838506484004,0.4594417078395732,0.0011688920414477943
29.011,3.1297817826562317,0.4594452765036569,0.0011709752076078384
29.031,3.1297813333101203,0.45944856926043165,0.0011707853917891364
29.051,3.129780721200896,0.4594508401571685,0.0011711139301927298
29.071,3.129779540339714,0.45945362879444485,0.001171081893088205
29.091,3.1297794991142283,0.4594559911966654,0.001169137069685966
29.111,3.129777431477575,0.45945956058819964,0.0011712202727919008
29.131,3.1297769826834303,0.45946285412173843,0.001171030441960319
29.151,3.1297763710700877,0.4594651255457472,0.0011713589136983782
29.171,3.129775190551034,0.4594679149729357,0.0011713268627008
29.191,3.1297751490175014,0.45947027745385477,0.0011693818876813145
29.211,3.1297730817349847,0.45947384756780574,0.001171465127348087
29.231,3.129772633495278,0.4594771418752748,0.0011712752813975158
29.251,3.1297720223753207,0.45947941382741436,0.0011716036864127533
29.271,3.12977084219533,0.45948220404841045,0.0011715716224590111
29.291,3.129770800354611,0.45948456660881165,0.0011696264950850632
29.311,3.129768733424483,0.4594881374507036,0.0011717097713016544
29.331,3.129768285735218,0.45949143253525776,0.0011715199103561613
29.351,3.1297676751145627,0.4594937050170071,0.0011718482486676174
29.371,3.129766495275194,0.45949649603177,0.0011718161700560448
29.391,3.129766453124212,0.4594988586697819,0.0011698708909259892
29.411,3.129764386550033,0.4595024302358858,0.0011719542044362485
29.431,3.129763939414174,0.4595057260975531,0.0011717643280551027
29.451,3.129763329291712,0.45950799910728185,0.0011720925998990883
29.471,3.1297621497956576,0.4595107909144884,0.0011720605078918978
29.491,3.1297621073371498,0.45951315362915496,0.001170115076927214
29.511,3.1297600411158903,0.459516725923455,0.0011721984265258278
29.531,3.129759594532349,0.45952002256261026,0.0011720085364172184
29.551,3.129758984905187,0.4595222961023291,0.0011723367400979234
29.571,3.129757805747603,0.45952508870451847,0.0011723046336197807
29.591,3.1297577629791116,0.4595274515009891,0.0011703590504474337
29.611,3.1297556971118734,0.4595310245198995,0.0011724424376672593
29.631,3.129755251080964,0.4595343219352316,0.0011722525321156974
29.651,3.1297546419478985,0.459536596003579,0.001172580669023815
29.671,3.1297534631356156,0.45953938939867034,0.001172548550347291
29.691,3.129753420059361,0.45954175227371563,0.0011706028133932345
29.711,3.129751354546183,0.4595453260199473,0.0011726862373507563
29.731,3.1297509090722615,0.4595486242150022,0.0011724963162944857
29.751,3.1297503004385443,0.45955089881205974,0.0011728243867399901
29.771,3.129749121962551,0.4595536930019042,0.0011727922528577406
29.791,3.129749078578807,0.45955605595602983,0.0011708463652256307
29.811,3.1297470134191343,0.4595596304263013,0.00117292982561909
29.831,3.129746568496063,0.45956292939766585,0.001172739890007518
29.851,3.129745960357441,0.45956520452496763,0.0011730678927038551
29.871,3.129744782227528,0.45956799950612487,0.001173035745121065
29.891,3.129744738534155,0.45957036253332006,0.0011710897047981228
29.911,3.129742673734323,0.45957393773616656,0.0011731732021266483
29.931,3.129742229364404,0.4595772374857757,0.001172983251668508
29.951,3.1297416217222938,0.4595795131426054,0.0011733111870510793
29.971,3.129740443934163,0.45958230892073,0.0011732790257266146
29.991,3.1297403999319307,0.4595846720302745,0.0011713328316689253
30.011,3.1297383354834345,0.4595882479593916,0.0011734163669545605
30.031,3.129737891671712,0.45959154848509914,0.001173226401408184
30.051,3.129737284528017,0.4595938246714288,0.0011735542695556767
30.071,3.129736107080415,0.4595966212437927,0.0011735220942112878
30.091,3.1297360627698056,0.4595989844295115,0.0011715757483444778
30.111,3.1297339986793964,0.45960256108525116,0.0011736593197323453
30.131,3.1297335554196177,0.45960586238999346,0.0011734693384336525
30.151,3.1297329487780066,0.45960813910507525,0.0011737971399785052
30.171,3.1297317716756456,0.4596109364709079,0.0011737649507924108
30.191,3.129731727055325,0.4596132997376724,0.0011718184518877683
30.211,3.129729663320199,0.4596168771218765,0.0011739020603612205
30.231,3.1297292206174228,0.4596201792061755,0.0011737120631376274
30.251,3.1297286144730223,0.4596224564500623,0.0011740397982119843
30.271,3.1297274377148625,0.45962525461177084,0.0011740075956322704
30.291,3.1297273927864406,0.459627617954696,0.001172060943696207
30.311,3.1297253294069525,0.45963119606925806,0.001174144588803383
30.331,3.129724887259784,0.459634498930289,0.001173954576375702
30.351,3.1297242816155064,0.4596367767045888,0.0011742822440496126
30.371,3.1297231052005183,0.4596395756591803,0.001174250026942436
30.391,3.1297230599624264,0.45964193908055395,0.0011723032224384422
30.411,3.129720996938437,0.45964551792166075,0.001174386904638891
30.431,3.129720555343007,0.4596488215649753,0.0011741968774625078
30.451,3.129719950193999,0.4596510998709487,0.0011745244772369268
30.471,3.1297187741198558,0.45965389962282033,0.00117449224581459
30.491,3.129718728574306,0.45965626312371277,0.0011725452891820087
30.511,3.129716665905069,0.4596598426935723,0.0011746290079952537
30.531,3.129716224867203,0.4596631471174906,0.0011744389653847997
30.551,3.129715620218426,0.4596654259546865,0.0011747664979888939
30.571,3.1297144444882004,0.4596682265009277,0.001174734252140569
30.591,3.1297143986334337,0.45967059008067834,0.0011727871425449843
30.611,3.129712336322984,0.45967417037748165,0.0011748708985620249
30.631,3.129711895841196,0.45967747557821137,0.0011746808406763454
30.651,3.129711291687611,0.4596797549455155,0.001175008305767583
30.671,3.129710116306189,0.45968255628753707,0.0011749760458020786
30.691,3.129710070140577,0.45968491994671756,0.0011730287835014785
30.711,3.129708008186113,0.4596885009732284,0.0011751125760422199
30.731,3.129707568264013,0.45969180695583256,0.0011749225015730835
30.751,3.129706964613196,0.45969408685346846,0.0011752499006981998
30.771,3.1297057895744835,0.4596968889928339,0.0011752176268164383
30.791,3.12970574310124,0.4596992527339496,0.0011732702109387427
30.811,3.1297036814987393,0.4597028344885732,0.0011753540407243301
30.831,3.129703242131458,0.4597061412492389,0.0011751639516009993
30.851,3.1297026389823595,0.45970842168042453,0.0011754912827652009
30.871,3.1297014642902523,0.4597112246158665,0.0011754589946514626
30.891,3.129701417511899,0.4597135884333682,0.0011735114253710321
30.911,3.1296993562753572,0.45971717091774345,0.0011755952922510304
30.931,3.129698917472086,0.4597204784614227,0.0011754051881807115
30.951,3.1296983148305024,0.4597227594243546,0.001175732452614986
30.971,3.1296971404858205,0.45972556315773755,0.001175700149414427
30.991,3.12969709340422,0.4597279270551157,0.0011737524272791844
31.011,3.129695032532867,0.45973151027152304,0.001175836330892549
31.031,3.1296945942929355,0.45973481859816157,0.001175646211225262
31.051,3.129693992158628,0.4597371000915075,0.0011759734093627072
31.071,3.129692818154723,0.4597399046241796,0.001175941089974264
31.091,3.129692770770817,0.4597422686021194,0.0011739932149860965
31.111,3.12969071026257,0.4597458525495106,0.0011760771561468153
31.131,3.129690272587492,0.45974916165755647,0.001175887020552574
31.151,3.129689670962025,0.4597514436822407,0.0011762141528454118
31.171,3.129688497305817,0.45975424901224876,0.0011761818177813133
31.191,3.1296884496204536,0.45975661307051985,0.001174233789624446
31.211,3.1296863894773397,0.4597601977495262,0.0011763177679794956
31.231,3.1296859523684364,0.45976350764041307,0.0011761276168182622
31.251,3.1296853512488574,0.45976579019494884,0.0011764546827589262
31.271,3.1296841779368716,0.45976859632310546,0.0011764223314988942
31.291,3.129684129948262,0.4597709604584088,0.0011744741507137002
31.311,3.1296820701719392,0.4597745458711842,0.0011765581662574465
31.331,3.1296816336288273,0.45977785654696024,0.0011763679998941512
31.351,3.1296810330163374,0.459780139633078,0.0011766949990329734
31.371,3.129679860050786,0.45978294656194707,0.001176662632933756
31.391,3.129679811760024,0.45978531078040624,0.0011747142988153825
31.411,3.1296777523495694,0.45978889692467206,0.0011767983509051172
31.431,3.1296773163726797,0.4597922083825583,0.001176608167777926
31.451,3.1296767162693886,0.4597944920006724,0.001176935101449006
31.471,3.1296755436484656,0.45979729972744166,0.0011769027202330196
31.491,3.129675495056086,0.45979966402620837,0.0011749542322285478
31.511,3.1296734360082437,0.45980325090309493,0.0011770383216136715
31.531,3.129673000596981,0.45980656314715024,0.0011768481232427574
31.551,3.129672401001684,0.4598088472953195,0.0011771749897095118
31.571,3.1296712287279718,0.45981165581569433,0.0011771425928913115
31.591,3.1296711798338017,0.4598140201954928,0.0011751939517459231
31.611,3.1296691211490164,0.45981760779652764,0.0011772780780610892
31.631,3.129668686302146,0.45982092081257026,0.0011770878636881421
31.651,3.1296680872195655,0.4598232054816266,0.0011774146630696147
31.671,3.129666915290771,0.45982601478846274,0.0011773822494771935
31.691,3.1296668660957065,0.45982837924771647,0.0011754334567496694
31.711,3.129664807781285,0.45983196757121125,0.001177517619469104
31.731,3.1296643735051406,0.4598352813571221,0.0011773273883713409
31.751,3.1296637749285656,0.45983756654508723,0.001177654120890298
31.771,3.1296626033495665,0.4598403766365703,0.001177621690974101
31.791,3.1296625538518064,0.45984274117982415,0.0011756727450406845
31.811,3.1296604959028373,0.4598463302244692,0.0011777569455195536
31.831,3.129660062193434,0.45984964478411583,0.0011775666985312239
31.851,3.1296594641237307,0.45985193048954426,0.0011778933633704858
31.871,3.1296582928902197,0.4598547413702291,0.0011778609173074828
31.891,3.129658243090798,0.4598571059976257,0.0011759118186568107
31.911,3.129656185508949,0.45986069576264293,0.0011779960561255909
31.931,3.129655752365189,0.4598640110934381,0.0011778057933266306
31.951,3.1296551548073257,0.45986629732094503,0.0011781323903665708
31.971,3.1296539839217097,0.4598691089868535,0.0011780999282529347
31.991,3.129653933821241,0.45987147369585835,0.0011761506770116836
32.011,3.1296518766055605,0.4598750641827806,0.0011782349510331969
32.031,3.12965144403147,0.4598783802848097,0.00117804467098917
32.051,3.1296508469831017,0.45988066702982866,0.0011783712015488168
32.071,3.1296496764465127,0.45988347948215685,0.0011783387227583542
32.091,3.1296496260450724,0.45988584426999224,0.0011763893189238872
32.111,3.129692955514102,0.4602408224142521,0.0011990299400846949
32.131,3.1297801393612352,0.4609807009820405,0.0012342914377752867
32.151,3.129915989907837,0.46209448147540433,0.0012751052375779282
32.171,3.1301090987247733,0.4636379417813187,0.0013029517346786479
32.191,3.1303555196204838,0.46559045445701885,0.0012986979303017676
32.211,3.1306562366980977,0.4679407557297066,0.0012319593081809854
32.231,3.1309911162263204,0.47064669097668466,0.0010649639578562131
32.251,3.131426584840257,0.4737799221818321,0.0008401758832172479
32.271,3.1318863364828453,0.4772976110509344,0.0008092537907379294
32.291,3.1323567359326567,0.4812442127824441,0.0010889134466730566
32.311,3.132855619274135,0.48541979397471524,0.0012945741900862728
32.331,3.1334742723412994,0.4901934021921234,0.0012651022570807635
32.351,3.134144969417469,0.49532943291916315,0.0009324798530522538
32.371,3.1349559829056273,0.5008909143361028,0.0008451630885869532
32.391,3.1356076266780053,0.5067781974694866,0.0013138784391940883
32.411,3.1363554291764273,0.5126638552537496,0.0012933033248148096
32.431,3.1372166918515934,0.5192764865783561,0.0008069607434556814
32.451,3.1381940924892566,0.5264857538851104,0.0011551496397911587
32.471,3.139120430366071,0.5339936261381253,0.0014862506717875368
32.491,3.1398834857129314,0.5407285146910309,0.0010428843154482725
32.511,3.1409573438640566,0.5484589444350274,0.0011480279798975201
32.531,3.141974461419435,0.5573097079987737,0.0017308639957219485
32.551,3.1425966150386304,0.5647882797199018,0.0008990942181350547
32.571,3.143691409968978,0.5735343933679745,0.0014367093059112768
32.591,3.144925865015775,0.5834754713801744,0.0011525888362720893
32.611,3.146224738377259,0.5931854025398026,0.0014182139281667672
32.631,3.1474291054376615,0.6037354103324364,0.0015658188583944077
32.651,3.1484664120265298,0.6135408738637728,0.001086604737240482
32.671,3.1497854834941474,0.6247104936158503,0.001328208565495148
32.691,3.1514221943661265,0.636187675547399,0.0012723181332176814
32.711,3.152834342184519,0.6479587584422519,0.0015142886753294338
32.731,3.153926529225878,0.6587548153932933,0.0010920278373593995
32.751,3.1555631780481734,0.6709935595206967,0.001289844320763539
32.771,3.1572988960930277,0.6830495597770009,0.0011437740304663935
32.791,3.159298825462128,0.6955654938690091,0.0014363886608027288
32.811,3.1610782785982368,0.7074326069917173,0.0012182823983231672
32.831,3.163383081381228,0.7200308939555676,0.0012826895658441528
32.851,3.1655872578876854,0.7327362015806167,0.001273877481479252
32.871,3.1681452883730223,0.7457390446695124,0.0014369426256617412
32.891,3.170737100562638,0.7591140551097783,0.0009256764535829909
32.911,3.173700279307354,0.7730865912090376,0.0011659756197091586
32.931,3.1766502415559126,0.7874007843093362,0.0012210495256065879
32.951,3.1801570460541697,0.8013836210218452,0.0014828471210530936
32.971000000000004,3.183586091436198,0.8149439542149353,0.0011159425146085589
32.991,3.1873238974898266,0.8297845109425018,0.0013369635287856785
33.011,3.1909831588167807,0.8442432720384344,0.0014980480412838948
33.031,3.195768089535155,0.8594733913001467,0.0011273531869151199
33.051,3.2007469938429916,0.8748144589242774,0.0013541754889045132
33.071,3.205625728936078,0.8901469075395277,0.001312336274928022
33.091,3.210964362579842,0.9055264212790879,0.0013640891131263544
33.111,3.2170069395447434,0.9217251190947077,0.0015839541322083817
33.131,3.2234876524178566,0.9376057462100836,0.0017521847091839515
33.151,3.229801969935437,0.9525916822993816,0.0015063815595143526
33.171,3.236548611478419,0.9687189547612726,0.001342011748163896
33.191,3.2443123504661986,0.9851343943582326,0.0016879172827340416
33.211,3.2518684969622287,1.0002802832792552,0.0012589718665584892
33.231,3.260026014739115,1.016504511747197,0.0012076988828131074
33.251,3.268875989127688,1.0329500969993026,0.0017276484083121046
33.271,3.277812591810597,1.0481692665599254,0.0013107675766019233
33.291,3.2876603422642394,1.0642503749620262,0.0012173137077379215
33.311,3.29786477595042,1.0805231705765126,0.0012582578693161595
33.331,3.3084759450148,1.0960510476700842,0.0010519249605954462
33.351,3.3202548697776813,1.1118560414766745,0.0009883704209010524
33.371,3.3328198787807253,1.127569351998702,0.001332021167391062
33.391,3.3453191764618264,1.1426070346223918,0.0013771993216715461
33.411,3.358462576807486,1.1576499036780075,0.0010672105938001608
33.431,3.3723401636604473,1.1723591221909546,0.001463505705128848
33.451,3.38711804794059,1.186614032132341,0.000883661609663744
33.471,3.4024589618461234,1.2007461288051273,0.0017368082926076944
33.491,3.418392376391048,1.2149612616392946,0.001353607167412646
33.511,3.4347961434871497,1.2282822853600879,0.0011849996358760662
33.531,3.452396404903394,1.2410391855688472,0.0018585205409795413
33.551,3.470335263057161,1.253536264577848,0.0014343486935780025
33.571,3.488935967902618,1.2654538043639596,0.001907150080757869
33.591,3.508381171990298,1.2764392442429535,0.001987512247022344
33.611,3.5279988751142985,1.287217607789184,0.001558710740821756
33.631,3.548125682130701,1.2968831242313539,0.0018649732801526986
33.651,3.5698930405373153,1.3059919545584628,0.002009063239829856
33.671,3.592596842428709,1.314965681732894,0.0029529887363635154
33.691,3.6135504532000016,1.3230954186322887,0.002236281849326588
33.711,3.6349625611758682,1.3302270863684469,0.001829584944952084
33.731,3.6578625159336067,1.3357149834353528,0.001691858026236115
33.751,3.6819775724269443,1.339831783892095,0.001404581276037431
33.771,3.706075310732894,1.3428582403218505,0.001980569248329872
33.791,3.7311960601530285,1.3456351754830005,0.0015137760539324918
33.811,3.7561287166744033,1.3469983384317217,0.0013977885939185641
33.831,3.781685924713207,1.346629271141119,0.0014106860103565433
33.851,3.8077114712566114,1.344602823626696,0.0016462505812815664
33.871,3.834272135253573,1.341764959924181,0.001424581953311771
33.891,3.8607527306156046,1.3368999192502158,0.002066680133045118
33.911,3.887505741632086,1.3318138904742949,0.001841112323117844
33.931,3.913644571356465,1.3251940854948003,0.002181808331490065
33.951,3.9402835453595797,1.31717287799473,0.0022495494531266647
33.971000000000004,3.9670383108991008,1.307090134388772,0.0023957842202308455
33.991,3.9926276639354423,1.2964038779938176,0.0024074842907794436
34.011,4.017159095458032,1.2854444634050821,0.0010010027448843772
34.031,4.042353884165758,1.2704791694867126,0.00284523038794679
34.051,4.067357048775608,1.2543124033418895,0.0028981710929337767
34.071,4.091579436906246,1.236849978004711,0.0035377448655697363
34.091,4.114154842775475,1.2207390471771287,0.002585998165069936
34.111,4.135344239705523,1.2036136167757396,0.0033087378724517003
34.131,4.156217154189814,1.1859489289220686,0.001463026915948018
34.151,4.175316156191282,1.164714884869338,0.002079962107343125
34.171,4.192744508654518,1.1417741990203623,0.001988777427652494
34.191,4.20826951057901,1.11877536709894,0.0021111725115529056
34.211,4.221780482506333,1.0926960669786567,0.0026799867654773157
34.231,4.234038964805858,1.0675943830489547,0.002361926915466689
34.251,4.244527844337693,1.0417458761654521,0.0029189916070513355
34.271,4.253767068737159,1.0161727936097746,0.0023741898593230004
34.291,4.261282351560232,0.9902840183835114,0.0016470322632144707
34.311,4.265557393644754,0.9617812677467797,0.0018108810307963241
34.331,4.268108277781957,0.9339656747190889,0.001942379264957217
34.351,4.268673354636437,0.9071019141248549,0.0021737362325788823
34.371,4.266291261636575,0.8796975109768133,0.0028336548432588426
34.391,4.26263751444587,0.8528373156817677,0.002188133336851139
34.411,4.255691604755532,0.8272277440544893,0.0025676631198066346
34.431,4.245887504210661,0.8020621846427678,0.0035368508114545782
34.451,4.23633503801201,0.7789124553949652,0.0028903137945587576
34.471,4.223825311972335,0.757218854718375,0.004720401525685536
34.491,4.211046910214516,0.7364193482211395,0.003149408896753636
34.511,4.194499133076988,0.7185446236336395,0.004937917984745188
34.531,4.178858263079677,0.7018937813412938,0.0039780362671053004
34.551,4.1612441858994496,0.6885031817223282,0.005424070267099179
34.571,4.142826357715236,0.6773326931732557,0.004909442898732214
34.591,4.122163443243955,0.671209368287241,0.006318172310234016
34.611,4.10050440179139,0.6687635655488543,0.00835534776123173
34.631,4.080271734656237,0.6681383113112468,0.010421561927772438
34.651,4.060386455392506,0.6694241861370366,0.012657678142325018
34.671,4.043292214092485,0.6715193768018636,0.014201758125512665
34.691,4.027299518171338,0.6772579201793495,0.016868915620811026
34.711,4.013507709261701,0.6844041355980292,0.02017977763963799
34.731,4.0024945566995065,0.6900171133118,0.022105141646736604
34.751,3.994369547038844,0.6964028912245892,0.024706090087161514
34.771,3.988593985097509,0.7047887106265877,0.028547085306004055
34.791,3.9846751664277873,0.7113388829690022,0.032414080435947346
34.811,3.9825171455157355,0.7151491890015435,0.03609659309382268
34.831,3.9824210192994296,0.7178772608880972,0.040614596699489025
34.851,3.984478118878107,0.7189527543476988,0.04662280986987141
34.871,3.9855939672993803,0.7158858580260952,0.05215185212755896
34.891,3.9852146974068106,0.7097540613506818,0.05779045481709205
34.911,3.9844039999492042,0.7030052934967,0.06550087723280948
34.931,3.9800722862524016,0.6933543924765747,0.07279094894578848
34.951,3.9717298942694628,0.6817257904747638,0.07975791940265156
34.971000000000004,3.958250419120468,0.6681954726832401,0.08714070365290413
34.991,3.9375810774752216,0.6494247139446674,0.09722253585631377
35.011,3.9140893914258905,0.630859229641339,0.10825395473370525
35.031,3.8879640626903713,0.6162615450484143,0.11891974734609206
35.051,3.8598482632583653,0.6059707862730453,0.12905288598891723
35.071,3.8304317516526325,0.600223512820522,0.1385112575857742
35.091,3.8004341188099504,0.5991491153260374,0.1471758429864016
35.111,3.7705879366788873,0.6027670762392731,0.15494872803762477
35.131,3.741621799969188,0.6109862235508529,0.1617511437507592
35.151,3.714243410933108,0.6236061484272257,0.16752164266483244
35.171,3.6891229414025486,0.6403209252230516,0.17221448167287598
35.191,3.666876973529775,0.6607252169578385,0.17579825588525588
35.211,3.6454542160050982,0.6817394769542404,0.1814912673225308
35.231,3.627075418108884,0.7050610781861453,0.18658516140858433
35.251,3.6127253103246857,0.7305184863288162,0.190644833877899
35.271,3.6026785837687214,0.7574173631421874,0.19377551077480223
35.291,3.597083024945917,0.7850375991324067,0.1960849096549085
35.311,3.5959723649521353,0.8126446024612469,0.19769127094918465
35.331,3.5992569775629266,0.8395117508706387,0.19871539380066472
35.351,3.6067278237829585,0.8649355154967959,0.19927705286301
35.371,3.6180565997715153,0.8882675317878137,0.1994977097990917
35.391,3.6328102765577,0.9089251084690786,0.19949555766419125
35.411,3.6504642952245296,0.9264061946176351,0.1993827748686426
35.431,3.6704162944131222,0.9403058759745567,0.19926495552698464
35.451,3.6920036576524895,0.9503279343051902,0.19923951050029992
35.471,3.714538949508771,0.9562910572640786,0.1993904696806748
35.491,3.7372788913053534,0.9581389561673952,0.19978881910743815
35.511,3.7595022383734826,0.9559355724439812,0.20052668560248404
35.531,3.780502522684839,0.9498720657086221,0.20162605911034498
35.551,3.7996221795857084,0.9402449983319484,0.20311897140790774
35.571,3.8162510221321515,0.9274712875888308,0.20504535027740742
35.591,3.8298624182932297,0.9120513156728698,0.20739356897138705
35.611,3.8400164461145443,0.89457004063757,0.21014354202615934
35.631,3.8463735801391095,0.8756704316125561,0.21326153830075073
35.651,3.8487057768127135,0.8560623180891195,0.21666925506420606
35.671,3.8468983914093036,0.8364638419249196,0.22028597419572432
35.691,3.840956114511742,0.8176091313810724,0.22399822569826275
35.711,3.8300808664950576,0.7982809617000447,0.22845658509653155
35.731,3.815701483877314,0.7768044775413123,0.2329762214373411
35.751,3.7998618995475373,0.7545021978227661,0.23779687171990407
35.771,3.7824258647585367,0.7336762884259382,0.2418532964570108
35.791,3.763057809701264,0.7151240646216986,0.24461796867144092
35.811,3.741557453692611,0.6993981822061065,0.24550838090773525
35.831,3.7189074798633097,0.6855117262931922,0.2456835882126497
35.851,3.6953268807021975,0.6735767019163379,0.24515792053103147
35.871,3.671037488422548,0.6637362789161254,0.24393097566146016
35.891,3.6460784996752853,0.6571581674103952,0.24117193518184504
35.911,3.620746214415325,0.6527557565923592,0.23771517377080406
35.931,3.5952926710106934,0.6504550380241746,0.23364967174287055
35.951,3.5699675667050594,0.6502228407242823,0.22898657856982663
35.971000000000004,3.5450113717558662,0.6519855874757816,0.22373923691109596
35.991,3.5206480485382183,0.6556311375293591,0.21792100611455564
36.011,3.4971941893560934,0.6611783748000694,0.21146474355746503
36.031,3.4748973199191107,0.6686432312519849,0.20434347066761002
36.051,3.4536773738079516,0.6775414542247994,0.19671788271596002
36.071,3.4336473082060164,0.6876630311456541,0.18857226282709724
36.091,3.4148794948536563,0.6987909326486619,0.17987523367512565
36.111,3.4010117513942437,0.7114756964037086,0.1711592365934072
36.131,3.389412424332774,0.7223310323425725,0.16775870907356558
36.151,3.3788789525389467,0.7312463696365666,0.16697296097715697
36.171,3.3738768608840872,0.7388551858889005,0.16744323337286382
36.191,3.3770542578119045,0.7422989014308542,0.16720337356536666
36.211,3.3849962097601902,0.7402145318843816,0.16599155904292406
36.231,3.398444784946869,0.7308776565786689,0.1642938408675207
36.251,3.41333609053276,0.7172917821679161,0.16128557208815156
36.271,3.4262807155000727,0.6998949357267842,0.15842126384303504
36.291,3.436470579146127,0.6789918248409982,0.15557127321346664
36.311,3.441155111594649,0.6671552741159658,0.15410308260239888
36.331,3.443738458631584,0.6686608918135375,0.1545290600250792
36.351,3.4467583189584126,0.6704404613759213,0.15495642454602096
36.371,3.4502625160899223,0.6724737424074403,0.15537627074586063
36.391,3.4538094929335843,0.674460594929912,0.15603959144369017
36.411,3.4578369035853815,0.6766643810678145,0.15673144287005475
36.431,3.458271069294271,0.6769316989870025,0.15803702167917322
36.451,3.4545445220488493,0.6747607939605277,0.1599061786942288
36.471,3.447359248168769,0.6705726154624111,0.16313920806143614
36.491,3.4364046496389204,0.6640218750100523,0.16959946328904227
36.511,3.4365822597954625,0.6574488934074398,0.17941891083882144
36.531,3.4414972668327515,0.6513158347232343,0.18660828302878274
36.551,3.4462874108104953,0.6451169532242886,0.1924969890755996
36.571,3.450678272447065,0.6387802467859036,0.19730715565631304
36.591,3.4546442295943964,0.6322865891550646,0.2010897917642415
36.611,3.45816806003218,0.6256208249230615,0.20388490064415699
36.631,3.4612391487027696,0.6187712608101521,0.20572134078234208
36.651,3.4638523376732318,0.6117295251359613,0.2066165412649531
36.671,3.4660085389760575,0.6044917662380788,0.2065747517333051
36.691,3.4677084120829256,0.5970522818322167,0.2055934588722351
36.711,3.4689591262564443,0.5894098961865701,0.20365108492329848
36.731,3.469852151645017,0.5815824864079048,0.2006942336293589
36.751,3.4703053482712525,0.5750550561554335,0.19774884367827444
36.771,3.470724550494574,0.5714956844385779,0.1962090966041785
36.791,3.4717768872565244,0.5678691067192947,0.19482850995508283
36.811,3.4734311440478782,0.564201816116905,0.19359752746836087
36.831,3.475660977644566,0.5605174783513839,0.19250361541069816
36.851,3.4784446279935373,0.556837400109468,0.1915317838800707
36.871,3.4817633563531887,0.5531820680031421,0.1906741862384446
36.891,3.485603388027251,0.549568856140155,0.1898928058268463
36.911,3.4899513692322115,0.5460138555006273,0.18917452753606268
36.931,3.494795562317606,0.5425322123162324,0.18849459009225822
36.951,3.5001325592417514,0.5391372402976747,0.18782727496442805
36.971000000000004,3.5059618547561024,0.5358417278382637,0.1871442135448675
36.991,3.5122868385237505,0.5326573636292313,0.18641415705124315
37.011,3.519114485497704,0.5295949829654657,0.18560261296855843
37.031,3.5264462112307227,0.5266704594186036,0.18466946667116074
37.051,3.5342906751998977,0.5238964151309127,0.1835704874962967
37.071,3.5426551684409127,0.5212875567794668,0.18225508812762742
37.091,3.55155036597768,0.5188576740687816,0.18066667562050212
37.111,3.560981387900608,0.516624651869204,0.17873955473130465
37.131,3.5709540433904574,0.5146058123505927,0.17639060485617064
37.151,3.5814725753080965,0.5128215105611679,0.17356390070846597
37.171,3.5925279520098226,0.5112953328352063,0.1701347780973948
37.191,3.604108782609591,0.5100524993639504,0.16600462642690345
37.211,3.6171743496532835,0.5074173574244709,0.1633931568644376
37.231,3.634018375266273,0.5002804820571854,0.16440251708451803
37.251,3.654389156031041,0.4900546300105665,0.16645138707575388
37.271,3.6753259903770585,0.4776297739474353,0.16970965271443333
37.291,3.6949887655890903,0.4704438495759468,0.17091148256586197
37.311,3.715572318450371,0.4641987877266607,0.17020565485208689
37.331,3.7392113596221,0.45706648679332584,0.17082183163766293
37.351,3.7642678525935858,0.44996618205907646,0.17141502474273307
37.371,3.7901564509246404,0.44339662164987825,0.1713941229246977
37.391,3.8170976883451426,0.4373373405164765,0.17103349148902808
37.411,3.8441232405864847,0.4334156376493214,0.1702039874525487
37.431,3.8723682318122505,0.43033683843130266,0.16971439852399603
37.451,3.901534463095502,0.42811360184816954,0.16931277009015067
37.471,3.9293515888988177,0.4297617080067382,0.16898546177766816
37.491,3.9527016024567043,0.4405388043117576,0.16899534631321947
37.511,3.9725026633320484,0.45113316693034533,0.16889944367427479
37.531,3.9891359121609717,0.46164167493169517,0.16810484830482497
37.551,4.0049181278654125,0.47212157733984567,0.16754491810874073
37.571,4.021095281966596,0.48297104851501227,0.1671831535290989
37.591,4.040310539683147,0.49786175450542086,0.1670954605393218
37.611,4.060621534708877,0.5152767064583528,0.16704425743986367
37.631,4.081664424663077,0.5354216484559483,0.16697888138830144
37.651,4.103075697633615,0.5585311495379232,0.167023270553961
37.671,4.123806076544931,0.5842037736267279,0.16706832761684298
37.691,4.143245238625232,0.6125238645781351,0.16701796508198916
37.711,4.160783516661333,0.643383742793176,0.16697081348807571
37.731,4.175798653734694,0.6762021391494648,0.1670198900183581
37.751,4.187676183517797,0.7103539184622338,0.1670911520636258
37.771,4.19607858631554,0.7450703761530355,0.1672828949620311
37.791,4.200669201708216,0.7794084311502321,0.16747715961783172
37.811,4.2014748028381526,0.8125243654606469,0.16767872154325075
37.831,4.198858510346344,0.8435979502700219,0.16813828541664366
37.851,4.193034499420013,0.871668734873263,0.16847566199995567
37.871,4.184632836957138,0.8961713603791499,0.16885210204988366
37.891,4.172009868697711,0.9174569190819256,0.16926862515409208
37.911,4.155194160264044,0.936017587465092,0.17129396180738615
37.931,4.133911983650383,0.9460751242802918,0.17235085426951105
37.951,4.111321498014129,0.9493657798353103,0.17118706859153443
37.971000000000004,4.096438540244734,0.9446576679339868,0.1705898030564205
37.991,4.085814462000739,0.9380066701283878,0.16959741083312202
38.011,4.078552118472463,0.9302285829832531,0.16802564952475407
38.031,4.072230985247048,0.9211536769946997,0.16679666249681413
38.051,4.066697826576792,0.9108927863699651,0.1660114957801777
38.071,4.0621082336927765,0.8996003815067886,0.16563497548243117
38.091,4.0585945106446895,0.8874356453097421,0.16562801679670278
38.111,4.0562669414082455,0.874561172481451,0.16594950701321626
38.131,4.055214972106464,0.8611418490153269,0.16655765407631956
38.151,4.055508285035583,0.847343847713632,0.1674109062793479
38.171,4.057197760584694,0.8333336919709935,0.16846853028184344
38.191,4.0603163365604855,0.8192773533505014,0.16969091933200003
38.211,4.0648797820142155,0.8053393596897765,0.17103969005565892
38.231,4.070887405999486,0.791681899644958,0.1724776146090612
38.251,4.078322722017047,0.7784639168167677,0.1739684253641442
38.271,4.087154087184728,0.7658401920456372,0.1754765214624281
38.291,4.097335332135812,0.7539604162659367,0.1769666003451807
38.311,4.1088063938504655,0.7429682586271387,0.1784032325429556
38.331,4.121493959483314,0.7330004355730189,0.1797503944015904
38.351,4.135312125088181,0.7241857863651104,0.18097097087822814
38.371,4.150163069208746,0.7166443592875701,0.18202623893978906
38.391,4.165937737798852,0.710486510622143,0.18287534135600197
38.411,4.182516534017637,0.705812015583668,0.18347476075706312
38.431,4.1997700042452,0.7027091869178267,0.1837778047175495
38.451,4.217559510298606,0.7012539929581405,0.18373411436476506
38.471,4.23573787740068,0.7015091628154636,0.18328921165591594
38.491,4.254150008067265,0.7035232622583746,0.18238410411824196
38.511,4.272633453839753,0.707329720007609,0.1809549706164232
38.531,4.291018939818937,0.7129457809399998,0.17893295773248688
38.551,4.309130841394422,0.720371360481391,0.17624412374369983
38.571,4.326787618581609,0.7295877737669976,0.17280957606727665
38.591,4.343802221182022,0.7405563145918483,0.16854585845094516
38.611,4.359982487820025,0.7532166635513424,0.16336565605762599
38.631,4.375131574066148,0.7674851130611411,0.15717889966651966
38.651,4.391058134655469,0.7804743824955126,0.15349068399682658
38.671,4.410851086511133,0.7898459450086028,0.15407525256089866
38.691,4.433423274820678,0.7964284124647165,0.15685497107301785
38.711,4.45801264712263,0.8018421892064537,0.1604008568071266
38.731,4.484897138291897,0.8086400496184618,0.16473014320612991
38.751,4.513430906869248,0.8168927985465221,0.16969376738931244
38.771,4.533337009333408,0.8302426895044493,0.17182101977676534
38.791,4.549948439185168,0.8447663560101839,0.17044128055716165
38.811,4.5673577032232515,0.8581973796496583,0.1704791815836729
38.831,4.584906829240517,0.8729814768714657,0.17097970640559623
38.851,4.6017982178852295,0.8907089615191404,0.17096096145390724
38.871,4.618435348714848,0.9098331175170885,0.17079775728971436
38.891,4.6350678474587435,0.9307305838767231,0.17110892959412694
38.911,4.651165966135389,0.9529516387202012,0.17140362599454
38.931,4.666205506865744,0.975666494224034,0.17091068278916832
38.951,4.68062688265246,0.9994078900864162,0.17069700243276617
38.971000000000004,4.694744628091748,1.0241102366203816,0.17131712038537314
38.991,4.707709707080767,1.0484874884226958,0.1710920703682685
39.011,4.720024216849774,1.073085487853371,0.1710776833644623
39.031,4.731832116264788,1.0974931916909094,0.17107040205172755
39.051,4.743433576059851,1.121773440428372,0.17140780413379006
39.071,4.754561320235588,1.1452106890779061,0.17110505081510294
39.091,4.76422817584932,1.1674183662530808,0.1703146439431063
39.111,4.773529861521414,1.1895766477254497,0.17015142042293865
39.131,4.780180383855371,1.2123882724573707,0.170184044566435
39.151,4.785306928190145,1.2345238283094568,0.17036279828807283
39.171,4.78564530142638,1.2573193226630803,0.17097770535979784
39.191,4.782674417446701,1.2776909420112097,0.17104343826554796
39.211,4.776241118681784,1.295537072640154,0.1706669615229849
39.231,4.766783300129582,1.3108202017293622,0.16932156267041293
39.251,4.7593764768426565,1.3225958606186397,0.17057927309293747
39.271,4.755949386448842,1.3302687432401161,0.16987559581809936
39.291,4.753302486361876,1.3335101164958392,0.16746648394336072
39.311,4.750478671975946,1.3348896947351032,0.16454228192619424
39.331,4.747285972559922,1.3357329866485261,0.16165354991177605
39.351,4.743789195773341,1.3360965179862379,0.15879297824691094
39.371,4.740044984597692,1.3360343300342412,0.15594661915236602
39.391,4.736102558451029,1.3355981525543401,0.1530955107691599
39.411,4.732004468264001,1.3348376301109126,0.15021688274841113
39.431,4.727787308976503,1.333800561180927,0.14728500267541175
39.451,4.723482376251948,1.3325331199443446,0.14427172289046789
39.471,4.719116266272028,1.331080036523609,0.14114677495604855
39.491,4.7147114259899165,1.3294847145829325,0.13787784799160652
39.511,4.7102866676895045,1.327789266052764,0.13443047781573317
39.531,4.705857667067112,1.3260344415688743,0.13076776652203784
39.551,4.701437469052192,1.324259432147961,0.12684994701412106
39.571,4.697037030785951,1.322501512715099,0.12263380450858918
39.591,4.6926658370140775,1.3207954913634223,0.11807196768033107
39.611,4.688602499649098,1.318957583254124,0.11331761937327527
39.631,4.685308460045935,1.316679326241144,0.10876215690025821
39.651,4.683755285653091,1.3145601152173811,0.10622943179695549
39.671,4.682866797794996,1.3123623723333164,0.10293520370011722
39.691,4.68243094360087,1.310053713592727,0.09894560428031204
39.711,4.682483432294127,1.3076516782863052,0.09420134236325187
39.731,4.683068709752882,1.305173688892303,0.08863954114504793
39.751,4.684239347332174,1.3026370773211542,0.08219552504934466
39.771,4.686054468715524,1.3000589893670964,0.07480555579520728
39.791,4.688575973523957,1.2974563423547762,0.06640401944661764
39.811,4.69187016716096,1.2948454166075165,0.05696067735331917
39.831,4.695991801863026,1.2922437705928012,0.0464205176601247
39.851,4.700989458339171,1.2896741353638166,0.03477393129243653
39.871,4.706894024969973,1.2871625191002016,0.0220297608455097
39.891,4.706861670368227,1.2853130862169044,0.017203251535278408
39.911,4.6980312931490005,1.282484307901965,0.01818011421145818
39.931,4.6842959375404485,1.2771281685833331,0.019093476819707272
39.951,4.6670008871815325,1.2692526455310638,0.019040337408978925
39.971000000000004,4.64630862943055,1.2587298048057534,0.01944751663609895
39.991,4.624891437145491,1.2465193138948358,0.018854979330482968
40.011,4.6056251103330474,1.233937631497686,0.02106633116833173
40.031,4.588293933931118,1.2222375901698577,0.021722191093197646
40.051,4.572543395578704,1.211386859343802,0.020487297737330823
40.071,4.558261403515223,1.2014891391851796,0.01744351416420531
40.091,4.544932866594859,1.187563871643386,0.016977181842335376
40.111,4.531747643066875,1.1701008881657917,0.016701391035944896
40.131,4.5207729370007534,1.1504920639552318,0.01712206311560538
40.151,4.511769578249904,1.130266636883386,0.01840364682678436
40.171,4.504103503450754,1.1096380159565804,0.018781149504122685
40.191,4.500632381252219,1.0862621060488458,0.020960235145210948
40.211,4.499062661189995,1.0637176973142963,0.023311497759050087
40.231,4.499329894722402,1.0412046525980572,0.02573141900077966
40.251,4.501899819853155,1.019961136759462,0.02888161388667021
40.271,4.506836381272434,0.9994907935752119,0.032083337867048034
40.291,4.513856754983909,0.9809298615625024,0.03650090503137651
40.311,4.52235202132948,0.9643012833550523,0.04082733457773674
40.331,4.531765250920618,0.9506812322655467,0.04641053203897541
40.351,4.541362275399872,0.9393007517464207,0.05196878633125318
40.371,4.5492932875284495,0.9305761059498613,0.05786648252374543
40.391,4.5583206595204855,0.9242414179314958,0.06571833972973985
40.411,4.563451362225311,0.9194628496649646,0.0730023328370514
40.431,4.564302871545302,0.9158833870060393,0.08005992801527637
40.451,4.556702521645291,0.9174617979149673,0.09037871326479328
40.471,4.543233838577167,0.9206041072113729,0.10029514387263103
40.491,4.528000338748942,0.9253787492656558,0.1115899460891099
40.511,4.512853834217494,0.92835182095444,0.12346913340222493
40.531,4.498034667585901,0.9287028720709892,0.13546519666232593
40.551,4.48391134331343,0.9264189693586566,0.14746191743542653
40.571,4.470858232765704,0.921524040735507,0.15933266169812324
40.591,4.459251137744103,0.9140799460720593,0.17093344124526813
40.611,4.449461982929613,0.9041883214380908,0.18209551241883148
40.631,4.439041057382033,0.8919065667978338,0.19702142237787412
40.651,4.42847521735453,0.8783013276028333,0.21274344961163796
40.671,4.419421769913802,0.8641919901290753,0.22705082011201877
40.691,4.411862246870896,0.8497896656492189,0.24011488066685294
40.711,4.405879877048889,0.8353406555300148,0.2519667021160019
40.731,4.401506217459577,0.8210430755554161,0.26272186401665437
40.751,4.3987678045895064,0.8070876970371881,0.272482476704248
40.771,4.39768487341892,0.7936617994958405,0.28133529598409485
40.791,4.398269818249573,0.7809520358192303,0.28934999937193245
40.811,4.4005254697622815,0.7691463827840389,0.2965774331848121
40.831,4.4044432226578785,0.7584352443880555,0.3030476859831201
40.851,4.410001011984586,0.7490117498221021,0.3087678847428054
40.871,4.417161103978581,0.7410712491435781,0.3137196462626609
40.891,4.425867639870668,0.7348099593003061,0.3178561525010892
40.911,4.436043850334415,0.7304226520179153,0.321098860368005
40.931,4.447588846864225,0.7280992043816954,0.3233339104045627
40.951,4.460373898650737,0.7280197550817686,0.324408372165984
40.971000000000004,4.47423812562943,0.7303481290400329,0.32412656527149747
40.991,4.488983588729294,0.7352231193558596,0.3222468327022072
41.011,4.5043698477539005,0.7427471632346748,0.3184793249223977
41.031,4.519984134251289,0.7529209482952547,0.3126321412165789
41.051,4.535504676595053,0.7658192995677883,0.30420122397463967
41.071,4.550242261912453,0.7814219637725106,0.294400359143141
41.091,4.562803268212863,0.8002839225400625,0.28482644899670584
41.111,4.583530954981357,0.8138952431935562,0.2876125719716325
41.131,4.600740424117916,0.8273510067569978,0.2919185566527486
41.151,4.614552062119342,0.8416133178904486,0.2952355667487589
41.171,4.626337287798969,0.8563115298186869,0.2965255522331761
41.191,4.6384949823737225,0.8705760417183881,0.29688096590924073
41.211,4.648593631880363,0.883837257004453,0.29822056636626193
41.231,4.656653474533677,0.8961069008711802,0.30000141904077027
41.251,4.663281360095458,0.9076865265075994,0.30090526993933925
41.271,4.668531009948014,0.9186465263070908,0.30099322174457754
41.291,4.672504757695663,0.9273745080674793,0.3030318313308237
41.311,4.675928529981455,0.9345044623274179,0.3044888004654246
41.331,4.678801335656804,0.9400648369729052,0.30547564454887266
41.351,4.681129343520332,0.9440751149804598,0.30610118834375544
41.371,4.682919690503892,0.9465513312880516,0.30644330133988107
41.391,4.684179084148343,0.9475037644660786,0.30655093445476367
41.411,4.68491279887297,0.9469355935797118,0.3064454562401012
41.431,4.685124000058013,0.9448424051535058,0.30612122738269654
41.451,4.684813352349419,0.9412125054290086,0.3055453896030034
41.471,4.683978891757601,0.9360280624663162,0.30465687591525586
41.491,4.682616164481272,0.9292671719522752,0.30336468207288964
41.511,4.68034441592964,0.9208296673833903,0.30230638874187354
41.531,4.676149456785645,0.9113034328811518,0.3023777055714099
41.551,4.670581249730145,0.901184391482707,0.30180760315482835
41.571,4.663619116369048,0.8904272667820807,0.30045871932474544
41.591,4.655171042145759,0.8790120558429226,0.29826869783191223
41.611,4.646153976342157,0.8660167627855084,0.29693776349802614
41.631,4.636187089788242,0.8520468838650485,0.296569990244154
41.651,4.625718297751599,0.8372540830703055,0.29514213937249073
41.671,4.61445799929789,0.8217329420506162,0.2925623292295766
41.691,4.602136831926014,0.8056184828520667,0.28882311280196427
41.711,4.586495624986348,0.7908357224367659,0.2852561250806709
41.731,4.568389894901509,0.7779944246813163,0.28385080376779703
41.751,4.5513897091942965,0.7660799104550231,0.2867015589243348
41.771,4.533950165064107,0.7577721296191695,0.29016091745657185
41.791,4.517015477737362,0.7520977920519465,0.29327860459986915
41.811,4.501030607212383,0.7469297062136329,0.2953858238954722
41.831,4.486007437557238,0.7422095123798155,0.2965611101673732
41.851,4.471913129322926,0.7377823023537695,0.29690012256091974
41.871,4.458915246057227,0.7341127165008664,0.29732106554197235
41.891,4.447728520564995,0.7321017555691377,0.29889848056857865
41.911,4.437736525988744,0.7312290833565815,0.29979039316158274
41.931,4.428908710066814,0.7314567376118583,0.30008211658966655
41.951,4.4211785129527295,0.732786082423734,0.2998286477128319
41.971000000000004,4.415636493477958,0.7347184676880351,0.3009188213780075
41.991,4.412017087948429,0.7366004327158278,0.301858922837985
42.011,4.40981806539494,0.7375153956650888,0.30245099040426426
42.031,4.408993055140782,0.7369736874342555,0.3024326971774613
42.051,4.4100497500873646,0.7362883962700751,0.3021678918477469
42.071,4.4128782607596655,0.7356063968407183,0.30148924522296483
42.091,4.417248038078225,0.7342855294795811,0.3003708527179031
42.111,4.423372001002439,0.7323746303402324,0.2996514349930631
42.131,4.43104370488831,0.7318694803262652,0.2995786719370689
42.151,4.439816154354273,0.7325358154790942,0.29892523054041975
42.171,4.44994075064844,0.7329512846230288,0.29817481255941586
42.191,4.461344806377466,0.7326938523740201,0.29685650631856764
42.211,4.473587396184045,0.735685185526175,0.2971087768576204
42.231,4.486450204910167,0.7398220859411333,0.29654788216480366
42.251,4.500422678723172,0.7438319116897036,0.29544753798497125
42.271,4.515382717387423,0.7482667426125278,0.29353936769057043
42.291,4.531325980772124,0.7532733451211815,0.2907155732799932
42.311,4.5479687329729215,0.7599361917330395,0.28743502853201847
42.331,4.56448518905007,0.7695270957946393,0.2845514449779267
42.351,4.580228916180856,0.780807338238859,0.2841432823447108
42.371,4.594805094885705,0.7916557530440783,0.28666143234985175
42.391,4.6067118618266125,0.8034908320904686,0.28966933505676673
42.411,4.616216012987334,0.8155807430843817,0.2924725744110347
42.431,4.62491714512779,0.8268721571242327,0.2944972181302842
42.451,4.632742047604632,0.8374047622623567,0.2958798041581444
42.471,4.639943877125906,0.8470999253596161,0.29663354611381754
42.491,4.646560569396975,0.8560083995475094,0.29689121507591676
42.511,4.652537359826283,0.8642229249348369,0.2968309386460434
42.531,4.656920737155352,0.8714540873504358,0.29777430851027653
42.551,4.659619977333693,0.8778558561563259,0.29850284213479356
42.571,4.660803135155192,0.8835316414914949,0.2987327547380683
42.591,4.661595993961615,0.8879186089387504,0.29915056848069665
42.611,4.663218228396894,0.8907189586271809,0.29915794115376554
42.631,4.663598089168547,0.8925370611914674,0.2992217357110844
42.651,4.663879908287411,0.8931069335357759,0.29920897353166176
42.671,4.663665082324212,0.8925073852399101,0.2991826335511607
42.691,4.663042436549685,0.8907366268687241,0.29909524995188674
42.711,4.662004108026267,0.8877837198324033,0.29892327195720103
42.731,4.660543034498334,0.883628713741221,0.2986256003821579
42.751,4.658620321476342,0.8782488926024161,0.2981678232221806
42.771,4.656157909618257,0.8716562679147332,0.29749963442806
42.791,4.652862876166052,0.8639664417251476,0.29693499503543885
42.811,4.647215868880394,0.8565104554945489,0.2969252548011103
42.831,4.641151536328676,0.8481705042300405,0.2966944443285803
42.851,4.6344666417378875,0.8390755534599319,0.2960647874851854
42.871,4.6271668465510185,0.8291451662190414,0.2948832728732646
42.891,4.619078889832732,0.8184116807811802,0.2931044642571506
42.911,4.610197514111537,0.806866972438052,0.29054415760155744
42.931,4.599674741738733,0.795048792016079,0.2876998226530353
42.951,4.5867775530287815,0.7840408936819826,0.28501586325786
42.971000000000004,4.572012468227512,0.7743720821399076,0.28356799271384514
42.991,4.558614157531554,0.7645371788936385,0.2856501781311719
43.011,4.544954916844475,0.7572427072564502,0.28813153531829183
43.031,4.531800401557469,0.7521791228430992,0.29077689406534635
43.051,4.5195964559035415,0.7482768274114758,0.2930177254451858
43.071,4.508459776295449,0.7447994079664604,0.2946083250968039
43.091,4.498372623055239,0.7418106530303565,0.29573356205019613
43.111,4.489311948838358,0.7391297117479094,0.2964207035779281
43.131,4.4812289699179875,0.7367343452555194,0.29678104157800433
43.151,4.474068371996001,0.7346163550310524,0.296897970986996
43.171,4.46778073741356,0.7328012705858366,0.29687401047871853
43.191,4.462348686451975,0.7313025433144906,0.2967753783581134
43.211,4.458356952109364,0.7308908257873585,0.29740917286141355
43.231,4.455633186253569,0.7313881328196735,0.29765810038042567
43.251,4.454268674359428,0.7312450773771311,0.2977149672733319
43.271,4.454288890954595,0.7312435395683096,0.29772285172363677
43.291,4.455653317530562,0.7312563136358329,0.2975778994690005
43.311,4.458377617822439,0.7312855319807439,0.29728153516455086
43.331,4.462475472484557,0.7313295117888897,0.2967881478050554
43.351,4.467559242981454,0.7327024256373229,0.29687200866688457
43.371,4.473493004078589,0.7344007724443263,0.2969001906717828
43.391,4.480293043516348,0.7364054273981828,0.29680803650983933
43.411,4.4880113887008335,0.7386810931807528,0.29649820188863185
43.431,4.496698642687705,0.7412428083059072,0.29588762514287525
43.451,4.506406226040408,0.7441058789982435,0.29487521469089917
43.471,4.517162432476813,0.7474013491841472,0.29340804667141807
43.491,4.528974484933891,0.7511670620179777,0.29136634299385833
43.511,4.5418043142755975,0.7556754950149269,0.2887434684967929
43.531,4.555098033900986,0.7622972369095972,0.28632091739378734
43.551,4.568266268867054,0.7710621998146782,0.28413491914022027
43.571,4.581319417263723,0.7801697570220384,0.28418726777619074
43.591,4.593260203470075,0.7889730295632105,0.2862398644278186
43.611,4.603311809106534,0.7982946655627978,0.2884354020259315
43.631,4.61124560545593,0.8076862823573125,0.2908150056627893
43.651,4.617966889781035,0.8164123414826051,0.2927648307411369
43.671,4.623988398681633,0.8242185213581807,0.2941535716066648
43.691,4.629137537139341,0.8312090367920564,0.29521238758228663
43.711,4.633624748944457,0.8373014347296269,0.2959241875299637
43.731,4.637475898901435,0.842530616164072,0.29637962279026975
43.751,4.640715406063034,0.8469295654209813,0.2966520488047607
43.771,4.6433652930053935,0.8505280492420539,0.29679991308239784
43.791,4.645444521771281,0.8533517098679757,0.2968687698386092
43.811,4.6469685374660825,0.8554214408893187,0.29689292091992414
43.831,4.647948963358957,0.8567529697088999,0.2968966939378672
43.851,4.648393406382669,0.8573565908225942,0.2968953718380513
43.871,4.648305199326438,0.8572382671201613,0.2968909800887415
43.891,4.647683943349721,0.8563945377698858,0.2968917862202291
43.911,4.646524624511059,0.8548200817182567,0.29688340009136555
43.931,4.644818273276445,0.8525027593714117,0.2968476345336942
43.951,4.642551953206685,0.8494250657227466,0.2967569966557586
43.971000000000004,4.639708985620754,0.8455644380291751,0.29657364972681544
43.991,4.636269295688572,0.8408937293624488,0.29624802375123294
44.011,4.632209925231325,0.8353819093700112,0.29571706189500147
44.031,4.62750269272591,0.8289945230309033,0.294910062942353
44.051,4.622076596485572,0.821727488875329,0.2937477624692007
44.071,4.6158289347185475,0.8136213128839856,0.2921897825676873
44.091,4.608866053075238,0.8045882117530021,0.2900191883739104
44.111,4.600268611890939,0.7952698497035935,0.2877607335592154
44.131,4.589943925217762,0.7861312496150885,0.2855523257588332
44.151,4.577805670546787,0.7778760920896581,0.2837119752989106
44.171,4.566170106393821,0.7692956449577504,0.28441371192617243
44.191,4.554846078640402,0.7620310806795249,0.28634542495755233
44.211,4.543844189032106,0.7563902650197653,0.2883406885109777
44.231,4.533539529912537,0.7524493065792042,0.2904301614069219
44.251,4.524274480500578,0.7494902647214879,0.29224403001860244
44.271,4.516140839981136,0.7468929859141555,0.29356127935728515
44.291,4.50909853950073,0.7447134641474632,0.29452862006540464
44.311,4.50315217144395,0.7429563877291019,0.2952500249612246
44.331,4.498285569524713,0.7415185164729925,0.2957423225390282
44.351,4.494469289824021,0.7403910632792742,0.2960669151881964
44.371,4.491678797763295,0.7395667134607071,0.2962701865585612
44.391,4.489895383946331,0.739039892775916,0.2963850551799992
44.411,4.489106765611133,0.7388069431977793,0.29643211376776807
44.431,4.489309074576436,0.7388671216123882,0.29642663082806864
44.451,4.490500498191539,0.739219069263343,0.296353770816727
44.471,4.492690986212368,0.7398661554908808,0.296206179073315
44.491,4.495895541114717,0.740812847439266,0.2959583898139633
44.511,4.500135394946891,0.742065470545213,0.2955722141055055
44.531,4.505437298407454,0.7436320005220015,0.29499544154032525
44.551,4.511832464036283,0.7455217537202979,0.2941601303332101
44.571,4.5193088495022735,0.7479040073493496,0.29308105623982317
44.591,4.5278954780709295,0.7506460243021901,0.29157966037395167
44.611,4.537615760924026,0.7538711297052063,0.2896330191534455
44.631,4.548152561726322,0.7584467067212048,0.28756638674586193
44.651,4.559175254426291,0.7645071414064281,0.28556636908984984
44.671,4.570118010689673,0.7723441024593614,0.2838686754901672
44.691,4.581194054245924,0.7799374858422312,0.28416293403807696
44.711,4.591361669227603,0.7872186703952215,0.285848076896573
44.731,4.599942841733455,0.7948514062863834,0.2876605311038371
44.751,4.606985079678249,0.8023445621968209,0.289493665579727
44.771,4.612603656200915,0.8093276027965222,0.29122704749121064
44.791,4.617312615103363,0.815431252018034,0.29258069104168793
44.811,4.6212931528988195,0.8205869396343749,0.29356305432999474
44.831,4.624540740428661,0.8248313739806383,0.2942711160967105
44.851,4.627007864714612,0.8281798361304119,0.2947983617571003
44.871,4.628786460151453,0.8305938996189554,0.29514149800948875
44.891,4.62988711942512,0.8320878543842443,0.2953383841510877
44.911,4.630315631635999,0.8326710896207395,0.29541337139893115
44.931,4.63007562210933,0.8323479088739523,0.2953713748856908
44.951,4.629166676657685,0.8311141897785679,0.2952113402613375
44.971000000000004,4.627582057864614,0.8289634078490931,0.29491311897084316
44.991,4.625312164486286,0.8258826053204252,0.2944432284802617
45.011,4.62229759505123,0.8218882460600788,0.2937874209889858
45.031,4.618528702033821,0.8169992707834621,0.2928972443255888
45.051,4.614035133916402,0.8111706503478125,0.29166190608696674
45.071,4.608778638847708,0.8043841812920159,0.2900007455730539
45.091,4.602215295477639,0.7970306106917432,0.2881936504925446
45.111,4.594151858165529,0.7895532686740367,0.2864057935303959
45.131,4.5847769152922435,0.7821344538473634,0.28460748696075056
45.151,4.573918575280718,0.7755248267543523,0.2832168974935257
45.171,4.564612692692437,0.7679677337211591,0.284615150069476
45.191,4.5551796195387615,0.7621309664202581,0.28628947584001796
45.211,4.546252395130642,0.7574646133740278,0.2879208906347009
45.231,4.538075710060231,0.7540035831429936,0.2895196157737232
45.251,4.53090737593624,0.7515303087818259,0.2909797405882788
45.271,4.524901999279344,0.7496116618471079,0.29213070653917206
45.291,4.520060468203745,0.7480650070513779,0.29295643636467816
45.311,4.516359341039139,0.7468827555708941,0.29352668764216266
45.331,4.513779072034042,0.7460585893177532,0.2938931699447438
45.351,4.51230523577983,0.7455878496315258,0.29409109096101327
45.371,4.5119414058822915,0.7454835571870356,0.2941438311630481
45.391,4.512709353607725,0.74572489480317,0.2940402622951226
45.411,4.514578298571903,0.7463217810785832,0.2937850308719909
45.431,4.517558397380896,0.7472736077372486,0.2933504862986569
45.451,4.5216661213183755,0.7485856921807195,0.29269571035688713
45.471,4.5269227078633,0.7502648982462332,0.29176281026765905
45.491,4.533352772253262,0.7523191949750622,0.2904752298300518
45.511,4.540887478400592,0.7550783992257087,0.2889484744455745
45.531,4.549282854434019,0.7589159762314006,0.28735400587800175
45.551,4.558267378212021,0.763904213379155,0.2857433719457412
45.571,4.567483760463397,0.7702009906484609,0.2842556968729234
45.591,4.576774456470687,0.7771579862366332,0.28356827799244605
45.611,4.58596558681302,0.7829497301947095,0.2848156915955219
45.631,4.593751005619917,0.7891729041539745,0.28630949978886094
45.651,4.600371303179975,0.7951977380729793,0.287757140924111
45.671,4.60576624003917,0.8008424844090143,0.28913173697872385
45.691,4.609999994310318,0.8058567798977258,0.2903728812990532
45.711,4.613212225336286,0.8100227833486291,0.2914007266919721
45.731,4.615658829099438,0.8131960020858215,0.29211754996363337
45.751,4.617351170130364,0.8153910428490755,0.29258022048038446
45.771,4.61829769328992,0.8166187655704656,0.29282721916391397
45.791,4.618503305380281,0.8168853349243502,0.29287978418286653
45.811,4.617969046139163,0.816192405530528,0.29274246924393954
45.831,4.616692133819458,0.8145362011969121,0.29240338900560636
45.851,4.614665926105498,0.8119081986198147,0.2918338218818551
45.871,4.611880509650056,0.8082956400321483,0.29098735819151345
45.891,4.6082603134382,0.8037237727108467,0.28983821343609517
45.911,4.603628780437555,0.7983620884902475,0.28847404733067056
45.931,4.5977182262106995,0.7925991681087379,0.28711023623315474
45.951,4.590674604100346,0.7865829352337722,0.2856855073203794
45.971000000000004,4.582466848004069,0.7806374672421589,0.2843271805424764
45.991,4.573409240143092,0.7749392127262702,0.2833883798718839
46.011,4.565536437691956,0.768635961568518,0.28450546940675947
46.031,4.55775641162888,0.7635769786320221,0.28583263440420875
46.051,4.55050251619761,0.7594668082663337,0.2871150126329297
46.071,4.543957916442888,0.7563185187971168,0.28833417392213756
46.091,4.538321643090123,0.7540621993671471,0.2894776410889265
46.111,4.533771159485674,0.752413634037332,0.29039411532179527
46.131,4.530404239416041,0.7513373845552768,0.2910942739238923
46.151,4.528249220886733,0.7506485620201494,0.29151899866212694
46.171,4.527296309064606,0.7503439885087317,0.2917009995359485
46.191,4.527539050004342,0.7504196306394145,0.29164648133531
46.211,4.528984412397084,0.7508843781581149,0.29137583593528993
46.231,4.531633892945306,0.7517309436702233,0.29084398394344557
46.251,4.535497137009996,0.7529832748680481,0.29002754296844996
46.271,4.540467611161035,0.754882956510187,0.2890395647091494
46.291,4.5464248390531825,0.7575042602245943,0.2878975958661759
46.311,4.553194099102022,0.7609248157247399,0.2866472278193705
46.331,4.5605860435333,0.7652175177476725,0.28529728253852216
46.351,4.568208834358839,0.7707268311175651,0.28415138903298526
46.371,4.576064644538141,0.776676248930948,0.2834524096212347
46.391,4.5838693231967955,0.7814986536294108,0.2844919903302594
46.411,4.590616031867782,0.7865100142388578,0.2856685830813226
46.431,4.596333719477226,0.7913071117061249,0.28679815988751045
46.451,4.600971820431485,0.7957605091669924,0.2878910149345628
46.471,4.604704892383435,0.7995801351062598,0.28880587227906473
46.491,4.6073863608217644,0.8026836965670514,0.28959412965999953
46.511,4.609278492141442,0.8048915590203738,0.29012379751365236
46.531,4.610273404915914,0.8061815687254553,0.29045964868429797
46.551,4.610481165552073,0.8064431515465468,0.29052050469684154
46.571,4.60988720498797,0.8056807493163182,0.29033045165676974
46.591,4.608461472669143,0.8039263511311618,0.28989237478506036
46.611,4.6061851365466575,0.8012952306085982,0.2892490580741873
46.631,4.603065726700338,0.7978034525924631,0.28836182120679693
46.651,4.598906267795142,0.7937372896861474,0.28740266334778986
46.671,4.5937859836429515,0.789174249901794,0.2863231818999586
46.691,4.587769835688469,0.7842303773670968,0.285115803665129
46.711,4.58061065910548,0.7794749747752059,0.28408768759727326
46.731,4.5729782825417695,0.7746021048320461,0.28345852805688426
46.751,4.566362908314638,0.769286080111877,0.284401639991423
46.771,4.559974616055733,0.7648661660857877,0.2854136029746692
46.791,4.5540665929331485,0.7614401608101071,0.28649219024375183
46.811,4.548877667412481,0.758689040883618,0.28743042934120255
46.831,4.544548118516142,0.756604250362547,0.2882289820211386
46.851,4.541152658343717,0.7551436164294419,0.28889391206516624
46.871,4.538846130761628,0.75426165190799,0.2893715169031446
46.891,4.537664119306394,0.7538091125398574,0.28960836299957426
46.911,4.537600456443898,0.7537847807372737,0.28962095024019574
46.931,4.538655226018808,0.7541877428915644,0.28941060648528466
46.951,4.540833563824553,0.7550199658602699,0.28896177471471335
46.971000000000004,4.544104860508126,0.7563826428886087,0.2883090254730515
46.991,4.548286466738572,0.7583977442098805,0.28754760406662383
47.011,4.553338496029764,0.7610142723641399,0.2866164042803223
47.031,4.559083289335524,0.7643423846228092,0.2855908510078278
47.051,4.565363864152712,0.7684878635185699,0.2845327372068036
47.071,4.5718152542327175,0.7735613072860408,0.2836091730633073
47.091,4.578638689901426,0.7782351325170608,0.2838127998202425
47.111,4.585090681848104,0.7822881221377176,0.28465500891833045
47.131,4.590531816377575,0.7864305688063417,0.28565179623698955
47.151,4.595061509117019,0.7902299739831625,0.2865653153596616
47.171,4.598737694953503,0.7935587595686965,0.28735948129777406
47.191,4.601518532919915,0.7962783975473753,0.28801805932389046
47.211,4.603558510140423,0.7982735541145386,0.2884668534697409
47.231,4.6046953198603795,0.7995550673246287,0.28880048944995346
47.251,4.605009457748981,0.7999286873248869,0.2888934822876075
47.271,4.604533273558088,0.799367716788749,0.28875122553426813
47.291,4.60321222886799,0.7979305330046852,0.28838733326051746
47.311,4.601038127426832,0.7958041849837217,0.2879028842590061
47.331,4.598120436610576,0.7929506850816044,0.2872009180112816
47.351,4.594272548206319,0.7895685456135487,0.28641527437694564
47.371,4.58964957082198,0.785693552218249,0.2854598422777555
47.391,4.584064990689644,0.7816154027230057,0.2845084770495166
47.411,4.5776251913224915,0.7776064548962123,0.2836597910531995
47.431,4.5712548327625875,0.7731192438967034,0.2836984680401895
47.451,4.565602928541728,0.7686762121877183,0.2845017095485546
47.471,4.560265065287045,0.7650179345081684,0.28536574349942934
47.491,4.555451162889303,0.7622376570458287,0.2862503717092968
47.511,4.551413317768739,0.7598985521984167,0.28691786023374527
47.531,4.548158258548476,0.7583382386386432,0.2875726077496522
47.551,4.545853467842026,0.757228470766145,0.2880004923709496
47.571,4.544486641038037,0.7565703575804789,0.28824320536798576
47.591,4.544048929653546,0.7563580733908253,0.2883110081492914
47.611,4.544541016019979,0.756595597488781,0.28822784669745605
47.631,4.545963568312851,0.7572805465240853,0.28797475209151857
47.651,4.548324767593624,0.7584174783988413,0.2875350474597048
47.671,4.551637137874385,0.7600124715960732,0.286876768168326
47.691,4.555672970086327,0.7623694949790658,0.28621697797473483
47.711,4.56048570243691,0.7651593731848535,0.28531473538470803
47.731,4.565769639170955,0.7688074047772246,0.2844818188599946
47.751,4.571327481561036,0.7731763955281862,0.2836886906032604
47.771,4.57729022472345,0.7773899404824671,0.2836089464496625
47.791,4.582949816085019,0.7809130796081586,0.28437580523230466
47.811,4.587900129264319,0.7843296264568806,0.28512074642817375
47.831,4.591890003576755,0.7875730793157975,0.2859318766429978
47.851,4.595127444392831,0.790288535060417,0.2865706965971665
47.871,4.5976192097890465,0.7924666847336358,0.28707433454036224
47.891,4.599222451045103,0.794034557180694,0.2874731958807829
47.911,4.600066201742517,0.7948597100065717,0.2876758562347742
47.931,4.600156076176107,0.7949435609446212,0.28770098051129955
47.951,4.5994901755396755,0.7942923663479081,0.2875418908262516
47.971000000000004,4.598066171119096,0.7928997712174075,0.28719123068305263
47.991,4.595806378128041,0.7908527758576697,0.2867029960632327
48.011,4.5927629875816,0.7883000275885524,0.28611697656493995
48.031,4.58902978059853,0.7851688223798177,0.28532103729259917
48.051,4.584370114666686,0.7817983689257917,0.2845513473201952
48.071,4.578929697864008,0.7784137990783236,0.2838538883016392
48.091,4.573177030843723,0.7746843547309672,0.2834089009232421
48.111,4.5682157002703425,0.7707282417239728,0.2841538923056268
48.131,4.563634300091234,0.7672596117313715,0.28480317763861873
48.151,4.559459862938993,0.7645623564005897,0.2855155700841093
48.171,4.555963376711275,0.7625317303002686,0.2861685332586784
48.191,4.553243973924271,0.7609565352996013,0.2866331704167029
48.211,4.5512853908975055,0.7598418830833938,0.28695607406472706
48.231,4.550175761690977,0.7593102690535164,0.28717226192329837
48.251,4.550041602434046,0.7592381510113381,0.2872047193739499
48.271,4.550869734508267,0.7596421508785453,0.28704107131680556
48.291,4.552602039786476,0.7605844475147377,0.2867378305525645
48.311,4.555091961508349,0.7620266964774226,0.28632147913836536
48.331,4.558357072317253,0.7639180385678735,0.2857306960976321
48.351,4.562338102012973,0.7663790398859642,0.2850162210434328
48.371,4.566757388238121,0.7695814705027041,0.2843530983493123
48.391,4.571519960818685,0.77332895274532,0.2836553298472061
48.411,4.57668919059208,0.7770107006121276,0.2835285862376498
48.431,4.5815511950197365,0.780043917064563,0.2842070192524015
48.451,4.585862455257835,0.7828421254252038,0.28478709945968583
48.471,4.5893791929164856,0.7854623879593509,0.285401213935534
48.491,4.5920368950719395,0.7876899086416831,0.2859633163700648
48.511,4.593993496751733,0.789330908362973,0.28635527172834074
48.531,4.595262378128804,0.7903951426902157,0.2865970024923718
48.551,4.5958499656135805,0.7908896364477437,0.2867073318114468
48.571,4.595765346265348,0.7908108367063003,0.28669365033703936
48.591,4.594999137844994,0.7901699282774913,0.286552205930678
48.611,4.593552165419584,0.7889563312338722,0.28627346224084804
48.631,4.591414839049843,0.787163768260681,0.2858384268642437
48.651,4.588563140592515,0.7847970294754089,0.2852299998658766
48.671,4.5848862181473296,0.7821338574787271,0.2846179844693436
48.691,4.580464614942446,0.7793659375762813,0.28406506185663033
48.711,4.575532027238331,0.7763367873545601,0.28337215789517595
48.731,4.570976899913564,0.7728937102518866,0.2837418169000775
48.751,4.5669861906926,0.7697567392215443,0.28432140862459904
48.771,4.563393811638292,0.767094879935971,0.28484512106550824
48.791,4.5602999188696165,0.7650375974417769,0.28535294143267104
48.811,4.557876652905419,0.7636320242531061,0.2858187361895161
48.831,4.556248978811468,0.7626899283067141,0.28611666613770387
48.851,4.5554085273840785,0.7622030969603666,0.28626512143263794
48.871,4.555349533037005,0.7621716919988822,0.28627690271039047
48.891,4.556071853950159,0.762590448054406,0.28614304221783
48.911,4.557581771189394,0.7634651406316194,0.28586909409453265
48.931,4.559886526610991,0.764800317133435,0.28542987486868326
48.951,4.562867943822758,0.7667343760839617,0.28492418565503497
48.971000000000004,4.566348947525787,0.7692540766114471,0.28440748077153577
48.991,4.570193789987678,0.7722798476449159,0.28386320976242696
49.011,4.574416273476048,0.7757583973924574,0.28324707836239765
49.031,4.578899849444577,0.7783889955096396,0.28384284138718324
49.051,4.582813188148381,0.7808248552983664,0.28435875529520094
49.071,4.586145495870965,0.7830439796230186,0.2848358242576707
49.091,4.588786704381168,0.784957126558206,0.285264590631664
49.111,4.590610119558991,0.7864926790869285,0.28566117024121196
49.131,4.591726430995013,0.7874228176545653,0.28590338458347747
49.151,4.592136346086129,0.7877665715538233,0.28598821535971075
49.171,4.591844021595814,0.7875213867460868,0.28592783761672846
49.191,4.590848736986266,0.7866871125626238,0.28571175441363683
49.211,4.589142895098867,0.7852565322554586,0.28533860026639035
49.231,4.586646783310782,0.7834110798961849,0.28491846098987994
49.251,4.583474635652157,0.7812377850475218,0.2844450674351062
49.271,4.579695102735632,0.7788852078267777,0.28396054761893774
49.291,4.575396658106869,0.7762704580794867,0.2833542899220466
49.311,4.571411203736806,0.7732337789407828,0.28366593320146727
49.331,4.567954737944221,0.7705167512390132,0.2841819249909603
49.351,4.564945232786133,0.7681511780355278,0.2845750955792172
49.371,4.562368747624825,0.7664033087602122,0.28500536642191865
49.391,4.560403333357444,0.7651045520144848,0.28532722403160043
49.411,4.559147064136667,0.7643767443526631,0.2855729773710318
49.431,4.558703054571684,0.7641094465736482,0.28566206993360865
49.451,4.559055470338085,0.7643222102360391,0.28559519083033835
49.471,4.560218041062016,0.7649957300099051,0.2853685737196364
49.491,4.562087414435363,0.7662076061959359,0.28505328939613245
49.511,4.5645548285081965,0.7678814697410627,0.28464568059126005
49.531,4.567464235443514,0.7701314785559729,0.2842589273511487
49.551,4.570803448451223,0.7727562966767384,0.28377115565663524
49.571,4.574510475322564,0.7758475941447445,0.28322682363457724
49.591,4.578418729644526,0.7780912138082188,0.2837781479167647
49.611,4.58174705907927,0.7801628652755194,0.28422961300610505
49.631,4.5845936856910185,0.7819347704856923,0.28457231356172824
49.651,4.5867611310165515,0.7834891987042628,0.28493910336579265
49.671,4.5883128108500575,0.7846141010183456,0.28518957116627053
49.691,4.589203087072183,0.7853090776232741,0.28535159210962774
49.711,4.589353129208086,0.7854307563207396,0.28539217647408327
49.731,4.588781938469878,0.7849521708599516,0.28526066001991585
49.751,4.587498012641661,0.7840221518553268,0.28505698008726543
49.771,4.58561151498438,0.7826556858674207,0.28474144310778193
49.791,4.583065852413589,0.7809767643519493,0.28439011693069494
49.811,4.579985810761031,0.7790595562712272,0.2839943389902544
49.831,4.576412372093935,0.7768353337711178,0.28347631432928905
49.851,4.57271218491016,0.7742535663822003,0.28346325317756527
49.871,4.569578357963945,0.7717898788842094,0.2839575291920334
49.891,4.566903977576351,0.7696876566161157,0.2843344799272495
49.911,4.564661154412943,0.7679514110697238,0.2846241060844671
49.931,4.5628923073119525,0.7667514267682867,0.2849205716747298
49.951,4.561745215594819,0.7659732574123524,0.2851040921516458
49.971000000000004,4.561212642001566,0.7656119721090304,0.2851869653805034
49.991,4.561292756694247,0.7656653713866267,0.28518180282797967
50.011,4.5619819420046035,0.7661329713040864,0.2850677095979769
50.031,4.563288137705492,0.7670190771440488,0.28485660469101465
50.051,4.565200170784512,0.7683541074653109,0.2845497200953795
50.071,4.56753933291533,0.7701870461019474,0.284248786271668
50.091,4.570321339559825,0.7723738840363324,0.2838456855359208
50.111,4.57353559309972,0.7749602105144231,0.28335157669129446
50.131,4.577040715841824,0.7772287943709418,0.28357144801708023
50.151,4.580089440591273,0.7791263950163761,0.28400793449046347
50.171,4.582643935451765,0.7807164404303678,0.28433821973249807
50.191,4.584721283467678,0.7820095298745189,0.28458307053392184
50.211,4.586138982159536,0.7830363929590529,0.2848289208059642
50.231,4.58694384817916,0.783619380542822,0.28496361422655414
50.251,4.5871438616380855,0.7837573607349242,0.28499852148949295
50.271,4.586731371195218,0.7834657546434634,0.2849283523766846
50.291,4.585712845010238,0.7827280086908385,0.2847561444429768
50.311,4.584055411334607,0.7815950153985096,0.2845132063167564
50.331,4.581837720463945,0.7802145757824034,0.2842437972311401
50.351,4.579137440470645,0.7785337991672101,0.2838829778442844
50.371,4.575936654662439,0.7765415691129455,0.28340847309329875
50.391,4.572651208812592,0.7742075059225915,0.28346607184807854
50.411,4.5698998415171355,0.7720446299592385,0.2839021285392576
50.431,4.567611272762701,0.7702456302028151,0.2842314856012022
50.451,4.565770294716655,0.7687985161988211,0.2844745241495382
50.471,4.564363138769358,0.7677475451352147,0.2846737300848288
50.491,4.563524563305273,0.7671786422707567,0.28481500306629587
50.511,4.56331295841128,0.7670353901483811,0.28484909529448754
50.531,4.563729119358751,0.7673177380708921,0.28478968151657963
50.551,4.564771275321981,0.7680247734225583,0.28460610611395765
50.571,4.566300059718219,0.7692133324222312,0.2844081430259302
50.591,4.56826200556937,0.7707555456186809,0.28414251458325923
50.611,4.570675903580112,0.7726530807229485,0.28378525025987744
50.631,4.573529574840538,0.7749524070436896,0.28335143220902725
50.651,4.576686891000161,0.7770086751097024,0.28352391181889647
50.671,4.579385395588112,0.7786882812711878,0.28391735498186826
50.691,4.581583774626175,0.7800566481385076,0.28421119576435866
50.711,4.583296707691396,0.7811228831691824,0.28442359575446613
50.731,4.58453583918667,0.7818942119219009,0.28456822701606077
50.751,4.58521448012219,0.7823688167586211,0.28466885217543975
50.771,4.585267390219284,0.7824013595064159,0.284682890766193
50.791,4.584694798114625,0.7819969974943858,0.2845840217320226
50.811,4.5835556526146,0.7812862505514122,0.2844533620068702
50.831,4.581944073029216,0.7802825881843257,0.2842565297854203
50.851,4.579848452364729,0.7789805134235126,0.28397968158599673
50.871,4.577256190160757,0.7773683876375517,0.28360805524841276
50.891,4.574154834176765,0.7755376622419276,0.2832845225858731
50.911,4.571623448760189,0.7733988149954684,0.2836415456586856
50.931,4.569492053738132,0.7717233831088595,0.28397046269035997
50.951,4.567822028203358,0.7704106581236595,0.2842098368772548
50.971000000000004,4.566602182735192,0.7694518181606363,0.28437452432393306
50.991,4.565824226174864,0.7688403271361898,0.2844750822606046
51.011,4.565484404599928,0.7685703381598619,0.28451978184282134
51.031,4.565576510890479,0.768642747973511,0.2845018633495589
51.051,4.566104125577909,0.7690574649382615,0.2844348035673918
51.071,4.567070195988157,0.7698168237559693,0.28430787054968043
51.091,4.56848132360471,0.7709260276469831,0.28411280985326326
51.111,4.5703470436748495,0.7723925931151019,0.2838372839695162
51.131,4.572679759615341,0.77422629913772,0.28346447238337924
51.151,4.575366854730549,0.776241961655365,0.28335338915879765
51.171,4.577871837539076,0.7777475399739284,0.28370122035104506
51.191,4.5798425857835205,0.7789741417846646,0.2839805099244873
51.211,4.5813149933667106,0.7798905977629031,0.2841766182239167
51.231,4.582298968372761,0.7805030548194027,0.2843016981406834
51.251,4.582803070803599,0.7808132717811311,0.28436165922315104
51.271,4.582825106250927,0.7808305035688663,0.2843666307786861
51.291,4.582370334316783,0.780550083897863,0.28430564566755745
51.311,4.581434925237468,0.7799678501032721,0.2841871957325657
51.331,4.5800119210452666,0.7790821341681022,0.2839987134881687
51.351,4.5780917373246535,0.7778869890820972,0.28372849099789155
51.371,4.575648673517852,0.7764001089254586,0.28338032161012283
51.391,4.573115423010952,0.7745830793199114,0.2833947821229482
51.411,4.571049563316361,0.772947266034928,0.2837327908082221
51.431,4.56945054208,0.771690308571271,0.28397669582334495
51.451,4.568313512214789,0.7707965311769688,0.28414114247962674
51.471,4.5676308323648955,0.7702599090691824,0.2842362939820183
51.491,4.567394509521143,0.7700803425683903,0.2842645428320939
51.511,4.567613125985033,0.7702459780101025,0.2842387488938004
51.531,4.568277893140174,0.7707685185951438,0.28414620089388554
51.551,4.569396758607784,0.7716480141381906,0.28398468239900765
51.571,4.570977241342463,0.7728903921148647,0.2837442075550039
51.591,4.573029818149993,0.7745039129338047,0.28341031584981946
51.611,4.575424231602385,0.7762759147472685,0.2833614604890675
51.631,4.577620140796353,0.7775899022890375,0.28366369876177355
51.651,4.579278143534513,0.7786200540911898,0.28390110407952857
51.671,4.580433864404861,0.7793364396174816,0.2840574392261629
51.691,4.581092197984778,0.7797475194403631,0.2841454798788709
51.711,4.581258973591452,0.7798543748077906,0.28416919121431755
51.731,4.580937064568157,0.7796560963979552,0.2841259677292231
51.751,4.58012485967489,0.7791488565845192,0.2840186823928921
51.771,4.578813717766253,0.7783358162694269,0.28383528545850656
51.791,4.5769987923755,0.7772033751500486,0.2835712676552453
51.811,4.574644149061857,0.7758585985547838,0.28328160821211085
51.831,4.572608316703379,0.7741662904700988,0.28347846252558506
51.851,4.570974204112853,0.7728842807126505,0.2837434721087766
51.871,4.569813941588651,0.7719721981662506,0.2839213934541086
51.891,4.569118794534401,0.7714257545860863,0.28402426100167044
51.911,4.568883156051514,0.7712428765684872,0.2840598695532257
51.931,4.569106546395488,0.7714187146180581,0.2840215495577042
51.951,4.569791101368625,0.7719568318226097,0.28392031551850505
51.971000000000004,4.570940621939538,0.7728604621952404,0.2837442302633937
51.991,4.572562744326592,0.774135626554595,0.2834827376670355
52.011,4.574535418668683,0.7758121523091439,0.28327807934047194
52.031,4.576639101765824,0.7769787437242278,0.2835164546949064
52.051,4.578179409819628,0.7779374448006188,0.28374582669893245
52.071,4.5792088121587655,0.7785781661055432,0.28389254907167505
52.091,4.579734167235539,0.7789051619188836,0.28396540336916276
52.111,4.5797625342713575,0.7789166716617175,0.2839630323182168
52.131,4.57928348346196,0.7786246463907397,0.28390299252838724
52.151,4.578304433528693,0.778015263305336,0.2837639400452735
52.171,4.576815320579043,0.7770884213125642,0.2835433259674032
52.191,4.574791761613741,0.7759366222540701,0.2832967274407359
52.211,4.5729486643466695,0.7744336527842615,0.28342203848701814
52.231,4.571490957038904,0.7732964905153878,0.28365561003260126
52.251,4.570514854782339,0.7725291671186822,0.28380875053085935
52.271,4.570009092012629,0.7721315852355336,0.2838859303684312
52.291,4.569973226664306,0.7720991342050862,0.2838988623542113
52.311,4.570399670940193,0.7724362404218252,0.2838292100455607
52.331,4.571297136457521,0.7731417405329449,0.28368922654461026
52.351,4.572670109521889,0.7742210561082087,0.283466047345506
52.371,4.574389727745846,0.775731832949133,0.28324363771586225
52.391,4.576259068872548,0.7767417804482883,0.2834581014091362
52.411,4.57759591584467,0.7775738367281066,0.2836603735059249
52.431,4.578417436771176,0.7780851613402164,0.283780266517545
52.451,4.57873035335376,0.7782799265923926,0.2838152530239765
52.471,4.578532932025263,0.7781570528854752,0.28379685768567886
52.491,4.577827662592407,0.7777181053400332,0.2836945536470686
