timestamp,x,y,z
6.711,1.9923125007892775,0.00021569366916576797,0.001221237470788783
6.731,1.9923126109100031,0.00021586775266925124,0.0012209587414628298
6.751,1.9923099832603237,0.00021608034121305505,0.001221515591041028
6.771,1.9923112742743438,0.00021792339770574398,0.001221424641595692
6.791,1.992310373675023,0.00021889516271763018,0.0012213978893969302
6.811,1.9923082619208055,0.0002175101774528567,0.001220090135921642
6.831,1.9923095362786782,0.0002204276196275194,0.0012214962416746966
6.851,1.99230806159498,0.00022208583179321716,0.0012213126177152145
6.871,1.9923065844537575,0.0002228546486825488,0.0012158828484578055
6.891,1.992305947588017,0.0002243901540262489,0.0012175506155770177
6.911,1.9923055131234824,0.00022473163756633308,0.001220753650715084
6.931,1.9923047665183289,0.00022575285080782,0.0012200695844486464
6.9510000000000005,1.9923037630899005,0.0002248916865821498,0.0012216847670916686
6.971,1.9923038894181924,0.0002269332987193394,0.0012220497588660284
6.991,1.9923016413023642,0.0002271459652184096,0.0012220033352759452
7.011,1.9923004390514942,0.00022739137562349262,0.0012217366654491968
7.031,1.9923013273665566,0.00022871747150565052,0.001221858156785438
7.051,1.9922994490362578,0.0002305181609307354,0.001221674217328217
7.071,1.9922993408167056,0.0002301327576060673,0.0012211959088962165
7.091,1.992297876312189,0.00023178926395123718,0.0012124901463619053
7.111,1.9922931153629067,0.0002294867132436314,0.001220083719865983
7.131,1.9922940062173353,0.00023247480103867044,0.0012218984354923357
7.151,1.9922919170178894,0.00023274366439246223,0.0012213436121484567
7.171,1.9922929150976725,0.00023498362878529767,0.0012209769457392772
7.191,1.9922917458351674,0.00023602515577658765,0.0012126836196245383
7.211,1.9922904717532646,0.00023536319245358943,0.0012230726078820697
7.231,1.9922920681256393,0.00023819339703909045,0.001222025194569265
7.251,1.9922894196713954,0.0002386548168844764,0.001222040099726207
7.271,1.9922871819649808,0.00023838307431274934,0.0012217238986466372
7.291,1.9922854293238053,0.0002402894257155224,0.0012128609530107914
7.311,1.9922842297769314,0.00023954793957538077,0.0012232738336646343
7.331,1.992285832114714,0.00024241116550709275,0.0012222226971853878
7.351,1.9922814082865672,0.00024277407597958373,0.0012224522385549663
7.371,1.9922827335555104,0.00024333097659653106,0.0012214423230733074
7.391,1.9922819206192894,0.00024483204829196657,0.00122266044951444
7.411,1.9922793075503196,0.00024543223242532255,0.0012226162239742655
7.431,1.9922757273073692,0.00024626563232719214,0.001224875848364143
7.451,1.9922731214479428,0.00024564027986810947,0.0012227301496298137
7.471,1.9922737262408567,0.0002481389730084073,0.0012223476124545718
7.491,1.992275805552459,0.00024823515726426007,0.0012221110454539719
7.511,1.9922711575551768,0.0002491771751758745,0.001218775695516594
7.531,1.9922719732870704,0.00025066582027609896,0.0012217071203151908
7.551,1.9922718058520077,0.0002507276037833705,0.0012228062270799867
7.571,1.9922696097065231,0.000251208260386755,0.0012240233193761552
7.591,1.9922734097756356,0.0002511857635925336,0.0012221119265195812
7.611,1.9922734018776858,0.000252044548300004,0.0012221736055809673
7.631,1.992271233459933,0.0002521326606320436,0.0012227768685745544
7.651,1.9922726770209285,0.0002548711661806674,0.0012236093617346011
7.671,1.992277014118844,0.0002571390969614932,0.0012230037941114158
7.691,1.9922736635051623,0.0002575804556381007,0.0012230834807769597
7.711,1.9922709657606632,0.0002585641580573027,0.0012230994898356218
7.731,1.9922715897446555,0.0002590350677287836,0.0012209942658272521
7.751,1.9922704780997615,0.00026220280611586715,0.0012221273978782476
7.771,1.99227284240762,0.000262598365963848,0.0012232258663352202
7.791,1.992269914123698,0.00026294849573717607,0.0012234709995120052
7.811,1.992270586770587,0.00026607113848074173,0.0012231874699080991
7.831,1.992266796885073,0.000268661962205892,0.0012159177719889558
7.851,1.9922644527823665,0.0002692048871798642,0.0012191572064314538
7.871,1.9922659556853797,0.0002714626089142626,0.0012227800375366749
7.891,1.9922688062142881,0.0002749399245845531,0.0012226009567873342
7.911,1.992268769370574,0.000275740643932993,0.001222664842116361
7.931,1.9922663826091342,0.0002761047024733309,0.001223363602952443
7.9510000000000005,1.9922667272238397,0.00027617638967346845,0.0012209313935261645
7.971,1.9922633178109526,0.0002766202238860102,0.0012212620052749756
7.991,1.992266977976893,0.0002789787785185997,0.0012223348953798174
8.011,1.9922640779439629,0.00028081077393702936,0.0012236329336064444
8.031,1.9922641840637068,0.0002833064110265922,0.0012137749895163308
8.051,1.9922602688449662,0.0002843514514892904,0.0012159085448799067
8.071,1.9922603343927714,0.0002849121147761786,0.0012218616550205008
8.091,1.9922586500134725,0.00028922744335801233,0.0012237017601977873
8.111,1.9922607657604978,0.0002933853011934327,0.001216298601654342
8.131,1.9922612641612627,0.0002936013440745303,0.0012235661981497281
8.151,1.9922601843695666,0.00029301051798899167,0.0012143019268618938
8.171,1.9922589216217297,0.000292386881701336,0.0012239189681439444
8.191,1.9922563850848172,0.00029377640880528833,0.001225267334432567
8.211,1.9922580451557013,0.00029695123997500764,0.0012240271723603091
8.231,1.9922563221825182,0.0002992079602508986,0.0012238881576673022
8.251,1.9922549099289688,0.000298442218479418,0.0012241574722857973
8.271,1.9922558038007006,0.0003024942116284386,0.0012226677772047556
8.291,1.9922542879690455,0.00030226667225535797,0.001224042342219983
8.311,1.9922530728110166,0.00030249321631942676,0.0012229061200006164
8.331,1.9922525856941922,0.00030495113619514774,0.0012226433257192804
8.351,1.992251903854142,0.000304330176552224,0.0012227906106506425
8.371,1.9922522692966236,0.0003052286004086952,0.001224535901701851
8.391,1.9922544138268583,0.00031119960138055946,0.0012215453235426277
8.411,1.9922567898577377,0.00031052937167370893,0.0012243398919487558
8.431000000000001,1.9922538804442413,0.0003108536079482342,0.001224607402471184
8.451,1.9922536349333815,0.00031092825745223523,0.0012250169429527669
8.471,1.9922496451413614,0.0003120423788455556,0.001224698854321693
8.491,1.9922493387691729,0.00031506027278402885,0.0012231164806899286
8.511,1.9922402077495394,0.000315444388026159,0.0012246606512289204
8.531,1.9922420280987208,0.00031774108354290406,0.001224505638632828
8.551,1.9922421530598027,0.0003177060964082796,0.0012244587160734066
8.571,1.9922395882561739,0.000318607270940644,0.0012244480134865898
8.591,1.9922399642378994,0.0003163858488657977,0.0012230414358798958
8.611,1.9922345123025973,0.0003209681771382812,0.0012231470337689676
8.631,1.992226920060787,0.0003219041917690466,0.0012224843503872707
8.651,1.9922257758310202,0.00032483890451339656,0.0012179839099160927
8.671,1.9922262980309065,0.0003251175916172984,0.001224557911359253
8.691,1.9922252303764614,0.00032455709760593945,0.001215398871657003
8.711,1.992225665201605,0.00032919330375834473,0.0012245577667601704
8.731,1.9922282409201115,0.0003326419542568231,0.001224648266218653
8.751,1.9922279715351614,0.00033143578396365093,0.0012231270155152185
8.771,1.9922271379906207,0.000332570419961509,0.0012248502858667187
8.791,1.9922277945817326,0.00033706884332269715,0.0012250208112334349
8.811,1.9922301583235509,0.00034076316920884296,0.0012249170720406433
8.831,1.9922309569529477,0.0003414534588677105,0.0012249313979419418
8.851,1.9922289863677733,0.0003406555586094261,0.0012252461655672675
8.871,1.992229285023923,0.00034533078426450775,0.0012239711302791945
8.891,1.992231712963499,0.0003491380390134892,0.0012235420635759997
8.911,1.9922331032029628,0.0003491711590950414,0.0012252287495917724
8.931000000000001,1.9922308325714049,0.0003487862018103776,0.0012158391901048171
8.951,1.992229922303392,0.0003475508841975481,0.0012192876961323318
8.971,1.9922272139077877,0.00035058081498449034,0.001225311361122361
8.991,1.9922308123611616,0.00035351626390423723,0.0012252507960218983
9.011,1.9922307036116416,0.00035326667715181214,0.0012248845773639438
9.031,1.9922284342670245,0.00035400464376333647,0.001225164101496673
9.051,1.992229890887409,0.0003582608023878113,0.0012191391426371323
9.071,1.9922321386222444,0.00035909254224526094,0.0012212008703278432
9.091,1.992230945968333,0.0003597175037016936,0.001225706039489849
9.111,1.992230394817163,0.00036244098915006384,0.001215903247973188
9.131,1.992226476253209,0.0003632179440496819,0.0012256741029338658
9.151,1.9922265648856112,0.0003654844253157502,0.0012254655835093609
9.171,1.992224907923259,0.0003688415938829755,0.001224581443830669
9.191,1.9922271623420655,0.0003727800155170363,0.0012240489616110461
9.211,1.9922285893855507,0.00037282141442034083,0.0012257466458938382
9.231,1.992226322881223,0.000372450581439086,0.0012163508763166075
9.251,1.9922254095657654,0.00037121435414181367,0.0012198107065627128
9.271,1.9922228074980182,0.0003742491228970683,0.0012258314624793154
9.291,1.9922240047699948,0.0003765370736207637,0.001225910386612794
9.311,1.9922225224773495,0.0003785161454638971,0.00122577499653162
9.331,1.9922213909453652,0.00037905840543058596,0.001220380154255074
9.351,1.9922207851988394,0.00038067868744990035,0.0012219779024074118
9.371,1.99221880081002,0.0003810862961798746,0.0012261271582122146
9.391,1.9922199718352593,0.00038203574284788685,0.0012259604997258977
9.411,1.9922179923448176,0.0003827941433042055,0.0012258404580710591
9.431000000000001,1.9922154227234674,0.00038294519705884145,0.0012263596604683291
9.451,1.9922167478832646,0.0003847931934598366,0.0012262703879424575
9.471,1.9922158738571345,0.0003856952477988402,0.0012262453637225668
9.491,1.9922181338387,0.0003868045272773104,0.0012258723126235271
9.511,1.9922168205439632,0.00038826683181901396,0.0012249494102424263
9.531,1.99221955809643,0.00039190396011420643,0.00122488979423388
9.551,1.9922194762518846,0.00039385941994195554,0.0012253701899999359
9.571,1.9922182614629298,0.0003939002346806839,0.0012269566868878534
9.591,1.9922193946377986,0.00039747584792906295,0.0012257904655730567
9.611,1.9922222685979982,0.0004007649255855271,0.0012259060154431178
9.631,1.992221543259459,0.0003999771006690584,0.0012250610910905235
9.651,1.9922201654159837,0.0004032138049680305,0.001220101757440667
9.671,1.992219302696937,0.00040490445294312527,0.0012238396264639684
9.691,1.9922150910039076,0.0004053864000568973,0.0012268148342287621
9.711,1.9922144376246234,0.00040714831520250784,0.0012257361964663482
9.731,1.992216337807817,0.0004112860356759524,0.0012265242251235375
9.751,1.9922188299580903,0.00041284648426410497,0.0012251602736209621
9.771,1.9922162249568403,0.00041090384363079267,0.001224797409599937
9.791,1.9922160744297952,0.00041248248012797735,0.0012267598454616668
9.811,1.9922123505558147,0.0004131665101326102,0.001224871427592672
9.831,1.9922145267864504,0.0004178102378291143,0.001227162314885455
9.851,1.992212499621159,0.00041806027874518535,0.0012271692145222057
9.871,1.9922114543666933,0.00041853746580944464,0.0012268481388459929
9.891,1.9922123424048304,0.00041990567240267015,0.0012269740707429588
9.911,1.9922104277945358,0.00042171402226726465,0.0012268483825904897
9.931000000000001,1.9922089391770161,0.00042106749417836176,0.0012271195455414163
9.951,1.9922098298225603,0.0004250700838249635,0.001225624831708405
9.971,1.9922083327704054,0.00042485012641716054,0.0012270012082957193
9.991,1.9922071275973618,0.0004250811039793618,0.0012258628140318362
10.011,1.9922066481072864,0.0004275337597779511,0.0012255996739990171
10.031,1.9922057303064058,0.0004266129696492356,0.0012272060157585696
10.051,1.9922058759627537,0.000428713109902886,0.0012275816925881866
10.071,1.9922036603702684,0.00042888501291523886,0.001227542633270795
10.091,1.992202502611475,0.0004291348684549652,0.001227266979285463
10.111,1.9922034223300369,0.00043049972140084416,0.0012273891062659081
10.131,1.9922015191318196,0.00043224555896051074,0.0012272637475879422
10.151,1.992200065459524,0.000431665660789517,0.0012275337327550817
10.171,1.9922009481233105,0.00043563905368181283,0.0012260379022144274
10.191,1.992199459228502,0.0004354148826355425,0.001227415874937715
10.211,1.9921973045188994,0.00043627712385289023,0.001225246338617647
10.231,1.9921961009737785,0.0004384158818665828,0.0012274623425589382
10.251,1.9921971436500194,0.0004391991857367207,0.0012274688516710208
10.271,1.9921952065813733,0.0004383938741219217,0.001227781349027679
10.291,1.9921954681191405,0.0004430535873139773,0.0012264692471361804
10.311,1.9921979477658196,0.0004468252585933421,0.0012260725923627924
10.331,1.9921993100403308,0.00044684080159244167,0.001227750762663543
10.351,1.9921973901037446,0.00044526263325881456,0.0012255686010045896
10.371,1.9921977873710173,0.00044904947178835,0.0012264448159139685
10.391,1.9922006001572152,0.0004526450870898845,0.0012264153715026704
10.411,1.9922004999847116,0.00045458619754967783,0.0012268802130073753
10.431000000000001,1.9921992853147479,0.00045459125232668283,0.0012284662985928008
10.451,1.9922004050912838,0.00045814846665969864,0.0012273188673246893
10.471,1.9922032829375698,0.0004614440839079333,0.0012274301879406924
10.491,1.9922025649983988,0.0004606421652169299,0.0012265914653761256
10.511,1.9922011820072323,0.00046385376559106674,0.0012215962499253497
10.531,1.9922022953083098,0.00046549748194232653,0.0012274438015052735
10.551,1.9922051718525255,0.0004689741273993157,0.0012272957826022501
10.571,1.9922051346686351,0.00046970180258961954,0.001227371998361676
10.591,1.9922030681741545,0.0004714839783315573,0.001227959921111188
10.611,1.99220302319972,0.00047154292602202575,0.0012284360325992283
10.631,1.9921975008126565,0.0004736910017903059,0.0012271061444376619
10.651,1.9921975338274005,0.00047512858041405455,0.0012285406049976633
10.671,1.9921996709912448,0.00048109774135409296,0.001225545335365813
10.691,1.9922020449044064,0.0004804339388334483,0.0012283378616506913
10.711,1.9921991372218633,0.000480761067623455,0.0012285974912205067
10.731,1.9921998404979264,0.0004839185128975416,0.0012283088938905007
10.751,1.9921955378734548,0.00048464179100942345,0.0012276249819521967
10.771,1.9921955381614307,0.00048563011809022664,0.001228499684710671
10.791,1.992198528080398,0.000490113646722796,0.0012283024764922212
10.811,1.9921976470782163,0.0004906935020200984,0.0012271181831579325
10.831,1.9921976597441151,0.0004927541054554943,0.001227585405375986
10.851,1.9921961115187807,0.000492407476490239,0.0012284183949597682
10.871,1.992195999257008,0.0004908987257176489,0.001228817623769557
10.891,1.9921931461798874,0.0004955392264857839,0.0012259155624314844
10.911,1.9921936216494054,0.0004965442541790716,0.0012273799571917154
10.931000000000001,1.9921923896407714,0.0004984836957770098,0.0012281474281586324
10.951,1.9921912582826085,0.0004989802884944851,0.001228567305179562
10.971,1.992190708035041,0.0005006376154750669,0.0012288019536311479
10.991,1.9921892115008577,0.0005026311894007084,0.001226132857274853
11.011,1.9921901696535038,0.0005013028318354994,0.0012269472041277762
11.031,1.9921879550002115,0.0005012798026465834,0.0012270370806819197
11.051,1.992185357690615,0.0005033750939955641,0.00122253024633176
11.071,1.9921871541922298,0.0005061921667793707,0.0012263538178289568
11.091,1.9921857802193443,0.0005058710358811962,0.0012193840962082259
11.111,1.9921843124465395,0.0005060356708847638,0.0012278438137853231
11.131,1.9921847606006275,0.0005072623778501951,0.0012278463589289468
11.151,1.9921834877904279,0.0005089502367750559,0.0012285405563060292
11.171,1.992182317448161,0.0005095491945100549,0.0012289862095852533
11.191,1.9921817570024594,0.0005111569344131898,0.0012292175286653106
11.211,1.9921802620984113,0.0005131248659681769,0.0012265499100331811
11.231,1.9921812405662136,0.000511818138635444,0.0012273620125183293
11.251,1.9921790202430574,0.0005117707574304833,0.0012274549085799502
11.271,1.9921764408592957,0.0005138722006177627,0.0012229322357629469
11.291,1.9921782495477853,0.0005166944245589897,0.0012267698232285573
11.311,1.9921768657950034,0.0005163443225965519,0.0012197962937230133
11.331,1.9921754282835167,0.000516537664652146,0.001228250800225511
11.351,1.9921758727845182,0.0005177472236999158,0.0012282666482332505
11.371,1.9921746030002871,0.0005194312461708165,0.0012289641473155477
11.391,1.9921734522511656,0.0005200482545041875,0.0012294039446949234
11.411,1.9921728865124846,0.0005216385082948466,0.0012296314593051305
11.431000000000001,1.9921714111429953,0.000523613641414158,0.0012269664358171561
11.451,1.992172395521263,0.000522326759456092,0.0012277754014889952
11.471,1.9921701757788963,0.000522266713808811,0.001227874186673833
11.491,1.9921724529427187,0.0005246496782817618,0.0012268865802571027
11.511,1.9921684818987981,0.0005279574058299787,0.0012252211091497156
11.531,1.9921682367630569,0.0005290438112687092,0.0012298772722879603
11.551,1.9921687587414862,0.0005310300579117672,0.001228249477182558
11.571,1.9921659936816731,0.0005300996590742065,0.0012274107665057599
11.591,1.9921656724646366,0.0005335275238019212,0.0012297484707950446
11.611,1.992163654010971,0.0005359365125105151,0.0012284322360884836
11.631,1.9921638589032693,0.0005351207332367568,0.0012302388829203426
11.651,1.9921620225873709,0.0005381153229113086,0.0012300580678879791
11.671,1.9921634464196676,0.0005392469759364427,0.0012303285679634013
11.691,1.99216337662037,0.0005424098318306356,0.00123046217482356
11.711,1.992154470892729,0.0005422175596759534,0.0012304384140340296
11.731,1.9921559527718398,0.0005446367150340205,0.001228410371131583
11.751,1.992154113599653,0.0005442284587725256,0.0012262960644576215
11.771,1.9921529673881686,0.0005477701818994713,0.001228657871236244
11.791,1.9921484579301796,0.0005478227798953223,0.0012304443680590527
11.811,1.992151378146106,0.000547524771374902,0.0012305253834331287
11.831,1.9921489670284076,0.0005485554329517937,0.0012287354658520322
11.851,1.9921496087014405,0.0005522674899460845,0.0012288940026933537
11.871,1.9921516686181424,0.0005536889891257625,0.0012303733949630968
11.891,1.9921515817668312,0.0005533281690073723,0.0012299869409652386
11.911,1.9921495437839476,0.0005560576925961074,0.001229942238916426
11.931000000000001,1.9921511592085588,0.000553555675446651,0.0012302368562467636
11.951,1.9921526356010808,0.0005512224198370428,0.0012302684966461475
11.971,1.9921541183633997,0.0005488902891456007,0.0012302981890112696
11.991,1.9921556041863655,0.0005465571684945933,0.0012303275197191876
12.011,1.9921570923686716,0.0005442234458861159,0.0012303568034710277
12.031,1.9921585828279615,0.0005418891527198651,0.001230386095736835
12.051,1.992160075542529,0.0005395543071242575,0.001230415404357449
12.071,1.992161570436997,0.0005372189933015425,0.0012304447295369003
12.091,1.9921630674920574,0.0005348832037844636,0.0012304740684128124
12.111,1.9921645666973404,0.0005325469379688672,0.001230503422448126
12.131,1.992166068052253,0.0005302101981144281,0.0012305327927894238
12.151,1.9921675715528906,0.0005278729859662649,0.0012305621791146304
12.171,1.9921690772010205,0.0005255353029993942,0.0012305915807756251
12.191,1.9921705849773872,0.0005231971854747735,0.0012306210007989038
12.211,1.992172094810415,0.0005208586965577018,0.0012306504355700243
12.231,1.9921736066824112,0.0005185198238906475,0.0012306798834123556
12.251,1.992175120581542,0.0005161805560252472,0.00123070934394498
12.271,1.9921766365032416,0.000513840893909916,0.001230738821293792
12.291,1.9921781544542683,0.0005115008405297439,0.001230768313216779
12.311,1.9921796744498084,0.0005091604149305273,0.0012307978221568483
12.331,1.9921811964051763,0.000506819696828877,0.001230827344787161
12.351,1.9921827202880735,0.0005044786729655874,0.0012308568810152076
12.371,1.9921842460934258,0.0005021373429529947,0.0012308864301343592
12.391,1.992185773827656,0.000499795708839171,0.001230915994631654
12.411,1.992187303528185,0.0004974537763951431,0.0012309455775004752
12.431000000000001,1.9921888351880805,0.0004951115709887413,0.0012309751751146125
12.451,1.9921903687168658,0.0004927691596710054,0.001231004785795936
12.471,1.9921919040844693,0.0004904265272882413,0.0012310344087461678
12.491,1.9921934413128928,0.00048808368400115297,0.0012310640413860097
12.511,1.9921949804290526,0.00048574064314363136,0.0012310936881586854
12.531,1.9921965214336095,0.00048339740255053245,0.0012311233485515216
12.551,1.9921980642744188,0.00048105401702385945,0.0012311530253978076
12.571,1.9921996089009042,0.00047871049095802947,0.0012311827172333256
12.591,1.992201155419622,0.0004763668384071304,0.001231212433671941
12.611,1.9922027038579981,0.00047402306541252393,0.001231242164952684
12.631,1.9922042542201315,0.00047167917172066766,0.0012312719063153899
12.651,1.9922058064480348,0.000469335217414813,0.0012313016572691737
12.671,1.9922073604335855,0.00046699123790457016,0.001231331414056569
12.691,1.9922089161692456,0.00046464722440048945,0.0012313611790809864
12.711,1.9922104736478121,0.000462303176124173,0.001231390956681011
12.731,1.9922120328696944,0.00045995909240430477,0.0012314207453241743
12.751,1.9922135937773164,0.0004576149900979738,0.0012314505640623474
12.771,1.9922151563339983,0.00045527084416490597,0.0012314803927629958
12.791,1.9922167205376795,0.00045292665115012306,0.0012315102303464553
12.811,1.9922182863889348,0.00045058241277955516,0.0012315400747671401
12.831,1.9922198538374436,0.0004482381894247924,0.0012315699213656939
12.851,1.9922214226538555,0.00044589412408316926,0.0012315997527024836
12.871,1.9922229927781232,0.00044355019323800147,0.0012316295881520944
12.891,1.9922245634169946,0.0004412064820210387,0.0012316594743536913
12.911,1.9922261341082201,0.000438863098517722,0.001231689215337839
12.931000000000001,1.9922277058971447,0.00043651915053784343,0.00123171842204442
12.951,1.9922292785296196,0.0004341744317594392,0.001231747595027477
12.971,1.9922308519787126,0.00043182895683261166,0.0012317767672845592
12.991,1.9922324262424236,0.00042948272753731204,0.0012318059435333095
13.011,1.9922340013205821,0.00042713574525739864,0.001231835122207453
13.031,1.9922355772115488,0.00042478801228982313,0.0012318643018582598
13.051,1.9922371539119428,0.0004224395284703013,0.0012318934852633134
13.071,1.9922387314221932,0.000420090295951115,0.0012319226706414
13.091,1.992240309743407,0.00041774031782992524,0.0012319518575802102
13.111,1.9922418888684315,0.00041538959146274586,0.0012319810475616422
13.131,1.9922434688003832,0.00041303812164123865,0.0012320102404187738
13.151,1.9922450495370612,0.0004106859072969507,0.0012320394348893926
13.171,1.9922466310754288,0.0004083329500415816,0.0012320686326315056
13.191,1.9922482134175779,0.00040597925114096235,0.0012320978328110022
13.211,1.9922497965608001,0.00040362481244726495,0.0012321270343287893
13.231,1.9922513805025286,0.0004012696349557862,0.0012321562384683682
13.251,1.9922529652420202,0.00039891371992121003,0.0012321854447088498
13.271,1.992254550779511,0.00039655706798445006,0.0012322146552425361
13.291,1.992256137114498,0.00039419968127902785,0.0012322438660073154
13.311,1.9922577242420607,0.0003918415594290625,0.0012322730791200498
13.331,1.9922593121655572,0.0003894827057027163,0.0012323022951543083
13.351,1.9922609008798535,0.00038712311994406695,0.001232331513473156
13.371,1.9922624903865658,0.0003847628045735154,0.0012323607331534148
13.391,1.9922640806704783,0.0003824017598031363,0.0012323899539562755
13.411,1.9922656717201481,0.000380039990153222,0.0012324191753573521
13.431000000000001,1.99226726353604,0.00037767749602856277,0.0012324483989349655
13.451,1.9922688561141213,0.0003753142773449193,0.0012324776244065638
13.471,1.9922704494568995,0.0003729503377507883,0.001232506851283205
13.491,1.9922720435652908,0.000370585674474563,0.0012325360823188247
13.511,1.992273638447377,0.0003682202909443815,0.0012325653150982996
13.531,1.9922752340988867,0.0003658541868970403,0.0012325945491898638
13.551,1.9922768305171834,0.0003634873628793193,0.0012326237869101642
13.571,1.9922784277031738,0.00036111982064312986,0.0012326530246827838
13.591,1.9922800256521545,0.00035875156199506445,0.001232682265569801
13.611,1.992281624367432,0.0003563825871577502,0.0012327115077165884
13.631,1.992285275150186,0.00035810612322762013,0.0012255002992842545
13.651,1.992281435259402,0.00035896244724735796,0.0012236605663786537
13.671,1.992278745582429,0.00036036781826383673,0.0012333266081244187
13.691,1.9922773906020286,0.00036028058344971285,0.0012335538255573708
13.711,1.9922775066936746,0.00035761942780426336,0.001231408476043111
13.731,1.9922762547174733,0.00036187210155133197,0.0012320024313433875
13.751,1.9922815947017942,0.00036393107292630525,0.001225818354812197
13.771,1.9922848285044605,0.0003638924478704137,0.0012315144037096104
13.791,1.9922890160459703,0.00036740557326523277,0.0012325216238808223
13.811,1.9922902539630516,0.0003680556358712715,0.0012342027795769206
13.831,1.9922910967079126,0.0003694068119900955,0.0012320252982286617
13.851,1.992293098468167,0.0003697424844906966,0.0012336423505086846
13.871,1.9922958947232576,0.0003728608566221604,0.0012319040232634249
13.891,1.9922980008471824,0.0003705140199626806,0.0012313145087181343
13.911,1.9922984540135513,0.00037129109064412376,0.0012324573102065195
13.931000000000001,1.99230074997148,0.000373451205138665,0.0012337288035290939
13.951,1.9923036494232995,0.00037533721736689033,0.001232945202994884
13.971,1.992305535849991,0.000374958802888527,0.0012338621074262923
13.991,1.9923063202668405,0.0003752555425617994,0.0012339030774180526
14.011,1.9923082932914455,0.00037778896916702175,0.001230690012211877
14.031,1.99231144543352,0.00037917480847670645,0.0012337624325316765
14.051,1.9923133093739323,0.00037941897467066337,0.0012324507639747406
14.071,1.9923134442453312,0.00037990617410830135,0.001232734039868233
14.091,1.9923177676152282,0.00038142422550257993,0.0012345596584447116
14.111,1.9923187271960288,0.00038297366998444926,0.0012297848228664254
14.131,1.99232047949309,0.0003817056436902604,0.0012328011093647173
14.151,1.992321167583077,0.0003817148149624043,0.001232513194593221
14.171,1.9923256901280997,0.00038455759138360636,0.0012324408885821814
14.191,1.9923265184170997,0.00038687077139860844,0.0012340625293431051
14.211,1.992328269144501,0.0003864470723748491,0.0012335022891066527
14.231,1.9923305156574398,0.0003866754970803952,0.0012345105165744164
14.251,1.9923329991633918,0.00038942684506254,0.001234135533603714
14.271,1.9923343153366058,0.0003907694278571675,0.0012285728150539799
14.291,1.9923360712890468,0.0003898586610415132,0.0012339597772297872
14.311,1.9923376982990557,0.0003925531823396935,0.0012319122552009454
14.331,1.9923408105567058,0.0003926844919102517,0.001233783788940207
14.351,1.9923421256980498,0.00039330911338318614,0.0012354487918530277
14.371,1.9923429796318946,0.0003946706690654869,0.0012332507576367502
14.391,1.9923449988597528,0.0003949883532151538,0.0012348688904262328
14.411,1.9923478280551399,0.00039809972736402655,0.0012331274858670693
14.431000000000001,1.992349944505335,0.00039573565519783385,0.0012325317676566139
14.451,1.9923503872244324,0.00039650737623408674,0.0012336616056640992
14.471,1.9923527205617768,0.00039867276646666746,0.0012349600705547081
14.491,1.9923556537676648,0.0004005509403359263,0.001234178417461429
14.511,1.9923575520384278,0.0004001566883326194,0.0012350830931845136
14.531,1.9923583281471842,0.0004004406273768609,0.0012351225017352974
14.551,1.9923603366379457,0.0004029749143773076,0.001231931245413237
14.571,1.9923635201594412,0.00040435216812042125,0.001234994141214113
14.591,1.9923653966371646,0.00040459039852374675,0.001233694042073047
14.611,1.9923655300769478,0.0004050669793852613,0.0012339681321421603
14.631,1.9923698854720473,0.000406585843101601,0.0012357990394806506
14.651,1.9923708602537782,0.00040812582212035764,0.0012309838028914388
14.671,1.9923726337743282,0.00040684430613007025,0.0012340175435358036
14.691,1.9923733312190641,0.0004068578159794544,0.0012337590301851886
14.711,1.9923778846916067,0.00040969697484548225,0.00123367337251723
14.731,1.9923787224174394,0.0004119945603008277,0.0012352966633350781
14.751,1.992380494239838,0.00041156904193789617,0.0012347335748394972
14.771,1.992382746495632,0.0004117925327288556,0.0012357498987454196
14.791,1.9923852639517197,0.00041453817274645044,0.0012353638790214838
14.811,1.9923865897618176,0.0004158646754060296,0.0012298417616513346
14.831,1.9923839877028098,0.0004186167521940751,0.0012365071704096287
14.851,1.992382338824397,0.00041809843223810695,0.0012279411701750509
14.871,1.9923832328467836,0.0004170481624537153,0.0012359866081904924
14.891,1.992377146536333,0.0004157596091274551,0.0012361117431035906
14.911,1.9923767422275054,0.00041342535312264276,0.00123474147439806
14.931000000000001,1.992379557574554,0.00041225393868972416,0.0012355949188060378
14.951,1.9923758808945846,0.0004134879884219038,0.0012345236847418062
14.971,1.9923791573577367,0.00041733653956186397,0.0012361367032709125
14.991,1.9923827928151616,0.0004190377785387652,0.0012370408925058418
15.011,1.992384832913625,0.00042252766593422835,0.0012347258826147511
15.031,1.9923875442068861,0.00042193698000135105,0.0012368026480776562
15.051,1.992390680542134,0.00042523891565629263,0.0012362325531154461
15.071,1.992393006049931,0.00042873733108403535,0.0012356724713107337
15.091,1.9923982015512312,0.0004302043526345317,0.0012362676098661152
15.111,1.9923999794727152,0.0004328255032241452,0.0012361962743028532
15.131,1.9924027034395781,0.0004332621066457844,0.0012359114082988731
15.151,1.992406934227402,0.0004370761930493902,0.0012363061412857257
15.171,1.9924100037363526,0.0004388411006910222,0.00123519898559582
15.191,1.9924117196725266,0.0004408105587844776,0.0012363819889014693
15.211,1.9924144259206937,0.00044178984896288246,0.0012360808123035583
15.231,1.992417988639742,0.00044507574320492183,0.0012319426145555035
15.251,1.9924198029380078,0.0004437338353007633,0.0012353694257481174
15.271,1.9924204828784984,0.0004437255151154703,0.00123505153935774
15.291,1.9924250044351914,0.0004465702247156043,0.0012349852900168101
15.311,1.9924258368226089,0.00044887671021159056,0.0012366036839318029
15.331,1.9924275906705902,0.0004484374399001021,0.0012360456628889571
15.351,1.9924298375724618,0.00044866305526361185,0.0012370457843561
15.371,1.9924323163552706,0.0004514142946956324,0.0012366738328276339
15.391,1.992433637154727,0.00045275116921057544,0.0012311024614072852
15.411,1.9924353962871875,0.00045181633993757425,0.001236491264132139
15.431000000000001,1.992437018204739,0.0004545228379672773,0.0012344519084715178
15.451,1.9924401310569315,0.00045464634574713574,0.0012363214326003014
15.471,1.992441450824853,0.0004552634607848857,0.0012379824163612219
15.491,1.9924423095915142,0.00045661107161103437,0.001235785893094199
15.511,1.9924443218783838,0.0004569333382340589,0.0012374051241133832
15.531,1.9924471534134771,0.0004600369023291817,0.001235662956886735
15.551,1.9924492729325087,0.00045766272910607815,0.001235069529103211
15.571,1.9924497292780075,0.0004584327530675025,0.0012362072105013278
15.591,1.9924520469973035,0.00046059308995725174,0.0012374930010863872
15.611,1.9924549824458273,0.0004624637627681165,0.0012367111017098642
15.631,1.9924568841578827,0.0004620579109230284,0.0012376181169536649
15.651,1.9924576720823493,0.0004623434608685275,0.001237660426592374
15.671,1.9924596666677836,0.00046487092582216886,0.0012344613920200753
15.691,1.9924628519896406,0.0004662428039249392,0.0012375245805383017
15.711,1.9924647319344868,0.00046647053860768463,0.0012362167001016833
15.731,1.992464878087756,0.0004669384597791816,0.0012365036703891608
15.751,1.9924692183797723,0.00046845670384157727,0.0012383269080165071
15.771,1.992470197081811,0.0004699903392886864,0.0012335207622089506
15.791,1.9924719736731822,0.00046870102824994483,0.0012365514957122792
15.811,1.992472673286065,0.0004687002732682473,0.001236280988900551
15.831,1.9924772195107967,0.000471542811572634,0.001236201378297469
15.851,1.9924780624047405,0.0004738351027122709,0.0012378216520370078
15.871,1.9924798373598291,0.00047339395311577946,0.0012372608770889748
15.891,1.9924820897729305,0.00047361481303645573,0.0012382689543468106
15.911,1.9924846026993004,0.0004763610606286097,0.0012378860487207155
15.931000000000001,1.9924859333100786,0.00047768164885193733,0.0012323551023447066
15.951,1.9924877135407109,0.0004767660116420413,0.0012377216802630098
15.971,1.9924893421134895,0.0004794484196122368,0.0012356574573041124
15.991,1.99249248806403,0.00047956157274579186,0.0012375376013315231
16.011,1.9924938173900697,0.00048016776887603655,0.001239209230435634
16.031,1.9924946858400792,0.00048152939715684904,0.0012369953982696025
16.051,1.9924941589941487,0.0004842408030466881,0.0012340891020037048
16.071,1.992491112943749,0.00048566711844149875,0.0012388129051962848
16.091,1.992490950135158,0.0004862251694174477,0.0012368245471107986
16.111,1.9924872516537233,0.0004893207326872784,0.0012376099928893824
16.131,1.9924910188046046,0.0004899696075971062,0.001237438345042502
16.151,1.9924852693574107,0.0004883851598081744,0.001239882268899789
16.171,1.9924818914488438,0.0004886373581673417,0.0012388373228374994
16.191,1.9924780682038519,0.0004924469514421524,0.0012396453377194194
16.211,1.9924777918500147,0.0004933846570592649,0.0012372467874874893
16.231,1.9924775014442855,0.0004928887015978842,0.0012389003084462002
16.251,1.992481455405732,0.0004942909267728574,0.0012380105123771246
16.271,1.9924837891242762,0.0004941568435601496,0.001239094226225368
16.291,1.9924862503678469,0.0004968998502893347,0.0012387346144365763
16.311,1.9924875778311342,0.0004982339795627567,0.0012331576123897903
16.331,1.992489339675925,0.000497279028410886,0.0012385464080943154
16.351,1.9924909575051228,0.0004999950370613581,0.0012365134339957229
16.371,1.9924940709519527,0.0005001117429116953,0.0012383814908262791
16.391,1.9924953945344437,0.0005007222430611306,0.0012400392821047268
16.411,1.992496257139032,0.0005020583434498868,0.0012378437985335333
16.431,1.9924982638788482,0.0005023840164044281,0.0012394639244413252
16.451,1.9925010976031188,0.0005054808106763271,0.0012377210840453234
16.471,1.992503219630408,0.0005030977881417727,0.0012371294607215755
16.491,1.992503686640381,0.0005038660922297412,0.001238273331384182
16.511,1.992505992085697,0.0005060223063879741,0.0012395491699568606
16.531,1.9925089296944578,0.0005078864810895156,0.0012387670912154536
16.551,1.9925108342405402,0.0005074706397355588,0.001239675857246797
16.571,1.992511631376929,0.0005077570500795329,0.001239720482938772
16.591,1.9925136150927405,0.0005102789888743511,0.0012365154539342171
16.611,1.9925168021785464,0.0005116460754757405,0.001239578720051454
16.631,1.9925186849812675,0.0005118648970280499,0.0012382646879440795
16.651,1.9925188413033206,0.0005123254538624005,0.0012385620388917218
16.671,1.9925231695490135,0.0005138432128822233,0.001240379063077307
16.691,1.992524151543268,0.0005153712429282785,0.0012355797734779073
16.711,1.9925259306124683,0.0005140750347869818,0.0012386082640994667
16.731,1.992526632016428,0.0005140623956906242,0.0012383284949981088
16.751,1.9925311724546306,0.0005169075015217421,0.0012382535244805648
16.771,1.9925320195808185,0.0005191949581038785,0.0012398713649212079
16.791,1.9925337970147925,0.0005187407501014465,0.0012393124169065295
16.811,1.9925360495838584,0.0005189589831689455,0.0012403139318050704
16.831,1.9925385587553013,0.0005217048783039016,0.0012399333861486395
16.851,1.992539893202896,0.0005230206590629838,0.0012343955026593578
16.871,1.9925416759466335,0.000522085202281934,0.0012397636054543582
16.891,1.9925433003392943,0.0005247769608064078,0.001237705837941
16.911,1.9925464468390874,0.0005248834586820017,0.0012395844296808345
16.931,1.9925477800969915,0.000525483278845291,0.001241252954780253
16.951,1.9925486525981722,0.0005268336388171213,0.0012390401156154585
16.971,1.9925506771450245,0.0005271425048318196,0.0012406609287114456
16.991,1.9925535429286034,0.0005302327499807583,0.0012389151302270307
17.011,1.9925556750047217,0.0005278332608900344,0.0012383172418388988
17.031,1.9925561321104943,0.0005285965834675385,0.0012394490139352177
17.051,1.9925559285099612,0.0005325663734150584,0.0012408621298805877
17.071,1.9925529463538276,0.0005339053841998084,0.0012381341114482414
17.091,1.9925477782682945,0.0005351687919940625,0.0012374626718071324
17.111,1.99255005390782,0.0005359285030134793,0.0012391795397057315
17.131,1.9925493285737228,0.0005360364059371562,0.001239262865994406
17.151,1.9925493143097004,0.000534630472163803,0.0012397452326661784
17.171,1.9925494636287624,0.0005366978698730762,0.001240285233566285
17.191,1.9925497797133431,0.0005356784397021623,0.0012332486258040398
17.211,1.9925536406243278,0.0005366994450794326,0.0012410334814340895
17.231,1.9925553060548913,0.0005400964495883078,0.0012402351996446404
17.251,1.9925590947904548,0.0005426755873786796,0.0012408133279450118
17.271,1.9925620465837852,0.0005440919739233037,0.001240634334294527
17.291,1.992565634705296,0.0005473937988397764,0.0012364521989229327
17.311,1.9925686898772839,0.0005475662179096652,0.0012397418798192061
17.331,1.9925706162042751,0.0005512837462807044,0.0012337755118726756
17.351,1.9925733053386774,0.0005509256147230961,0.0012401397886861176
17.371,1.9925774230146278,0.0005554723698638132,0.001241204438894833
17.391,1.9925804386645487,0.0005567825201811065,0.0012406196998092367
17.411,1.992582351591763,0.0005580142823526722,0.0012418233539426282
17.431,1.9925848796251822,0.0005607924955240018,0.001240443596074614
17.451,1.9925891374607176,0.000563540719093812,0.001236089839451504
17.471,1.9925912648468493,0.0005649358273456973,0.0012418547861756668
17.491,1.992595015868622,0.0005695673483115171,0.0012401869404262689
17.511,1.9925996305413798,0.0005685945932924039,0.0012398395280220909
17.531,1.992594118371257,0.0005703668642065736,0.0012429460453046715
17.551,1.9925920157019754,0.0005696946264684332,0.0012398641068119276
17.571,1.9925962067064236,0.0005734134272047599,0.0012409767145541983
17.591,1.992592550311045,0.0005730250898540591,0.0012382753514076361
17.611,1.9925884502708162,0.0005752650145360358,0.0012409582797793806
17.631,1.9925926417430273,0.0005781915305730135,0.0012362641595533297
17.651,1.9925925862747411,0.000576051208734919,0.001238721395675102
17.671,1.9925858218091042,0.000578555839324839,0.0012346695352632442
17.691,1.9925895636311641,0.0005808797152530805,0.0012411489231665407
17.711,1.992591427738093,0.000581936434164002,0.0012387715244825959
17.731,1.9925840271883377,0.0005830188540352601,0.0012424111317068942
17.751,1.9925854956111522,0.0005848211830572173,0.0012352171798237777
17.771,1.9925896170060162,0.0005859410473954341,0.0012412326011066177
17.791,1.9925861977092383,0.0005856645144060692,0.001242503754141533
17.811,1.992582511246747,0.0005871954894821599,0.0012414394741412926
17.831,1.9925861522984034,0.0005903123977051179,0.0012377931825220123
17.851,1.9925862937753185,0.0005895783535743025,0.0012402764948654665
17.871,1.9925795051911939,0.0005915854948827188,0.001243206136740005
17.891,1.992583807787677,0.0005934388424244849,0.0012411343623620619
17.911,1.9925852829663704,0.000593749624773458,0.0012425993879114083
17.931,1.9925784504099795,0.0005956420673018344,0.0012427744056732193
17.951,1.9925794160751584,0.000597059138647842,0.001242175872499418
17.971,1.9925840085875308,0.0005981332602963959,0.0012418075427622077
17.991,1.992580597116506,0.000597817645767308,0.0012428251539505497
18.011,1.9925767387177238,0.0005998699694483996,0.0012410451292927394
18.031,1.9925803854313355,0.0006026226698274652,0.0012419477903479748
18.051,1.9925809367069576,0.000601109655728369,0.0012419527695917976
18.071,1.9925736521671225,0.0006032010600527798,0.001242854997455356
18.091,1.9925777233809159,0.0006044015944149769,0.0012404087681741893
18.111,1.9925802141450875,0.0006053071797400883,0.0012428831237751292
18.131,1.992573283068672,0.0006079698473359185,0.0012431088037929139
18.151,1.9925738733171519,0.0006105801528022235,0.001241585468503642
18.171,1.992578238737219,0.0006097385364926067,0.0012410763684979065
18.191,1.9925728328726406,0.000611532960020618,0.0012441766105893426
18.211,1.9925707968183437,0.000610869784247396,0.0012410986854707318
18.231,1.992574976068191,0.0006145819697449921,0.0012422169548033102
18.251,1.9925713317815923,0.0006142011954322495,0.0012394978294691106
18.271,1.9925673557563373,0.0006164647460920199,0.001242184818849884
18.291,1.992571554725568,0.0006193761870710869,0.001237492236303206
18.311,1.9925715209936612,0.0006172409513554596,0.0012399705539448136
18.331,1.9925648910385665,0.0006197596153450784,0.0012358957388743375
18.351,1.9925686168303434,0.0006220745248940586,0.0012423826655557357
18.371,1.9925704833181839,0.0006231332490305678,0.0012400072137629947
18.391,1.9925632259535675,0.0006242444268316752,0.0012436488783683086
18.411,1.9925646995161925,0.0006260362047433939,0.0012364749517163043
18.431,1.9925652218172938,0.0006269364918076331,0.0012423626816170374
18.451,1.992567906660846,0.00062561516007164,0.001243704529954176
18.471,1.9925696623952516,0.0006276966486015907,0.0012426948999573195
18.491,1.99257206211123,0.0006274815639723923,0.0012436609709905733
18.511,1.9925744810910928,0.0006302168879370452,0.0012433186995791934
18.531,1.9925758246691911,0.0006315441673414643,0.0012377338848519603
18.551,1.9925775959651222,0.0006305478275278885,0.0012431203638569865
18.571,1.9925792056673308,0.0006332826346859206,0.0012410987681075458
18.591,1.9925823257167812,0.0006333832042200504,0.0012429646183614307
18.611,1.9925836582149692,0.0006339782671373677,0.001244616966764367
18.631,1.9925845311286445,0.0006352905010398497,0.0012424214241320564
18.651,1.9925865288407616,0.0006356227234861852,0.0012440437450791098
18.671,1.9925893709773352,0.000638703683673554,0.0012422992042656067
18.691,1.9925914998196177,0.0006363000968011552,0.0012417107601965793
18.711,1.9925919908471563,0.0006370633645526857,0.0012428668554157751
18.731,1.992594273610179,0.0006392120212113618,0.00124412368171542
18.751,1.9925972194268018,0.0006410609806663724,0.0012433414253861519
18.771,1.992599131583861,0.0006406219620391368,0.0012442527036854167
18.791,1.9925999499539702,0.000640908405481811,0.0012443022683353566
18.811,1.9926019137583284,0.0006434191480444376,0.0012410861418621355
18.831,1.9926051080587643,0.0006447747922157409,0.0012441488136129553
18.851,1.9926069986879549,0.0006449739918824739,0.001242822368915042
18.871,1.9926071791108233,0.0006454163384508259,0.0012431419898687734
18.891,1.9926114849770895,0.0006469348458092528,0.0012449454718642394
18.911,1.9926124752932615,0.0006484495626713009,0.0012401566116814478
18.931,1.992614263451131,0.0006471374070237711,0.0012431824334710462
18.951,1.9926149717072044,0.0006470989571772266,0.001242885580827885
18.971,1.9926195031236145,0.0006499511104177486,0.0012428193956898759
18.991,1.9926203597309198,0.0006522260778985636,0.0012444320276513987
19.011,1.992622146291668,0.0006517435588015662,0.0012438767682645957
19.031,1.9926244008819376,0.0006519564203025182,0.001244864644611543
19.051,1.9926269061680189,0.0006547013387054244,0.0012444881279639608
19.071,1.9926282497846106,0.0006560046526689766,0.0012389398101585736
19.091,1.9926300417782865,0.0006550282584970055,0.0012443083090593055
19.111,1.9926316578157288,0.0006577390309559414,0.0012422622802443217
19.131,1.9926348106961658,0.0006578297833843532,0.0012441384315331205
19.151,1.9926361531238055,0.0006584148148739645,0.0012458011849252326
19.171,1.9926370361623589,0.0006597413889398477,0.00124358873349803
19.191,1.9926390512339944,0.0006600568704217319,0.0012452117354160575
19.211,1.9926419255467338,0.0006631318494195452,0.0012434642657175032
19.231,1.9926440648182848,0.000660712391084582,0.001242870049323469
19.251,1.992644546926399,0.0006614716350590536,0.0012440138957993674
19.271,1.9926468652314049,0.0006636258015568009,0.001245296051087419
19.291,1.9926498439511544,0.0006654681088063082,0.0012445156020171322
19.311,1.9926517678627755,0.0006650146596797804,0.0012454154644557236
19.331,1.992652578935246,0.00066529009185487,0.0012454634693161437
19.351,1.9926545758680505,0.0006678016252921169,0.0012422678414514832
19.371,1.9926578000084179,0.0006691497147936606,0.001245321334344962
19.391,1.9926555281051963,0.0006713346111458976,0.0012439595349104937
19.411,1.9926542264640528,0.000671994798654732,0.0012450284882437879
19.431,1.9926582809827593,0.0006754793273645034,0.0012454622977912388
19.451,1.9926598522230912,0.000676341291402556,0.001245553458341292
19.471,1.9926638272121606,0.000678193949082145,0.0012454970525451192
19.491,1.992665937384434,0.0006789535515490522,0.0012455523553868142
19.511,1.9926652873415684,0.000676535154697838,0.0012444420435347991
19.531,1.992670322524869,0.0006788776830296004,0.0012458216438797354
19.551,1.9926722780440298,0.0006812469648221586,0.0012432462001386313
19.571,1.9926659521543988,0.0006829948555839478,0.0012440584138442567
19.591,1.9926662374650417,0.0006824538603711625,0.0012444070270762608
19.611,1.992667439888634,0.0006845615895122266,0.0012452913037333257
19.631,1.992667766851115,0.0006835355457252231,0.0012382704590755134
19.651,1.9926716099406043,0.0006845809636859807,0.0012460356109045279
19.671,1.9926733336029203,0.0006872849463421679,0.001245875043283995
19.691,1.9926760731428586,0.0006877078001179813,0.0012456182402390548
19.711,1.9926802801561967,0.0006915192400474768,0.001246029801887899
19.731,1.9926817894275384,0.0006926513690760966,0.0012461116560416041
19.751,1.9926816581029372,0.0006897584531232789,0.0012450764228396083
19.771,1.9926867208147674,0.0006867408801152655,0.0012452459845600228
19.791,1.992691804812487,0.0006838825247965307,0.0012451951215129153
19.811,1.9926969181456604,0.0006809741770819947,0.0012451924436188144
19.831,1.992702023825651,0.0006781040020828224,0.0012452633232935828
19.851,1.9927071214131318,0.0006752414453159278,0.0012453136239682916
19.871,1.9927122216216995,0.0006723682842357193,0.0012453483674406962
19.891,1.99271732320343,0.0006694947301948962,0.0012453905476062788
19.911,1.9927224236338086,0.0006666239678177798,0.0012454356301976055
19.931,1.9927275235891775,0.0006637529493603225,0.0012454783886230447
19.951,1.9927326236178953,0.0006608812891481931,0.0012455207105099009
19.971,1.9927377234703736,0.0006580098182512456,0.0012455636623555366
19.991,1.9927428230418356,0.0006551385180447252,0.0012456066116532105
20.011,1.992747922411049,0.000652267178111308,0.0012456493771517696
20.031,1.9927530215931841,0.0006493958349513584,0.001245692146046723
20.051,1.9927581205659295,0.0006465245356192941,0.001245734936571291
20.071,1.9927632193289742,0.0006436532649063142,0.0012457776997510106
20.091,1.992768317887791,0.0006407820128001098,0.0012458204375833948
20.111,1.992773416241738,0.000637910784161479,0.001245863162500388
20.131,1.9927785143894308,0.0006350395817195998,0.0012459058719506422
20.151,1.9927836123311933,0.0006321684028759558,0.0012459485629356393
20.171,1.992788710067236,0.0006292972473752527,0.0012459912357641323
20.191,1.9927938075975475,0.0006264261167534493,0.0012460338921923275
20.211,1.9927989049222479,0.0006235550097312757,0.0012460765321787859
20.231,1.9928040020407873,0.0006206839268634084,0.0012461191540645566
20.251,1.992809098953951,0.0006178128678885855,0.0012461617592630647
20.271,1.9928141956608711,0.000614941833589599,0.0012462043484109953
20.291,1.992819292161697,0.0006120708239218002,0.0012462469194738368
20.311,1.9928243884571675,0.0006091998367471882,0.0012462894725486506
20.331,1.9928294845467474,0.0006063288741234507,0.0012463320095129071
20.351,1.992834580430276,0.000603457936376192,0.001246374530467692
20.371,1.992839676107749,0.0006005870213832413,0.0012464170320389822
20.391,1.9928447715794662,0.000597716131374975,0.0012464595183718508
20.411,1.9928498668451193,0.0005948452651404817,0.0012465019862094862
20.431,1.9928549619049816,0.0005919744222109564,0.0012465444369129108
20.451,1.9928600567589438,0.0005891036039985599,0.0012465868720056283
20.471,1.992865151406864,0.0005862328103342263,0.0012466292899949716
20.491,1.9928702458485186,0.0005833620404315533,0.0012466716899520724
20.511,1.9928753400842747,0.0005804912946053513,0.0012467140737765225
20.531,1.9928804341142123,0.0005776205718713138,0.0012467564385654495
20.551,1.9928855279380517,0.0005747498742453912,0.0012467987888563348
20.571,1.992890621555484,0.000571879199633524,0.0012468411192409212
20.591,1.992895714967507,0.0005690085485361402,0.0012468834335220558
20.611,1.9929008081728885,0.0005661379229538769,0.0012469257321904292
20.631,1.9929059011720294,0.000563267322437238,0.0012469680139778616
20.651,1.9929109939654086,0.0005603967433446731,0.0012470102759543356
20.671,1.992916086552963,0.0005575261892890552,0.001247052523412645
20.691,1.9929211789337777,0.0005546556595977658,0.0012470947532201293
20.711,1.9929262711086784,0.000551785153607654,0.0012471369646484542
20.731,1.9929313630775927,0.0005489146710574375,0.0012471791601789683
20.751,1.9929364548400994,0.0005460442130937501,0.0012472213392671072
20.771,1.9929415463963287,0.0005431737780661184,0.0012472634992695963
20.791,1.9929466377464256,0.0005403033678787663,0.001247305642837676
20.811,1.9929517288906518,0.0005374329815439609,0.0012473477704493807
20.831,1.9929568198281606,0.0005345626190631884,0.0012473898797545346
20.851,1.992961910559738,0.0005316922804880083,0.0012474319726415994
20.871,1.9929670010847993,0.0005288219654201287,0.0012474740481050461
20.891,1.992972091403688,0.0005259516755462815,0.0012475161074931296
20.911,1.9929771815161323,0.0005230814087102207,0.0012475581484878429
20.931,1.992982271422572,0.0005202111650764273,0.0012476001720216623
20.951,1.9929873611227034,0.0005173409467889227,0.0012476421808901295
20.971,1.9929924506160481,0.0005144707514947947,0.001247684170569252
20.991,1.9929975399032844,0.000511600580472624,0.0012477261433181674
21.011,1.993002628984276,0.000508730433437787,0.0012477681002063257
21.031,1.9930077178587164,0.0005058603110863597,0.0012478100400654113
21.051,1.9930128065268737,0.000502990212088523,0.0012478519626207552
21.071,1.993017894988513,0.0005001201360214738,0.001247893866860167
21.091,1.9930229832439414,0.0004972500839735658,0.0012479357545436554
21.111,1.9930280712927304,0.0004943800564441644,0.0012479776257457997
21.131,1.9930331591351778,0.0004915100521961009,0.001248019478876622
21.151,1.9930382467710366,0.0004886400731854729,0.0012480613170850474
21.171,1.9930433342003702,0.0004857701165833068,0.00124810313595336
21.191,1.9930484214234063,0.00048290018400010636,0.00124814493796499
21.211,1.9930535084398027,0.00048003027579047135,0.001248186724067013
21.231,1.9930585952496798,0.00047716039150992297,0.0012482284926372822
21.251,1.993063681853093,0.00047429053084515596,0.0012482702440924087
21.271,1.9930687682500836,0.00047142069410457217,0.0012483119791887876
21.291,1.9930738544401523,0.0004685508809166867,0.0012483536955948116
21.311,1.9930789404237543,0.00046568109161953397,0.0012483953954645632
21.331,1.9930840262011602,0.00046281132652289074,0.0012484370794283717
21.351,1.9930891117713567,0.0004599415849491211,0.0012484787456511215
21.371,1.9930941971352625,0.0004570718676095383,0.0012485203947846524
21.391,1.993099282292553,0.0004542021735558548,0.001248562026833766
21.411,1.9931043672429134,0.00045133250382290194,0.0012486036418343505
21.431,1.9931094519867865,0.00044846285798189186,0.0012486452402139803
21.451,1.9931145365239713,0.00044559323566756564,0.0012486868211556423
21.471,1.9931196208546476,0.0004427236367188784,0.0012487283850024233
21.491,1.993124704978294,0.0004398540613592726,0.0012487699303710964
21.511,1.9931297888957424,0.00043698451070268984,0.001248811461085464
21.531,1.9931348726059994,0.00043411498396100684,0.0012488529754565714
21.551,1.9931399561093697,0.0004312454802764004,0.0012488944698762494
21.571,1.9931450394062091,0.00042837600059183263,0.0012489359483633666
21.591,1.9931501224963473,0.0004255065449029077,0.001248977410277935
21.611,1.9931552053796997,0.0004226371117608329,0.0012490188534615698
21.631,1.993160288056065,0.00041976770319498497,0.001249060281257347
21.651,1.9931653705255714,0.00041689831919733335,0.0012491016915230357
21.671,1.993170452788709,0.00041402895860869084,0.0012491430859628005
21.691,1.9931755348445146,0.00041115962189579167,0.0012491844628618187
21.711,1.9931806166935893,0.0004082903084527585,0.00124922582172049
21.731,1.993185698335931,0.0004054210180729833,0.0012492671637611974
21.751,1.9931907797710922,0.0004025517523541959,0.0012493084884555306
21.771,1.9931958609995704,0.0003996825101312382,0.0012493497965844202
21.791,1.9932009420210275,0.00039681329186799015,0.0012493910877304504
21.811,1.9932060228356938,0.00039394409673400315,0.0012494323622142534
21.831,1.9932111034433195,0.00039107492564517286,0.0012494736188374544
21.851,1.993216183843625,0.00038820577950070213,0.001249514859707257
21.871,1.9932212640373372,0.00038533665441851765,0.0012495560806818629
21.891,1.9932263440242906,0.0003824675555858256,0.0012495972886912565
21.911,1.993231423803759,0.00037959847981781263,0.0012496384777737068
21.931,1.9932365033764383,0.0003767294263666744,0.0012496796479894157
21.951,1.993241582742086,0.00037386039833561433,0.0012497208042236696
21.971,1.9932466619007496,0.00037099139264849964,0.001249761941945482
21.991,1.9932517408520876,0.00036812241108443296,0.001249803061925986
22.011,1.9932568195965192,0.00036525345333046275,0.0012498441657247117
22.031,1.9932618981337653,0.00036238451935456314,0.0012498852520337056
22.051,1.9932669764638922,0.0003595156090679592,0.0012499263216986523
22.071,1.9932720545871412,0.0003566467227089485,0.0012499673749535034
22.091,1.9932771325030305,0.00035377785949643507,0.001250008410630582
22.111,1.9932822102118954,0.0003509090194838486,0.001250049428032446
22.131,1.9932872877136107,0.00034804020462208906,0.0012500904315255468
22.151,1.9932923650081522,0.0003451714122781645,0.0012501314155904109
22.171,1.9932974420953007,0.00034230264434574555,0.0012501723839040413
22.191,1.9933025189754425,0.00033943389854126764,0.001250213333143263
22.211,1.9933075956482091,0.0003365651776507553,0.0012502542667320038
22.231,1.9933126721141052,0.00033369648006060403,0.0012502951837624066
22.251,1.9933177483723112,0.000330827806416368,0.0012503360836218502
22.271,1.9933228244234416,0.0003279591562819733,0.0012503769655800856
22.291,1.9933279002672304,0.00032509052899394337,0.001250417829720435
22.311,1.9933329759038958,0.00032222192583948074,0.0012504586787469574
22.331,1.993338051332928,0.00031935334631253483,0.0012504995100249272
22.351,1.9933431265550077,0.0003164847895095588,0.001250540322946192
22.371,1.9933482015697024,0.00031361625829230997,0.001250581121800709
22.391,1.9933532763768318,0.0003107477496032751,0.001250621902067317
22.411,1.993358350976821,0.000307879264898424,0.0012506626662602272
22.431,1.9933634253691082,0.00030501080292782864,0.001250703411852544
22.451,1.9933684995543672,0.0003021423642786521,0.0012507441396687469
22.471,1.9933735735322629,0.0002992739504121381,0.0012507848536950639
22.491,1.9933786473022328,0.00029640555994811296,0.0012508255483045794
22.511,1.993383720865285,0.00029353719092235824,0.0012508662241966506
22.531,1.9933887942209174,0.0002906688491244789,0.001250906888711767
22.551,1.9933938673686669,0.00028780052876736437,0.001250947532683927
22.571,1.9933989403091108,0.00028493223167081253,0.001250988158224331
22.591,1.9934040130423916,0.0002820639579790325,0.001251028768006479
22.611,1.9934090855678275,0.0002791957088436555,0.0012510693626443525
22.631,1.9934141578855187,0.00027632748318076605,0.0012511099382857271
22.651,1.9934192299961873,0.00027345928080351167,0.0012511504972047005
22.671,1.993424301898965,0.0002705911012757952,0.0012511910385913927
22.691,1.9934293735944402,0.0002677229458061148,0.0012512315641008687
22.711,1.9934344450821206,0.00026485481383146817,0.0012512720721239434
22.731,1.9934395163622984,0.0002619867051339375,0.001251312562627671
22.751,1.9934445874348055,0.00025911862046476715,0.0012513530372056658
22.771,1.9934496582997512,0.0002562505591988846,0.0012513934939069327
22.791,1.9934547289573723,0.0002533825217565935,0.0012514339349294912
22.811,1.9934597994069265,0.00025051450710105935,0.0012514743574894294
22.831,1.9934648696487638,0.0002476465159452676,0.0012515147631517176
22.851,1.993469939683219,0.0002447785480441119,0.0012515551510193235
22.871,1.9934750095100202,0.00024191060543956564,0.0012515955257006162
22.891,1.9934800791286187,0.00023904268521196103,0.0012516358799840033
22.911,1.99348514854014,0.0002361747871058034,0.0012516762164119233
22.931,1.9934902177438705,0.00023330691402156267,0.0012517165394708984
22.951,1.9934952867392952,0.00023043906369990303,0.0012517568425252645
22.971,1.993500355527393,0.0002275712367925266,0.0012517971289207064
22.991,1.9935054241075087,0.0002247034339706052,0.0012518373992491116
23.011,1.9935104924803555,0.0002218356544221586,0.001251877652517469
23.031,1.99351556064494,0.00021896789768129408,0.0012519178891379212
23.051,1.9935206286013567,0.0002161001650560817,0.0012519581075236819
23.071,1.9935256963504873,0.00021323245563174706,0.00125199830877748
23.091,1.9935307638919182,0.00021036476916060185,0.0012520384940437057
23.111,1.993535831225107,0.00020749710702797438,0.0012520786626617209
23.131,1.9935408983504317,0.0002046294682048293,0.0012521188136728478
23.151,1.9935459652680385,0.0002017618524458819,0.0012521589475876227
23.171,1.993551031977745,0.0001988942605779373,0.0012521990656175486
23.191,1.9935560984793115,0.00019602669081582482,0.001252239164009461
23.211,1.993561164773172,0.00019315914653490865,0.001252279248796312
23.231,1.993566230859075,0.00019029162430374757,0.0012523193149698297
23.251,1.9935712967367107,0.00018742412601252116,0.0012523593636608044
23.271,1.9935763624070202,0.0001845566493451973,0.0012523993948624912
23.291,1.9935814278686768,0.0001816891982679953,0.001252439410908801
23.311,1.9935864931227318,0.00017882176946099667,0.0012524794084274593
23.331,1.9935915581686598,0.00017595436426710306,0.0012525193895344122
23.351,1.9935966230067117,0.00017308698270655846,0.0012525593544411295
23.371,1.9936016876363436,0.00017021962434343323,0.0012525993016084813
23.391,1.993606752058257,0.00016735228949345114,0.0012526392317848412
23.411,1.99361181627187,0.00016448497858289853,0.0012526791461136
23.431,1.993616880277517,0.0001616176886133615,0.0012527190401393218
23.451,1.9936219440750835,0.00015875042490707354,0.0012527589211963897
23.471,1.9936270076644516,0.00015588318231617664,0.0012527987819453412
23.491,1.9936320710456363,0.00015301596394877648,0.0012528386268196856
23.511,1.993637134219054,0.00015014876918012586,0.0012528784555556338
23.531,1.9936421971840252,0.00014728159734738214,0.0012529182673617634
23.551,1.9936472599406452,0.00014441445047542486,0.0012529580629143666
23.571,1.993652322489389,0.0001415473244998228,0.0012529978393547303
23.591,1.9936573848296302,0.00013868022297619748,0.0012530375997490129
23.611,1.993662446961793,0.00013581314403816462,0.001253077341873271
23.631,1.9936675088861,0.00013294608896471997,0.0012531170686281012
23.651,1.99367257060181,0.0001300790572824807,0.001253156778560166
23.671,1.9936776321091618,0.00012721204833891016,0.0012531964700837617
23.691,1.9936826934083505,0.00012434506403445763,0.0012532361462850306
23.711,1.9936877544994642,0.0001214781021220722,0.0012532758049192683
23.731,1.9936928153819882,0.00011861116362251242,0.00125331544727178
23.751,1.9936978760562698,0.00011574424859384585,0.001253355071749035
23.771,1.9937029365224554,0.00011287735645701072,0.0012533946796295936
23.791,1.993707996779974,0.00011001048763758814,0.0012534342698521383
23.811,1.9937130568292496,0.00010714364201812332,0.0012534738433970238
23.831,1.9937181166701516,0.00010427682020662429,0.0012535134004458548
23.851,1.9937231763027734,0.00010141002159031419,0.001253552940638919
23.871,1.9937282357269313,9.854324603702629e-05,0.0012535924636528917
23.891,1.993733294942684,9.567649372024844e-05,0.0012536319697533105
23.911,1.9937383539500604,9.280976431003769e-05,0.0012536714590230258
23.931,1.993743412748703,8.994305823649477e-05,0.0012537109299660398
23.951,1.993748471339293,8.707637551441964e-05,0.0012537503851359488
23.971,1.9937535297212827,8.420971509659155e-05,0.0012537898223102806
23.991,1.9937585878946669,8.134307902027144e-05,0.0012538292431347742
24.011,1.9937636458596881,7.847646605472407e-05,0.001253868647736106
24.031,1.9937687036160894,7.560987661173684e-05,0.0012539080354272703
24.051,1.9937737611637665,7.27433101687035e-05,0.0012539474051956878
24.071,1.9937788185033,6.987676536329398e-05,0.0012539867565818097
24.091,1.9937838756342106,6.701024542643286e-05,0.001254026093327143
24.111,1.9937889325564628,6.414374948740141e-05,0.0012540654141256768
24.131,1.993793989270089,6.127727516563945e-05,0.0012541047154440987
24.151,1.9937990457751698,5.8410824377405374e-05,0.0012541440006054172
24.171,1.9938041020716135,5.554439762676304e-05,0.0012541832697598454
24.191,1.9938091581597075,5.267799320501676e-05,0.0012542225214845493
24.211,1.9938142140385793,4.981161232608543e-05,0.001254261755854219
24.231,1.9938192697091162,4.694525474513791e-05,0.0012543009735186128
24.251,1.9938243251710548,4.407891888309534e-05,0.0012543401727373726
24.271,1.9938293804244769,4.121260737153349e-05,0.0012543793570564676
24.291,1.993834435468763,3.834631967002849e-05,0.0012544185246191053
24.311,1.9938394903045653,3.548005344215289e-05,0.0012544576723167444
24.331,1.9938445449317734,3.261381204185744e-05,0.001254496806784522
24.351,1.9938495993499148,2.9747593190146036e-05,0.0012545359222138064
24.371,1.9938546535594566,2.688139643730066e-05,0.001254575020188331
24.391,1.9938597075601014,2.4015224576799167e-05,0.0012546141023802582
24.411,1.9938647613524938,2.1149075093169893e-05,0.0012546531678576944
24.431,1.9938698149355563,1.8282949637912793e-05,0.0012546922175179498
24.451,1.9938748683098229,1.541684554313993e-05,0.0012547312467529048
24.471,1.9938799214756997,1.2550764710364158e-05,0.0012547702609005118
24.491,1.993884974432497,9.68470779553137e-06,0.0012548092585998594
24.511,1.993890027180182,6.818673628365452e-06,0.0012548482383468729
24.531,1.9938950797191188,3.9526629999681235e-06,0.0012548872019779167
24.551,1.9939001320492868,1.0866747166220605e-06,0.0012549261476507978
24.571,1.9939051841704725,-1.7792892283427031e-06,0.0012549650777995691
24.591,1.993910236082897,-4.645230651650998e-06,0.0012550039903061472
24.611,1.9939152877863813,-7.51114964074774e-06,0.0012550428861271834
24.631,1.9939203392807376,-1.0377044692978592e-05,0.0012550817646558854
24.651,1.9939253905663215,-1.3242918082715597e-05,0.0012551206251963654
24.671,1.9939304416428105,-1.6108767468756436e-05,0.0012551594697178814
24.691,1.993935492510303,-1.8974592228927843e-05,0.0012551982987658028
24.711,1.993940543169021,-2.1840396381802565e-05,0.0012552371088177805
24.731,1.9939455936187231,-2.4706175709587603e-05,0.0012552759042805117
24.751,1.9939506438589463,-2.7571932491200573e-05,0.0012553146809272941
24.771,1.993955693890589,-3.0437667202627477e-05,0.001255353440382967
24.791,1.9939607437128877,-3.3303377507596515e-05,0.0012553921836864212
24.811,1.993965793326228,-3.616906498010833e-05,0.0012554309100509808
24.831,1.9939708427307992,-3.903473131077964e-05,0.0012554696180709646
24.851,1.9939758919258277,-4.1900373262299475e-05,0.0012555083105146858
24.871,1.9939809409117912,-4.476599126958914e-05,0.0012555469859446833
24.891,1.9939859896888468,-4.763158748872137e-05,0.0012555856443094426
24.911,1.99399103825677,-5.0497160270432005e-05,0.0012556242856115174
24.931,1.9939960866155617,-5.336271009438151e-05,0.001255662911043176
24.951,1.994001134764983,-5.622823701427633e-05,0.0012557015178749076
24.971,1.994006182705416,-5.909374055148133e-05,0.001255740109489728
24.991,1.9940112304363453,-6.195922040518254e-05,0.0012557786837851803
25.011,1.9940162779581923,-6.482467809587828e-05,0.0012558172403266121
25.031,1.9940213252710046,-6.769011431793822e-05,0.0012558557782965107
25.051,1.9940263723746283,-7.055552546593365e-05,0.0012558943030468728
25.071,1.994031419268656,-7.342091347189772e-05,0.0012559328099775446
25.091,1.9940364659535803,-7.62862800780022e-05,0.0012559712977942838
25.111,1.9940415124293056,-7.915162290264387e-05,0.0012560097698829653
25.131,1.9940465586956513,-8.201694323265785e-05,0.0012560482247247207
25.151,1.9940516047527446,-8.488223956961335e-05,0.0012560866642491453
25.171,1.9940566506004176,-8.774751334362905e-05,0.0012561250856875927
25.191,1.9940616962389597,-9.061276468399996e-05,0.0012561634900783158
25.211,1.9940667416679865,-9.347799219688838e-05,0.0012562018782716067
25.231,1.9940717868875208,-9.634319692779862e-05,0.001256240249473961
25.251,1.9940768318978606,-9.92083793163643e-05,0.001256278602929456
25.271,1.9940818766987078,-0.00010207353893588311,0.0012563169393058071
25.291,1.9940869212901067,-0.00010493867489510102,0.0012563552593831684
25.311,1.9940919656723177,-0.0001078037885327187,0.0012563935621233424
25.331,1.9940970098450268,-0.00011066887937952324,0.0012564318477938652
25.351,1.9941020538083043,-0.00011353394607768768,0.0012564701188297611
25.371,1.994107097561776,-0.0001163989906405183,0.0012565083704691449
25.391,1.9941121411061955,-0.00011926401279795522,0.0012565466055193542
25.411,1.9941171844409065,-0.00012212901208720896,0.001256584823804946
25.431,1.9941222275662394,-0.0001249939880816844,0.0012566230250541377
25.451,1.9941272704819457,-0.000127858940985673,0.001256661210040172
25.471,1.9941323131880706,-0.00013072387114561367,0.0012566993776840507
25.491,1.9941373556846351,-0.0001335887784626368,0.0012567375281640203
25.511,1.9941423979719128,-0.0001364536627134624,0.0012567756629905946
25.531,1.9941474400492554,-0.00013931852340881996,0.0012568137809954583
25.551,1.994152481917034,-0.00014218336122183073,0.0012568518813609042
25.571,1.9941575235754765,-0.000145048178617621,0.0012568899625468033
25.591,1.9941625650241668,-0.00014791297146423164,0.0012569280292248075
25.611,1.9941676062632563,-0.00015077774148677072,0.0012569660789745474
25.631,1.9941726472926211,-0.0001536424885235856,0.0012570041117563324
25.651,1.9941776881120878,-0.00015650721250487317,0.0012570421270426402
25.671,1.9941827287223612,-0.00015937191502304255,0.0012570801247986652
25.691,1.9941877691225764,-0.0001622365922147241,0.0012571181085508087
25.711,1.9941928093132344,-0.00016510124848920574,0.001257156072540483
25.731,1.9941978492941066,-0.0001679658815109203,0.0012571940201592247
25.751,1.994202889065448,-0.0001708304912218662,0.001257231952208282
25.771,1.9942079286267367,-0.00017369507784237572,0.0012572698673780358
25.791,1.9942129679783576,-0.0001765596430285947,0.0012573077635381347
25.811,1.9942180071204811,-0.00017942418544126645,0.001257345643272012
25.831,1.9942230460523078,-0.00018228870366946375,0.0012573835077059337
25.851,1.9942280847747575,-0.00018515320021287467,0.0012574213536638013
25.871,1.994233123287083,-0.00018801767297993403,0.0012574591835427806
25.891,1.9942381615899376,-0.00019088212460134172,0.001257496995016788
25.911,1.9942431996827095,-0.00019374655141486067,0.0012575347927820668
25.931,1.9942482375656623,-0.0001966109564662089,0.0012575725715414932
25.951,1.994253275238645,-0.00019947533816302336,0.001257610334097048
25.971,1.9942583127016202,-0.00020233969762645,0.0012576480788391575
25.991,1.9942633499550075,-0.0002052040346553848,0.0012576858069715813
26.011,1.9942683869982392,-0.00020806834784647688,0.0012577235190467384
26.031,1.994273423831681,-0.00021093264063676596,0.0012577612114999248
26.051,1.9942784604550665,-0.00021379690798564943,0.0012577988902673642
26.071,1.994283496868519,-0.00021666115339828403,0.001257836551280117
26.091,1.9942885330721911,-0.00021952537591399666,0.0012578741956832118
26.111,1.9942935690655748,-0.0002223895760046887,0.0012579118226122288
26.131,1.9942986048492437,-0.00022525375297319721,0.001257949433190575
26.151,1.994303640422614,-0.00022811790676308425,0.001257987027534102
26.171,1.994308675785998,-0.00023098203955454022,0.0012580246022590724
26.191,1.9943137109395885,-0.00023384614882728398,0.0012580621621494925
26.211,1.994318745882746,-0.00023671023513322485,0.0012580997044356057
26.231,1.9943237806161385,-0.00023957429882918416,0.0012581372302629124
26.251,1.9943288151393668,-0.0002424383397722914,0.0012581747390429665
26.271,1.9943338494522505,-0.00024530235835502814,0.0012582122308190669
26.291,1.994338883555127,-0.00024816635315151115,0.0012582497066351006
26.311,1.9943439174479591,-0.0002510303265612922,0.0012582871640437199
26.331,1.9943489511306938,-0.0002538942773554117,0.0012583246049062136
26.351,1.9943539846030722,-0.000256758204993015,0.0012583620293362685
26.371,1.9943590178654276,-0.0002596221088277979,0.00125839943729672
26.391,1.9943640509176115,-0.00026248599034265057,0.0012584368290540215
26.411,1.9943690837594092,-0.00026534984964221597,0.001258474203018084
26.431,1.9943741163912263,-0.0002682136875489282,0.0012585115584692885
26.451,1.9943791488124787,-0.00027107750044048695,0.0012585488998057837
26.471,1.9943841810239233,-0.0002739412924099633,0.0012585862218419397
26.491,1.994389213024817,-0.0002768050610743247,0.0012586235293629011
26.511,1.9943942448152276,-0.00027966880678170796,0.0012586608183025594
26.531,1.9943992763958436,-0.00028253253070539244,0.0012586980903767364
26.551,1.9944043077660896,-0.0002853962314384453,0.001258735346802542
26.571,1.9944093389256783,-0.0002882599095290798,0.0012587725852981624
26.591,1.994414369875132,-0.0002911235649103995,0.0012588098077837007
26.611,1.994419400614122,-0.00029398719912677833,0.001258847010861569
26.631,1.9944244311428825,-0.000296850809170353,0.0012588841994226885
26.651,1.9944294614611642,-0.0002997143968349798,0.001258921370688365
26.671,1.994434491569062,-0.0003025779616138029,0.0012589585255614877
26.691,1.9944395214668782,-0.0003054415038543171,0.0012589956635469524
26.711,1.994444551153971,-0.00030830502349518684,0.0012590327849242855
26.731,1.9944495806304603,-0.0003111685204603452,0.0012590698880247109
26.751,1.994454609896964,-0.00031403199517184347,0.001259106975564167
26.771,1.9944596389526157,-0.00031689544717771915,0.001259144046073496
26.791,1.9944646677976032,-0.0003197588767354634,0.0012591810978046791
26.811,1.9944696964328028,-0.00032262228446465,0.0012592181338026698
26.831,1.9944747248569843,-0.00032548566822060513,0.0012592551543108288
26.851,1.9944797530708112,-0.0003283490288060529,0.0012592921580251437
26.871,1.9944847810741537,-0.000331212368213102,0.0012593291438101895
26.891,1.9944898088666536,-0.00033407568444321156,0.001259366113102789
26.911,1.9944948364488453,-0.00033693897943966355,0.00125940306362321
26.931,1.994499863820546,-0.000339802250913169,0.001259439999211548
26.951,1.9945048909814034,-0.0003426654992292122,0.0012594769180387932
26.971,1.9945099179319514,-0.0003455287254314279,0.0012595138197530331
26.991,1.9945149446717683,-0.00034839192960341484,0.0012595507042601206
27.011,1.994519971200762,-0.0003512551103232358,0.0012595875728723394
27.031,1.9945249975191537,-0.0003541182703894108,0.0012596244217712993
27.051,1.9945300236270072,-0.00035698140575897257,0.0012596612565940468
27.071,1.9945350495242178,-0.0003598445192769931,0.0012596980744699893
27.091,1.9945400752106535,-0.0003627076102820504,0.0012597348750706672
27.111,1.994545100686395,-0.00036557067847172326,0.0012597716586909835
27.131,1.9945501259515546,-0.0003684337246510606,0.0012598084257346986
27.151,1.9945551510058355,-0.0003712967479846773,0.0012598451765245822
27.171,1.9945601758493567,-0.00037415974881234687,0.0012598819090336444
27.191,1.9945652004821741,-0.00037702272800547824,0.0012599186248090921
27.211,1.9945702249040917,-0.0003798856841871829,0.001259955323713452
27.231,1.9945752491152806,-0.0003827486175963033,0.0012599920060120395
27.251,1.9945802731158297,-0.0003856115291735496,0.0012600286715555298
27.271,1.9945852969054743,-0.0003884744179929057,0.001260065320049436
27.291,1.99459032048435,-0.0003913372841209918,0.0012601019525228518
27.311,1.9945953438521573,-0.0003942001268631531,0.0012601385685212796
27.331,1.9946003670092085,-0.00039706294882863675,0.001260175166051647
27.351,1.9946053899553355,-0.0003999257472154847,0.001260211747558998
27.371,1.9946104126906958,-0.00040278852334847177,0.001260248311979878
27.391,1.994615435215224,-0.0004056512776673676,0.001260284859628813
27.411,1.994620457528622,-0.0004085140087524948,0.0012603213908157218
27.431,1.9946254796312108,-0.0004113767175557458,0.0012603579048741098
27.451,1.9946305015228682,-0.0004142394040115418,0.0012603944023662494
27.471,1.9946355232034712,-0.000417102068752693,0.0012604308816240306
27.491,1.994640544673101,-0.0004199647095912502,0.0012604673461925064
27.511,1.994645565931827,-0.0004228273295135051,0.00126050379215345
27.531,1.9946505869794862,-0.00042568992582916684,0.0012605402225268347
27.551,1.9946556078161137,-0.00042855250041675514,0.001260576635082028
27.571,1.9946606284416506,-0.000431415052171242,0.00126061303128705
27.591,1.994665648856402,-0.0004342775820680636,0.0012606494102460342
27.611,1.9946706690599896,-0.00043714008860596353,0.0012606857738487465
27.631,1.994675689052336,-0.000440002573389923,0.0012607221196510587
27.651,1.9946807088336278,-0.00044286503540947507,0.0012607584485521406
27.671,1.9946857284039103,-0.0004457274748971545,0.0012607947613489379
27.691,1.9946907477630482,-0.0004485898931737792,0.0012608310554812208
27.711,1.9946957669111163,-0.00045145228874698875,0.0012608673330719022
27.731,1.9947007858480925,-0.000454314661266461,0.0012609035957035775
27.751,1.9947058045737631,-0.0004571770110548095,0.0012609398407691652
27.771,1.994710823088364,-0.0004600393401145666,0.0012609760681074056
27.791,1.9947158413916573,-0.00046290164514261516,0.001261012279983209
27.811,1.9947208594838095,-0.0004657639279951922,0.0012610484740301908
27.831,1.9947258773646626,-0.00046862618932379143,0.0012610846507528917
27.851,1.994730895034435,-0.0004714884282691038,0.0012611208117402906
27.871,1.9947359124928188,-0.0004743506450992827,0.001261156954105197
27.891,1.9947409297400824,-0.000477212838697876,0.0012611930820359274
27.911,1.994745946776012,-0.00048007500970403207,0.0012612291928262853
27.931,1.9947509636005316,-0.00048293715873481887,0.00126126528653836
27.951,1.9947559802139037,-0.00048579928556607516,0.001261301362632028
27.971,1.9947609966158455,-0.0004886613913738255,0.0012613374207620653
27.991,1.9947660128066493,-0.000491523473636317,0.0012613734639937146
28.011,1.9947710287859186,-0.0004943855337145981,0.0012614094897500372
28.031,1.9947760445540819,-0.0004972475711215281,0.001261445500269437
28.051,1.9947810601103626,-0.0005001095868549675,0.00126148149139238
28.071,1.9947860754558422,-0.0005029715796214491,0.0012615174673533402
28.091,1.9947910905895,-0.0005058335494030981,0.001261553427086004
28.111,1.9947961055119734,-0.0005086954983781298,0.0012615893685387902
28.131,1.9948011202230898,-0.0005115574241878448,0.0012616252943653261
28.151,1.9948061347224886,-0.0005144193285151051,0.0012616612021545959
28.171,1.9948111490104972,-0.0005172812105209918,0.0012616970931949578
28.191,1.9948161630871604,-0.0005201430695089397,0.001261732968375201
28.211,1.9948211769521906,-0.00052300490755971,0.0012617688249279557
28.231,1.9948261906058402,-0.0005258667222183773,0.0012618046662973559
28.251,1.9948312040478329,-0.0005287285149068405,0.0012618404903150804
28.271,1.9948362172784022,-0.0005315902836958453,0.0012618762994636434
28.291,1.994841230297547,-0.0005344520327336255,0.0012619120891383395
28.311,1.994846243104885,-0.0005373137582110249,0.001261947863404389
28.331,1.9948512557007383,-0.000540175461447511,0.001261983620721413
28.351,1.9948562680851876,-0.0005430371433224773,0.001262019360811023
28.371,1.9948612802578394,-0.0005458988020507233,0.0012620550843114864
28.391,1.9948662922187421,-0.0005487604388510319,0.0012620907905458445
28.411,1.994871303968432,-0.0005516220541420356,0.00126212647998028
28.431,1.9948763155061129,-0.000554483646314713,0.001262162153238211
28.451,1.994881326832297,-0.0005573452163684571,0.0012621978095995467
28.471,1.9948863379466457,-0.0005602067649162674,0.001262233447810318
28.491,1.994891348849637,-0.0005630682907937891,0.0012622690711570905
28.511,1.9948963595405629,-0.0005659297945471883,0.0012623046766050139
28.531,1.994901370019928,-0.0005687912754376975,0.0012623402659995009
28.551,1.9949063802877431,-0.0005716527348551821,0.0012623758382256378
28.571,1.9949113903436042,-0.0005745141720013546,0.0012624113939596893
28.591,1.994916400187569,-0.0005773755865490481,0.0012624469318782416
28.611,1.9949214098202652,-0.000580236979352853,0.0012624824543265578
28.631,1.9949264192405558,-0.0005830983499656051,0.0012625179590161073
28.651,1.9949314284493613,-0.000585959697925261,0.0012625534474438316
28.671,1.9949364374462208,-0.0005888210236802458,0.001262588919020563
28.691,1.9949414462316049,-0.0005916823282840732,0.0012626243734824016
28.711,1.9949464548048848,-0.0005945436097215021,0.001262659812080652
28.731,1.9949514631661605,-0.0005974048693986203,0.0012626952324540641
28.751,1.9949564713157915,-0.0006002661081950947,0.0012627306354193457
28.771,1.9949614792534442,-0.0006031273233921239,0.001262766023208295
28.791,1.9949664869792507,-0.0006059885153596425,0.0012628013951880845
28.811,1.9949714944929575,-0.0006088496873624083,0.0012628367481778702
28.831,1.9949765017949224,-0.000611710835844783,0.0012628720852414232
28.851,1.9949815088850882,-0.0006145719626686286,0.0012629074065831913
28.871,1.9949865157629332,-0.0006174330678340191,0.001262942709087389
28.891,1.9949915224290002,-0.0006202941501251691,0.0012629779962425036
28.911,1.994996528882998,-0.0006231552114197067,0.0012630132651245407
28.931,1.9950015351252235,-0.000626016249367345,0.0012630485192999252
28.951,1.9950065411552684,-0.0006288772659799598,0.0012630837550784146
28.971,1.9950115469732366,-0.0006317382603137808,0.0012631189746390714
28.991,1.9950165525793315,-0.0006345992323807821,0.0012631541777414212
29.011,1.995021557973171,-0.0006374601816034017,0.0012631893647269965
29.031,1.9950265631550235,-0.0006403211102454896,0.0012632245331472003
29.051,1.9950315681248032,-0.0006431820167905938,0.0012632596850318811
29.071,1.9950365728823747,-0.0006460429000209985,0.0012632948206049988
29.091,1.9950415774281223,-0.0006489037618901193,0.0012633299400702513
29.111,1.99504658176146,-0.0006517646007197099,0.0012633650431299603
29.131,1.9950515858826974,-0.0006546254183259661,0.0012634001287580854
29.151,1.9950565897916006,-0.0006574862150119031,0.0012634351948272449
29.171,1.9950615934889007,-0.00066034698874353,0.0012634702469225267
29.191,1.9950665969734664,-0.0006632077398531768,0.0012635052826082127
29.211,1.995071600246158,-0.0006660684700195139,0.001263540299975885
29.231,1.995076603306391,-0.0006689291770519295,0.0012635753018985507
29.251,1.995081606154518,-0.0006717898627415823,0.0012636102861409981
29.271,1.995086608790414,-0.000674650525633787,0.0012636452546603283
29.291,1.9950916112140615,-0.0006775111670715919,0.0012636802054875051
29.311,1.9950966134254429,-0.0006803717867366932,0.0012637151398736113
29.331,1.9951016154244423,-0.0006832323837098721,0.0012637500569459281
29.351,1.9951066172115368,-0.0006860929588343282,0.0012637849587463224
29.371,1.9951116187857274,-0.0006889535115535163,0.0012638198436728532
29.391,1.9951166201478627,-0.0006918140437222001,0.0012638547094900587
29.411,1.9951216212977327,-0.0006946745521332234,0.0012638895612236412
29.431,1.9951266222349329,-0.0006975350390922104,0.001263924395110888
29.451,1.9951316229600915,-0.0007003955047776703,0.0012639592111295395
29.471,1.9951366234727925,-0.0007032559481684347,0.0012639940118022164
29.491,1.995141623772999,-0.0007061163692475053,0.001264028795367883
29.511,1.9951466238606985,-0.0007089767692511351,0.0012640635606434025
29.531,1.9951516237363545,-0.000711837146738979,0.0012640983111318616
29.551,1.9951566233993392,-0.0007146975018648117,0.0012641330444518317
29.571,1.995161622849831,-0.0007175578361088261,0.0012641677598040357
29.591,1.9951666220881004,-0.0007204181469739854,0.0012642024610547697
29.611,1.9951716211132464,-0.0007232784369316958,0.0012642371424183008
29.631,1.9951766199264853,-0.000726138704901514,0.0012642718081591064
29.651,1.9951816185271858,-0.0007289989495531292,0.0012643064593849673
29.671,1.9951866169150885,-0.0007318591735212616,0.0012643410909216612
29.691,1.9951916150907494,-0.0007347193750327949,0.0012643757078092122
29.711,1.995196613053543,-0.0007375795543955307,0.0012644103070158508
29.731,1.9952016108038093,-0.0007404397130287997,0.0012644448884344406
29.751,1.995206608341552,-0.0007432998487238334,0.00126447945418251
29.771,1.9952116056669669,-0.0007461599640154066,0.001264514001900835
29.791,1.9952166027793856,-0.0007490200553140902,0.0012645485355939345
29.811,1.99522159967922,-0.0007518801262134533,0.0012645830493221155
29.831,1.995226596366707,-0.0007547401740016509,0.001264617548390995
29.851,1.9952315928413733,-0.0007576002000490807,0.0012646520316673127
29.871,1.9952365891031336,-0.000760460204877528,0.0012646864959676707
29.891,1.9952415851526977,-0.0007633201875402025,0.0012647209441130902
29.911,1.995246580989301,-0.000766180148870424,0.0012647553759363717
29.931,1.9952515766129748,-0.0007690400876386022,0.0012647897900040783
29.951,1.995256572024195,-0.0007719000038100703,0.0012648241897118828
29.971,1.995261567222542,-0.0007747598995531052,0.0012648585698554482
29.991,1.995266562208133,-0.0007776197733141595,0.00126489293393503
30.011,1.9952715569810682,-0.0007804796252404259,0.0012649272810416612
30.031,1.99527655154102,-0.000783339454735534,0.0012649616118457774
30.051,1.995281545888503,-0.0007861992624730363,0.0012649959266350097
30.071,1.9952865400229376,-0.0007890590478175238,0.001265030225021474
30.091,1.9952915339446429,-0.000791918811524365,0.0012650645065184762
30.111,1.9952965276533652,-0.0007947785546014686,0.001265098769041323
30.131,1.995301521149275,-0.0007976382758760709,0.0012651330156882856
30.151,1.995306514432525,-0.0008004979734875838,0.001265167247235327
30.171,1.9953115075026993,-0.0008033576499848663,0.0012652014619470575
30.191,1.9953165003596858,-0.0008062173038481733,0.0012652356593729208
30.211,1.9953214930042045,-0.0008090769384582034,0.0012652698374595595
30.231,1.9953264854359118,-0.0008119365509325117,0.001265304000822226
30.251,1.9953314776543387,-0.0008147961389334294,0.0012653381497870486
30.271,1.9953364696598186,-0.0008176557065482865,0.0012653722794317424
30.291,1.99534146145253,-0.0008205152534101777,0.0012654063920987946
30.311,1.995346453032245,-0.0008233747768955429,0.0012654404894389404
30.331,1.9953514443987685,-0.0008262342790980918,0.00126547456943768
30.351,1.9953564355524718,-0.0008290937591557403,0.0012655086332154786
30.371,1.995361426493017,-0.0008319532182368728,0.0012655426798489633
30.391,1.9953664172203143,-0.0008348126554204856,0.00126557670889757
30.411,1.9953714077349411,-0.0008376720707260737,0.0012656107215316958
30.431,1.995376398036385,-0.0008405314642063926,0.0012656447183238828
30.451,1.9953813881246598,-0.0008433908356546335,0.0012656786976233403
30.471,1.9953863779997583,-0.0008462501865140427,0.0012657126592985901
30.491,1.9953913676619808,-0.0008491095143212799,0.0012657466059605993
30.511,1.9953963571110835,-0.0008519688207792443,0.0012657805355755503
30.531,1.9954013463467435,-0.0008548281052311801,0.0012658144483520817
30.551,1.9954063353695977,-0.000857687367611982,0.0012658483447787194
30.571,1.9954113241788984,-0.0008605466084566462,0.0012658822241996548
30.591,1.9954163127753977,-0.0008634058287591089,0.001265916085755131
30.611,1.9954213011586013,-0.000866265027265471,0.0012659499312163702
30.631,1.9954262893285446,-0.0008691242027490441,0.001265983760932149
30.651,1.9954312772851104,-0.0008719833569385174,0.0012660175730201395
30.671,1.9954362650285213,-0.0008748424901758412,0.0012660513674156992
30.691,1.9954412525589227,-0.0008777016008776105,0.0012660851464749157
30.711,1.995446239875766,-0.0008805606910471752,0.0012661189080619695
30.731,1.9954512269794356,-0.000883419757365468,0.0012661526543373824
30.751,1.99545621386992,-0.0008862788036495225,0.001266186383046125
30.771,1.995461200546804,-0.0008891378273063674,0.0012662200952858194
30.791,1.9954661870105441,-0.0008919968303283545,0.0012662537896331316
30.811,1.995471173261078,-0.0008948558102535016,0.0012662874695537063
30.831,1.9954761592979222,-0.0008977147684460127,0.0012663211323684365
30.851,1.9954811451215821,-0.0009005737058496552,0.0012663547774865724
30.871,1.9954861307317753,-0.0009034326222280133,0.0012663884047226237
30.891,1.9954911161288869,-0.0009062915168692154,0.0012664220161222317
30.911,1.9954961013122683,-0.000909150388555833,0.0012664556120182968
30.931,1.995501086282235,-0.0009120092396741406,0.001266489189663128
30.951,1.995506071038756,-0.000914868068884876,0.001266522750796778
30.971,1.9955110555821483,-0.0009177268762291387,0.0012665562962412003
30.991,1.9955160399117853,-0.0009205856614869241,0.0012665898254184127
31.011,1.9955210240278483,-0.000923444426711153,0.0012666233350274447
31.031,1.9955260079304569,-0.0009263031689776696,0.0012666568301668568
31.051,1.9955309916196262,-0.0009291618893989552,0.00126669030839216
31.071,1.9955359750953519,-0.0009320205892874991,0.001266723768560879
31.091,1.995540958357658,-0.0009348792678657949,0.0012667572134653082
31.111,1.9955459414060153,-0.0009377379228992708,0.001266790642047183
31.131,1.9955509242412015,-0.0009405965575088771,0.001266824053173965
31.151,1.9955559068623498,-0.0009434551703955265,0.0012668574473244654
31.171,1.995560889270304,-0.0009463137614490119,0.0012668908255942246
31.191,1.9955658714643087,-0.0009491723316546722,0.001266924185266749
31.211,1.995570853445184,-0.000952030880637633,0.0012669575295895796
31.231,1.9955758352118742,-0.0009548894061134457,0.0012669908584017897
31.251,1.9955808167651408,-0.0009577479107580325,0.0012670241687058326
31.271,1.9955857981049197,-0.0009606063943880743,0.0012670574634187914
31.291,1.9955907792307641,-0.0009634648553559081,0.0012670907419010946
31.311,1.995595760142883,-0.0009663232961464726,0.0012671240017522456
31.331,1.9956007408414553,-0.0009691817150988839,0.0012671572453049063
31.351,1.9956057213261982,-0.0009720401125200267,0.0012671904725899963
31.371,1.9956107015973188,-0.0009748984872475122,0.0012672236841975715
31.391,1.9956156816547521,-0.0009777568413291333,0.0012672568782355342
31.411,1.9956206614982246,-0.0009806151741403664,0.0012672900557956501
31.431,1.9956256411280355,-0.0009834734853545047,0.0012673232160780312
31.451,1.995630620543982,-0.0009863317747625434,0.0012673563597878634
31.471,1.9956355997460982,-0.0009891900426714196,0.001267389487052073
31.491,1.9956405787343852,-0.0009920482883959483,0.0012674225982922949
31.511,1.9956455575087464,-0.0009949065133428782,0.0012674556914977764
31.531,1.995650536069561,-0.0009977647162226445,0.0012674887697450288
31.551,1.9956555144160766,-0.001000622898727125,0.001267521829122542
31.571,1.9956604925489467,-0.0010034810590610949,0.001267554872125265
31.591,1.995665470468069,-0.0010063391975135296,0.0012675879000117185
31.611,1.9956704481730485,-0.0010091973150799073,0.001267620910112427
31.631,1.9956754256643268,-0.0010120554104658724,0.0012676539045469726
31.651,1.995680402941547,-0.0010149134848627282,0.0012676868818391196
31.671,1.9956853800045615,-0.0010177715375641874,0.001267719842020204
31.691,1.9956903568538769,-0.0010206295695680012,0.001267752784445686
31.711,1.9956953334891774,-0.0010234875794207963,0.0012677857120544367
31.731,1.995700309910559,-0.0010263455673400232,0.001267818622648631
31.751,1.9957052861178233,-0.0010292035345329485,0.0012678515159956216
31.771,1.9957102621111174,-0.0010320614794917635,0.0012678843934228468
31.791,1.9957152378903789,-0.0010349194043109671,0.0012679172528673732
31.811,1.9957202134554366,-0.001037777305874993,0.0012679500970755875
31.831,1.9957251888065366,-0.0010406351869622068,0.001267982924468114
31.851,1.9957301639435205,-0.0010434930463376854,0.0012680157348213539
31.871,1.9957351388666025,-0.0010463508848251092,0.0012680485280956721
31.891,1.9957401135752837,-0.0010492087015798804,0.001268081305347557
31.911,1.9957450880699874,-0.0010520664965359254,0.0012681140656003453
31.931,1.9957500623504791,-0.0010549242706196457,0.0012681468089593417
31.951,1.9957550364167551,-0.001057782024001166,0.0012681795343019442
31.971,1.995760010269048,-0.0010606397554170973,0.0012682122435195287
31.991,1.9957649839073661,-0.0010634974648486004,0.0012682449388744244
32.011,1.9957699573309364,-0.0010663551526537015,0.0012682776149414154
32.031,1.995774930540922,-0.0010692128192885458,0.0012683102764949883
32.051,1.995779903536144,-0.0010720704642212862,0.001268342920366955
32.071,1.9957848763174784,-0.0010749280884422446,0.0012683755469989622
32.091,1.9957898488841743,-0.001077785691000335,0.0012684081570180361
32.111,1.9957948212367598,-0.0010806432730653655,0.0012684407488730842
32.131,1.995799793375235,-0.0010835008333702945,0.0012684733253404412
32.151,1.9958047652992126,-0.0010863583711897184,0.0012685058866687138
32.171,1.99580973700902,-0.0010892158873356621,0.0012685384306965752
32.191,1.9958147085045514,-0.0010920733835714444,0.0012685709575201431
32.211,1.9958196797855825,-0.0010949308579567478,0.0012686034674148639
32.231,1.995824650852461,-0.0010977883122938413,0.0012686359596103813
32.251,1.9958296217046794,-0.001100645742723779,0.0012686684374851875
32.271,1.995834592342759,-0.0011035031536697527,0.001268700897286118
32.291,1.9958395627662595,-0.0011063605426313372,0.0012687333405765888
32.311,1.995844532975405,-0.0011092179102072258,0.0012687657670611696
32.331,1.9958495029703185,-0.0011120752564414802,0.001268798177602004
32.351,1.995854472750766,-0.001114932581300253,0.0012688305716002102
32.371,1.9958594423164517,-0.0011177898845880017,0.001268862948671956
32.391,1.9958644116677635,-0.0011206471672375192,0.0012688953077985565
32.411,1.9958693808047696,-0.0011235044277730895,0.0012689276520872483
32.431,1.9958743497273745,-0.0011263616680014452,0.0012689599792026773
32.451,1.9958793184350205,-0.0011292188864639222,0.0012689922881231608
32.471,1.995884286928544,-0.001132076082949556,0.0012690245828814728
32.491,1.9958892552073855,-0.00113493326003123,0.0012690568579967754
32.511,1.9958942232719505,-0.001137790413993216,0.0012690891195379916
32.531,1.9958991911231003,-0.0011406475465859283,0.0012691213636503995
32.551,1.9959041587608637,-0.0011435046590872622,0.001269153590033878
32.571,1.9959091261850825,-0.0011463617498858538,0.0012691858009887536
32.591,1.9959140933956239,-0.001149218819922302,0.0012692179950151983
32.611,1.99591906039235,-0.0011520758687576836,0.0012692501713883475
32.631,1.995924027175871,-0.001154932897007135,0.0012692823313890933
32.651,1.9959289937453315,-0.0011577899028051464,0.0012693144762866149
32.671,1.995933960101171,-0.0011606468883168437,0.0012693466030060385
32.691,1.995938926243378,-0.001163503852314445,0.0012693787134574475
32.711,1.9959438921720822,-0.0011663607949557757,0.0012694108085826994
32.731,1.995948857886844,-0.0011692177163299916,0.0012694428865831775
32.751,1.9959538233877558,-0.0011720746177898173,0.0012694749463464938
32.771,1.9959587886751193,-0.0011749314974143004,0.0012695069899952283
32.791,1.9959640469010633,-0.001187632142297046,0.0012712188254067336
32.811,1.99593267973233,-0.001196733557044483,0.0012691052778200096
32.831,1.9959796454262198,-0.0012091715454885146,0.0012570020423431083
32.851,1.9960403711511228,-0.0012190743152132744,0.0012327708744142296
32.871,1.99610227012463,-0.0012300253563727256,0.001195028884227678
32.891,1.9961646046862793,-0.0012413066534489561,0.0011443145658177334
32.911,1.9962210420075983,-0.0012509438198984775,0.0010752513307743239
32.931,1.9962903806445857,-0.0012634096253513105,0.0009878226563928005
32.951,1.9963207249761545,-0.0012571889347069791,0.0009279023346042414
32.971000000000004,1.996337962070717,-0.0012524436072119363,0.0008998212724474486
32.991,1.996356858668513,-0.001250154088409507,0.0008948173893934819
33.011,1.996361018000599,-0.0012479074489800423,0.000896055941056989
33.031,1.9963653103323802,-0.0012465205977965949,0.0008966458360298579
33.051,1.9963685140032776,-0.0012448337386874219,0.000896798811322097
33.071,1.9963701274988719,-0.0012425639947096774,0.0008961730422198944
33.091,1.9963723238483455,-0.0012417823393878397,0.0008964247556021432
33.111,1.9963705191033874,-0.0012442635880827104,0.0008962879535867607
33.131,1.9963750218382044,-0.0012422647291602273,0.0008958606259130419
33.151,1.9963773551804922,-0.0012396650748319202,0.0008963306032548912
33.171,1.9963796193042431,-0.0012402696527727994,0.0008961181659627726
33.191,1.9963793183211602,-0.0012406855007446099,0.0008973055867828594
33.211,1.9963811413252508,-0.0012393291777791499,0.0008952569708949032
33.231,1.996384948848767,-0.0012390904102265658,0.0008876512178736251
33.251,1.996386527072179,-0.0012373795404616006,0.0008965036147287886
33.271,1.9963899473561701,-0.0012360580192409074,0.0008964281733324364
33.291,1.9963865957096778,-0.0012371125239633352,0.0008951732944928459
33.311,1.9963908035153533,-0.0012364172823696572,0.0008964705708314757
33.331,1.996393577369293,-0.0012341791941160268,0.0008966435822632124
33.351,1.9963962894341392,-0.0012314474650748477,0.0008945408773536889
33.371,1.9963955741468993,-0.0012334797063560166,0.0008968227135415507
33.391,1.996396530694141,-0.0012330567426000337,0.0008952268995937596
33.411,1.996401064031932,-0.0012322553146812878,0.0008958802721669157
33.431,1.9964032255580477,-0.001228581801623294,0.0008948532948251098
33.451,1.9964055582334224,-0.0012305821160069168,0.0008960284850915434
33.471,1.9964030031975368,-0.0012314080243953623,0.0008970557080669461
33.491,1.9964072114970637,-0.0012307934876503667,0.0008972111220800771
33.511,1.99641041991529,-0.0012291010432935161,0.0008973547722138098
33.531,1.9964120357893935,-0.0012268366660690981,0.0008967297646888805
33.551,1.9964142328599968,-0.0012260565487700222,0.0008969814529575515
33.571,1.99641245397589,-0.0012285272136531604,0.0008968461751853174
33.591,1.9964169574074797,-0.0012265323977543657,0.000896416926174759
33.611,1.9964192953824436,-0.0012239354758355513,0.0008968868263930507
33.631,1.9964215577402045,-0.0012245425611818366,0.000896675857434609
33.651,1.9964212588130945,-0.0012249571432533242,0.0008978609366485923
33.671,1.9964231091945563,-0.0012235922316039573,0.0008958105192572452
33.691,1.9964269183959673,-0.0012233600991901025,0.000888206081481796
33.711,1.9964284993735508,-0.0012216506802845248,0.0008970603548713874
33.731,1.9964319204452425,-0.0012203333723462481,0.0008969825059630121
33.751,1.9964285994015936,-0.0012213845936149127,0.0008957339519929941
33.771,1.9964328034490637,-0.001220685558908861,0.000897025627444481
33.791,1.996435583350376,-0.0012184498814303657,0.0008971985275168237
33.811,1.9964382933026044,-0.0012157222625097434,0.0008950962351761405
33.831,1.9964375840875823,-0.0012177536868791796,0.0008973768274955773
33.851,1.9964385663000939,-0.0012173207490623773,0.0008957805925115248
33.871,1.9964431008029053,-0.0012165252356498148,0.0008964347723708632
33.891,1.996445265495564,-0.001212854673112513,0.0008954078672533394
33.911,1.9964475987494226,-0.0012148568754601521,0.0008965833501141662
33.931,1.996445041049373,-0.0012156824638891572,0.0008976094836798676
33.951,1.9964492908156064,-0.0012150603866254266,0.0008977660629202744
33.971000000000004,1.9964524997308037,-0.001213371303789333,0.000897907358572203
33.991,1.9964541181379392,-0.0012111117248027044,0.0008972830448182034
34.011,1.9964563160026518,-0.0012103332048500866,0.0008975347023792712
34.031,1.996454591765358,-0.0012127912387059243,0.0008974026698373716
34.051,1.9964590925740628,-0.001210799716109866,0.0008969696963974927
34.071,1.9964614350362189,-0.0012082052092135423,0.0008974396498173387
34.091,1.9964636956973876,-0.001208814727723702,0.0008972301369767899
34.111,1.9964633988366274,-0.0012092280350920873,0.0008984128691841842
34.131,1.9964598069287038,-0.0012084788381465806,0.0008976135277266317
34.151,1.9964638029903092,-0.0012034405541132853,0.0008969335258987576
34.171,1.9964674622185328,-0.0012018124668365525,0.0008964252666900652
34.191,1.9964696285277481,-0.001198800070974196,0.0008979444552641991
34.211,1.9964723498456576,-0.0011987809353874376,0.0008973674877494064
34.231,1.9964700442776973,-0.0012011195502905914,0.000896557152521793
34.251,1.9964676237166983,-0.001196895837340838,0.0008978467365893805
34.271,1.9964722628318539,-0.0011930159861644547,0.000896999654642211
34.291,1.9964756093312879,-0.001191774620979791,0.0008980101758388759
34.311,1.9964775369595182,-0.0011905966969380202,0.000898350624870925
34.331,1.9964788391941126,-0.0011889446828951006,0.0008979297549289167
34.351,1.996478071058389,-0.0011916580439337862,0.0008981024670956517
34.371,1.9964759715220566,-0.0011858253778441298,0.0008980226557263604
34.391,1.9964802521752085,-0.0011838897994850017,0.0008947281399031282
34.411,1.9964829432542592,-0.0011819259433617233,0.0008964034393828535
34.431,1.9964855643875599,-0.0011801932990332248,0.0008976094350137409
34.451,1.9964852550387848,-0.0011805801579123786,0.0008954522351645733
34.471,1.9964846082571504,-0.0011816685717715783,0.0008985089167482252
34.491,1.9964847154162575,-0.0011757453626266624,0.0008982193722670284
34.511,1.996489076084276,-0.0011740974353109906,0.0008977251287674015
34.531,1.996491418881673,-0.0011714547489589935,0.0008982017479305937
34.551,1.9964936832337552,-0.0011720627086807844,0.0008979927079673378
34.571,1.996493388521253,-0.0011724742389255475,0.0008991735816366309
34.591,1.9964898269227196,-0.0011717179502240172,0.0008983749722529522
34.611,1.996493822193399,-0.0011666958260036562,0.0008976945588133889
34.631,1.9964974852600101,-0.0011650675016301793,0.0008971867620846952
34.651,1.9964996565008672,-0.001162060459978343,0.0008987046832902856
34.671,1.9965023775250217,-0.0011620433429449743,0.0008981278216753374
34.691,1.9965000695859447,-0.0011643817338806016,0.0008973164761509611
34.711,1.9964976790545044,-0.0011601507883449188,0.0008986075959697415
34.731,1.9965023173920564,-0.0011562914702002687,0.0008977599057530539
34.751,1.9965056668414412,-0.0011550510780928983,0.0008987716934623358
34.771,1.996507598268051,-0.0011538776570227732,0.000899109035594231
34.791,1.996508901637648,-0.0011522284483033141,0.0008986896937423772
34.811,1.9965081322951177,-0.0011549345879013793,0.0008988650738139259
34.831,1.9965060426844834,-0.001149117987847048,0.0008987819665221553
34.851,1.9965103282495211,-0.001147181289466542,0.000895488383803017
34.871,1.9965130265206998,-0.0011452211543532885,0.0008971661271033604
34.891,1.9965156452211308,-0.0011434925794839793,0.0008983678101505965
34.911,1.996515343308093,-0.0011438745573483225,0.0008962116811019605
34.931,1.996514694798014,-0.0011449630273704962,0.0008992724901201177
34.951,1.9965148079410482,-0.001139062522311978,0.0008989777857077441
34.971000000000004,1.9965191751561207,-0.0011374066474456662,0.0008984836093021142
34.991,1.9965215231265634,-0.0011347678718491988,0.0008989600548371668
35.011,1.9965237852558853,-0.0011353782016397728,0.000898752721079199
35.031,1.9965234929643758,-0.0011357883814558478,0.0008999309901867036
35.051,1.9965199436631398,-0.0011350260495265642,0.0008991323914851745
35.071,1.9965239398636128,-0.0011300222776804807,0.0008984517484341425
35.091,1.996527606275424,-0.0011283936692301094,0.0008979442179260777
35.111,1.9965297807800875,-0.0011253909044004694,0.0008994609560592504
35.131,1.9965325017265014,-0.0011253758127137692,0.00089888415096534
35.151,1.9965301915147349,-0.0011277138974543771,0.0008980718214698924
35.171,1.9965278167921618,-0.0011234756438174417,0.0008993642829633886
35.191,1.9965324554728625,-0.0011196326056611048,0.0008985160948564441
35.211,1.9965358076301813,-0.0011183932839802712,0.0008995287676281105
35.231,1.9965377416413992,-0.0011172235733686075,0.0008998633499388009
35.251,1.9965390462704624,-0.0011155770413439569,0.000899445408757138
35.271,1.9965382748576803,-0.001118276055430036,0.0008996234817686133
35.291,1.9965361947180542,-0.0011124749556226591,0.0008995371177495659
35.311,1.996540485052642,-0.0011105369136473631,0.0008962444072737052
35.331,1.9965431897546628,-0.0011085801037128322,0.0008979242342694593
35.351,1.9965458061023673,-0.0011068555573347195,0.0008991220275153533
35.371,1.9965455115863049,-0.0011072327101619259,0.0008969669276930048
35.391,1.996544861037024,-0.001108320723790438,0.0009000304464290843
35.411,1.996544978783675,-0.001102438206694699,0.0008997322117483553
35.431,1.9965493519612676,-0.0011007759656907687,0.0008992380227775265
35.451,1.9965517049884267,-0.001098140878717503,0.0008997142916627454
35.471,1.9965539649266333,-0.00109875360786714,0.000899508657288689
35.491,1.9965536750632504,-0.0010991624240930002,0.0009006843263528741
35.511,1.996550136022956,-0.0010983944023958618,0.0008998858218600969
35.531,1.9965541325619283,-0.001093405064264087,0.0008992048520393703
35.551,1.9965578024987467,-0.0010917763643466007,0.0008986977157809106
35.571,1.9965599802852816,-0.0010887777983030643,0.0009002132756563697
35.591,1.9965627011650402,-0.001088764722705454,0.0008996365300773801
35.611,1.9965603886961214,-0.001091102486449095,0.0008988232153364917
35.631,1.9965580274972057,-0.0010868571633094962,0.000900117101617387
35.651,1.9965626664341853,-0.001083026924845186,0.0008992685281735691
35.671,1.9965660212253478,-0.0010817885634170506,0.0009002819653357308
35.691,1.9965679578496769,-0.0010806225341896576,0.0009006137888563637
35.711,1.996569263740359,-0.0010789786746331453,0.0009001972414371673
35.731,1.9965684886135346,-0.001081671007733185,0.0009003783276769484
35.751,1.9965664176046463,-0.0010758801375427866,0.0009002886867574
35.771,1.9965707114722473,-0.001073941449969612,0.0008969964379199891
35.791,1.996573422579445,-0.0010719878540300814,0.0008986785031482036
35.811,1.9965760365740797,-0.0010702673550182246,0.0008998724101471067
35.831,1.9965757494672631,-0.001070639683833044,0.0008977183406984057
35.851,1.9965750944739638,-0.0010717271021482362,0.0009007843906271851
35.871,1.9965752170071551,-0.0010658550889887093,0.0009004828999626124
35.891,1.9965795953587375,-0.001064188710454883,0.0008999885960289111
35.911,1.9965819534602813,-0.0010615571640705322,0.0009004646931624061
35.931,1.9965842112127206,-0.0010621722943837861,0.0009002607585297528
35.951,1.99658392378502,-0.0010625797616822265,0.000901433824425979
35.971000000000004,1.9965803947791185,-0.0010618059013664505,0.0009006355483005823
35.991,1.9965843916206982,-0.0010568238409867543,0.0008999537483855014
36.011,1.9965880653951753,-0.0010551953382611765,0.0008994472630608485
36.031,1.9965902464966643,-0.0010522008746845775,0.0009009616460658454
36.051,1.9965929673097778,-0.001052189815254817,0.0009003849628791138
36.071,1.9965906525840535,-0.001054527287738131,0.0008995706550923577
36.091,1.9965882965498283,-0.001050275006756703,0.0009008662676584789
36.111,1.9965929374951878,-0.0010464459968835215,0.0009000175173929925
36.131,1.9965962946481006,-0.001045208503959381,0.0009010313911802514
36.151,1.9965982339459982,-0.0010440461026804456,0.0009013604732914238
36.171,1.9965995411145516,-0.001042404897048739,0.0009009453005468515
36.191,1.9965987503706657,-0.001045093336376481,0.0009011305530064184
36.211,1.9965966824211256,-0.0010392980720151188,0.0009010374505641905
36.231,1.996600978434919,-0.0010373539764773985,0.0008977447116467474
36.251,1.9966036957072555,-0.0010354035292716051,0.0008994297262746032
36.271,1.9966063074062361,-0.0010336870222955523,0.0009006197677557393
36.291,1.9966060277015414,-0.0010340545390882237,0.0008984667176302752
36.311,1.996605401910149,-0.0010351367433392967,0.0009015345787709295
36.331,1.9966055357820156,-0.0010292731507054215,0.0009012288134979118
36.351,1.9966099193225624,-0.0010276027696122909,0.0009007343953565949
36.371,1.9966122825575892,-0.0010249747762537198,0.0009012103198850485
36.391,1.9966145381019067,-0.0010255923245832792,0.0009010080899171935
36.411,1.9966142531133464,-0.0010259984287227506,0.0009021785462780818
36.431,1.9966107889064164,-0.001025211380485252,0.0009013781113220432
36.451,1.9966147865377064,-0.0010202472959289738,0.0009006959643758083
36.471,1.9966184636455335,-0.0010186186141734324,0.0009001896710731649
36.491,1.9966206480394815,-0.001015628420964617,0.0009017028497865787
36.511,1.9966233687656354,-0.001015619386848801,0.0009011262363450567
36.531,1.996621051789943,-0.0010179565654676475,0.0009003109316036151
36.551,1.9966187755237372,-0.0010136886742410623,0.0009016051086590537
36.571,1.9966234143458297,-0.0010098882124847629,0.0009007555848820903
36.591,1.9966267744786017,-0.0010086517445739196,0.0009017706264943526
36.611,1.9966287163492917,-0.0010074931096508248,0.0009020969226848363
36.631,1.9966300247725424,-0.0010058545863747968,0.0009016831729860841
36.651,1.9966292765846336,-0.0010085306387693322,0.0009018711836243642
36.671,1.9966272506909124,-0.0010027651225407198,0.000901771145630087
36.691,1.9966315526506766,-0.001000828781503189,0.0008984804743409902
36.711,1.9966342767368714,-0.0009988816582887725,0.0009001665407312176
36.731,1.9966368860302661,-0.00099716935439717,0.0009013526501751856
36.751,1.9966366137637765,-0.0009975320095955038,0.0008992006427993027
36.771,1.9966360068161697,-0.0009986135506117196,0.0009022716779680529
36.791,1.9966361457353732,-0.0009927877399441404,0.0009019609004881912
36.811,1.9966405361108182,-0.0009911083274249393,0.000901466475097118
36.831,1.9966429043563345,-0.0009884843982482469,0.0009019421593084442
36.851,1.9966451576243063,-0.0009891044094699681,0.0009017416538949774
36.871,1.9966448750868024,-0.0009895091394839036,0.0009029094898790335
36.891,1.996641427748855,-0.000988717408723448,0.0009021087066151956
36.911,1.9966454247791987,-0.0009837839192260289,0.0009014270851130379
36.931,1.9966491046319237,-0.000982154580113801,0.0009009204913018598
36.951,1.996651292264863,-0.000979168852954512,0.0009024324346183221
36.971000000000004,1.9966540128854922,-0.0009791618594900734,0.0009018559023007688
36.991,1.9966516936619418,-0.0009814987400726016,0.000901039598500436
37.011,1.996649438615666,-0.0009772261894182566,0.0009023348125475339
37.031,1.9966540751047437,-0.0009734532532316774,0.0009014845618965928
37.051,1.9966574382369588,-0.0009722177878982961,0.0009025008005111579
37.071,1.9966593826928236,-0.0009710629116646461,0.0009028243170552674
37.091,1.9966606923745607,-0.000969427068458898,0.0009024119843620837
37.111,1.9966599488372443,-0.0009720950663353461,0.0009026029703652905
37.131,1.996657929046619,-0.0009663554745820255,0.0009024990618209106
37.151,1.9966622358157682,-0.0009644227318397263,0.000899209884617197
37.171,1.996664966556802,-0.0009624787941614351,0.0009008974785004731
37.191,1.9966675735000896,-0.0009607706469578125,0.0009020796918377538
37.211,1.9966673086464186,-0.0009611284790953054,0.000899928710948128
37.231,1.996666705311081,-0.000962211559457503,0.000903002949914189
37.251,1.9966668470507085,-0.0009564182581185427,0.0009026878976683694
37.271,1.9966712439313268,-0.0009547304729862326,0.0009021934679201982
37.291,1.9966736171923098,-0.0009521104727227979,0.00090266892241328
37.311,1.9966758682068804,-0.0009527329298319822,0.000902470139557604
37.331,1.9966755881093845,-0.0009531363069982773,0.0009036353594521485
37.351,1.996672157163218,-0.0009523399340078528,0.000902834220699561
37.371,1.996676154014193,-0.0009474353761362536,0.0009021531382022996
37.391,1.996679836658056,-0.0009458053727903902,0.0009016462494883526
37.411,1.996682027531797,-0.0009428240549851073,0.0009031569644578352
37.431,1.9966847480551086,-0.0009428190722692567,0.0009025805064974968
37.451,1.996682426577996,-0.0009451556885127291,0.0009017631923437519
37.471,1.9966801922474704,-0.0009408783805730536,0.0009030594524695734
37.491,1.9966848267324517,-0.0009371317044006094,0.0009022084895580207
37.511,1.9966881928620552,-0.0009358972253844622,0.0009032259186211034
37.531,1.9966901399141757,-0.0009347460691071451,0.000903546658245935
37.551,1.9966914508684812,-0.000933112888220778,0.0009031357367972614
37.571,1.9966907117269785,-0.0009357730011665144,0.0009033295748092918
37.591,1.9966886980862661,-0.0009300584357211216,0.0009032219215356352
37.611,1.9966930095867572,-0.0009281290886765841,0.0008999342044510306
37.631,1.99669574697706,-0.0009261883223695461,0.0009016233599295764
37.651,1.996698351566813,-0.0009244842842518839,0.0009028016770272762
37.671,1.9966980941329961,-0.0009248373197163011,0.0009006517215361942
37.691,1.9966974941442628,-0.0009259218737462543,0.0009037290490603589
37.711,1.9966976387459607,-0.0009201599833715793,0.0009034098498442444
37.731,1.9967020420460224,-0.0009184640653456338,0.0009029153956109648
37.751,1.9967044203339899,-0.0009158479197482377,0.0009033906204916342
37.771,1.9967066690956345,-0.0009164728175081655,0.0009031935599646546
37.791,1.9967063914445793,-0.0009168748488348208,0.0009043561639035247
37.811,1.9967029765067206,-0.0009160737365496085,0.0009035546681650797
37.831,1.9967069732155005,-0.0009111970198750746,0.0009028740912732647
37.851,1.9967106587125356,-0.0009095663912682753,0.0009023669348147967
37.871,1.9967128528447176,-0.0009065894261058179,0.0009038764199603977
37.891,1.9967155732685957,-0.0009065864385788729,0.0009033000357529519
37.911,1.996713249550636,-0.0009089227917942642,0.0009024817119443196
37.931,1.9967110354465842,-0.000904640518525973,0.0009037790145706714
37.951,1.9967156681214935,-0.0009009189332093489,0.0009029273664139525
37.971000000000004,1.9967190372294286,-0.0008996854125977627,0.0009039459477567235
37.991,1.996720986880097,-0.000898537927611639,0.0009042639091746685
38.011,1.9967222991119784,-0.0008969074018798187,0.0009038543983362624
38.031,1.9967192806205745,-0.0009002282134364325,0.0009040646845264733
38.051,1.996723202746718,-0.0008999113137092775,0.0009034753491935221
38.071,1.9967257151172482,-0.0008983491513454801,0.0009046659454678696
38.091,1.9967242880757852,-0.0008929403968751031,0.000903993783942264
38.111,1.996728612729049,-0.0008911175288296141,0.0009007238027753106
38.131,1.9967313654851824,-0.0008891795651465827,0.0009023989226321638
38.151,1.996733966053581,-0.0008874820911520726,0.0009035717255000408
38.171,1.9967337172708544,-0.0008878292053012588,0.0009014232609454442
38.191,1.9967331051675352,-0.000891220935337327,0.0009055258078431161
38.211,1.9967363218981966,-0.0008901634796567135,0.0009039836423492265
38.231,1.9967379486704229,-0.0008875970210141118,0.0009044583580819499
38.251,1.9967380045173966,-0.0008823831113312949,0.0009042354791421736
38.271,1.9967424270969387,-0.0008806395467561351,0.000903740545037196
38.291,1.9967448106018941,-0.0008780365962011267,0.0009042141561537431
38.311,1.9967470548749773,-0.0008786652903447698,0.0009040195440585541
38.331,1.9967467801230996,-0.0008790658786640847,0.0009051788450850362
38.351,1.9967460317505015,-0.0008814583687364267,0.0009037167394261303
38.371,1.996749250313854,-0.0008795538558750496,0.0009042680332779773
38.391,1.996748206066556,-0.0008769725481351139,0.000904443093508206
38.411,1.9967521442234222,-0.000872579580988255,0.0009037699133371824
38.431,1.996755817745818,-0.0008709324431712142,0.0009032434025371405
38.451,1.996758014584114,-0.0008679689898130507,0.000904750205511673
38.471,1.9967607339466282,-0.0008679690388355152,0.0009041743262058755
38.491,1.9967584070542017,-0.0008703054384817154,0.0009033546066247733
38.511,1.9967590495119218,-0.0008711567652054998,0.0009013692040473475
38.531,1.9967622142847734,-0.0008684373906645898,0.0008976448304008899
38.551,1.9967610506507252,-0.0008649586447583677,0.0009047094595242
38.571,1.9967655863212488,-0.00086147479823751,0.0009038452872659752
38.591,1.9967689692606754,-0.0008602390764101916,0.000904874803429323
38.611,1.9967709212471143,-0.0008590996047481291,0.0009051877671337749
38.631,1.996772234677797,-0.0008574732967060418,0.0009047811984450593
38.651,1.9967691918170916,-0.0008607945242304809,0.000904992096745022
38.671,1.9967731527781107,-0.000860497881771706,0.0009044036160789082
38.691,1.9967756648225443,-0.0008589335589333533,0.0009055932272503397
38.711,1.9967742403968727,-0.0008535063488670624,0.0009049197687086841
38.731,1.9967785669945672,-0.0008516712877918351,0.0009016484612312525
38.751,1.9967813283221845,-0.0008497383715080856,0.0009033290423546558
38.771,1.9967839253999804,-0.0008480467359334026,0.0009044959371893868
38.791,1.9967836867328217,-0.0008483873229354392,0.0009023489681467267
38.811,1.9967830595859197,-0.0008518036991822329,0.0009064635211653849
38.831,1.9967862993636902,-0.0008507477787717765,0.0009049086669729312
38.851,1.9967879330567038,-0.0008481752599512516,0.000905378779957694
38.871,1.9967879838207454,-0.0008429323777076636,0.0009051595794417888
38.891,1.9967924107434432,-0.0008411922618575696,0.0009046644122952252
38.911,1.9967948020539013,-0.0008385943651493585,0.0009051379454262931
38.931,1.9967970430325626,-0.0008392262694358211,0.0009049457120875459
38.951,1.9967967716930486,-0.0008396253875537006,0.0009061014771885034
38.971000000000004,1.996796047722047,-0.0008420469191039665,0.0009046507723213526
38.991,1.996799255737481,-0.000840135366342172,0.0009051911610388208
39.011,1.9967982121947203,-0.0008375488592222927,0.0009053658185478874
39.031,1.996802151747546,-0.0008331289603098683,0.0009046893481901852
39.051,1.9968058327722698,-0.0008314838137268555,0.0009041653758065926
39.071,1.9968080347887873,-0.0008285264427207203,0.0009056707366184857
39.091,1.996810753721325,-0.0008285292391892935,0.0009050950190964691
39.111,1.9968084241655308,-0.0008308658413786205,0.0009042739061311533
39.131,1.9968090889533043,-0.000831734468377063,0.0009022708593124651
39.151,1.9968122483234874,-0.0008290160276383102,0.0008985619445836535
39.171,1.9968110855250951,-0.0008255352063395874,0.0009056304296420903
39.191,1.9968156287367966,-0.0008220243941134491,0.0009047668847162738
39.211,1.996819014153679,-0.0008207901445656976,0.0009057962304908074
39.231,1.9968209701566675,-0.0008196561005562337,0.0009061051236430306
39.251,1.9968222851493815,-0.0008180335203775554,0.0009057006498721376
39.271,1.996819219253458,-0.0008213552836292509,0.0009059121218085164
39.291,1.9968232177157927,-0.0008210789032924676,0.0009053249054428725
39.311,1.9968257312507616,-0.0008195131149827286,0.0009065129463964039
39.331,1.9968243101837222,-0.0008140670976722122,0.0009058384155322119
39.351,1.9968286387297842,-0.0008122200869650153,0.0009025658263484837
39.371,1.9968314086510193,-0.0008102922241230086,0.0009042518159938229
39.391,1.996834002237342,-0.0008086064480219571,0.0009054127960075042
39.411,1.996833773702998,-0.0008089404858204487,0.0009032673279074921
39.431,1.9968331319096668,-0.0008123820319999369,0.0009073940278465087
39.451,1.9968363947523742,-0.0008113280149742398,0.0009058264022529794
39.471,1.9968380360461395,-0.000808750387303749,0.0009062927341580984
39.491,1.9968380834456172,-0.0008034788098019306,0.0009060763538301098
39.511,1.996842514718916,-0.0008017418580680779,0.0009055809500562173
39.531,1.9968449138505946,-0.0007991490667951496,0.0009060544027428563
39.551,1.9968471515226898,-0.0007997842146855363,0.0009058645581360714
39.571,1.9968468840821216,-0.0008001824441621229,0.0009070168502255671
39.591,1.996846183895654,-0.0008026327505835638,0.0009055772788316985
39.611,1.996849381783453,-0.0008007148627641506,0.0009061069624338725
39.631,1.9968483407656847,-0.0007981233295179884,0.0009062811955925232
39.651,1.9968522816311605,-0.000793676691716325,0.0009056014928658096
39.671,1.9968559700233282,-0.0007920335029662382,0.0009050800206555076
39.691,1.9968581772212235,-0.0007890822321849167,0.0009065839372931206
39.711,1.9968608957210936,-0.0007890877876235132,0.0009060083807113928
39.731,1.9968585639274612,-0.0007914248889391478,0.0009051858824786485
39.751,1.9968592504058376,-0.0007923108869334673,0.0009031653022756603
39.771,1.9968624049819257,-0.0007895940862080175,0.0008994725149910343
39.791,1.9968612437174287,-0.0007861103247808537,0.0009065440696606197
39.811,1.99686579431856,-0.0007825732117453317,0.0009056811018531286
39.831,1.9968691822551694,-0.0007813404584288267,0.0009067103320411218
39.851,1.9968711422809822,-0.0007802118722257914,0.0009070151462084453
39.871,1.996872458844018,-0.0007785930191734573,0.0009066127694842552
39.891,1.9968693696913695,-0.000781915414983935,0.0009068248124830813
39.911,1.9968734055050563,-0.0007816594360968029,0.0009062389610349775
39.931,1.9968759210348381,-0.0007800923796436651,0.0009074252746098244
39.951,1.9968745032896253,-0.0007746277983705437,0.0009067497336724406
39.971000000000004,1.996878833733393,-0.0007727690982882781,0.0009034759110420898
39.991,1.9968816122881776,-0.0007708462921722694,0.000905167269775381
40.011,1.996884202384673,-0.0007691663929145515,0.000906322320249342
40.031,1.9968839840034984,-0.0007694938672183119,0.0009041783542827198
40.051,1.9968833273447877,-0.0007729605449474535,0.0009083171867653728
40.071,1.9968866128841924,-0.0007719084560275438,0.0009067367832680806
40.091,1.996888261691424,-0.0007693256329672328,0.0009071993570226866
40.111,1.996888305724511,-0.00076402623548625,0.0009069857942098358
40.131,1.9968927413242041,-0.0007622922949255717,0.0009064901497645161
40.151,1.9968951482758295,-0.0007597046060636775,0.0009069635192100189
40.171,1.9968973826483607,-0.0007603430019342164,0.0009067760678139469
40.191,1.9968971191280926,-0.0007607403361389385,0.0009079248776352467
40.211,1.9968964419334705,-0.0007632192681418892,0.0009064962103391971
40.231,1.996899629811614,-0.000761295144993541,0.0009070154139994291
40.251,1.9968985909349406,-0.0007586981362980097,0.0009071892254845504
40.271,1.9969025331263017,-0.0007542256477808163,0.0009065063138880836
40.291,1.996906228845338,-0.0007525843937072887,0.0009059873160724707
40.311,1.9969084412206766,-0.0007496392071893957,0.0009074897854292885
40.331,1.9969111592932929,-0.0007496475272742611,0.0009069143908150279
40.351,1.9969088252687983,-0.0007519851216610104,0.0009060904966880778
40.371,1.9969095327581148,-0.0007528887264632578,0.0009040525862518134
40.391,1.9969126817901341,-0.0007501724319456241,0.0009003748152704993
40.411,1.9969115208392967,-0.0007466865309545493,0.0009074503388090405
40.431,1.9969160788764908,-0.0007431224822559779,0.0009065879517651532
40.451,1.996919469332015,-0.0007418912199897263,0.0009076170591920396
40.471,1.9969214334004326,-0.0007407680578107199,0.0009079177968671082
40.491,1.9969227515514034,-0.0007391529303324147,0.0009075175107077227
40.511,1.9969196388332384,-0.0007424759057225098,0.0009077301042107189
40.531,1.996923711282664,-0.0007422400824162131,0.000907144877792837
40.551,1.996926226620048,-0.0007406708795059491,0.0009083303342913851
40.571,1.996924811400854,-0.0007351872255225715,0.0009076536754769604
40.591,1.9969291435936916,-0.0007333164136849564,0.0009043785134187354
40.611,1.9969319307530888,-0.0007313985951307072,0.0009060752879026246
40.631,1.9969345173729236,-0.0007297245887651527,0.0009072244304138555
40.651,1.9969343091586937,-0.0007300455071085773,0.0009050819584252856
40.671,1.9969336372617992,-0.000733537326350979,0.000909232916953745
40.691,1.9969369444508291,-0.0007324868781675544,0.000907639599992599
40.711,1.9969385997189617,-0.0007298972422194188,0.0009080971135871085
40.731,1.9969386372977849,-0.0007245680182624338,0.0009078877592096357
40.751,1.9969430770241452,-0.0007228378325187753,0.0009073918673496717
40.771,1.9969454917487568,-0.0007202551464215354,0.0009078651566413465
40.791,1.996947722858355,-0.0007208967889409273,0.0009076800958312536
40.811,1.9969474632622985,-0.0007212932245701169,0.000908825424702997
40.831,1.9969458266067297,-0.0007229141917330685,0.0009067675791407381
40.851,1.9969459994877035,-0.0007246352892273629,0.0009082590122744261
40.871,1.9969496050045268,-0.0007231692383529568,0.0009078930848753219
40.891,1.9969531066566149,-0.0007212388760265433,0.0009080076192409525
40.911,1.9969550532505131,-0.0007195603404085652,0.0009080605858663715
40.931,1.9969568777158826,-0.000719952111000417,0.0009090810527872806
40.951,1.9969544840987132,-0.0007225173418860934,0.0009079901620099584
40.971000000000004,1.9969545642520437,-0.0007242924738221752,0.0009091839078664565
40.991,1.996956643179284,-0.0007227901294761686,0.0009070779435237375
41.011,1.9969605031808673,-0.0007225376774936845,0.0008994497168542948
41.031,1.996962139031664,-0.0007208601954101709,0.0009083366067278165
41.051,1.996965570787756,-0.0007196159845464863,0.000908213040043987
41.071,1.996962362134322,-0.000722068990826481,0.0009089410927786978
41.091,1.9969615791767605,-0.0007237963641672299,0.0009084867425203369
41.111,1.9969627434762884,-0.0007242307775315571,0.0009084336510334079
41.131,1.9969672916414865,-0.0007214343612962117,0.0009071638063562204
41.151,1.9969694161308107,-0.0007195362044976538,0.0009084845813384923
41.171,1.996971123257011,-0.0007204660781919133,0.0009077110597877636
41.191,1.9969689964522421,-0.000721307873372322,0.0009087913811283987
41.211,1.9969698334753967,-0.0007232728162403241,0.0009080306697491769
41.231,1.9969695207876952,-0.0007234142619659892,0.0009072292113817271
41.251,1.9969737320737657,-0.0007227521519201927,0.0009085495502961227
41.271,1.9969766314146309,-0.0007205688824384409,0.0009087232814606883
41.291,1.9969792978118668,-0.0007179207352823371,0.0009066309719959198
41.311,1.996978697552421,-0.0007199351425372894,0.000908887881615611
41.331,1.9969760104814438,-0.0007221039243213512,0.000907240118534991
41.351,1.9969764627091149,-0.0007241767354461363,0.0009089922624949398
41.371,1.9969807136334408,-0.0007227517320551073,0.0009079418586683263
41.391,1.9969842103459772,-0.0007215847341281367,0.0009090289479608826
41.411,1.9969861749879214,-0.000720484008222843,0.0009093177855454548
41.431,1.996987493473495,-0.0007188772100337692,0.0009089251715533042
41.451,1.99698433955852,-0.0007222024154739906,0.000909138748652838
41.471,1.996985893908933,-0.0007229588172884458,0.000909155490404101
41.491,1.9969868327392994,-0.0007224023934058314,0.0009075863789183847
41.511,1.996991442578186,-0.0007215658650514593,0.0009082399005949093
41.531,1.9969936649956217,-0.0007179694334052723,0.0009072145409344812
41.551,1.9969960062906082,-0.000720002257870566,0.0009083930046346056
41.571,1.996993404682187,-0.0007208268170768675,0.0009093979482739933
41.591,1.9969942825644114,-0.0007222351278768006,0.0009084061355787709
41.611,1.9969938629802921,-0.00072440832921537,0.0009093606390999376
41.631,1.9969975055005396,-0.0007211105914579469,0.0009076967494585642
41.651,1.9970008691952705,-0.0007201731519522856,0.0009095560260958258
41.671,1.997002947539149,-0.0007203812402516575,0.0009023586151332141
41.691,1.9970030984919553,-0.0007195372913143677,0.0009095307173180023
41.711,1.9970004689277667,-0.0007236052933302021,0.000909262469242611
41.731,1.9970008247352953,-0.0007237270035830921,0.0009096303750099899
41.751,1.9970048729835945,-0.0007231005376967083,0.0009098175612068937
41.771,1.9970081496084582,-0.0007214183182748151,0.0009099535819710736
41.791,1.997009819333471,-0.0007192603845463203,0.0009093489225615592
41.811,1.9970120281302506,-0.0007185023041762321,0.000909600089708057
41.831,1.9970084985422503,-0.0007231279818422864,0.0009069147776750441
41.851,1.9970100791856036,-0.0007227925535293243,0.0009097090069468405
41.871,1.9970112442138748,-0.0007230346380540697,0.000909032193799425
41.891,1.9970157127929273,-0.0007206275734523105,0.0009083634444355948
41.911,1.9970172755086981,-0.0007205208241289926,0.0009021989362594518
41.931,1.9970199812444243,-0.0007196370404272093,0.000908498070466196
41.951,1.99701763053367,-0.0007207869731321358,0.0009099241421595128
41.971000000000004,1.9970185724057776,-0.0007229889344420423,0.0009100024851924626
41.991,1.9970174262008866,-0.0007238638628538833,0.000909729976564605
42.011,1.9970219838774528,-0.0007218340953089471,0.0009093167469775287
42.031,1.9970244181406145,-0.0007193173943724341,0.000909782962186384
42.051,1.997026634813146,-0.0007199704191856722,0.0009096043449580149
42.071,1.9970263825021355,-0.0007203662160862791,0.0009107421965828255
42.091,1.997024650846338,-0.0007220423410019832,0.000908689245814831
42.111,1.997024811558592,-0.000723765447185669,0.0009101784130940704
42.131,1.9970284224714447,-0.0007222995248316729,0.0009098115955405162
42.151,1.99703193527569,-0.0007203790932552778,0.0009099259390387138
42.171,1.9970338801779404,-0.0007187122802615217,0.0009099787995075492
42.191,1.9970357198646431,-0.0007190973982186778,0.0009109903635687866
42.211,1.9970332613483266,-0.0007217082157602362,0.000909912287165332
42.231,1.9970332959747057,-0.0007234907967729825,0.0009111105187369073
42.251,1.9970353869754705,-0.0007219873952145164,0.0009089943930580269
42.271,1.9970392537298125,-0.0007217455433873045,0.0009013664503878527
42.291,1.9970408967830908,-0.00072007300010348,0.000910258525722768
42.311,1.9970443304563334,-0.0007188408717577906,0.0009101280033181336
42.331,1.997041087100265,-0.0007213087040701923,0.0009108900751782778
42.351,1.9970402451605962,-0.0007230600026604233,0.0009104058082491095
42.371,1.997041406281039,-0.0007234958704992371,0.0009103526103315662
42.391,1.9970459631901523,-0.0007207070742696435,0.000909081423248026
42.411,1.9970480966135031,-0.0007188214649887122,0.0009104024622925699
42.431,1.9970498000797285,-0.0007197609329482853,0.0009096244027901601
42.451,1.9970476753293487,-0.0007205971498875936,0.0009107082975957914
42.471,1.9970484279383396,-0.0007226083305520532,0.000909951258577929
42.491,1.9970481077366498,-0.0007227562995425871,0.0009091475056969556
42.511,1.9970523224217045,-0.0007220930522550458,0.0009104682024968502
42.531,1.9970552397296863,-0.0007199183228017055,0.0009106416283401753
42.551,1.9970578998756912,-0.0007172828368898179,0.0009085508184505098
42.571,1.9970573164606158,-0.0007192950098795945,0.0009108041652268473
42.591,1.9970545551025205,-0.0007215089741414065,0.0009091597536720897
42.611,1.9970549707393213,-0.0007235807403972892,0.0009109111885478027
42.631,1.9970592365980997,-0.0007221634144671265,0.000909861803922718
42.651,1.9970627393112668,-0.0007210000275183889,0.0009109492626538096
42.671,1.9970647088589926,-0.0007199097743275395,0.0009112305509365315
42.691,1.9970660308112178,-0.0007183105584394594,0.0009108418645973893
42.711,1.9970628288650238,-0.0007216361514552965,0.0009110565148139904
42.731,1.9970643496910274,-0.000722432020952791,0.0009110737756704013
42.751,1.9970652842100214,-0.0007218780667804341,0.0009095027429613656
42.771,1.997069905448771,-0.0007210491527153621,0.0009101580942662557
42.791,1.9970721362404102,-0.0007174634045363786,0.0009091332266583929
42.811,1.9970744785308074,-0.0007195013294247939,0.0009103121315220952
42.831,1.9970718714087905,-0.0007203270399561007,0.0009113138914034757
42.851,1.9970726823873415,-0.0007217767077814202,0.0009103232124909599
42.871,1.9970722513449906,-0.0007239566455629442,0.0009112760097952644
42.891,1.997075902219182,-0.0007206591791580307,0.0009096127690008671
42.911,1.9970792810684612,-0.0007197342803117626,0.0009114766826111842
42.931,1.997081353694706,-0.0007199534322411879,0.0009042667764754542
42.951,1.9970815185556734,-0.0007190984001473498,0.000911446150289319
42.971000000000004,1.9970788196413738,-0.0007232177371340963,0.0009111797105781916
42.991,1.9970791589171057,-0.0007233432803237837,0.0009115463447098293
43.011,1.9970832141338346,-0.0007227171279548545,0.0009117328249926004
43.031,1.997086498021173,-0.000721040893847683,0.0009118652378623804
43.051,1.997088174063525,-0.0007188977333151265,0.0009112632173294832
43.071,1.9970903850335524,-0.0007181441705856307,0.0009115142554363964
43.091,1.997086812705629,-0.000722793775166417,0.0009088296137513274
43.111,1.9970883743287076,-0.0007224679953071996,0.0009116233298182286
43.131,1.9970895377129725,-0.0007227171286130758,0.0009109478733962117
43.151,1.9970940137304,-0.0007203148981758606,0.0009102761959861039
43.171,1.9970955841575686,-0.0007202210479985665,0.0009041055568532741
43.191,1.9970982891769027,-0.0007193449658746179,0.0009104086305985193
43.211,1.9970959325350386,-0.0007204853627615555,0.0009118342796982648
43.231,1.9970968295238916,-0.0007227303926145628,0.0009119127000844496
43.251,1.9970956680465055,-0.0007236121560496409,0.0009116419029502054
43.271,1.99710023657338,-0.0007215866566022593,0.00091122816586095
43.291,1.9971026836284533,-0.0007190806170824814,0.0009116939314396943
43.311,1.997104894947199,-0.0007197409752059186,0.0009115197107171513
43.331,1.9971046495733966,-0.0007201352284030528,0.0009126513212837362
43.351,1.9971028721591095,-0.0007218528766811212,0.0009105975743101125
43.371,1.9971030180414089,-0.0007235813751769456,0.0009120881660949487
43.391,1.997106634054154,-0.0007221166110461135,0.000911720487719675
43.411,1.9971101583537736,-0.0007202063293098209,0.0009118346254954335
43.431,1.9971121015108084,-0.0007185514001787061,0.0009118874326029258
43.451,1.9971139565819767,-0.000718929775789291,0.0009128900157726882
43.471,1.9971114461839594,-0.0007215835498404471,0.0009118213750528292
43.491,1.9971114741956537,-0.0007233691804089926,0.0009130283296156227
43.511,1.9971135683819625,-0.0007218677811813498,0.0009108987595429774
43.531,1.9971174420895852,-0.0007216357377727452,0.0009032706857391437
43.551,1.9971190924575613,-0.0007199682075824908,0.0009121681235624568
43.571,1.9971225279926006,-0.0007187483648372329,0.0009120305048631872
43.591,1.9971192489544596,-0.0007212309876752682,0.0009128267326198314
43.611,1.9971184096006538,-0.0007229992849211073,0.0009123088017212178
43.631,1.9971195546818605,-0.0007234396562058316,0.0009122559880929137
43.651,1.997124121561874,-0.0007206567319488965,0.0009109833359884911
43.671,1.9971262639819023,-0.0007187841364781774,0.0009123046911852228
43.691,1.9971279637202068,-0.0007197332644650221,0.0009115220563153947
43.711,1.997125841025509,-0.0007205639083601757,0.0009126095573633031
43.731,1.9971265695192832,-0.0007226165085509281,0.0009118536411832356
43.751,1.9971262350307197,-0.0007227693509910742,0.000911046602813631
43.771,1.9971304543317139,-0.0007221051719231019,0.0009123676506295475
43.791,1.9971333898658408,-0.0007199392907766655,0.0009125407867555391
43.811,1.997136043603533,-0.0007173165496925028,0.0009104515282080672
43.831,1.997135477118474,-0.0007193265018071784,0.0009127012623117436
43.851,1.9971326660769038,-0.0007215774990482699,0.0009110581040660815
43.871,1.997133080612346,-0.0007236455638869612,0.0009128077792080469
43.891,1.997137350956001,-0.0007222414114431328,0.0009117589393221048
43.911,1.9971408600980793,-0.0007210814491649246,0.0009128471736392085
43.931,1.9971428345964888,-0.0007200016714136283,0.0009131207972383482
43.951,1.9971441599905209,-0.0007184101249267617,0.0009127361243421728
43.971000000000004,1.9971409086860181,-0.0007217359049128923,0.0009129518423510175
43.991,1.9971424520828753,-0.0007225622427077991,0.0009129665319100033
44.011,1.9971433716756162,-0.0007220160120196216,0.0009113940339363913
44.031,1.9971480047677832,-0.0007211936363001824,0.0009120509703423041
44.051,1.9971502439837638,-0.0007176186896678291,0.0009110266519826715
44.071,1.9971525871871953,-0.0007196617780942118,0.0009122059530691784
44.091,1.997149974516987,-0.000720488772738928,0.000913204484788599
44.111,1.9971507637083978,-0.0007219750463334971,0.0009122125951128157
44.131,1.997150314997242,-0.000724161965527314,0.0009131637049843155
44.151,1.9971539743732096,-0.000720864684362145,0.0009115009106471783
44.171,1.9971573685337336,-0.0007199526082322279,0.0009133696208455666
44.191,1.9971594353256457,-0.0007201827668141944,0.0009061470043873754
44.211,1.9971596141185863,-0.0007193166854740653,0.0009133337463542168
44.231,1.997156880166078,-0.0007234812338513855,0.0009130681203253221
44.251,1.9971572094008005,-0.0007236114011424074,0.0009134323357692098
44.271,1.9971612638647758,-0.0007229873570756178,0.0009136179186584881
44.291,1.9971645552621555,-0.0007213169641597053,0.0009137468211495303
44.311,1.9971662376449981,-0.0007191885688941687,0.0009131475010028534
44.331,1.9971709977734684,-0.0007193529041589924,0.0009123676823573068
44.351,1.997169590240058,-0.000720146272141764,0.0009047054126520571
44.371,1.9971738939172927,-0.0007188569503636991,0.0009125343386291174
44.391,1.997176643824481,-0.0007153154440592761,0.0009061715154003447
44.411,1.9971787519023325,-0.0007161471574526792,0.0009132711028698726
44.431,1.997181612318582,-0.0007155113402918462,0.0009135216555571923
44.451,1.9971827721387105,-0.0007157718084469028,0.0009128567781836738
44.471,1.9971872551190453,-0.000713375046172035,0.0009121820770618128
44.491,1.9971888338428578,-0.0007132944496446359,0.0009060049582345353
44.511,1.997191538004809,-0.0007124264024114934,0.0009123121944552559
44.531,1.9971922996984546,-0.0007136725040473232,0.0009123431725293341
44.551,1.9971957525600055,-0.0007114286618368432,0.0009065740832359392
44.571,1.997199072634877,-0.0007094180335860509,0.0009071360930013872
44.591,1.9972007269417538,-0.0007088057166438314,0.0009098231678895674
44.611,1.9972052994178962,-0.0007085432934140945,0.0009138213572441878
44.631,1.9972040859625726,-0.0007094530730793322,0.0009135698203944775
44.651,1.9972086648155007,-0.0007074331495548337,0.0009131558978091592
44.671,1.9972111262027943,-0.0007049383946144253,0.0009136212301590063
44.691,1.9972133314431169,-0.0007056065158784959,0.0009134518879647946
44.711,1.9972164879802599,-0.0007057036458397864,0.0009121406291218437
44.731,1.9972172732700049,-0.0007056297983001627,0.0009124747597605287
44.751,1.9972217599046274,-0.0007032487241318318,0.00091360387639286
44.771,1.9972233726140847,-0.0007019831201359604,0.0009136950905799524
44.791,1.99722671571599,-0.0006999617292775206,0.0009124079734461332
44.811,1.9972266394923637,-0.0007022149784521045,0.0009140361099195804
44.831,1.9972302601921537,-0.0007007502550208725,0.0009136688727716946
44.851,1.9972337971034773,-0.0006988513477419536,0.0009137828469059639
44.871,1.9972357385345907,-0.0006972094798281124,0.0009138355477753546
44.891,1.9972378042871177,-0.0006977366845387686,0.000909905437966374
44.911,1.9972385962405044,-0.000698763044813591,0.0009126582809448613
44.931,1.997243182402327,-0.0006971374844320626,0.0009128034557311371
44.951,1.9972456240738812,-0.0006945363005125649,0.0009112892421555552
44.971000000000004,1.9972481139098173,-0.0006947619214706501,0.0009140326999116932
44.991,1.9972503010618614,-0.0006947893001730088,0.0009149968742978853
45.011,1.9972524069030642,-0.0006932879121787816,0.0009128648564606101
45.031,1.9972562883167748,-0.0006930681249719102,0.0009052369609486854
45.051,1.997257948239768,-0.0006914060452866181,0.000914141159302162
45.071,1.9972613859089476,-0.0006902004666288581,0.0009139950172687428
45.091,1.9972609867976094,-0.0006918045223188929,0.0009136042077507733
45.111,1.9972647804750931,-0.0006900788647639087,0.0009109849077877652
45.131,1.9972677056375705,-0.0006882262539049237,0.0009126156838179245
45.151,1.9972702608153325,-0.000686604992058624,0.0009137183331084375
45.171,1.9972724873048582,-0.0006871784098209754,0.0009142749714015908
45.191,1.9972736083260658,-0.0006876483167552552,0.0009142449993131685
45.211,1.9972781842631344,-0.0006848744937784702,0.0009129708943687864
45.231,1.9972803388077287,-0.0006830172646069281,0.0009142926339126833
45.251,1.9972820335131276,-0.0006839781617859666,0.0009135042978390684
45.271,1.997282856584826,-0.0006840814864643549,0.0009112347524624365
45.291,1.997287331435244,-0.0006834952053800252,0.0009136409571560422
45.311,1.997290852558598,-0.0006817875334586697,0.0009142037305469031
45.331,1.997292808217326,-0.0006821210819575028,0.0009117403897704324
45.351,1.9972959237107464,-0.0006792758044103981,0.0009137550574710163
45.371,1.997295517969969,-0.0006797793989947996,0.0009130540558937861
45.391,1.9972997404182646,-0.0006791136698755863,0.0009143761835822273
45.411,1.9973026993863567,-0.0006769583247012738,0.0009145490181201588
45.431,1.9973053446350282,-0.0006743509228136976,0.0009124617644812871
45.451,1.9973072620710552,-0.0006770888731783896,0.0009128402328124063
45.471,1.9973080591198307,-0.0006771303759616838,0.0009134894287225193
45.491,1.9973131630338878,-0.0006752437314289628,0.0009137861392640723
45.511,1.9973148858378056,-0.0006725567772273115,0.0009139355789268278
45.531,1.997316958552606,-0.0006714237016538344,0.0009130882383398542
45.551,1.997317583645422,-0.000673446909084433,0.0009148324282620968
45.571,1.9973218800732921,-0.0006720452451983634,0.0009137889967929247
45.591,1.997325396224568,-0.0006708892227590062,0.000914877860001051
45.611,1.9973273794447637,-0.0006698229936966268,0.0009151411326893399
45.631,1.9973304942407375,-0.0006695590748060365,0.0009131530578503633
45.651,1.9973307743372914,-0.0006708126018927247,0.0009138862846422846
45.671,1.9973342098765223,-0.0006685263727095386,0.0009138679854893417
45.691,1.9973378558892232,-0.0006672613893915196,0.0009128384858697325
45.711,1.9973399004328447,-0.0006650180359317227,0.0009152234154729266
45.731,1.9973422273245185,-0.000665143784236228,0.0009149992785762728
45.751,1.9973431413789762,-0.0006646080400255147,0.0009134385196013506
45.771,1.997347789117556,-0.0006637955831150233,0.0009140982802288422
45.791,1.9973500411148786,-0.000660234664024967,0.0009130749313174813
45.811,1.997352385802479,-0.0006622843599878013,0.0009142548637335046
45.831,1.9973524667527147,-0.0006636029031356931,0.0009134662795971804
45.851,1.9973569786685008,-0.0006627178078594622,0.0009129744822201635
45.871,1.9973602609354526,-0.0006614035742111214,0.000912676651588451
45.891,1.9973619768947501,-0.0006576446694718445,0.0009087641826726611
45.911,1.9973658834217791,-0.0006572061077925536,0.0009142163440699347
45.931,1.9973653386806909,-0.0006595566918877757,0.0009152265233445256
45.951,1.9973690082876456,-0.0006562596697303998,0.0009135652723125387
45.971000000000004,1.997372425800081,-0.000655364617709243,0.0009154414682091272
45.991,1.997374483380408,-0.0006556091470060776,0.0009081994883978206
46.011,1.9973773932804317,-0.0006552103920473718,0.0009139774365830022
46.031,1.9973784795043554,-0.0006552809903965892,0.0009145919340527442
46.051,1.997382373261895,-0.0006537977160774961,0.0009139821092708778
46.071,1.9973846229022174,-0.0006509483967874208,0.0009154651964053961
46.091,1.997387333194842,-0.0006509849898612033,0.000914892907446424
46.111,1.9973874791513724,-0.0006518096735869507,0.0009155144720388586
46.131,1.9973915644884248,-0.0006511796196484133,0.0009157018509983184
46.151,1.9973948647653874,-0.0006495172916507865,0.0009158249907737781
46.171,1.997396558998897,-0.0006474100410497462,0.0009152296668639426
46.191,1.9974013252950629,-0.0006475805527673289,0.0009144492023138717
46.211,1.9973999159274067,-0.0006483720588992283,0.0009067845718294387
46.231,1.9974042318017993,-0.0006470902797402756,0.0009146131762337861
46.251,1.9974070058289284,-0.0006435680508882248,0.0009082669361172302
46.271,1.997409104765221,-0.0006444069412348047,0.0009153498289080908
46.291,1.9974119765368588,-0.0006437737181716422,0.0009155994597759287
46.311,1.9974131464262317,-0.0006440394851706579,0.0009149365902590134
46.331,1.9974176389872342,-0.000641648106133904,0.0009142574869245579
46.351,1.9974192314308583,-0.0006415858069824267,0.000908070747950046
46.371,1.9974219341954254,-0.0006407287248763513,0.0009143841237081451
46.391,1.9974226884630102,-0.0006419875765762721,0.000914411261580067
46.411,1.9974261624480252,-0.000639736156215646,0.0009086476215485473
46.431,1.9974294920036195,-0.0006377359959816001,0.000909190853981473
46.451,1.9974311581899282,-0.0006371462112429145,0.000911921665774279
46.471,1.9974357382105594,-0.0006368846949000927,0.0009158946631343257
46.491,1.997434521275734,-0.000637796586492748,0.0009156400566060763
46.511,1.997439115666912,-0.0006357817459368116,0.0009152252586469845
46.531,1.9974415978446873,-0.0006333017705002753,0.000915690006489861
46.551,1.9974437938892355,-0.0006339793762951602,0.0009155275230714466
46.571,1.9974469612026062,-0.0006340810850936521,0.0009142080117564566
46.591,1.9974477588791768,-0.0006340092871960517,0.0009145439469398775
46.611,1.9974522536096122,-0.0006316402580423862,0.0009156673853630004
46.631,1.9974538804427624,-0.0006303862817682994,0.0009157599554354967
46.651,1.9974572235293018,-0.0006283802040188261,0.0009144765895513218
46.671,1.9974571491006639,-0.0006306395914709834,0.0009160996644688169
46.691,1.9974607798201733,-0.0006291736136202243,0.0009157310388469286
46.711,1.9974643329352249,-0.0006272886368553009,0.0009158448127385421
46.731,1.9974662727574295,-0.0006256631458650234,0.0009158973065460374
46.751,1.9974683547674514,-0.000626192564456834,0.0009119700106947903
46.771,1.9974691412924188,-0.0006272240740207453,0.0009147195827469423
46.791,1.997473743114475,-0.00062560121548842,0.0009148618357376626
46.811,1.997476205438876,-0.0006230108615488308,0.0009133314083198119
46.831,1.9974786858020608,-0.000623255559448858,0.0009160905761049221
46.851,1.9974808757038407,-0.0006232887525938471,0.0009170640611642356
46.871,1.9974830008011437,-0.0006217840366943787,0.0009149166950546406
46.891,1.9974868919532982,-0.0006215779080896702,0.0009072885643078843
46.911,1.9974885650325125,-0.0006199222728314182,0.0009162016231522019
46.931,1.9974920053418508,-0.0006187340187381834,0.0009160446991919591
46.951,1.9974916092377655,-0.0006203412498175689,0.0009156628290181712
46.971000000000004,1.9974954099470057,-0.0006186179901799945,0.0009130358059473431
46.991,1.9974983596362752,-0.0006167790705419456,0.0009146792674698534
47.011,1.9975009048961705,-0.0006151744111425024,0.0009157653818400446
47.031,1.9975031471827762,-0.0006157483143079618,0.0009163235518346025
47.051,1.9975042685606408,-0.0006162184269002838,0.0009162935721664378
47.071,1.9975088567315757,-0.0006134536224535743,0.0009150171974481314
47.091,1.9975110268715233,-0.0006116147732023714,0.0009163394635459954
47.111,1.9975127152062615,-0.0006125894636444442,0.0009155442950175285
47.131,1.9975135374039483,-0.0006126995660211093,0.0009132914727053021
47.151,1.9975180377105672,-0.0006121128124134574,0.0009156837615549862
47.171,1.9975215664154735,-0.0006104094549264144,0.0009162475175606977
47.191,1.9975235326278562,-0.0006107520691438998,0.0009137963688703177
47.211,1.997526656379098,-0.0006079207887447918,0.0009157967901881336
47.231,1.9975262502514155,-0.000608436948494911,0.0009150945181462256
47.251,1.9975304792361697,-0.0006077674227429005,0.0009164170655357184
47.271,1.9975334656076302,-0.0006056239952929869,0.0009165895534753998
47.291,1.9975361009000003,-0.0006030337744902994,0.00091450464466028
47.311,1.9975380311364637,-0.0006057748249242816,0.0009148783063341881
47.331,1.9975388322414904,-0.0006058138115120418,0.0009155308684533903
47.351,1.9975439459095141,-0.0006039403254252118,0.0009158219635617137
47.371,1.99754568407411,-0.0006012696662938649,0.0009159690617087379
47.391,1.997547760118099,-0.0006001447380592387,0.0009151255337316588
47.411,1.9975483740361089,-0.000602171071123998,0.0009168670793594236
47.431,1.997552696181043,-0.0006007776142657657,0.0009158250077611341
47.451,1.9975562202305743,-0.0005996251746292224,0.0009169148236210789
47.471,1.997558214041522,-0.0005985738332944849,0.0009171664826052306
47.491,1.9975613369885996,-0.0005983193398926391,0.0009151878607664976
47.511,1.997561613958444,-0.0005995899603896222,0.0009159135670103735
47.531,1.9975650586696885,-0.0005972954695819834,0.0009158977005201963
47.551,1.9975687319207671,-0.0005960444019301016,0.000914866718214169
47.571,1.9975707666282654,-0.0005938177692314793,0.000917247844236524
47.591,1.9975731070331573,-0.0005939455873852878,0.0009170267807667443
47.611,1.99757402155695,-0.0005934101231837648,0.0009154629922520641
47.631,1.9975786859861966,-0.0005926069201599251,0.0009161254238732042
47.651,1.9975809521206753,-0.0005890609314157629,0.0009151031495496509
47.671,1.997583298446096,-0.0005911174800940448,0.0009162837638167498
47.691,1.9975833688707145,-0.0005924442663597525,0.0009154982290421054
47.711,1.9975879021447593,-0.0005915639376020817,0.0009149972774843418
47.731,1.997591193499703,-0.0005902544591764101,0.0009147069388398821
47.751,1.9975929216114678,-0.0005865149131552435,0.000910758914684201
47.771,1.9975968363677161,-0.0005860839836801099,0.0009162359368525552
47.791,1.9975962880475657,-0.0005884420247712669,0.0009172440162735773
47.811,1.997599969312568,-0.0005851437248326568,0.0009155836202713041
47.831,1.9976034114897943,-0.0005842664590754204,0.0009174677621520688
47.851,1.9976054593952608,-0.0005845255065714083,0.0009102054823957872
47.871,1.9976083812404237,-0.0005841276091704266,0.0009159947052586048
47.891,1.9976094690760555,-0.000584203557827121,0.0009166039648011992
47.911,1.9976133797603488,-0.00058272321633659,0.0009159977289826537
47.931,1.9976156437485102,-0.0005798909421524862,0.0009174765190589629
47.951,1.9976183526685614,-0.0005799353223204305,0.0009169047067133784
47.971000000000004,1.9976184918399178,-0.0005807733041683274,0.0009175278533277431
47.991,1.9976225973064783,-0.0005801400876566621,0.0009177142886048206
48.011,1.9976259069142408,-0.0005784854753433373,0.0009178318006788089
48.031,1.9976276132411515,-0.000576399184684339,0.0009172405180308263
48.051,1.9976323857147151,-0.0005765759023772577,0.0009164594002463167
48.071,1.9976309745242602,-0.0005773655574507174,0.0009087924092596456
48.091,1.9976353020418995,-0.0005760913246953474,0.0009166206545990208
48.111,1.9976381004471653,-0.0005725883633177172,0.0009102912610639002
48.131,1.9976401902028118,-0.0005734341699960119,0.000917357212588954
48.151,1.9976430733794628,-0.0005728035708892753,0.0009176059228132583
48.171,1.9976442531550331,-0.0005730746976788268,0.0009169449342481539
48.191,1.9976487548930217,-0.000570688680002394,0.0009162615629831894
48.211,1.9976503612761272,-0.000570644462028471,0.0009100651474797661
48.231,1.997653062632211,-0.0005697982672496294,0.0009163846796320652
48.251,1.9976538094275262,-0.000571069919986361,0.0009164079717398355
48.271,1.997657303833321,-0.0005688108616529078,0.0009106498328680379
48.291,1.9976606429658559,-0.0005668213127229863,0.0009111741195552969
48.311,1.9976623212207487,-0.000566253701857792,0.0009139487802969082
48.331,1.9976669087938974,-0.0005659931203787646,0.0009178965942159556
48.351,1.99766568841146,-0.00056690715052095,0.0009176389157472264
48.371,1.9976702976413532,-0.0005648973606470886,0.0009172232404796588
48.391,1.997672800735203,-0.0005624320946783588,0.0009176873700052213
48.411,1.9976749875195339,-0.0005631190132486261,0.0009175317711243303
48.431,1.9976781656624447,-0.0005632253533768179,0.0009162040054666865
48.451,1.9976789749010087,-0.0005631557082551066,0.0009165415410517797
48.471,1.997683477791657,-0.0005607986215909592,0.0009176594199026833
48.491,1.997685118847178,-0.0005595560616332741,0.0009177533860968146
48.511,1.9976884619121178,-0.000557565231622625,0.0009164737758837471
48.531,1.9976883893515491,-0.000559830805330334,0.0009180918180024256
48.551,1.9976920290873261,-0.0005583635141238712,0.0009177217353130429
48.571,1.997695598582498,-0.0005564925853920829,0.0009178352988840621
48.591,1.997697536732186,-0.0005548831589276709,0.0009178875842921763
48.611,1.9976996350765739,-0.0005554148270826608,0.0009139631468419451
48.631,1.9977004162426193,-0.000556451521414801,0.0009167094345940152
48.651,1.9977050328256936,-0.0005548312683296059,0.0009168487784231849
48.671,1.997707515829914,-0.0005522516405188425,0.0009153018964107862
48.691,1.9977099865981442,-0.0005525153891414616,0.00091807696500526
48.711,1.9977121793205908,-0.0005525544438962594,0.0009190597754374641
48.731,1.9977143226094491,-0.0005510463952442504,0.0009168968339527406
48.751,1.9977182237036128,-0.0005508538940628706,0.0009092685860468686
48.771,1.9977199099066199,-0.0005492045041760045,0.0009181905707647819
48.791,1.9977233528484986,-0.0005480335496535274,0.0009180228433178783
48.811,1.9977229598683253,-0.0005496439943900324,0.0009176500032681278
48.831,1.9977267663306844,-0.0005479230967912912,0.0009150149031163513
48.851,1.9977297407343648,-0.0005460979508817199,0.0009166713247227842
48.871,1.9977322759227933,-0.000544509622638027,0.000917740857160676
48.891,1.9977345340945467,-0.0005450840344738035,0.0009183005922339116
48.911,1.9977356559521229,-0.0005455544373442313,0.0009182706135386909
48.931,1.9977402551894825,-0.0005427985135383496,0.0009169918902210694
48.951,1.9977424408281974,-0.0005409779748034777,0.0009183146809115805
48.971000000000004,1.997744122704768,-0.0005419663643454909,0.0009175127132437233
48.991,1.9977449441026525,-0.0005420833449892837,0.0009152766314327321
49.011,1.9977494685406565,-0.0005414960811072505,0.000917655052177585
49.031,1.9977530051340562,-0.0005397970245881317,0.000918219714760582
49.051,1.9977549817297624,-0.0005401485246100072,0.0009157807565031428
49.071,1.9977581137653808,-0.0005373312522051906,0.00091776691596962
49.091,1.9977577073997699,-0.0005378600403730667,0.0009170634279092871
49.111,1.9977619414894028,-0.0005371865851352621,0.0009183863222616828
49.131,1.9977649552974661,-0.0005350552240055524,0.00091855842298047
49.151,1.9977675804942718,-0.0005324819775824278,0.0009164758830306485
49.171,1.9977695236178012,-0.0005352261449852302,0.0009168447595756801
49.191,1.9977703289283821,-0.0005352627415180847,0.0009175007023372039
49.211,1.9977754509973944,-0.0005334023063902718,0.0009177861198822468
49.231,1.9977772042880213,-0.0005307478019057721,0.0009179308255783392
49.251,1.997779283640325,-0.0005296309888566386,0.000917091160786726
49.271,1.9977798864403644,-0.000531660563116361,0.0009188300922024217
49.291,1.997784232709981,-0.0005302755346390702,0.0009177894142484988
49.311,1.9977877650339255,-0.0005291264023879975,0.0009188801438556882
49.331,1.9977897691431796,-0.0005280898136045997,0.0009191201477409539
49.351,1.9977929002861887,-0.0005278447536793515,0.0009171509919936038
49.371,1.9977931742566288,-0.0005291325387791687,0.0009178691594605715
49.391,1.9977966266062837,-0.0005268295792010763,0.0009178558300271256
49.411,1.9978003269303206,-0.0005255926008319789,0.0009168232035430268
49.431,1.9978023516666488,-0.0005233826173655985,0.0009192005300901751
49.451,1.9978047056797634,-0.000523512504994026,0.000918982567423593
49.471,1.9978056208148276,-0.0005229774879205867,0.0009174157552201412
49.491,1.9978103004384316,-0.0005221834022549202,0.0009180808868919921
49.511,1.9978125803657647,-0.0005186521777968446,0.0009170596137096088
49.531,1.9978149283579052,-0.000520715631883017,0.0009182409400262936
49.551,1.9978149882441454,-0.0005220507826477613,0.0009174584568062416
49.571,1.9978195411475617,-0.0005211754755450764,0.0009169479489059273
49.591,1.9978228419513357,-0.000519870432187688,0.0009166655166923388
49.611,1.9978245818236564,-0.0005161502354620786,0.0009126817692718114
49.631,1.9978285047419544,-0.0005157269177046412,0.0009181837573752627
49.651,1.997827952990881,-0.0005180925423506465,0.0009191897412992311
49.671,1.9978316442097184,-0.0005147928470008389,0.0009175301357159382
49.691,1.9978351109309287,-0.0005139334222229687,0.0009194222193137369
49.711,1.99783714901313,-0.0005142070162879424,0.0009121395927570164
49.731,1.9978400828055034,-0.0005138101112534201,0.0009179401038293955
49.751,1.9978411722706857,-0.0005138915496446074,0.0009185441667026728
49.771,1.9978450984799083,-0.0005124139324464367,0.0009179415483015207
49.791,1.9978473763631048,-0.0005095986004343234,0.0009194159429606608
49.811,1.9978500839571676,-0.0005096508887761585,0.0009188446784759996
49.831,1.9978502159436209,-0.0005105024517391746,0.0009194694180872653
49.851,1.9978543400863007,-0.0005098660778068511,0.0009196549060359049
49.871,1.997857659313354,-0.000508219140934,0.0009197667354979289
49.891,1.9978593772858602,-0.0005061538018861873,0.0009191794855911983
49.911,1.9978641555337422,-0.0005063366445971903,0.0009183977221334239
49.931,1.9978627425930096,-0.0005071247525016967,0.000910728438185987
49.951,1.9978670803233955,-0.0005058581046645466,0.0009185561745865545
49.971000000000004,1.9978699029133007,-0.0005023743172505131,0.0009122436078620733
49.991,1.997871983360462,-0.0005032270811865464,0.0009192927044019694
50.011,1.9978748776428528,-0.0005025992815555821,0.0009195404952830055
50.031,1.9978760671103628,-0.0005028760475526452,0.0009188813288524555
50.051,1.9978805768750685,-0.0005004952236082171,0.0009181936913356392
50.071,1.9978821967566112,-0.000500468924350312,0.0009119875320572624
50.091,1.9978848967456626,-0.0004996337588140487,0.0009183132995221333
50.111,1.997885635291113,-0.0005009187382289731,0.0009183326123631819
50.131,1.9978891488691592,-0.000498651819982497,0.0009125804062552201
50.151,1.9978924978025494,-0.0004966730145751197,0.0009130854063155724
50.171,1.9978941877256042,-0.0004961275681105606,0.0009159039952786052
50.191,1.9978987819781682,-0.000495867993505191,0.00091982669169835
50.211,1.9978975581958498,-0.0004967844786486178,0.0009195658283488173
50.231,1.9979021811698665,-0.0004947797347474806,0.0009191492718135241
50.251,1.997904704891511,-0.0004923290344780815,0.0009196127111014973
50.271,1.9979068823257264,-0.0004930253648259227,0.0009194640723860503
50.291,1.9979100706817006,-0.0004931364913611101,0.0009181281345428949
50.311,1.9979108900968692,-0.000493069435181358,0.000918466981003313
50.331,1.997915401201707,-0.0004907242281207481,0.0009195794577886718
50.351,1.9979170561129316,-0.0004894929159684983,0.0009196747753540679
50.371,1.9979203991773122,-0.0004875174252892858,0.0009183989496308609
50.391,1.997920327260787,-0.0004897898083969462,0.000920011964833517
50.411,1.9979239749702051,-0.0004883211541605206,0.0009196403752030624
50.431,1.9979275608522786,-0.00048646429841491977,0.0009197536678612894
50.451,1.9979294971212411,-0.00048487099716618305,0.0009198058005396303
50.471,1.9979316106077571,-0.00048540502287281167,0.0009158841888637637
50.491,1.9979323862955705,-0.0004864473763766643,0.0009186271552991121
50.511,1.9979370167578232,-0.0004848296751504143,0.0009187636518369069
50.531,1.9979395201915593,-0.0004822606389577812,0.0009172003791086958
50.551,1.9979419813258328,-0.00048254353994009935,0.0009199912843089464
50.571,1.9979441755216958,-0.00048258899624995227,0.0009209837790256081
50.591,1.9979463359437577,-0.000481077729885451,0.0009188046694827978
50.611,1.997950247084843,-0.00048089893804214006,0.0009111765407321948
50.631,1.9979519461199517,-0.0004792556103187934,0.0009201073934894388
50.651,1.997955391749791,-0.00047810200112398567,0.0009199288768880487
50.671,1.9979550001904507,-0.0004797163434006775,0.0009195652902340423
50.691,1.9979588116038474,-0.0004779978866786298,0.0009169216676552794
50.711,1.9979618105818646,-0.00047618651597126915,0.0009185911302837801
50.731,1.997964335662612,-0.00047461451647374696,0.0009196441914060272
50.751,1.9979666082317553,-0.00047518947340691045,0.0009202054921273739
50.771,1.9979624013829533,-0.00047185130602346755,0.0009203685448117005
50.791,1.9979613455775744,-0.0004737827586749968,0.0009194976191360116
50.811,1.9979635778868619,-0.00047152719347428327,0.0009204114056895196
50.831,1.9979635417480253,-0.0004700134296554883,0.0009193644456291505
50.851,1.9979687762372245,-0.00046709320895594155,0.0009191389994021304
50.871,1.9979740669237316,-0.0004644122508279144,0.0009190592846760048
50.891,1.9979793424538461,-0.0004617701012477912,0.0009190329838510147
50.911,1.9979846180095937,-0.0004591215152740572,0.0009189786850111181
50.931,1.9979898964856233,-0.0004564712708658085,0.0009189352485617641
50.951,1.9979951725669993,-0.0004538247722532668,0.0009188925128180703
50.971000000000004,1.998000449295154,-0.000451176239662288,0.0009188463496188071
50.991,1.998005725986636,-0.0004485282254202811,0.0009188024245274373
51.011,1.998011002301369,-0.00044588049535508687,0.0009187578253337381
51.031,1.998016278676138,-0.00044323250888323677,0.0009187130628545981
51.051,1.9980215548949218,-0.000440584716904161,0.0009186685754859758
51.071,1.9980268309918823,-0.00043793694500208645,0.0009186239077177694
51.091,1.9980321070020595,-0.0004352891941508158,0.000918579265309305
51.111,1.998037382890763,-0.0004326415121654243,0.0009185346270929873
51.131,1.9980426586733062,-0.00042999386374884246,0.0009184899489172726
51.151,1.9980479343484152,-0.0004273462616273091,0.0009184452711639701
51.171,1.998053209912539,-0.00042469870584499036,0.0009184005751618762
51.191,1.9980584853686614,-0.000422051193721107,0.0009183558647983536
51.211,1.9980637607153091,-0.00041940372734806724,0.0009183111417872258
51.231,1.9980690359532502,-0.000416756304561971,0.0009182664031497367
51.251,1.9980743110821764,-0.0004141089276196606,0.0009182216518464903
51.271,1.998079586101864,-0.00041146159503236465,0.0009181768858218531
51.291,1.9980848610126731,-0.0004088143071436091,0.0009181321053505775
51.311,1.9980901358142837,-0.00040616706430499387,0.0009180873115170185
51.331,1.9980954105070488,-0.00040351986632661567,0.0009180425036378892
51.351,1.9981006850906338,-0.0004008727119479104,0.0009179976805163137
51.371,1.998105959565151,-0.00039822560313019107,0.0009179528436364659
51.391,1.9981112339307405,-0.0003955785388056292,0.0009179079934888978
51.411,1.99811650818727,-0.0003929315200978463,0.0009178631292719452
51.431,1.9981217823355242,-0.0003902845455104227,0.0009178182499974263
51.451,1.9981270563757292,-0.00038763761576343864,0.0009177733582290126
51.471,1.9981323303075413,-0.0003849907304312012,0.000917728450659544
51.491,1.9981376041313161,-0.0003823438897894568,0.0009176835298142783
51.511,1.9981428778465797,-0.0003796970938093349,0.0009176385942786802
51.531,1.9981481514541022,-0.0003770503424729262,0.0009175936455628475
51.551,1.9981534249529145,-0.000374403636472113,0.0009175486832067592
51.571,1.9981586983433917,-0.00037175697496039974,0.0009175037060594471
51.591,1.9981639716257567,-0.0003691103571989494,0.000917458714523145
51.611,1.998169244799801,-0.0003664637850560688,0.0009174137098630075
51.631,1.9981745178650951,-0.00036381725709831074,0.0009173686898944766
51.651,1.998179790822576,-0.0003611707732650662,0.0009173236560448272
51.671,1.9981850636713991,-0.0003585243355473068,0.0009172786098285979
51.691,1.9981903364121896,-0.00035587794157312643,0.0009172335487233341
51.711,1.9981956090442445,-0.0003532315929361072,0.0009171884734279212
51.731,1.9982008815679815,-0.00035058528761316207,0.0009171433833519704
51.751,1.9982061539836138,-0.0003479390281339095,0.0009170982798926142
51.771,1.9982114262905681,-0.0003452928135542028,0.0009170531634039303
51.791,1.9982166984892784,-0.0003426466423044148,0.0009170080311692308
51.811,1.9982219705797755,-0.0003400005172422083,0.0009169628867427837
51.831,1.9982272425615504,-0.0003373544362349811,0.0009169177274864493
51.851,1.998232514435115,-0.0003347083996897591,0.0009168725540926737
51.871,1.9982377862003866,-0.0003320624067721014,0.0009168273657186032
51.891,1.9982430578567207,-0.0003294164602661888,0.0009167821645344743
51.911,1.998248329405141,-0.0003267705565802156,0.0009167369475106268
51.931,1.998253600845077,-0.00032412469863369025,0.0009166917186661239
51.951,1.998258872176229,-0.0003214788853327837,0.0009166464741470481
51.971000000000004,1.9982641433996085,-0.00031883311640472844,0.000916601217307661
51.991,1.99826941451393,-0.0003161873924761851,0.0009165559461208617
52.011,1.9982746855197737,-0.00031354171261825615,0.0009165106592054495
52.031,1.9982799564174893,-0.00031089607739984105,0.0009164653589756322
52.051,1.9982852272066227,-0.00030825048698853797,0.0009164200452204951
52.071,1.998290497887448,-0.0003056049408469903,0.0009163747173477899
52.091,1.9982957684593732,-0.0003029594402214988,0.0009163293754109736
52.111,1.9983010389232132,-0.000300313982421487,0.0009162840181705101
52.131,1.9983063092782178,-0.0002976685710691846,0.0009162386490512986
52.151,1.9983115795250304,-0.000295023203849264,0.0009161932650655902
52.171,1.9983168496629322,-0.00029237788030351706,0.0009161478658538946
52.191,1.9983221196930634,-0.00028973260230989555,0.0009161024547774954
52.211,1.9983273896140574,-0.00028708736856222425,0.0009160570283477665
52.231,1.9983326594265185,-0.0002844421791550543,0.0009160115872651475
52.251,1.9983379291307055,-0.00028179703408180235,0.0009159661326921253
52.271,1.9983431987262665,-0.0002791519347044623,0.0009159206649833884
52.291,1.9983484682130874,-0.00027650687999906075,0.0009158751832447076
52.311,1.9983537375915954,-0.0002738618695019364,0.0009158296873538752
52.331,1.9983590068613832,-0.00027121690288068765,0.0009157841764874664
52.351,1.9983642760229183,-0.0002685719808870361,0.0009157386510763033
52.371,1.9983695450757977,-0.00026592710368542397,0.0009156931137266344
52.391,1.9983748140197943,-0.00026328227155697796,0.0009156475611555026
52.411,1.9983800828557508,-0.00026063748397680154,0.0009156019960408213
52.431,1.9983853515824086,-0.00025799274102952926,0.0009155564151121232
52.451,1.9983906202009554,-0.00025534804129578696,0.0009155108195771644
52.471,1.9983958887109723,-0.0002527033868966839,0.0009154652119681972
52.491,1.9984011571117841,-0.00025005877853163114,0.0009154195900688555
52.511,1.9984064254045888,-0.000247414212480757,0.0009153739523327931
52.531,1.9984116935886833,-0.0002447696915523906,0.0009153283027214243
52.551,1.9984169616637104,-0.00024212521626376356,0.0009152826381066403
52.571,1.9984222296306524,-0.00023948078369728397,0.0009152369590402221
52.591,1.998427497488661,-0.00023683639697752966,0.0009151912664562833
52.611,1.9984327652383098,-0.00023419205452867783,0.0009151455599730185
52.631,1.9984380328788685,-0.00023154775603341374,0.0009150998393196441
52.651,1.9984433004110291,-0.0002289035017026277,0.0009150541030926718
52.671,1.9984485678347614,-0.00022625929364123018,0.0009150083562486089
52.691,1.9984538351491896,-0.00022361513042471566,0.000914962594025015
52.711,1.9984591023556322,-0.00022097100988107158,0.0009149168171566913
52.731,1.9984643694526667,-0.00021832693423189586,0.0009148710258625736
52.751,1.9984696364416865,-0.00021568290339356484,0.0009148252209190966
52.771,1.9984749033217075,-0.00021303891681987222,0.0009147794026067857
52.791,1.9984801700929735,-0.00021039497577185137,0.0009147335705056159
52.811,1.9984854367555642,-0.00020775107819734394,0.0009146877232720785
52.831,1.9984907033098611,-0.00020510722482401135,0.0009146418630171238
52.851,1.9984959697547309,-0.00020246341662743476,0.0009145959880035859
52.871,1.998501236091195,-0.00019981965261991943,0.0009145500987263466
52.891,1.9985065023189288,-0.00019717593330488515,0.0009145041961356737
52.911,1.9985117684379166,-0.00019453225828576374,0.0009144582791788258
52.931,1.9985170344482948,-0.00019188862822478326,0.000914412349442395
52.951,1.99852230034958,-0.0001892450422112629,0.0009143664042660093
52.971000000000004,1.998527566142257,-0.00018660150032813114,0.0009143204443380903
52.991,1.9985328318264615,-0.00018395800352491746,0.0009142744720291862
53.011,1.9985380974016285,-0.0001813145519628267,0.0009142284868044193
53.031,1.998543362867822,-0.00017867114317092264,0.0009141824844336177
53.051,1.998548628225613,-0.00017602778002995733,0.0009141364705526622
53.071,1.9985538934744391,-0.00017338446130074452,0.0009140904417965223
53.091,1.9985591586140707,-0.00017074118668266268,0.0009140443986857261
53.111,1.9985644236457278,-0.00016809795588795026,0.0009139983413317121
53.131,1.9985696885678221,-0.00016545477069528428,0.0009139522708959402
53.151,1.9985749533817887,-0.00016281162862228542,0.0009139061855349406
53.171,1.9985802180864483,-0.00016016853238346937,0.0009138600879106396
53.191,1.998585482682253,-0.0001575254803198975,0.000913813974446398
53.211,1.9985907471693658,-0.00015488247217511093,0.0009137678479333444
53.231,1.9985960115474586,-0.00015223950920894387,0.0009137217071317205
53.251,1.9986012758169802,-0.00014959659007000164,0.0009136755520146311
53.271,1.9986065399774224,-0.0001469537156017658,0.0009136293835719234
53.291,1.9986118040293501,-0.00014431088510556472,0.0009135832003763777
53.311,1.998617067971978,-0.00014166810042145778,0.0009135370046994273
53.331,1.9986223318059906,-0.00013902535892428881,0.0009134907931392655
53.351,1.9986275955311057,-0.00013638266253769744,0.0009134445692197124
53.371,1.998632859147075,-0.0001337400099611385,0.0009133983301925497
53.391,1.998638122654517,-0.0001310974020437899,0.0009133520773300097
53.411,1.998643386052733,-0.00012845483834337352,0.0009133058103764358
53.431,1.9986486493422821,-0.0001258123190607148,0.0009132595293060985
53.451,1.9986539125230105,-0.0001231698443840512,0.000913213234988941
53.471,1.9986591755944056,-0.00012052741423836631,0.0009131669265355358
53.491,1.9986644385570678,-0.00011788502836341738,0.0009131206033557437
53.511,1.9986697014108958,-0.00011524268690338291,0.0009130742670205583
53.531,1.998674964155811,-0.00011260039026229256,0.0009130279167028632
53.551,1.9986802267915769,-0.00010995813779724915,0.0009129815519013096
53.571,1.9986854893184227,-0.00010731592882766341,0.0009129351720942314
53.591,1.9986907517366563,-0.00010467376547428206,0.0009128887804140673
53.611,1.9986960140456391,-0.0001020316460128394,0.0009128423741949776
53.631,1.9987012762453085,-9.938957149859505e-05,0.0009127959534725172
53.651,1.9987065383367728,-9.674753971511667e-05,0.0009127495177282952
53.671,1.998711800318741,-9.41055533075514e-05,0.0009127030694298099
53.691,1.998717062191983,-9.146361137486172e-05,0.0009126566061531116
53.711,1.99872232395601,-8.88217141630553e-05,0.0009126101307056489
53.731,1.9987275856109419,-8.617986175710841e-05,0.0009125636409707538
53.751,1.9987328471569255,-8.353805242778669e-05,0.000912517135058577
53.771,1.9987381085943214,-8.089628833310783e-05,0.000912470617602662
53.791,1.9987433699220623,-7.825456930974717e-05,0.000912424086851632
53.811,1.9987486311409186,-7.561289287030034e-05,0.0009123775377491705
53.831,1.9987538922512744,-7.29712614137715e-05,0.0009123309784898892
53.851,1.9987591532519655,-7.03296743965443e-05,0.0009122844036107691
53.871,1.9987644141438896,-6.768813130926359e-05,0.0009122378146083077
53.891,1.9987696749268016,-6.504663357947927e-05,0.0009121912126853204
53.911,1.998774935600537,-6.240518025425095e-05,0.0009121445970574071
53.931,1.9987801961650347,-5.976377037302362e-05,0.0009120979662758932
53.951,1.9987854566209822,-5.712240518092023e-05,0.0009120513219068038
53.971000000000004,1.998790716967458,-5.448108487927407e-05,0.0009120046644898738
53.991,1.9987959772047932,-5.1839808200152774e-05,0.0009119579916735399
54.011,1.9988012373332396,-4.919857561105781e-05,0.0009119113049709526
54.031,1.9988064973523072,-4.6557388714464285e-05,0.0009118646054884216
54.051,1.998811757262464,-4.391624450169468e-05,0.0009118178904678476
54.071,1.9988170170638093,-4.1275146169559e-05,0.0009117711636692227
54.091,1.9988222767555401,-3.8634090956848454e-05,0.0009117244212467068
54.111,1.9988275363382988,-3.5993080838650666e-05,0.0009116776650470448
54.131,1.998832795812131,-3.335211351090592e-05,0.0009116308941198581
54.151,1.9988380551763472,-3.0711192497771735e-05,0.0009115841107053546
54.171,1.9988433144319746,-2.807031493933833e-05,0.0009115373124718162
54.191,1.9988485735781414,-2.5429481432338863e-05,0.0009114905006284424
54.211,1.9988538326153398,-2.2788692894132843e-05,0.0009114436749546873
54.231,1.998859091543067,-2.0147948773733063e-05,0.0009113968354977631
54.251,1.9988643503618926,-1.7507248478245297e-05,0.0009113499816183201
54.271,1.9988696090714662,-1.4866591702204692e-05,0.000911303113190487
54.291,1.9988748676721424,-1.2225980260464203e-05,0.0009112562318122075
54.311,1.9988801261631048,-9.585413517053387e-06,0.0009112093365318819
54.331,1.9988853845450594,-6.94489076326181e-06,0.0009111624267844898
54.351,1.9988906428179105,-4.304412205719324e-06,0.0009111155037130059
54.371,1.9988959009814895,-1.6639766842185821e-06,0.0009110685644301564
54.391,1.9989011590362076,9.764129675583419e-07,0.0009110216145467587
54.411,1.998906416980841,3.6167584236560316e-06,0.0009109746491820503
54.431,1.9989116748168694,6.2570605535812104e-06,0.0009109276681739664
54.451,1.998916932543618,8.897318418285994e-06,0.0009108806749384413
54.471,1.9989221901610637,1.153753087330435e-05,0.0009108336676655615
54.491,1.9989274476690215,1.4177700210870389e-05,0.0009107866452676971
54.511,1.998932705068231,1.6817824184818184e-05,0.0009107396113206545
54.531,1.9989379623578414,1.9457904582218227e-05,0.0009106925616622907
54.551,1.99894321953817,2.2097941185070854e-05,0.0009106454971533062
54.571,1.9989484766094576,2.4737932337796746e-05,0.0009105984210071583
54.591,1.9989537335712537,2.7377879212363374e-05,0.0009105513303987733
54.611,1.998958990423993,3.0017782993600316e-05,0.0009105042246730366
54.631,1.99896424716722,3.2657641454986956e-05,0.0009104571063156541
54.651,1.9989695038011184,3.529745616654301e-05,0.0009104099725845138
54.671,1.9989747603259125,3.793722635484897e-05,0.0009103628267081998
54.691,1.9989800167411178,4.057695325476295e-05,0.0009103156643857357
54.711,1.9989852730472975,4.3216635606180536e-05,0.0009102684889739088
54.731,1.9989905292440115,4.5856272163390284e-05,0.0009102213020997507
54.751,1.9989957853312805,4.849586586610057e-05,0.0009101740980347328
54.771,1.9990010413097248,5.113541540894542e-05,0.0009101268819437236
54.791,1.9990062971780407,5.37749199692448e-05,0.0009100796512085396
54.811,1.9990115529374872,5.641438083407897e-05,0.000910032405864819
54.831,1.9990168085876778,5.905379833920496e-05,0.0009099851470971143
54.851,1.9990220641281746,6.169316959192756e-05,0.0009099378754002796
54.871,1.9990273195594608,6.433249748654312e-05,0.000909890589229384
54.891,1.9990325748813615,6.697178216765343e-05,0.0009098432873404783
54.911,1.9990378300940215,6.961102148667552e-05,0.0009097959739319261
54.931,1.9990430851970304,7.225021709676618e-05,0.0009097486449538561
54.951,1.99904834019078,7.488936838586637e-05,0.0009097013029399914
54.971000000000004,1.999053595075121,7.752847501777717e-05,0.000909653946868566
54.991,1.99905884985015,8.016753746319105e-05,0.0009096065778991802
55.011,1.9990641045155004,8.280655580752234e-05,0.0009095591933268865
55.031,1.9990693590716837,8.544553065410482e-05,0.0009095117951772036
55.051,1.9990746135182318,8.808446140604444e-05,0.000909464382334163
55.071,1.9990798678556254,9.072334799170231e-05,0.0009094169559069609
55.091,1.999085122083228,9.336218918427463e-05,0.0009093695166688953
55.111,1.9990903762017287,9.600098694647176e-05,0.0009093220623722642
55.131,1.9990956302105987,9.863974058674577e-05,0.0009092745949895453
55.151,1.9991008841100317,0.00010127844897161358,0.0009092271139511388
55.171,1.999106137899963,0.00010391711427830842,0.0009091796180366596
55.191,1.9991113915806276,0.00010655573565356707,0.0009091321081881043
55.211,1.9991166451515356,0.00010919431168256903,0.0009090845858363839
55.231,1.9991218986128525,0.00011183284403470592,0.0009090370474233167
55.251,1.9991271519651856,0.00011447133288321589,0.0009089894963996981
55.271,1.999132405207652,0.0001171097766084696,0.0009089419315982394
55.291,1.9991376583406515,0.0001197481768628406,0.0009088943520736414
55.311,1.9991429113641297,0.00012238653268118035,0.0009088467583796278
55.331,1.999148164278479,0.0001250248450241809,0.0009087991518080818
55.351,1.9991534170826244,0.00012766311265997692,0.0009087515293959014
55.371,1.999158669777759,0.00013030133631234796,0.0009087038951956505
55.391,1.9991639223629307,0.00013293951505057933,0.0009086562463788694
55.411,1.9991691748390326,0.00013557765103850566,0.000908608581986825
55.431,1.9991744272051801,0.0001382157412219108,0.0009085609071352307
55.451,1.9991796794620051,0.00014085378910143245,0.000908513214278095
55.471,1.9991849316091936,0.00014349179027938093,0.0009084655120545904
55.491,1.99919018364695,0.0001461297492327757,0.0009084177929713777
55.511,1.999195435574927,0.00014876766382006072,0.0009083700601721922
55.531,1.9992006873933152,0.00015140553459364959,0.0009083223127466789
55.551,1.9992059391021695,0.00015404336067611308,0.0009082745528084524
55.571,1.9992111907015258,0.0001566811419887208,0.0009082267800683275
55.591,1.9992164421910739,0.00015931888108204183,0.0009081789895130365
55.611,1.9992216935714533,0.000161956574225873,0.0009081311887528809
55.631,1.999226944841724,0.00016459422371804637,0.000908083372751195
55.651,1.9992321960025774,0.00016723182882992169,0.0009080355433521425
55.671,1.9992374470537881,0.00016986939119074257,0.0009079876980158663
55.691,1.9992426979955493,0.00017250690802212256,0.000907939841358063
55.711,1.9992479488270578,0.00017514438119951934,0.0009078919694510412
55.731,1.9992531995497216,0.00017778181027380477,0.0009078440839437873
55.751,1.999258450162333,0.00018041919532406706,0.0009077961845157245
55.771,1.9992637006652008,0.00018305653618433653,0.0009077482709661799
55.791,1.9992689510587527,0.00018569383329398743,0.0009077003429470154
55.811,1.9992742013423233,0.00018833108637726767,0.0009076524013046927
55.831,1.999279451516211,0.0001909682946249847,0.0009076044462755506
55.851,1.9992847015807014,0.00019360545968718666,0.0009075564770653632
55.871,1.9992899515350604,0.00019624257938250216,0.0009075084947720302
55.891,1.9992952013801035,0.0001988796568347987,0.0009074604962784061
55.911,1.999300451115303,0.00020151668829740225,0.0009074124867223254
55.931,1.9993057007404473,0.00020415367703647581,0.0009073644604052633
55.951,1.999310950256365,0.00020679062137465365,0.0009073164216770735
55.971000000000004,1.999316199662433,0.00020942752202698402,0.0009072683683720439
55.991,1.9993214489588071,0.00021206437663390297,0.0009072203043518356
56.011,1.9993266981451616,0.00021470118946929646,0.0009071722222742662
56.031,1.9993319472220092,0.00021733795787455632,0.0009071241267833152
56.051,1.9993371961891628,0.00021997468214692006,0.000907076018188735
56.071,1.9993424450466146,0.0002226113614509917,0.0009070278969229573
56.091,1.9993476937939278,0.00022524799634794732,0.0009069797617060338
56.111,1.9993529424318561,0.00022788458840041978,0.0009069316107605252
56.131,1.9993581909597966,0.00023052113604882544,0.0009068834470900566
56.151,1.9993634393780488,0.00023315763996465755,0.0009068352686435743
56.171,1.999368687686371,0.0002357940992510103,0.0009067870773143694
56.191,1.999373935885128,0.00023843051482662532,0.0009067388715340019
56.211,1.99937918397413,0.00024106688648832444,0.00090669065207033
56.231,1.9993844319529512,0.00024370321415114523,0.000906642417903808
56.251,1.9993896798222561,0.0002463394967275436,0.0009065941719434978
56.271,1.9993949275813492,0.0002489757369072954,0.0009065459088889727
56.291,1.9994001752311232,0.0002516119321624684,0.0009064976341307263
56.311,1.9994054227710654,0.00025424808261699863,0.0009064493465835988
56.331,1.9994106702006973,0.0002568841901926522,0.0009064010422471236
56.351,1.9994159175210737,0.0002595202533281745,0.0009063527262627435
56.371,1.9994211647308155,0.00026215627291250676,0.0009063043949256722
56.391,1.9994264118312846,0.0002647922491463015,0.0009062560485819382
56.411,1.9994316588218388,0.0002674281801346833,0.0009062076908037953
56.431,1.9994369057023789,0.00027006406727115954,0.0009061593183178618
56.451,1.999442152472913,0.0002726999112152703,0.0009061109306127968
56.471,1.999447399134006,0.0002753357109191931,0.0009060625298510094
56.491,1.9994526456846324,0.0002779714645181879,0.0009060141174982994
56.511,1.9994578921258406,0.0002806071766258064,0.0009059656879555067
56.531,1.999463138457012,0.00028324284387434926,0.0009059172464961629
56.551,1.9994683846781784,0.0002858784672108341,0.0009058687902995799
56.571,1.9994736307894232,0.00028851404691684814,0.0009058203199993065
56.591,1.9994788767908749,0.0002911495816516909,0.000905771837069913
56.611,1.9994841226821518,0.00029378507218667674,0.0009057233401289777
56.631,1.9994893684636745,0.0002964205207440524,0.0009056748271218662
56.651,1.9994946141353436,0.0002990559239969123,0.0009056263017502286
56.671,1.9994998596969928,0.0003016912832215042,0.0009055777629042305
56.691,1.9995051051483095,0.0003043265977408869,0.0009055292104281631
56.711,1.9995103504900953,0.00030696186926181456,0.0009054806429102946
56.731,1.999515595721929,0.0003095970977530951,0.0009054320613968714
56.751,1.9995208408436105,0.00031223228175153396,0.0009053834658810378
56.771,1.9995260858552644,0.0003148674212432633,0.0009053348564298791
56.791,1.9995313307573175,0.0003175025164888802,0.0009052862353472746
56.811,1.9995365755485819,0.00032013756793421513,0.0009052375982067651
56.831,1.9995418202306134,0.0003227725755159316,0.0009051889476848207
56.851,1.9995470648023623,0.0003254075397148026,0.0009051402833156752
56.871,1.9995523092642966,0.000328042459970616,0.0009050916052581182
56.891,1.9995575536157202,0.0003306773347723502,0.000905042913663251
56.911,1.9995627978575834,0.0003333121669870246,0.0009049942070034067
56.931,1.9995680419891126,0.00033594695487257267,0.000904945487742087
56.951,1.9995732860107018,0.0003385816989368612,0.0009048967534186769
56.971000000000004,1.9995785299221753,0.00034121639939537797,0.00090484800588439
56.991,1.9995837737237436,0.00034385105560742757,0.0009047992438754315
57.011,1.9995890174151763,0.0003464856674201609,0.0009047504691293562
57.031,1.9995942609964263,0.00034912023597775087,0.0009047016796821516
57.051,1.9995995044679844,0.0003517547611976259,0.0009046528754713956
57.071,1.9996047478289294,0.00035438924037231763,0.0009046040604205607
57.091,1.9996099910799845,0.0003570236776947954,0.0009045552277578972
57.111,1.9996152342210496,0.00035965807006093243,0.00090450638310971
57.131,1.9996204772520974,0.0003622924187912527,0.0009044575245993614
57.151,1.9996257201727652,0.0003649267230245142,0.0009044086531312945
57.171,1.999630962983692,0.00036756098532219564,0.0009043597649507906
57.191,1.9996362056840447,0.00037019520161627167,0.0009043108655280852
57.211,1.999641448274736,0.00037282937475795414,0.0009042619513327799
57.231,1.9996466907548514,0.0003754635049723464,0.0009042130218360478
57.251,1.9996519331250657,0.0003780975906166402,0.0009041640794003325
57.271,1.9996571753851065,0.0003807316313779656,0.0009041151243259493
57.291,1.9996624175351596,0.00038336562932275286,0.0009040661548721518
57.311,1.9996676595746428,0.0003859995818432508,0.0009040171720668955
57.331,1.9996729015043462,0.00038863349330515735,0.0009039681726936144
57.351,1.9996781433236581,0.0003912673588145387,0.0009039191620891229
57.371,1.9996833850326519,0.00039390118098486457,0.0009038701359806167
57.391,1.9996886266318723,0.0003965349590724764,0.000903821097058527
57.411,1.999693868120915,0.00039916869329055396,0.000903772044992035
57.431,1.9996991094993,0.00040180238348103744,0.0009037229780433087
57.451,1.999704350767591,0.00040443603117241425,0.0009036738955533474
57.471,1.9997095919259356,0.0004070696332128662,0.0009036248022991911
57.491,1.9997148329737537,0.00040970319192274894,0.0009035756930659
57.511,1.9997200739118552,0.0004123367071726834,0.0009035265713278062
57.531,1.999725314739365,0.0004149701779036282,0.0009034774359000242
57.551,1.9997305554564553,0.00041760360504364095,0.0009034282851941577
57.571,1.9997357960635869,0.00042023698939741517,0.0009033791204954567
57.591,1.9997410365604429,0.00042287032839975584,0.0009033299436298214
57.611,1.9997462769469503,0.00042550362446448255,0.0009032807514955943
57.631,1.9997515172231854,0.0004281368762287432,0.0009032315455203832
57.651,1.9997567573894968,0.00043077008437882296,0.0009031823271954398
57.671,1.9997619974448264,0.0004334032485501819,0.0009031330933006176
57.691,1.9997672373905664,0.00043603636924106166,0.000903083846368391
57.711,1.9997724772254468,0.0004386694458812122,0.0009030345848018151
57.731,1.9997777169506277,0.00044130247940609747,0.0009029853091672146
57.751,1.9997829565650818,0.0004439354682194826,0.0009029360208952508
57.771,1.9997881960691704,0.0004465684126775905,0.000902886718270629
57.791,1.9997934354632005,0.00044920131391183987,0.0009028374025051022
57.811,1.9997986747466892,0.0004518341714443933,0.0009027880717289993
57.831,1.9998039139202664,0.0004544669856690166,0.0009027387274515852
57.851,1.9998091529830644,0.00045709975535941595,0.0009026893696219285
57.871,1.999814391935707,0.00045973248106759984,0.0009026399977267452
57.891,1.9998196307778504,0.0004623651629935095,0.0009025906123146521
57.911,1.9998248695100382,0.0004649978026565471,0.0009025412117447951
57.931,1.999830108131423,0.00046763039759645415,0.0009024917978895097
57.951,1.9998353466426466,0.00047026294757773323,0.0009024423715495999
57.971000000000004,1.9998405850434042,0.0004728954551786778,0.0009023929297106437
57.991,1.99984582333383,0.00047552791823980223,0.000902343475025158
58.011,1.9998510615139429,0.0004781603375066841,0.0009022940064192797
58.031,1.999856299583343,0.0004807927125983712,0.0009022445241942678
58.051,1.9998615375426982,0.00048342504484457597,0.00090219502695979
58.071,1.9998667753914463,0.0004860573333364277,0.0009021455160119485
58.091,1.9998720131301113,0.0004886895779457803,0.0009020959919006644
58.111,1.999877250757953,0.0004913217780486406,0.0009020464546377338
58.131,1.999882488275388,0.0004939539350596617,0.000901996901600588
58.151,1.9998877256828942,0.0004965860485990127,0.0009019473359077601
58.171,1.999892962979225,0.0004992181173920471,0.000901897756173331
58.191,1.9998982001658898,0.000501850142535564,0.0009018481639526121
58.211,1.9999034372412001,0.0005044821242985915,0.0009017985560947628
58.231,1.9999086742066494,0.0005071140629356041,0.0009017489339481766
58.251,1.999913911061681,0.0005097459570969983,0.0009016992989922534
58.271,1.9999191478059224,0.0005123778081021764,0.0009016496498874538
58.291,1.9999243844400418,0.0005150096147692402,0.0009015999871355151
58.311,1.9999296209635278,0.0005176413774802468,0.0009015503114559453
58.331,1.999934857376219,0.0005202730968862992,0.0009015006203363096
58.351,1.9999400936788985,0.0005229047725144515,0.0009014509158448147
58.371,1.999945329870922,0.0005255364034148589,0.0009014011989586512
58.391,1.9999505659520227,0.0005281679912482662,0.0009013514670011269
58.411,1.999955801922993,0.0005307995366764708,0.0009013017196841111
58.431,1.999961037783662,0.0005334310373240805,0.0009012519603391611
58.451,1.9999662735330401,0.000536062493192142,0.0009012021876851906
58.471,1.9999715091727,0.0005386939070012322,0.0009011523997303483
58.491,1.9999767447014305,0.0005413252771230654,0.00090110259810397
58.511,1.9999819801195595,0.0005439566021081788,0.0009010527833653859
58.531,1.9999872154273404,0.0005465878841220398,0.0009010029546077103
58.551,1.9999924506242386,0.0005492191220332768,0.0009009531126978332
58.571,1.999997685710827,0.0005518503164461458,0.0009009032555245544
58.591,2.000002920686804,0.0005544814686317288,0.0009008533839331145
58.611,2.000008155552097,0.0005571125747679713,0.0009008035010254767
58.631,2.0000133903069353,0.000559743638455529,0.0009007536025232021
58.651,2.000018624951268,0.0005623746594811329,0.0009007036896284681
58.671,2.0000238594846453,0.0005650056336882737,0.0009006537658650116
58.691,2.0000290939075493,0.000567636567111258,0.0009006038248281778
58.711,2.000034328220135,0.0005702674557479057,0.0009005538718848405
58.731,2.0000395624217004,0.0005728982994164418,0.0009005039060484832
58.751,2.000044796512772,0.0005755291017198452,0.0009004539237299491
58.771,2.000050030493107,0.000578159859780358,0.0009004039284786491
58.791,2.0000552643628247,0.0005807905732045436,0.0009003539198143007
58.811,2.000060498122183,0.0005834212441368884,0.0009003038967972388
58.831,2.000065731770687,0.0005860518704443357,0.0009002538608072763
58.851,2.0000709653083564,0.0005886824533449003,0.0009002038101619536
58.871,2.000076198735738,0.0005913129931197792,0.0009001537462868248
58.891,2.0000814320522275,0.0005939434880391403,0.0009001036689328112
58.911,2.0000866652578817,0.0005965739399199877,0.0009000535773438789
58.931,2.0000918983531677,0.0005992043483101506,0.0009000034719467698
58.951,2.000097131337375,0.0006018347135700501,0.0008999533513356361
58.971000000000004,2.0001023642113083,0.0006044650341935466,0.0008999032188655443
58.991,2.000107596974324,0.0006070953117305287,0.000899853071879092
59.011,2.0001128296264925,0.0006097255454404022,0.0008998029104651528
59.031,2.000118062168243,0.0006123557348927233,0.0008997527368489744
59.051,2.00012329459905,0.0006149858815337646,0.0008997025478439669
59.071,2.0001285269192515,0.0006176159841473636,0.000899652346356028
59.091,2.00013375912854,0.0006202460428044554,0.0008996021302458135
59.111,2.0001389912269927,0.0006228760583372544,0.0008995518995918994
59.131,2.000144223215041,0.0006255060302356999,0.0008995016570548797
59.151,2.000149455092171,0.0006281359593274718,0.0008994513975186524
59.171,2.000154686858564,0.0006307658437770549,0.0008994011270413715
59.191,2.0001599185139654,0.0006333956844764704,0.0008993508417457219
59.211,2.000165150058831,0.0006360254816787187,0.0008993005429333567
59.231,2.000170381492703,0.0006386552362615846,0.0008992502289050242
59.251,2.000175612816157,0.0006412849455686141,0.0008991999035909137
59.271,2.000180844028472,0.00064391461157109,0.0008991495632267865
59.291,2.0001860751299967,0.0006465442348257116,0.0008990992090127381
59.311,2.000191306120562,0.0006491738146790875,0.000899048839403116
59.331,2.0001965370008046,0.0006518033504896541,0.0008989984578489651
59.351,2.0002017677699047,0.0006544328419884953,0.0008989480626358792
59.371,2.0002069984283684,0.0006570622900183166,0.000898897653949321
59.391,2.0002122289755784,0.0006596916957732151,0.00089884722910899
59.411,2.0002174594123536,0.000662321057344149,0.0008987967918323847
59.431,2.0002226897380098,0.0006649503744652107,0.0008987463421653019
59.451,2.0002279199527284,0.0006675796488106282,0.000898695875904576
59.471,2.000233150057176,0.0006702088793222889,0.0008986453982592069
59.491,2.0002383800500145,0.0006728380656797804,0.0008985949060146547
59.511,2.0002436099323613,0.0006754672100401466,0.0008985443982633123
59.531,2.0002488397039313,0.0006780963093393905,0.0008984938796327835
59.551,2.0002540693641557,0.0006807253650431729,0.0008984433461352304
59.571,2.000259298913738,0.0006833543784677473,0.0008983927967841365
59.591,2.0002645283527705,0.0006859833476951672,0.0008983422363419147
59.611,2.000269757680282,0.0006886122721001635,0.0008982916621243786
59.631,2.0002749868971295,0.0006912411552561937,0.0008982410712794209
59.651,2.000280216003107,0.0006938699933152336,0.0008981904686667375
59.671,2.0002854449981946,0.0006964987889402086,0.0008981398511752614
59.691,2.0002906738823145,0.0006991275391692465,0.0008980892223398595
59.711,2.0002959026552634,0.0007017562474501597,0.0008980385770952781
59.731,2.000301131317803,0.0007043849115505344,0.0008979879196001073
59.751,2.0003063598687008,0.0007070135308974738,0.000897937248781594
59.771,2.0003115883090947,0.0007096421094082276,0.0008978865614647502
59.791,2.0003168166383376,0.000712270642668811,0.0008978358626758054
59.811,2.0003220448566648,0.0007148991329644343,0.0008977851487343425
59.831,2.0003272729640273,0.0007175275787567638,0.0008977344227170114
59.851,2.000332500960178,0.0007201559823147236,0.0008976836806182387
59.871,2.000337728845703,0.000722784341062062,0.0008976329270861116
59.891,2.000342956619817,0.0007254126576345084,0.0008975821578895982
59.911,2.000348184283201,0.0007280409298657973,0.0008975313755696657
59.931,2.0003534118354964,0.0007306691583412834,0.0008974805804792263
59.951,2.0003586392767465,0.0007332973444496285,0.0008974297695441558
59.971000000000004,2.000363866606821,0.0007359254854650888,0.0008973789462826121
59.991,2.000369093826293,0.0007385535848429088,0.0008973281081947615
60.011,2.0003743209342866,0.0007411816388341519,0.0008972772577249266
60.031,2.000379547931412,0.000743809651010223,0.0008972263914298062
60.051,2.000384774817425,0.0007464376186131936,0.0008971755131581549
60.071,2.000390001592645,0.0007490655424692546,0.0008971246214550255
60.091,2.0003952282563477,0.0007516934227077467,0.0008970737149714969
60.111,2.000400454809056,0.0007543212602054731,0.0008970227947287801
60.131,2.0004056812511117,0.0007569490548824461,0.0008969718597105492
60.151,2.0004109075817462,0.0007595768044801961,0.0008969209135684109
60.171,2.000416133800921,0.0007622045116333596,0.0008968699502805433
60.191,2.0004213599097356,0.0007648321760376901,0.0008968189747436406
60.211,2.000426585907043,0.0007674597952614611,0.0008967679861388855
60.231,2.000431811793266,0.0007700873717531595,0.0008967169831593791
60.251,2.0004370375682448,0.0007727149047495416,0.0008966659661494847
60.271,2.0004422632321703,0.0007753423944416348,0.0008966149351570807
60.291,2.0004474887850487,0.0007779698398012779,0.0008965638915050256
60.311,2.0004527142268205,0.0007805972425388823,0.0008965128335218231
60.331,2.0004579395575655,0.0007832246012748744,0.000896461762047801
60.351,2.000463164776757,0.0007858519160975031,0.0008964106772789138
60.371,2.000468389884772,0.0007884791895019839,0.000896359576418676
60.391,2.0004736148820537,0.0007911064178924734,0.0008963084629309559
60.411,2.0004788397679416,0.000793733602946268,0.0008962573369281357
60.431,2.000484064542552,0.0007963607440081592,0.0008962061964088164
60.451,2.000489289206132,0.0007989878435967859,0.0008961550405915952
60.471,2.000494513758363,0.0008016148977660381,0.0008961038733753812
60.491,2.000499738199417,0.0008042419099759841,0.0008960526900116672
60.511,2.0005049625295164,0.0008068688776390115,0.0008960014948512229
60.531,2.0005101867481185,0.0008094958018951071,0.0008959502853599366
60.551,2.0005154108556122,0.0008121226833899364,0.0008958990616119988
60.571,2.000520634851638,0.0008147495210386658,0.0008958478242396539
60.591,2.00052585873707,0.0008173763157014865,0.0008957965733192019
60.611,2.0005310825105034,0.0008200030659933919,0.0008957453093076939
60.631,2.0005363061730264,0.0008226297736633323,0.0008956940296889482
60.651,2.0005415297243525,0.0008252564369983111,0.0008956427382668108
60.671,2.0005467531640444,0.0008278830583828747,0.0008955914309285162
60.691,2.000551976493035,0.0008305096348373057,0.0008955401119555007
60.711,2.0005571997103972,0.000833136169430575,0.0008954887779319132
60.731,2.0005624228166363,0.0008357626601119546,0.0008954374305760182
60.751,2.0005676458113415,0.0008383891062609889,0.0008953860699065785
60.771,2.0005728686951723,0.0008410155105701578,0.0008953346936513007
60.791,2.000578091467294,0.0008436418702343919,0.000895283306005551
60.811,2.000583314128197,0.0008462681877113589,0.0008952319021012789
60.831,2.0005885366781704,0.0008488944604981095,0.0008951804870737934
60.851,2.0005937591160907,0.00085152068996339,0.0008951290572428716
60.871,2.000598981443275,0.0008541468770284465,0.000895077613010109
60.891,2.0006042036588148,0.0008567730205512178,0.000895026155193851
60.911,2.0006094257633276,0.0008593991204777869,0.0008949746837036698
60.931,2.000614647756255,0.0008620251768112746,0.0008949231988090722
60.951,2.0006198696376645,0.0008646511900947543,0.0008948716994620909
60.971000000000004,2.0006250914081503,0.0008672771601567235,0.0008948201865117134
60.991,2.0006303130668037,0.0008699030854576071,0.0008947686614351469
61.011,2.0006355346142572,0.0008725289676757755,0.0008947171212153882
61.031,2.0006407560506174,0.0008751548080424229,0.0008946655667257664
61.051,2.000645977375308,0.0008777806052627478,0.0008946139977989709
61.071,2.0006511985887374,0.0008804063570244706,0.0008945624178776923
61.091,2.000656419690727,0.0008830320666286537,0.0008945108229926058
61.111,2.0006616406810958,0.0008856577327773559,0.0008944592137405949
61.131,2.0006668615600858,0.0008882833563186657,0.0008944075899600945
61.151,2.000672082328018,0.0008909089353748749,0.0008943559538912016
61.171,2.0006773029843314,0.0008935344712907452,0.0008943043041546861
61.191,2.0006825235290373,0.0008961599643348113,0.0008942526395689376
61.211,2.000687743962349,0.0008987854139135823,0.000894200961664593
61.231,2.0006929642844202,0.0009014108199112171,0.0008941492705585308
61.251,2.0006981844948983,0.0009040361826367404,0.0008940975649875949
61.271,2.000703404593929,0.0009066615016711031,0.000894045846354885
61.291,2.00070862458164,0.0009092867787453811,0.0008939941123033979
61.311,2.0007138444576213,0.0009119120108021543,0.0008939423671792401
61.331,2.0007190642221313,0.0009145372005035565,0.0008938906058956753
61.351,2.0007242838752854,0.0009171623467659189,0.0008938388316994395
61.371,2.000729503416836,0.0009197874488268303,0.0008937870449185481
61.391,2.0007347228470307,0.0009224125084673421,0.0008937352429735923
61.411,2.000739942165733,0.0009250375244336511,0.0008936834284828943
61.431,2.0007451613727394,0.000927662498087027,0.000893631597916833
61.451,2.0007503804682827,0.0009302874273081803,0.0008935797556993696
61.471,2.0007555994523294,0.0009329123137888418,0.0008935278986119122
61.491,2.0007608183248946,0.0009355371567920608,0.0008934760290357224
61.511,2.0007660370857807,0.000938161955820653,0.0008934241447376146
61.531,2.0007712557355286,0.0009407867125082459,0.0008933722471254069
61.551,2.000776474273243,0.00094341142560222,0.0008933203355177
61.571,2.0007816926994755,0.0009460360945064061,0.0008932684108158562
61.591,2.0007869110142944,0.0009486607220538824,0.0008932164706720591
61.611,2.0007921292175985,0.0009512853050530679,0.0008931645188449411
61.631,2.000797347308936,0.000953909844601788,0.0008931125519071048
61.651,2.000802565288895,0.000956534342060617,0.000893060570571369
61.671,2.0008077831573834,0.000959158794845644,0.0008930085772234642
61.691,2.0008130009143894,0.0009617832059592938,0.0008929565684960283
61.711,2.000818218559568,0.0009644075717223821,0.0008929045485876752
61.731,2.000823436093058,0.0009670318954600877,0.0008928525126099818
61.751,2.000828653514951,0.0009696561748638727,0.0008928004646297782
61.771,2.0008338708252777,0.0009722804130370879,0.000892748400340454
61.791,2.0008390880242573,0.0009749046078003283,0.00089269632293551
61.811,2.000844305111341,0.0009775287574893595,0.0008926442341129215
61.831,2.000849522086639,0.0009801528643177794,0.0008925921305913964
61.851,2.000854738950394,0.0009827769285690718,0.0008925400123811211
61.871,2.000859955702569,0.0009854009498862252,0.00089248788042115
61.891,2.0008651723429254,0.0009880249271808196,0.0008924357353766177
61.911,2.000870388871813,0.000990648860951493,0.0008923835772802757
61.931,2.000875605288807,0.0009932727523568777,0.0008923314038840335
61.951,2.0008808215941265,0.0009958965999419043,0.0008922792180927064
61.971000000000004,2.0008860377877373,0.0009985204042392498,0.00089222701749328
61.991,2.00089125387001,0.001001144166371639,0.0008921748029594445
62.011,2.0008964698402485,0.0010037678837931385,0.0008921225774589925
62.031,2.000901685698644,0.001006391559042582,0.0008920703341855074
62.051,2.0009069014456964,0.0010090151905535498,0.000892018079256568
62.071,2.000912117081043,0.0010116387787683836,0.0008919658116920137
62.091,2.000917332604073,0.0010142623242521678,0.0008919135284798374
62.111,2.0009225480159616,0.0010168858269550439,0.0008918612314028629
62.131,2.0009277633158127,0.0010195092839840542,0.0008918089239460802
62.151,2.00093297850371,0.0010221327003700474,0.0008917565985829823
62.171,2.000938193580424,0.0010247560732323615,0.0008917042610269987
62.191,2.0009434085449698,0.001027379402901327,0.0008916519093303266
62.211,2.000948623397916,0.0010300026881901528,0.0008915995457526582
62.231,2.000953838138817,0.0010326259308045854,0.0008915471666220975
62.251,2.0009590527682586,0.0010352491311858142,0.0008914947733164036
62.271,2.0009642672857932,0.0010378722876982264,0.0008914423673030969
62.291,2.0009694816914574,0.00104049540055807,0.0008913899484946364
62.311,2.0009746959852976,0.0010431184704405962,0.0008913375147836522
62.331,2.000979910167204,0.001045741497063981,0.0008912850675334427
62.351,2.0009851242378103,0.0010483644811896302,0.000891232606010095
62.371,2.0009903381961216,0.0010509874214774152,0.0008911801318354229
62.391,2.0009955520426708,0.0010536103186394264,0.0008911276436703308
62.411,2.0010007657774143,0.0010562331732925732,0.0008910751409482442
62.431,2.001005979400264,0.0010588559840161863,0.0008910226245882613
62.451,2.0010111929116174,0.001061478752002579,0.0008909700962655698
62.471,2.001016406310429,0.0010641014762486677,0.0008909175522655299
62.491,2.0010216195977435,0.0010667241582221496,0.0008908649946041403
62.511,2.0010268327734266,0.001069346796863655,0.0008908124236094439
62.531,2.0010320458370097,0.0010719693917218588,0.0008907598402093098
62.551,2.0010372587884397,0.0010745919435340163,0.0008907072417170259
62.571,2.001042471628589,0.0010772144528563457,0.0008906546299713158
62.591,2.001047684356361,0.001079836917558721,0.000890602005461455
62.611,2.0010528969723307,0.0010824593406747133,0.0008905493654587926
62.631,2.0010581094763134,0.0010850817201130264,0.0008904967122789487
62.651,2.001063321868478,0.0010877040570717311,0.000890444044158778
62.671,2.0010685341487635,0.0010903263499707138,0.0008903913653995621
62.691,2.001073746316859,0.0010929485998203252,0.0008903386700114813
62.711,2.0010789583733652,0.0010955708068895184,0.0008902859623418358
62.731,2.001084170317649,0.0010981929700838054,0.0008902332415314795
62.751,2.001089382150196,0.0011008150919658809,0.0008901805047536737
62.771,2.001094593870598,0.001103437168836428,0.0008901277565552812
62.791,2.001099805479398,0.0011060592034879998,0.000890074994279233
62.811,2.0011050169754885,0.001108681194639485,0.0008900222169069827
62.831,2.0011102283604902,0.0011113031435013095,0.0008899694269584868
62.851,2.0011154396329767,0.0011139250473632457,0.0008899166239690615
62.871,2.0011206507935193,0.0011165469095310116,0.0008898638065075737
62.891,2.0011258618420937,0.0011191687286353424,0.0008898109752468464
62.911,2.001131072778456,0.0011217905040658335,0.0008897581300830737
62.931,2.001136283603236,0.00112441223736071,0.0008897052705497677
62.951,2.0011414943156156,0.0011270339271209281,0.0008896523981629656
62.971000000000004,2.001146704916213,0.001129655572799183,0.0008895995132756629
62.991,2.00115191540451,0.0011322771766477972,0.0008895466124668183
63.011,2.0011571257812997,0.001134898737528763,0.0008894936986358348
63.031,2.001162336045399,0.0011375202546500835,0.0008894407713372909
63.051,2.0011675461979754,0.0011401417283149803,0.0008893878312171144
63.071,2.001172756238277,0.0011427631597063842,0.0008893348760916076
63.091,2.0011779661664435,0.001145384547456372,0.0008892819084405645
63.111,2.0011831759825642,0.0011480058923725414,0.0008892289261459851
63.131,2.0011883856865564,0.00115062719529539,0.0008891759290355072
63.151,2.0011935952785285,0.001153248452983851,0.0008891229213555119
63.171,2.001198804758265,0.0011558696684721079,0.0008890698979577283
63.191,2.001204014126176,0.0011584908423424968,0.0008890168597092962
63.211,2.001209223381759,0.0011611119714751332,0.000888963810133786
63.231,2.0012144325254555,0.0011637330583458136,0.0008889107456724055
63.251,2.001219641557133,0.001166354100722797,0.0008888576699372652
63.271,2.0012248504759307,0.0011689751013351617,0.0008888045774735343
63.291,2.00123005928331,0.0011715960591889736,0.0008887514710058941
63.311,2.001235267978327,0.0011742169742703194,0.0008886983517593372
63.331,2.0012404765609966,0.0011768378446210394,0.0008886452198332562
63.351,2.0012456850320186,0.0011794586732055395,0.0008885920730591912
63.371,2.0012508933902513,0.0011820794579913913,0.0008885389132608779
63.391,2.001256101636999,0.001184700200534009,0.0008884857398724078
63.411,2.0012613097709986,0.0011873208997128558,0.0008884325518986047
63.431,2.0012665177930247,0.001189941555570377,0.0008883793510566784
63.451,2.0012717257028254,0.0011925621687795228,0.0008883261363788197
63.471,2.0012769335005767,0.0011951827384286701,0.0008882729078999452
63.491,2.0012821411861053,0.0011978032659704634,0.0008882196657097052
63.511,2.0012873487593024,0.0012004237502706862,0.0008881664099009701
63.531,2.0012925562202724,0.0012030441909364007,0.0008881131401315689
63.551,2.001297763569027,0.0012056645888192117,0.0008880598571138487
63.571,2.0013029708056234,0.0012082849446483994,0.0008880065590473052
63.591,2.001308177929964,0.0012109052565073102,0.000887953249129575
63.611,2.0013133849418914,0.0012135255250672367,0.0008878999248791153
63.631,2.0013185918418914,0.001216145751587257,0.0008878465865456431
63.651,2.001323798629397,0.0012187659347448676,0.0008877932345396355
63.671,2.00132900530504,0.001221386074954576,0.0008877398694324967
63.691,2.0013342118680195,0.001224006171247417,0.0008876864910741245
63.711,2.00133941831864,0.0012266262253353274,0.0008876330982628411
63.731,2.001344624657044,0.0012292462369197848,0.0008875796905567501
63.751,2.001349830883697,0.0012318662055515375,0.000887526270755723
63.771,2.001355036997337,0.0012344861299639787,0.0008874728377177565
63.791,2.001360242998781,0.0012371060123355405,0.0008874193895976323
63.811,2.001365448888115,0.0012397258512986797,0.0008873659281884161
63.831,2.0013706546655543,0.0012423456477002274,0.0008873124543313238
63.851,2.0013758603297407,0.0012449654001959335,0.0008872589660411379
63.871,2.0013810658824145,0.001247585111417367,0.0008872054623584313
63.891,2.0013862713221475,0.0012502047788418586,0.0008871519468409972
63.911,2.001391476649955,0.0012528244028991967,0.0008870984171329144
63.931,2.0013966818652715,0.0012554439841814865,0.00088704487466576
63.951,2.001401886968176,0.001258063523000611,0.0008869913170471144
63.971000000000004,2.0014070919588005,0.0012606830182482712,0.0008869377466059203
63.991,2.001412296837104,0.001263302470609236,0.0008868841625857549
64.011,2.0014175016029165,0.0012659218804916667,0.0008868305650283625
64.031,2.0014227062564474,0.0012685412469226024,0.0008867769532975578
64.051,2.00142791079745,0.0012711605699200954,0.0008867233290946464
64.071,2.0014331152259923,0.0012737798510248964,0.0008866696892555481
64.091,2.001438319542457,0.0012763990895496213,0.0008866160359818631
64.111,2.0014435237464907,0.0012790182840496534,0.0008865623707945969
64.131,2.0014487278376554,0.001281637435850946,0.000886508690622928
64.151,2.001453931816947,0.0012842565448233003,0.0008864549969915814
64.171,2.0014591356832634,0.0012868756110220037,0.0008864012895902773
64.191,2.0014643394375744,0.0012894946346104488,0.0008863475683600908
64.211,2.0014695430790788,0.0012921136151319186,0.0008862938330612968
64.231,2.001474746608629,0.0012947325519572436,0.0008862400857838071
64.251,2.00147995002536,0.0012973514462740407,0.0008861863242413393
64.271,2.001485153329611,0.0012999702973631828,0.0008861325485663707
64.291,2.001490356521653,0.0013025891054774634,0.0008860787604072495
64.311,2.0014955596009933,0.0013052078734760771,0.0008860249549990096
64.331,2.001500762567859,0.0013078265953828517,0.0008859711388796987
64.351,2.001505965422447,0.001310445275487293,0.0008859173089183492
64.371,2.0015111681642113,0.00131306391183843,0.0008858634656995212
64.391,2.001516370793743,0.0013156825055983343,0.0008858096081169053
64.411,2.0015215733107046,0.001318301056777326,0.0008857557377665026
64.431,2.0015267757152087,0.001320919565630645,0.0008857018524173199
64.451,2.001531978006927,0.0013235380306155105,0.0008856479546162088
64.471,2.001537180186083,0.0013261564536078078,0.0008855940410849583
64.491,2.00154238225309,0.0013287748333443592,0.000885540115730804
64.511,2.0015475842071786,0.0013313931706114947,0.0008854861755226984
64.531,2.001552786048984,0.0013340114653003178,0.0008854322212110133
64.551,2.0015579877782192,0.00133662971610882,0.0008853782550681255
64.571,2.001563189394798,0.0013392479248004723,0.0008853242742467571
64.591,2.0015683908987714,0.001341866089406286,0.0008852702808417601
64.611,2.0015735922902294,0.0013444842125710978,0.0008852162722079449
64.631,2.0015787935692853,0.0013471022919970162,0.0008851622513414703
64.651,2.0015839947353093,0.0013497203279991803,0.0008851082172067759
64.671,2.00158919578899,0.0013523383225192047,0.0008850541673713352
64.691,2.0015943967298777,0.001354956274033447,0.000885000104362349
64.711,2.001599597558476,0.0013575741826033945,0.0008849460280112575
64.731,2.0016047982743803,0.0013601920473233498,0.00088489193929428
64.751,2.0016099988776967,0.001362809869977887,0.0008848378360969134
64.771,2.0016151993681723,0.0013654276499906288,0.0008847837184180474
64.791,2.001620399746057,0.0013680453868200626,0.0008847295879635952
64.811,2.001625600011178,0.0013706630811815444,0.0008846754431788562
64.831,2.0016308001639587,0.0013732807327086409,0.0008846212845732837
64.851,2.0016360002040545,0.0013758983409982053,0.0008845671137686639
64.871,2.0016412001313575,0.0013785159060454603,0.0008845129289656029
64.891,2.001646399945789,0.0013811334287971867,0.0008844587299887963
64.911,2.0016515996480013,0.001383750909488481,0.0008844045162944569
64.931,2.001656799237131,0.0013863683457268385,0.0008843502919141377
64.951,2.001661998713766,0.00138898574052822,0.0008842960507723097
64.971,2.0016671980777665,0.001391603092203447,0.0008842417978769113
64.991,2.001672397328612,0.0013942204000945923,0.000884187530956565
65.011,2.0016775964673847,0.0013968376665818051,0.0008841332499434085
65.031,2.0016827954930045,0.0013994548897891222,0.0008840789558937912
65.051,2.001687994406049,0.001402072069237534,0.0008840246481822689
65.071,2.0016931932063704,0.0014046892071343424,0.0008839703268592458
65.091,2.0016983918938083,0.0014073063023018698,0.0008839159901415372
65.111,2.0017035904688427,0.001409923354075541,0.0008838616416806111
65.131,2.001708788930683,0.0014125403627157267,0.000883807279805332
65.151,2.001713987280029,0.001415157329242617,0.0008837529030663038
65.171,2.001719185516497,0.0014177742533086233,0.0008836985128072017
65.191,2.0017243836401906,0.00142039113348294,0.0008836441100040782
65.211,2.001729581651176,0.0014230079719131368,0.0008835896921038644
65.231,2.001734779549449,0.0014256247684947812,0.0008835352595535362
65.251,2.0017399773346245,0.0014282415209689332,0.0008834808151933216
65.271,2.0017451750073163,0.0014308582295657385,0.0008834263585060231
65.291,2.001750372567174,0.0014334748969394855,0.0008833718871650298
65.311,2.0017555700139065,0.0014360915210652227,0.000883317400879019
65.331,2.0017607673483186,0.0014387081026870571,0.000883262902222709
65.351,2.001765964569506,0.0014413246407794806,0.0008832083903402288
65.371,2.001771161678173,0.0014439411365074787,0.000883153864537356
65.391,2.0017763586737076,0.0014465575904745926,0.0008830993234569817
65.411,2.0017815555564873,0.0014491740009288257,0.00088304477033746
65.431,2.001786752326243,0.001451790367975725,0.0008829902030503545
65.451,2.0017919489834175,0.0014544066935350312,0.0008829356216231432
65.471,2.001797145527459,0.0014570229759891988,0.0008828810275175181
65.491,2.001802341958687,0.0014596392153585882,0.0008828264192556334
65.511,2.0018075382775207,0.0014622554118563997,0.0008827717980353644
65.531,2.001812734483033,0.001464871565770261,0.0008827171633555564
65.551,2.0018179305754784,0.0014674876775531065,0.0008826625134924215
65.571,2.0018231265554203,0.0014701037465019982,0.0008826078506646573
65.591,2.001828322422063,0.0014727197717854471,0.0008825531750277504
65.611,2.0018335181761784,0.0014753357555648402,0.0008824984846338979
65.631,2.001838713817259,0.0014779516957640739,0.0008824437813456376
65.651,2.001843909345261,0.0014805675931355788,0.0008823890651827038
65.671,2.001849104760177,0.0014831834484501693,0.0008823343329939226
65.691,2.001854300062855,0.0014857992613405016,0.0008822795891643143
65.711,2.0018594952517517,0.0014884150300098274,0.0008822248324272808
65.731,2.0018646903281074,0.0014910307566693877,0.0008821700606361227
65.751,2.001869885291458,0.0014936464417881785,0.000882115274245393
65.771,2.001875080141819,0.0014962620833298924,0.0008820604758772999
65.791,2.0018802748792695,0.0014988776820877483,0.000882005663204094
65.811,2.001885469503678,0.0015014932373344728,0.0008819508388408781
65.831,2.001890664014861,0.0015041087512345382,0.0008818959976549801
65.851,2.0018958584135147,0.0015067242222521742,0.0008818411448275887
65.871,2.0019010526989476,0.001509339650702806,0.0008817862771769991
65.891,2.0019062468714366,0.0015119550352071802,0.0008817313985530761
65.911,2.001911440930518,0.001514570378409361,0.000881676503200618
65.931,2.00191663487707,0.0015171856774998942,0.0008816215964222995
65.951,2.001921828710476,0.0015198009341791307,0.000881566676207618
65.971,2.0019270224306682,0.0015224161501345614,0.0008815117397669436
65.991,2.001932216038055,0.0015250313227409386,0.0008814567906567095
66.011,2.0019374095319993,0.0015276464521967025,0.0008814018282119473
66.031,2.001942602913195,0.0015302615389389514,0.0008813468520245116
66.051,2.001947796181235,0.0015328765822262337,0.0008812918642503997
66.071,2.0019529893364254,0.0015354915832802925,0.0008812368616184507
66.091,2.0019581823784227,0.0015381065422509343,0.0008811818452779396
66.111,2.0019633753069286,0.0015407214586394854,0.000881126814428812
66.131,2.0019685681228028,0.001543336332733537,0.0008810717692190606
66.151,2.0019737608253805,0.0015459511622409996,0.0008810167138984526
66.171,2.001978953415133,0.001548565951073529,0.0008809616417844168
66.191,2.0019841458913654,0.0015511806969567407,0.000880906557347072
66.211,2.0019893382548073,0.001553795399641767,0.0008808514586944038
66.231,2.0019945305050304,0.0015564100597493737,0.0008807963477269753
66.251,2.001999722641981,0.0015590246775991747,0.0008807412213664156
66.271,2.0020049146661725,0.001561639253122703,0.000880686082647103
66.291,2.00201010657656,0.0015642537848269914,0.0008806309299384529
66.311,2.002015298374366,0.0015668682746299892,0.0008805757639973322
66.331,2.002020490058845,0.001569482721586868,0.0008805205844536479
66.351,2.002025681630033,0.0015720971268967706,0.0008804653899376347
66.371,2.0020308730880556,0.0015747114887683317,0.0008804101829257838
66.391,2.002036064432933,0.0015773258083377484,0.0008803549620689521
66.411,2.0020412556648575,0.0015799400859461796,0.0008802997267038648
66.431,2.0020464467837407,0.0015825543193870519,0.0008802444808959087
66.451,2.0020516377885564,0.0015851685108354578,0.000880189218725097
66.471,2.002056828680865,0.0015877826599752934,0.0008801339424620302
66.491,2.002062019459876,0.0015903967657942917,0.0008800786550852147
66.511,2.0020672101253787,0.0015930108292256172,0.0008800233532833268
66.531,2.0020724006778226,0.0015956248511401318,0.0008799680355652262
66.551,2.0020775911173567,0.001598238830120495,0.00087991270719881
66.571,2.002082781443019,0.001600852765975251,0.00087985736336324
66.591,2.0020879716561644,0.0016034666590199875,0.0008798020075489188
66.611,2.0020931617556585,0.0016060805098511962,0.0008797466376589957
66.631,2.002098351741563,0.0016086943181206565,0.0008796912534482226
66.651,2.0021035416148,0.0016113080838644428,0.0008796358562046247
66.671,2.0021087313742587,0.0016139218062444448,0.0008795804461022017
66.691,2.002113921020968,0.001616535487689784,0.0008795250205576866
66.711,2.0021191105538834,0.001619149126044793,0.0008794695821252863
66.731,2.002124299973654,0.0016217627207959248,0.0008794141307335857
66.751,2.0021294892803265,0.001624376274158094,0.0008793586651599794
66.771,2.002134678473536,0.0016269897839503128,0.0008793031867664614
66.791,2.002139867553375,0.0016296032522265754,0.000879247693450852
66.811,2.002145056520151,0.0016322166774696812,0.0008791921880300924
66.831,2.0021502453731443,0.001634830059810475,0.0008791366681037693
66.851,2.0021554341131527,0.0016374434003196409,0.0008790811343369898
66.871,2.0021606227398316,0.0016400566979205963,0.000879025587844029
66.891,2.0021658112529193,0.0016426699534910472,0.0008789700270857848
66.911,2.0021709996528028,0.0016452831662504023,0.0008789144526170911
66.931,2.0021761879392,0.0016478963361949337,0.0008788588646174988
66.951,2.0021813761124774,0.0016505094630841852,0.0008788032642617627
66.971,2.002186564172172,0.0016531225484414588,0.0008787476491512458
66.991,2.0021917521185584,0.0016557355902265224,0.0008786920210893667
67.011,2.0021969399515642,0.0016583485910121945,0.0008786363789579643
67.031,2.002202127671043,0.0016609615480633957,0.0008785807234961973
67.051,2.0022073152774635,0.0016635744631747296,0.0008785250534868172
67.071,2.002212502770109,0.0016661873349830113,0.0008784693723457582
67.091,2.0022176901492754,0.001668800164593321,0.0008784136759128758
67.111,2.0022228774153716,0.001671412952354377,0.0008783579654632334
67.131,2.002228064567956,0.0016740256977959712,0.0008783022416120057
67.151,2.002233251606989,0.0016766383996414287,0.0008782465051286881
67.171,2.002238438532603,0.0016792510609104274,0.0008781907530144017
67.191,2.002243625344547,0.0016818636777258724,0.0008781349896503088
67.211,2.0022488120431845,0.0016844762520649122,0.0008780792126441561
67.231,2.002253998628407,0.0016870887846563514,0.0008780234198444981
67.251,2.00225918510024,0.0016897012750880357,0.0008779676156818461
67.271,2.0022643714583324,0.0016923137218660383,0.0008779117973804207
67.291,2.002269557703293,0.0016949261275627037,0.0008778559647429074
67.311,2.002274743834497,0.0016975384882784404,0.0008778001209372444
67.331,2.0022799298523797,0.0017001508098447014,0.0008777442599778307
67.351,2.002285115756608,0.001702763087912347,0.0008776883870748042
67.371,2.002290301547284,0.0017053753228713758,0.0008776325007103236
67.391,2.0022954872247083,0.0017079875155580132,0.0008775766006876018
67.411,2.002300672788349,0.001710599664691912,0.000877520688691763
67.431,2.0023058582384663,0.00171321177245915,0.0008774647609201269
67.451,2.002311043575164,0.0017158238393387686,0.0008774088186101203
67.471,2.0023162287984118,0.0017184358612528866,0.000877352865750719
67.491,2.002321413907736,0.0017210478417018808,0.0008772968973847495
67.511,2.0023265989037906,0.0017236597789532454,0.0008772409170856588
67.531,2.0023317837861296,0.0017262716754413232,0.00087718492053801
67.551,2.002336968555044,0.0017288835277031595,0.0008771289135472704
67.571,2.0023421532102703,0.001731495338738401,0.0008770728904517189
67.591,2.0023473377520435,0.0017341071072001233,0.0008770168551077706
67.611,2.0023525221799336,0.0017367188322270962,0.0008769608060884004
67.631,2.002357706494664,0.0017393305161531466,0.0008769047433633548
67.651,2.0023628906953506,0.0017419421566299987,0.0008768486674113618
67.671,2.0023680747824795,0.0017445537559076475,0.0008767925759358142
67.691,2.0023732587563234,0.0017471653122877926,0.0008767364727318705
67.711,2.0023784426160955,0.0017497768251043618,0.0008766803560450731
67.731,2.002383626362745,0.001752388297058829,0.0008766242251116996
67.751,2.002388809995176,0.0017549997247768827,0.0008765680823772382
67.771,2.002393993514399,0.0017576111117504293,0.0008765119237515717
67.791,2.002399176919943,0.001760222456097871,0.0008764557523054106
67.811,2.002404360211307,0.0017628337567946874,0.000876399568161268
67.831,2.0024095433894216,0.0017654450173893114,0.0008763433681983068
67.851,2.002414726454005,0.0017680562326675472,0.000876287158299266
67.871,2.0024199094046597,0.0017706674066397653,0.0008762309336504681
67.891,2.0024250922415483,0.0017732785394586935,0.0008761746923917624
67.911,2.0024302749650937,0.0017758896299041888,0.0008761184400826183
67.931,2.0024354575746073,0.0017785006766153771,0.000876062174511083
67.951,2.002440640070278,0.0017811116812211682,0.0008760058943322324
67.971,2.00244582245267,0.0017837226436379031,0.000875949601124415
67.991,2.0024510047210877,0.0017863335630055725,0.0008758932962394661
68.011,2.002456186875694,0.0017889444402055875,0.0008758369755125783
68.031,2.00246136891693,0.0017915552767862738,0.000875780640453433
68.051,2.0024665508439106,0.0017941660697312024,0.0008757242931204667
68.071,2.002471732657525,0.0017967768199864164,0.0008756679322236838
68.091,2.0024769143569476,0.0017993875279096669,0.0008756115574215517
68.111,2.002482095943375,0.0018019981937118438,0.0008755551707138598
68.131,2.002487277415126,0.001804608817680109,0.000875498767853089
68.151,2.002492458773668,0.0018072193988038637,0.0008754423528901933
68.171,2.002497640018222,0.0018098299374688168,0.0008753859240128448
68.191,2.002502821149263,0.0018124404341400644,0.0008753294821136071
68.211,2.002508002165981,0.0018150508879995796,0.0008752730259470598
68.231,2.0025131830694067,0.001817661300393971,0.0008752165562208591
68.251,2.0025183638588238,0.001820271669185775,0.0008751600739880794
68.271,2.0025235445341822,0.0018228819954466094,0.0008751035783106098
68.291,2.0025287250959773,0.0018254922807482768,0.0008750470673009325
68.311,2.002533905543941,0.001828102524282592,0.000874990542533427
68.331,2.002539085878031,0.0018307127246741921,0.0008749340055244081
68.351,2.0025442660981922,0.0018333228812590445,0.0008748774559557693
68.371,2.002549446204499,0.0018359329964229365,0.0008748208919569234
68.391,2.0025546261971137,0.001838543068934953,0.0008747643156126195
68.411,2.002559806075586,0.0018411531005656815,0.0008747077228532241
68.431,2.002564985840489,0.0018437630889471391,0.0008746511183496397
68.451,2.002570165491294,0.0018463730357978587,0.0008745944993764909
68.471,2.0025753450282835,0.0018489829390888777,0.0008745378673920556
68.491,2.0025805244514796,0.0018515928013280673,0.0008744812223520637
68.511,2.002585703760389,0.0018542026201969742,0.00087442456280315
68.531,2.002590882955728,0.0018568123972803408,0.0008743678908713637
68.551,2.002596062037181,0.0018594221307542172,0.0008743112060433933
68.571,2.002601241004598,0.0018620318228033594,0.0008742545072652486
68.591,2.002606419857924,0.0018646414746563656,0.000874197791027459
68.611,2.002611598597724,0.0018672510814202133,0.0008741410666680549
68.631,2.0026167772231056,0.0018698606475574847,0.0008740843252655617
68.651,2.0026219557349054,0.0018724701710717542,0.0008740275714937962
68.671,2.002627134132357,0.0018750796507647385,0.0008739708055190976
68.691,2.002632312416129,0.0018776890903401391,0.0008739140228219422
68.711,2.0026374905863347,0.0018802984862382674,0.0008738572304651249
68.731,2.0026426686418586,0.001882907840603393,0.0008738004223044771
68.751,2.0026478465836677,0.001885517151741299,0.0008737436008773858
68.771,2.0026530244114986,0.0018881264216900184,0.0008736867662977876
68.791,2.0026582021251778,0.0018907356478867713,0.0008736299194019026
68.811,2.0026633797250226,0.001893344833461368,0.0008735730563357302
68.831,2.002668557210818,0.0018959539776575328,0.0008735161792492729
68.851,2.0026737345826406,0.001898563077312264,0.0008734592911931738
68.871,2.002678911840207,0.00190117213530737,0.000873402389252681
68.891,2.0026840889839956,0.0019037811520195868,0.0008733454721823464
68.911,2.0026892660136855,0.0019063901258713663,0.0008732885430769721
68.931,2.002694442929238,0.0019089990569916178,0.0008732316002932616
68.951,2.0026996197308935,0.0019116079456618215,0.0008731746442930954
68.971,2.0027047964182927,0.0019142167931291377,0.0008731176740762181
68.991,2.002709972991743,0.0019168255975100688,0.0008730606909011507
69.011,2.0027151494509914,0.0019194343597743347,0.0008730036937143748
69.031,2.0027203257965165,0.001922043081208068,0.000872946682097614
69.051,2.0027255020276424,0.0019246517585144738,0.0008728896591496393
69.071,2.002730678144781,0.0019272603949186365,0.0008728326207384784
69.091,2.00273585414746,0.0019298689883051794,0.0008727755696163741
69.111,2.0027410300362636,0.0019324775399118328,0.0008727185042304297
69.131,2.0027462058114427,0.001935086049216857,0.0008726614265466559
69.151,2.002751381471784,0.0019376945156022447,0.0008726043356125368
69.171,2.0027565570184045,0.0019403029416521353,0.0008725472284207558
69.191,2.0027617324507565,0.001942911324106409,0.0008724901102665494
69.211,2.0027669077690793,0.0019455196641388808,0.0008724329785914919
69.231,2.002772082972894,0.001948127962396685,0.0008723758329057252
69.251,2.002777258062837,0.0019507362191170923,0.0008723186718694875
69.271,2.002782433038734,0.0019533444322458373,0.000872261500569016
69.291,2.002787607900208,0.0019559526040052477,0.0008722043141312086
69.311,2.002792782647571,0.0019585607334151583,0.0008721471135779701
69.331,2.0027979572809227,0.001961168821313855,0.0008720898999655391
69.351,2.002803131799762,0.0019637768655422225,0.0008720326737245432
69.371,2.00280830620451,0.0019663848691861435,0.0008719754324905127
69.391,2.0028134804952997,0.001968992830070522,0.0008719181785314389
69.411,2.0028186546715676,0.0019716007479506363,0.0008718609123278265
69.431,2.0028238287338342,0.0019742086241210945,0.0008718036309940946
69.451,2.0028290026817994,0.001976816459184753,0.0008717463357381661
69.471,2.0028341765154223,0.0019794242508953215,0.0008716890281859346
69.491,2.002839350234951,0.0019820320008402553,0.0008716317065970425
69.511,2.0028445238402064,0.001984639707992666,0.0008715743725279945
69.531,2.0028496973310705,0.001987247374283661,0.0008715170228954516
69.551,2.0028548707078015,0.001989854997579598,0.0008714596610940595
69.571,2.0028600439702213,0.001992462578762494,0.0008714022856875225
69.591,2.002865217118501,0.0019950701172615705,0.000871344897739379
69.611,2.0028703901523914,0.001997677615784601,0.0008712874932206294
69.631,2.002875563071893,0.00200028506964305,0.0008712300782652005
69.651,2.0028807358772878,0.0020028924825187706,0.000871172648310159
69.671,2.0028859085683273,0.002005499852292437,0.0008711152073570816
69.691,2.0028910811448157,0.0020081071812047355,0.0008710577491433391
69.711,2.0028962536073625,0.0020107144682001807,0.0008710002786163906
69.731,2.002901425955482,0.0020133217124158687,0.0008709427957976912
69.751,2.0029065981889356,0.002015928914187959,0.000870885298192986
69.771,2.0029117703085784,0.002018536074187972,0.0008708277882829574
69.791,2.002916942313404,0.002021143190595084,0.0008707702655562088
69.811,2.00292211420427,0.0020237502664772083,0.0008707127280268012
69.831,2.0029272859804084,0.0020263573004505354,0.0008706551763375259
69.851,2.002932457642468,0.002028964291742927,0.0008705976116978043
69.871,2.0029376291900856,0.002031571241654621,0.0008705400336646019
69.891,2.0029428006229932,0.002034178148571905,0.0008704824418596935
69.911,2.002947971942126,0.002036785014046743,0.0008704248374483969
69.931,2.002953143146332,0.0020393918368519334,0.0008703672183535682
69.951,2.00295831423663,0.0020419986186643183,0.0008703095863564769
69.971,2.0029634852120046,0.0020446053562116736,0.0008702519419128418
69.991,2.002968656073429,0.0020472120540926094,0.0008701942816080055
70.011,2.0029738268202886,0.0020498187087325394,0.0008701366096217911
70.031,2.002978997452489,0.0020524253206627117,0.0008700789246729734
70.051,2.0029841679704687,0.0020550318917277755,0.0008700212238491045
70.071,2.002989338373991,0.00205763841973106,0.0008699635119119309
70.091,2.0029945086630145,0.0020602449055609705,0.0008699057857529946
70.111,2.0029996788377136,0.002062851350782037,0.0008698480455401336
70.131,2.0030048488979824,0.0020654577525522303,0.0008697902926537993
70.151,2.0030100188432653,0.0020680641126090984,0.0008697325254990729
70.171,2.003015188674709,0.0020706704310894932,0.0008696747448838638
70.191,2.0030203583911983,0.002073276706783975,0.00086961695134119
70.211,2.003025527993551,0.002075882940845899,0.0008695591440237849
70.231,2.0030306974811403,0.0020784891316875348,0.0008695013244201799
70.251,2.0030358668544377,0.0020810952827542005,0.0008694434883637914
70.271,2.00304103611321,0.002083701390855036,0.0008693856407575862
70.291,2.003046205257184,0.002086307455423898,0.0008693277804320554
70.311,2.003051374286903,0.002088913479131625,0.0008692699055362074
70.331,2.003056543202147,0.0020915194615191927,0.0008692120171212292
70.351,2.0030617120025638,0.0020941254010594353,0.000869154115209686
70.371,2.0030668806888214,0.0020967312998124983,0.0008690961988144508
70.391,2.003072049260241,0.002099337153745333,0.0008690382722648105
70.411,2.003077217717116,0.0021019429675128397,0.0008689803294188447
70.431,2.003082386059671,0.0021045487391954994,0.0008689223737645135
70.451,2.0030875542874282,0.0021071544682862917,0.0008688644053876649
70.471,2.003092722400588,0.00210976015679446,0.0008688064214256441
70.491,2.0030978903992933,0.0021123658019638267,0.000868748426114313
70.511,2.0031030582831626,0.002114971404845821,0.0008686904166571585
70.531,2.0031082260528006,0.002117576965615757,0.0008686323950900798
70.551,2.0031133937076167,0.0021201824853277944,0.0008685743579262273
70.571,2.0031185612478133,0.0021227879635651653,0.0008685163068097579
70.591,2.0031237286736103,0.0021253933981225815,0.0008684582446778499
70.611,2.003128895984333,0.0021279987915259714,0.0008684001676451947
70.631,2.003134063180722,0.0021306041436452003,0.0008683420759765803
70.651,2.0031392302624633,0.002133209452482553,0.0008682839733994974
70.671,2.0031443972294976,0.0021358147198036305,0.0008682258561131806
70.691,2.0031495640817103,0.0021384199458611896,0.0008681677241408892
70.711,2.003154730819741,0.002141025129960226,0.0008681095794962623
70.731,2.003159897442655,0.0021436302704363934,0.0008680514233662395
70.751,2.003165063951014,0.0021462353700874015,0.0008679932513331878
70.771,2.003170230344919,0.002148840427909667,0.000867935067207587
70.791,2.003175396623792,0.0021514454433758396,0.0008678768685624338
70.811,2.0031805627882653,0.0021540504165354596,0.0008678186582412317
70.831,2.003185728837904,0.002156655347429204,0.0008677604332039124
70.851,2.003190894772925,0.002159260237300434,0.0008677021953418518
70.871,2.003196060592771,0.002161865084818334,0.0008676439426024973
70.891,2.003201226298462,0.0021644698910141375,0.0008675856771709345
70.911,2.0032063918891314,0.002167074654529195,0.0008675273981116616
70.931,2.003211557365078,0.0021696793761156667,0.000867469106020341
70.951,2.0032167227264575,0.0021722840560401127,0.000867410799702345
70.971,2.003221887972842,0.0021748886939287693,0.0008673524813565814
70.991,2.0032270531046605,0.0021774932900653727,0.0008672941476144946
71.011,2.0032322181215503,0.0021800978440937586,0.0008672358019302939
71.031,2.0032373830237353,0.0021827023555850127,0.0008671774427542744
71.051,2.0032425478111406,0.0021853068258034947,0.0008671190695599129
71.071,2.0032477124839887,0.002187911254561247,0.0008670606823675264
71.091,2.003252877041808,0.002190515640694348,0.000867002282311069
71.111,2.0032580414849184,0.002193119984488629,0.0008669438696339293
71.131,2.0032632058129485,0.002195724286391771,0.0008668854436264528
71.151,2.0032683700264475,0.002198328547729402,0.0008668270014966228
71.171,2.0032735341249617,0.002200932765399027,0.0008667685492217414
71.191,2.003278698108697,0.002203536942855514,0.0008667100805100358
71.211,2.0032838619776903,0.002206141077284083,0.0008666516000620794
71.231,2.0032890257317555,0.002208745170984027,0.0008665931047945608
71.251,2.003294189371101,0.0022113492213747758,0.0008665345976724137
71.271,2.0032993528953074,0.002213953230871757,0.0008664760760384582
71.291,2.0033045163048526,0.0022165571974314385,0.0008664175420833031
71.311,2.003309679599682,0.002219161122814735,0.0008663589936584448
71.331,2.0033148427793357,0.002221765005205256,0.0008663004338461955
71.351,2.0033200058441945,0.0022243688465293033,0.0008662418580966669
71.371,2.0033251687943006,0.0022269726467121715,0.0008661832698735328
71.391,2.003330331629414,0.0022295764040129954,0.0008661246679010637
71.411,2.003335494349444,0.0022321801197448276,0.0008660660529345166
71.431,2.0033406569549372,0.0022347837941401136,0.0008660074234033699
71.451,2.003345819445257,0.0022373874249868603,0.0008659487827712142
71.471,2.0033509818206334,0.002239991015860458,0.0008658901260781005
71.491,2.0033561440811947,0.0022425945641148725,0.0008658314568457948
71.511,2.0033613062269184,0.0022451980698588846,0.000865772775619944
71.531,2.003366468257361,0.0022478015341407835,0.0008657140796470286
71.551,2.0033716301729187,0.002250404957176929,0.0008656553694462443
71.571,2.003376791973678,0.0022530083389537855,0.0008655966452823516
71.591,2.0033819536594955,0.002255611676999423,0.0008655379107143368
71.611,2.0033871152300335,0.00225821497394059,0.0008654791601994949
71.631,2.0033922766861934,0.0022608182298349475,0.0008654203968980201
71.651,2.0033974380268176,0.0022634214428636267,0.0008653616205679115
71.671,2.003402599252634,0.002266024614447872,0.0008653028300707466
71.691,2.0034077603635003,0.0022686277431764263,0.0008652440279687534
71.711,2.0034129213591436,0.0022712308315442197,0.0008651852101232427
71.731,2.0034180822401475,0.002273833876956263,0.0008651263812421706
71.751,2.003423243005796,0.0022764368812240683,0.0008650675370037164
71.771,2.0034284036563634,0.0022790398439735747,0.0008650086785775557
71.791,2.003433564192332,0.002281642763944566,0.0008649498099905506
71.811,2.0034387246128516,0.002284245642880222,0.0008648909240724367
71.831,2.0034438849184717,0.002286848479463342,0.0008648320276668509
71.851,2.0034490451087423,0.002289451274480407,0.0008647731164079797
71.871,2.0034542051843016,0.0022920540277155343,0.0008647141914258083
71.891,2.0034593651449897,0.0022946567394095093,0.0008646552535155616
71.911,2.0034645249900485,0.0022972594089682528,0.0008645963019395797
71.931,2.0034696847202267,0.0022998620360045316,0.0008645373382505372
71.951,2.003474844335496,0.0023024646218308296,0.0008644783597657746
71.971,2.0034800038356715,0.002305067166601482,0.0008644193681063006
71.991,2.0034851632204282,0.0023076696692221894,0.0008643603629990559
72.011,2.003490322490306,0.0023102721282589646,0.0008643013455000848
72.031,2.003495481644908,0.002312874547339744,0.0008642423139796629
72.051,2.0035006406845213,0.002315476924407151,0.0008641832675968797
72.071,2.0035057996090693,0.002318079259357906,0.000864124209988798
72.091,2.003510958418186,0.002320681552003577,0.0008640651382205156
72.111,2.003516117112423,0.0023232838043822333,0.000864006051968097
72.131,2.0035212756914307,0.0023258860142461243,0.0008639469528666233
72.151,2.003526434155242,0.00232848818261059,0.000863887840346661
72.171,2.0035315925037156,0.002331090308134912,0.0008638287146971457
72.191,2.0035367507374837,0.0023336923939846505,0.0008637695740474627
72.211,2.0035419088556568,0.0023362944360761848,0.000863710422474212
72.231,2.003547066858827,0.002338896436553338,0.0008636512567218868
72.251,2.0035522247467132,0.0023414983957849396,0.0008635920772188943
72.271,2.003557382519278,0.0023441003137803776,0.0008635328835114864
72.291,2.003562540176957,0.0023467021880252334,0.0008634736786965747
72.311,2.0035676977192907,0.002349304022852065,0.0008634144581826375
72.331,2.003572855146081,0.0023519058147126026,0.0008633552246130882
72.351,2.0035780124581652,0.0023545075652859596,0.0008632959785536964
72.371,2.003583169654444,0.0023571092739394107,0.0008632367181776734
72.391,2.0035883267359096,0.0023597109411483685,0.0008631774441987539
72.411,2.0035934837021436,0.002362312565494312,0.0008631181589712211
72.431,2.0035986405526627,0.0023649141487900567,0.0008630588580579301
72.451,2.0036037972886316,0.002367515691235958,0.0008629995441573057
72.471,2.003608953908701,0.0023701171904325917,0.0008629402178488843
72.491,2.0036141104138245,0.0023727186492229265,0.0008628808761900753
72.511,2.0036192668033683,0.002375320065635977,0.0008628215226514635
72.531,2.003624423077905,0.0023779214410408135,0.0008627621540353292
72.551,2.003629579237138,0.0023805227734749134,0.0008627027749666394
72.571,2.0036347352807584,0.0023831240648743987,0.0008626433801310063
72.591,2.003639891209174,0.00238572531466142,0.0008625839717177342
72.611,2.0036450470224465,0.0023883265226517384,0.0008625245509666368
72.631,2.0036502027203182,0.0023909276883347075,0.0008624651175669629
72.651,2.0036553583027112,0.002393528812489337,0.0008624056698976201
72.671,2.0036605137699945,0.002396129896247286,0.0008623462070997401
72.691,2.003665669121917,0.0023987309374486274,0.0008622867334476259
72.711,2.0036708243581804,0.002401331936288595,0.0008622272454008872
72.731,2.003675979479364,0.0024039328935583715,0.0008621677445744824
72.751,2.0036811344848267,0.002406533809175886,0.0008621082302286698
72.771,2.003686289375274,0.002409134685364668,0.0008620486992226284
72.791,2.0036914441504567,0.0024117355170655465,0.0008619891597592411
72.811,2.0036965988095825,0.0024143363083974625,0.0008619296031667223
72.831,2.0037017533541506,0.0024169370575888955,0.0008618700352689967
72.851,2.003706907782573,0.002419537764464877,0.0008618104541179006
72.871,2.0037120620961804,0.0024221384313584783,0.000861750857018867
72.891,2.0037172162941776,0.0024247390548256483,0.0008616912504717522
72.911,2.0037223703764013,0.002427339638121184,0.0008616316275491809
72.931,2.003727524343495,0.0024299401786631518,0.0008615719914202291
72.951,2.003732678195293,0.002432540677996176,0.0008615123432199334
72.971,2.0037378319313524,0.0024351411358759676,0.0008614526806282052
72.991,2.003742985551836,0.002437741550779618,0.0008613930052590313
73.011,2.003748139057423,0.002440341925458424,0.0008613333165805592
73.031,2.0037532924470995,0.0024429422582961727,0.0008612736140282129
73.051,2.003758445721212,0.0024455425490515006,0.0008612138980357009
73.071,2.003763598880348,0.002448142798613732,0.0008611541684165613
73.091,2.0037687519235874,0.002450743005941467,0.0008610944269157594
73.111,2.0037739048512613,0.0024533431726632285,0.000861034669442734
73.131,2.003779057663669,0.002455943296802766,0.0008609748996732114
73.151,2.003784210360477,0.0024585433795640357,0.0008609151180667962
73.171,2.003789362941614,0.002461143420158159,0.0008608553213462766
73.191,2.003794515407592,0.0024637434212985664,0.0008607955106395837
73.211,2.0037996677574967,0.002466343378157777,0.00086073568878417
73.231,2.0038048199925047,0.0024689432948862403,0.0008606758512658408
73.251,2.0038099721117693,0.0024715431693931476,0.0008606160027725684
73.271,2.0038151241150968,0.0024741430021173894,0.0008605561394029182
73.291,2.0038202760030632,0.002476742793349555,0.0008604962626085066
73.311,2.0038254277755416,0.002479342543621301,0.0008604363721482489
73.331,2.0038305794327265,0.002481942251953746,0.0008603764691199334
73.351,2.0038357309738095,0.002484541918739083,0.0008603165517311329
73.371,2.0038408823995537,0.0024871415434374166,0.0008602566222890018
73.391,2.003846033709617,0.0024897411259333416,0.0008601966794351268
73.411,2.0038511849044682,0.0024923406687362253,0.0008601367221969525
73.431,2.00385633598296,0.0024949401686473775,0.0008600767515100083
73.451,2.003861486946588,0.0024975396275984667,0.0008600167680139215
73.471,2.003866637794075,0.0025001390448836196,0.0008599567702621824
73.491,2.0038717885262023,0.0025027384203971563,0.000859896759615203
73.511,2.0038769391427187,0.0025053377537539306,0.0008598367374239857
73.531,2.0038820896432057,0.002507937045955813,0.000859776699368181
73.551,2.003887240028446,0.002510536297072637,0.000859716648613007
73.571,2.003892390297873,0.0025131355057094974,0.0008596565851704541
73.591,2.0038975404517836,0.002515734673816451,0.0008595965071712675
73.611,2.003902690489714,0.002518333799786955,0.0008595364167029995
73.631,2.003907840412185,0.002520932884731337,0.000859476311525248
73.651,2.003912990219025,0.002523531927530586,0.0008594161943668577
73.671,2.0039181399099797,0.0025261309287781,0.0008593560639248987
73.691,2.00392328948518,0.002528729888342054,0.0008592959193880756
73.711,2.0039284389450325,0.0025313288070491994,0.0008592357616216406
73.731,2.0039335882889313,0.0025339276839074273,0.0008591755903357146
73.751,2.003938737517083,0.0025365265179422662,0.0008591154076307561
73.771,2.00394388662964,0.0025391253120663855,0.0008590552088246772
73.791,2.003949035626432,0.002541724064494077,0.0008589949974466271
73.811,2.003954184507165,0.0025443227749178078,0.0008589347727774865
73.831,2.003959333272613,0.002546921444651729,0.0008588745341459036
73.851,2.0039644819219227,0.002549520071457259,0.0008588142834619616
73.871,2.003969630455822,0.002552118657334101,0.0008587540191475063
73.891,2.003974778873794,0.002554717202093685,0.0008586937411100004
73.911,2.00397992717578,0.002557315705666888,0.0008586334487024061
73.931,2.00398507536226,0.002559914166115539,0.0008585731446476286
73.951,2.0039902234327602,0.0025625125863284084,0.0008585128265286013
73.971,2.0039953713877607,0.002565110964584538,0.0008584524946996797
73.991,2.0040005192266572,0.00256770930074983,0.0008583921508095727
74.011,2.004005666949802,0.0025703075973134747,0.0008583317911657617
74.031,2.004010814557266,0.002572905850291596,0.0008582714208523745
74.051,2.004015962048607,0.0025755040629742813,0.0008582110350251193
74.071,2.004021109424424,0.002578102234677487,0.0008581506354950752
74.091,2.0040262566843965,0.002580700363585,0.0008580902255068412
74.111,2.0040314038280878,0.0025832984507147654,0.0008580297999729591
74.131,2.004036550856537,0.0025858964971678562,0.0008579693621099393
74.151,2.0040416977686,0.002588494502661948,0.0008579089094250536
74.171,2.0040468445651904,0.0025910924659075527,0.0008578484446754575
74.191,2.004051991245514,0.0025936903868398584,0.0008577879666537558
74.211,2.0040571378103422,0.0025962882685602565,0.0008577274738282015
74.231,2.004062284259089,0.0025988861072027943,0.0008576669688924177
74.251,2.0040674305917676,0.0026014839047080506,0.0008576064496100544
74.271,2.0040725768088703,0.002604081660598219,0.0008575459179873957
74.291,2.004077722910058,0.0026066793751689248,0.0008574853729536591
74.311,2.004082868895098,0.0026092770481944,0.0008574248144666008
74.331,2.004088014764318,0.002611874679192088,0.0008573642428006678
74.351,2.004093160517526,0.0026144722701758327,0.0008573036566348891
74.371,2.0040983061552415,0.0026170698184013242,0.0008572430588534574
74.391,2.004103451676211,0.0026196673260476494,0.0008571824458708244
74.411,2.0041085970816925,0.00262226479181412,0.0008571218200745245
74.431,2.004113742371344,0.002624862215978897,0.0008570611818910223
74.451,2.0041188875446783,0.0026274595982356966,0.0008570005304358863
74.471,2.0041240326022574,0.0026300569401977395,0.000856939864278955
74.491,2.0041291775437813,0.002632654240078628,0.0008568791854444424
74.511,2.004134322369355,0.0026352514992791427,0.0008568184927273681
74.531,2.0041394670789328,0.002637848716471456,0.0008567577870631782
74.551,2.0041446116724715,0.002640445892431024,0.0008566970680704
74.571,2.0041497561499173,0.002643043026313437,0.0008566363358111506
74.591,2.0041549005115487,0.0026456401182446574,0.0008565755910949491
74.611,2.0041600447571515,0.0026482371706004542,0.0008565148315042292
74.631,2.0041651888865237,0.0026508341810338445,0.0008564540588446024
74.651,2.004170332899898,0.0026534311494451797,0.0008563932730703827
74.671,2.004175476797627,0.002656028076799229,0.0008563324747162537
74.691,2.0041806205786266,0.002658624962106607,0.0008562716623733702
74.711,2.0041857642441916,0.0026612218067570944,0.0008562108361381826
74.731,2.004190907793393,0.0026638186099409303,0.0008561499976325326
74.751,2.0041960512265056,0.002666415371104894,0.0008560891451310504
74.771,2.004201194543467,0.002669012091590101,0.0008560282794700391
74.791,2.0042063377445642,0.002671608770834488,0.0008559673994963657
74.811,2.004211480829392,0.0026742054075481175,0.0008559065083729167
74.831,2.0042166237981065,0.0026768020030874303,0.0008558456031007855
74.851,2.004221766650886,0.0026793985591015528,0.0008557846817817405
74.871,2.0042269093872727,0.0026819950714640495,0.0008557237509213
74.891,2.0042320520076204,0.0026845915438167313,0.0008556628038379477
74.911,2.004237194512017,0.0026871879740986617,0.0008556018451880976
74.931,2.00424233690015,0.0026897843634317298,0.0008555408724550129
74.951,2.0042474791721805,0.002692380711800259,0.0008554798863379121
74.971,2.004252621328102,0.002694977017587077,0.0008554188876638835
74.991,2.0042577633679044,0.0026975732830351942,0.0008553578747738377
75.011,2.004262905291385,0.00270016950657775,0.0008552968491816193
75.031,2.004268047098783,0.002702765688491103,0.0008552358113326497
75.051,2.0042731887898126,0.0027053618295390536,0.0008551747574860047
75.071,2.0042783303647447,0.002707957930130858,0.0008551136904605683
75.091,2.0042834718237765,0.002710553988121424,0.0008550526123629054
75.111,2.004288613166192,0.0027131500050740316,0.000854991518928927
75.131,2.004293754392687,0.0027157459808165056,0.0008549304131953983
75.151,2.0042988955028123,0.002718341914909609,0.0008548692942192126
75.171,2.0043040364968645,0.002720937807451942,0.0008548081617111847
75.191,2.004309177374753,0.0027235336585505017,0.0008547470174768979
75.211,2.0043143181361507,0.00272612946848787,0.0008546858584888017
75.231,2.004319458781243,0.002728725238570506,0.0008546246838237459
75.251,2.00432459931039,0.002731320965979179,0.0008545634987410511
75.271,2.0043297397232327,0.002733916652019527,0.000854502299590082
75.291,2.0043348800196132,0.002736512296687368,0.0008544410874566088
75.311,2.004340020199714,0.0027391079010035332,0.0008543798604601915
75.331,2.004345160263904,0.0027417034634144247,0.0008543186216261878
75.351,2.004350300211331,0.002744298984115467,0.0008542573691597832
75.371,2.0043554400428287,0.0027468944634940025,0.0008541961039478518
75.391,2.0043605797578623,0.002749489901316413,0.0008541348254991477
75.411,2.004365719356507,0.0027520852989330337,0.0008540735323563087
75.431,2.004370858839146,0.0027546806553794545,0.0008540122256528726
75.451,2.004375998205083,0.002757275969936526,0.00085395090640078
75.471,2.0043811374549985,0.0027598712428838984,0.0008538895741248831
75.491,2.0043862765883196,0.0027624664737309007,0.0008538282295248723
75.511,2.0043914156056424,0.00276506166465556,0.0008537668703947343
75.531,2.0043965545061373,0.002767656814116181,0.0008537054974369074
75.551,2.004401693290722,0.0027702519220955918,0.0008536441121097249
75.571,2.004406831958764,0.002772846989955153,0.0008535827115381533
75.591,2.0044119705103034,0.0027754420148833475,0.0008535212999673247
75.611,2.0044171089456513,0.002778036999307919,0.0008534598740584376
75.631,2.004422247264657,0.0027806319422942413,0.0008533984353699398
75.651,2.0044273854673005,0.0027832268442894515,0.0008533369825067805
75.671,2.0044325235533664,0.0027858217040242434,0.0008532755175005569
75.691,2.0044376615230988,0.002788416523535537,0.000853214038597977
75.711,2.0044427993762994,0.002791011300344588,0.0008531525470367174
75.731,2.004447937113146,0.002793606037734626,0.0008530910404759284
75.751,2.0044530747334317,0.0027962007327110234,0.0008530295223522499
75.771,2.0044582122376804,0.002798795387693607,0.0008529679886011277
75.791,2.004463349625329,0.0028013900006331072,0.0008529064436735012
75.811,2.004468486896188,0.0028039845724083306,0.0008528448837766267
75.831,2.0044736240511187,0.0028065791027716376,0.0008527833120575423
75.851,2.004478761089146,0.00280917359245284,0.0008527217261021236
75.871,2.0044838980111024,0.0028117680399729118,0.0008526601275448131
75.891,2.004489034816405,0.002814362446106187,0.0008525985171045636
75.911,2.0044941715049536,0.0028169568108481493,0.0008525368913396836
75.931,2.0044993080773748,0.0028195511365563886,0.0008524752512507061
75.951,2.004504444533082,0.0028221454182006476,0.0008524136011560657
75.971,2.004509580872374,0.0028247396605575958,0.0008523519346542718
75.991,2.0045147170952125,0.0028273338611605565,0.0008522902561624579
76.011,2.004519853201482,0.002829928020967439,0.0008522285639211424
76.031,2.004524989191201,0.002832522138075915,0.0008521668597459564
76.051,2.004530125064448,0.0028351162157406844,0.0008521051405318836
76.071,2.004535260821055,0.0028377102511531168,0.0008520434093410301
76.091,2.004540396461099,0.0028403042454464185,0.0008519816635831623
76.111,2.0045455319847485,0.0028428981989896164,0.0008519199052861304
76.131,2.0045506673918783,0.002845492111477,0.0008518581332414843
76.151,2.0045558026822103,0.002848085981863707,0.0008517963490238256
76.171,2.0045609378560965,0.002850679812886932,0.0008517345486502848
76.191,2.0045660729132355,0.002853273600543438,0.0008516727381328304
76.211,2.004571207853999,0.0028558673487986816,0.0008516109120209059
76.231,2.004576342678031,0.002858461053879209,0.0008515490752458166
76.251,2.0045814773855994,0.0028610547193361063,0.0008514872233221782
76.271,2.0045866119764466,0.0028636483428236058,0.0008514253589195497
76.291,2.0045917464506555,0.0028662419256230533,0.0008513634797475411
76.311,2.0045968808084997,0.0028688354673329277,0.0008513015889913544
76.331,2.004602015049392,0.0028714289676726335,0.0008512396841886538
76.351,2.0046071491735877,0.0028740224269074915,0.0008511777653202601
76.371,2.004612283181306,0.002876615844862501,0.0008511158341000524
76.391,2.004617417072497,0.002879209221477895,0.0008510538899457742
76.411,2.0046225508465882,0.0028818025576916387,0.000850991931306111
76.431,2.0046276845043547,0.0028843958518417747,0.0008509299601115461
76.451,2.0046328180458035,0.0028869891059661516,0.0008508679751051684
76.471,2.004637951469842,0.00288958231767296,0.0008508059778783161
76.491,2.0046430847775256,0.002892175488397746,0.0008507439668375416
76.511,2.0046482179686915,0.0028947686185230234,0.0008506819430736945
76.531,2.004653351042734,0.002897361706726104,0.0008506199049810315
76.551,2.0046584840006267,0.0028999547559406314,0.0008505578533155866
76.571,2.0046636168409773,0.0029025477612589527,0.0008504957895282272
76.591,2.0046687495653446,0.0029051407270711304,0.0008504337115886329
76.611,2.0046738821728356,0.0029077336507804794,0.0008503716216335111
76.631,2.0046790146635325,0.002910326534482025,0.0008503095165480201
76.651,2.004684147037467,0.00291291937691661,0.0008502473999405236
76.671,2.004689279294391,0.0029155121768741346,0.000850185269175352
76.691,2.0046944114350733,0.0029181049371898044,0.0008501231250265529
76.711,2.004699543458451,0.0029206976554130943,0.0008500609687694116
76.731,2.0047046753652182,0.002923290333017799,0.0008499987973638323
76.751,2.00470980715558,0.002925882969073794,0.0008499366140888587
76.771,2.0047149388287147,0.0029284755653658607,0.0008498744160261584
76.791,2.0047200703853667,0.002931068119361489,0.0008498122058395174
76.811,2.0047252018248662,0.0029336606327129205,0.0008497499820570853
76.831,2.0047303331476267,0.0029362531046230383,0.0008496877446823037
76.851,2.0047354643540545,0.002938845535478679,0.0008496254953180016
76.871,2.0047405954429456,0.0029414379253676296,0.000849563231500039
76.891,2.00474572641546,0.002944030274892554,0.0008495009534472964
76.911,2.0047508572711186,0.002946622582764903,0.0008494386639147089
76.931,2.004755988009492,0.002949214848861963,0.000849376360570947
76.951,2.0047611186315617,0.0029518070743910457,0.0008493140440312685
76.971,2.004766249136732,0.002954399259093607,0.0008492517142939526
76.991,2.0047713795247226,0.002956991402666244,0.000849189370618425
77.011,2.0047765097961143,0.00295958350519325,0.0008491270142578777
77.031,2.0047816399505844,0.002962175566428708,0.0008490646445148964
77.051,2.004786769987932,0.0029647675865917163,0.000849002261679277
77.071,2.0047918999086143,0.0029673595655397003,0.0008489398653734048
77.091,2.0047970297122943,0.0029699515031986028,0.0008488774568851942
77.111,2.0048021593988317,0.0029725434004917095,0.000848815032550021
77.131,2.004807288968873,0.00297513525688101,0.0008487525968390308
77.151,2.00481241842182,0.0029777270722931427,0.0008486901465948327
77.171,2.0048175477579706,0.002980318845547011,0.0008486276850259433
77.191,2.0048226769769095,0.0029829105772921785,0.0008485652104664176
77.211,2.0048278060788483,0.0029855022696073054,0.000848502720593336
77.231,2.004832935064093,0.002988093921417995,0.0008484402163346505
77.251,2.0048380639325742,0.002990685530120562,0.0008483777027392392
77.271,2.0048431926835137,0.002993277098907378,0.0008483151730161731
77.291,2.0048483213180317,0.0029958686269247613,0.000848252630337859
77.311,2.0048534498353843,0.002998460114021736,0.0008481900750155202
77.331,2.0048585782356265,0.003001051558999563,0.0008481275070087446
77.351,2.004863706518985,0.003003642963911964,0.0008480649244700655
77.371,2.0048688346850607,0.0030062343281435835,0.0008480023279728854
77.391,2.004873962734611,0.003008825650325316,0.000847939720400287
77.411,2.0048790906665515,0.003011416931741949,0.0008478770984331474
77.431,2.004884218482004,0.00301400817332417,0.0008478144621036077
77.451,2.004889346180216,0.0030165993719022304,0.0008477518152155694
77.471,2.004894473761363,0.0030191905316353214,0.0008476891517524565
77.491,2.004899601225541,0.003021781648166271,0.0008476264787938559
77.511,2.0049047285725896,0.00302437272526409,0.0008475637894503618
77.531,2.0049098558027616,0.0030269637605756182,0.0008475010889844592
77.551,2.0049149829154893,0.0030295547557055496,0.0008474383730426582
77.571,2.0049201099117893,0.0030321457092349307,0.0008473756457906823
77.591,2.0049252367902906,0.003034736622181981,0.0008473129035076743
77.611,2.0049303635519915,0.0030373274935762925,0.0008472501498464069
77.631,2.0049354901968615,0.003039918324849581,0.0008471873815020792
77.651,2.0049406167241055,0.003042509113473625,0.0008471246023344092
77.671,2.004945743134473,0.0030450998620946855,0.0008470618068368574
77.691,2.0049508694281437,0.0030476905709518973,0.0008469989992767601
77.711,2.0049559956040213,0.003050281237293437,0.0008469361790118812
77.731,2.0049611216631407,0.0030528718627814626,0.0008468733444099152
77.751,2.004966247605196,0.003055462447871563,0.0008468104983375135
77.771,2.0049713734298376,0.00305805299192312,0.000846747636672307
77.791,2.004976499137588,0.0030606434946866667,0.0008466847640796193
77.811,2.004981624727721,0.003063233957324783,0.0008466218756272015
77.831,2.0049867502014522,0.003065824378671016,0.0008465589758748227
77.851,2.004991875557142,0.0030684147585538905,0.0008464960620644946
77.871,2.004997000796281,0.003071005097677428,0.0008464331356758947
77.891,2.0050021259180775,0.003073595395881021,0.000846370196049967
77.911,2.005007250922625,0.0030761856534382856,0.0008463072422165152
77.931,2.0050123758099456,0.003078775869842447,0.0008462442758735145
77.951,2.005017500579985,0.0030813660443125266,0.0008461812975211758
77.971,2.0050226252326686,0.0030839561793223422,0.0008461183026471919
77.991,2.005027749769555,0.0030865462737966858,0.0008460552965875723
78.011,2.005032874189445,0.0030891363260766016,0.0008459922779794349
78.031,2.00503799849343,0.003091726337987092,0.0008459292453889822
78.051,2.005043122680929,0.003094316309190646,0.0008458661993199779
78.071,2.0050482467519357,0.0030969062393078903,0.0008458031404882382
78.091,2.005053370706632,0.003099496128893636,0.0008457400676753768
78.111,2.005058494545344,0.0031020859783455227,0.0008456769815305964
78.131,2.0050636182671915,0.003104675785581305,0.0008456138839401661
78.151,2.005068741872981,0.0031072655527106755,0.0008455507722905931
78.171,2.005073865361772,0.0031098552783092176,0.0008454876482039131
78.191,2.0050789887342697,0.0031124449641931062,0.0008454245085817436
78.211,2.0050841119904415,0.003115034608314258,0.000845361358665947
78.231,2.0050892351298417,0.0031176242123425804,0.0008452981929822911
78.251,2.0050943581530682,0.0031202137758902584,0.0008452350142898191
78.271,2.0050994810598626,0.0031228032978420027,0.0008451718242861173
78.291,2.0051046038499907,0.003125392779251649,0.0008451086202609093
78.311,2.0051097265236018,0.0031279822201883832,0.0008450454020307863
78.331,2.005114849080798,0.003130571619443225,0.0008449821727912199
78.351,2.0051199715212267,0.003133160978559808,0.0008449189287799697
78.371,2.00512509384571,0.00313575029755591,0.0008448556713313571
78.391,2.005130216052838,0.0031383395750280785,0.000844792401210881
78.411,2.0051353381439663,0.0031409288118061864,0.0008447291175980864
78.431,2.0051404601186373,0.003143518006814234,0.0008446658228202786
78.451,2.0051455819762216,0.0031461071626909948,0.0008446025119948353
78.471,2.0051507037177623,0.003148696277365,0.0008445391890887777
78.491,2.00515582534253,0.003151285350826471,0.0008444758535047225
78.511,2.005160946850759,0.003153874383986713,0.0008444125038685746
78.531,2.0051660682421235,0.0031564633754125717,0.0008443491419415639
78.551,2.0051711895174527,0.0031590523271411994,0.0008442857666634551
78.571,2.0051763106755396,0.0031616412375869325,0.0008442223775911029
78.591,2.0051814317173666,0.0031642301083979994,0.0008441589746111255
78.611,2.0051865526427077,0.003166818937534864,0.0008440955600306776
78.631,2.005191673451229,0.003169407726119656,0.0008440321316999511
78.651,2.005196794142843,0.003171996472751096,0.0008439686913457867
78.671,2.005201914718474,0.0031745851803365406,0.0008439052355987409
78.691,2.0052070351768885,0.003177173846207298,0.000843841768645659
78.711,2.0052121555189397,0.0031797624727206925,0.0008437782863417176
78.731,2.0052172757442794,0.003182351056828299,0.0008437147931804334
78.751,2.005222395852936,0.0031849396009782987,0.0008436512856529188
78.771,2.00522751584476,0.0031875281038984357,0.0008435877651037371
78.791,2.0052326357203816,0.003190116567481107,0.0008435242315784075
78.811,2.0052377554786323,0.003192704989455079,0.0008434606837511294
78.831,2.005242875120634,0.003195293370006744,0.0008433971245146166
78.851,2.0052479946459534,0.003197881711882877,0.0008433335499429817
78.871,2.0052531140542587,0.0032004700116414764,0.000843269963550275
78.891,2.0052582333460824,0.003203058270333678,0.000843206364511434
78.911,2.0052633525211236,0.0032056464891502172,0.0008431427508935607
78.931,2.0052684715796167,0.003208234666500622,0.0008430791263062676
78.951,2.005273590520997,0.0032108228034467123,0.0008430154864859651
78.971,2.0052787093459115,0.0032134109000869857,0.0008429518345589859
78.991,2.0052838280538996,0.0032159989559421864,0.0008428881686543821
79.011,2.0052889466452464,0.003218586970828481,0.0008428244896764858
79.031,2.005294065119837,0.0032211749453589923,0.0008427607984516083
79.051,2.0052991834775264,0.0032237628784793394,0.0008426970938806011
79.071,2.0053043017184993,0.0032263507721417154,0.0008426333745910342
79.091,2.0053094198428374,0.003228938625467614,0.0008425696423743634
79.111,2.0053145378501234,0.0032315264360451975,0.0008425058997214852
79.131,2.0053196557404256,0.003234114206482141,0.0008424421416264871
79.151,2.0053247735144972,0.00323670193774732,0.0008423783700680643
79.171,2.005329891171424,0.003239289627239259,0.0008423145871938043
79.191,2.0053350087115276,0.0032418772768078976,0.0008422507889992159
79.211,2.005340126134421,0.00324446488452547,0.0008421869788277359
79.231,2.0053452434412433,0.003247052452968368,0.0008421231547568464
79.251,2.0053503606307204,0.0032496399797488024,0.0008420593189265302
79.271,2.0053554777034095,0.003252227465754625,0.0008419954693477116
79.291,2.0053605946592774,0.0032548149122007333,0.0008419316059616599
79.311,2.005365711498463,0.0032574023170665197,0.0008418677304220246
79.331,2.005370828220264,0.0032599896811448276,0.0008418038409790385
79.351,2.005375944825631,0.0032625770064182375,0.0008417399371843937
79.371,2.0053810613139267,0.0032651642892937306,0.0008416760222381969
79.391,2.0053861776854336,0.0032677515314309866,0.0008416120940814287
79.411,2.005391293939832,0.0032703387341541518,0.0008415481514260914
79.431,2.0053964100774775,0.0032729258953468885,0.0008414841965756203
79.451,2.00540152609811,0.00327551301657804,0.0008414202281179228
79.471,2.0054066420020105,0.0032781000969181696,0.0008413562466537405
79.491,2.005411757788588,0.003280687135922696,0.0008412922527682998
79.511,2.0054168734585183,0.0032832741357019333,0.00084122824392735
79.531,2.0054219890113507,0.0032858610936270407,0.0008411642238746464
79.551,2.005427104447248,0.003288448011788328,0.000841100188704591
79.571,2.0054322197663987,0.0032910348882297666,0.0008410361434131597
79.591,2.005437334968355,0.0032936217250413265,0.0008409720822788458
79.611,2.0054424500533394,0.0032962085213299477,0.0008409080089270549
79.631,2.005447565021237,0.0032987952774783855,0.0008408439210752794
79.651,2.005452679872401,0.00330138199098929,0.0008407798231473418
79.671,2.005457794606258,0.0033039686664699335,0.0008407157085527084
79.691,2.0054629092234215,0.003306555300811198,0.0008406515817218352
79.711,2.0054680237234215,0.003309141893609928,0.0008405874428742133
79.731,2.0054731381062347,0.003311728446645543,0.0008405232901541326
79.751,2.0054782523722827,0.003314314958324043,0.0008404591247380966
79.771,2.0054833665210627,0.0033169014297606205,0.0008403949463427762
79.791,2.0054884805529056,0.0033194878601559945,0.0008403307548925099
79.811,2.0054935944678913,0.0033220742503836725,0.000840266550168528
79.831,2.0054987082653084,0.0033246605998879936,0.0008402023324552144
79.851,2.0055038219460166,0.0033272469103274574,0.0008401380991316931
79.871,2.005508935509641,0.0033298331784460244,0.0008400738559244114
79.891,2.005514048956086,0.003332419406671643,0.0008400095977247335
79.911,2.005519162285635,0.003335005594891559,0.0008399453266508539
79.931,2.005524275497863,0.0033375917412559668,0.0008398810440562177
79.951,2.005529388592883,0.0033401778482181317,0.0008398167456610262
79.971,2.0055345015711508,0.0033427639143283824,0.000839752435854324
79.991,2.0055396144319966,0.0033453499386378238,0.0008396881140419754
80.011,2.005544727175814,0.0033479359238005046,0.0008396237770148252
80.031,2.00554983980241,0.0033505218689787665,0.0008395594266181194
80.051,2.0055549523120217,0.003353107772754194,0.0008394950636165521
80.071,2.005560064704373,0.003355693636443724,0.0008394306878617974
80.091,2.0055651769795686,0.003358279458549584,0.0008393662999973961
80.111,2.0055702891374962,0.0033608652411758234,0.0008393018963870902
80.131,2.0055754011784317,0.0033634509826527973,0.0008392374821657722
80.151,2.0055805131022426,0.003366036684431692,0.0008391730527256835
80.171,2.0055856249087793,0.003368622344681816,0.0008391086127658987
80.191,2.0055907365979038,0.00337120796413188,0.0008390441585174324
80.211,2.005595848170278,0.0033737935454371407,0.0008389796890881929
80.231,2.0056009596251125,0.003376379084393733,0.00083891520879667
80.251,2.0056060709626045,0.0033789645826286276,0.0008388507148939517
80.271,2.0056111821832245,0.0033815500416487297,0.0008387862069845764
80.291,2.0056162932865322,0.0033841354598410185,0.0008387216866143632
80.311,2.0056214042721248,0.003386720837109057,0.0008386571527272957
80.331,2.0056265151410195,0.0033893061736676756,0.0008385926061729443
80.351,2.0056316258926308,0.003391891470586392,0.000838528046619158
80.371,2.005636736526898,0.0033944767258400044,0.0008384634745017827
80.391,2.005641847043776,0.0033970619409118543,0.0008383988886744576
80.411,2.0056469574436075,0.003399647116422086,0.0008383342889242418
80.431,2.005652067725685,0.0034022322513241328,0.0008382696763248043
80.451,2.0056571778910657,0.0034048173451607707,0.0008382050514515738
80.471,2.0056622879385997,0.00340740239809943,0.0008381404136013904
80.491,2.005667397869051,0.003409987411356839,0.0008380757614438461
80.511,2.0056725076825437,0.003412572384783978,0.0008380110963428777
80.531,2.0056776173780992,0.003415157315988586,0.0008379464193729869
80.551,2.0056827269569717,0.0034177422087505265,0.0008378817277524819
80.571,2.0056878364177027,0.0034203270599843507,0.0008378170232975213
80.591,2.005692945762029,0.003422911870430957,0.0008377523068089088
80.611,2.0056980549882204,0.003425496641393545,0.0008376875759786018
80.631,2.0057031640974685,0.0034280813719886572,0.0008376228316650525
80.651,2.0057082730891813,0.003430666061212178,0.0008375580758765433
80.671,2.005713381963473,0.003433250709555187,0.000837493306646564
80.691,2.005718490720807,0.0034358353190428364,0.0008374285235232537
80.711,2.0057235993601727,0.003438419886750756,0.0008373637275065904
80.731,2.0057287078827315,0.003441004414894932,0.0008372989189566749
80.751,2.005733816287221,0.0034435889024091787,0.0008372340965567826
80.771,2.00573892457473,0.0034461733491095593,0.0008371692616049864
80.791,2.005744032744888,0.003448757756235983,0.0008371044122499338
80.811,2.005749140797455,0.003451342121760332,0.0008370395522148688
80.831,2.0057542487324054,0.003453926448152566,0.0008369746765069519
80.851,2.0057593565502385,0.0034565107342937407,0.000836909788008322
80.871,2.0057644642504346,0.0034590949792374847,0.0008368448872625445
80.891,2.0057695718333646,0.0034616791836593885,0.0008367799734610715
80.911,2.0057746792984847,0.003464263348386022,0.0008367150457843364
80.931,2.005779786646415,0.0034668474714227683,0.0008366501063684362
80.951,2.0057848938769776,0.003469431555792637,0.0008365851521487666
80.971,2.005790000989829,0.003472015598465311,0.000836520186271561
80.991,2.0057951079851857,0.003474599600978982,0.0008364552068842179
81.011,2.0058002148633247,0.0034771835633683745,0.0008363902145446245
81.031,2.0058053216234857,0.003479767484279562,0.0008363252093754325
81.051,2.005810428266426,0.003482351367808012,0.0008362601882787035
81.071,2.005815534791984,0.0034849352089529003,0.0008361951566600856
81.091,2.005820641199827,0.003487519009551298,0.0008361301122669362
81.111,2.005825747490169,0.0034901027691690424,0.0008360650552405868
81.131,2.0058308536626748,0.0034926864897545837,0.0008359999826314801
81.151,2.0058359597183437,0.003495270169921731,0.0008359348979417591
81.171,2.005841065655888,0.003497853808857497,0.0008358698018830768
81.191,2.005846171475652,0.003500437407871355,0.0008358046906354888
81.211,2.005851277178496,0.003503020967168642,0.0008357395657841993
81.231,2.005856382763358,0.0035056044854199454,0.000835674429478489
81.251,2.005861488230852,0.0035081879638030012,0.0008356092790195446
81.271,2.00586659358073,0.0035107714008451975,0.0008355441176852441
81.291,2.005871698812634,0.003513354798334433,0.0008354789407249152
81.311,2.0058768039274044,0.0035159381552769863,0.0008354137518461757
81.331,2.005881908924096,0.0035185214716244168,0.0008353485497941959
81.351,2.0058870138037705,0.0035211047486514244,0.0008352833337176291
81.371,2.00589211856536,0.003523687985359901,0.0008352181048409679
81.391,2.0058972232093177,0.003526271179601201,0.0008351528646450834
81.411,2.0059023277357344,0.0035288543351634717,0.0008350876097256432
81.431,2.005907432144496,0.0035314374501623155,0.0008350223420431346
81.451,2.0059125364355572,0.0035340205257001463,0.0008349570604692658
81.471,2.0059176406091033,0.003536603560714781,0.0008348917656386678
81.491,2.0059227446647943,0.00353918655398413,0.0008348264595932631
81.511,2.005927848602669,0.0035417695078636393,0.0008347611390329135
81.531,2.0059329524231697,0.0035443524224977327,0.0008346958049161024
81.551,2.0059380561259466,0.003546935294970455,0.0008346304599586296
81.571,2.0059431597107666,0.003549518127806635,0.0008345651002133192
81.591,2.0059482631782592,0.0035521009213345927,0.0008344997266938603
81.611,2.00595336652775,0.0035546836730627565,0.0008344343428111356
81.631,2.005958469759275,0.0035572663859664813,0.0008343689417167066
81.651,2.005963572873802,0.003559849057578298,0.0008343035312877167
81.671,2.0059686758698425,0.0035624316878622967,0.0008342381072845295
81.691,2.0059737787483902,0.0035650142803401235,0.0008341726683350204
81.711,2.0059788815093373,0.0035675968316214975,0.0008341072165400087
81.731,2.005983984152463,0.003570179341827722,0.0008340417537943956
81.751,2.005989086677629,0.003572761812506326,0.0008339762752345437
81.771,2.00599418908551,0.0035753442429451573,0.0008339107860032002
81.791,2.0059992913750078,0.003577926632279231,0.0008338452825056852
81.811,2.0060043935469163,0.0035805089817011406,0.0008337797669391855
81.831,2.00600949560093,0.0035830912912776037,0.000833714236579991
81.851,2.0060145975373724,0.0035856735609199825,0.0008336486936269816
81.871,2.0060196993559583,0.0035882557904024035,0.0008335831371930058
81.891,2.0060248010564465,0.003590837979158697,0.0008335175680103946
81.911,2.006029902639547,0.003593420127388261,0.0008334519875569657
81.931,2.0060350041042843,0.003596002235718169,0.0008333863917764361
81.951,2.0060401054518096,0.003598584303545372,0.0008333207843368995
81.971,2.0060452066807,0.00360116633119531,0.000833255162939528
81.991,2.0060503077923437,0.003603748318670939,0.0008331895283608393
82.011,2.006055408785976,0.003606330266394643,0.0008331238815701691
82.031,2.006060509661254,0.003608912172532472,0.0008330582211975024
82.051,2.0060656104198227,0.0036114940405091375,0.0008329925472924382
82.071,2.006070711059114,0.003614075865715197,0.0008329268621981856
82.091,2.0060758115814,0.0036166576539977133,0.0008328611600476044
82.111,2.0060809119855407,0.003619239400366266,0.0008327954477119481
82.131,2.0060860122716084,0.003621821105713235,0.0008327297224366426
82.151,2.0060911124402567,0.0036244027721844176,0.0008326639833191873
82.171,2.0060962124902555,0.0036269843959205626,0.000832598233341364
82.191,2.0061013124229494,0.003629565982659775,0.0008325324665530709
82.211,2.0061064122375014,0.0036321475271750307,0.0008324666902964628
82.231,2.0061115119337978,0.0036347290327682956,0.0008324008978653763
82.251,2.0061166115124216,0.0036373104973681366,0.0008323350939143936
82.271,2.0061217109730407,0.0036398919229800293,0.0008322692756897176
82.291,2.0061268103157266,0.003642473306973971,0.0008322034458572436
82.311,2.006131909540477,0.0036450546510663423,0.0008321376027272398
82.331,2.006137008647243,0.0036476359555971533,0.000832071746299734
82.351,2.006142107635735,0.003650217219081685,0.0008320058766823346
82.371,2.0061472065063337,0.0036527984429567282,0.0008319399939993588
82.391,2.0061523052590853,0.0036553796267844016,0.0008318740978151273
82.411,2.006157403893898,0.0036579607706470653,0.0008318081890689999
82.431,2.006162502410349,0.0036605418729660872,0.0008317422682594666
82.451,2.006167600808947,0.0036631229370536226,0.0008316763326522703
82.471,2.0061726990894666,0.0036657039593113953,0.000831610385003595
82.491,2.006177797251975,0.003668284942685447,0.0008315444229010371
82.511,2.0061828952965652,0.0036708658850201016,0.0008314784501623484
82.531,2.006187993223008,0.0036734467873228553,0.0008314124633774789
82.551,2.006193091030984,0.003676027649873689,0.000831346462521837
82.571,2.0061981887214237,0.0036786084723852914,0.0008312804487551617
82.591,2.0062032862935997,0.0036811892547116178,0.00083121442250228
82.611,2.0062083837477607,0.00368376999576335,0.0008311483842397549
82.631,2.0062134810835004,0.003686350698785506,0.0008310823305027748
82.651,2.0062185783014765,0.0036889313607428443,0.0008310162637315543
82.671,2.006223675401609,0.0036915119823018984,0.0008309501869218916
82.691,2.006228772382811,0.003694092563298397,0.0008308840951264385
82.711,2.006233869246518,0.0036966731045749157,0.0008308179903010193
82.731,2.0062389659917454,0.0036992536056583043,0.0008307518733142172
82.751,2.006244062618962,0.003701834066906523,0.0008306857416176816
82.771,2.006249159127932,0.003704414487903033,0.0008306195982093201
82.791,2.0062542555192455,0.003706994868971583,0.0008305534414426163
82.811,2.006259351791698,0.003709575208493734,0.0008304872727750712
82.831,2.006264447946459,0.003712155510681985,0.0008304210876783624
82.851,2.006269543982763,0.0037147357706073057,0.0008303548932031002
82.871,2.0062746399009708,0.0037173159908182813,0.0008302886839922641
82.891,2.006279735701239,0.003719896170198588,0.0008302224637841138
82.911,2.0062848313826156,0.0037224763113846873,0.0008301562267968854
82.931,2.0062899269465313,0.0037250564113722098,0.0008300899791143512
82.951,2.006295022391805,0.003727636471700757,0.0008300237177771841
82.971,2.0063001177186783,0.0037302164917721575,0.0008299574423774325
82.991,2.0063052129279675,0.003732796472335708,0.0008298911557268474
83.011,2.006310308018504,0.00373537641151371,0.0008298248556563859
83.031,2.0063154029910235,0.003737956311505073,0.0008297585421090936
83.051,2.006320497845119,0.003740536171860672,0.0008296922146114882
83.071,2.0063255925809598,0.0037431159918307278,0.0008296258744989737
83.091,2.0063306871989686,0.003745695771674706,0.00082955952219671
83.111,2.006335781698015,0.0037482755096098974,0.0008294931589597765
83.131,2.0063408760792028,0.003750855210084194,0.0008294267782010534
83.151,2.006345970341966,0.0037534348695231366,0.00082936038711795
83.171,2.0063510644864215,0.0037560144891108493,0.0008292939817666489
83.191,2.0063561585126255,0.003758594067450043,0.0008292275654867565
83.211,2.0063612524206063,0.0037611736079631386,0.0008291611329355464
83.231,2.00636634620997,0.0037637531070947297,0.0008290946896410134
83.251,2.0063714398813484,0.003766332565763303,0.0008290282329603549
83.271,2.0063765334340777,0.0037689119854412054,0.0008289617625986678
83.291,2.0063816268687416,0.003771491364551539,0.0008288952797152749
83.311,2.006386720184805,0.0037740707043077146,0.0008288287829412988
83.331,2.0063918133827245,0.0037766500023010234,0.0008287622751944335
83.351,2.0063969064623017,0.003779229261584453,0.0008286957528652605
83.371,2.0064019994233164,0.003781808481297764,0.0008286292174950194
83.391,2.0064070922661292,0.003784387660665173,0.0008285626684492453
83.411,2.006412184990388,0.0037869667994924645,0.000828496108490645
83.431,2.0064172775960207,0.003789545898516338,0.0008284295332096903
83.451,2.0064223700840116,0.0037921249574391453,0.0008283629467596976
83.471,2.0064274624527747,0.003794703975895639,0.0008282963471704097
83.491,2.0064325547033364,0.003797282955003003,0.000828229733097513
83.511,2.0064376468356593,0.0037998618951133843,0.0008281631051643978
83.531,2.006442738849921,0.003802440794116869,0.0008280964667509716
83.551,2.0064478307447695,0.0038050196522062267,0.0008280298154443866
83.571,2.006452922521921,0.0038075984723521293,0.000827963148414379
83.591,2.006458014180406,0.0038101772510340634,0.0008278964707699454
83.611,2.0064631057203752,0.0038127559901625953,0.0008278297787732702
83.631,2.0064681971418796,0.003815334689438614,0.0008277630738828257
83.651,2.0064732884451812,0.003817913348310587,0.0008276963571733076
83.671,2.0064783796295207,0.0038204919677901367,0.0008276296260997795
83.691,2.006483470695691,0.0038230705461496655,0.000827562883458477
83.711,2.0064885616431916,0.00382564908610603,0.0008274961263268488
83.731,2.006493652472265,0.003828227584790441,0.0008274293570262325
83.751,2.0064987431828527,0.0038308060443306502,0.000827362574094409
83.771,2.0065038337749224,0.003833384463935851,0.0008272957781751966
83.791,2.0065089242481484,0.00383596284234407,0.000827228969504934
83.811,2.0065140146033036,0.0038385411831744227,0.0008271621470876955
83.831,2.0065191048397484,0.003841119482634309,0.0008270953117724689
83.851,2.0065241949575428,0.0038436977418257385,0.0008270284647320936
83.871,2.006529284956875,0.003846275961912093,0.0008269616031603144
83.891,2.0065343748377047,0.00384885414047204,0.0008268947316558417
83.911,2.0065394645997263,0.0038514322807366975,0.0008268278428633091
83.931,2.0065445542433835,0.003854010380539322,0.0008267609439123191
83.951,2.006549643768315,0.003856588440856433,0.0008266940299320735
83.971,2.006554733174641,0.0038591664596523455,0.0008266271060611563
83.991,2.006559822462444,0.0038617444402835373,0.0008265601657080623
84.011,2.0065649116317683,0.0038643223804837343,0.0008264932143143833
84.031,2.0065700006819562,0.003866900279847324,0.0008264262497273966
84.051,2.006575089614004,0.003869478141479865,0.0008263592695181565
84.071,2.0065801784272916,0.0038720559616061013,0.0008262922792678651
84.091,2.0065852671219644,0.003874633741579259,0.0008262252757739452
84.111,2.006590355697868,0.003877211482436005,0.0008261582586752692
84.131,2.0065954441553906,0.0038797891827691304,0.0008260912292359646
84.151,2.006600532493863,0.0038823668429148785,0.0008260241869257612
84.171,2.006605620713946,0.003884944464802517,0.0008259571291918677
84.191,2.0066107088150895,0.003887522045901209,0.0008258900598208385
84.211,2.00661579679795,0.003890099586513991,0.0008258229788181692
84.231,2.0066208846618765,0.003892677087253871,0.0008257558846945234
84.251,2.006625972406926,0.003895254549152385,0.0008256887752755293
84.271,2.006631060033472,0.0038978319699035117,0.0008256216550056317
84.291,2.0066361475411787,0.003900409351653365,0.000825554520475974
84.311,2.006641234930194,0.003902986693325507,0.0008254873729152679
84.331,2.0066463222007513,0.0039055639957549706,0.0008254202122359722
84.351,2.0066514093521883,0.003908141257367097,0.0008253530401203801
84.371,2.006656496384943,0.003910718478922631,0.000825285853822133
84.391,2.0066615832990307,0.003913295660656151,0.0008252186552799301
84.411,2.0066666700943503,0.003915872803202579,0.0008251514432404405
84.431,2.0066717567710124,0.003918449905777263,0.0008250842178578466
84.451,2.006676843328631,0.003921026967996106,0.0008250169804704388
84.471,2.0066819297676437,0.003923603991076513,0.0008249497281914708
84.491,2.0066870160879957,0.0039261809740044964,0.0008248824648523223
84.511,2.006692102289262,0.003928757916706803,0.0008248151877502385
84.531,2.0066971883718856,0.003931334819660518,0.0008247478980329126
84.551,2.0067022743356424,0.003933911683551527,0.0008246805939786661
84.571,2.006707360180622,0.003936488507537984,0.0008246132775933668
84.591,2.0067124459067367,0.003939065291105155,0.0008245459489205076
84.611,2.006717531513851,0.003941642034917092,0.0008244786065049192
84.631,2.006722617002467,0.0039442187393164555,0.0008244112513377533
84.651,2.0067277023719736,0.003946795402410769,0.0008243438843450746
84.671,2.00673278762264,0.003949372026940578,0.0008242765027742516
84.691,2.0067378727544365,0.003951948612328911,0.0008242091073876467
84.711,2.0067429577675653,0.003954525157063994,0.0008241417012499197
84.731,2.0067480426614908,0.003957101661595991,0.0008240742810777524
84.751,2.0067531274368724,0.003959678127358018,0.0008240068477724793
84.771,2.006758212092857,0.003962254552065113,0.0008239394016163193
84.791,2.006763296630562,0.003964830937797864,0.0008238719427028363
84.811,2.0067683810488464,0.003967407282973437,0.0008238044713478332
84.831,2.0067734653485108,0.003969983589720819,0.0008237369854986465
84.851,2.0067785495289496,0.003972559855001915,0.0008236694883522744
84.871,2.006783633590676,0.003975136081620847,0.0008236019769292668
84.891,2.0067887175334596,0.003977712268822363,0.0008235344527545152
84.911,2.00679380135717,0.003980288415198077,0.0008234669154632002
84.931,2.006798885062326,0.003982864522406407,0.0008233993660529682
84.951,2.006803968647962,0.003985440589419426,0.0008233318028893766
84.971,2.006809052114788,0.003988016616535258,0.0008232642275817215
84.991,2.0068141354628466,0.003990592604770022,0.0008231966374963873
85.011,2.00681921869178,0.003993168553190666,0.0008231290356755516
85.031,2.006824301801523,0.003995744460547251,0.0008230614214678467
85.051,2.0068293847924474,0.003998320328685949,0.0008229937934174647
85.071,2.0068344676645595,0.0040008961578829215,0.000822926152505038
85.091,2.006839550417456,0.004003471946735442,0.000822858498442991
85.111,2.0068446330514194,0.004006047695356425,0.0008227908325898203
85.131,2.0068497155659,0.004008623405028547,0.0008227231517992928
85.151,2.0068547979618874,0.004011199074359628,0.0008226554592379032
85.171,2.006859880238569,0.004013774704102767,0.0008225877541903626
85.191,2.0068649623962886,0.004016350294824178,0.0008225200343830175
85.211,2.0068700444352676,0.004018925845414702,0.0008224523026104102
85.231,2.006875126354292,0.004021501355214405,0.0008223845588226919
85.251,2.0068802081551436,0.004024076827382459,0.0008223167995943526
85.271,2.0068852898364287,0.0040266522582144085,0.0008222490294368945
85.291,2.0068903713987694,0.004029227649228695,0.0008221812466251699
85.311,2.006895452841734,0.004031803000696394,0.0008221134497955751
85.331,2.006900534166053,0.004034378313333448,0.0008220456400521436
85.351,2.006905615371032,0.00403695358508826,0.0008219778180463821
85.371,2.006910696456723,0.004039528817986401,0.0008219099820533926
85.391,2.006915777423357,0.004042104010585279,0.0008218421332872039
85.411,2.006920858271254,0.00404467916402962,0.0008217742724956623
85.431,2.0069259389994074,0.004047254277353185,0.000821706397521188
85.451,2.0069310196087997,0.0040498293513202745,0.0008216385099262813
85.471,2.0069361000988857,0.004052404385262289,0.0008215706104555964
85.491,2.0069411804697737,0.004054979380447047,0.0008215026951540472
85.511,2.0069462607216435,0.004057554334444163,0.0008214347705133296
85.531,2.0069513408541373,0.0040601292499429995,0.0008213668298704402
85.551,2.0069564208677746,0.0040627041252535535,0.000821298878514648
85.571,2.0069615007617827,0.004065278960262226,0.0008212309136954032
85.591,2.006966580536723,0.004067853756320393,0.0008211629347899818
85.611,2.0069716601927023,0.004070428512317748,0.0008210949448058391
85.631,2.0069767397290654,0.004073003228845745,0.0008210269409611171
85.651,2.0069818191465734,0.004075577905599139,0.0008209589234845216
85.671,2.006986898444587,0.004078152543084497,0.0008208908932299253
85.691,2.0069919776235814,0.004080727141045752,0.0008208228500095061
85.711,2.006997056682945,0.004083301698571466,0.0008207547944824034
85.731,2.007002135623392,0.004085876216567849,0.0008206867257665729
85.751,2.0070072144444957,0.004088450695143369,0.0008206186442186736
85.771,2.0070122931461714,0.004091025133901633,0.0008205505495080256
85.791,2.0070173717285504,0.004093599533847635,0.0008204824404707545
85.811,2.007022450191773,0.004096173893563912,0.0008204143200005176
85.831,2.0070275285358403,0.004098748214503901,0.0008203461851766514
85.851,2.0070326067603794,0.00410132249463672,0.0008202780390081377
85.871,2.0070376848655234,0.004103896734893709,0.0008202098791984802
85.891,2.007042762851715,0.00410647093561088,0.0008201417076975637
85.911,2.007047840718323,0.004109045097851641,0.000820073521125203
85.931,2.007052918465857,0.004111619218530846,0.0008200053243783145
85.951,2.0070579960934807,0.004114193300680015,0.0008199371125147126
85.971,2.0070630736022976,0.004116767344200023,0.0008198688872267379
85.991,2.007068150991365,0.004119341347689213,0.0008198006486314635
86.011,2.00707322826164,0.004121915310147211,0.0008197324004670103
86.031,2.007078305411939,0.004124489233675563,0.000819664136984255
86.051,2.0070833824430467,0.00412706311812458,0.0008195958597710107
86.071,2.007088459355003,0.00412963696337275,0.0008195275703551108
86.091,2.0070935361471163,0.004132210767132893,0.0008194592694147906
86.111,2.0070986128203065,0.004134784532874663,0.0008193909535019195
86.131,2.0071036893738357,0.004137358258648322,0.0008193226262261377
86.151,2.007108765807932,0.004139931944833763,0.0008192542847067219
86.171,2.0071138421227643,0.004142505591469524,0.0008191859312342009
86.191,2.007118918317852,0.004145079198185513,0.0008191175641291959
86.211,2.007123994394164,0.004147652765678215,0.0008190491851811088
86.231,2.0071290703500124,0.0041502262930168355,0.0008189807922704961
86.251,2.0071341461871626,0.004152799782457782,0.0008189123843716228
86.271,2.0071392219045436,0.004155373230633308,0.0008188439674973735
86.291,2.0071442975027027,0.004157946639106305,0.0008187755364582605
86.311,2.0071493729810688,0.004160520009316937,0.0008187070910724847
86.331,2.0071544483401027,0.004163093339017265,0.0008186386333704221
86.351,2.007159523579809,0.004165666629887386,0.000818570162992388
86.371,2.007164598699619,0.0041682398802381174,0.000818501679898137
86.391,2.0071696737002727,0.004170813091484706,0.0008184331836045
86.411,2.007174748581219,0.004173386263031891,0.0008183646745335005
86.431,2.0071798233427143,0.004175959395180895,0.0008182961520631638
86.451,2.007184897984952,0.004178532487987212,0.0008182276173369085
86.471,2.007189972507031,0.0041811055407539035,0.0008181590691964669
86.491,2.007195046910059,0.0041836785545381235,0.0008180905076590195
86.511,2.0072001211933137,0.004186251528403491,0.0008180219342502626
86.531,2.0072051953573875,0.004188824463395259,0.0008179533469195865
86.551,2.0072102694013108,0.004191397358089804,0.0008178847470559636
86.571,2.007215343325972,0.004193970213547992,0.0008178161344689627
86.591,2.007220417130878,0.004196543029855246,0.0008177475075488161
86.611,2.0072254908166096,0.004199115805202483,0.0008176788708217364
86.631,2.0072305643820156,0.004201688542829683,0.0008176102176420952
86.651,2.0072356378287948,0.004204261240569261,0.0008175415532431229
86.671,2.0072407111550046,0.004206833897597507,0.0008174728768165773
86.691,2.007245784362229,0.004209406515575588,0.0008174041864673631
86.711,2.0072508574494616,0.004211979093663743,0.0008173354843022951
86.731,2.0072559304170676,0.004214551633402088,0.0008172667669981148
86.751,2.0072610032653895,0.00421712413330326,0.0008171980379637622
86.771,2.007266075993913,0.004219696593388798,0.0008171292964743171
86.791,2.007271148602523,0.004222269014926701,0.0008170605402273434
86.811,2.007276221091755,0.004224841395950229,0.0008169917727944565
86.831,2.0072812934609554,0.004227413737261176,0.0008169229920494403
86.851,2.0072863657109417,0.004229986039978272,0.0008168541979342581
86.871,2.0072914378408977,0.0042325583025646695,0.0008167853919284485
86.891,2.0072965098513733,0.004235130525859852,0.0008167165720245062
86.911,2.0073015817420403,0.004237702709408094,0.0008166477401524985
86.931,2.0073066535130217,0.004240274853880942,0.0008165788943996222
86.951,2.007311725164335,0.004242846958838701,0.0008165100366251954
86.971,2.007316796695554,0.004245419024124577,0.0008164411648082237
86.991,2.007321868107547,0.0042479910508202165,0.0008163722801121376
87.011,2.007326939399416,0.004250563036983623,0.0008163033829827193
87.031,2.0073320105716754,0.00425313498405011,0.0008162344722799642
87.051,2.007337081624342,0.004255706892269406,0.0008161655494796916
87.071,2.007342152557017,0.004258278759592284,0.0008160966145055459
87.091,2.0073472233696994,0.004260850588749732,0.0008160276639290753
87.111,2.00735229406326,0.004263422377659051,0.0008159587038616412
87.131,2.007357364636586,0.004265994127281859,0.0008158897293661371
87.151,2.007362435090116,0.004268565837291649,0.0008158207420834451
87.171,2.007367505423872,0.004271137508394685,0.0008157517410417314
87.191,2.0073725756380605,0.004273709139809482,0.0008156827278867351
87.211,2.0073776457320327,0.004276280731759346,0.0008156137011936238
87.231,2.0073827157065067,0.004278852284181378,0.0008155446628602125
87.251,2.007387785560809,0.004281423798096065,0.0008154756091523496
87.271,2.007392855295793,0.004283995271697892,0.0008154065446023262
87.291,2.0073979249105363,0.004286566706464686,0.0008153374664080226
87.311,2.0074029944054668,0.004289138100334032,0.0008152683768212488
87.331,2.0074080637804093,0.004291709456145968,0.0008151992725389245
87.351,2.007413133035781,0.004294280772948764,0.0008151301548810219
87.371,2.0074182021710034,0.004296852050327051,0.0008150610242559642
87.391,2.007423271186668,0.00429942328739547,0.0008149918828076197
87.411,2.007428340081955,0.004301994484887121,0.0008149227264498404
87.431,2.007433408857893,0.004304565643388089,0.0008148535590412898
87.451,2.007438477513533,0.004307136762212717,0.0008147843778164021
87.471,2.007443546049443,0.0043097078425490135,0.0008147151833047817
87.491,2.0074486144653156,0.004312278882831552,0.0008146459763666569
87.511,2.007453682761127,0.004314849883263021,0.0008145767560033268
87.531,2.0074587509372055,0.004317420845466368,0.0008145075230117649
87.551,2.007463818993301,0.004319991767308011,0.0008144382777224568
87.571,2.007468886929464,0.004322562650453969,0.0008143690183985974
87.591,2.007473954745837,0.004325133493416781,0.0008142997479953229
87.611,2.0074790224418457,0.004327704296779303,0.0008142304636369613
87.631,2.0074840900182567,0.004330275062486795,0.000814161165670263
87.651,2.0074891574743496,0.004332845786997769,0.000814091856897875
87.671,2.0074942248103813,0.004335416472564137,0.0008140225322637862
87.691,2.007499292027126,0.0043379871210699,0.0008139531956023738
87.711,2.007504359122896,0.004340557727552519,0.0008138838467659226
87.731,2.0075094260993773,0.004343128295418975,0.0008138144848420237
87.751,2.007514492955461,0.004345698823688739,0.0008137451108612415
87.771,2.00751955969173,0.004348269313229739,0.000813675722512841
87.791,2.007524626307902,0.004350839762552591,0.0008136063231873603
87.811,2.0075296928037307,0.00435341017400485,0.0008135369082100941
87.831,2.0075347591798707,0.004355980544400278,0.0008134674824467891
87.851,2.0075398254358676,0.004358550876171731,0.0008133980437040889
87.871,2.0075448915716385,0.004361121168891722,0.0008133285910976173
87.891,2.0075499575875613,0.00436369142221711,0.0008132591257659916
87.911,2.007555023483216,0.004366261636326013,0.000813189647856899
87.931,2.0075600892588077,0.004368831810521113,0.0008131201572714741
87.951,2.007565154914468,0.004371401945188815,0.0008130506543747029
87.971,2.0075702204498116,0.0043739720416644985,0.0008129811369910755
87.991,2.0075752858652374,0.004376542098644338,0.0008129116075611953
88.011,2.00758035116019,0.004379112115588749,0.0008128420648763901
88.031,2.0075854163354263,0.004381682095169827,0.0008127725078150572
88.051,2.00759048139028,0.0043842520332887085,0.000812702940557547
88.071,2.00759554632518,0.004386821932069812,0.0008126333604273062
88.091,2.0076006111397526,0.004389391792627352,0.000812563765704738
88.111,2.0076056758340646,0.00439196161295108,0.0008124941594808976
88.131,2.007610740408304,0.004394531394825374,0.0008124245386604279
88.151,2.007615804863047,0.00439710113748462,0.0008123549066977598
88.171,2.007620869196365,0.004399670839330154,0.0008122852618444865
88.191,2.007625933410397,0.00440224050422618,0.0008122156018708082
88.211,2.0076309975038806,0.004404810128026255,0.0008121459318812252
88.231,2.007636061477207,0.004407379713327936,0.0008120762471843512
88.251,2.0076411253302173,0.004409949258585922,0.0008120065508870344
88.271,2.007646189063222,0.004412518765947391,0.0008119368397592197
88.291,2.0076512526758146,0.004415088233287658,0.0008118671173059644
88.311,2.0076563161682524,0.004417657660862318,0.000811797382354873
88.331,2.007661379540434,0.004420227049744508,0.0008117276330859569
88.351,2.007666442792455,0.004422796399501591,0.0008116578720107348
88.371,2.0076715059240993,0.004425365708838659,0.0008115880987047963
88.391,2.007676568935497,0.004427934981001011,0.0008115183102287982
88.411,2.007681631826787,0.004430504212456046,0.0008114485105306934
88.431,2.0076866945974836,0.004433073405050082,0.0008113786976772508
88.451,2.0076917572482755,0.004435642558757027,0.0008113088713960215
88.471,2.0076968197782312,0.004438211672127527,0.000811239033578437
88.491,2.0077018821882273,0.004440780746873494,0.0008111691816675703
88.511,2.0077069444781683,0.004443349783469055,0.0008110993165032221
88.531,2.0077120066473824,0.004445918779641459,0.0008110294397869477
88.551,2.007717068696298,0.004448487736976673,0.0008109595491324895
88.571,2.007722130624955,0.004451056654323119,0.0008108896461451465
88.591,2.0077271924333444,0.004453625533687564,0.0008108197300776276
88.611,2.0077322541212306,0.0044561943727084614,0.0008107498013937287
88.631,2.007737315688876,0.004458763172923487,0.0008106798602040832
88.651,2.007742377135955,0.004461331933779745,0.000810609905689319
88.671,2.0077474384630474,0.004463900656783018,0.0008105399374135625
88.691,2.007752499669301,0.004466469338606665,0.0008104699575449681
88.711,2.0077575607555445,0.004469037982232634,0.0008103999640665382
88.731,2.007762621721246,0.004471606586232847,0.0008103299589479751
88.751,2.007767682566576,0.004474175151257659,0.0008102599399646138
88.771,2.007772743291211,0.004476743678085325,0.0008101899070188101
88.791,2.00777780389589,0.004479312164663152,0.0008101198619130667
88.811,2.007782864379889,0.004481880612044232,0.0008100498052141802
88.831,2.0077879247434827,0.004484449020215238,0.0008099797348154747
88.851,2.007792984986644,0.004487017389062809,0.0008099096526928418
88.871,2.0077980451091686,0.004489585720136152,0.0008098395541893677
88.891,2.0078031051116865,0.004492154011264395,0.0008097694457622207
88.911,2.0078081649932784,0.004494722262151334,0.0008096993249116502
88.931,2.0078132247545,0.004497290474417465,0.000809629189833877
88.951,2.007818284395583,0.004499858648621083,0.0008095590414295417
88.971,2.0078233439157365,0.004502426781833727,0.0008094888821889856
88.991,2.0078284033157217,0.0045049948775082805,0.0008094187089133231
89.011,2.0078334625947227,0.0045075629315951115,0.0008093485242045284
89.031,2.0078385217537584,0.004510130949246244,0.0008092783239444512
89.051,2.0078435807922124,0.004512698927386274,0.0008092081115670391
89.071,2.0078486397098727,0.004515266865901359,0.0008091378868298749
89.091,2.0078536985070436,0.0045178347643454195,0.0008090676503768601
89.111,2.007858757183932,0.004520402624632158,0.0008089973998262057
89.131,2.0078638157400417,0.004522970445865335,0.0008089271363736772
89.151,2.007868874175506,0.004525538228335135,0.0008088568591280987
89.171,2.0078739324908135,0.00452810597050368,0.0008087865714607456
89.191,2.007878990685067,0.004530673674011887,0.0008087162693472816
89.211,2.0078840487588643,0.004533241338327408,0.0008086459551490122
89.231,2.00788910671214,0.004535808964075965,0.0008085756267008359
89.251,2.0078941645449,0.004538376550774191,0.0008085052859233277
89.271,2.0078992222570036,0.004540944096471488,0.0008084349350356845
89.291,2.007904279848537,0.004543511605240593,0.0008083645673274131
89.311,2.007909337319328,0.0045460790744703905,0.0008082941889833439
89.331,2.0079143946694744,0.0045486465039460055,0.000808223797014257
89.351,2.00791945189922,0.004551213894736575,0.0008081533924004791
89.371,2.0079245090081344,0.004553781246628745,0.0008080829746455187
89.391,2.0079295659964442,0.004556348558852333,0.0008080125451506992
89.411,2.0079346228640382,0.00455891583282927,0.0008079421008086174
89.431,2.0079396796109106,0.004561483066617687,0.0008078716453386869
89.451,2.007944736237685,0.0045640502623680995,0.0008078011763534565
89.471,2.0079497927429415,0.004566617417599983,0.0008077306961375152
89.491,2.0079548491280694,0.004569184534330195,0.0008076602015287815
89.511,2.0079599053921893,0.004571751613117294,0.000807589692737587
89.531,2.0079649615357478,0.004574318651381148,0.0008075191738967924
89.551,2.0079700175584896,0.004576885651760754,0.0008074486395537039
89.571,2.007975073460761,0.004579452612849007,0.0008073780939639175
89.591,2.007980129241915,0.0045820195345889735,0.0008073075346491376
89.611,2.0079851849028745,0.004584586417709873,0.0008072369630283405
89.631,2.007990240442725,0.00458715326059385,0.0008071663798621675
89.651,2.007995295861492,0.004589720064978002,0.0008070957816099511
89.671,2.008000351160398,0.00459228683131603,0.0008070251711701781
89.691,2.008005406338055,0.004594853557544651,0.0008069545493742114
89.711,2.008010461394846,0.004597420244645426,0.0008068839132385763
89.731,2.008015516330821,0.004599986893329504,0.0008068132643380965
89.751,2.0080205711462082,0.0046025535019590695,0.0008067426036231229
89.771,2.008025625840479,0.004605120072726685,0.0008066719285669266
89.791,2.0080306804144086,0.004607686604807816,0.0008066012403299683
89.811,2.008035734867293,0.004610253096172615,0.0008065305425077329
89.831,2.0080407891993617,0.004612819549509009,0.0008064598288868852
89.851,2.008045843410695,0.004615385963932141,0.0008063891031502846
89.871,2.0080508975012417,0.004617952338114781,0.000806318366287001
89.891,2.0080559514706313,0.004620518674428021,0.0008062476147945308
89.911,2.0080610053193575,0.004623084971682286,0.0008061768501260447
89.931,2.0080660590471813,0.004625651230779477,0.0008061060718798085
89.951,2.0080711126543926,0.004628217449783628,0.0008060352825582928
89.971,2.0080761661404507,0.0046307836305132044,0.000805964479291349
89.991,2.0080812195056446,0.004633349770306706,0.0008058936650360282
90.011,2.0080862727502105,0.00463591587265182,0.0008058228371117804
90.031,2.0080913258736097,0.004638481936235203,0.000805751995125531
90.051,2.0080963788761217,0.004641047959412536,0.0008056811427090971
90.071,2.008101431757706,0.0046436139446039875,0.0008056102755288341
90.091,2.008106484518762,0.00464617989105949,0.0008055393957388801
90.111,2.008111537158477,0.004648745798439385,0.0008054685035387421
90.131,2.008116589677169,0.004651311666459196,0.0008053975978283834
90.151,2.0081216420755466,0.004653877496250033,0.0008053266799696035
90.171,2.0081266943521285,0.004656443285962311,0.000805255749236844
90.191,2.0081317465083233,0.004659009036738817,0.0008051848056362387
90.211,2.008136798543375,0.004661574749577018,0.0008051138492135013
90.231,2.008141850457486,0.004664140422621246,0.0008050428805426724
90.251,2.0081469022507754,0.004666706057202105,0.000804971897918838
90.271,2.008151953922724,0.00466927165241985,0.0008049009024265474
90.291,2.008157005474153,0.004671837209434234,0.0008048298952002264
90.311,2.0081620569038,0.004674402725687638,0.0008047588749761081
90.331,2.008167108213242,0.0046769682050136225,0.0008046878407654001
90.351,2.008172159401528,0.00467953364469869,0.0008046167952334149
90.371,2.008177210468435,0.004682099045193854,0.0008045457360811026
90.391,2.0081822614148486,0.004684664407200603,0.0008044746643190159
90.411,2.008187312239684,0.004687229729281203,0.0008044035804088134
90.431,2.0081923629435363,0.004689795013614042,0.0008043324817390285
90.451,2.0081974135265708,0.004692360259465847,0.0008042613710747548
90.471,2.00820246398855,0.0046949254646822605,0.0008041902489777375
90.491,2.0082075143292664,0.004697490631035769,0.0008041191138813963
90.511,2.0082125645489697,0.004700055759297071,0.0008040479647148935
90.531,2.0082176146476005,0.00470262084795063,0.0008039768043489881
90.551,2.0082226646249244,0.00470518589839885,0.000803905629183671
90.571,2.0082277144813814,0.004707750910912198,0.0008038344407816644
90.591,2.00823276421678,0.004710315882845548,0.0008037632414493456
90.611,2.0082378138310193,0.004712880816416635,0.0008036920291798477
90.631,2.0082428633239306,0.004715445711159972,0.0008036208029233438
90.651,2.008247912696142,0.004718010567658047,0.0008035495644193591
90.671,2.0082529619467118,0.004720575384107259,0.0008034783135854595
90.691,2.0082580110765185,0.0047231401622174225,0.0008034070492750067
90.711,2.0082630600850946,0.004725704901319815,0.0008033357730575508
90.731,2.0082681089721937,0.004728269601281207,0.0008032644830488211
90.751,2.0082731577386963,0.004730834263287813,0.0008031931800749348
90.771,2.0082782063833804,0.004733398885009435,0.0008031218657834349
90.791,2.008283254907286,0.004735963468479602,0.0008030505377474573
90.811,2.008288303309927,0.004738528013526424,0.0008029791967298083
90.831,2.008293351591249,0.004741092519120026,0.0008029078432059689
90.851,2.008298399751479,0.0047436569863243214,0.0008028364768139507
90.871,2.008303447790174,0.004746221414018412,0.0008027650970885425
90.891,2.0083084957084205,0.004748785804246126,0.0008026937047580784
90.911,2.0083135435047246,0.004751350153495087,0.0008026223017439105
90.931,2.008318591180064,0.004753914465104751,0.0008025508832217032
90.951,2.008323638734092,0.0047564787382946535,0.0008024794526974577
90.971,2.008328686166869,0.004759042971469633,0.000802408010149136
90.991,2.0083337334782883,0.004761607167002167,0.0008023365531152626
91.011,2.0083387806686472,0.004764171323100238,0.0008022650850089963
91.031,2.0083438277374426,0.004766735440469571,0.0008021936025597309
91.051,2.008348874685268,0.004769299518601608,0.0008021221090413755
91.071,2.0083539215114943,0.004771863558307008,0.000802050601630494
91.091,2.008358968216838,0.004774427559219937,0.0008019790817759276
91.111,2.008364014800331,0.004776991520650021,0.0008019075493096162
91.131,2.008369061262852,0.004779555444052518,0.0008018360033465177
91.151,2.0083741076040114,0.00478211932851182,0.000801764444898101
91.171,2.00837915382377,0.004784683173556445,0.0008016928746925334
91.191,2.0083841999222423,0.0047872469806211505,0.0008016212896023445
91.211,2.0083892458994255,0.004789810748354089,0.0008015496936281119
91.231,2.008394291755213,0.0047923744771855015,0.0008014780845990443
91.251,2.0083993374895974,0.0047949381666339014,0.000801406462893145
91.271,2.0084043831024814,0.004797501819095186,0.0008013348263830322
91.291,2.008409428594225,0.004800065432119562,0.0008012631784594937
91.311,2.008414473964311,0.004802629005918561,0.0008011915173784245
91.331,2.0084195192134384,0.004805192540269364,0.0008011198454916935
91.351,2.008424564340692,0.004807756035777604,0.0008010481593886676
91.371,2.0084296093468024,0.004810319493606115,0.0008009764601575875
91.391,2.008434654231535,0.0048128829124049356,0.0008009047483778786
91.411,2.0084396989946143,0.00481544629257206,0.0008008330238382655
91.431,2.0084447436364092,0.00481800963327877,0.000800761286563284
91.451,2.0084497881567325,0.0048205729355920825,0.0008006895368719014
91.471,2.008454832555555,0.004823136199556957,0.0008006177729764363
91.491,2.008459876833118,0.004825699425028262,0.0008005459968211392
91.511,2.0084649209889243,0.004828262610247259,0.0008004742092941053
91.531,2.008469965023239,0.00483082575745714,0.000800402407392431
91.551,2.008475008936656,0.0048333888669088556,0.0008003305927683779
91.571,2.0084800527279394,0.004835951936460605,0.0008002587664878713
91.591,2.0084850963980814,0.004838514966407409,0.0008001869281644425
91.611,2.0084901399463204,0.00484107795870362,0.0008001150753290664
91.631,2.008495183373547,0.004843640912527484,0.0008000432093738519
91.651,2.0085002266791268,0.004846203826797671,0.0007999713331705294
91.671,2.0085052698628467,0.004848766703016651,0.0007998994415104044
91.691,2.008510312925548,0.004851329539861927,0.0007998275390366516
91.711,2.0085153558664226,0.0048538923395708405,0.0007997556215121049
91.731,2.008520398685614,0.004856455098265148,0.0007996836936916552
91.751,2.008525441383507,0.004859017819748456,0.0007996117516293477
91.771,2.008530483959453,0.004861580501438341,0.0007995397973894758
91.791,2.0085355264142746,0.004864143146283045,0.0007994678284183321
91.811,2.0085405687473434,0.00486670575077184,0.0007993958492344411
91.831,2.008545610958853,0.004869268317274227,0.0007993238557891247
91.851,2.0085506530488555,0.004871830844461875,0.0007992518511353297
91.871,2.0085556950170056,0.004874393333322384,0.0007991798316948351
91.891,2.0085607368635596,0.004876955783629849,0.0007991078004984387
91.911,2.0085657785886357,0.004879518195243853,0.000799035756309241
91.931,2.0085708201922245,0.004882080567729487,0.0007989637003155414
91.951,2.008575861673939,0.00488464290078538,0.0007988916317882566
91.971,2.008580903034085,0.0048872051959734,0.0007988195495838846
91.991,2.0085859442726486,0.00488976745299858,0.0007987474536847727
92.011,2.0085909853894113,0.004892329670865449,0.0007986753463313789
92.031,2.00859602638466,0.004894891850199341,0.000798603225449529
92.051,2.008601067258054,0.004897453990306771,0.0007985310931140355
92.071,2.0086061080099347,0.004900016093020789,0.0007984589452865731
92.091,2.008611148640033,0.004902578156043221,0.0007983867868985861
92.111,2.0086161891486687,0.004905140180102991,0.0007983146164159405
92.131,2.0086212295351307,0.004907702165402577,0.0007982424318247472
92.151,2.0086262698004167,0.00491026411335177,0.0007981702343444197
92.171,2.008631309943455,0.004912826021416736,0.0007980980248811775
92.191,2.008636349965249,0.004915387892018647,0.000798025801249852
92.211,2.0086413898651014,0.004917949722923754,0.0007979535665947612
92.231,2.0086464296432833,0.004920511514866319,0.000797881319391458
92.251,2.008651469299438,0.004923073268450478,0.0007978090585251674
92.271,2.008656508834095,0.004925634984179161,0.000797736783549774
92.291,2.008661548247044,0.0049281966609922845,0.0007976644979952874
92.311,2.0086665875378626,0.004930758298482847,0.0007975921987638523
92.331,2.0086716267073244,0.004933319897964353,0.0007975198867158084
92.351,2.00867666575473,0.00493588145874333,0.0007974475621134458
92.371,2.008681704680455,0.004938442980419225,0.0007973752248433275
92.391,2.0086867434842866,0.004941004464787975,0.0007973028735639431
92.411,2.008691782166523,0.0049435659087091475,0.0007972305117801282
92.431,2.008696820726582,0.004946127314440949,0.0007971581366016389
92.451,2.0087018591650416,0.004948688681881409,0.0007970857482538785
92.471,2.008706897481738,0.004951250011573699,0.0007970133461325246
92.491,2.0087119356764456,0.004953811301848686,0.0007969409326648302
92.511,2.0087169737493045,0.004956372552717715,0.0007968685066897796
92.531,2.008722011700449,0.0049589337662323246,0.0007967960666983298
92.551,2.0087270495295484,0.004961494940580413,0.0007967236150290546
92.571,2.008732087236951,0.004964056076506663,0.0007966511498388174
92.591,2.0087371248224417,0.004966617174078146,0.0007965786722008983
92.611,2.0087421622857398,0.004969178232170956,0.0007965061824975472
92.631,2.008747199627468,0.004971739252258872,0.0007964336783197468
92.651,2.0087522368473976,0.004974300233834032,0.0007963611636905565
92.671,2.008757273944854,0.004976861176367446,0.0007962886345912468
92.691,2.0087623109211155,0.004979422081713034,0.0007962160924895045
92.711,2.008767347774865,0.004981982946470866,0.0007961435400690164
92.731,2.0087723845069183,0.004984543773433307,0.0007960709727995452
92.751,2.008777421117118,0.004987104562250056,0.0007959983935694193
92.771,2.008782457605085,0.0049896653122994674,0.0007959258006745573
92.791,2.0087874939714503,0.004992226023693688,0.0007958531959008919
92.811,2.0087925302154956,0.004994786696939597,0.000795780577808658
92.831,2.008797566337839,0.004997347330955802,0.0007957079475393036
92.851,2.0088026023380383,0.004999907927129185,0.0007956353035701302
92.871,2.0088076382163056,0.005002468483535995,0.0007955626490343815
92.891,2.0088126739723204,0.005005029002498743,0.0007954899792410597
92.911,2.0088177096069635,0.005007589482798453,0.0007954172985796815
92.931,2.0088227451189598,0.005010149924561123,0.0007953446034262845
92.951,2.0088277805091708,0.005012710327584944,0.0007952718964314154
92.971,2.0088328157775104,0.005015270692446153,0.0007951991763391342
92.991,2.0088378509236233,0.00501783101853582,0.0007951264443260553
93.011,2.0088428859476863,0.00502039130611783,0.0007950536987833823
93.031,2.008847920849899,0.005022951554417167,0.0007949809418414666
93.051,2.0088529556297408,0.0050255117640756915,0.0007949081714427042
93.071,2.0088579902879213,0.005028071937422007,0.000794835387070425
93.091,2.0088630248234005,0.005030632069293808,0.0007947625927091362
93.111,2.008868059237184,0.005033192164390196,0.0007946897824059607
93.131,2.0088730935290178,0.005035752221226932,0.0007946169615361542
93.151,2.0088781276985017,0.005038312239400412,0.0007945441255423069
93.171,2.008883161746029,0.005040872217908743,0.0007944712809987431
93.191,2.008888195671329,0.005043432158854756,0.0007943984200592114
93.211,2.008893229474797,0.005045992061252376,0.0007943255479971323
93.231,2.0088982631558294,0.005048551924318169,0.0007942526638977376
93.251,2.00890329671486,0.0050511117502006755,0.0007941797653157612
93.271,2.008908330151637,0.00505367153746226,0.0007941068542978158
93.291,2.008913363466221,0.005056231285348404,0.0007940339312376976
93.311,2.0089183966588005,0.005058790995155093,0.0007939609951063686
93.331,2.008923429729136,0.005061350666392904,0.0007938880465741538
93.351,2.0089284626773676,0.005063910298883805,0.0007938150854454318
93.371,2.008933495503426,0.005066469892555516,0.0007937421120111643
93.391,2.0089385282069276,0.005069029449384649,0.0007936691240930105
93.411,2.0089435607886497,0.005071588966833946,0.0007935961239224076
93.431,2.0089485932479185,0.005074148445348082,0.0007935231125880404
93.451,2.0089536255852556,0.005076707886450032,0.0007934500865372229
93.471,2.008958657800266,0.005079267289046854,0.0007933770488923741
93.491,2.0089636898927377,0.005081826651799992,0.0007933039987572665
93.511,2.0089687218632757,0.005084385977208458,0.0007932309352360889
93.531,2.0089737537116066,0.005086945263811054,0.0007931578594108368
93.551,2.0089787854376104,0.0050895045119541205,0.0007930847711971056
93.571,2.008983817041066,0.005092063721729833,0.0007930116686887256
93.591,2.0089888485227396,0.005094622892827092,0.0007929385560006552
93.611,2.008993879881806,0.005097182025734735,0.000792865428618561
93.631,2.0089989111183972,0.005099741119970239,0.0007927922888552041
93.651,2.009003942233427,0.0051023001763823425,0.0007927191366553232
93.671,2.0090089732254435,0.0051048591930332714,0.0007926459733064717
93.691,2.0090140040953455,0.005107418173032511,0.0007925727937054261
93.711,2.00901903484319,0.005109977113866049,0.0007924996042330268
93.731,2.0090240654684646,0.005112536016025146,0.0007924264008022652
93.751,2.009029095971381,0.005115094879789423,0.000792353185737199
93.771,2.0090341263521734,0.0051176537054178715,0.0007922799564492045
93.791,2.0090391566106365,0.00512021249247243,0.0007922067160318069
93.811,2.0090441867463453,0.005122771240302644,0.0007921334624733378
93.831,2.0090492167599603,0.005125329951233016,0.0007920601955268003
93.851,2.0090542466513197,0.0051278886229337815,0.0007919869163208471
93.871,2.0090592764198765,0.005130447256708811,0.0007919136236334834
93.891,2.0090643060663815,0.005133005852710654,0.0007918403176120636
93.911,2.009069335590549,0.0051355644090569485,0.0007917670007242805
93.931,2.0090743649923213,0.005138122926427203,0.0007916936724179924
93.951,2.00907939427144,0.00514068140659382,0.0007916203293698576
93.971,2.0090844234281646,0.005143239848716863,0.0007915469726044178
93.991,2.009089452462716,0.0051457982509595995,0.0007914736052573035
94.011,2.009094481374634,0.005148356616098523,0.000791400224390032
94.031,2.0090995101641447,0.005150914942510423,0.000791326830173078
94.051,2.0091045388312136,0.005153473230227752,0.0007912534247321024
94.071,2.0091095673758965,0.0051560314799229175,0.0007911800054337392
94.091,2.0091145957979246,0.005158589691450102,0.0007911065733566536
94.111,2.0091196240976252,0.00516114786520017,0.0007910331282297844
94.131,2.0091246522748176,0.005163705998779604,0.000790959671630953
94.151,2.0091296803296745,0.005166264095304441,0.0007908862020680196
94.171,2.00913470826184,0.005168822153233177,0.0007908127196099846
94.191,2.0091397360714254,0.005171380172880437,0.0007907392241191802
94.211,2.009144763758774,0.0051739381534927215,0.0007906657168980369
94.231,2.0091497913232508,0.005176496096123886,0.0007905921963169971
94.251,2.0091548187656176,0.005179054001253538,0.0007905186624823091
94.271,2.009159846085066,0.005181611867922686,0.0007904451155909542
94.291,2.009164873282222,0.005184169694251742,0.0007903715590933669
94.311,2.0091699003566887,0.0051867274845600955,0.0007902979864511939
94.331,2.009174927308729,0.005189285235879787,0.0007902244029497074
94.351,2.0091799541379984,0.005191842948416401,0.0007901508058952289
94.371,2.009184980844811,0.005194400622466253,0.0007900771968460951
94.391,2.0091900074292726,0.005196958259406303,0.0007900035745334322
94.411,2.0091950338908044,0.005199515857135437,0.0007899299400007942
94.431,2.009200060229804,0.005202073416789708,0.0007898562921125618
94.451,2.009205086446237,0.005204630938733999,0.0007897826307657896
94.471,2.0092101125401443,0.005207188421419755,0.000789708958463281
94.491,2.0092151385113897,0.00520974586604663,0.0007896352730295542
94.511,2.009220164359971,0.00521230327157505,0.0007895615755943997
94.531,2.0092251900859557,0.005214860639796053,0.0007894878650650528
94.551,2.009230215689153,0.0052174179707165196,0.000789414139344552
94.571,2.009235241169971,0.0052199752612534745,0.0007893404054179487
94.591,2.0092402665277516,0.0052225325144764165,0.0007892666553437344
94.611,2.0092452917630244,0.00522508973009305,0.0007891928933039527
94.631,2.0092503168757743,0.005227646906592734,0.0007891191185616653
94.651,2.0092553418660555,0.005230204044610972,0.0007890453333362357
94.671,2.0092603667326676,0.005232761143544026,0.0007889715335273051
94.691,2.0092653914777148,0.0052353182067222635,0.0007888977200135316
94.711,2.00927041609958,0.005237875230460251,0.000788823895159857
94.731,2.0092754405985334,0.00524043221501061,0.0007887500579011886
94.751,2.009280464975325,0.005242989163343123,0.0007886762063654962
94.771,2.009285489228836,0.005245546071598366,0.000788602344212741
94.791,2.009290513359714,0.005248102941573633,0.0007885284687637328
94.811,2.0092955373679584,0.005250659773705054,0.0007884545805266763
94.831,2.0093005612535215,0.0052532165680169805,0.0007883806787848668
94.851,2.0093055850160204,0.005255773323770698,0.0007883067652605935
94.871,2.0093106086560577,0.005258330041082882,0.0007882328389570981
94.891,2.009315632173242,0.005260886720626832,0.0007881588998570055
94.911,2.0093206555674383,0.005263443361671639,0.0007880849474409535
94.931,2.009325678839231,0.005265999965356426,0.0007880109825867676
94.951,2.009330701987885,0.005268556529096337,0.0007879370056864399
94.971,2.0093357250140813,0.00527111305549641,0.0007878630172409307
94.991,2.009340747917056,0.005273669543343443,0.0007877890140310373
95.011,2.0093457706976032,0.00527622599433842,0.0007877149986034726
95.031,2.009350793354901,0.005278782405207431,0.0007876409715031341
95.051,2.009355815889311,0.005281338778268469,0.0007875669309637123
95.071,2.0093608383014354,0.005283895114617694,0.000787492876326984
95.091,2.0093658605903584,0.0052864514109441955,0.0007874188126121562
95.111,2.00937088275631,0.00528900766942428,0.0007873447335105255
95.131,2.009375904799558,0.005291563890321004,0.0007872706426130527
95.151,2.0093809267199556,0.0052941200724966825,0.0007871965389369684
95.171,2.0093859485174295,0.005296676217527851,0.0007871224218552186
95.191,2.0093909701916592,0.0052992323236823735,0.0007870482918119759
95.211,2.009395991743734,0.005301788391187486,0.0007869741513343853
95.231,2.009401013172387,0.005304344420774959,0.0007868999970200019
95.251,2.0094060344780456,0.00530690041242949,0.0007868258294263242
95.271,2.0094110556612033,0.005309456365439296,0.0007867516506573913
95.291,2.009416076720959,0.005312012280614891,0.00078667745740027
95.311,2.009421097658117,0.005314568158422538,0.0007866032517984956
95.331,2.009426118471987,0.005317123996907747,0.0007865290343376796
95.351,2.0094311391631416,0.00531967979840695,0.0007864548031431551
95.371,2.0094361597311505,0.005322235561452391,0.0007863805604113316
95.391,2.0094411801755494,0.005324791286842944,0.0007863063057584052
95.411,2.00944620049689,0.005327346975746165,0.0007862320367570674
95.431,2.009451220694798,0.0053299026269489555,0.0007861577552765175
95.451,2.0094562407694583,0.005332458241086332,0.0007860834614759615
95.471,2.0094612607206344,0.005335013817415973,0.0007860091550313253
95.491,2.0094662805485464,0.005337569355405336,0.0007859348373032982
95.511,2.0094713002530975,0.005340124857297536,0.0007858605050989342
95.531,2.0094763198343246,0.005342680321746689,0.0007857861603977057
95.551,2.0094813392921256,0.005345235748560995,0.0007857118037693511
95.571,2.0094863586266807,0.005347791138666819,0.000785637433229236
95.591,2.0094913778378043,0.005350346490305928,0.0007855630520030576
95.611,2.0094963969253623,0.005352901805582401,0.0007854886559367502
95.631,2.0095014158896833,0.00535545708286,0.0007854142482920656
95.651,2.009506434730602,0.005358012322754947,0.0007853398281987556
95.671,2.0095114534481797,0.005360567525911166,0.000785265394725454
95.691,2.0095164720423155,0.0053631226905864636,0.0007851909505627586
95.711,2.0095214905126553,0.005365677818384905,0.0007851164915704256
95.731,2.0095265088599423,0.005368232910276287,0.0007850420196285068
95.751,2.0095315270835568,0.0053707879634318405,0.0007849675355995622
95.771,2.0095365451840728,0.00537334297921856,0.0007848930399458331
95.791,2.009541563160852,0.005375897958237235,0.000784818530340764
95.811,2.009546581014289,0.005378452898972996,0.0007847440095331282
95.831,2.00955159874413,0.005381007803545467,0.0007846694750735239
95.851,2.0095566163504044,0.005383562669693388,0.0007845949279776387
95.871,2.009561633833461,0.005386117499843544,0.0007845203680152679
95.891,2.009566651192601,0.00538867229109195,0.0007844457959310103
95.911,2.0095716684288907,0.005391227045494363,0.0007843712123836721
95.931,2.0095766855409236,0.005393781763077516,0.000784296613972113
95.951,2.0095817025301255,0.005396336443630659,0.0007842220034525449
95.971,2.009586719395241,0.005398891085620744,0.0007841473818000211
95.991,2.0095917361369753,0.0054014456925150015,0.0007840727442858242
96.011,2.009596752755563,0.005404000261324866,0.0007839980955809678
96.031,2.00960176925016,0.005406554791331208,0.0007839234362895797
96.051,2.009606785621252,0.00540910928426263,0.0007838487628912538
96.071,2.0096118018689664,0.0054116637415343866,0.0007837740765099799
96.091,2.009616817992463,0.00541421815978537,0.0007836993780540036
96.111,2.009621833993468,0.005416772541699469,0.0007836246668047331
96.131,2.0096268498699374,0.00541932688672922,0.0007835499421744996
96.151,2.009631865623286,0.0054218811947438755,0.000783475204426981
96.171,2.0096368812529533,0.005424435464926705,0.0007834004573326614
96.191,2.009641896758953,0.005426989699414289,0.0007833256948268641
96.211,2.00964691214127,0.005429543898081881,0.0007832509198597848
96.231,2.009651927400121,0.005432098059777001,0.0007831761323698061
96.251,2.0096569425352664,0.005434652185867867,0.0007831013315047208
96.271,2.0096619575467876,0.005437206274248289,0.0007830265191388353
96.291,2.0096669724345975,0.005439760325707713,0.0007829516948993365
96.311,2.0096719871989586,0.005442314342460361,0.0007828768551093879
96.331,2.009677001839743,0.005444868320592657,0.0007828020072157549
96.351,2.009682016356217,0.005447422263540056,0.0007827271425662752
96.371,2.0096870307495216,0.005449976169645195,0.000782652266840933
96.391,2.0096920450193725,0.005452530040695068,0.0007825773773882105
96.411,2.0096970591649117,0.005455083872201302,0.0007825024779449796
96.431,2.009702073187378,0.0054576376693887246,0.0007824275637443867
96.451,2.0097070870858147,0.005460191428935057,0.00078235263857801
96.471,2.0097121008604812,0.0054627451532615005,0.0007822776984899582
96.491,2.009717114511547,0.005465298841120146,0.0007822027463646186
96.511,2.0097221280389683,0.005467852491900928,0.0007821277822963602
96.531,2.009727141442424,0.005470406106628096,0.0007820528048725628
96.551,2.0097321547224083,0.005472959684260547,0.0007819778160034763
96.571,2.009737167878491,0.005475513225028546,0.0007819028143633
96.591,2.009742180910774,0.00547806672993717,0.000781827799734236
96.611,2.0097471938194804,0.005480620198940657,0.0007817527723286699
96.631,2.009752206603986,0.005483173631499562,0.0007816777313022771
96.651,2.009757219265127,0.005485727027343164,0.0007816026781611585
96.671,2.0097622318022577,0.005488280386852355,0.0007815276126776349
96.691,2.009767244215553,0.005490833709558485,0.0007814525344451428
96.711,2.0097722565055047,0.005493386996048068,0.0007813774444103971
96.731,2.009777268671104,0.005495940245293463,0.0007813023411709086
96.751,2.0097822807133405,0.00549849345954963,0.0007812272252880892
96.771,2.0097872926311755,0.005501046635937254,0.0007811520968264429
96.791,2.0097923044256416,0.0055035997759259846,0.0007810769568241671
96.811,2.009797316096067,0.005506152880202201,0.0007810018030393884
96.831,2.0098023276426304,0.005508705948250193,0.0007809266361319678
96.851,2.009807339065532,0.005511258980356273,0.0007808514568465319
96.871,2.0098123503644167,0.00551381197466368,0.0007807762660884399
96.891,2.0098173615391937,0.005516364933066762,0.0007807010615368537
96.911,2.0098223725905378,0.005518917855459805,0.0007806258444743031
96.931,2.0098273835177243,0.005521470741691369,0.0007805506144023533
96.951,2.009832394321177,0.005524023590939371,0.0007804753727008451
96.971,2.00983740500048,0.005526576403705641,0.0007804001177559583
96.991,2.0098424155561028,0.005529129181016047,0.0007803248500954374
97.011,2.0098474259875094,0.0055316819199901154,0.000780249571235403
97.031,2.009852436295348,0.005534234624720902,0.0007801742775676301
97.051,2.009857446479034,0.005536787292191493,0.0007800989729712937
97.071,2.009862456538875,0.005539339923447949,0.0007800236540875527
97.091,2.0098674664747036,0.005541892517366715,0.0007799483248692729
97.111,2.009872476286635,0.005544445075797935,0.0007798729817799499
97.131,2.0098774859745627,0.005546997597838648,0.0007797976263106965
97.151,2.0098824955383474,0.005549550083648156,0.0007797222567468287
97.171,2.009887504978357,0.005552102533113478,0.0007796468766769482
97.191,2.009892514294128,0.005554654945736274,0.0007795714823307098
97.211,2.009897523486174,0.005557207322285623,0.0007794960764994641
97.231,2.0099025325542064,0.005559759663206609,0.000779420656894042
97.251,2.009907541498043,0.005562311966351844,0.0007793452260629052
97.271,2.0099125503178925,0.00556486423394065,0.0007792697826321526
97.291,2.0099175590137675,0.005567416465212384,0.0007791943249028099
97.311,2.009922567585816,0.005569968659674154,0.0007791188567018159
97.331,2.0099275760333897,0.005572520817691811,0.0007790433752495329
97.351,2.0099325843571263,0.0055750729399991535,0.0007789678801735922
97.371,2.009937592556816,0.0055776250254408,0.0007788923740557896
97.391,2.009942600632369,0.005580177076073726,0.0007788168520516947
97.411,2.009947608583981,0.005582729089603862,0.0007787413201787441
97.431,2.0099526164111143,0.005585281066629128,0.0007786657744698611
97.451,2.0099576241144637,0.005587833006768241,0.0007785902173154391
97.471,2.009962631693833,0.005590384910443327,0.0007785146480083771
97.491,2.0099676391489387,0.005592936777328139,0.0007784390661889906
97.511,2.0099726464799157,0.0055954886096210325,0.0007783634706982345
97.531,2.0099776536866507,0.0055980404045725485,0.0007782878623145695
97.551,2.009981255530634,0.0055989910023531275,0.0007770617048574457
97.571,2.009978830764174,0.0055975686753648515,0.0007794926130309243
97.591,2.0099802322659586,0.005594634396140344,0.000778343988738911
97.611,2.009980953019981,0.00559248183857218,0.0007766105880891994
97.631,2.0099842856998618,0.0055914111669053,0.0007778448246759662
97.651,2.0099850178611938,0.005588485515154407,0.0007782730646793967
97.671,2.009987504509746,0.005587068623280297,0.0007791039547263845
97.691,2.0099870114723073,0.005588468809010645,0.0007796564471543865
97.711,2.009990409500229,0.005585415439693721,0.0007777035440716951
97.731,2.009987050891452,0.005584850220148826,0.0007766091726958413
97.751,2.009986429035916,0.005583580942771166,0.0007781659954481102
97.771,2.0099885522347876,0.005584205956921169,0.0007716275028586128
97.791,2.0099905799326594,0.005585552895395667,0.0007789004597662796
97.811,2.0099916311070865,0.005582054910880427,0.0007780567662870608
97.831,2.009993335397782,0.005579670064761656,0.0007727761812734713
97.851,2.009994504989161,0.005579234647169472,0.0007770129336470699
97.871,2.009997207334752,0.005581408296170722,0.0007774909182962919
97.891,2.0099986973708863,0.005578317540278656,0.0007726101055839929
97.911,2.0099969154777604,0.005577085761498151,0.0007740374722715604
97.931,2.0099993452194,0.005576410861573657,0.0007787214903778039
97.951,2.0100007521730143,0.005574514515772634,0.0007794136105784555
97.971,2.01000205465076,0.005573042637420222,0.0007770026839888922
97.991,2.0100045769180106,0.005574520613652169,0.0007790912805502037
98.011,2.0100101897444276,0.005570800557633443,0.0007774916095797946
98.031,2.010010158732674,0.005570450344421999,0.0007722106525883954
98.051,2.0100056067976455,0.005571141835631402,0.0007790437823272933
98.071,2.0100015270919425,0.0055716566944492875,0.000773496622408193
98.091,2.00999749237408,0.0055717912275988655,0.0007792505853504716
98.111,2.0099994832050534,0.005572211867453629,0.0007800454148721991
98.131,2.0099965900980843,0.00557207967217516,0.0007748349387515785
98.151,2.0099946296538107,0.005571788802699903,0.0007786869985492717
98.171,2.0099892627883302,0.005572318016202147,0.0007746656837913923
98.191,2.0099940482333554,0.005570202333846003,0.0007772457482764505
98.211,2.009994364839989,0.005570178458353563,0.00077942960021124
98.231,2.009992195664373,0.00557035373378103,0.000778283131164792
98.251,2.009988333448319,0.005570708957235207,0.0007793610552376817
98.271,2.009985630217344,0.005570819730860002,0.0007785719583127959
98.291,2.0099839978474976,0.005570865847485404,0.0007786512390909328
98.311,2.0099875544207335,0.005568008945610098,0.0007787821790021521
98.331,2.009991127287961,0.005569501888873202,0.0007786971209589322
98.351,2.009993462114586,0.005569792731717659,0.0007786208869935418
98.371,2.0099961916887232,0.00557155546248982,0.000778395670148424
98.391,2.009999704394546,0.005572621511681876,0.0007783125105547684
98.411,2.010002721377607,0.005573370969093651,0.0007785599358284545
98.431,2.0100054962998564,0.005575133816169491,0.0007776302017543923
98.451,2.0100077074710687,0.005577563288251862,0.0007765455700239066
98.471,2.0100083936023077,0.00557666729511855,0.000778894858290885
98.491,2.0100095871216777,0.005576741815012796,0.0007717524833093792
98.511,2.010007673528643,0.005576755619509727,0.0007772182734433752
98.531,2.0100108240233494,0.005576594978761031,0.0007783266981465364
98.551,2.0100084191720935,0.0055771996257190535,0.000772404917561309
98.571,2.0100121018947426,0.0055764030799632025,0.0007773744573740804
98.591,2.010010101932558,0.005577291707831222,0.000776738914108871
98.611,2.010010691714231,0.005576695663375508,0.0007786965687195668
98.631,2.0100115702918946,0.005578350383639135,0.0007769079443957216
98.651,2.01001042462353,0.005578360381928614,0.0007780228145989332
98.671,2.010009913303609,0.00557847294768928,0.000777493389377576
98.691,2.0100099217345737,0.005578938591606984,0.0007783711931637904
98.711,2.010010892287973,0.005579868492553508,0.0007778197163536282
98.731,2.010009663804855,0.005580138016102777,0.0007779533117341642
98.751,2.0100090127188928,0.005580104108338127,0.0007781682162429082
98.771,2.010007183801859,0.005581136779018751,0.0007779882772038227
98.791,2.0100073718550884,0.005581589148496227,0.0007781318622747113
98.811,2.0100085336047413,0.005582361698508128,0.0007777721270900151
98.831,2.010007454101499,0.005582804082324284,0.0007776787424554343
98.851,2.0100055491745765,0.005584285046677134,0.0007763556402074767
98.871,2.010004203174679,0.005583350979614781,0.0007724620435349272
98.891,2.0100053960699906,0.0055835417108075665,0.0007739967986768459
98.911,2.010002974895991,0.00558389653012942,0.0007708998695834246
98.931,2.009997845267993,0.005584081238532908,0.0007781480042220734
98.951,2.009994659391422,0.005584080970939253,0.0007769331192201689
98.971,2.0099932770691717,0.005583691756874124,0.0007722539831689357
98.991,2.00999227220989,0.005583999193957624,0.0007761169401348245
99.011,2.0099924977990007,0.005581650556057353,0.0007779577661795045
99.031,2.009995322255791,0.005581592470859422,0.0007776397952775072
99.051,2.0099963079427328,0.005579538381557768,0.0007773218513001945
99.071,2.009993625014502,0.0055796761841753785,0.0007702666144107084
99.091,2.0099918582366123,0.005579962847952078,0.0007741432015810346
99.111,2.009989818216086,0.0055800871498435985,0.0007774491358860658
99.131,2.009985051923267,0.0055797227565503515,0.000774562446117455
99.151,2.0099840812950367,0.005579834801079024,0.0007737189210620665
99.171,2.009984847454902,0.005579683318149247,0.0007708944059684197
99.191,2.0099886218943146,0.005577873947436598,0.0007777155427915461
99.211,2.0099880680217037,0.005577920956509608,0.0007774804436210259
99.231,2.009986990652439,0.005577052998705279,0.0007722140854629633
99.251,2.0099876585672067,0.0055768448961746155,0.0007775596079012681
99.271,2.009984807144696,0.005576523367711771,0.0007774147467841108
99.291,2.0099859926450145,0.005576643458913887,0.0007772218783269336
99.311,2.009985811719569,0.005576350076246711,0.000777694391493694
99.331,2.009986061794906,0.005576298701619242,0.0007771130088310707
99.351,2.0099853682163507,0.005576119100492083,0.0007777066046493197
99.371,2.0099845859264733,0.0055761202886800525,0.0007772101759287442
99.391,2.0099845391950155,0.0055760945227433705,0.0007770089756613807
99.411,2.009979746331675,0.005576114994152654,0.0007709845733375742
99.431,2.009980623402155,0.005576076233767928,0.0007758936973769337
99.451,2.009980272588126,0.005576006322287854,0.0007712249956648431
99.471,2.0099783982086263,0.005575904565126792,0.0007772778465113539
99.491,2.009978699655629,0.005575552649599742,0.0007770551192519404
99.511,2.0099790172770944,0.00557554650308831,0.0007772204617366996
99.531,2.009976367080939,0.00557558823667213,0.0007774750256029361
99.551,2.009973976092377,0.00557546809669623,0.0007730408758416518
99.571,2.0099741254374077,0.005575162671512894,0.0007739990799805196
99.591,2.0099743271052057,0.005575092293883032,0.000771405185196361
99.611,2.0099693491529136,0.005575235177035313,0.0007733414308902509
99.631,2.009969103819846,0.005575268723683675,0.0007706153252639569
99.651,2.009970601474728,0.005574799192946046,0.0007707879426281927
99.671,2.0099693021381677,0.005574663821008646,0.0007727985117846337
99.691,2.0099697433744352,0.005574362167807082,0.000773832023089005
99.711,2.009970093609268,0.005574370486448473,0.0007757570567596961
99.731,2.0099684060662835,0.005574781655878181,0.0007770410068814182
99.751,2.009968476434602,0.005574659055508515,0.0007765940120265102
99.771,2.0099663937366774,0.005574331187300123,0.0007743372452642394
99.791,2.009965583923424,0.005574192221209185,0.0007708314293943808
99.811,2.0099637843084426,0.005574012937082324,0.0007693058284446441
99.831,2.009962437472559,0.005573847813079972,0.0007746402823681775
99.851,2.00996155675246,0.005573646333024138,0.0007762820354738631
99.871,2.009961836734289,0.005573422043812048,0.0007736135874865935
99.891,2.0099589735019032,0.005573139696307249,0.0007763394921714295
99.911,2.009958338713555,0.005572885077512045,0.0007768895200163939
99.931,2.0099599235057855,0.0055728184063620735,0.0007765375221683024
99.951,2.009958321144129,0.005572531793614331,0.0007759210364141622
99.971,2.0099582894161028,0.005573103558874241,0.0007701877855007255
99.991,2.0099603052040784,0.005573690646155406,0.0007759303686830088
100.011,2.009961232517761,0.0055733026986614035,0.000776183587009982
100.031,2.0099606481641668,0.0055735985025665985,0.0007698900147569132
100.051,2.009961899207777,0.0055746670389105165,0.0007747160742875014
100.071,2.0099625483192423,0.005574042920662075,0.0007764337657556464
100.091,2.009962129733052,0.0055748296878002325,0.0007727663281508756
100.111,2.009963243345433,0.005574166605787772,0.0007759664219154083
100.131,2.009963701551861,0.005574741257180728,0.0007765116047019349
100.151,2.0099651645579995,0.005575065532949669,0.0007734849724608805
100.171,2.0099645012043683,0.005574814107148494,0.0007689027040300167
100.191,2.0099646808434555,0.005575319554162801,0.0007763481448902487
100.211,2.009966678703695,0.005576194711852144,0.0007681273781724174
100.231,2.009965884258939,0.005575431000424877,0.0007736382938628439
100.251,2.009967319400912,0.0055758223057709305,0.000776221436500496
100.271,2.009968200939758,0.005574474743040066,0.000773760521346506
100.291,2.0099678096306555,0.00557588152011183,0.0007725447834591725
100.311,2.009968294134608,0.005576198917377109,0.0007759658663170355
100.331,2.0099694327791684,0.005576048754703395,0.0007754125712390592
100.351,2.0099694349823944,0.005576315699526156,0.0007696485469625702
100.371,2.0099690462050406,0.005576669860092626,0.0007758029122215682
100.391,2.009971202616395,0.005576229019868117,0.000775799672356442
100.411,2.009971274280613,0.005576475222655204,0.0007723671095840046
100.431,2.009973314331479,0.005577446591884755,0.0007741692667111444
100.451,2.0099722693777315,0.005575606929177501,0.0007690041785417545
100.471,2.0099732893446505,0.005575138907556811,0.0007725420074209954
100.491,2.0099719326829995,0.005574978047716606,0.000775703186916249
100.511,2.009974428197072,0.005574706560799657,0.0007758364510648263
100.531,2.0099739164143537,0.005574373396315539,0.0007759098243053097
100.551,2.009971745495104,0.005574256151106667,0.0007717481121202741
100.571,2.009967822793751,0.005573811880358652,0.0007717499065295896
100.591,2.009966514591077,0.00557349612982704,0.0007723997428320251
100.611,2.009967624539066,0.005572971926111699,0.0007754702843101036
100.631,2.009967088809692,0.005572070990160655,0.0007753783891838728
100.651,2.0099646503674204,0.005571860074858038,0.0007756767441565171
100.671,2.0099621003807533,0.005571565450442284,0.0007757398790411707
100.691,2.009961652026731,0.005572096005408471,0.0007738838527478198
100.711,2.0099596207861947,0.005570480509167925,0.0007757634331220786
100.731,2.009955253861488,0.00557014817360009,0.000775716624506928
100.751,2.0099550712849004,0.005569275233313938,0.0007756217279304145
100.771,2.0099535367745163,0.0055689182885329536,0.0007757135711455587
100.791,2.009955584961404,0.005567699925973724,0.0007741131187987693
100.811,2.0099557628984845,0.005570925431275451,0.0007729917424514066
100.831,2.009954055484031,0.0055781879893913935,0.0007756319395296474
100.851,2.0099524391219385,0.005578299000126231,0.0007756045694681801
100.871,2.009948961050204,0.005581006007251361,0.0007754954384700807
100.891,2.0099482107390823,0.005587497190703538,0.0007659648441922517
100.911,2.009947898533575,0.0055922952165596874,0.0007738236092655892
100.931,2.009948342627361,0.005591393549510719,0.0007731733838330646
100.951,2.009947280935515,0.005592153553647131,0.0007726994636564899
100.971,2.009944531307415,0.005596414293730443,0.000773859245064068
100.991,2.009942971989631,0.005597559310437095,0.0007730296364484024
101.011,2.009940497337773,0.005601403798317418,0.0007759621497155089
101.031,2.0099352967243433,0.00560479857326055,0.0007758591054644326
101.051,2.0099374032777986,0.005609483042554068,0.0007717813141969176
101.071,2.009938244253407,0.005611408761096377,0.0007750542026833951
101.091,2.0099333370209163,0.005612962723461426,0.0007762499753727892
101.111,2.009927806591801,0.00561183886348953,0.0007761004604814048
101.131,2.0099265508394457,0.005611063488329831,0.0007721621627152231
101.151,2.0099258189625657,0.005611932065819869,0.0007753867526060498
101.171,2.0099283228255587,0.005612798242543208,0.0007745096922849581
101.191,2.0099287393695455,0.00561534288622152,0.0007729183008065299
101.211,2.009931337680958,0.0056161530510995695,0.0007745544732875032
101.231,2.0099332071343285,0.005616901846755498,0.0007761845447847027
101.251,2.009935055729256,0.0056145958297166764,0.000774152058014399
101.271,2.0099355923654003,0.005615385423039309,0.0007754609576699767
101.291,2.0099401856238797,0.005616094537614167,0.0007754115426048258
101.311,2.0099447560840202,0.005616637419576092,0.0007752416645491755
101.331,2.0099493404786193,0.00561725625924365,0.0007752267635152965
101.351,2.0099539285177985,0.005617878170377212,0.0007751792330838447
101.371,2.009958509877248,0.0056184787277689975,0.0007751068132586525
101.391,2.00996309334023,0.005619089057367647,0.0007750555027847827
101.411,2.0099676773721833,0.0056197002321233935,0.0007750004209931272
101.431,2.0099722603876407,0.0056203083089166736,0.0007749415317792052
101.451,2.0099768435815726,0.005620917629222741,0.0007748855230042262
101.471,2.0099814267881415,0.005621527103022629,0.0007748290967415639
101.491,2.0099860097687317,0.005622136104060504,0.0007747720889294263
101.511,2.0099905926858166,0.00562274523495884,0.0007747154663323153
101.531,2.0099951755232346,0.0056233543659131874,0.000774658795713451
101.551,2.0099997582452094,0.005623963398704254,0.0007746020307029255
101.571,2.010004340873859,0.005624572418104911,0.0007745453111387135
101.591,2.0100089234074066,0.005625181406122867,0.0007744885786516997
101.611,2.010013505841617,0.005625790352571915,0.0007744318294667651
101.631,2.010018088178558,0.005626399264503988,0.0007743750755615786
101.651,2.010022670418321,0.005627008141978369,0.0007743183143619214
101.671,2.0100272525605516,0.005627616983699138,0.0007742615444977785
101.691,2.0100318346048502,0.005628225788346798,0.000774204765971398
101.711,2.0100364165519147,0.0056288345585755375,0.0007741479796664896
101.731,2.01004099840144,0.005629443292765124,0.0007740911848951038
101.751,2.0100455801533346,0.005630051992122716,0.0007740343828809004
101.771,2.010050161807744,0.005630660655237089,0.0007739775716157637
101.791,2.010054743364473,0.0056312692826558566,0.0007739207527688585
101.811,2.0100593248238208,0.0056318778750843864,0.0007738639259529667
101.831,2.010063906185545,0.005632486431603878,0.0007738070910860428
101.851,2.010068487449844,0.0056330949530072165,0.0007737502487351333
101.871,2.0100730686162214,0.005633703438029502,0.0007736933969154647
101.891,2.0100776496854484,0.005634311888715063,0.0007736365381304788
101.911,2.010082230656905,0.005634920303438225,0.0007735796710564014
101.931,2.010086811530384,0.005635528680858152,0.0007735227935691535
101.951,2.010091392306853,0.005636137025516468,0.0007734659121649001
101.971,2.010095972985505,0.005636745333577166,0.0007734090201450827
101.991,2.01010055356626,0.0056373536048847156,0.0007733521192829773
102.011,2.0101051340496343,0.0056379618416119905,0.0007732952116566993
102.031,2.010109714435367,0.005638570042609983,0.0007732382952281569
102.051,2.010114294723587,0.005639178209192288,0.0007731813723763914
102.071,2.010118874913981,0.005639786339038911,0.0007731244393171799
102.091,2.010123455006928,0.005640394433935661,0.0007730674990144015
102.111,2.0101280350019044,0.005641002492354626,0.0007730105497134321
102.131,2.0101326148994874,0.0056416105161676364,0.0007729535933171661
102.151,2.010137194699238,0.005642218503958428,0.0007728966285582561
102.171,2.0101417744013648,0.005642826456871827,0.0007728396563829176
102.191,2.0101463540060878,0.005643434374757401,0.0007727826762120582
102.211,2.0101509335127514,0.0056440422561938155,0.0007727256869454191
102.231,2.0101555129217554,0.00564465010181574,0.0007726686893714529
102.251,2.010160092233314,0.005645257912886248,0.0007726116845029607
102.271,2.0101646714470767,0.005645865688187585,0.0007725546711223608
102.291,2.010169250562815,0.0056464734268889885,0.0007724976487343549
102.311,2.0101738295812273,0.005647081131598412,0.000772440620310122
102.331,2.010178408501757,0.00564768880002961,0.0007723835821164537
102.351,2.010182987324525,0.0056482964328690545,0.0007723265356839593
102.371,2.0101875660496664,0.00564890403109263,0.0007722694832296428
102.391,2.01019214467721,0.0056495115943922996,0.0007722124213979109
102.411,2.0101967232066102,0.005650119120883845,0.0007721553519584312
102.431,2.0102013016386153,0.005650726612331087,0.0007720982731604098
102.451,2.0102058799724127,0.005651334067455152,0.0007720411861893428
102.471,2.0102104582088702,0.005651941488255685,0.0007719840927001842
102.491,2.0102150363473847,0.005652548873198949,0.0007719269902120851
102.511,2.010219614388241,0.005653156222783087,0.0007718698803186874
102.531,2.0102241923310755,0.005653763536560426,0.0007718127611484604
102.551,2.0102287701764694,0.005654370816127869,0.0007717556351125032
102.571,2.0102333479236023,0.005654978058395356,0.0007716984989448727
102.591,2.0102379255732545,0.005655585266714818,0.000771641357241809
102.611,2.010242503125083,0.005656192439269852,0.0007715842066364498
102.631,2.010247080579008,0.005656799576276881,0.0007715270473422631
102.651,2.0102516579350893,0.005657406677775041,0.0007714698805459941
102.671,2.010256235193479,0.005658013744181246,0.0007714127061059783
102.691,2.0102608123537644,0.005658620774154307,0.0007713555214510781
102.711,2.010265389416359,0.005659227769505537,0.0007712983306533694
102.731,2.0102699663814554,0.005659834730887046,0.0007712411331466107
102.751,2.0102745432480846,0.005660441653830223,0.0007711839226832717
102.771,2.010279120017003,0.0056610485427830695,0.0007711267076114248
102.791,2.010283696688494,0.005661655396894023,0.0007710694846672361
102.811,2.010288273261393,0.005662262214168271,0.0007710122514323903
102.831,2.0102928497370423,0.005662868997971027,0.0007709550135436283
102.851,2.010297426114582,0.005663475744793553,0.0007708977638754
102.871,2.0103020023939746,0.00566408245659403,0.0007708405080556202
102.891,2.010306578576032,0.005664689134769986,0.0007707832458536401
102.911,2.010311154659711,0.005665295774701115,0.0007707259713812253
102.931,2.010315730645599,0.005665902380953663,0.0007706686921064576
102.951,2.0103203065335506,0.0056665089514981734,0.0007706114035602452
102.971,2.0103248823235855,0.005667115486531612,0.0007705541063491028
102.991,2.0103294580155735,0.005667721985520988,0.0007704968011786051
103.011,2.0103340336099778,0.005668328451128272,0.0007704394902999512
103.031,2.0103386091060758,0.0056689348796104735,0.0007703821686149692
103.051,2.010343184504145,0.005669541272149374,0.0007703248380305228
103.071,2.0103477598046036,0.005670147631101298,0.0007702675023627537
103.091,2.010352335006921,0.005670753954246078,0.0007702101576624876
103.111,2.0103569101114265,0.005671360242212599,0.0007701528047862893
103.131,2.0103614851177056,0.005671966494484224,0.000770095443227703
103.151,2.0103660600262683,0.005672572711604535,0.0007700380745953583
103.171,2.0103706348366326,0.005673178892964138,0.000769980696808753
103.191,2.010375209549045,0.00567378503888028,0.000769923311165821
103.211,2.0103797841633875,0.005674391149678499,0.000769865918234719
103.231,2.010384358680007,0.005674997226180186,0.0007698085172503644
103.251,2.010388933098376,0.005675603266102571,0.0007697511072845276
103.271,2.0103935074183883,0.005676209269829888,0.0007696936880983163
103.291,2.0103980816409797,0.005676815239924711,0.0007696362633608789
103.311,2.010402655765461,0.005677421175410023,0.0007695788308360874
103.331,2.0104072297917375,0.005678027073924249,0.0007695213879473639
103.351,2.010411803719631,0.0056786329362704295,0.0007694639363027
103.371,2.010416377550042,0.005679238765810715,0.000769406480380791
103.391,2.010420951282123,0.005679844558843099,0.0007693490139073222
103.411,2.0104255249161986,0.005680450316440323,0.0007692915393200661
103.431,2.0104300984520465,0.005681056038204142,0.0007692340564834088
103.451,2.0104346718899317,0.005681661725325289,0.0007691765660529648
103.471,2.0104392452297426,0.005682267377612108,0.0007691190679492976
103.491,2.010443818471514,0.005682872994163026,0.0007690615618348717
103.511,2.0104483916149083,0.0056834785749305065,0.0007690040462761116
103.531,2.010452964660592,0.005684084121536161,0.0007689465244030691
103.551,2.0104575376077496,0.005684689631333359,0.0007688889925987485
103.571,2.0104621104573153,0.005685295108036522,0.0007688314556864584
103.591,2.0104666832083224,0.005685900547365247,0.0007687739070653676
103.611,2.0104712558613027,0.005686505952158432,0.0007687163522542007
103.631,2.0104758284159767,0.005687111321416746,0.0007686587890954888
103.651,2.0104804008729826,0.0056877166563878276,0.0007686012191999991
103.671,2.010484973231492,0.0056883219547451125,0.0007685436388759626
103.691,2.0104895454917413,0.00568892721823174,0.000768486050692907
103.711,2.0104941176538715,0.005689532446208199,0.0007684284554357046
103.731,2.010498689718303,0.005690137641361547,0.0007683708541756928
103.751,2.0105032616841463,0.0056907427985874535,0.0007683132411404059
103.771,2.010507833551798,0.005691347921300932,0.0007682556217362968
103.791,2.0105124053212355,0.005691953008795987,0.0007681979939865857
103.811,2.0105169769927915,0.005692558061791233,0.0007681403594029246
103.831,2.0105215485658876,0.005693163078497774,0.000768082715285695
103.851,2.0105261200406725,0.005693768059614657,0.0007680250624977347
103.871,2.0105306914173116,0.005694373006060542,0.0007679674027555039
103.891,2.010535262695937,0.005694977918111954,0.0007679097353614217
103.911,2.0105398338762024,0.00569558279410165,0.0007678520585680249
103.931,2.010544404958193,0.005696187635186154,0.0007677943752522898
103.951,2.0105489759420605,0.0056967924407362105,0.0007677366826380483
103.971,2.010553546827483,0.005697397210869948,0.0007676789823663488
103.991,2.010558117614837,0.005698001947016086,0.0007676212750039046
104.011,2.010562688304053,0.005698606647317996,0.000767563558826484
104.031,2.010567258894531,0.005699211311172234,0.0007675058326895579
104.051,2.010571829386946,0.0056998159408246235,0.000767448100981144
104.071,2.0105763997813892,0.005700420536028643,0.0007673903619433708
104.091,2.0105809700771555,0.00570102509453284,0.0007673326116999502
104.111,2.010585540275017,0.005701629619783583,0.0007672748566933674
104.131,2.0105901103742507,0.005702234108071862,0.0007672170902526254
104.151,2.0105946803753,0.005702838562184587,0.0007671593188119386
104.171,2.0105992502780308,0.005703442980545998,0.0007671015372299195
104.191,2.0106038200824248,0.005704047364007011,0.0007670437490821247
104.211,2.0106083897885374,0.0057046517121192184,0.0007669859519594813
104.231,2.010612959396185,0.0057052560246369875,0.0007669281461874788
104.251,2.0106175289055983,0.005705860302438619,0.0007668703331125126
104.271,2.010622098316635,0.005706464545193587,0.0007668125124731529
104.291,2.010626667629173,0.005707068751942391,0.0007667546820103455
104.311,2.010631236843755,0.005707672925371804,0.0007666968468379998
104.331,2.0106358059599176,0.005708277063059309,0.0007666390016306535
104.351,2.0106403749774535,0.005708881164668372,0.0007665811473462902
104.371,2.010644943896671,0.005709485231383487,0.0007665232859410953
104.391,2.0106495127172543,0.005710089262335686,0.0007664654159687811
104.411,2.0106540814401366,0.005710693260226132,0.0007664075406569604
104.431,2.0106586500640793,0.005711297221041784,0.0007663496528510783
104.451,2.010663218589732,0.0057119011475183735,0.0007662917599946251
104.471,2.010667787017019,0.005712505038615829,0.0007662338581581329
104.491,2.0106723553460633,0.005713108895122337,0.0007661759496668252
104.511,2.0106769235763124,0.005713712715351986,0.0007661180300402581
104.531,2.0106814917083677,0.005714316501098559,0.0007660601048110061
104.551,2.010686059741969,0.0057149202516629865,0.0007660021703258524
104.571,2.0106906276770387,0.005715523967295521,0.0007659442291232388
104.591,2.0106951955140526,0.005716127649230956,0.0007658862811138201
104.611,2.0106997632520724,0.0057167312935199515,0.0007658283210731642
104.631,2.010704330891707,0.005717334903047697,0.0007657703544565464
104.651,2.0107088984331076,0.005717938478144227,0.0007657123804506172
104.671,2.01071346587611,0.005718542018963538,0.0007656543987317466
104.691,2.010718033220294,0.005719145523018716,0.0007655964079416044
104.711,2.0107226004663703,0.005719748993511095,0.0007655384106139695
104.731,2.010727167613726,0.005720352428161815,0.0007654804037162677
104.751,2.010731734662626,0.005720955827771284,0.0007654223897668733
104.771,2.0107363016129924,0.005721559192543947,0.0007653643670119115
104.791,2.0107408684649672,0.00572216252216279,0.0007653063364208845
104.811,2.010745435218368,0.005722765816635606,0.0007652482984702447
104.831,2.0107500018732405,0.005723369075919972,0.00076519025147892
104.851,2.010754568429479,0.005723972300042356,0.0007651321972719782
104.871,2.010759134887288,0.005724575489429726,0.000765074134547683
104.891,2.0107637012465136,0.00572517864332036,0.0007650160634439795
104.911,2.0107682675074234,0.005725781763282035,0.0007649579863764355
104.931,2.0107728336694413,0.005726384846829683,0.0007648998984004785
104.951,2.010777399732948,0.005726987895287859,0.0007648418030803406
104.971,2.010781965698066,0.005727590909872768,0.0007647837019126302
104.991,2.010786531564344,0.005728193888335075,0.0007647255899461969
105.011,2.0107910973322753,0.005728796831848224,0.0007646674706577039
105.031,2.0107956630013897,0.005729399740182958,0.0007646093427911282
105.051,2.0108002285721196,0.005730002614032502,0.0007645512089277107
105.071,2.01080479404439,0.005730605453474844,0.00076449306636453
105.091,2.010809359417814,0.0057312082572736015,0.0007644349154919405
105.111,2.01081392469286,0.005731811026209379,0.0007643767565123638
105.131,2.010818489868894,0.005732413759089845,0.0007643185880628345
105.151,2.010823054946421,0.005733016457449194,0.0007642604133787645
105.171,2.010827619925483,0.005733619121032114,0.0007642022298297302
105.191,2.010832184805767,0.005734221749648797,0.0007641440390267762
105.211,2.010836749587589,0.005734824343458542,0.0007640858395724925
105.231,2.0108413142703965,0.005735426900779144,0.0007640276301708604
105.251,2.0108458788549526,0.005736029425515348,0.0007639694172381084
105.271,2.0108504433408383,0.00573663191415579,0.0007639111936682264
105.291,2.0108550077276295,0.005737234367089275,0.0007638529609944045
105.311,2.0108595720158857,0.005737836784705003,0.0007637947207558005
105.331,2.0108641362059414,0.00573843916943028,0.0007637364747807296
105.351,2.010868700296792,0.005739041517633613,0.0007636782181821844
105.371,2.0108732642890934,0.005739643831280049,0.0007636199554552081
105.391,2.010877828182699,0.00574024610979858,0.0007635616834673897
105.411,2.0108823919776238,0.005740848353329776,0.0007635034043650402
105.431,2.0108869556738296,0.005741450561772856,0.0007634451156296185
105.451,2.0108915192710497,0.005742052734928987,0.0007633868202315541
105.471,2.0108960827700426,0.005742654874527675,0.0007633285174439564
105.491,2.010900646169906,0.005743256977650152,0.0007632702045643203
105.511,2.0109052094712596,0.005743859046768657,0.0007632118859358938
105.531,2.010909772673819,0.005744461080523285,0.000763153557166274
105.551,2.0109143357773784,0.005745063078573845,0.0007630952207282327
105.571,2.0109188987824074,0.005745665042442704,0.000763036876800488
105.591,2.0109234616884906,0.0057462669706696366,0.0007629785240442777
105.611,2.0109280244960095,0.005746868865159748,0.0007629201649727857
105.631,2.0109325872046657,0.005747470723799789,0.0007628617967323781
105.651,2.010937149814704,0.005748072548418038,0.0007628034212159018
105.671,2.0109417123255984,0.005748674337234761,0.0007627450360933596
105.691,2.01094627473806,0.005749276092071846,0.0007626866457003945
105.711,2.0109508370513876,0.005749877810544393,0.0007626282434390896
105.731,2.0109553992660367,0.005750479495178967,0.0007625698369261857
105.751,2.010959961382112,0.0057510811448212,0.0007625114206006589
105.771,2.010964523398853,0.005751682758447366,0.0007624529952652004
105.791,2.010969085317292,0.005752284339192707,0.0007623945649114505
105.811,2.010973647136474,0.00575288588303125,0.0007623361233878023
105.831,2.010978208857315,0.005753487393719893,0.0007622776767014783
105.851,2.010982770478684,0.005754088867273566,0.0007622192183023568
105.871,2.0109873320014144,0.005754690306937375,0.0007621607539448072
105.891,2.010991893425353,0.005755291712366887,0.0007621022825518575
105.911,2.0109964547505235,0.005755893082251535,0.000762043801659007
105.931,2.0110010159766722,0.005756494417457071,0.0007619853137024457
105.951,2.011005577103996,0.005757095717894714,0.000761926816859132
105.971,2.0110101381323715,0.005757696983274576,0.0007618683128606807
105.991,2.011014699061963,0.005758298213837885,0.0007618098007052543
106.011,2.011019259892615,0.00575889940933493,0.0007617512797020165
106.031,2.0110238206242173,0.005759500569836149,0.0007616927511961968
106.051,2.0110283812569625,0.005760101695290872,0.0007616342143073329
106.071,2.0110329417909956,0.005760702787112747,0.0007615756704564547
106.091,2.0110375022257183,0.0057613038427075675,0.0007615171177151325
106.111,2.011042062561955,0.00576190486457546,0.000761458557665351
106.131,2.0110466227988004,0.005762505849943937,0.0007613999871442234
106.151,2.011051182936799,0.005763106801077928,0.0007613414104588045
106.171,2.0110557429762403,0.005763707719239545,0.0007612828286415185
106.191,2.011060302916379,0.005764308600624976,0.0007612242347450615
106.211,2.0110648627574097,0.005764909446544954,0.0007611656325437755
106.231,2.0110694224996393,0.005765510258603961,0.0007611070246646423
106.251,2.0110739821432437,0.005766111037214108,0.0007610484097323178
106.271,2.01107854168719,0.0057667117781546595,0.0007609897823511735
106.291,2.01108310113272,0.005767312486468747,0.0007609311514100714
106.311,2.011087660478998,0.005767913159397122,0.0007608725107260683
106.331,2.0110922197263132,0.005768513797287258,0.0007608138614159932
106.351,2.0110967788744287,0.005769114400010106,0.0007607552048708166
106.371,2.0111013379237748,0.005769714968110599,0.0007606965390232756
106.391,2.011105896873923,0.005770315501687918,0.0007606378674068492
106.411,2.011110455725314,0.005770916000671922,0.0007605791867832945
106.431,2.0111150144774466,0.005771516464392396,0.0007605204978249347
106.451,2.011119573130301,0.005772116891901125,0.0007604617988508922
106.471,2.0111241316843707,0.005772717286500515,0.0007604030952577667
106.491,2.011128690139516,0.005773317646605876,0.0007603443833115453
106.511,2.011133248495536,0.005773917971236406,0.0007602856627854648
106.531,2.0111378067525467,0.005774518261271344,0.0007602269332182277
106.551,2.0111423649098907,0.005775118514933017,0.0007601681951328321
106.571,2.011146922968809,0.0057757187358604195,0.0007601094520786056
106.591,2.011151480928515,0.005776318921386697,0.0007600506989038913
106.611,2.0111560387889647,0.0057769190718160324,0.0007599919380966158
106.631,2.011160596550576,0.005777519187974513,0.000759933169538346
106.651,2.011165154212656,0.005778119268128618,0.0007598743914054018
106.671,2.011169711775929,0.0057787193144724705,0.0007598156069712481
106.691,2.011174269240099,0.005779319326707651,0.0007597568142842792
106.711,2.0111788266048,0.0057799193025869795,0.0007596980121116759
106.731,2.0111833838706317,0.005780519244685591,0.0007596392041744893
106.751,2.011187941037432,0.005781119151728246,0.0007595803870057705
106.771,2.011192498104929,0.0057817190242298415,0.0007595215617672013
106.791,2.011197055073239,0.005782318861620148,0.0007594627292062395
106.811,2.0112016119424467,0.005782918664644886,0.0007594038884018994
106.831,2.01120616871257,0.005783518433242532,0.0007593450395207424
106.851,2.0112107253833593,0.005784118166413769,0.0007592861825451158
106.871,2.0112152819550406,0.005784717864802195,0.0007592273170673458
106.891,2.0112198384274516,0.0057853175282880235,0.000759168443893038
106.911,2.0112243948008697,0.005785917158058902,0.0007591095629758404
106.931,2.0112289510748895,0.0057865167524450666,0.0007590506747381098
106.951,2.011233507249818,0.005787116311787057,0.0007589917771198273
106.971,2.0112380633251967,0.005787715835732412,0.0007589328708171583
106.991,2.011242619301931,0.005788315327304828,0.0007588739603234251
107.011,2.0112471751792125,0.00578891478271098,0.0007588150385953729
107.031,2.0112517309569107,0.005789514201950283,0.0007587561077876115
107.051,2.011256286635865,0.005790113589402407,0.0007586971724662939
107.071,2.0112608422153673,0.005790712940760536,0.0007586382277672554
107.091,2.0112653976956607,0.005791312257315413,0.0007585792749248421
107.111,2.0112699530764866,0.005791911538676059,0.0007585203125297924
107.131,2.0112745083584116,0.005792510786405534,0.0007584613458019029
107.151,2.0112790635407993,0.005793109998521976,0.0007584023670452467
107.171,2.011283618623863,0.005793709176172619,0.0007583433821752861
107.191,2.011288173608106,0.00579430832054068,0.0007582843905656611
107.211,2.011292728492283,0.005794907427016108,0.0007582253870075106
107.231,2.011297283277715,0.005795506501625853,0.0007581663801629612
107.251,2.0113018379638823,0.005796105540924531,0.0007581073628049051
107.271,2.011306392550475,0.005796704544821018,0.0007580483375261293
107.291,2.011310947037831,0.0057973035144172624,0.0007579893038498764
107.311,2.011315501425757,0.0057979024491549075,0.0007579302621761042
107.331,2.0113200557144975,0.005798501350138988,0.0007578712151894429
107.351,2.0113246099040913,0.0057991002159643035,0.000757812157432286
107.371,2.0113291639938193,0.005799699045938993,0.0007577530910841679
107.391,2.011333717984758,0.005800297843317348,0.0007576940203557203
107.411,2.011338271876109,0.005800896605062953,0.0007576349390253923
107.431,2.011342825667967,0.005801495331489239,0.0007575758497513629
107.451,2.0113473793606715,0.005802094024260746,0.0007575167526558679
107.471,2.011351932953659,0.005802692681031836,0.0007574576474698724
107.491,2.011356486447673,0.005803291304728899,0.0007573985349928203
107.511,2.0113610398421984,0.005803889893766205,0.0007573394155312996
107.531,2.0113655931373158,0.005804488447441247,0.0007572802861149919
107.551,2.0113701463329248,0.0058050869667221,0.0007572211491776448
107.571,2.0113746994291497,0.005805685451180353,0.0007571620043783922
107.591,2.01137925242602,0.005806283901211253,0.0007571028523117862
107.611,2.0113838053234567,0.005806882316116551,0.0007570436901455091
107.631,2.0113883581213057,0.005807480696516317,0.0007569845211816417
107.651,2.0113929108197626,0.005808079042312076,0.0007569253441029045
107.671,2.0113974634190614,0.0058086773543166844,0.0007568661605993898
107.691,2.0114020159187453,0.005809275631560608,0.0007568069682173106
107.711,2.011406568319005,0.005809873873613904,0.000756747767350574
107.731,2.0114111206196648,0.005810472080714717,0.0007566885578488558
107.751,2.0114156728211783,0.005811070254721773,0.0007566293426227166
107.771,2.011420224922868,0.005811668392479447,0.0007565701165590522
107.791,2.0114247769251397,0.005812266495874895,0.0007565108835969059
107.811,2.0114293288279224,0.005812864564920737,0.0007564516432373436
107.831,2.0114338806313996,0.00581346259998974,0.0007563923947980777
107.851,2.0114384323353636,0.005814060600322298,0.0007563331389322248
107.871,2.0114429839396375,0.005814658565199458,0.0007562738727010243
107.891,2.011447535444335,0.005815256495978588,0.0007562146008892323
107.911,2.0114520868498342,0.005815854392517452,0.0007561553209109173
107.931,2.011456638155551,0.005816452254080197,0.000756096031832687
107.951,2.0114611893618575,0.005817050081621225,0.0007560367359552012
107.971,2.011465740468652,0.005817647874360288,0.0007559774312386469
107.991,2.0114702914756273,0.0058182456315722915,0.0007559181178034835
108.011,2.0114748423834556,0.005818843355652335,0.00075585879789139
108.031,2.011479393191495,0.005819441044385289,0.0007557994697276194
108.051,2.0114839439000427,0.005820038698510092,0.0007557401331261815
108.071,2.0114884945089786,0.005820636318515731,0.0007556807888397798
108.091,2.0114930450184207,0.0058212339040709625,0.0007556214369625336
108.111,2.0114975954280623,0.005821831454304662,0.0007555620764327364
108.131,2.011502145738261,0.005822428970331585,0.0007555027076671106
108.151,2.0115066959488677,0.005823026451639966,0.0007554433310771602
108.171,2.011511246059681,0.005823623898174384,0.0007553839461504619
108.191,2.0115157960711754,0.005824221311285773,0.0007553245551517596
108.211,2.0115203459832274,0.0058248186901013665,0.0007552651560323587
108.231,2.011524895795161,0.005825416033210666,0.0007552057468492024
108.251,2.011529445507716,0.005826013341820226,0.0007551463300666528
108.271,2.0115339951205398,0.005826610616489732,0.0007550869062886989
108.291,2.0115385446338556,0.005827207856650841,0.0007550274748112651
108.311,2.0115430940473313,0.005827805061356455,0.0007549680338674314
108.331,2.011547643361278,0.005828402232617448,0.0007549085864793914
108.351,2.011552192575819,0.0058289993697298636,0.0007548491306730576
108.371,2.0115567416902227,0.005829596470865142,0.0007547896656064368
108.391,2.0115612907049223,0.005830193537519051,0.0007547301936932649
108.411,2.0115658396206237,0.005830790572145641,0.0007546707158991028
108.431,2.0115703884360587,0.005831387570158357,0.0007546112270679639
108.451,2.0115749371519396,0.005831984534057776,0.0007545517312193828
108.471,2.0115794857680207,0.0058325814631362966,0.0007544922263652554
108.491,2.0115840342845184,0.005833178358412349,0.0007544327157949504
108.511,2.0115885827013265,0.00583377521894428,0.0007543731953043031
108.531,2.0115931310181727,0.005834372044227282,0.0007543136670188355
108.551,2.011597679235749,0.0058349688368513845,0.0007542541325233909
108.571,2.011602227353173,0.005835565593235394,0.0007541945877043155
108.591,2.0116067753710367,0.00583616231602446,0.0007541350368272248
108.611,2.011611323289136,0.005836759003944453,0.0007540754764798208
108.631,2.0116158711074035,0.00583735565785957,0.0007540159097152166
108.651,2.0116204188259657,0.005837952277144373,0.0007539563345874134
108.671,2.0116249664449035,0.005838548862442175,0.0007538967513361361
108.691,2.011629513963769,0.005839145411628355,0.0007538371579912939
108.711,2.0116340613831314,0.005839741928425504,0.0007537775605903352
108.731,2.011638608702576,0.005840338409856779,0.0007537179529085447
108.751,2.011643155922383,0.005840934856394801,0.0007536583362195426
108.771,2.0116477030420143,0.0058415312687305695,0.0007535987131986333
108.791,2.0116522500622214,0.005842127646650449,0.000753539082014032
108.811,2.011656796982458,0.00584272399066673,0.0007534794429461533
108.831,2.011661343802996,0.005843320300176367,0.0007534197961422129
108.851,2.011665890523616,0.005843916575280883,0.0007533601412637037
108.871,2.011670437144385,0.005844512815228123,0.0007533004772328766
108.891,2.011674983665235,0.00584510902113792,0.0007532408066333596
108.911,2.01167953008624,0.005845705192410339,0.000753181127394642
108.931,2.011684076407683,0.005846301330057846,0.000753121441037119
108.951,2.011688622629179,0.005846897433190683,0.0007530617458476885
108.971,2.011693168750509,0.005847493500832169,0.0007530020419878047
108.991,2.011697714772146,0.005848089534490265,0.0007529423319151407
109.011,2.0117022606942183,0.005848685535165653,0.0007528826139925338
109.031,2.0117068065159205,0.005849281499326123,0.0007528228857589248
109.051,2.0117113522379775,0.00584987743048316,0.0007527631518210176
109.071,2.011715897860153,0.005850473327043079,0.0007527034090044071
109.091,2.011720443382348,0.005851069188782114,0.0007526436587116381
109.111,2.011724988804615,0.005851665016122915,0.000752583898934428
109.131,2.0117295341271526,0.0058522608100667044,0.0007525241337755784
109.151,2.011734079349421,0.0058528565680136145,0.0007524643576612144
109.171,2.0117386244719913,0.0058534522924836106,0.0007524045761150844
109.191,2.011743169494691,0.005854047982854658,0.0007523447852623988
109.211,2.0117477144172375,0.005854643638244199,0.0007522849868135673
109.231,2.0117522592402373,0.00585523926092112,0.0007522251820098469
109.251,2.0117568039628027,0.005855834847057998,0.0007521653658783545
109.271,2.011761348585574,0.005856430399648162,0.0007521055447677338
109.291,2.011765893108533,0.005857025918318593,0.0007520457149325643
109.311,2.0117704375312724,0.005857621401770921,0.0007519858751367514
109.331,2.0117749818542814,0.005858216852000324,0.0007519260307329578
109.351,2.0117795260769884,0.00585881226676735,0.0007518661760154977
109.371,2.0117840702000285,0.005859407648176376,0.000751806313862291
109.391,2.011788614222792,0.005860002993958274,0.0007517464436074262
109.411,2.011793158145774,0.005860598306774691,0.0007516865661347516
109.431,2.0117977019684643,0.005861193584170227,0.0007516266797660265
109.451,2.0118022456915474,0.005861788828888324,0.0007515667874776477
109.471,2.0118067893143787,0.005862384037706768,0.0007515068850943996
109.491,2.011811332836999,0.005862979211978763,0.0007514469744621943
109.511,2.011815876259869,0.0058635743534717335,0.0007513870581325743
109.531,2.0118204195826315,0.005864169460041914,0.000751327132286761
109.551,2.0118249628052456,0.005864764531619009,0.0007512671985767938
109.571,2.0118295059277416,0.005865359569365445,0.0007512072568327532
109.591,2.0118340489504747,0.005865954572904791,0.0007511473082902065
109.611,2.011838591872852,0.005866549542046634,0.0007510873500957416
109.631,2.011843134695267,0.005867144476863159,0.000751027384799513
109.651,2.0118476774174847,0.005867739377360562,0.000750967412138176
109.671,2.011852220039761,0.005868334243704087,0.0007509074308195973
109.691,2.0118567625616777,0.0058689290749436036,0.0007508474413360777
109.711,2.011861304983894,0.0058695238735255225,0.0007507874452150343
109.731,2.0118658473055846,0.005870118636296741,0.0007507274387023588
109.751,2.0118703895274312,0.005870713365577832,0.0007506674260860102
109.771,2.0118749316490074,0.005871308060211198,0.0007506074063063084
109.791,2.011879473670766,0.005871902721273643,0.000750547377918076
109.811,2.011884015591754,0.005872497346181456,0.0007504873386275368
109.831,2.0118885574131644,0.005873091939083412,0.0007504272958451241
109.851,2.011893099134064,0.005873686495971305,0.0007503672414276852
109.871,2.0118976407551403,0.005874281020701915,0.0007503071826528984
109.891,2.011902182275904,0.005874875509575659,0.0007502471131814459
109.911,2.011906723696483,0.005875469964365078,0.0007501870370018038
109.931,2.011911265016967,0.0058760643857408545,0.0007501269533854438
109.951,2.011915806236945,0.005876658771079501,0.0007500668589931758
109.971,2.011920347357126,0.005877253124245399,0.0007500067600096916
109.991,2.0119248883771155,0.005877847443031638,0.0007499466527723375
110.011,2.0119294292966297,0.0058784417259246345,0.0007498865355997919
110.031,2.011933970115978,0.005879035974952188,0.000749826410869403
110.051,2.011938510835152,0.005879630190172837,0.000749766278540509
110.071,2.0119430514540144,0.005880224371150681,0.0007497061388179738
110.091,2.0119475919730037,0.005880818518998977,0.0007496459919590637
110.111,2.011952132391305,0.005881412630709891,0.0007495858345340223
110.131,2.0119566727095313,0.005882006708994929,0.0007495256713406784
110.151,2.0119612129276625,0.00588260075351498,0.0007494654999482819
110.171,2.011965753045543,0.005883194764120803,0.0007494053208335627
110.191,2.011970293062995,0.0058837887397153715,0.0007493451325367717
110.211,2.011974832980157,0.005884382681352235,0.0007492849376543598
110.231,2.0119793727974034,0.0058849765897339345,0.0007492247356477022
110.251,2.0119839125136627,0.005885570460803619,0.0007491645205088826
110.271,2.0119884521300855,0.005886164300661179,0.0007491043031126188
110.291,2.0119929916464603,0.005886758106636282,0.0007490440777599694
110.311,2.01199753106234,0.005887351877296113,0.000748983841568629
110.331,2.012002070377452,0.005887945612188489,0.0007489235971314678
110.351,2.0120066095927696,0.005888539314979911,0.0007488633469245609
110.371,2.0120111487075776,0.005889132982884246,0.0007488030874652496
110.391,2.012015687722176,0.005889726617557583,0.0007487428217807512
110.411,2.012020226636335,0.005890320216852079,0.000748682545741286
110.431,2.012024765450065,0.005890913782221629,0.0007486222632942519
110.451,2.0120293041637427,0.005891507314502052,0.0007485619739242277
110.471,2.0120338427768845,0.005892100811379357,0.0007485016748512985
110.491,2.0120383812895692,0.005892694274404005,0.0007484413680709512
110.511,2.012042919701971,0.005893287703321835,0.0007483810539191116
110.531,2.012047458014164,0.005893881098607882,0.0007483207317687257
110.551,2.012051996225538,0.005894474458500389,0.0007482604006810722
110.571,2.012056534337031,0.005895067785506378,0.0007482000631339192
110.591,2.0120610723476657,0.005895661076783425,0.0007481397149921021
110.611,2.012065610258223,0.005896254335338446,0.0007480793626957472
110.631,2.012070148068317,0.005896847559956486,0.0007480190006622645
110.651,2.0120746857779928,0.0058974407497325,0.0007479586308475616
110.671,2.0120792233872877,0.005898033905819495,0.0007478982526498423
110.691,2.0120837608959175,0.00589862702671405,0.0007478378660970286
110.711,2.0120882983043513,0.00589922011461687,0.0007477774734781228
110.731,2.012092835612466,0.005899813168396378,0.0007477170721941762
110.751,2.0120973728196168,0.005900406186916858,0.0007476566609957158
110.771,2.0121019099269426,0.005900999173328498,0.0007475962456572893
110.791,2.0121064469334193,0.005901592124189371,0.0007475358195180859
110.811,2.012110983839504,0.0059021850407623856,0.0007474753855029048
110.831,2.012115520645104,0.005902777923845296,0.000747414944770125
110.851,2.01212005735038,0.005903370773120571,0.0007473544961588974
110.871,2.0121245939549572,0.005903963587362039,0.0007472940383549953
110.891,2.0121291304591953,0.005904556368413014,0.0007472335747763514
110.911,2.012133666862967,0.005905149115308567,0.0007471731015033789
110.931,2.0121382031661232,0.005905741827830766,0.0007471126208073997
110.951,2.0121427393687337,0.005906334505966588,0.0007470521315114387
110.971,2.012147275470903,0.005906927150374633,0.0007469916357862871
110.991,2.0121518114725663,0.005907519760668908,0.0007469311309558913
111.011,2.012156347373442,0.005908112335587884,0.0007468706166010586
111.031,2.0121608831741176,0.005908704878651699,0.0007468100986884607
111.051,2.0121654188742992,0.005909297387525783,0.0007467495708674832
111.071,2.012169954473537,0.005909889860303029,0.0007466890330748432
111.091,2.012174489972507,0.005910482300554351,0.0007466284897670594
111.111,2.012179025370795,0.005911074705800995,0.0007465679369038358
111.131,2.0121835606686527,0.005911667078440296,0.0007465073781779963
111.151,2.0121880958657843,0.005912259416184722,0.0007464468094715571
111.171,2.012192630962303,0.005912851719236955,0.000746386233504287
111.191,2.012197165958465,0.0059134439895719365,0.0007463256506707039
111.211,2.0122017008537676,0.00591403622504808,0.000746265059390433
111.231,2.012206235648678,0.00591462842650584,0.0007462044594035988
111.251,2.0122107703426293,0.005915220593266612,0.0007461438510738272
111.271,2.012215304936437,0.00591581272769681,0.0007460832368001435
111.291,2.0122198394291626,0.005916404826019351,0.0007460226125419467
111.311,2.012224373821725,0.005916996892783845,0.0007459619827613062
111.331,2.01222890811338,0.00591758892403727,0.000745901343431915
111.351,2.0122334423044084,0.005918180921621512,0.0007458406967233711
111.371,2.0122379763947222,0.005918772884403763,0.000745780041186056
111.391,2.012242510384424,0.005919364813750274,0.0007457193787180072
111.411,2.012247044273769,0.005919956710075688,0.000745658708795699
111.431,2.0122515780618877,0.005920548570359377,0.0007455980286144304
111.451,2.012256111749792,0.005921140398504339,0.0007455373437034174
111.471,2.01226064533668,0.005921732191348409,0.0007454766479797481
111.491,2.012265178823137,0.005922323951028597,0.0007454159467664423
111.511,2.0122697122087003,0.005922915675779505,0.0007453552350285275
111.531,2.012274245493507,0.005923507367105376,0.00074529451752256
111.551,2.0122787786779424,0.005924099025226828,0.0007452337920535734
111.571,2.012283311761413,0.005924690648418951,0.00074517305818389
111.591,2.0122878447443435,0.005925282238467496,0.0007451123167413476
111.611,2.012292377626346,0.005925873793294292,0.0007450515660433477
111.631,2.0122969104075903,0.005926465314432192,0.0007449908082817203
111.651,2.0123014430884107,0.005927056803377708,0.0007449300437542827
111.671,2.012305975668144,0.005927648256657407,0.00074486927058795
111.691,2.0123105081472357,0.005928239676008922,0.0007448084892405782
111.711,2.012315040525694,0.0059288310618940895,0.0007447477000746272
111.731,2.0123195728030807,0.0059294224131329135,0.0007446869022970093
111.751,2.0123241049800993,0.005930013731826664,0.0007446260983089981
111.771,2.012328637056008,0.005930605014927907,0.0007445652842953399
111.791,2.0123331690311685,0.005931196265092403,0.0007445044639973475
111.811,2.012337700905738,0.005931787481754429,0.0007444436363711338
111.831,2.012342232679305,0.005932378663136067,0.0007443827988861118
111.851,2.012346764352106,0.005932969811097534,0.0007443219547503266
111.871,2.012351295923983,0.005933560924929854,0.0007442611014426004
111.891,2.0123558273954183,0.0059341520060025715,0.000744200242613291
111.911,2.01236035876557,0.005934743051790697,0.000744139373338587
111.931,2.012364890035278,0.005935334064907609,0.0007440784985935922
111.951,2.012369421204006,0.005935925043316486,0.0007440176138553967
111.971,2.0123739522714783,0.005936515986349491,0.0007439567200704378
111.991,2.012378483238754,0.0059371068979666665,0.0007438958225564896
112.011,2.0123830141045898,0.0059376977739848645,0.0007438349128389143
112.031,2.0123875448699544,0.005938288617489683,0.0007437739992557924
112.051,2.0123920755343088,0.00593887942582259,0.0007437130745567289
112.071,2.012396606097888,0.005939470201580988,0.0007436521442353572
112.091,2.012401136560512,0.0059400609422828494,0.0007435912047573101
112.111,2.012405666922057,0.005940651649087003,0.0007435302570279467
112.131,2.0124101971828874,0.005941242322546972,0.0007434693019396366
112.151,2.012414727342968,0.005941832963063574,0.0007434083410633174
112.171,2.012419257402026,0.005942423567907007,0.000743347368798164
112.191,2.0124237873599355,0.005943014139420161,0.0007432863897129105
112.211,2.012428317216998,0.0059436046772786185,0.000743225403861264
112.231,2.0124328469734776,0.005944195181570126,0.0007431644093231216
112.251,2.012437376628414,0.005944785650461266,0.0007431034056149255
112.271,2.0124419061829184,0.005945376087482154,0.0007430423968132482
112.291,2.0124464356363663,0.005945966490012146,0.0007429813786969941
112.311,2.012450964988576,0.005946556858143069,0.0007429203522468786
112.331,2.012455494240117,0.005947147192609836,0.0007428593184529153
112.351,2.012460023390656,0.0059477374938240474,0.0007427982772538477
112.371,2.0124645524401097,0.005948327760757265,0.0007427372267700683
112.391,2.012469081388682,0.005948917994199793,0.0007426761701417872
112.411,2.0124736102362464,0.005949508193465592,0.000742615104583344
112.431,2.0124781389825412,0.0059500983578073515,0.0007425540296405186
112.451,2.012482667627891,0.005950688488745174,0.0007424929483286491
112.471,2.012487196172685,0.005951278587656872,0.0007424318603894697
112.491,2.0124917246159124,0.005951868651089551,0.0007423707630789256
112.511,2.012496252958586,0.005952458681728326,0.0007423096589099509
112.531,2.012500781199998,0.005953048678364704,0.0007422485472139417
112.551,2.0125053093404235,0.005953638640672418,0.0007421874255425231
112.571,2.012509837379644,0.005954228568516219,0.0007421262961999631
112.591,2.012514365317809,0.005954818462877008,0.0007420651595996253
112.611,2.0125188931549465,0.005955408323862492,0.0007420040149364038
112.631,2.012523420891268,0.005955998151665066,0.0007419428641325942
112.651,2.0125279485264067,0.00595658794522035,0.0007418817037028458
112.671,2.012532476060434,0.005957177704917722,0.0007418205361973129
112.691,2.0125370034932026,0.005957767429718859,0.0007417593593947169
112.711,2.0125415308250747,0.005958357121969175,0.0007416981760654529
112.731,2.0125460580558028,0.005958946780144478,0.000741636984197519
112.751,2.0125505851853265,0.005959536404411738,0.0007415757844726756
112.771,2.0125551122138625,0.005960125995274079,0.000741514578393887
112.791,2.0125596391415375,0.0059607155529027185,0.0007414533633199882
112.811,2.0125641659674183,0.005961305074288707,0.0007413921375572508
112.831,2.012568692692712,0.005961894564645301,0.0007413309090628928
112.851,2.0125732193168453,0.005962484020224789,0.0007412696700529742
112.871,2.0125777458394523,0.005963073441379389,0.0007412084230401794
112.891,2.012582272261403,0.005963662830047112,0.0007411471694116767
112.911,2.012586798581599,0.005964252182897451,0.0007410859047721763
112.931,2.012591324801097,0.005964841504206896,0.000741024636257609
112.951,2.012595850919579,0.005965430792109327,0.0007409633589894882
112.971,2.0126003769363625,0.00596602004391517,0.0007409020714837511
112.991,2.0126049028524946,0.005966609264569871,0.0007408407794691485
113.011,2.01260942866668,0.005967198447509134,0.0007407794738142626
113.031,2.012613954380091,0.0059677875996113445,0.0007407181655093575
113.051,2.0126184799928164,0.005968376719399595,0.0007406568502429101
113.071,2.0126230055036203,0.005968965802356157,0.0007405955221378158
113.091,2.012627530913487,0.005969554853615885,0.0007405341911152497
113.111,2.012632056222105,0.005970143870108166,0.0007404728487554746
113.131,2.012636581429422,0.005970732852725248,0.0007404114993368738
113.151,2.0126411065354364,0.0059713218021268,0.0007403501428624726
113.171,2.012645631540245,0.0059719107169484975,0.0007402887771128519
113.191,2.0126501564441073,0.005972499600302432,0.0007402274064280678
113.211,2.0126546812463486,0.005973088447557359,0.0007401660237117413
113.231,2.0126592059474424,0.0059736772622497715,0.0007401046369791553
113.251,2.012663730547454,0.005974266044054612,0.0007400432411910629
113.271,2.012668255045925,0.005974854790450152,0.0007399818367850586
113.291,2.0126727794432484,0.0059754435037149885,0.0007399204237485413
113.311,2.012677303739223,0.005976032184090194,0.0007398590049354503
113.331,2.012681827933938,0.005976620829524947,0.0007397975768177467
113.351,2.0126863520271416,0.005977209441090585,0.0007397361399326952
113.371,2.012690876019179,0.005977798019816039,0.0007396746972424539
113.391,2.012695399910048,0.00597838656498663,0.0007396132459394911
113.411,2.012699923699522,0.005978975076448488,0.0007395517869214219
113.431,2.0127044473875877,0.005979563554144791,0.0007394903204931136
113.451,2.0127089709744683,0.005980151998392633,0.0007394288457512888
113.471,2.012713494459739,0.005980740407765318,0.0007393673621239882
113.491,2.0127180178438597,0.005981328784840955,0.0007393058721834878
113.511,2.012722541126572,0.005981917127458998,0.0007392443733376108
113.531,2.0127270643080335,0.005982505437398069,0.0007391828677688062
113.551,2.01273158738803,0.005983093713144667,0.0007391213534417573
113.571,2.0127361103664527,0.00598368195418065,0.000739059830367178
113.591,2.0127406332439315,0.005984270163541394,0.0007389983015870516
113.611,2.012745156019541,0.005984858337342265,0.0007389367630898369
113.631,2.012749678694017,0.005985446478498609,0.0007388752176006319
113.651,2.0127542012669375,0.005986034585384884,0.0007388136634052245
113.671,2.0127587237386915,0.005986622659830798,0.000738752102779211
113.691,2.012763246108856,0.005987210699675073,0.0007386905333473248
113.711,2.012767768377783,0.005987798706446831,0.0007386289564003112
113.731,2.012772290544818,0.0059883866780088175,0.0007385673695395334
113.751,2.0127768126108694,0.005988974618540784,0.0007385057795565864
113.771,2.0127813345754264,0.005989562523945247,0.0007384441778253703
113.791,2.0127858564382595,0.005990150395212088,0.0007383825687596324
113.811,2.012790378199791,0.005990738233210528,0.0007383209517384248
113.831,2.0127948998598764,0.005991326037759099,0.0007382593277425742
113.851,2.0127994214186593,0.0059919138097276736,0.0007381976967900938
113.871,2.012803942875726,0.005992501546504564,0.0007381360551528826
113.891,2.012808464231455,0.005993089250999829,0.0007380744091695646
113.911,2.0128129854856507,0.00599367692099748,0.0007380127522955138
113.931,2.0128175066383016,0.005994264557977917,0.000737951089105876
113.951,2.0128220276894244,0.005994852160628498,0.0007378894168192374
113.971,2.012826548639022,0.005995439730422961,0.0007378277385003962
113.991,2.0128310694876568,0.005996027268041827,0.0007377660534173824
114.011,2.0128355902340127,0.0059966147693818915,0.000737704356896407
114.031,2.012840110879128,0.005997202238435392,0.0007376426543372616
114.051,2.012844631422692,0.0059977896731423334,0.0007375809428786517
114.071,2.012849151864509,0.005998377074292124,0.0007375192237771
114.091,2.012853672205081,0.005998964442969528,0.0007374574989661431
114.111,2.0128581924440785,0.00599955177752236,0.0007373957644944973
114.131,2.0128627125813883,0.0060001390785558075,0.0007373340219439528
114.151,2.0128672326171926,0.006000726346257796,0.0007372722732481851
114.171,2.012871752551407,0.006001313579421403,0.0007372105142320895
114.191,2.0128762723839406,0.006001900780002984,0.0007371487491845685
114.211,2.0128807921151823,0.0060024879474778825,0.000737086977132706
114.231,2.012885311744687,0.006003075080780452,0.0007370251950125917
114.251,2.0128898312723975,0.006003662179816025,0.0007369634049883556
114.271,2.012894350698567,0.006004249246121744,0.0007369016082285074
114.291,2.0128988700232484,0.006004836278869467,0.0007368398041678048
114.311,2.012903389246171,0.006005423277251917,0.0007367779900752103
114.331,2.012907908367362,0.006006010242621449,0.0007367161695999436
114.351,2.0129124273872603,0.0060065971750572905,0.0007366543420113392
114.371,2.0129169463054684,0.006007184073897296,0.0007365925058881173
114.391,2.0129214651218317,0.006007770938930805,0.0007365306624487755
114.411,2.0129259838365945,0.0060083577705537725,0.0007364688105052364
114.431,2.012930502449767,0.00600894456818981,0.0007364069503815462
114.451,2.012935020961117,0.006009531332033649,0.0007363450818961281
114.471,2.01293953937089,0.00601011806353731,0.0007362832077544568
114.491,2.012944057679034,0.0060107047611767045,0.0007362213245856175
114.511,2.012948575885389,0.006011291425247006,0.0007361594339197475
114.531,2.0129530939902174,0.006011878055712429,0.0007360975342524945
114.551,2.0129576119930386,0.006012464651815682,0.00073603562698632
114.571,2.012962129894374,0.006013051215885484,0.0007359737131997779
114.591,2.0129666476938874,0.00601363774505557,0.0007359117895119338
114.611,2.0129711653917988,0.006014224241963242,0.0007358498602464125
114.631,2.012975682988127,0.006014810705877572,0.0007357879228603592
114.651,2.012980200482427,0.006015397135152478,0.0007357259771079705
114.671,2.0129847178751543,0.006015983531580789,0.0007356640225309186
114.691,2.0129892351657572,0.006016569893143744,0.0007356020600585156
114.711,2.0129937523551193,0.006017156223002809,0.0007355400920047162
114.731,2.0129982694424187,0.00601774251797021,0.0007354781130548271
114.751,2.0130027864280504,0.0060183287808259845,0.000735416129253097
114.771,2.013007303311967,0.00601891500979064,0.0007353541363158134
114.791,2.0130118200938107,0.006019501203832883,0.0007352921335881668
114.811,2.013016336774144,0.006020087366011259,0.0007352301256812188
114.831,2.013020853352722,0.0060206734947620445,0.0007351681098257123
114.851,2.0130253698291485,0.00602125958876437,0.0007351060844091317
114.871,2.0130298862041527,0.0060218456512139236,0.000735044053223971
114.891,2.0130344024774174,0.006022431679888048,0.0007349820142202312
114.911,2.0130389186483697,0.006023017673820047,0.0007349199648673532
114.931,2.013043434717826,0.006023603635550601,0.0007348579106023212
114.951,2.0130479506855172,0.00602418956353736,0.0007347958467681104
114.971,2.013052466550893,0.0060247754565903085,0.0007347337737521886
114.991,2.0130569823149718,0.006025361318398656,0.0007346716960224264
115.011,2.013061497976981,0.006025947146154673,0.0007346096098377886
115.031,2.0130660135371152,0.006026532940358934,0.0007345475143155089
115.051,2.0130705289952373,0.0060271187002463745,0.0007344854109780086
115.071,2.0130750443518792,0.006027704428405373,0.0007344233025073643
115.091,2.013079559606468,0.006028290122496906,0.0007343611832544006
115.111,2.0130840747589005,0.006028875782369285,0.0007342990560614548
115.131,2.0130885898097914,0.006029461410242791,0.0007342369231077284
115.151,2.01309310475849,0.006030047003605865,0.0007341747805578724
115.171,2.013097619605521,0.00603063256435917,0.0007341126319051483
115.191,2.013102134350567,0.006031218091516289,0.0007340504749135945
115.211,2.013106648993628,0.006031803584915222,0.0007339883090763943
115.231,2.013111163534583,0.006032389044467713,0.0007339261352045656
115.251,2.0131156779740413,0.006032974472167032,0.0007338639561555171
115.271,2.013120192311407,0.006033559865502738,0.0007338017664823282
115.291,2.013124706546461,0.006034145224738443,0.0007337395689844539
115.311,2.013129220679894,0.006034730551480539,0.0007336773650326311
115.331,2.0131337347112765,0.0060353158445036765,0.0007336151521749046
115.351,2.013138248640764,0.006035901104801765,0.000733552933131626
115.371,2.013142762468233,0.006036486331705114,0.0007334907057194584
115.391,2.0131472761938687,0.006037071524981019,0.0007334284694419935
115.411,2.0131517898170475,0.006037656684040415,0.0007333662254450368
115.431,2.0131563033386746,0.006038241811333493,0.0007333039745263947
115.451,2.013160816758214,0.006038826904524288,0.0007332417155417881
115.471,2.013165330075814,0.006039411964554927,0.0007331794485827547
115.491,2.013169843291203,0.006039996990948961,0.0007331171730876329
115.511,2.0131743564046114,0.0060405819842595,0.0007330548912488355
115.531,2.013178869416001,0.006041166943499749,0.0007329925999934594
115.551,2.013183382325431,0.00604175187070221,0.0007329303025779832
115.571,2.013187895132899,0.006042336764127296,0.0007328679964450358
115.591,2.0131924078380066,0.0060429216230932226,0.0007328056818257656
115.611,2.0131969204413913,0.006043506450526081,0.0007327433612449585
115.631,2.013201432942546,0.006044091243795679,0.0007326810316254373
115.651,2.013205945341705,0.00604467600379237,0.000732618693850412
115.671,2.0132104576383867,0.006045260729265655,0.0007325563472726226
115.691,2.0132149698337805,0.006045845424396848,0.0007324939975619504
115.711,2.0132194819266096,0.006046430083996681,0.0007324316347021853
115.731,2.013223993917178,0.006047014710275059,0.0007323692667917381
115.751,2.01322850580613,0.006047599304568862,0.0007323068912009623
115.771,2.0132330175923423,0.006048183863710845,0.0007322445052449222
115.791,2.013237529276898,0.00604876839118127,0.0007321821142328155
115.811,2.0132420408591316,0.00604935288460372,0.0007321197143095592
115.831,2.0132465523395133,0.006049937345435586,0.000732057306713052
115.851,2.013251063717392,0.006050521772003699,0.0007319948906026608
115.871,2.0132555749933676,0.0060511061655634905,0.0007319324674480432
115.891,2.0132600861670564,0.006051690526133476,0.0007318700364938591
115.911,2.0132645972389027,0.006052274854659657,0.0007318075992921724
115.931,2.0132691082080614,0.006052859147341527,0.0007317451501785699
115.951,2.0132736190754645,0.006053443408692901,0.0007316826975018176
115.971,2.0132781298405993,0.006054027636258254,0.0007316202351542178
115.991,2.013282640503525,0.006054611830350405,0.0007315577645697346
116.011,2.0132871510641777,0.006055195990938659,0.0007314952859833468
116.031,2.0132916615228282,0.006055780118697595,0.0007314327997827441
116.051,2.0132961718788454,0.006056364212094804,0.0007313703056098797
116.071,2.0133006821331403,0.006056948274021529,0.0007313078054871913
116.091,2.01330519228494,0.006057532301987486,0.0007312452961364679
116.111,2.0133097023347806,0.0060581162974828046,0.0007311827795437043
116.131,2.0133142122821126,0.006058700258261844,0.000731120254044676
116.151,2.013318722127414,0.006059284187032364,0.0007310577218413439
116.171,2.013323231870273,0.006059868081695169,0.0007309951810860749
116.191,2.013327741511134,0.006060451944086483,0.0007309326334775934
116.211,2.013332251049535,0.00606103577238643,0.0007308700771577192
116.231,2.013336760485729,0.006061619567476709,0.0007308075128060476
116.251,2.013341269819556,0.006062203329421771,0.0007307449408653077
116.271,2.0133457790515457,0.006062787060216806,0.0007306823638966176
116.291,2.0133502881808334,0.006063370755526829,0.0007306197754453347
116.311,2.0133547972078745,0.0060639544177600695,0.0007305571800422239
116.331,2.0133593061325,0.0060645380468127156,0.0007304945769424365
116.351,2.013363814955013,0.006065121642839227,0.0007304319662879699
116.371,2.0133683236754076,0.00606570520699497,0.0007303693495989971
116.391,2.0133728322929887,0.006066288734942406,0.0007303067200239433
116.411,2.0133773408085673,0.006066872232062243,0.0007302440877520744
116.431,2.01338184922182,0.006067455695549987,0.000730181445473127
116.451,2.013386357532591,0.006068039125834566,0.0007301187957226007
116.471,2.0133908657410386,0.006068622522891815,0.0007300561385606696
116.491,2.0133953738473753,0.006069205886776176,0.0007299934735454927
116.511,2.013399881851112,0.0060697892177612196,0.0007299308005986049
116.531,2.013404389752561,0.006070372515084144,0.0007298681190844314
116.551,2.0134088975516216,0.006070955779412142,0.0007298054311378477
116.571,2.013413405248441,0.006071539010975013,0.0007297427348542385
116.591,2.0134179128425598,0.006072122208290908,0.0007296800292188876
116.611,2.013422420334642,0.00607270537423147,0.0007296173186364108
116.631,2.0134269277242076,0.006073288505987285,0.0007295545987819618
116.651,2.0134314350110802,0.006073871603830009,0.0007294918701182262
116.671,2.0134359421959838,0.006074454669690126,0.0007294291351892523
116.691,2.0134404492781695,0.006075037701292687,0.0007293663911095705
116.711,2.0134449562580694,0.006075620701107414,0.0007293036406421649
116.731,2.013449463135541,0.0060762036672110595,0.0007292408823927343
116.751,2.0134539699105627,0.006076786600146073,0.0007291781151989307
116.771,2.0134584765831143,0.00607736949997055,0.0007291153402311512
116.791,2.013462983153149,0.006077952366271547,0.0007290525582745733
116.811,2.0134674896208917,0.006078535200627308,0.0007289897691274139
116.831,2.0134719959862295,0.0060791180014779875,0.0007289269719820135
116.851,2.013476502248894,0.006079700768607996,0.0007288641651626293
116.871,2.0134810084090997,0.006080283502635587,0.000728801352259445
116.891,2.0134855144669452,0.006080866204384551,0.0007287385317907014
116.911,2.0134900204221386,0.006081448871821757,0.0007286757019666357
116.931,2.0134945262748665,0.006082031506397745,0.000728612864867445
116.951,2.013499032025197,0.006082614108783671,0.0007285500209326667
116.971,2.0135035376729276,0.006083196677378099,0.0007284871681408345
116.991,2.013508043218061,0.0060837792127564514,0.0007284243078682362
117.011,2.013512548660843,0.0060843617155487435,0.0007283614405788064
117.031,2.01351705400112,0.006084944185350777,0.0007282985648046636
117.051,2.0135215592388036,0.0060855266218677985,0.000728235681660333
117.071,2.0135260643738864,0.006086109025162122,0.0007281727898166002
117.091,2.0135305694062207,0.0060866913949340256,0.0007281098905784211
117.111,2.0135350743363216,0.006087273732357608,0.0007280469842120829
117.131,2.013539579163686,0.006087856036176952,0.0007279840686484629
117.151,2.013544083888683,0.0060884383076582,0.0007279211470328784
117.171,2.013548588510865,0.006089020545282582,0.0007278582165565761
117.191,2.0135530930305574,0.006089602750850187,0.0007277952798124265
117.211,2.013557597447809,0.006090184923111043,0.0007277323342413378
117.231,2.013562101762436,0.00609076706218069,0.0007276693809172841
117.251,2.0135666059740407,0.006091349167032488,0.0007276064174639996
117.271,2.013571110083375,0.00609193123992275,0.0007275434495112865
117.291,2.01357561409016,0.006092513280195603,0.000727480472982267
117.311,2.0135801179941866,0.006093095286707253,0.0007274174879061124
117.331,2.013584621795509,0.00609367725980099,0.0007273544954929101
117.351,2.0135891254941924,0.006094259200299963,0.0007272914946561126
117.371,2.0135936290906757,0.0060948411089861935,0.0007272284883956814
117.391,2.0135981325838954,0.00609542298272386,0.0007271654706390296
117.411,2.0136026359747197,0.006096004824317691,0.0007271024473778087
117.431,2.0136071392626835,0.0060965866324289445,0.0007270394159558935
117.451,2.0136116424484203,0.006097168408799178,0.0007269763779931548
117.471,2.0136161455312593,0.006097750151589572,0.000726913331060064
117.491,2.0136206485113046,0.00609833186076709,0.0007268502755522765
117.511,2.013625151388675,0.00609891353712683,0.0007267872134752995
117.531,2.013629654163654,0.006099495181397361,0.0007267241445062522
117.551,2.013634156835364,0.006100076790356318,0.0007266610634638071
117.571,2.013638659404611,0.006100658368420563,0.0007265979801055755
117.591,2.0136431618716397,0.0061012399143294095,0.0007265348877227573
117.611,2.013647664235095,0.006101821424080969,0.0007264717834185863
117.631,2.0136521664962834,0.006102402902906174,0.0007264086753250021
117.651,2.013656668654782,0.00610298434885002,0.0007263455577875833
117.671,2.013661170710412,0.006103565761573058,0.0007262824341729701
117.691,2.013665672663171,0.006104147140791952,0.0007262193011055018
117.711,2.013670174513527,0.006104728488303323,0.0007261561620399148
117.731,2.01367467626079,0.006105309801322852,0.000726093012757334
117.751,2.013679177905526,0.006105891083060899,0.000726029858893279
117.771,2.01368367944716,0.006106472329906884,0.0007259666939153642
117.791,2.01368818088627,0.006107053545066332,0.0007259035232694555
117.811,2.013692682222298,0.006107634725753445,0.0007258403418208825
117.831,2.013697183455879,0.0061082158757262885,0.0007257771572219684
117.851,2.013701684586591,0.006108796991519302,0.0007257139615278185
117.871,2.0137061856142697,0.006109378074163119,0.0007256507588302985
117.891,2.0137106865394,0.00610995912488934,0.0007255875502190645
117.911,2.0137151873614836,0.006110540141625476,0.0007255243309376991
117.931,2.01371968808078,0.006111121125762096,0.0007254611055380333
117.951,2.01372418869747,0.006111702077765184,0.0007253978737290501
117.971,2.013728689211046,0.0061122829956247165,0.0007253346307224962
117.991,2.0137331896217323,0.006112863881242041,0.0007252713823519552
118.011,2.01373768992983,0.006113444734007638,0.0007252081264846888
118.031,2.013742190134698,0.00611402555293098,0.0007251448603900201
118.051,2.0137466902368577,0.006114606339803109,0.0007250815887619166
118.071,2.0137511902362357,0.006115187094991889,0.0007250183097809171
118.091,2.0137556901320766,0.006115767816327582,0.0007249550199380783
118.111,2.013760189924637,0.006116348505690375,0.0007248917245470665
118.131,2.0137646896146584,0.006116929164817151,0.0007248284236699987
118.151,2.0137691892008314,0.006117509789022653,0.0007247651096176921
118.171,2.013773688684004,0.006118090382142964,0.0007247017913737941
118.191,2.013778188064076,0.006118670943396156,0.0007246384646839577
118.211,2.013782687340901,0.006119251472099457,0.0007245751303614212
118.231,2.0137871865146275,0.0061198319695108675,0.0007245117889588815
118.251,2.013791685585075,0.0061204124338562526,0.000724448438384151
118.271,2.013796184552094,0.006120992865844822,0.0007243850807332197
118.291,2.0138006834160467,0.006121573265321737,0.0007243217146080116
118.311,2.013805182176475,0.0061221536319859375,0.0007242583402338187
118.331,2.0138096808342363,0.006122733968776584,0.0007241949611939136
118.351,2.013814179388342,0.006123314271718625,0.0007241315708191587
118.371,2.013818677839316,0.006123894542998203,0.0007240681748487132
118.391,2.013823176186933,0.00612447478114133,0.0007240047690983131
118.411,2.0138276744311048,0.006125054987609538,0.0007239413573238429
118.431,2.013832172572537,0.0061256351637021915,0.0007238779394678208
118.451,2.013836670610275,0.0061262153057108915,0.0007238145107218708
118.471,2.0138411685447712,0.0061267954157159694,0.0007237510750580656
118.491,2.013845666376135,0.006127375494213984,0.0007236876324420438
118.511,2.013850164103912,0.006127955539387756,0.0007236241808879496
118.531,2.0138546617284985,0.006128535553157333,0.0007235607218449291
118.551,2.0138591592498414,0.006129115534815433,0.0007234972560025699
118.571,2.013863656667636,0.006129695483397252,0.0007234337801464152
118.591,2.013868153982365,0.006130275401149305,0.0007233702997815061
118.611,2.0138726511938576,0.0061308552871482515,0.0007233068098892181
118.631,2.0138771483016193,0.006131435139028643,0.000723243310998184
118.651,2.013881645306158,0.006132014959446781,0.0007231798057180383
118.671,2.013886142207538,0.006132594748700912,0.0007231162934291102
118.691,2.0138906390050932,0.006133174503772519,0.0007230527708303736
118.711,2.013895135699732,0.006133754228899222,0.0007229892435000607
118.731,2.0138996322908778,0.006134333921251624,0.0007229257070774653
118.751,2.0139041287785937,0.006134913581403905,0.0007228621633690036
118.771,2.0139086251630425,0.006135493209645222,0.0007227986111770501
118.791,2.013913121443637,0.0061360728042223036,0.0007227350501274599
118.811,2.013917617621223,0.006136652368358394,0.0007226714839483062
118.831,2.0139221136956538,0.0061372319010010905,0.0007226079096885607
118.851,2.0139266096661346,0.006137811399308294,0.0007225443246890451
118.871,2.0139311055333877,0.006138390867315496,0.0007224807355286356
118.891,2.0139356012972787,0.0061389703024426045,0.0007224171367030963
118.911,2.0142454329891444,0.006119633216774138,0.0007141051266371656
118.931,2.0149603283873403,0.006079673949313803,0.0007856282940200132
118.951,2.0160764958766766,0.006012890104443044,0.0009060889634949498
118.971,2.0175611508051134,0.005925044529152401,0.0010443051188694652
118.991,2.019480915418103,0.005806353423117873,0.0011826990591854714
119.011,2.021781512539961,0.005663890402541452,0.0012953683811087469
119.031,2.0244812683518902,0.005494571166401887,0.0013527123447231448
119.051,2.027614774933587,0.005297144880283433,0.0013128481958169513
119.071,2.0311237663988373,0.005072659239384636,0.0011165217957171403
119.091,2.0350214708465306,0.004819273783653601,0.000808246444631594
119.111,2.0394088967656696,0.004525090528265796,0.0010691902612759152
119.131,2.0439752878946655,0.004279603574577532,0.0013238839770738364
119.151,2.0491026980493006,0.003957700124237463,0.0014087302421307013
119.171,2.054620365443874,0.003605293471156989,0.0011680548935094348
119.191,2.060543120220126,0.0031286240158657683,0.0009304415999518423
119.211,2.066979307876815,0.002793208111355006,0.0014125730971307204
119.231,2.07356871486147,0.0023601116674456394,0.0015451479166327386
119.251,2.0796101341252227,0.0019922950182522745,0.0009779427806172192
119.271,2.0870292506546506,0.001434663648136162,0.001283482139584291
119.291,2.094405840383078,0.000938599248122703,0.001514764712502309
119.311,2.10126010628034,0.0005770598747952098,0.00116187623389985
119.331,2.1092760715677032,-1.1632906710792954e-05,0.0012293413765776806
119.351,2.1169327454327522,-0.00037684121045440926,0.001701363255056182
119.371,2.12448534902145,-0.000805644103479417,0.0015774810048953813
119.391,2.1332182948618192,-0.0013045930330246574,0.0021185838154188785
119.411,2.140587362919202,-0.001405769616345887,0.0012005870076703395
119.431,2.148458380595059,-0.0017178401282596273,0.0015488532670043798
119.451,2.157037605542492,-0.0019172816447790937,0.001108085988725499
119.471,2.166445161237986,-0.0022376125974584407,0.0013539923214745675
119.491,2.175508447134371,-0.002241104479568062,0.0018362018414294357
119.511,2.184037597731595,-0.0021232839962778464,0.0015962191442835671
119.531,2.1935547280457848,-0.001966228027787134,0.0010206574435512872
119.551,2.203750657051429,-0.0016869563900019841,0.001469426008689878
119.571,2.21377692103421,-0.001154555136205689,0.0012645792278309642
119.591,2.2237330865803013,-0.0007635144977519706,0.0015547657928723368
119.611,2.232726097016607,9.35327277355423e-05,0.001277653808641227
119.631,2.242899856983945,0.0010255067662117345,0.0013810933198464548
119.651,2.2524363256238367,0.0021580694625729768,0.0015158036592068658
119.671,2.2621738067409476,0.0035173455169861274,0.001109492906438192
119.691,2.272532153679382,0.005130971722050462,0.0014436582331917303
119.711,2.2829722251991362,0.007015981582869316,0.001073539048543154
119.731,2.2936265991859877,0.00898788862300478,0.0010753338961135284
119.751,2.304524374069907,0.011337044312569437,0.001235003240465521
119.771,2.315003190160779,0.013720722091494894,0.001435839788988813
119.791,2.3247706807159387,0.016104281147787832,0.0012292874025806866
119.811,2.335560605239304,0.01923892449588567,0.001194576342297804
119.831,2.3458039388482166,0.02233492519231156,0.001244709130899857
119.851,2.3553202742712167,0.025482417665938478,0.0008205493949085263
119.871,2.366140173105625,0.029453980822861787,0.0013414306289749323
119.891,2.376713731435483,0.033454184864977504,0.0013355032959187496
119.911,2.385947429046656,0.037497401019036675,0.000782344673632418
119.931,2.395921384259644,0.04180997700341753,0.0013338411649760629
119.951,2.4060197401765437,0.04665298715495241,0.0012579314446174994
119.971,2.415466003182077,0.0512488510108771,0.0009858141470029669
119.991,2.4247766800206363,0.05614029766226616,0.001265703868690654
120.011,2.4345568570668594,0.06175988410070035,0.0010422589392208303
120.031,2.4439408956496025,0.06698343874734461,0.0012648884459911802
120.051,2.4524089246820315,0.07211407428225436,0.001237033664119619
120.071,2.4612950114058645,0.07790610415185818,0.000984653307986555
120.091,2.4701499917876,0.08378871495055172,0.0010374623035486474
120.111,2.4796913071866795,0.09060375552301024,0.0013179720964364705
120.131,2.488368891151631,0.09663980975558645,0.0013779822089972915
120.151,2.496752036102886,0.10303947906619457,0.001186839272406176
120.171,2.5060561179384595,0.10975679487010029,0.0014049730103699032
120.191,2.5141646595923164,0.11584202145926104,0.0011617161461945358
120.211,2.5230249514149485,0.12264263125454229,0.0014406712092602802
120.231,2.5314057387075564,0.1291932479595138,0.0012939535320006523
120.251,2.5399643112362686,0.1358440314726116,0.0013151515694222737
120.271,2.548642446937074,0.14251961180173423,0.0012331309059319673
120.291,2.5572713353793186,0.14933688698422293,0.0012535298289423902
120.311,2.5660286395613325,0.15603634349609807,0.001297860424588515
120.331,2.574582930934878,0.16279178101477848,0.0012302821737375236
120.351,2.5833816248715427,0.1694526145536884,0.0014525249881568447
120.371,2.591609688371908,0.1759445737245952,0.001145811750441178
120.391,2.600650936114763,0.18281508633888716,0.0014999016063780013
120.411,2.609000858727586,0.18936154129752025,0.0014647937244386677
120.431,2.617879640573635,0.1960628425680143,0.001429499742051532
120.451,2.62623844503519,0.20256313007228438,0.0013874879342241353
120.471,2.6351861061874495,0.20921906898677092,0.0015277549123432488
120.491,2.6436299773184997,0.21563283185244958,0.0013768046552568025
120.511,2.652446293623969,0.2222502637585166,0.001508878856851248
120.531,2.6612918278875677,0.22890281741156243,0.001431933841937183
120.551,2.669954207983556,0.23548921175769116,0.001354533818719833
120.571,2.6786679625488996,0.24176684796313447,0.0012262128669661698
120.591,2.687625368108582,0.2484545099726275,0.0013629158425234045
120.611,2.69643256370979,0.2548124563281938,0.0012896308458023864
120.631,2.7045703653858166,0.2610011137573902,0.0013500164691584993
120.651,2.7127662377002495,0.26686010820503464,0.0013812517729495932
120.671,2.720214914863185,0.2724159475967862,0.0013803992482574745
120.691,2.727766228934957,0.27769524743240487,0.0013677319921383546
120.711,2.7350345469272495,0.28298569372821475,0.001278320610641509
120.731,2.74167099484608,0.2878355784399824,0.001402947347824729
120.751,2.7481229705790065,0.29235655262065247,0.0011639314373655951
120.771,2.7543395792070426,0.29684951026467304,0.0013992930641131274
120.791,2.7606104485256004,0.30126122397569316,0.0011516614618831411
120.811,2.7669746228046095,0.305475814008345,0.0011567336284933893
120.831,2.7734787753354744,0.3100181902245409,0.0013669923778712179
120.851,2.7800565259375234,0.31463340850962374,0.001076809160696579
120.871,2.7868201735148492,0.31914106395988096,0.0009234846559323939
120.891,2.7945480853152866,0.3244362538257267,0.0012752492161024476
120.911,2.8019204504177733,0.32926899358930245,0.0009239738962857347
120.931,2.8094197518049686,0.3343562321471486,0.000991635436939059
120.951,2.817368687289706,0.3392949793226895,0.0014506464434338728
120.971,2.825119530351311,0.3441807718696894,0.0011966048662036544
120.991,2.83374617440733,0.34941067955731614,0.0009152324138131385
121.011,2.8423205696025557,0.35466370176795886,0.001276722354622506
121.031,2.851200728821227,0.3596202296285319,0.0009347641254903172
121.051,2.8599494534518954,0.3646653281205789,0.0008925944723008616
121.071,2.8692940466996575,0.3695789657249891,0.0012749349420250744
121.091,2.8787179000302046,0.37449121083693954,0.0010434762599067504
121.111,2.888259568091232,0.37930349557141757,0.0008777035170662029
121.131,2.8983468853421885,0.383984654901971,0.0012462077946316374
121.151,2.9083639528901237,0.3886265729100281,0.001260483804812057
121.171,2.917185459057015,0.392642892792446,0.0007556726869486496
121.191,2.927261548517476,0.3966445055900286,0.0012377209829501634
121.211,2.9375208020687085,0.40057134416480455,0.0013512201638857801
121.231,2.947244140437356,0.40395638340388346,0.001128937667543961
121.251,2.9569465754708903,0.40705330165321063,0.0012038246724293544
121.271,2.9673415386250253,0.41021707085840803,0.0012465980069646665
121.291,2.9777630749429607,0.41312627601206175,0.0011844098573250694
121.311,2.987792739389042,0.41563597837077515,0.0012877553732605351
121.331,2.998371963384705,0.4179773145741172,0.0011298683303000712
121.351,3.00880677725183,0.4203155628160146,0.0012307795825642065
121.371,3.019249019980914,0.4222157130689457,0.001216430718880196
121.391,3.0301099775221254,0.4241054654262424,0.0012972093937309581
121.411,3.040420587318557,0.4256292038078888,0.0013058339287841947
121.431,3.0516279035012803,0.42692684506743167,0.0015470079292051742
121.451,3.0622126473683924,0.4279721188649665,0.0014387129263879472
121.471,3.0728429304634317,0.42864849853812265,0.001260042392420807
121.491,3.084084455689731,0.4292680267434479,0.0016219644394328825
121.511,3.095395258431285,0.4296615026516197,0.0017088239578133269
121.531,3.105348622245906,0.4298443153365252,0.0013171335348720892
121.551,3.1159145654285245,0.42974483317673595,0.001614796136981289
121.571,3.1274201849115046,0.42910661984815796,0.0015829905869588767
121.591,3.1379263307622,0.42839259684465675,0.0014269171709444806
121.611,3.1482799813147433,0.42746345060483315,0.001628499192430688
121.631,3.1598134393303745,0.42596873230632193,0.0015400326224776772
121.651,3.1705200227302686,0.42447703264583825,0.0016465280026071172
121.671,3.1802696253614258,0.4227664064856554,0.0014583613136847917
121.691,3.191274887456011,0.4205629409351085,0.0015809356104272143
121.711,3.2019359262275566,0.4183319577308392,0.001733916377390371
121.731,3.2119801428314902,0.415880220290433,0.0011667621942732798
121.751,3.222702436158195,0.41300970813884474,0.0015829244306243828
121.771,3.233421308425739,0.4100090002302577,0.0014172217443455815
121.791,3.243226260709947,0.40709570007087614,0.0012017131017247606
121.811,3.2536379668151945,0.40378539734435775,0.0014742744514266437
121.831,3.263768950391829,0.4000670964741777,0.0011278115219817697
121.851,3.274293054587417,0.39618311171565357,0.0012693823832890805
121.871,3.2844432584939933,0.39210785627173605,0.0014851877549264536
121.891,3.294141605320049,0.3879748993263555,0.0011155604519939855
121.911,3.3038340684099174,0.38373350822998686,0.0011403485490387166
121.931,3.31407102504924,0.37870595821403874,0.0012339395304940548
121.951,3.3235313705555023,0.3739654345732499,0.0012110392392941094
121.971,3.3324662269789225,0.36934333322296814,0.0010462342517940926
121.991,3.3424995652993514,0.36348437546935225,0.0013972534598898634
122.011,3.3517676333850996,0.35787197014001226,0.0013908684259453519
122.031,3.3603167547045274,0.35257401074553035,0.00099323304557708
122.051,3.3696227838120865,0.34620910972007657,0.001299686611221068
122.071,3.3784316233964695,0.33999340821066387,0.0013672656538184225
122.091,3.3864201909845804,0.3339085582665746,0.0006621849440743843
122.111,3.394916074897005,0.3272381807155337,0.001165632113749232
122.131,3.4035532589266273,0.320184695014053,0.001293662156887837
122.151,3.4112810007260266,0.3135601698069007,0.001034796020249057
122.171,3.416249707939166,0.3083196876071609,0.0013757691176750908
122.191,3.416009634570332,0.30731441890300715,0.0015178507526948937
122.211,3.4163252900966716,0.3069064269021584,0.001533591401825657
122.231,3.416198036709063,0.30647904981426227,0.0011093310041543347
122.251,3.4163968862006953,0.3048806432945241,0.0014118783192550999
122.271,3.4161206100320594,0.3044076005204616,0.0007895598780128243
122.291,3.416398998367265,0.3024629698853135,0.0012034478247926472
122.311,3.416089566941304,0.3005217610249527,0.0011787871712302112
122.331,3.416317980309908,0.2987004143492132,0.0013617632695517023
122.351,3.4160811348191866,0.2977673756181459,0.0010231927366910476
122.371,3.4162921174949705,0.2957734271244297,0.0013236082718250386
122.391,3.416229398133001,0.29395039907644327,0.0011536096811169683
122.411,3.4163796375322164,0.29259644587479544,0.0011234345758920627
122.431,3.416298515083854,0.2896347604921455,0.0013333491518252027
122.451,3.4162005766093824,0.28729864708025366,0.0013422680349769456
122.471,3.416395337764658,0.28577478529682365,0.0011322105470700228
122.491,3.4165113425985227,0.2837210952105429,0.0012950099409963778
122.511,3.416557579836998,0.28104601360585013,0.0014325359417324268
122.531,3.4163772459711677,0.27892888061799825,0.0011816681403743756
122.551,3.4167951828849636,0.27687807396441677,0.00127666662078596
122.571,3.4167814365720344,0.2747883512458065,0.0011779899405220673
122.591,3.417072644126613,0.27290832112284547,0.0010765507168321031
122.611,3.41728367936593,0.27074629788621596,0.0012291884024435984
122.631,3.4174535334740535,0.2683383646171852,0.0012862267153264384
122.651,3.4174247776827826,0.2665325367127458,0.0009121680788992392
122.671,3.4178919629981683,0.2640047190441705,0.0011551953610799415
122.691,3.417674872545729,0.2613980944891112,0.001006074812539448
122.711,3.418299824494073,0.25939011859956984,0.0012202419282913712
122.731,3.4185561814946985,0.2571215104017368,0.001364015856326839
122.751,3.4187843121529493,0.255363079893259,0.0012201787928472763
122.771,3.419056429424003,0.2530997357346774,0.0013592377405041711
122.791,3.4192613682704236,0.2516614138142482,0.0011055076674817144
122.811,3.4195579494570847,0.24965505485223027,0.001195983024887881
122.831,3.4199526934026587,0.2472807743029498,0.0013148789899181668
122.851,3.4203480288933137,0.24417742312847246,0.001803354791919204
122.871,3.420763509882332,0.24187615708243265,0.001970818683476455
122.891,3.421403194044128,0.2389230512645789,0.002657672924179344
122.911,3.421474040726071,0.2360876178570203,0.002911022031191618
122.931,3.4221955216552766,0.2342532777275987,0.0033666357809152003
122.951,3.422437639370972,0.2315499871891213,0.003875590218903907
122.971,3.422959674984408,0.229660790776552,0.004311936959124851
122.991,3.423552110210982,0.22733936238140579,0.005110452193998971
123.011,3.423528059252416,0.22433441551316655,0.0057903728147812306
123.031,3.424157329298455,0.22327521731255978,0.0062130247266920235
123.051,3.4246251722916936,0.22098113344442163,0.007144429992161194
123.071,3.42469539282485,0.2184550130059314,0.00795368683997874
123.091,3.42522647130066,0.21722320919040353,0.008690472523533527
123.111,3.4256122137689595,0.21497854111093923,0.009852632328537447
123.131,3.425672418568401,0.2124624938657721,0.010933587845270543
123.151,3.4261905832387645,0.21105596614329442,0.012086182364384246
123.171,3.4264054023745527,0.20911205998371668,0.013361241103541421
123.191,3.426613832315649,0.20795285013578546,0.014288030562436715
123.211,3.4265971708230705,0.20579927862745134,0.015518606015518993
123.231,3.426856257018869,0.20485456721322845,0.016595102141465867
123.251,3.4266387596536845,0.20441076903046898,0.0169569221692962
123.271,3.4267987500461348,0.20372725615296844,0.017596103334180324
123.291,3.4267711976837196,0.20227287413814285,0.018563887222357633
123.311,3.4268189415049113,0.20134496091366405,0.019402039598305276
123.331,3.4269730414951933,0.19949281617318015,0.020857031392534642
123.351,3.426751528685631,0.19815441263210073,0.021769791812148387
123.371,3.427156282976436,0.19642559661358944,0.02350021754917289
123.391,3.4269275795077636,0.19435875658244056,0.024974223924324468
123.411,3.4271891267211854,0.19354876002759122,0.026257411788953328
123.431,3.4268063636552633,0.19307795632288033,0.026735355734138266
123.451,3.4269403508886067,0.1916741869440977,0.02801255919382739
123.471,3.4266914593461144,0.19032626022555038,0.028971629672604582
123.491,3.4269282692098972,0.18851769598884027,0.030707590365050552
123.511,3.4266323503256326,0.1868249425996215,0.0319426451825473
123.531,3.426808327389274,0.18482151631001953,0.033832904780287554
123.551,3.426522113378329,0.1831990127774278,0.03519121346171444
123.571,3.426248817291258,0.1814626576274509,0.03671826619175078
123.591,3.4260717005371917,0.18006003277942528,0.03820234674201947
123.611,3.4256806886208375,0.1779673390398273,0.039968546578779324
123.631,3.4256005101645055,0.17634438823932908,0.04183087783160974
123.651,3.424921096197852,0.1747779120479429,0.043226952308041994
123.671,3.424767854692876,0.1728785635223746,0.04532413975635838
123.691,3.4240288760422617,0.17093215457587213,0.04702982637478384
123.711,3.423937358955096,0.1685694614838336,0.04960671306583245
123.731,3.4231676307629555,0.16598736778512768,0.051826074761711055
123.751,3.422901768804674,0.16381290794447215,0.05434575786375567
123.771,3.422071301767495,0.16203081296856467,0.05625919211874611
123.791,3.4214793013046076,0.16038332012997344,0.0584521128286192
123.811,3.4206870812895005,0.1589443562728053,0.06042469187690035
123.831,3.41983864708082,0.157100419486313,0.06266492281234166
123.851,3.4191030981928745,0.1558230525453047,0.06477312789292768
123.871,3.4180002375422642,0.1543803087205821,0.06668872793187755
123.891,3.4172828242522586,0.15264845741978117,0.06919986065225461
123.911,3.4161097276789762,0.1504208916569969,0.07166046182311193
123.931,3.4152708069605473,0.1484808861032948,0.07438413798081157
123.951,3.414126221252637,0.1458442095298087,0.07733076527791267
123.971,3.412721485825829,0.14509693772017512,0.07990741602374998
123.991,3.4112716689507527,0.14538615170307878,0.08174733247559825
124.011,3.409909914613612,0.14535321913265276,0.08263844805848275
124.031,3.40863405110294,0.14498785976687806,0.08259397956856412
124.051,3.4076837886120277,0.14437837468351467,0.08202963059999384
124.071,3.4076182434277773,0.14332241654652414,0.08162982316033147
124.091,3.4074772980386245,0.14270120168911649,0.08084699489077342
124.111,3.408175443704905,0.14105482693097604,0.07985970976359
124.131,3.4077413769331133,0.140055053477188,0.07805261682837049
124.151,3.4085297802209324,0.13703327651289648,0.07737360935525664
124.171,3.408664418296834,0.1356075572119918,0.07640134136126882
124.191,3.4096227460736324,0.1327797901779707,0.07730068098494386
124.211,3.410270376893072,0.1299378091309844,0.07795431652743724
124.231,3.4110828924114163,0.12650945783656226,0.07956358411023742
124.251,3.4111676887503997,0.12633286016849937,0.07924518255728921
124.271,3.411525411810511,0.12565399698499577,0.07963092726075592
124.291,3.4116027398115603,0.12532255072701318,0.07944113135724462
124.311,3.411792402980441,0.12503102136350386,0.07951771321412525
124.331,3.411956865550865,0.12444920498304239,0.07965510506942243
124.351,3.4120214702415628,0.12442368911142604,0.07941520703048258
124.371,3.412218313435546,0.12385461043647884,0.0796465706258452
124.391,3.4122635890040565,0.12386786107294503,0.0792878880830921
124.411,3.412513585824238,0.12347499827682949,0.0795429466322879
124.431,3.4126745930703635,0.12330157616309655,0.07922223692830842
124.451,3.412993491580253,0.1226972891303843,0.07953453720182914
124.471,3.413134121976993,0.12237567104893313,0.0793465500243993
124.491,3.4132564123804143,0.12204832655423979,0.07932927854613073
124.511,3.413430268131445,0.12155998576904943,0.07944551334883518
124.531,3.4133925389139588,0.121589223917069,0.07910032097834584
124.551,3.4137458574172044,0.12122035517085042,0.07932044547559047
124.571,3.41371834890165,0.12116996181205271,0.07897693493325092
124.591,3.4140264594850733,0.12068169776747882,0.07923928816593608
124.611,3.4140899599855348,0.12050789536756194,0.07902070415718115
124.631,3.4143933557069834,0.12020563852647448,0.07911930563031291
124.651,3.4144842389563315,0.11969193508485558,0.079128398141199
124.671,3.414612629993568,0.11972056027259065,0.07888080824340596
124.691,3.4148872256525573,0.11899861193092402,0.07915895189042875
124.711,3.414937587755575,0.11906917362697009,0.07882446723269065
124.731,3.4151711827870956,0.1185817113580783,0.0791154308240617
124.751,3.415171381407434,0.11860848261836629,0.07873408894102618
124.771,3.4154462630032736,0.11819189034750763,0.07903848967974743
124.791,3.415459864238593,0.11813139556517849,0.07876689955571885
124.811,3.4156740216412733,0.11768380229572148,0.07902938500800973
124.831,3.415801656621141,0.11724783727531217,0.07900655986136136
124.851,3.415962886733214,0.11709703608090787,0.07897029027371026
124.871,3.4161445730233937,0.11648136577905878,0.07916587350061269
124.891,3.416218498695367,0.11646579654277432,0.07890160549407906
124.911,3.4165988025183402,0.1157844887814487,0.0792568783909954
124.931,3.4166148431064114,0.11576024773204877,0.07891526644050323
124.951,3.4170039714864218,0.1152156839651837,0.0792498555522993
124.971,3.4170641400997677,0.11509045132240053,0.0790011824023486
124.991,3.4173533410457555,0.11453433895805906,0.07939639201736512
125.011,3.417523447913927,0.11421638297711158,0.07925283344453585
125.031,3.417760379913286,0.1140010727737563,0.07933302870457741
125.051,3.4178961671954853,0.11355336135956694,0.0794158160038234
125.071,3.4180370747768953,0.11334730217998401,0.07931567648185664
125.091,3.4182926165811116,0.11279833786290591,0.07953293889042337
125.111,3.418482701839662,0.1127399613541877,0.07932010313497036
125.131,3.418791580970814,0.1120125035557171,0.07967658278497072
125.151,3.4189046497159388,0.11210683808399255,0.07930758798791426
125.171,3.4192732180539873,0.11141614303469985,0.07965176532551875
125.191,3.4192830548916775,0.11144761457508985,0.07929458803390475
125.211,3.4194913353717684,0.11098709752301897,0.07961798231804243
125.231,3.4195336038028095,0.11070492068469223,0.07943434278664398
125.251,3.419747230230077,0.11035101975247891,0.07951219891666406
125.271,3.419838814188994,0.11012003499537334,0.07945250393443122
125.291,3.4198285655018,0.10998707044469319,0.07950685053696373
125.311,3.419983074395114,0.1094757764369888,0.07955194954139758
125.331,3.4200570678624715,0.10949877280049762,0.07934332157749219
125.351,3.420256051146076,0.10897664312917812,0.0795435209748381
125.371,3.42027518978811,0.1090352427130489,0.07917606485893101
125.391,3.4205928804215517,0.10847243882149452,0.07944022046008964
125.411,3.420618356696492,0.10827694691927336,0.07918664293581434
125.431,3.42088707630897,0.10827929277782009,0.0792066271741565
125.451,3.421171042830714,0.10772803770019017,0.07926714536224605
125.471,3.42131386725655,0.10760195613867499,0.07910449468640665
125.491,3.4215462638932346,0.10697210653370655,0.07925394584975777
125.511,3.421595150076374,0.10703708227007092,0.07890515669186761
125.531,3.4218659649896535,0.10643932309902335,0.07915496729085034
125.551,3.4219614740350996,0.10640532523171364,0.07880215228356907
125.571,3.4222138287534825,0.10581276686138483,0.0791174105139958
125.591,3.422355783849425,0.10555178848127655,0.07892236269314312
125.611,3.4225869772912403,0.10530339328999205,0.07897570141007014
125.631,3.4227435557930046,0.10474245321113858,0.07908289065064976
125.651,3.4228029252947767,0.10478193708435914,0.07881220191232051
125.671,3.4230841170109283,0.10415068238589711,0.07910410998570133
125.691,3.423116894643248,0.1042190632033661,0.0787099056460379
125.711,3.423506825734462,0.10357751548758462,0.07913725157484991
125.731,3.4236198784493372,0.10331477603042004,0.07893922751413444
125.751,3.4238373879815467,0.1031058368780486,0.07902493063548353
125.771,3.424145166499716,0.10242759924194622,0.07917893677587365
125.791,3.4243891888961526,0.10240361936504157,0.0790178809803765
125.811,3.4247010445169996,0.1016726473400883,0.07934608827185938
125.831,3.4248631121456543,0.10176810924879325,0.07905648250178474
125.851,3.4251669465503682,0.10110462705102088,0.07937593441654175
125.871,3.425268638423079,0.10110911825389686,0.07903125902370081
125.891,3.4255664387933997,0.10050196044749563,0.0794433426935974
125.911,3.425818514390705,0.10038896334827158,0.07919680099063016
125.931,3.426149574933471,0.09995445818450287,0.07946089129222679
125.951,3.426418013270354,0.09964700738390025,0.0793879524221481
125.971,3.426743705684914,0.09953657185409456,0.07945728771717464
125.991,3.427062071100833,0.09890882161335465,0.07959658501676846
126.011,3.427294119235348,0.09892072250441619,0.07941738396811476
126.031,3.427651808650944,0.0984903070416992,0.07964392099495805
126.051,3.4279396433524245,0.0985450876950195,0.07941852843144806
126.071,3.4282811611615167,0.09794054590216911,0.07967217828455672
126.091,3.4283109694778324,0.09795137668323864,0.07928188300024347
126.111,3.4286143141037457,0.09735612201741004,0.07958820477885274
126.131,3.4287796019312577,0.09715196688909242,0.07929560842622004
126.151,3.4291672831065174,0.09670892156912739,0.07961699570909608
126.171,3.4293337505072583,0.09633053045926927,0.07950044108951333
126.191,3.4295073340341755,0.09612761364406947,0.07936508921231944
126.211,3.4297531800029653,0.09547932357089764,0.07954414624621259
126.231,3.429892429973932,0.09554762512867715,0.0792488518408622
126.251,3.4302240089395553,0.09492943743361162,0.07949955860110808
126.271,3.430300161077936,0.09501573966367406,0.07909200355423594
126.291,3.4306769312492587,0.09442565967544239,0.07938700999473819
126.311,3.4307165768015655,0.09431836869208235,0.07907639145494286
126.331,3.4308322264088216,0.09408131349127022,0.079188855906449
126.351,3.430914068840885,0.09369675476591824,0.07916917042745031
126.371,3.4310482197819834,0.09369406859851931,0.07900176914726484
126.391,3.431302422635622,0.09325821621700035,0.07919266320017529
126.411,3.4314800794057594,0.09332488674221842,0.07892469495823713
126.431,3.431800154852313,0.09272870008871234,0.07917173218354119
126.451,3.4318481664744476,0.09281532643255061,0.07874344654484733
126.471,3.4321772929943712,0.09232949414537871,0.0790468449299331
126.491,3.432385286773201,0.09217574143933505,0.07876909770445745
126.511,3.4326928925416533,0.09171232794944169,0.07904707260027147
126.531,3.4329072419849593,0.09131953143113504,0.07889957950087785
126.551,3.433267834982541,0.09110326119607055,0.07901228113560461
126.571,3.4334357804151585,0.09053220931909209,0.07913192804303185
126.591,3.4336230741612974,0.09061948450944081,0.07882612694827221
126.611,3.434031406351205,0.0899294611688344,0.07923641729568304
126.631,3.434194302267296,0.09003743740251671,0.0788783260779932
126.651,3.4345196436300727,0.08939359779160208,0.07924115708726003
126.671,3.4346988731184993,0.08933392652252299,0.07897419497136596
126.691,3.435051074278406,0.08886971539811761,0.07925058727802936
126.711,3.435279245621217,0.08849090940388435,0.07915218630291093
126.731,3.4356543483611506,0.08824643552347358,0.07932858709801643
126.751,3.435929192734605,0.08767701304081421,0.0794007581076998
126.771,3.4361524710290308,0.08770295881143542,0.07924724840289181
126.791,3.4364683420367657,0.08726256683494649,0.07951460141014263
126.811,3.4366947442831735,0.08738334703320581,0.0791896347208744
126.831,3.437191341229916,0.08661421181332772,0.07963527918831362
126.851,3.4373699681895356,0.08668834036232963,0.07922645120457113
126.871,3.437811587247815,0.08605868732407522,0.07970409742527125
126.891,3.438030795438064,0.08596272921175382,0.07940222825618434
126.911,3.4384041992880667,0.08555930898071629,0.07958229474103576
126.931,3.438561466093382,0.08502472330567966,0.07966509817722606
126.951,3.438709048620948,0.08510682723475672,0.07938179988855416
126.971,3.4390901244404537,0.08446380457680686,0.07967455556285177
126.991,3.4391825931378412,0.08457952699716216,0.07924467512990627
127.011,3.4396160622705234,0.08384080352023586,0.07969575819202496
127.031,3.439756401890564,0.08382920964573985,0.07926279966664382
127.051,3.4401969262298286,0.08332850947483356,0.07952774086675622
127.071,3.4403740081025598,0.08298506558348342,0.07946036532591019
127.091,3.440556505060623,0.08296735537947275,0.07921540042302275
127.111,3.4408602653344453,0.08231952927311673,0.07948224536795183
127.131,3.4410195667087633,0.08243529527370069,0.07910368842868289
127.151,3.441408797069028,0.08196658366511066,0.07938694165123483
127.171,3.441557966159959,0.08210259139129647,0.07890657403670422
127.191,3.442121214817642,0.0814111868475948,0.07932727371461412
127.211,3.442300836250637,0.08142282156604336,0.07895086800310999
127.231,3.4426414741148537,0.08104770931409708,0.07917141596715642
127.251,3.4429383245831455,0.08067587405277263,0.07902182571919106
127.271,3.4429705575551015,0.0805829566180349,0.07900819838858245
127.291,3.4430653036857133,0.08017771071375852,0.07912625387015611
127.311,3.443102008478675,0.08020700812082632,0.07885272015817037
127.331,3.44337390229396,0.07967265675078233,0.07912879050555988
127.351,3.4435094055891353,0.07974832102197854,0.07871360503759309
127.371,3.4438744975172333,0.07919726834143234,0.07906281461408177
127.391,3.4442012360580483,0.07890172747569156,0.07883110276471508
127.411,3.44451303208315,0.07857519299676992,0.07895441052538948
127.431,3.4448834587082584,0.07795159161407954,0.07908412443227775
127.451,3.4450442093258693,0.07794854681569938,0.07888625456885547
127.471,3.445321246404391,0.07750145085719215,0.07910105677521381
127.491,3.4452582757015677,0.07751332387036447,0.07891634477173826
127.511,3.445561665719652,0.0769683145875611,0.07918158851284413
127.531,3.445606394105276,0.07684311768831,0.07897033090842479
127.551,3.445904091686086,0.07618421628588042,0.07936656781484097
127.571,3.446057358500073,0.07625141354210592,0.07897045967757486
127.591,3.446457088065085,0.07556279915760561,0.07941214896962172
127.611,3.446649617079199,0.07536813281172618,0.07912408403164685
127.631,3.446940238182645,0.07485387146308119,0.07936827245165297
127.651,3.4472109665861947,0.07436357534870883,0.07935519759578245
127.671,3.4474349281711665,0.07430453569893421,0.07940982158365437
127.691,3.447848861668723,0.07385319215446566,0.07949485592870004
127.711,3.447989527466326,0.0737826924594576,0.07931762140006957
127.731,3.4484022889170114,0.07304923715179838,0.07965522086742333
127.751,3.4486021623992884,0.07319435297996256,0.07927849874504926
127.771,3.449067364221792,0.07246153285415188,0.07967579028053567
127.791,3.4492201384438834,0.07247793888495094,0.07925111493092057
127.811,3.449658401486119,0.0718721318796825,0.0796515892235781
127.831,3.449932303863965,0.07148877892663172,0.07949337667248008
127.851,3.4502030460574065,0.07120132860116295,0.07954896460208147
127.871,3.450576396819013,0.07068530321815587,0.0795507545905969
127.891,3.4507558447288798,0.07052261995806547,0.07938518165213923
127.911,3.451004679951057,0.07000137968666498,0.07960974324403505
127.931,3.451177805870426,0.07013157329228006,0.07925920279250405
127.951,3.451580686332411,0.06957003475394956,0.0795254714189252
127.971,3.4516434540541625,0.06964812578155027,0.07914592248829425
127.991,3.451978933750292,0.0692793582825181,0.07941156284158554
128.011,3.452199631937604,0.06911166798912867,0.07912395514812712
128.031,3.4526671679570216,0.06872816710720864,0.07938161511342263
128.051,3.4529412389126395,0.06843521991668264,0.07923406423819786
