timestamp,x,y,z
6.894,1.9922540660932828,0.0003021567366574071,0.0012167565544464465
6.914,1.9922526053509575,0.0003010450486607704,0.001224542138158008
6.934,1.9922528053314623,0.0003018818787710315,0.0012226716878904753
6.954,1.992251910949615,0.0003046130620562279,0.001224320141004459
6.974,1.9922520939376247,0.0003052990440842629,0.0012242543637457637
6.994,1.9922537061730454,0.00030784392902342885,0.0012242207363851176
7.014,1.9922565422162453,0.00031135734293405274,0.0012241664728482038
7.034,1.9922564716850906,0.000311088035958483,0.0012238427107690852
7.054,1.9922539451636998,0.0003122279601952512,0.0012150733683826687
7.074,1.9922542891872932,0.0003106952820132789,0.0012252737745462317
7.094,1.9922487189774767,0.0003137962937124664,0.0012244951175178764
7.114,1.9922439723540393,0.0003154958893753906,0.00122469416708601
7.134,1.9922402206642371,0.00031689758436030744,0.001225066026491195
7.154,1.9922423329257761,0.00031863994695969676,0.001226780754078255
7.174,1.9922396104882087,0.0003179831871471708,0.0012247196346523714
7.194,1.992236999517536,0.0003180136169616196,0.0012182632483814237
7.214,1.9922355871099855,0.00031709792952768216,0.001222039479491649
7.234,1.9922331766019203,0.0003216101220772874,0.0012247861207836386
7.254,1.9922250911169814,0.00032044513137266333,0.0012230983447168442
7.274,1.9922295104846741,0.00032337324460208745,0.0012241899934192502
7.2940000000000005,1.99222580409516,0.00032486105068100173,0.0012233719172709823
7.314,1.99222563420967,0.0003267707839490428,0.0012246761460144029
7.334,1.9922270477765667,0.00032917769237898,0.0012255262786059762
7.354,1.9922313816701869,0.0003314299459748008,0.0012249223019892008
7.374,1.9922280498897875,0.00033183891903735077,0.0012250077284968186
7.394,1.992227538455373,0.00033467682072829116,0.0012247114334066334
7.414,1.9922289474564272,0.00033863601977817515,0.0012187103308714253
7.434,1.9922311941879924,0.00033945690861219034,0.00122076743041874
7.454,1.9922300079356112,0.00034007453934245947,0.0012252745055817138
7.474,1.9922296759764764,0.00034253591678666474,0.0012250849720702173
7.494,1.9922308434081777,0.0003464205060148654,0.0012248985739698182
7.514,1.992233157040822,0.0003475501995277534,0.0012252053971068266
7.534,1.9922307214368928,0.00034778151591238423,0.0012250015872205533
7.554,1.9922298047696976,0.00035025923000455865,0.001222530146775147
7.574,1.992230013419779,0.00034831877776049833,0.0012255498060898262
7.594,1.9922289927989283,0.0003520921597431615,0.0012233769075066792
7.614,1.9922315024869606,0.00035441307113396264,0.0012228682069845564
7.634,1.9922281248307119,0.0003535778871290337,0.0012253195649715443
7.654,1.992228716801183,0.0003551826384108619,0.0012240939219402003
7.674,1.9922315344487078,0.0003588147821641746,0.0012240667207805422
7.694,1.992231435961682,0.0003607690788899922,0.0012245516580000892
7.714,1.9922302141964174,0.0003608164467014236,0.0012261332289584537
7.734,1.9922288550088951,0.0003623988699884982,0.0012257367466985691
7.754,1.992225136872829,0.00036471903487179426,0.0012251700794650433
7.774,1.9922250165041637,0.0003659978205459196,0.0012258832905222006
7.7940000000000005,1.9922263190713931,0.0003700751313408482,0.0012254212256304353
7.814,1.9922286415058466,0.00037119026975299883,0.001225722199567486
7.834,1.9922262065314411,0.00037144221803519134,0.0012255126485473666
7.854,1.9922253002420987,0.00037392362738939187,0.0012230468935382766
7.874,1.9922254924940206,0.0003719745496053878,0.0012260668575858613
7.894,1.9922245766474287,0.0003757659579973814,0.0012239051792851952
7.914,1.992222527624313,0.0003758277600576568,0.0012240228476373127
7.934,1.9922199760075736,0.0003780330089982526,0.0012195309421129952
7.954,1.9922217642374997,0.000380860879145787,0.00122332634445807
7.974,1.9922203842354498,0.00038056388877745213,0.0012163577125496872
7.994,1.9922188888495225,0.00038070761817678053,0.0012248196925321309
8.014,1.9922193329361193,0.00038195065594584017,0.001224818700595709
8.034,1.992218114469352,0.00038362661650185513,0.0012255060054318923
8.054,1.9922168901309165,0.00038426089123519755,0.0012259566367686658
8.074,1.9922163197754592,0.00038586000012306017,0.0012261914938974106
8.094,1.992216018308267,0.00038632423972399566,0.0012261288968758166
8.114,1.992216066811532,0.00038728508282850297,0.001225385609983476
8.134,1.9922179792232833,0.00039143057739493293,0.0012261822283012869
8.154,1.992220467757729,0.000392989539828485,0.0012248179053403196
8.174,1.9922178671382038,0.0003910307073327927,0.0012244534421981812
8.194,1.9922181131632548,0.00039471662464575296,0.0012264842092840345
8.214,1.992220306750109,0.0004006042818475693,0.0012236787262382143
8.234,1.9922226771269347,0.00039994530432319487,0.001226475847129621
8.254,1.9922197642494586,0.00040027064435912686,0.0012267332137821385
8.274000000000001,1.99222045567193,0.0004034251250014043,0.0012264441066414666
8.294,1.9922166751608326,0.00040601816697745076,0.0012191499508211745
8.314,1.9922143584388923,0.00040657137056986174,0.0012224124442726803
8.334,1.9922158635654539,0.0004088344123992398,0.0012260324287056978
8.354,1.9922187159355085,0.000412322371221459,0.0012258542904728942
8.374,1.9922186841532832,0.0004130961609427361,0.0012259260678574024
8.394,1.9922162897917555,0.0004134527647429293,0.0012266175510530775
8.414,1.9922166336109037,0.00041354086912414055,0.0012241853900704647
8.434,1.9922133287319674,0.0004140037699718112,0.0012245201855409227
8.454,1.992215082449288,0.00041871535318724996,0.001226305045854581
8.474,1.9922107945719494,0.00041973099346912304,0.0012229636483275241
8.494,1.9922115888728287,0.00042116777010372077,0.0012258607825859635
8.514,1.9922114363800776,0.00042123495046235263,0.0012269640491420486
8.534,1.9922100618007077,0.00042115184944199855,0.0012276446360522109
8.554,1.9922087165680555,0.0004238083089203374,0.0012237589053181175
8.574,1.9922081029314087,0.0004247321162428022,0.0012197155142924243
8.594,1.9922066598262766,0.0004236343318978674,0.0012275043698957155
8.614,1.9922068609109775,0.0004244717220307818,0.0012256256485357053
8.634,1.9922059858325465,0.0004271952302804116,0.001227299750181876
8.654,1.9922047229962243,0.000425486934079204,0.001224859025747732
8.674,1.9922062412333865,0.00042941292790897866,0.0012266928149475276
8.694,1.9922018103225094,0.0004302393506896766,0.0012233479264567304
8.714,1.992202660803428,0.0004317729097985189,0.001226277922044272
8.734,1.9922024993668301,0.0004317838508352915,0.0012273790854868127
8.754,1.9922011742896377,0.00043172831536858404,0.001228065535597067
8.774000000000001,1.992199845868066,0.0004343996970848343,0.001224172859407624
8.794,1.9921992267384656,0.00043530060791055323,0.001220129643798501
8.814,1.9921977641432256,0.0004342305464663955,0.0012279276816044016
8.834,1.9921951193967977,0.0004358273374273968,0.0012206549559494462
8.854,1.992197373099654,0.0004371887759014537,0.0012232941597416502
8.874,1.9921962305082743,0.00043779413974835875,0.001227798381693207
8.894,1.992195861005193,0.00044020797877384243,0.0012276023595999275
8.914,1.9921970636633324,0.00044410362502565184,0.001227421546815266
8.934,1.9921993675023564,0.0004452359907788189,0.0012277269579409889
8.954,1.9921969454666881,0.00044541521999628573,0.0012275394947763862
8.974,1.9921970517484127,0.0004480134272394494,0.0012269047604661076
8.994,1.992199007709761,0.00045215217228054957,0.001227702270053227
9.014,1.9922014863128046,0.00045372191207904865,0.0012263396382099778
9.034,1.99219888252374,0.00045174012277976255,0.0012259721587020156
9.054,1.992199115252403,0.0004553826626955323,0.00122800566045847
9.074,1.9923235702816764,0.00045986282217591254,0.0012270208557187134
9.094,1.992871016238742,0.00046532037019270274,0.0012602708468484325
9.114,1.9938283223005688,0.00046485152218283306,0.0012952778777438612
9.134,1.995179634856072,0.00046474843001407547,0.0013248191114774432
9.154,1.9969148279422813,0.0004638232212624575,0.0013309830365258457
9.174,1.9990467954628721,0.00046233722976140706,0.0012871444230874718
9.194,2.001604437786049,0.00046159740485440695,0.0011629282834519084
9.214,2.0045543338854905,0.00046065822243481814,0.0009172524730073905
9.234,2.0078603270151465,0.0004593444785630386,0.0006332114530699928
9.254,2.011675784301088,0.00045718310677738793,0.001039848158132406
9.274000000000001,2.0158149867185733,0.0004553477301558181,0.0013391893248645426
9.294,2.0199746070453384,0.00045400123166931735,0.0013873130000965628
9.314,2.02491333767637,0.0004514614348933998,0.0012075152374271536
9.334,2.030210016662863,0.0004490368122043781,0.0006598220043816938
9.354,2.0360232253635764,0.00044583827860753656,0.00119873573540355
9.374,2.0422691395698074,0.00044294671577440936,0.001435702583816395
9.394,2.048152379733134,0.0004418182883304065,0.0013053795960821235
9.414,2.0539927889396954,0.00043179728540516005,0.0008882205276349586
9.434,2.0610822630879233,0.0004295242421899056,0.0014248180255924114
9.454,2.068191659368328,0.0004257416680081403,0.0014398532323944002
9.474,2.0740516043196,0.00042543506386451323,0.0008460824821248936
9.494,2.0810322952980242,0.00042193069714492083,0.001326916809344575
9.514,2.0881426723241385,0.00041864041307920644,0.0015224873489544932
9.534,2.09476509784263,0.0004169996261985725,0.0013340823650081768
9.554,2.1010285514783176,0.000415153086825259,0.0011513881979230145
9.574,2.1081342525965843,0.0004121347245841789,0.0015339783482685165
9.594,2.1152474517202497,0.00040901103348700736,0.0013957489305074788
9.614,2.121166988651946,0.0004082403240734539,0.0008893884319658152
9.634,2.1282330271381458,0.0004056282195728502,0.0014702152412911507
9.654,2.135354627361976,0.0004022484586169854,0.0015205261846349682
9.674,2.1415718733776257,0.0004077452876103707,0.0010608742153940254
9.694,2.148320948132259,0.00039694923345572644,0.0013160837137733417
9.714,2.155438592921145,0.0003979459856720979,0.0015536358180112675
9.734,2.1621694980856465,0.0004030030486785697,0.0013935922222540753
9.754,2.1683781835575084,0.00040385056076935557,0.001076533751476788
9.774000000000001,2.175477876022601,0.00040571352787527884,0.0015000385648241132
9.794,2.1825911223642898,0.00040869205241459024,0.0013903593399793301
9.814,2.1888967643275796,0.0004108749919153583,0.0008175718798753284
9.834,2.1958503217934413,0.0004141674324663032,0.0013707285673858483
9.854,2.2029589005159083,0.00041717527364572624,0.0014642519410351662
9.874,2.2091352029820293,0.00041907073622728396,0.0010033907210741377
9.894,2.2159497435318487,0.0004224516825089029,0.00116296599861071
9.914,2.223050251048913,0.00042575171189500934,0.00143331101965391
9.934,2.230091080191767,0.0004287247491549016,0.0012348547681051147
9.954,2.2361582943428364,0.00043152323773478586,0.0008746543174099619
9.974,2.243243515947055,0.0004343714679941603,0.0013443765698993027
9.994,2.2503453296244915,0.00043748833872380474,0.0012908865733346209
10.014,2.2563201528645154,0.0004391485411714757,0.0006374218613421634
10.034,2.263310001883442,0.0004431532694653615,0.001178132700626694
10.054,2.270407188227924,0.00044647170742788774,0.0012949758953704205
10.074,2.2773773200154634,0.0004494991527877732,0.0009861477120619577
10.094,2.28371114569853,0.0004525266193446622,0.0009312374799788081
10.114,2.2907951184999784,0.00045564693459854806,0.0012548366482493523
10.134,2.2976680444159205,0.00045838862329463596,0.0011342341585227622
10.154,2.303892234193523,0.00046231966398623306,0.0006251305978658417
10.174,2.310959852159189,0.0004651905455082337,0.001142858054525353
10.194,2.3180492316332932,0.00046854230130110404,0.0011226516112211316
10.214,2.3245707297001874,0.0004711441536082728,0.0007138806360943994
10.234,2.3311526710141997,0.00047562752004171526,0.00096573131878952
10.254,2.338235875796382,0.0004803583663303268,0.0011426798926961745
10.274000000000001,2.34510768232922,0.00048319657308135855,0.0009323648641226534
10.294,2.351257943436159,0.0004862406692639083,0.0007227297040652003
10.314,2.358328904667935,0.0004892986778761334,0.0011009123335018467
10.334,2.365410064485705,0.0004924471781230254,0.0009586763919884334
10.354,2.371312854785701,0.000495740557176452,0.00041277359175201367
10.374,2.378307029583443,0.0004966401596404454,0.0009950035158131088
10.394,2.385387575047264,0.0004995357835576227,0.0010382453237979539
10.414,2.3920599279707253,0.0005020351328245928,0.0007557585334783123
10.434,2.3984407977634348,0.0005049878988133104,0.0008344351136439498
10.454,2.4055149800510285,0.0005079348052493843,0.0010814109557149287
10.474,2.4123731169819713,0.0005104699254403726,0.0009294166244243063
10.494,2.4183850742457857,0.0005133318426929466,0.0006107176356255073
10.514,2.4254502279326706,0.0005159735839181245,0.0010563721648174373
10.534,2.432530876706446,0.000518781807420063,0.0009719502461752461
10.554,2.438855071971131,0.0005209135358512922,0.0004749621374505464
10.574,2.4456919112850803,0.0005240336169031128,0.0009754385085043171
10.594,2.452771615574033,0.0005268482877507463,0.0011021475480002818
10.614,2.4589954037426596,0.0005287305837950787,0.0007109219752170493
10.634,2.4656647690679123,0.0005324868377890494,0.0008348114844816679
10.654,2.4727411585466816,0.0005354374527031154,0.001145239208890897
10.674,2.4798237406848136,0.0005382727719726989,0.0009353059859843194
10.694,2.4859835592236807,0.0005430073845192778,0.0006605698946728078
10.714,2.4930323128290928,0.0005441823526189022,0.0011391915225977545
10.734,2.4999812269971424,0.0005442257082355524,0.0012271030037742658
10.754,2.506173657262088,0.0005475975373454316,0.0005463612209448965
10.774000000000001,2.513189257552603,0.0005510865672908607,0.0010669383840210545
10.794,2.520280091911833,0.0005550992740556181,0.0012413923166464391
10.814,2.5272958190437853,0.0005587594484935601,0.0009580359328620336
10.834,2.5335881145388437,0.0005618768397001851,0.0009249845393754785
10.854,2.540673618244137,0.0005656371896573792,0.0013097013368517652
10.874,2.547640285977153,0.0005690908179492165,0.001285079599419342
10.894,2.5534473580919097,0.0005718700119611144,0.0006969364839346515
10.914,2.560514359361317,0.0005751021319965056,0.0012906985108408209
10.934,2.567615899954223,0.000578852084820857,0.001343837579275059
10.954,2.5739636167332884,0.000581346302349395,0.0010038355059891202
10.974,2.58039555945564,0.000584527609035135,0.0011915068285923425
10.994,2.587497457672566,0.0005882190311287886,0.0014328822535220609
11.014,2.594450324015309,0.0005914377834832119,0.001247228881150253
11.034,2.6005559470627757,0.0005942309006253105,0.0010201416707527888
11.054,2.6076570339581604,0.0005962616355207172,0.0014605004242231046
11.074,2.6147729736967484,0.0005997144071092868,0.0013794709042418696
11.094,2.620684739971863,0.0006103129320916307,0.0007088107690008116
11.114,2.627674973221772,0.0006117886679227152,0.0014002717064827142
11.134,2.6347947194285246,0.0006161484642557291,0.0014977552099701974
11.154,2.6416049813005418,0.0006154701207546834,0.001234768399874353
11.174,2.647972746941435,0.0006210201425807014,0.001254472328307915
11.194,2.6550894087719965,0.0006220389717342765,0.001549835796728627
11.214,2.662101464262221,0.0006230742216488729,0.001414639074995977
11.234,2.66808489243621,0.0006273609757539157,0.0010835434597348814
11.254,2.675134512553673,0.0005884791232049649,0.0015143756442803635
11.274000000000001,2.6822493309570854,0.0005923308616443379,0.0014827988644537937
11.294,2.688223661915607,0.0005948995778337054,0.0008516281952434257
11.314,2.6952244048440104,0.0006000916244429597,0.0013935156315922625
11.334,2.702338136404957,0.0006053871429961372,0.0015381803994483911
11.354,2.7091213086549475,0.0006094984759699017,0.0013254878829071504
11.374,2.7152892505647057,0.0005891218126387829,0.0012392161311508554
11.394,2.722341291801028,0.0005990384449927759,0.0015252027654117928
11.414,2.729114501471912,0.0006026384686032667,0.0014183117328760986
11.434,2.7350962668017735,0.0006365261234628488,0.0007916801977108368
11.454,2.741239334871273,0.0006042195177325886,0.0013473534267685605
11.474,2.7469522163392353,0.0006062543482243099,0.001475561864666186
11.494,2.752261362675471,0.000608382497784307,0.0012854183559155297
11.514,2.7571468423507426,0.0006104282446396911,0.0008598878172871305
11.534,2.761425716505855,0.0006172445746139922,0.001027990068173612
11.554,2.765514201733247,0.0006189068773556968,0.0013272015076770671
11.574,2.7690726777172276,0.0006181734632921775,0.0014464766692717512
11.594,2.7726000930092507,0.000634542722319499,0.0014151522938187777
11.614,2.776005871635995,0.000654783894765135,0.0012475858485621605
11.634,2.7793770582791413,0.000644814304722804,0.0009517675600088094
11.654,2.7826509411193503,0.0006524698434558418,0.0007093441465512162
11.674,2.7858235722118208,0.0006200069396233347,0.001034758473290931
11.694,2.78874231816005,0.0006169906508773195,0.0012214008924372466
11.714,2.791208917058959,0.0005345907368720036,0.0013074822821566856
11.734,2.7937420816026908,0.0004604161203316899,0.0012873394252553017
11.754,2.795924307875405,0.00034271137003094934,0.0011830098588244964
11.774000000000001,2.7979548357403106,0.00017498722063416863,0.000991906025131578
11.794,2.800028675758491,0.00012860346760047497,0.0011594792803542864
11.814,2.801979841687201,-6.707007495165406e-06,0.0012871349793281972
11.834,2.8039955870310154,-0.00018528123240952026,0.0013532028616781155
11.854,2.8060142919064726,-0.0004071209129307531,0.0013356020465220553
11.874,2.8080319184873184,-0.0006736866821536285,0.0012425649472035394
11.894,2.8100466527656613,-0.000981819008445752,0.0010681842360148741
11.914,2.8120957201403542,-0.0012172578355004625,0.0010956215978112915
11.934,2.814062940275532,-0.0015056698920723408,0.0012438175537189955
11.954,2.816074178400765,-0.0018250611564862114,0.0013199237150930132
11.974,2.8180826192745543,-0.0021868069879016567,0.0013203631469975996
11.994,2.8200843346172197,-0.002592460484409931,0.0012430383604923878
12.014,2.822074186534385,-0.0030411143470813213,0.0010854019799579895
12.034,2.824076274262532,-0.00346412102905278,0.0009808433412018813
12.054,2.82607558503856,-0.0038944265946830045,0.0011356567137414952
12.074,2.8279900377705767,-0.0043435159912626285,0.0012303839706200026
12.094,2.8299606598479445,-0.0048504019535873365,0.001246642492034572
12.114,2.8319288254097867,-0.0053934723298762815,0.001185828215705509
12.134,2.8338838605971817,-0.005979296427807117,0.0010445478795832186
12.154,2.835821429301859,-0.006606174028614317,0.0008208507195000825
12.174,2.837827864593992,-0.007107100827590916,0.0009652323235410931
12.194,2.8397032019311865,-0.0077015615903446005,0.0010814859370678054
12.214,2.8417177390387702,-0.008365414762720139,0.0011215321321903782
12.234,2.8438066709336516,-0.009096691870471933,0.0010768268784799584
12.254,2.8458008228270764,-0.009832772015896009,0.000946961019022613
12.274000000000001,2.8476791300696433,-0.010596113131881246,0.0007359234856540164
12.294,2.8496118009495945,-0.011255092061032408,0.0007506787941799486
12.314,2.8515393816204093,-0.011986556868886559,0.0009009570711488724
12.334,2.853469672050642,-0.012808314195060833,0.0009456632611939964
12.354,2.8555075281010325,-0.013676943985340823,0.0009212527595600928
12.374,2.8575271327617053,-0.014588775980603413,0.0008082158575997977
12.394,2.8595245891049776,-0.015541294456655117,0.0006028843456205024
12.414,2.8614606250950847,-0.016288130470995685,0.000553963221602366
12.434,2.863373224953761,-0.017045232409242238,0.0007766766896869504
12.454,2.8652951683231516,-0.017870450885289664,0.0008916825096529635
12.474,2.8673009522217248,-0.0187166574541405,0.0009493692531757913
12.494,2.869295846035168,-0.01962865658153867,0.0009238616108230568
12.514,2.871199829692444,-0.020554003786559256,0.0008157539992136309
12.534,2.8730002570818107,-0.021490933224086267,0.0006483698587482489
12.554,2.8748725731841924,-0.022352925939848035,0.0008469865636999141
12.574,2.8766480550350892,-0.023248817689333033,0.0009864059664596303
12.594,2.8784907443070518,-0.024214508133433805,0.0010723066672903292
12.614,2.8803322312902666,-0.025225118438612023,0.0010642999734525593
12.634,2.8820809230130666,-0.02624353512682601,0.0009974494868415784
12.654,2.8838082679264216,-0.027304704328277522,0.0008427795728061238
12.674,2.885595828286084,-0.028324134841869655,0.0008975211225109025
12.694,2.8872753925591983,-0.02934720210468528,0.0010660844193911279
12.714,2.8889819189581,-0.030412484139184605,0.0011556447186998609
12.734,2.89068654095,-0.03151772758570877,0.0011771566312912263
12.754,2.8923742477469916,-0.032661732229199915,0.0011206883297201209
12.774000000000001,2.8940347730839586,-0.03384048835100374,0.0009862220816441447
12.794,2.8957193181041276,-0.035003939674101744,0.000907593516178834
12.814,2.897394596529305,-0.036155606032386545,0.001082480274815889
12.834,2.8990258168472964,-0.037335111109411075,0.0011935287914190407
12.854,2.900656692626898,-0.038558393607510275,0.0012313786949898764
12.874,2.9022624711280613,-0.03981835304229404,0.0011933540447340574
12.894,2.9038392397972626,-0.04111192912797376,0.0010769275862236027
12.914,2.905263276302892,-0.042337632361404524,0.0008906857806093016
12.934,2.9064864124856924,-0.04327671038425912,0.001015270662978851
12.954,2.907300989488342,-0.043962438532089476,0.0011316182709074363
12.974,2.9078035994797524,-0.04441995122638026,0.0011995126045200033
12.994,2.9079916819439466,-0.04461425003552376,0.001222255778257908
13.014,2.907873405247156,-0.04454699215775086,0.0012070977829192753
13.034,2.9074529091224552,-0.04421662695396086,0.0011524387729414942
13.054,2.9068389311541067,-0.0436834563670208,0.0010562737771977193
13.074,2.9059761312525274,-0.04288728530843947,0.0009075104358593211
13.094,2.904734569646529,-0.04192257433229192,0.0010137387258518649
13.114,2.9032765304064223,-0.040642038828054124,0.0011761404454946889
13.134,2.9015919957844867,-0.03910166038393042,0.0012769881515695691
13.154,2.899680626513739,-0.03729302361105587,0.0012578253252911176
13.174,2.897784348028919,-0.03539366827529974,0.0011030123394484281
13.194,2.8958948594334264,-0.03354618016165463,0.001016986067018777
13.214,2.8938081946152003,-0.03146355218246888,0.0012238865663641296
13.234,2.891647824361733,-0.029122112550056367,0.0013030875827619859
13.254,2.88932600675405,-0.02658076851491504,0.001217889471124417
13.274000000000001,2.8873669750477857,-0.024243286561841985,0.0009960477156330805
13.294,2.8853515132561234,-0.022076609890391872,0.0012165654649055335
13.314,2.883462209075947,-0.019707412798500825,0.001321607444226769
13.334,2.8815987404641534,-0.0173891217893948,0.0012559307416386556
13.354,2.880309341194202,-0.015583597167546422,0.0010592311357583706
13.374,2.8793366382739682,-0.01441134166101525,0.0010956958703468578
13.394,2.87847061522169,-0.013344873362537046,0.0012698797046166166
13.414,2.8777808828235707,-0.012539584504223288,0.0013150637861462366
13.434,2.877350433284943,-0.01206963563932336,0.0012606462162558785
13.454,2.8771267959199136,-0.011907478126085912,0.0011162940532273014
13.474,2.8770834982527576,-0.012116318976643198,0.0008786626200460168
13.494,2.877425245747312,-0.012612449689887686,0.0010006626296237553
13.514,2.8779321888829874,-0.013515380750104632,0.0010602145667918672
13.534,2.878700755878025,-0.015012437811223918,0.0010575539984381543
13.554,2.8795790803458647,-0.016861425656440766,0.0009606299104322202
13.574,2.8805511046593355,-0.019040979987726386,0.0007328548516692956
13.594,2.8816641803073195,-0.021413539099515405,0.0008263007469743178
13.614,2.8828053757002463,-0.02413182930375339,0.0010427218445217823
13.634,2.884102778342069,-0.02738514377636755,0.0010757070559582194
13.654,2.8854076195348473,-0.031012555061314565,0.000897879041164451
13.674,2.886783180608447,-0.034710304349837975,0.0011603722165585417
13.694,2.887996427891874,-0.0386574383737931,0.0013701733150408013
13.714,2.8891866543664415,-0.04281514276134801,0.0013261383755412692
13.734,2.8903996088668125,-0.04727586205529875,0.001183139021657037
13.754,2.8917241105750136,-0.05195273539399212,0.0014016698877889755
13.774000000000001,2.8928390839996356,-0.05657929402642534,0.0013213937659245223
13.794,2.8940000742610716,-0.061618106499757686,0.0009008440927044115
13.814,2.8953259223142807,-0.06693722799516402,0.001164878671610331
13.834,2.896588331348992,-0.07236142502944885,0.001427819788227036
13.854,2.8977243497433838,-0.07766006400973359,0.0015252747774245623
13.874,2.898676528139124,-0.0825386821764088,0.00104297299348996
13.894,2.899971917643818,-0.088142112807546,0.0010712862550784075
13.914,2.901045502268161,-0.09373324369274232,0.0014500775884717931
13.934,2.9020299413544004,-0.09888297345581223,0.0013507936775731255
13.954,2.9030976720928954,-0.10432546874416503,0.001260561106981667
13.974,2.9041357377301273,-0.10989082243891048,0.001339159611487034
13.994,2.905015690640747,-0.11518713751551289,0.0011555473754279455
14.014,2.9059079316521252,-0.12077387822692824,0.0010798457058218691
14.034,2.9069523957761527,-0.12629863367966804,0.0014025999341684692
14.054,2.9077828842837476,-0.13177351451956582,0.0015372054441211147
14.074,2.908516764420697,-0.13709959797219787,0.0013017721985745523
14.094,2.9092985291278515,-0.14273350714787583,0.0007224766455479203
14.114,2.9101973296975907,-0.14853372527938863,0.001217754568242968
14.134,2.9110679744793075,-0.1547006954816441,0.001421097576722985
14.154,2.911718092715491,-0.1604290687399815,0.0012908701212479001
14.174,2.9125023419435947,-0.16634960017734393,0.0011411101225162479
14.194,2.9132671433469,-0.17283242193909606,0.0014218179880707005
14.214,2.913975408998558,-0.1794046291747144,0.0013171520952824922
14.234,2.9148223522978927,-0.1860559897063604,0.001068078107450826
14.254,2.9156266028539957,-0.1929477494951839,0.0011071823459454233
14.274000000000001,2.91640390804154,-0.20005789024728843,0.0014169622805058624
14.294,2.9171034481795184,-0.20652416977206794,0.0010120630547428844
14.314,2.9180178000698067,-0.21342260957550696,0.0010681890316931175
14.334,2.918743940222586,-0.2205293792204605,0.0014674592438789213
14.354,2.9193813157874886,-0.22720672673072745,0.0012452866097484583
14.374,2.9201763518827146,-0.23373082448532662,0.0010732741522837819
14.394,2.920884628787099,-0.2406910410777434,0.001291819486544804
14.414,2.921570894731977,-0.24768456845790016,0.001485668710852095
14.434,2.922138800953128,-0.2539623479886635,0.0009333890796392186
14.454,2.9229814545404524,-0.26096104317059626,0.0008330731385889356
14.474,2.9235444754273594,-0.26807412646381,0.0014584347791214147
14.494,2.9240349475387424,-0.27431859430566913,0.0009689979335207877
14.514,2.924919252334627,-0.28141767333775064,0.0010449346780909974
14.534,2.9255843583257706,-0.28856782891219324,0.0013584328157255632
14.554,2.926275667080848,-0.2953385151860648,0.0013244185912597295
14.574,2.9268706715715083,-0.3013981106695479,0.0010238541148834268
14.594,2.9275869166372535,-0.3082511245353228,0.0010911035335532393
14.614,2.9283069110559796,-0.3154994498482074,0.0014238033934799166
14.634,2.928672248737087,-0.321431746535145,0.0008385045425337856
14.654,2.9294218755887225,-0.32779733608073275,0.000826622477026473
14.674,2.9300524042402825,-0.3350479586843004,0.0014277131018874956
14.694,2.930623998770068,-0.34190180273982274,0.001167867586457233
14.714,2.9312607477949224,-0.34820878755161344,0.001090877279957575
14.734,2.9318616342519594,-0.3550933835396225,0.0012590618029294232
14.754,2.9324348198050822,-0.36211732613105535,0.0015443958168314675
14.774000000000001,2.9327497912867813,-0.3679869071756146,0.0008290064026200139
14.794,2.933448212581148,-0.37491750518635936,0.0009452986142663988
14.814,2.9340071648282806,-0.38208469173005877,0.0012422782889947026
14.834,2.9345263503814194,-0.388612885982403,0.0008915563324257691
14.854,2.935243390642802,-0.3952498125291647,0.0008988691389077985
14.874,2.9357587227671798,-0.4024245743343675,0.001435768126653858
14.894,2.936196314842344,-0.4091223452826427,0.001362551614081442
14.914,2.936592373867128,-0.4150671116964525,0.0009473508603073943
14.934,2.937138732843371,-0.42225952021705765,0.0012522220049218935
14.954,2.9376837652444836,-0.4296484528701668,0.0012958429616487521
14.974,2.938150900427549,-0.43604275080209065,0.0010511790761195128
14.994,2.938673171877338,-0.4426220714364472,0.0009613045732148329
15.014,2.939096471313429,-0.4498657455150632,0.0015934034367799943
15.034,2.9393826036492126,-0.45628271609000237,0.001178938510399602
15.054,2.9399758904710205,-0.4632056914376482,0.0011489944697155863
15.074,2.940417378673106,-0.47036176341103897,0.001369992909852985
15.094,2.9409003564834917,-0.4773950449406642,0.001108516146791333
15.114,2.9414999859199016,-0.4841212328904451,0.001309636216070581
15.134,2.9419559291114132,-0.4906184102869267,0.00109444275299439
15.154,2.9423912049286645,-0.4976552362692339,0.0013345157622318693
15.174,2.9429157295609576,-0.5044560275761045,0.0011187005616402068
15.194,2.9434985875663786,-0.5113390019286265,0.001046425265347234
15.214,2.943911609548784,-0.5185322457866539,0.001683741177012199
15.234,2.944146682000208,-0.5248004528896613,0.0013805740919959064
15.254,2.944736427775045,-0.5315977033370642,0.0012639416078222832
15.274000000000001,2.9452014127829966,-0.5387741278029278,0.0014752160112903034
15.294,2.945672826259093,-0.5457795787684475,0.0013987484581631793
15.314,2.946183799513201,-0.5523600576615426,0.0014115924493313114
15.334,2.9466479643270205,-0.5589386421369004,0.0011889115004390938
15.354,2.9470565052931166,-0.5659854275743599,0.0016379239745167584
15.374,2.947439493010789,-0.5726603299832458,0.0011467252673300343
15.394,2.9480501031622395,-0.5795366233474208,0.001384373468797162
15.414,2.9484678432877516,-0.5866630254232943,0.0017522209631424535
15.434,2.948841605107576,-0.5933285034941375,0.001756671209216798
15.454,2.949427924758742,-0.600037482131578,0.0012495511658798253
15.474,2.949917929503377,-0.6073168584914014,0.0014522061046102486
15.494,2.9503847731639006,-0.6142902746504618,0.0013552061720428499
15.514,2.9509920934792016,-0.6213202715186299,0.0012787336942656213
15.534,2.951501985955533,-0.6280475249407603,0.001244851282683701
15.554,2.9519078568246666,-0.6351831272146007,0.0016068418353276659
15.574,2.9523706472145097,-0.6419813553608197,0.0012174463891055365
15.594,2.952977838299128,-0.648775906130631,0.0012554523634615011
15.614,2.953361541011684,-0.6559465172383815,0.001711954649525449
15.634,2.953672801155085,-0.6624719802172874,0.0015653258260526492
15.654,2.95430000921283,-0.6693105664697914,0.0013159674561522006
15.674,2.9547700867194133,-0.6766029805005586,0.0014438515543580555
15.694,2.955229386443003,-0.6835909534942148,0.0015641286460875703
15.714,2.95571545978645,-0.6900815998116578,0.0013089396456002211
15.734,2.956279858174383,-0.6969137337968032,0.001282614735480192
15.754,2.956697362198588,-0.7037421717057005,0.0016151833013548222
15.774000000000001,2.9570937919628153,-0.710227723430335,0.0011618467684965106
15.794,2.957722457262217,-0.7170715151161712,0.0011307086254447873
15.814,2.958179429593382,-0.7242106099713448,0.001629578659241654
15.834,2.9584935313610385,-0.7306963500520405,0.0014649484990892914
15.854,2.959022595381038,-0.7372853123079592,0.0012062551852472514
15.874,2.9595194598520234,-0.7444468296421913,0.0012942608974328695
15.894,2.960007112366692,-0.7515100586437813,0.0014591662650935977
15.914,2.9603579168811724,-0.7577133654112226,0.0010443515632499456
15.934,2.960926189272324,-0.7644296228443425,0.0009557194073415709
15.954,2.961333810547557,-0.771441604941124,0.001589493124820096
15.974,2.9616700904012254,-0.7779708875928727,0.0011595232633938302
15.994,2.9622597869871186,-0.7846559480279932,0.0012192136972584422
16.014,2.9627260938060056,-0.7917029851786963,0.0013601008231543255
16.034,2.963141569226957,-0.7985198981816976,0.001404505393087535
16.054,2.963727570694776,-0.8052665363439669,0.0010419296645812481
16.074,2.964287173781215,-0.8125819228172382,0.0010204278657580113
16.094,2.964717684345642,-0.8195591079456994,0.0013408273687744166
16.114,2.9652179663909157,-0.8263694535043009,0.00102825578898591
16.134,2.9658571602674972,-0.8332854609365729,0.0013365649992319317
16.154,2.96623095284449,-0.8397849946388328,0.0012672690243964446
16.174,2.966707991900694,-0.8465120770904362,0.0009985796413055636
16.194,2.9673346348913,-0.8533790280946008,0.0010750018217777213
16.214,2.9677702806855843,-0.8604553247880928,0.0012663602002071228
16.234,2.9681724253508928,-0.8672102273671801,0.0015161072588867341
16.254,2.9685761694810724,-0.873420595827691,0.0008166627315631947
16.274,2.969223525327327,-0.8806234577205991,0.0008240531540657514
16.294,2.9696259193585064,-0.8876730109368476,0.0013353926419108486
16.314,2.970038117407438,-0.8941961129366696,0.0009271240888099608
16.334,2.9706951730082976,-0.9010639207524277,0.0010336780144767355
16.354,2.971056063126434,-0.9075634482824675,0.001226122054154788
16.374,2.9715948330464053,-0.9144475531854914,0.0010281230601333347
16.394,2.9722337132911094,-0.9212616178466441,0.0011481405642798925
16.414,2.9727472674364765,-0.9282582943413642,0.0010901893507234695
16.434,2.973166032205217,-0.9352119779899744,0.0015231035300901086
16.454,2.973611972655324,-0.9416196016919415,0.0009411544264905369
16.474,2.974302445673563,-0.9487875644382913,0.0009013667480930188
16.494,2.9747930908453055,-0.9557884778212348,0.0011835589110315015
16.514,2.975370138084454,-0.9625531622415142,0.0009943154077073912
16.534,2.975952798801669,-0.9691070572922703,0.0008601219934649962
16.554,2.9764033610407643,-0.9762434675683889,0.0013247644470163744
16.574,2.97679088145088,-0.9827343735687379,0.001179961402505425
16.594,2.9774431226369518,-0.9895688817986663,0.001003450683213114
16.614,2.977975634192012,-0.9967376965588385,0.001177832103732207
16.634,2.9784900076830674,-1.0035813064237695,0.0015269486662901066
16.654,2.978885168909001,-1.00967451038279,0.000847063688320937
16.674,2.979626260458782,-1.0169308263217232,0.0010964982833353842
16.694,2.9801638870403053,-1.0240145199524797,0.0014843828571269035
16.714,2.9805694435590846,-1.0302524930321502,0.0012145386403040193
16.734,2.981236103313737,-1.0368984821013796,0.0011859424908001737
16.754,2.9818339455074514,-1.0440615668055884,0.0013805960942610551
16.774,2.982401005180533,-1.0508645420937763,0.0015099838847688618
16.794,2.9828509115369424,-1.05672571756098,0.001046332516640991
16.814,2.9834439233770085,-1.0635660490731833,0.0011925991161356175
16.834,2.9840147931805814,-1.0703667429872725,0.0014169927347207623
16.854,2.9844937237566085,-1.0763762678793078,0.0011177781159981137
16.874,2.9850672688328292,-1.0824063908028603,0.0010944218950431628
16.894,2.985449846151322,-1.088348899422631,0.0011599635003324837
16.914,2.985843839895403,-1.093991185888906,0.0012417358801379008
16.934,2.9863508614383463,-1.1001849861935171,0.0012250411729599897
16.954,2.9868446194156726,-1.10665670241001,0.0013178613363505343
16.974,2.9870637608165906,-1.1129873317322818,0.001145151571017411
16.994,2.9874260424979284,-1.1201177208136048,0.0012405092147460273
17.014,2.9879121918378315,-1.126896709274461,0.0016284599697285185
17.034,2.988318232804483,-1.1334894718655812,0.0012565642985592207
17.054,2.9885756388191784,-1.1403842804372535,0.0015095574884220475
17.074,2.9889574666293677,-1.1468345234354078,0.0014068613536061814
17.094,2.9894217172345368,-1.1537472674085303,0.0013536436299436128
17.114,2.9896977455806537,-1.1604654352371846,0.001423560878322322
17.134,2.9900638430074418,-1.1669794500910848,0.0011077771203804043
17.154,2.9905938197702935,-1.1732641299936024,0.0016867234172758816
17.174,2.9909712700043283,-1.1787676394712578,0.0013046192937159473
17.194,2.9912691914775547,-1.1849064035973318,0.0014752041379752778
17.214,2.9917262926811357,-1.1908119153430765,0.00127129357859887
17.234,2.9921964832860617,-1.1959019648223594,0.0012331019160527756
17.254,2.992568222234116,-1.2007368040562973,0.0011048407393758064
17.274,2.9928345170764303,-1.205211986951521,0.0013264127172012419
17.294,2.9932616632236924,-1.2093997752057286,0.0014687703126537999
17.314,2.993633500157222,-1.2134300880806774,0.0013903752509982215
17.334,2.993983138843718,-1.2172920614321687,0.0011433020890850576
17.354,2.9943692695149355,-1.2210100633658425,0.0009884337105970364
17.374,2.9946325449878577,-1.2244946971094741,0.0010406343901060155
17.394,2.9948929734370306,-1.2277538935100705,0.0012580127602380142
17.414,2.9951398636477324,-1.2308101785892425,0.0013707944416195827
17.434,2.995348341675535,-1.233706747171701,0.0013642162084140097
17.454,2.9954979872497307,-1.2363571796251511,0.0012572646199042747
17.474,2.99559877419449,-1.2387491788202294,0.0011394224384362328
17.494,2.995740948146659,-1.2409562173533366,0.0013135810847870744
17.514,2.9958115093251556,-1.2429986445131416,0.0014364039516855942
17.534,2.995842420467232,-1.2452103377821457,0.0014814896812234968
17.554,2.9958344167349007,-1.2474189206967687,0.001453547738999611
17.574,2.99577951060679,-1.2495295206479902,0.0013319037576294268
17.594,2.9956728009121725,-1.251556734863885,0.0011441718231016695
17.614,2.9956512849147248,-1.253634164742818,0.001253859318447098
17.634,2.995584015602628,-1.255599356948946,0.001383748185462913
17.654,2.9954641851149675,-1.2577752926832442,0.0014562789983751934
17.674,2.995295694951307,-1.2599747342490042,0.001441179228469508
17.694,2.9950843206674667,-1.2621836855383601,0.0013358111099793235
17.714,2.994835135785928,-1.2642331618016402,0.0011563946151755822
17.734,2.994683809215126,-1.2662937961464307,0.0011115794392528577
17.754,2.9944278472313597,-1.2682700493016514,0.0012701114673455416
17.774,2.994156568561179,-1.2704133023774002,0.001365182745229343
17.794,2.993842679393002,-1.2726035768698447,0.0013652181464076651
17.814,2.993478000665208,-1.2747979207690392,0.0012796321375309616
17.834,2.9930681459845885,-1.2769812725980416,0.0011032827885478491
17.854,2.9926740941708028,-1.2789930924670496,0.0009513824026460838
17.874,2.992316836762309,-1.2811144506914058,0.0011026932636369335
17.894,2.991867025469362,-1.2831841240017938,0.0012062791378469606
17.914,2.991396810846367,-1.2853544978532634,0.0012272459910574185
17.934,2.9908804435308514,-1.2875170670914267,0.0011600510815990006
17.954,2.9903192860049397,-1.2896673392766986,0.0010018176258945188
17.974,2.9897146024233296,-1.2918009743488312,0.0007505616221054612
17.994,2.989233515859637,-1.2939199643403727,0.0008577186426332317
18.014,2.9886417491196795,-1.2959505986380633,0.0009899124797436154
18.034,2.988033458400238,-1.2980733088118237,0.0010324666294060647
18.054,2.987505107502225,-1.3002018007440654,0.0010440157475080647
18.074,2.986945680425829,-1.3023249815314557,0.0009740939697459039
18.094,2.9863342678849647,-1.3044255500029243,0.0008170821748550716
18.114,2.985786221505882,-1.306447031261435,0.0008237411968212982
18.134,2.985182095573265,-1.3084923334387444,0.0010266430676769134
18.154,2.9845493049437413,-1.3105945548813929,0.0011432248290547398
18.174,2.983865043825624,-1.3126946798251045,0.0011761443132623783
18.194,2.9831342815119752,-1.3147873699835833,0.0011265218168845514
18.214,2.982372877834589,-1.3168304693787947,0.000994920366435531
18.234,2.9816378902679137,-1.318721149329497,0.0008865413018185331
18.254,2.9809579119741914,-1.3206627631695662,0.0010682118602430568
18.274,2.9802131733847776,-1.3225313759991977,0.0011996771085673041
18.294,2.979387251516312,-1.3245832399209059,0.0012536195634797187
18.314,2.9785137881718673,-1.3266213505758477,0.001225157375978586
18.334,2.9776605825244626,-1.3285085969251884,0.0011232106665666208
18.354,2.976772629837759,-1.3303297546498147,0.0009432693930977454
18.374,2.975950840043821,-1.3322207977718623,0.0010691589474146335
18.394,2.9751006806303195,-1.3339694503992168,0.0012099725730637667
18.414,2.9741949291214365,-1.335781073069563,0.0012794470157305449
18.434,2.9732566610559017,-1.3375943439448033,0.0012739019240473048
18.454,2.9722803567124974,-1.3393875748457653,0.001190415343696044
18.474,2.9712670259220464,-1.3411563331815992,0.001027412741173378
18.494,2.9703023803405775,-1.342970697611638,0.0010136142117209146
18.514,2.969308652006222,-1.3446952473763671,0.001175456335969216
18.534,2.9682868439798167,-1.3464255225720951,0.0012581725304117441
18.554,2.9672260332177323,-1.3481692339020512,0.0012681623750530613
18.574,2.9661263452114155,-1.349890507579049,0.0012017872870368207
18.594,2.9649909566884487,-1.3515855885598524,0.0010556726429966357
18.614,2.9638475746538866,-1.3532781501903466,0.0009209196062001379
18.634,2.9627485130732625,-1.355029155895437,0.0010742983197967182
18.654,2.961633514081068,-1.3566346827025353,0.0011775259831230678
18.674,2.960450393096409,-1.3582904750395106,0.0012067405912218332
18.694,2.959234656432095,-1.3599313911312807,0.0011573067597805131
18.714,2.9580789274066253,-1.3614120336825974,0.0010393661115457586
18.734,2.9571267415857445,-1.3625260497920184,0.0008803337453136828
18.754,2.9564375972211656,-1.3633929237635638,0.0008865556323746082
18.774,2.955999317183472,-1.3638928037813078,0.0010219576175239387
18.794,2.955769493453821,-1.364045198097264,0.0011162652789400707
18.814,2.9558341224246876,-1.363897818665699,0.0011735629876026832
18.834,2.9561572092706245,-1.3634492995267562,0.0011829620423481069
18.854,2.9567575415656195,-1.362678625532136,0.0011552556304157136
18.874,2.9576141609510325,-1.3616236006891351,0.001063679750119395
18.894,2.9586419769130057,-1.3604118888348973,0.0009090851617900297
18.914,2.959812788919987,-1.3589060575272318,0.0009812501914867322
18.934,2.9612342873201953,-1.3572153010405956,0.0011517397307082289
18.954,2.9629364838424235,-1.355255735457677,0.001230421804789994
18.974,2.964805839959888,-1.3532185891042354,0.0011723661815327968
18.994,2.9668462590082645,-1.351126544221665,0.000968775595896032
19.014,2.968708413897893,-1.3489759410387372,0.0010147386692156701
19.034,2.970940641855795,-1.3467731502388605,0.00120806789437658
19.054,2.973268405433151,-1.3445555961073234,0.001241972901426469
19.074,2.9758205688360366,-1.3421385827131274,0.0010089860067878376
19.094,2.977981145334211,-1.3400965748244542,0.001029137535108554
19.114,2.9801677879210424,-1.3381579235522143,0.0011834919495462004
19.134,2.9822346925078755,-1.3363265756497593,0.0013246897951434966
19.154,2.9840416095833286,-1.3348466283030656,0.0011728274277720552
19.174,2.9854187990883823,-1.333841213915695,0.001002986965839836
19.194,2.9862116190492602,-1.3331339300479437,0.001027520982608443
19.214,2.9868415695653,-1.3324916981414914,0.0012192317041753997
19.234,2.9872069525280947,-1.3320577035832215,0.0012836143934603084
19.254,2.9872603502005526,-1.3318548839163873,0.0012799732496402427
19.274,2.9869666407311652,-1.3318637588623239,0.0011785478902114899
19.294,2.9863275359467543,-1.3320715344634464,0.0009750352885643798
19.314,2.9853421402196556,-1.3326714386431906,0.0010903373393630622
19.334,2.9840755619344645,-1.3333491375872901,0.0012108102488269101
19.354,2.9823927552895277,-1.33420974142064,0.0012408420618848504
19.374,2.980359260799692,-1.33518561640017,0.0011508892806214588
19.394,2.9779452552816323,-1.3362731109615442,0.000912558442457273
19.414,2.975109455293798,-1.337690085686336,0.0011565271461654592
19.434,2.9721339863165595,-1.338963490291584,0.0012815326835788343
19.454,2.9686442679420812,-1.3403662996273296,0.0012156487936583749
19.474,2.9648443858831253,-1.3418056560241114,0.0010573876860821563
19.494,2.9608355719211215,-1.3433860680567973,0.0012789236649992375
19.514,2.9567537095702217,-1.344764837235196,0.00129367666657898
19.534,2.952467349125577,-1.3461234361674719,0.0009403058583146995
19.554,2.9478486727660633,-1.3477065455863229,0.0008417622995238183
19.574,2.9427940554516923,-1.3493260975033807,0.0011872234433302764
19.594,2.938012912007733,-1.350898372223378,0.0012415638076712088
19.614,2.9328737945661256,-1.352450788579033,0.0009960070807665533
19.634,2.9274908009714307,-1.354174218944984,0.0012014682065668303
19.654,2.9222062193914136,-1.3555817902838776,0.0010688606338518647
19.674,2.9168261249823364,-1.357005810990079,0.0009875299165147122
19.694,2.911512828090492,-1.3585397161419548,0.0010797346852300105
19.714,2.9061203880610895,-1.3599988311723374,0.0013131537714227426
19.734,2.901063037392042,-1.361318104747666,0.0012461834719014186
19.754,2.8956357512976303,-1.3626395502125965,0.0007998498791783881
19.774,2.890167308784008,-1.3640243321019296,0.0009371986797956922
19.794,2.884710117298736,-1.3653749824315484,0.0012663194321079763
19.814,2.87922999221387,-1.3666603326194924,0.0012620444573777923
19.834,2.8746551521378714,-1.367547508363103,0.0008885109322313844
19.854,2.8694418101476367,-1.3687720415098084,0.0010019109749079547
19.874,2.863880795064235,-1.3698933569810356,0.0012172419069176321
19.894,2.858643782498651,-1.3709949799225782,0.0011320738386920715
19.914,2.8530989371569504,-1.372240203445255,0.0011980272384636281
19.934,2.847493446638137,-1.3733606346621845,0.0012701090271224624
19.954,2.8421891026414148,-1.3743496637669894,0.0010739477663974095
19.974,2.8365661912331204,-1.375330216858409,0.0009097552351609306
19.994,2.8310148404464694,-1.3764902319815495,0.0013200967480020143
20.014,2.8253714309317988,-1.3774706671277361,0.001502183939830981
20.034,2.8203491030633723,-1.3781117062520116,0.0011793763886863151
20.054,2.8144165087251167,-1.3791872841718475,0.0008288081832102667
20.074,2.8078025831445204,-1.380248705755069,0.0012778202679599726
20.094,2.8010256693132685,-1.3814111498660502,0.0013127343564454386
20.114,2.7951133179511403,-1.3822161856933977,0.0008872682509370733
20.134,2.7885142313891995,-1.3832808642964163,0.0011761935459269623
20.154,2.7812042678825453,-1.384400112957462,0.0014074535323466697
20.174,2.774663153755212,-1.3854087569203015,0.0012029788681665043
20.194,2.7682479702242953,-1.3864739452427604,0.0008399678469375726
20.214,2.760978494422013,-1.3874802928083072,0.0014178365296713957
20.234,2.7539266497627066,-1.3885554584520516,0.0012963066420780822
20.254,2.7479327056831577,-1.3892594388690058,0.0008632636162432261
20.274,2.7409832431949703,-1.3902379926346213,0.0013356145370772288
20.294,2.733978970607343,-1.3911670177790512,0.0013740954868028121
20.314,2.7274575757088817,-1.3921132820806845,0.0009657482549678131
20.334,2.720786290547343,-1.393071897799091,0.0010503993830704716
20.354,2.7134477334146525,-1.3940381148710774,0.0013063423765552196
20.374,2.70650217283841,-1.3950193062093588,0.0011732515533677823
20.394,2.7003670318166,-1.3957294718953361,0.000928293295099053
20.414,2.6932857714196206,-1.3966149948414728,0.0014617235288898467
20.434,2.6863276176134168,-1.3974507320219014,0.0013336845674954134
20.454,2.679827222867039,-1.3983280367585031,0.0008792645198907323
20.474,2.67300775715765,-1.3992038691922102,0.0012785013409391532
20.494,2.6656703288163026,-1.4000843666999074,0.0014633794573616077
20.514,2.6589070146644618,-1.4008941832649737,0.0011473625151040556
20.534,2.6524711135522265,-1.4017463139631472,0.0010002059355152804
20.554,2.645252115376898,-1.4025087926924744,0.0015370585901373635
20.574,2.638564725861558,-1.4031227759077067,0.0013161901508432217
20.594,2.6322069772247634,-1.4038751529083104,0.0008414058929697155
20.614,2.6251226936936565,-1.404577997082696,0.0014441105553145428
20.634,2.617833408740493,-1.4053191150081819,0.0012881922646836852
20.654,2.611331785759687,-1.4060416403795863,0.0010153315551128528
20.674,2.604733521640759,-1.4068347782078068,0.001063186696538737
20.694,2.597392494742179,-1.4074742044315562,0.0015510378930986002
20.714,2.591159916136774,-1.4078590112263936,0.001016678441766089
20.734,2.58427964193774,-1.4086507718711885,0.0008296011708124051
20.754,2.577166272027116,-1.4092668164216837,0.0014657736710929903
20.774,2.570279171562079,-1.409930285512926,0.0012933098301277646
20.794,2.563710849642073,-1.4106416249171876,0.000937669189616186
20.814,2.556745104024977,-1.4112683027327544,0.0013111143397517289
20.834,2.549444576952524,-1.4119430089137286,0.0012791397602748555
20.854,2.543222664533687,-1.412557487366423,0.0009128629533719512
20.874,2.5366012810835525,-1.413226890735997,0.0010460285786077217
20.894,2.5292714112776213,-1.4138416456499983,0.0013670562307844247
20.914,2.522662057697024,-1.4144800298739,0.001210622963243424
20.934,2.5163569397234817,-1.4151167317651299,0.000885199244313184
20.954,2.509171375474625,-1.41566251451555,0.0014908785650220857
20.974,2.5020006860052466,-1.4162089248877339,0.0013263802622797416
20.994,2.4954701070195524,-1.4167914652484812,0.001027431228215886
21.014,2.4887421871053417,-1.4173169625220654,0.0012132954190127998
21.034,2.481382039887609,-1.4178437204159935,0.0013542401346020305
21.054,2.474853303911755,-1.4183889608583655,0.0011309444037382599
21.074,2.4683152155410317,-1.4189647991083785,0.001017763698639207
21.094,2.4610666192407225,-1.4194228465805927,0.0014622059672918242
21.114,2.4542826972691523,-1.419801968373072,0.0012346864320153528
21.134,2.447851037982751,-1.4203146013833847,0.0008186776598473611
21.154,2.44067066152978,-1.4207153879881542,0.0014943988906096772
21.174,2.4333293874587874,-1.4211829280938397,0.001320977822519609
21.194,2.4271091425822693,-1.4215305343775435,0.0009326798058393593
21.214,2.420391500747327,-1.4219691076443448,0.001153929590178293
21.234,2.4131063015639698,-1.4223307731804053,0.00148952417415385
21.254,2.4066370585449444,-1.4225675678677392,0.0011093409975660162
21.274,2.400026739899062,-1.423008101641582,0.0009226841636373606
21.294,2.3926690325055593,-1.4233128610226693,0.0014064101485994907
21.314,2.3857239366731333,-1.4237047662994147,0.001303085222460476
21.334,2.379429774442461,-1.4239991524721773,0.0009129583608768199
21.354,2.3723284982507185,-1.4242926065679058,0.001442447428280813
21.374,2.36527201845528,-1.4245739321477318,0.0013781431782783071
21.394,2.358563404173184,-1.4249033329257332,0.0010715138613345832
21.414,2.3518599605833908,-1.4252919004363416,0.001099912038066586
21.434,2.3445192335801264,-1.4255365781088745,0.001526197961053244
21.454,2.337485543268338,-1.4258332316857583,0.001300072808636893
21.474,2.330824614267779,-1.4261927608934521,0.0012170728360082483
21.494,2.3237578102970042,-1.4264185919502337,0.001467389776654754
21.514,2.3170111864481813,-1.4265118914846595,0.0012977477546071148
21.534,2.310264932812193,-1.4267639560248424,0.0008997676086207884
21.554,2.303175197393144,-1.42698986807705,0.0012641120664002858
21.574,2.296045140933496,-1.4272575401692433,0.001321525376171584
21.594,2.2894529027836192,-1.4274221415241286,0.001033871609233239
21.614,2.2829241441663135,-1.4276616196540917,0.001092232680763694
21.634,2.2756435956135643,-1.427855108671898,0.001430697432798611
21.654,2.2690364888552947,-1.4279973372077313,0.00120724906735728
21.674,2.2622614185679697,-1.4282353421912026,0.0009241298801244135
21.694,2.2551073593231945,-1.428374376652898,0.0014157471925191345
21.714,2.2479602113206445,-1.428613612861616,0.0012764113374250652
21.734,2.2417789322073745,-1.4286615437572228,0.000872712976359491
21.754,2.234929386782616,-1.4287969347724192,0.0012885809887646649
21.774,2.227597170107612,-1.4289453613811645,0.0013567274129606954
21.794,2.2211365794536935,-1.4291569709393102,0.0011012011496090435
21.814,2.2145312501333465,-1.4293706713014203,0.0009551342364188808
21.834,2.207179486782,-1.4294206577018769,0.0013933537464868029
21.854,2.200363656737189,-1.4295566692307198,0.0012507384403331323
21.874,2.193925243680867,-1.4296813295474973,0.0009227977959452571
21.894,2.1868034481455205,-1.4296989103351736,0.001379426681036744
21.914,2.179706210587737,-1.4298428178641238,0.0013739983932425093
21.934,2.173573434537258,-1.4299461888218672,0.000804723861260348
21.954,2.166656536458087,-1.4300485041933297,0.0012296610104671202
21.974,2.1593140370539374,-1.4301043136795153,0.0013488136371664072
21.994,2.152652539481528,-1.4302673243696042,0.001095195520054354
22.014,2.1460385942541627,-1.430410898097642,0.0008509409691504488
22.034,2.138727269479046,-1.430345599388223,0.0014757104116168152
22.054,2.1316024275169156,-1.430396118245528,0.001303471853372068
22.074,2.1254947343498074,-1.4304194979317797,0.00091576616170011
22.094,2.118461060033357,-1.4303714912596526,0.0014194587835044126
22.114,2.111388281964361,-1.430273223953025,0.0014998959496176911
22.134,2.1049721710899654,-1.4301487075905703,0.0008008385921277894
22.154,2.0979364861855276,-1.43014244162314,0.0010734859268411168
22.174,2.0907727766879276,-1.4300626086110637,0.0012867328231050967
22.194,2.083790895806101,-1.43009916346439,0.001154975359994842
22.214,2.0775948149057886,-1.4301600529409666,0.0008920426827691841
22.234,2.0703992119610706,-1.4300043481791713,0.0014025360430829359
22.254,2.0636795501676954,-1.4298643128055613,0.0012310220481215606
22.274,2.0568562155547214,-1.4298065518971053,0.0008124123644829562
22.294,2.0497593868598507,-1.4296574185711717,0.0012621693396929201
22.314,2.0426146033986465,-1.4295744621997872,0.0012731400487690225
22.334,2.0360118100222673,-1.4295446421058529,0.0009658740773044461
22.354,2.0296512422661364,-1.42951661430637,0.0009763952239636164
22.374,2.0222873957903533,-1.429334554504707,0.0012368348873037782
22.394,2.015608347511623,-1.4293024076362235,0.0011239065909931512
22.414,2.009069235863565,-1.4292920188229903,0.0008391287560649552
22.434,2.0019334645149374,-1.4291020120901865,0.0014513823107972779
22.454,1.994850773992191,-1.4289580049647204,0.0013304163442260097
22.474,1.9881747577420288,-1.4288514044578775,0.0010461662258511584
22.494,1.9814233148658986,-1.428774727953146,0.001133817765906514
22.514,1.9740773818119863,-1.4285601524801126,0.0014325736060703809
22.534,1.967535057333139,-1.4283495614633932,0.001120303867195943
22.554,1.9609818075280108,-1.4282660644570757,0.0008882127067734447
22.574,1.9536845492158106,-1.42793868624729,0.0014041708586390311
22.594,1.9466811372246853,-1.4277206161900902,0.0013480331082213748
22.614,1.9401074911149516,-1.4275670635274726,0.0010487045542709184
22.634,1.933159831032627,-1.4272400845272712,0.0014077255544414358
22.654,1.9257831178336289,-1.4269027239843446,0.0013183012295895358
22.674,1.9190510134817345,-1.4266368921995245,0.0010557079941435898
22.694,1.9123891360589502,-1.4264705655345096,0.0010424326558476915
22.714,1.9050971965748127,-1.4260327733420217,0.001546440991681719
22.734,1.898613027757497,-1.4256932379884057,0.0011554902071898299
22.754,1.8922243392920166,-1.4255051111971295,0.0008051405396579114
22.774,1.8848668445936083,-1.4250629296415904,0.00147322437237149
22.794,1.8779757993837334,-1.4246911079591804,0.0013175438639594639
22.814,1.8714748613908332,-1.424373919421943,0.0008314340672475051
22.834,1.8644288799072364,-1.4239530430090157,0.0013774518443393224
22.854,1.857100798549678,-1.4235385615985292,0.0013313270776464659
22.874,1.850666895304631,-1.4232160487982288,0.000980639884644835
22.894,1.843993989334056,-1.4228795595424264,0.0010248131092147061
22.914,1.836812989131394,-1.4223510981544336,0.0013564458835589877
22.934,1.8302921688519116,-1.4221429634901774,0.0011651239620748544
22.954,1.8236291043931494,-1.4218490362012464,0.0009438697668457674
22.974,1.8165125361144638,-1.421301885469775,0.0014310855569783787
22.994,1.8093602332805314,-1.4208751687363708,0.0013110924728690354
23.014,1.803299326794426,-1.420677543413423,0.0008704834246097692
23.034,1.7963323172961259,-1.4202053592366435,0.0012927679822604399
23.054,1.78913247072372,-1.41968044948576,0.0013182187141948798
23.074,1.7827637518827688,-1.419502779400458,0.0010519397925736473
23.094,1.7761425932555306,-1.4191140911746003,0.0010243274965062166
23.114,1.7687868519635654,-1.4185181089193006,0.0014790257267955353
23.134,1.7618319767685537,-1.4180465389486683,0.0013212213510560844
23.154,1.7553093656348575,-1.417611713900314,0.001009199082941059
23.174,1.7482502268304105,-1.4169675906369708,0.0015289943346716017
23.194,1.7409748945255465,-1.4163439108644318,0.0014218853406343102
23.214,1.734512017918634,-1.4158363183059608,0.0009574916622159257
23.234,1.7278433069973946,-1.4153123043102565,0.0012051601470719209
23.254,1.7204472076221156,-1.4146004620734092,0.0014533642853029605
23.274,1.7138454867034363,-1.4140529594307316,0.0011288417822851449
23.294,1.7073702641061375,-1.4135386669922485,0.0008428386146070443
23.314,1.700022043548592,-1.4126871576871394,0.001486788662209304
23.334,1.6931226834499025,-1.4121329436009993,0.0013529312994195741
23.354,1.6867484391600733,-1.411601643595596,0.0009828014701939447
23.374,1.679811828583232,-1.4107883943699866,0.0014572162480903927
23.394,1.6725211068602217,-1.4099621886842515,0.0014486930559081679
23.414,1.6661337740739106,-1.4092935705072396,0.0009690673538235994
23.434,1.6596278783681842,-1.4085721981501054,0.0011582597415448204
23.454,1.652228363846372,-1.407602777545257,0.0015431477139865313
23.474,1.6455017379852948,-1.4068409469703123,0.001213198752255451
23.494,1.6391336398971201,-1.4061468058473037,0.0009542537496055603
23.514,1.6319256699994937,-1.4051475198937264,0.0015011836648597399
23.534,1.6252222197974988,-1.4043277455196175,0.0012292689703020665
23.554,1.6185546031989548,-1.4035241691921718,0.0008764337106170472
23.574,1.6116425436214112,-1.4025282084951827,0.001306297812582985
23.594,1.60439864836758,-1.4015256269078658,0.0012910989186918076
23.614,1.5978944888606232,-1.400719192060208,0.0009818475290004902
23.634,1.5915003827590926,-1.3998857926929817,0.0010588154156308816
23.654,1.5842005104637038,-1.3987583147557732,0.0013532537128352062
23.674,1.5776885048818006,-1.397854445477458,0.0012130582352521402
23.694,1.5714454141647967,-1.396975900792655,0.0007961250156075239
23.714,1.5642092279176671,-1.395777135937401,0.001379437004877443
23.734,1.5570507935722044,-1.3947179938522554,0.0012700817473547676
23.754,1.5509993460614464,-1.3938165006073138,0.0007919040926396836
23.774,1.5441353028607723,-1.3926881409173526,0.0012123482242520078
23.794,1.5369803510945033,-1.391481531231545,0.0012997704184046222
23.814,1.5307448090007156,-1.3906717195970488,0.000963015750608337
23.834,1.5241545766927533,-1.3897027376479691,0.0009137919390029559
23.854,1.517064303482533,-1.388425665452195,0.0013121894227671738
23.874,1.5103839128001872,-1.3873977944840488,0.0012075347136403236
23.894,1.50399260838721,-1.3864026342815028,0.0008771358356728653
23.914,1.4969854260446738,-1.3851348055681132,0.0012995651163990596
23.934,1.489938864553594,-1.3839770456253233,0.0012281439307732511
23.954,1.4838572784283555,-1.3830901544032461,0.0007735960862553515
23.974,1.4770092449202645,-1.3819726974018511,0.0010889252492422563
23.994,1.4699433748879955,-1.3807300363798374,0.0012906398177590372
24.014,1.4633909703894312,-1.3796476953402186,0.0010736202728594268
24.034,1.4570224193020243,-1.3785939873548865,0.0008385220006854877
24.054,1.4497168456947307,-1.3772217983556039,0.0013518596525899373
24.074,1.442754353579808,-1.3760422701347081,0.0012113111421577782
24.094,1.4364922592681597,-1.3749994545664703,0.0008165815114285213
24.114,1.4295267566909549,-1.3737123955368444,0.0013255897056166088
24.134,1.4224703464627773,-1.3724471737795656,0.001304863178641369
24.154,1.4162000621175637,-1.3715705305734418,0.0008200670377151442
24.174,1.4094387187626505,-1.3703706911099718,0.00108261387887304
24.194,1.4022758793089016,-1.368986653361423,0.00141741000199605
24.214,1.3956283985227675,-1.367807093885477,0.0012326502138454432
24.234,1.389355864178902,-1.3667167528507913,0.0009765540948004636
24.254,1.3823509440261974,-1.3653000746947446,0.001458518087585764
24.274,1.3753222912300826,-1.3639252897851692,0.001329649379686243
24.294,1.3691209956944692,-1.3628265721489463,0.0009251990824208911
24.314,1.3624739487002495,-1.361453543843901,0.0013542588837392733
24.334,1.3552382216355614,-1.3599250601624218,0.0015183361035102094
24.354,1.3490176037423762,-1.3587393069401137,0.000932335868342099
24.374,1.3424857629638498,-1.3573959326954321,0.0009892171414242756
24.394,1.3353088314950514,-1.3557756717045,0.0014229477997104445
24.414,1.3287146423649725,-1.3545693008348245,0.0012214727942792825
24.434,1.3223976121811336,-1.3533620460132323,0.0009382018512880952
24.454,1.3154786906729625,-1.3517488382892207,0.0013651604246674165
24.474,1.3085555969610787,-1.3502092606735465,0.00135985193316851
24.494,1.302413257337474,-1.3489568546174922,0.0008814188499016162
24.514,1.2956577897944057,-1.3474104169398886,0.0012409981743796705
24.534,1.2885798980282779,-1.3457469840472143,0.0013214751803782288
24.554,1.2823920810715215,-1.3446044539967896,0.000996150792886119
24.574,1.275786939372328,-1.3431881247834698,0.0009626929466178269
24.594,1.2687800997371954,-1.3414710765694933,0.0015501989545200767
24.614,1.2619572399103893,-1.3398929183774004,0.0013619264928414754
24.634,1.2556364063201608,-1.3384989470207482,0.0011986824595200674
24.654,1.2490300126782783,-1.3368883710344783,0.0014129272165735174
24.674,1.2419067929952838,-1.3351355749710996,0.001479269318893306
24.694,1.2357803770921476,-1.3337788797041243,0.0008441862527417687
24.714,1.2293045722743816,-1.3322466809021136,0.001241740612615061
24.734,1.2219805072646104,-1.3303476966326624,0.001385696363048139
24.754,1.2156502145567523,-1.3289072934448238,0.0011089044183146546
24.774,1.2093405106839292,-1.3274217926474936,0.00096021273265115
24.794,1.202374829120644,-1.3254955845824845,0.001464130569273775
24.814,1.19566695255682,-1.3238951960363972,0.001380644672733633
24.834,1.1896320900983675,-1.3226039155692606,0.000868008839471357
24.854,1.182832340128084,-1.320739272732923,0.0013861202453892274
24.874,1.1757494181939352,-1.318878219941049,0.001394235614353423
24.894,1.1695884584039797,-1.3174041423413776,0.0008760384048519809
24.914,1.1630721394062646,-1.3156091495519797,0.0011289808612973962
24.934,1.1559794077592946,-1.3135559250808213,0.0013960567754348896
24.954,1.1495846680256394,-1.3119740943303406,0.0012107848985681846
24.974,1.1433081250464843,-1.3103458574432112,0.0009989518056606472
24.994,1.1363625280693341,-1.3083109805433935,0.001488760853667892
25.014,1.1296264039855706,-1.3063992067875156,0.0013511611102954846
25.034,1.1234601123846513,-1.304825626360362,0.0009430178683023371
25.054,1.1168796285598572,-1.302876681182838,0.0013117814222250723
25.074,1.1097468937263288,-1.3007817613202415,0.0013463799217508787
25.094,1.1036168768440657,-1.2991901179847813,0.0009242386657911106
25.114,1.097100157429734,-1.2973106478174703,0.001011912726412073
25.134,1.0901113842121923,-1.2951255600507827,0.0014163828068261275
25.154,1.0835457980139869,-1.2932020780992453,0.0012420988143451994
25.174,1.0773872035915186,-1.2913839005732708,0.0008924516720217601
25.194,1.070510219017441,-1.2891783921975806,0.0014027615431272122
25.214,1.0636818707829345,-1.28713977170972,0.0013826545118907907
25.234,1.0577033860268488,-1.2854487296373478,0.0008197117031721879
25.254,1.0512143568103898,-1.2833667238779898,0.0012917285957777247
25.274,1.0440395556461524,-1.2809808722945997,0.0013261677377108816
25.294,1.0377679105818964,-1.278951247999892,0.0011802101138776722
25.314,1.03176432400499,-1.2770486426256529,0.0010151743953455972
25.334,1.0248773574792405,-1.2746381666181619,0.0014660112688726357
25.354,1.018272759085466,-1.2724064232669776,0.0012109430761596263
25.374,1.0122971569363552,-1.2704153991191343,0.0008149135704230703
25.394,1.0055708411635291,-1.2679838736113584,0.0013971304643422
25.414,0.9986854391139544,-1.2655214625427844,0.0013453113134089811
25.434,0.9926715816656265,-1.2633783333048214,0.0008931973384631031
25.454,0.9865933167435893,-1.2611902094443452,0.001126620860524924
25.474,0.9795142970031602,-1.2585228507170403,0.0014475586152687958
25.494,0.9731907426027789,-1.256226995342157,0.0011511714201461742
25.514,0.9672947619890959,-1.2541543524499066,0.0008891686297252399
25.534,0.9605227218855074,-1.2514796760753326,0.0014855527511324351
25.554,0.9541150086702365,-1.2490373299397806,0.001240686728170598
25.574,0.947985385875869,-1.2467502444239056,0.0008709644319972176
25.594,0.9413998532609359,-1.2440675855197,0.0012960901224115529
25.614,0.9345525016926176,-1.2413573389686616,0.0013065461581197035
25.634,0.9286029747042815,-1.2391610770633523,0.0008711947585761382
25.654,0.9224783518143599,-1.236727146648199,0.0010565167853092139
25.674,0.9155612339647237,-1.2338444573499785,0.0012990013835436354
25.694,0.9093659727998972,-1.231325299217018,0.0012123428181804174
25.714,0.9035361835231669,-1.2289905121796674,0.0008939862212588578
25.734,0.8969302811973977,-1.2261223548101012,0.0014847170816826016
25.754,0.890237081217439,-1.2232611731882652,0.001296601863637642
25.774,0.8843543249683653,-1.2208560934225667,0.0009706305945187121
25.794,0.8781918468572236,-1.2181602501450783,0.0012599204393278496
25.814,0.8716404212596444,-1.2152907473258405,0.0014302667531928825
25.834,0.8655280176713334,-1.212581722479442,0.0009019055613364302
25.854,0.8591238407399394,-1.2098044969226616,0.0009494996752253404
25.874,0.8526000930346649,-1.2067980276839765,0.001389319244036652
25.894,0.8462469859321056,-1.2040797532889893,0.0012625762826445064
25.914,0.8404617409919113,-1.2017081738996134,0.0009713735675737634
25.934,0.8336926475963589,-1.1986501347522944,0.001392982448511687
25.954,0.8273815688866875,-1.1958664942394932,0.00129322720782718
25.974,0.8211045808772629,-1.193124443044908,0.0008370539005022049
25.994,0.8146419253954885,-1.1902013331400945,0.0012524343546043704
26.014,0.8081146664555606,-1.1873045270929905,0.0013338492333616336
26.034,0.8019216734190164,-1.1845912949057222,0.0011024944319885654
26.054,0.7961344811080473,-1.182133687728615,0.0009807155131778544
26.074,0.7894607839249103,-1.1791003022381754,0.001309423723627745
26.094,0.783382310898282,-1.1764082295336207,0.0012929882887338096
26.114,0.7776024218676788,-1.173835556583425,0.0007692313631304515
26.134,0.7709191425221303,-1.1706717192763287,0.0013283435727653725
26.154,0.7644211259047781,-1.1677168102020148,0.0012892990950269245
26.174,0.7587428785650985,-1.1651674436228905,0.0008299718025606972
26.194,0.7526653654274095,-1.1623983025083637,0.0012529833023115777
26.214,0.745986843507777,-1.1592476470435285,0.0013619340303039906
26.234,0.7402616465871275,-1.1567398691968616,0.0010565064233145072
26.254,0.7342109964066258,-1.1540184451995774,0.0008674199092678636
26.274,0.7276751878085553,-1.1508309457898918,0.0014431415499787659
26.294,0.7215348248901977,-1.1480615018802038,0.001331297726129027
26.314,0.7157942210514612,-1.145509676764031,0.0008308552701059013
26.334,0.7093313034151221,-1.1423935064355009,0.0014147286437093953
26.354,0.702717546377099,-1.1392499769889557,0.0013218517104376104
26.374,0.6970947777153539,-1.1365778253668462,0.000905002199205418
26.394,0.6908903403947743,-1.1335667184369163,0.0011250488750650656
26.414,0.6844676193131709,-1.1303956224588536,0.0013456046534315036
26.434,0.6782470533673787,-1.1274082614195864,0.0012223192732214727
26.454,0.6727743776495467,-1.1249377622860774,0.0008794130887763985
26.474,0.6662755601078791,-1.1216431980865864,0.0014252117789256002
26.494,0.6600118748450068,-1.1186506782975933,0.0013254560838906193
26.514,0.6543204479412348,-1.1159732570556034,0.0008539824340055846
26.534,0.6479921973803946,-1.1128074962385726,0.0013317403647120918
26.554,0.6415721265562795,-1.1096619216926717,0.0013642583111481699
26.574,0.6359070271128635,-1.1069170630705387,0.0009164412613355544
26.594,0.6295569727996826,-1.103820820920812,0.0010651476714363117
26.614,0.6232109271438102,-1.1006225972434518,0.0014203063392507764
26.634,0.6169164963173955,-1.097605396050018,0.0012317100793443336
26.654,0.6112375600137555,-1.094946277274591,0.0008748430465095047
26.674,0.6048678194152194,-1.0917088422556467,0.001362983833447795
26.694,0.5984870651731304,-1.088595822237706,0.0012951342561508816
26.714,0.5929383472267821,-1.0858845496068876,0.000821203927438785
26.734,0.5866431601051546,-1.0827528117742486,0.0012833470830391769
26.754,0.5801991002572635,-1.0795026442723556,0.0013057276117559302
26.774,0.5743892693979442,-1.0768599982001752,0.0010013843875517348
26.794,0.5683825380288443,-1.0739979835600857,0.0009002428995653899
26.814,0.561971444371496,-1.07067783475912,0.0013730601169048562
26.834,0.555855633141894,-1.0677080886576122,0.0012649400822790924
26.854,0.550138831171233,-1.0649609442811285,0.0008826222978087772
26.874,0.5438180006748936,-1.0616997396063272,0.001357404905630577
26.894,0.5374843796731522,-1.058543959835756,0.001357041336992354
26.914,0.5320179701049031,-1.0559233130511925,0.0007325993892058902
26.934,0.5257380478686133,-1.0528127382027967,0.0011825921482242208
26.954,0.519304446916032,-1.0495217407737758,0.0013141694566386475
26.974,0.5134123208803725,-1.0466938765591614,0.0010216999712699681
26.994,0.5073507577419255,-1.0437293070098312,0.0008088385058067915
27.014,0.5009065971446581,-1.0403194165453982,0.0012400208730304896
27.034,0.494583870742947,-1.0371497433891226,0.0011908714127366327
27.054,0.48900444858740244,-1.0344117271965665,0.0008337214904216017
27.074,0.4827345060744036,-1.0311063179606375,0.001297607297166825
27.094,0.4765766133452299,-1.0279234157103956,0.0013174632057403879
27.114,0.4706756093656266,-1.024878943176654,0.0008114131561577365
27.134,0.4644480951804886,-1.0216706084298848,0.0010432413787281325
27.154,0.45807347114983665,-1.0183126588161433,0.001265106221925355
27.174,0.4517855346986153,-1.015037962824322,0.0010390740838849832
27.194,0.44617835001440703,-1.0122489664601813,0.0008765337719345845
27.214,0.4398604630187748,-1.0088149505520878,0.0013867748655286005
27.234,0.4340189025629251,-1.0057743567828556,0.0012235917968147214
27.254,0.42795804399282406,-1.0026272787885484,0.000797532977191262
27.274,0.4217215766417489,-0.9992808312474436,0.001257553793798799
27.294,0.4153799568383504,-0.9959108457292194,0.0013005806865312441
27.314,0.40957095723509535,-0.9929277473712026,0.0010152708093658647
27.334,0.40361625185153766,-0.9898019353221855,0.0009500759865066488
27.354,0.3973779898116577,-0.9863856122776523,0.001316109258284015
27.374,0.39128767892974636,-0.9832500451819619,0.001209752207310677
27.394,0.3855385804105142,-0.9803059699889204,0.0008771264767694353
27.414,0.3792922609667286,-0.9768950934780062,0.0012984168434948817
27.434,0.3731481884180614,-0.9737129547947302,0.001306292732816211
27.454,0.3673276085756694,-0.9706905808481043,0.0007930320263881407
27.474,0.36099270039989007,-0.9673165464638364,0.0012166896346730016
27.494,0.3547570573351296,-0.9639780007470828,0.0013011094637810083
27.514,0.3489305621757203,-0.9610598089219274,0.0010506349365181078
27.534,0.34310207004491106,-0.9581244153587359,0.000902842906733009
27.554,0.33680284507814184,-0.9546873045672869,0.0013251465865970757
27.574,0.33066560327128186,-0.9514856790930496,0.0013295413768706077
27.594,0.3252772617391976,-0.9487230762390393,0.0009014567458797418
27.614,0.3190403456991552,-0.9453615847530416,0.001358598790195259
27.634,0.31292090483177276,-0.9421167904428671,0.001385806593904304
27.654,0.30716803941165943,-0.9391314709586166,0.0008624856235938116
27.674,0.301212628939719,-0.935989212820419,0.0012486039629686363
27.694,0.2946586609556911,-0.9324160215861482,0.0014877525272949665
27.714,0.2886655007735696,-0.9293932852793734,0.0012209732378466176
27.734,0.28301822893138945,-0.9265000551328747,0.0010583585564783171
27.754,0.27678968265068954,-0.9230042790620598,0.0015095920248142103
27.774,0.27069075361944006,-0.9196128305801664,0.0013504157188074517
27.794,0.26516147352330294,-0.9166838570769726,0.000905803836705299
27.814,0.25912038821150213,-0.9132531848309431,0.0014200214737346006
27.834,0.2526583490086647,-0.9095429622996292,0.00139881897294597
27.854,0.24703974147613222,-0.9064091954067658,0.0011201055577435837
27.874,0.24150547217175067,-0.9033767832812557,0.0010497708302113773
27.894,0.2350873021848734,-0.8995499854029614,0.0015235288087480092
27.914,0.2292285303832919,-0.896165384560018,0.0012224137876070962
27.934,0.2237958834806167,-0.8931110522536166,0.0007987395394111751
27.954,0.217517620969117,-0.8892731114943321,0.001508523203713641
27.974,0.21136473458555843,-0.8855918890513238,0.001420050278294338
27.994,0.20594460138850523,-0.8823926207139573,0.0009746632152174417
28.014,0.20021387465945922,-0.8789056332659452,0.001339925778219897
28.034,0.1937826011275736,-0.8749045495724048,0.001399372081749256
28.054,0.188164835781558,-0.8715051226055832,0.001109355182533578
28.074,0.18270704107767083,-0.868197534426727,0.0010129468563550847
28.094,0.1764186135566566,-0.8641627179741012,0.0015882689942212092
28.114,0.17068377054192013,-0.8605536313817106,0.0013223713202342169
28.134,0.1653147939977423,-0.8572698654262778,0.000942119239103395
28.154,0.15938912218050813,-0.8533890780046928,0.0015091405048860695
28.174,0.15320973273389502,-0.8493332968621541,0.0013710101498685123
28.194,0.14788638665365214,-0.8459323047903163,0.0009258080607751074
28.214,0.14236250179860477,-0.8423601862405031,0.0012040660873715303
28.234,0.1361623728080303,-0.8381892606003063,0.0014112249922828557
28.254,0.13072400935304743,-0.8345842436859914,0.0010671603570945876
28.274,0.1251741808444026,-0.8309067517813329,0.0008830127798522824
28.294,0.11918072932824002,-0.826747019307809,0.0015052164452301064
28.314,0.11338626899960755,-0.8229303482907895,0.0013237126679416233
28.334,0.10815188129468048,-0.8196124423808065,0.0009168021366195711
28.354,0.10240077732727043,-0.8155997032432017,0.0013522489207127841
28.374,0.09635514790270376,-0.8114430654178301,0.0013330770772249922
28.394,0.09133514614755961,-0.8080594324213038,0.0008395761293640558
28.414,0.0857022393582259,-0.8042038846606,0.0011059396505467556
28.434,0.07977573699637869,-0.7999810272333671,0.0014724145079040851
28.454,0.07430782766926987,-0.7962115050001769,0.0011770078969954023
28.474,0.06900571067068426,-0.7926160521467644,0.0008930709754557675
28.494,0.06311199068609205,-0.7883431838503658,0.0015279201865265324
28.514,0.05722220374280397,-0.7841112211214174,0.0012939015366815187
28.534,0.051960603900993795,-0.7803980509798366,0.0009738087074826485
28.554,0.04647623465234889,-0.7763957447908076,0.001271271176251726
28.574,0.040474357762791874,-0.7719812254304659,0.0013119114673948995
28.594,0.03522213380606244,-0.7681222396683726,0.0009508891213125537
28.614,0.02995081504714748,-0.7642651636798976,0.0010498535942752574
28.634,0.023950322956607165,-0.7597338145174275,0.0014444804039427661
28.654,0.01842592689335188,-0.7556267491507531,0.001263168763077388
28.674,0.013289999398709507,-0.7518315875928567,0.0009681784454235176
28.694,0.007757138444165743,-0.747488949303561,0.0014922910614797447
28.714,0.0021165723686107987,-0.7431115395775497,0.0014501182353009456
28.734,-0.002935976608206048,-0.7392858982704411,0.0008036221795249543
28.754,-0.008444828408989379,-0.7349567721111302,0.0011929450553606336
28.774,-0.014105626963513182,-0.7304789856066477,0.001257788756386935
28.794,-0.01915504136616672,-0.7267836783916104,0.0009647052296820335
28.814,-0.02447166382648168,-0.7227755785464417,0.0008072064332228512
28.834,-0.030129396026999034,-0.7181924172035969,0.0014840768558432027
28.854,-0.035605150046274556,-0.7138973031936885,0.0013028965238504886
28.874,-0.0407609892937404,-0.7099185053240096,0.0010892742886054463
28.894,-0.046108116763562884,-0.7056132350132467,0.0013906381830625647
28.914,-0.051764301641298305,-0.7010398166084678,0.0015203619451716333
28.934,-0.05654795382343715,-0.6972237333742398,0.0007520909697530664
28.954,-0.06194681704609398,-0.6929124809656214,0.0011136416376565095
28.974,-0.067589153410132,-0.6882809144108237,0.0012937924718151028
28.994,-0.0727138518844574,-0.6841457275186643,0.0011342637584948467
29.014,-0.07773064164084595,-0.6801680196748792,0.0007794339129197914
29.034,-0.08338310900207077,-0.675394344324032,0.001505271474024572
29.054,-0.08897187708858785,-0.6708394203768111,0.001345614331373285
29.074,-0.09393145512379256,-0.6669797187166779,0.0010586166934308805
29.094,-0.09905642440922496,-0.6626286315417523,0.0013180710504862025
29.114,-0.10453294057401266,-0.6579794099814852,0.0015092812494189867
29.134,-0.1094784901304543,-0.6537642641376273,0.0008696995493306936
29.154,-0.11486294668673502,-0.6492518758292734,0.0010913650425395938
29.174,-0.12031038189901454,-0.6445739452762748,0.0013825627331484347
29.194,-0.12534351838015065,-0.6403312436048677,0.0012155035671497505
29.214,-0.13031842333255017,-0.6362094744650296,0.000832546472534057
29.234,-0.13579988001447313,-0.6314005546338155,0.0014857124593251336
29.254,-0.14137468675103487,-0.6266303948980259,0.0012905735633731708
29.274,-0.14592203472867982,-0.6228618296191546,0.0008719479427343468
29.294,-0.1511706040957808,-0.6182458737181615,0.0012995452697334708
29.314,-0.15673206290713865,-0.6133117024562599,0.0014003019731744226
29.334,-0.1616316162730538,-0.6090833635784102,0.0010414976422885303
29.354,-0.16650650761233296,-0.6047998016171898,0.0010561195616004548
29.374,-0.1720646771079636,-0.5997847527650295,0.0014125419859686295
29.394,-0.17712031467773126,-0.5954529694874361,0.0011651689594929238
29.414,-0.18216771705449147,-0.5910686408232559,0.0009642844105483273
29.434,-0.1873920347056438,-0.5862550359760016,0.0014175834186308522
29.454,-0.19272924173366576,-0.5814665732267178,0.0012916999417142139
29.474,-0.19727584992066002,-0.5773096877307364,0.0007704899301732571
29.494,-0.2024964793124316,-0.5726241497122482,0.0012348288981042788
29.514,-0.20774215001260116,-0.5677961805455016,0.0013657667483319702
29.534,-0.21267111217822138,-0.5634130705895126,0.0011424902161913941
29.554,-0.21756132149440763,-0.5591204553667217,0.0009711249660823984
29.574,-0.2229780670953126,-0.5540641370348397,0.0015660248845654756
29.594,-0.22823036131596064,-0.5492412688345732,0.001399721223629552
29.614,-0.23303617556975886,-0.544892706053292,0.0012162316385691263
29.634,-0.23795105697464008,-0.5402562450242436,0.0013985931542618846
29.654,-0.2431983361824907,-0.5352829128390989,0.0015279017167752207
29.674,-0.24785615354489315,-0.5309196478189313,0.0008370860033167782
29.694,-0.2528911041337767,-0.526163171378086,0.0012064402494975646
29.714,-0.258155162576765,-0.5211148520145154,0.0013159848559128051
29.734,-0.2628486762236451,-0.5168850195201122,0.0010800411807836419
29.754,-0.26786330116694784,-0.5122741102093306,0.000915384485364712
29.774,-0.2730091474707756,-0.5072514944835473,0.001505940916753462
29.794,-0.27816137083143383,-0.5024240709964132,0.0013507711176540538
29.814,-0.2826745839267064,-0.4983655798370329,0.0009057032123438724
29.834,-0.28777883434048046,-0.49344485001450367,0.001336558569349
29.854,-0.2927107647249936,-0.4886649438243361,0.0013843556895156983
29.874,-0.2974424220638943,-0.48422339754254423,0.0009137590658895023
29.894,-0.3023650071089186,-0.47952279279622906,0.0011238115720581254
29.914,-0.3075618838944395,-0.47445628406841045,0.0013400387690288007
29.934,-0.31243228365773,-0.46974142879898034,0.0012335602220779063
29.954,-0.3169715687111759,-0.4653747766092998,0.0009302490006418973
29.974,-0.32204542192902563,-0.4603525822525916,0.0013733029195715507
29.994,-0.3269906947148417,-0.4556990336795333,0.0012928141045206176
30.014,-0.3317959511376442,-0.45117289402807803,0.0008340427592143651
30.034,-0.3368618012336706,-0.44620282066185757,0.0013036501393381417
30.054,-0.3419497971090474,-0.44117683176961153,0.0012885997713033004
30.074,-0.34667970942324045,-0.4367734956044365,0.0009760252190140761
30.094,-0.3514343610298547,-0.4322087425331339,0.0009965483446498502
30.114,-0.3566145283886571,-0.42704730787622686,0.0013168503793596353
30.134,-0.3613525483448533,-0.4224639946664921,0.0011358316715218142
30.154,-0.3663746404178922,-0.4175800319662356,0.0008857704852498205
30.174,-0.3713650617638163,-0.4125088871901665,0.0012979363385400011
30.194,-0.3764428779969799,-0.4075047151640051,0.0012303492578463193
30.214,-0.3808045737562105,-0.4031354078269186,0.0007114443181683583
30.234,-0.38567968029898664,-0.3983363663713351,0.0011945164325985747
30.254,-0.39074585190889993,-0.3932110923071427,0.0013495198418365384
30.274,-0.3953679159530262,-0.3886461243590737,0.00110094933043961
30.294,-0.399963476802417,-0.38414472782531267,0.0008766729838705911
30.314,-0.40510774363228963,-0.3787740450939778,0.001451192029392645
30.334,-0.4101127410299167,-0.37377523918651795,0.001264829955678809
30.354,-0.41442010402055607,-0.3696056305080566,0.0007845268733767397
30.374,-0.4192996863244578,-0.36448045793677647,0.0013063386172686153
30.394,-0.4243401125293265,-0.3592883587101737,0.001276567289902275
30.414,-0.42872642713510445,-0.35473238530698237,0.0008483861084734867
30.434,-0.433620204502319,-0.34969489084951744,0.0010506418350205715
30.454,-0.4384773930132865,-0.34457377366109954,0.0012670262425231726
30.474,-0.4431503036661616,-0.33984212529563407,0.001160069760314797
30.494,-0.447699402242389,-0.3352349833823741,0.0008781518638668329
30.514,-0.45258237576901095,-0.3300429322091629,0.0014222148036561466
30.534,-0.45731074339134226,-0.3251066228957139,0.0013438036816375565
30.554,-0.4618817064330915,-0.3204687660111914,0.0009385948416430201
30.574,-0.4666248679891384,-0.3154679548872647,0.00132236998306684
30.594,-0.4716845206948695,-0.3100726445157465,0.0014068559620824816
30.614,-0.476124316804138,-0.30538531980476835,0.0010477669213307672
30.634,-0.4805949592178653,-0.30074642059415696,0.0009730139171717778
30.654,-0.4856240815374503,-0.2952689785387103,0.0014320134902197357
30.674,-0.490291241217662,-0.2902634862034841,0.0012516269126193191
30.694,-0.4945746999381309,-0.28579824411099247,0.0008743013993058879
30.714,-0.4993943112411408,-0.2804580138392567,0.0014276740060017168
30.734,-0.5043411011614953,-0.2750876614601779,0.0013462871433472523
30.754,-0.5084917513138766,-0.27079288982036337,0.0008060565528161256
30.774,-0.5131006008704978,-0.2657670487297517,0.0012947539947686104
30.794,-0.5180638392836694,-0.26017766905827244,0.0013545801746298325
30.814,-0.5224496049759438,-0.25533786370276224,0.0011588470801383033
30.834,-0.52673074187483,-0.2506854092913445,0.0009025584778288576
30.854,-0.5315242906173664,-0.2451033197129066,0.0014544809891558208
30.874,-0.5361669784757223,-0.23982050526387516,0.0013239427068496568
30.894,-0.5404343566777503,-0.23500812007222066,0.0009786256267870497
30.914,-0.5449526355240102,-0.22969073475594687,0.0014790000813071635
30.934,-0.5497071869853825,-0.22409672385304458,0.0014581716399626743
30.954,-0.5538343329024352,-0.21929379466682683,0.0009415986123945952
30.974,-0.5581205366844508,-0.21434322904688835,0.001168633416332332
30.994,-0.5629126099556298,-0.20859555449291586,0.001420012883615901
31.014,-0.5672859529249169,-0.20340544559130874,0.0012654357039146302
31.034,-0.5714728131344196,-0.198539659619121,0.0010079386621596187
31.054,-0.5760094425409497,-0.19294352821363842,0.0015427725273182702
31.074,-0.5804122932200158,-0.1875011556572842,0.0013653585619403663
31.094,-0.5845105981342527,-0.18268590709076885,0.0010090375570351307
31.114,-0.5889077039265566,-0.17726742111386007,0.0014314521531192392
31.134,-0.5935765197935322,-0.17140777517347208,0.0015743567211289888
31.154,-0.5975130454992574,-0.16648545391774638,0.0009221789231057265
31.174,-0.6018069438451588,-0.16117300780965782,0.0011458782059539097
31.194,-0.6063112966847988,-0.1554269341571037,0.0013596064940543662
31.214,-0.6104930769296507,-0.1503176405991422,0.001171132243588724
31.234,-0.6146319763686264,-0.1452088846835648,0.0009367424053314533
31.254,-0.6190125645659664,-0.1395690369018709,0.0014285825035998678
31.274,-0.6234148829032627,-0.1340882196339923,0.001325748616456901
31.294,-0.6273892114184026,-0.12914757207646696,0.0008380309716892187
31.314,-0.6318095256235496,-0.12350308849747929,0.0012816373953074278
31.334,-0.6362311337449496,-0.11799661751036501,0.0013526868261798664
31.354,-0.6404540411803914,-0.11274351563902026,0.0011331201518886003
31.374,-0.644509845380498,-0.10779712446042065,0.001036974747341629
31.394,-0.6489474448648915,-0.10207224161965515,0.0014362340416995412
31.414,-0.6530067566399618,-0.09700177541770942,0.0011702475065491214
31.434,-0.6573933103098937,-0.09159003570122165,0.0009024427092567677
31.454,-0.6617731765471355,-0.08597106787500178,0.0014487016867976155
31.474,-0.6662236655062702,-0.0803978810674042,0.0012997332794633942
31.494,-0.6700926522438433,-0.07540397221609704,0.0009121534830042188
31.514,-0.6742337994721258,-0.07015656677156626,0.0012340865595103223
31.534,-0.6787492210818745,-0.06444827656465896,0.0013459265192463377
31.554,-0.6828144459400936,-0.059426032974887674,0.0009961082679076083
31.574,-0.6872140066570561,-0.053978080868217794,0.000909280289308867
31.594,-0.6915516826161667,-0.04830226706082146,0.001431075394508069
31.614,-0.6960133371841278,-0.042734239603933855,0.0011767605221717492
31.634,-0.6999839550830932,-0.03776941038975608,0.0008342851622961667
31.654,-0.7043246853048626,-0.03213465033198212,0.001325263508516833
31.674,-0.7087472228060056,-0.026576037403416568,0.0012860111682725384
31.694,-0.7124962679878373,-0.021712692228896192,0.0007854742170288198
31.714,-0.7168461990256744,-0.01621638785595035,0.0011411409270987993
31.734,-0.7212491322720131,-0.010561860123007707,0.0013151553095198942
31.754,-0.7255135846216884,-0.005233080562039652,0.001122646546740852
31.774,-0.7297278376912927,3.094059929447529e-05,0.0008819672805229772
31.794,-0.7340381101855558,0.005628632036747766,0.0013861069565889172
31.814,-0.7384808601076289,0.011164163510727687,0.001190873985051688
31.834,-0.7423314897966455,0.01598126453116526,0.0007928542961576912
31.854,-0.7467079556075101,0.02155313690635418,0.0011993542954740755
31.874,-0.7511430955196038,0.027114123711739282,0.0012692139971240968
31.894,-0.7550780918159408,0.032104485639020054,0.0008363900348817843
31.914,-0.7594991830995328,0.03763936974777176,0.0010303692681976895
31.934,-0.7638315834049578,0.04327294599012284,0.001269710035911309
31.954,-0.7681249250223762,0.04867214049505667,0.0011681903939269045
31.974,-0.7720051628996325,0.05353813431971262,0.0008080711458116341
31.994,-0.7765020173938899,0.0594289229794486,0.0014404695983761262
32.014,-0.7808083419060234,0.06497743718425741,0.001298550303064444
32.034,-0.784784730819545,0.0699829004926003,0.0007623209286717059
32.054,-0.7890391415655521,0.0755180605244419,0.0013385530141453716
32.074,-0.7935859197826892,0.08149928760573036,0.0012698066574973743
32.094,-0.7974087252868773,0.0863845420110082,0.0009054984861801285
32.114,-0.8015391622369654,0.091686263558535,0.0009421783300647413
32.134,-0.8058600930114519,0.09752188540014434,0.0014047377034224484
32.154,-0.8099574077592921,0.10293763977043424,0.0012871428741313973
32.174,-0.8139148399816639,0.10802100683158877,0.0009644996185581567
32.194,-0.8180664483689851,0.11371075417346557,0.0014141794104858552
32.214,-0.822457689788306,0.11962655448140387,0.0012898340332017089
32.234,-0.8263520507755552,0.12482332073606324,0.0009283260571669727
32.254,-0.8303051927722473,0.13017949300800652,0.0011755951099878537
32.274,-0.8346532976113756,0.1362160672929188,0.0013713403070685082
32.294,-0.838495779436845,0.14151887799469318,0.0011199074007530174
32.314,-0.8423272972477999,0.14665039007934488,0.0008132275686853208
32.334,-0.8465703056371898,0.15272890414346568,0.001416816171373625
32.354,-0.8506620755386213,0.15833090015171292,0.0012597249569690494
32.374,-0.8544836702452854,0.1634267361228349,0.0008992984180793973
32.394,-0.8585401996131484,0.16921725503955432,0.0013343690653518092
32.414,-0.8627085733244882,0.17508357883014758,0.0013106410899281773
32.434,-0.8663153573816093,0.18014790105503747,0.0008862421129529896
32.454,-0.8703276870760623,0.18581596971767464,0.0011024771069027828
32.474,-0.8744224897068473,0.19164161426567167,0.0013279598664246717
32.494,-0.8781753125463417,0.1969664401665496,0.0011414938474979541
32.514,-0.8820408643400389,0.20232794500692153,0.0009154800811406183
32.534,-0.8860801617333163,0.20822189654666506,0.0014425097350111438
32.554,-0.8900281806759702,0.21382996195870557,0.001393548997627142
32.574,-0.8938095121487374,0.2190420195337177,0.0009667236783059974
32.594,-0.8977943566361668,0.22479705014859314,0.001391193755556852
32.614,-0.9020598763978175,0.23099959760993605,0.0013440630346067128
32.634,-0.9058172714969611,0.23636493731322586,0.0011012385709451844
32.654,-0.9095681472614808,0.24166538564531365,0.0010401926496267921
32.674,-0.9136992479904509,0.24781760610742004,0.0014918856141831194
32.694,-0.9175665542768283,0.25350551510658004,0.0013125132694714603
32.714,-0.9212643058418309,0.25876809568050213,0.0010384281586428845
32.734,-0.9251480402439044,0.2647112738957112,0.0014884925246239633
32.754,-0.9291341641413521,0.2707082833523605,0.0013624457802604573
32.774,-0.9327503915639073,0.27609466061728055,0.0009130674394053073
32.794,-0.9365153967974824,0.28180683201064466,0.0013878857309256865
32.814,-0.9405924425987201,0.2880993530647903,0.0014484280376872438
32.834,-0.9442687207009347,0.29369386542226583,0.0012382724571601833
32.854,-0.9478536840535398,0.2990413839105589,0.0011317138731012366
32.874,-0.9517011639464628,0.30516304059882915,0.0016024641524103045
32.894,-0.9552999716721756,0.3109409210763626,0.0013515715644803195
32.914,-0.9587558931185841,0.31622509068066257,0.0008852302337038209
32.934,-0.9625210852620074,0.32232017614783837,0.0014675128235749624
32.954,-0.9664140320348678,0.3284717650218079,0.0013988490179109025
32.974,-0.9697270114698031,0.3335397551191399,0.0007886855065450671
32.994,-0.9733291314119525,0.3392842211045854,0.0012971720826404354
33.014,-0.977219504548055,0.3456879796359244,0.0013945501589557874
33.034,-0.9807690060473042,0.35117755995001076,0.00117538535654374
33.054,-0.9842306964663506,0.35660322653755194,0.0009385797396064266
33.074,-0.9879690001662413,0.36295099939815956,0.0014153117225756684
33.094,-0.991545222076966,0.36864092948862004,0.0012472902819670173
33.114,-0.9950986889095813,0.3743124923802319,0.0008851766498949309
33.134,-0.9986745487105473,0.38043931665767455,0.0013512486683817104
33.154,-1.0023901737034258,0.38658443567529216,0.0013302698490303133
33.174,-1.0055884346200243,0.39213019884283273,0.0009987559779523203
33.194,-1.0089060307399718,0.3977444594450642,0.0011542741043359672
33.214,-1.0125882037556668,0.40409067394901466,0.0014814023896572714
33.234,-1.0159224824241564,0.40980272439674287,0.0012207042851644367
33.254,-1.0192412123163026,0.4152807282685689,0.0009172649447484471
33.274,-1.0228274974701295,0.4216134297697767,0.0015305362536042755
33.294,-1.0263580231291884,0.42782831272663147,0.0013542045041204098
33.314,-1.0296533646783397,0.4333282632207138,0.0010063624012325578
33.334,-1.0329905982018095,0.4392427596691706,0.0013312236132428101
33.354,-1.0366386681639408,0.44577878847838764,0.00141977256553244
33.374,-1.0398319060481203,0.45149550976402,0.0010360850547008194
33.394,-1.0430573188993648,0.45713368752240346,0.0009794925510172858
33.414,-1.0465854440285471,0.46367250590294706,0.0013870051066635358
33.434,-1.0499404574327504,0.4695177907703513,0.0011523181020979545
33.454,-1.0531028163676823,0.4750728651638879,0.0007737045855446822
33.474,-1.0565158157045733,0.48152901845264273,0.0013375506639796697
33.494,-1.0599584223361047,0.48775329369824183,0.0012549720364926353
33.514,-1.063023200340515,0.4932856094712664,0.0007861592241429349
33.534,-1.0664204673024718,0.4996273760432621,0.0011532071382225617
33.554,-1.0697855102049096,0.5058228919073343,0.0012922906092950326
33.574,-1.0728898301114258,0.5116664990228089,0.0009848430332758118
33.594,-1.0760931072902251,0.5173606736263315,0.000903930272549397
33.614,-1.07946417777009,0.5238618088044804,0.0013431948314162612
33.634,-1.0827050371510383,0.5297864410465214,0.0012424375409705035
33.654,-1.085746866628231,0.5353217433323917,0.0008269907984050362
33.674,-1.0890551808121398,0.5417417281898655,0.0013252351638169402
33.694,-1.092360525588543,0.5479262959811402,0.0013670431893938462
33.714,-1.0954392613365473,0.5537544251958456,0.0007721519934970333
33.734,-1.0986822996016943,0.5598213866124455,0.0012409779762154738
33.754,-1.1021013813658342,0.5664372760012456,0.0013156946730362995
33.774,-1.105296473175689,0.572421250020885,0.0010603302011101268
33.794,-1.1084332415522196,0.5782859789412971,0.0008133719311281262
33.814,-1.1117073847075112,0.5847425860242124,0.0012405860678740832
33.834,-1.114860524279307,0.5907540774555712,0.001202091201715244
33.854,-1.11802743263902,0.5965990217580971,0.000872034354994361
33.874,-1.121232659519351,0.6029596782581105,0.001345747529785446
33.894,-1.1245161031102369,0.6092722461432638,0.0013011710714951608
33.914,-1.1273729686410532,0.6147215859997764,0.0008458139162624279
33.934,-1.1306021277994718,0.6207547726211118,0.0011204337253636898
33.954,-1.1339466899929742,0.6272593640596642,0.00131135000756058
33.974,-1.1368884639633525,0.6329193095663663,0.0010745145412896784
33.994,-1.14011015278854,0.6389974733902765,0.0008632754441882107
34.014,-1.143303331516962,0.6453804594636692,0.001369881611285484
34.034,-1.146591513320568,0.6517139732708341,0.0012204683296672125
34.054,-1.1494741743632673,0.6573041418962082,0.000877556681352254
34.074,-1.1526411684478117,0.6635767700000353,0.0013247619185423332
34.094,-1.1558010489693173,0.6698760992102542,0.0013888957438360217
34.114,-1.1587775382524768,0.6756708982006131,0.0009132970831183529
34.134,-1.161922344604463,0.6818241398611433,0.0010626738169285388
34.154,-1.165126803289499,0.6883255652437004,0.0013744297885260326
34.174,-1.1681780703939728,0.6943769297705176,0.0012396800498766791
34.194,-1.1710725671265232,0.7000869826148817,0.0009055141746743545
34.214,-1.1742255301466886,0.7064829801824942,0.001371626406692833
34.234,-1.1773486439885028,0.7125923801044263,0.001391862594755322
34.254,-1.1802831509187806,0.7182884318745177,0.000853008213108214
34.274,-1.1834793620919246,0.7246917962705239,0.0012699011564274443
34.294,-1.1866121537080745,0.7310311371834757,0.0013279279498506213
34.314,-1.1896614885333143,0.7371295885120726,0.0010823575489079806
34.334,-1.192529388632509,0.7428057628644906,0.0009686206606252523
34.354,-1.195730537443516,0.749353699561329,0.0015439159488236376
34.374,-1.1986379264912177,0.7553037534111884,0.0013199809649838412
34.394,-1.2015959440493507,0.7610375207752449,0.0008935806040021865
34.414,-1.2047135541758345,0.767486482721729,0.001505269374092566
34.434,-1.2079801359824318,0.7741429940412407,0.0013577502967909993
34.454,-1.2108835511578802,0.7798588873694232,0.0010268944398658941
34.474,-1.2138175397893969,0.7857468080082549,0.0011793374236239162
34.494,-1.2169768357525288,0.7924724294078301,0.0016009962326462013
34.514,-1.2196768614822346,0.7983856427546462,0.0012064962496719234
34.534,-1.2225572226521333,0.8041904835150838,0.000947672396920396
34.554,-1.2255714997363696,0.8108460104166011,0.0015878873800773408
34.574,-1.2285200092544373,0.8172907101378973,0.0013764194059278922
34.594,-1.2313282462947495,0.8231068886511693,0.0010588281680317946
34.614,-1.2341519852595135,0.8293975724679251,0.0014274866118538787
34.634,-1.2370820178557738,0.835961317264691,0.0015596789997855964
34.654,-1.2396352162680975,0.841790520796225,0.0008543463195705703
34.674,-1.242534688317825,0.8481040789643508,0.0011444013058189428
34.694,-1.2454627637864628,0.8547344779080068,0.0014511430499098976
34.714,-1.248308689608663,0.8609942874655682,0.001305631631758064
34.734,-1.2510745783535497,0.8669655458702128,0.0010785182076610556
34.754,-1.2538961207861696,0.8735234953334784,0.0014810480137172899
34.774,-1.2566434784263751,0.8799255447717719,0.001354589498686165
34.794,-1.2593198395590186,0.885775474507347,0.0008569014849977852
34.814,-1.2620804730866904,0.8922144488607008,0.001409837836067046
34.834,-1.2649939145199458,0.899068386003224,0.0013572868783928993
34.854,-1.2676008500391283,0.905129816433614,0.0010892292577540097
34.874,-1.2702453275860102,0.9111264386829402,0.0009844017127533522
34.894,-1.2730265991938952,0.9179849278494464,0.0014000231122411333
34.914,-1.2756637162397422,0.9242510122370259,0.0012101486612179357
34.934,-1.2782109893440219,0.9301670831830021,0.0008029792437160843
34.954,-1.280864754704414,0.9369056545170643,0.0014413811099772689
34.974,-1.2836647508403207,0.9436526092876151,0.0012690188030481109
34.994,-1.2859328145660602,0.949360892987122,0.0007750005536222015
35.014,-1.2885377565165317,0.9558399086046712,0.0012103542429321157
35.034,-1.2911743096780075,0.9625257724539101,0.0013452322214231593
35.054,-1.293695061774648,0.9687053373182315,0.0011512949986499377
35.074,-1.2962055454992492,0.9747513632262101,0.0008726397495550653
35.094,-1.298793079876536,0.9816109139748506,0.0015149037792143438
35.114,-1.3013691828403247,0.98820603783527,0.00128151361052678
35.134,-1.3038093725227247,0.9942328684102156,0.0010351701395476254
35.154,-1.3062303065950178,1.000693274001411,0.001374072944688165
35.174,-1.3088326120626492,1.0075853076637113,0.0013257519917866945
35.194,-1.3111532413858689,1.0136431812934688,0.0008477535609083819
35.214,-1.3135447069458643,1.0198961758506062,0.0011305301067673634
35.234,-1.3161265970746263,1.0268768370249308,0.001334537429235505
35.254,-1.31857392634578,1.0330677481485289,0.0011009495567610716
35.274,-1.3209136954014635,1.0390594323634805,0.0008385885961631756
35.294,-1.3233598137289007,1.0459421776415692,0.0015094460681630006
35.314,-1.3258286080641402,1.052762095363618,0.001308764773272797
35.334,-1.3281132190092573,1.0588996388795473,0.0011339445547787208
35.354,-1.330370611906114,1.0652296640798355,0.0012597110409354462
35.374,-1.3327514254194475,1.0721154858711854,0.0015324528521047376
35.394,-1.3347528949770244,1.0781311146760753,0.0008675259560838589
35.414,-1.3371609259287869,1.084729753860564,0.0009970986347035415
35.434,-1.3394657068764018,1.0914881505032372,0.0013189214984032915
35.454,-1.341769065942944,1.0978900324085852,0.0011689144849026112
35.474,-1.34402108120824,1.1040966121185067,0.0008980942209778076
35.494,-1.3463045058896144,1.1108496591198795,0.0013643914938210044
35.514,-1.3486821529167,1.1174370421519118,0.001311429806511416
35.534,-1.350793999756585,1.1232755204603049,0.0008394956778130513
35.554,-1.3531617455232292,1.1299497060637491,0.001253666503904849
35.574,-1.3555361382041025,1.1366877922351184,0.0013049912695519694
35.594,-1.3576847770421483,1.1426652600833733,0.0009518457812094094
35.614,-1.36006141210521,1.1491200811444107,0.0009465378534732338
35.634,-1.3623921375125507,1.1558754281034442,0.0014122558098918214
35.654,-1.3647262631146577,1.1622270069652327,0.0012098839190189392
35.674,-1.3670103175572186,1.1683376239384666,0.0008828171736141588
35.694,-1.3693195231676145,1.175066527129456,0.0013750748719442984
35.714,-1.3717185201428082,1.1817604606780503,0.001322318539902223
35.734,-1.3737857866623873,1.187634113853716,0.0007595853942204966
35.754,-1.376220425154416,1.1943484601777528,0.0011965683010036754
35.774,-1.378547053730153,1.2010340575946505,0.0013319069823108098
35.794,-1.3807531145286345,1.2071284713114363,0.0011031054831274478
35.814,-1.383070067670356,1.2134148261542952,0.0008534573906127108
35.834,-1.3853879562439784,1.2201434578682187,0.0013543630762974934
35.854,-1.3877126800003692,1.2265725240940368,0.0012873383540975836
35.874,-1.390059316083456,1.2330138199309384,0.0008927046539325134
35.894,-1.3923857344059765,1.2397258496773254,0.0014414788679285861
35.914,-1.394781041810292,1.2465100457662306,0.0013458865461516423
35.934,-1.3968306340942467,1.2523369156908795,0.0009208520470839476
35.954,-1.3991158054716641,1.2586734791624785,0.0011818865524014788
35.974,-1.401506759321078,1.2656171402009426,0.0014389206600730897
35.994,-1.4036688899545597,1.2718475382169567,0.0012379352760926166
36.014,-1.40587437940868,1.2779139133129795,0.0008867682836909974
36.034,-1.408161029436609,1.2848461259446025,0.0015359467598151377
36.054,-1.4105357783588093,1.2916621302452092,0.0013676255256803993
36.074,-1.4127011307810937,1.2976689594476625,0.0010153466999668626
36.094,-1.4148590573557769,1.3041884142198379,0.0013909596707799288
36.114,-1.4171375071755548,1.3111989034122877,0.0014736839395447232
36.134,-1.4191265701038536,1.3173690101242197,0.0010595479398390062
36.154,-1.4212420129240246,1.3235814398780845,0.0010972021355171446
36.174,-1.4234365582947108,1.3306642957855401,0.0015870572571315966
36.194,-1.4255385989755314,1.3373181722042229,0.0013059173277234493
36.214,-1.4275859988532542,1.3433873327541188,0.0010552208499367
36.234,-1.4296303729785975,1.350175801993426,0.0015063846859631191
36.254,-1.4316871647556022,1.3570229593816172,0.0013721847913873986
36.274,-1.433641284129243,1.3632707959738708,0.0009248242445698829
36.294,-1.435623381673482,1.369828280514253,0.001350509492088925
36.314,-1.4377388740046824,1.3769712392826834,0.0014647260535741446
36.334,-1.4396714953047163,1.3833924361047552,0.0011353062477243991
36.354,-1.4416171504163227,1.3896079110849564,0.0009581459737138531
36.374,-1.4436065543488175,1.3966933557481946,0.0015337471409291037
36.394,-1.4454451088193265,1.4032757187152325,0.0013173726904106287
36.414,-1.4473101401683637,1.409422552298797,0.0009537874654211853
36.434,-1.449165070329541,1.4162566154917244,0.0015019501702670524
36.454,-1.4510958334378288,1.4233424336937275,0.0014017552645625153
36.474,-1.4528266458474868,1.4295549249848443,0.0009820278734347654
36.494,-1.4546759546295418,1.4359661677559954,0.0011333799776118147
36.514,-1.456577850127454,1.4431261367796306,0.0013828738542499275
36.534,-1.4582496406182315,1.4494751837862143,0.0011063306875509216
36.554,-1.4600117233389003,1.4557473839376334,0.0007868358943673714
36.574,-1.4617842958274316,1.4629124766012576,0.0014953153748208936
36.594,-1.463675338332265,1.4698441990598763,0.0013036861236645214
36.614,-1.4652487176566829,1.4756070069443858,0.0008546458254102274
36.634,-1.4669271356786289,1.4824526534427105,0.0013699377416165615
36.654,-1.4686792960817119,1.4894503899677267,0.0013463479503735276
36.674,-1.4703002839532855,1.4958221373919502,0.0009009334845901384
36.694,-1.4719617542530385,1.502324985819959,0.0011239992104686014
36.714,-1.4736918699592714,1.5095547800177351,0.0013928112211364363
36.734,-1.4753984504880588,1.5160608052779136,0.0011935342092677659
36.754,-1.4770281425230651,1.5223238369785224,0.0009723572488909149
36.774,-1.478628184955683,1.5293229584178922,0.0014602944960251385
36.794,-1.4802183115510827,1.5362970056302563,0.0013155386532252011
36.814,-1.4817705023232108,1.5426431922567894,0.0009871753463746302
36.834,-1.4832707974500008,1.5492852097724128,0.0012778328068865363
36.854,-1.4848821303060415,1.5565424395243113,0.001384393001259837
36.874,-1.4862901409701117,1.5629807463749417,0.0010489759280473132
36.894,-1.4878168774491665,1.5693161216514786,0.0008688831299481781
36.914,-1.4893182828907203,1.5765401360814015,0.001538039470922098
36.934,-1.4906380782751598,1.583145575034844,0.0011998888965213395
36.954,-1.4921006922103757,1.5894816252663873,0.0008671642722345163
36.974,-1.4935396853147949,1.59650472934163,0.0014106902930809406
36.994,-1.4950730786602608,1.6035993137893996,0.0013142696161227152
37.014,-1.4964472726727824,1.6097774918194707,0.0008855255953834351
37.034,-1.4978476923219912,1.616435801397154,0.001247787564558428
37.054,-1.499290845368773,1.6237318821149433,0.001442384326089785
37.074,-1.5006163212734076,1.6304463081213458,0.0011948173784705196
37.094,-1.5019855690507522,1.6368658312138213,0.0011255688837018274
37.114,-1.5033098834446785,1.6439056250389685,0.0014395475194833307
37.134,-1.5044900037010727,1.6505583473315004,0.001233657219689488
37.154,-1.5057839094931609,1.657062370419198,0.000894518503946562
37.174,-1.5070010059329775,1.6640292974048743,0.001364606549535935
37.194,-1.508330779907228,1.6711094466968701,0.0013126481948091684
37.214,-1.5094363783964673,1.6771996832190808,0.0008287954237480855
37.234,-1.5107324390565107,1.6839283679860755,0.0011980217197895549
37.254,-1.5120309866630879,1.6911361455595382,0.0014077747979305277
37.274,-1.5131659221782015,1.6975816066698952,0.0012134071921008627
37.294,-1.5144164921456016,1.7039428752051744,0.0009056958822461214
37.314,-1.5156166368699937,1.7111141682408728,0.0015000031596576202
37.334,-1.5169031200557648,1.7181590331918772,0.0013666481676513353
37.354,-1.518114809874648,1.7244083065871854,0.001089318366385733
37.374,-1.5192490245140093,1.7311528123791529,0.001307929209430736
37.394,-1.5204259745922248,1.7383336930314919,0.0014227392071577416
37.414,-1.5214607987760038,1.7447109330343082,0.001012770807699126
37.434,-1.52258974757826,1.7512398037559258,0.0010980900104564928
37.454,-1.5237288602047623,1.7585446750960685,0.001569210253067388
37.474,-1.52479726743938,1.7654107235645884,0.001325818405556095
37.494,-1.5259291086003033,1.7718685622161654,0.0011894884978021492
37.514,-1.5269329098701958,1.7787996450944126,0.0014591215791049938
37.534,-1.5279084031620034,1.7857549163757487,0.001381256160623956
37.554,-1.528915895739311,1.7921109967889735,0.0008948022798498378
37.574,-1.5299426523064936,1.7990418545890736,0.0013861213752694446
37.594,-1.5310057599679605,1.806489007951068,0.0013626681806999108
37.614,-1.5320703556115938,1.8129550682957225,0.0010921210050376662
37.634,-1.533102329879606,1.819478642021277,0.0010137874314369022
37.654,-1.534064901648072,1.8267952611216556,0.001563993718800838
37.674,-1.5349302393596507,1.8335649885639413,0.0013342806682727637
37.694,-1.5358903403670914,1.8399639111622499,0.0010060046424879565
37.714,-1.5367836511967867,1.8470373431620704,0.0014244426815880618
37.734,-1.537748047343195,1.8540778475926505,0.001370347226411911
37.754,-1.538590019568976,1.8603929975120856,0.0008373537607943848
37.774,-1.5395003783445398,1.8673599474537235,0.0012730219029651324
37.794,-1.540378599320824,1.8745346443931319,0.001364439366620146
37.814,-1.5411957719856852,1.8809199252570095,0.001144171691644269
37.834,-1.5421508335474106,1.8873641165339126,0.000926687543958804
37.854,-1.5429432093815287,1.8946306380693756,0.0015036472218830643
37.874,-1.5438272787535954,1.9016453346801097,0.0013498767097880615
37.894,-1.5446833571710308,1.9081527716155646,0.001053600329607579
37.914,-1.5454267157170842,1.9150995828554531,0.0014380024593298735
37.934,-1.54624508279118,1.9224594464154003,0.001295852403010056
37.954,-1.5470185331481885,1.9290551412599954,0.001059921608367681
37.974,-1.5478587859624158,1.9356275583981812,0.0010035756595588863
37.994,-1.5485290904728275,1.9429740156201745,0.0015134790404358889
38.014,-1.5491315955168625,1.9496308634178026,0.0012162159843078224
38.034,-1.549887867836081,1.9561289712601233,0.0009979247049846651
38.054,-1.550551024259047,1.9633323457347553,0.0015655284646936551
38.074,-1.5512681226642562,1.9706523774039886,0.0012774240801051162
38.094,-1.5519785281593599,1.9772702161659017,0.0010907935684489056
38.114,-1.5525993244747256,1.984093555032029,0.001288486548766593
38.134,-1.5531807762050265,1.9912242304406196,0.0014577984600717964
38.154,-1.5536847161371792,1.9975956081659423,0.000855701356231614
38.174,-1.5543060547270264,2.0044890721155313,0.0010768939875318018
38.194,-1.5548979433323202,2.011658735723365,0.0014074343732708994
38.214,-1.5555655799045898,2.0184879600810532,0.0012467620729219864
38.234,-1.5560813004439848,2.0244912110319437,0.0008360846592978532
38.254,-1.556593312013353,2.0316867838352306,0.0014294558202004592
38.274,-1.557162622229432,2.0387074201904993,0.0013655071125878715
38.294,-1.557732824748813,2.045272797476154,0.0009376834555863411
38.314,-1.5583173060568383,2.0521596192405998,0.0012525720403203378
38.334,-1.5588655384451038,2.0595184696925917,0.0012867856133599032
38.354,-1.5593312683552656,2.066065662103073,0.0010184915454996557
38.374,-1.5597750170428137,2.072432161916417,0.0009746689341829096
38.394,-1.5602186634867852,2.079733850242947,0.0014159665252587716
38.414,-1.5607245174765978,2.086652791481183,0.0012924154100774077
38.434,-1.5612512753140049,2.0931962894874885,0.0009951774685101333
38.454,-1.5616329227804215,2.1002327124936406,0.0013827755703083033
38.474,-1.5621254209062396,2.1075823954535964,0.0012505599789081334
38.494,-1.5625288211167712,2.1137495697450692,0.0007467835521943744
38.514,-1.5630083063750972,2.1206393485572574,0.0012049683016133461
38.534,-1.5633994830110636,2.127946268438957,0.0013557783020257674
38.554,-1.5637688721747725,2.1345507536226016,0.001123157333154129
38.574,-1.5642297269184877,2.141075355117101,0.000795978901533656
38.594,-1.5645371772088452,2.148440140855156,0.0014883467559185237
38.614,-1.5649579391515525,2.155562960559315,0.0012858492394905718
38.634,-1.565367618027238,2.1619507905307533,0.000953948847122077
38.654,-1.5656487104976893,2.168906361349445,0.0013580465943853204
38.674,-1.5659432416073638,2.1762393307776406,0.0012939260479746806
38.694,-1.5662417020395154,2.182889160616221,0.0010131761388071647
38.714,-1.5665888875619751,2.1895558860827995,0.001058760683265464
38.734,-1.5668132749824437,2.196907942310476,0.001516776733775621
38.754,-1.5669297836225056,2.2035017086079245,0.0011862962640313002
38.774,-1.5672579257553927,2.2100620218395224,0.0008484151740096313
38.794,-1.567408743894229,2.217318806803511,0.0014178269017776635
38.814,-1.5676293229353304,2.2243816831504337,0.0013541364540103629
38.834,-1.5678584189671005,2.230952102345622,0.0009340194968468774
38.854,-1.5680421598639,2.2379577087745064,0.0013190277594677946
38.874,-1.5682166824312997,2.2454295917227576,0.0013188178977326381
38.894,-1.568333335855707,2.2517696011922554,0.000932227755203241
38.914,-1.5684955736824897,2.25855820327798,0.0010419128098181352
38.934,-1.568620414445352,2.2657377096985023,0.0014173287733183215
38.954,-1.5688152710872447,2.272364423314093,0.0012765476260108988
38.974,-1.5690516505850987,2.2789176842420797,0.0009414269592344093
38.994,-1.5691173090685162,2.286067938767473,0.0014948208433134547
39.014,-1.5692114240063326,2.2932121029591492,0.0013769498909297073
39.034,-1.5693579363745531,2.2997951881680345,0.0010009561937010247
39.054,-1.5694629781812452,2.3066412361066786,0.0012684879310920771
39.074,-1.5695200554720716,2.313991445486109,0.0014027871990212326
39.094,-1.5695607330487742,2.3206168767009308,0.0012094542124072294
39.114,-1.5697278164100446,2.3272117850385903,0.0009651513834928738
39.134,-1.5696850074264102,2.3345105658441354,0.0014661371817528412
39.154,-1.5696777859803175,2.3413926014567994,0.0013062060838511524
39.174,-1.5697803571509417,2.3479484873096568,0.000832247233724076
39.194,-1.5697246073501079,2.3551502332157366,0.0014737095636639663
39.214,-1.5697592811712362,2.362445750156399,0.0013706302841458018
39.234,-1.5697099364544065,2.368594285014705,0.0008802084079299333
39.254,-1.5697455479743523,2.375416302929916,0.0012470396014744034
39.274,-1.569670289263585,2.3827965185428823,0.0013610863489225966
39.294,-1.5696562059345467,2.38925049220806,0.0010900661763469655
39.314,-1.5696859123543214,2.3959439692182176,0.000868583153933844
39.334,-1.5695226459080713,2.4031508170861398,0.0014295660450452108
39.354,-1.569519032341265,2.409931111280016,0.0013502858559773234
39.374,-1.5695284804052592,2.416329608758234,0.0008891626327387769
39.394,-1.569421001984489,2.4234252024674823,0.001327033684443174
39.414,-1.5693820645812087,2.4305776401064945,0.001327607556473237
39.434,-1.569326942698486,2.436913764905783,0.0009616910085701591
39.454,-1.5692911201240343,2.443465732820856,0.0011427837939870789
39.474,-1.5691951070826193,2.450758839427027,0.0013719978170119995
39.494,-1.5690930349235572,2.45709743515558,0.0010956734517106326
39.514,-1.569082660585185,2.4640045249790195,0.0009082490728502257
39.534,-1.5688927957160765,2.4711386891402496,0.0014452852998662058
39.554,-1.5688216932431862,2.4782775344023733,0.0012658680969448444
39.574,-1.5687240332896337,2.4845407412591136,0.0008250988143209681
39.594,-1.568606941218824,2.491420902823764,0.0012813701308585779
39.614,-1.5684837983014817,2.49863856760086,0.0013269721683929203
39.634,-1.568343035009716,2.504985216096782,0.0009091031315762443
39.654,-1.5682410502120472,2.511927815087869,0.0010201706341688155
39.674,-1.56802241493311,2.5190971783008025,0.0013200450957487897
39.694,-1.567896410497615,2.526149410541648,0.001177309218378636
39.714,-1.5678792708469607,2.5322839425933545,0.0008838952968045211
39.734,-1.5676412490600793,2.5394589265423,0.0013986788423347996
39.754,-1.5674562881913316,2.546509935108269,0.0013721251102174203
39.774,-1.5672689530451576,2.5530662989279653,0.0007977409338920938
39.794,-1.567065784718644,2.5600478585535122,0.0012779734416221433
39.814,-1.566827562054017,2.5674046195220956,0.0013073398200742492
39.834,-1.5666401636274014,2.574254009621626,0.0011070003597252187
39.854,-1.5665131576297704,2.5805488073898895,0.0008612895678994092
39.874,-1.5661440409123388,2.587861818843724,0.0012939005779659118
39.894,-1.5659844869199155,2.5943425408000396,0.0011433158898484508
39.914,-1.5658149736789622,2.6011494824238657,0.0008347759916691178
39.934,-1.5654721850982363,2.6082510851506995,0.0013658087020533838
39.954,-1.5652135732119794,2.6153937811186325,0.001280146985322722
39.974,-1.5650892481236054,2.6216611607701403,0.0008110437696736694
39.994,-1.564789004366739,2.6286466882043684,0.001118440490412126
40.014,-1.5644783513427833,2.635775065246192,0.0013076158784288971
40.034,-1.5643302912112833,2.6422126435231994,0.0010658536104583283
40.054,-1.5641522946243716,2.6489616510473177,0.0008779029651505843
40.074,-1.5637355253539216,2.656076664642953,0.001314139407093462
40.094,-1.5634813772314884,2.6631936299157464,0.0011696428108447787
40.114,-1.563359654525629,2.6693909176957806,0.0008353499352068416
40.134,-1.5630446488857572,2.676468873410891,0.0012792592573996064
40.154,-1.5627335426637476,2.6835541450918936,0.0013216912542374781
40.174,-1.5624468743617927,2.6901943330044187,0.0009242402427861451
40.194,-1.5622069537909293,2.697022661019726,0.0011168501536641118
40.214,-1.5618222275390055,2.7043667018145534,0.0014097764982155259
40.234,-1.561601968194671,2.7110578901450766,0.0011747661049840152
40.254,-1.5614040877382191,2.7174708962138383,0.000870181182437868
40.274,-1.5609552968589926,2.7246471514945623,0.0014217157666769897
40.294,-1.5606025169025561,2.7318614967318324,0.0013032996529703245
40.314,-1.5603866503271906,2.7379320146370083,0.0008195961115706196
40.334,-1.559986422589989,2.7449191195098193,0.0013314096521964969
40.354,-1.55949156525793,2.7524299892246202,0.0013660801411752022
40.374,-1.559109992229989,2.75896510150722,0.0011161775333882185
40.394,-1.5587766729938113,2.7654518715157734,0.0009603548760264147
40.414,-1.5582053252069987,2.772800588707405,0.0014355896277021274
40.434,-1.5577387367668982,2.7796871170921245,0.001306518624382469
40.454,-1.5573258243508574,2.7861945630076086,0.0009763041437317044
40.474,-1.5567397066944653,2.7932218475421027,0.001457169535724001
40.494,-1.5561613386410027,2.8005700604985693,0.0013021837006261805
40.514,-1.5558487160407408,2.806655477405435,0.0008371290867554837
40.534,-1.5553533499933343,2.8132768639074177,0.001247089393590306
40.554,-1.5547153924376327,2.820661054956154,0.0013454038100949584
40.574,-1.554358527775936,2.8270524320181396,0.001076253345938999
40.594,-1.553815594832736,2.8335820416148163,0.0009578230965342494
40.614,-1.55310056775701,2.8409585982723535,0.0014282924233084693
40.634,-1.5525891529772697,2.847807175288515,0.001329039522274117
40.654,-1.5521363330273759,2.854041150543974,0.0008768336170796864
40.674,-1.5514258252923778,2.8610900146209213,0.0013539742067804061
40.694,-1.5507624283788148,2.868244644596567,0.001324914483588041
40.714,-1.550260517348094,2.87438673906418,0.0008789830867780013
40.734,-1.5496255014513003,2.881184355936988,0.001162744270281485
40.754,-1.548855877469472,2.888358807100354,0.0013233285783355309
40.774,-1.5483633979672224,2.8949729100094395,0.001178318724406574
40.794,-1.5478359135514101,2.9015664225173503,0.0008901295069522197
40.814,-1.5470393232568653,2.908651646425237,0.0013569667276279451
40.834,-1.546413931266619,2.9155414947962295,0.001357945687410378
40.854,-1.5459611561593707,2.9218258565864654,0.000877728155205787
40.874,-1.5452135181153093,2.9288866306363315,0.0013326609188626104
40.894,-1.5445259450528577,2.936003176016153,0.0013788182581670472
40.914,-1.5440685860630783,2.9422860186232707,0.0009695721356681453
40.934,-1.543433181971126,2.9490601818607587,0.0010918004909945822
40.954,-1.5426331815574357,2.956189151342653,0.0013801897069728175
40.974,-1.5420115625692956,2.9630540888261017,0.0012135771613765445
40.994,-1.5415324331510492,2.9694277277971457,0.0009247895980516174
41.014,-1.5407107577909134,2.976523156921158,0.0014508257714245798
41.034,-1.5401018117583236,2.983179851906638,0.0013444675751849156
41.054,-1.5394740697555531,2.989723411704465,0.0008009301943475711
41.074,-1.538729978164004,2.996705317785694,0.0012526841968179825
41.094,-1.5379835346560935,3.003869444949715,0.001332049075865871
41.114,-1.5373201125530676,3.0105679784766104,0.001129927731195579
41.134,-1.536793511929466,3.016756657078112,0.0010140100217115589
41.154,-1.5359190658802995,3.024101081058025,0.001355291624644872
41.174,-1.5353903123583719,3.0307638736736533,0.0012063559736044116
41.194,-1.5347275464876182,3.037361991940962,0.0008521932842319169
41.214,-1.5338352678569611,3.044469274002967,0.0014480742303352168
41.234,-1.533021704651245,3.0516490272469916,0.0013250418767916938
41.254,-1.5324354209011013,3.0578572234667947,0.0008258346876098832
41.274,-1.5316230027459106,3.064725654307258,0.0012094346169934655
41.294,-1.530746871315373,3.0718621687936376,0.0013506468425768803
41.314,-1.5301736790790113,3.0782566507521394,0.0010589940448609558
41.334,-1.5294934043041517,3.0848211215890244,0.000903684719061465
41.354,-1.5285502192348877,3.091937600611471,0.0013248093491850521
41.374,-1.5277322891170644,3.0989984549841543,0.0011930206207062255
41.394,-1.527259057439036,3.104890371784249,0.0007641469354624231
41.414,-1.526360613464953,3.1119367824071733,0.001378413999718553
41.434,-1.5255062697653816,3.119150925653568,0.001358191072920234
41.454,-1.5249497980937297,3.1252524683471523,0.0007963805397399604
41.474,-1.524115964986935,3.1320993533679213,0.0011164261322249291
41.494,-1.5231250002500678,3.139304540175684,0.0013019769301911843
41.514,-1.5224661609591477,3.1459186536929216,0.0011340030334675288
41.534,-1.5217357967181688,3.152395339155914,0.0009013076138735532
41.554,-1.5206957744739817,3.1596149709732524,0.0013360885226865182
41.574,-1.5198041734209744,3.1666581222422105,0.001262442487222043
41.594,-1.5191468179558179,3.1726953888562575,0.0008014158822090833
41.614,-1.518170614318934,3.17965510201878,0.001276099835004152
41.634,-1.5171751354704575,3.1868082634530754,0.0012789704876786934
41.654,-1.5164100933447473,3.193074592535024,0.0008842882074456826
41.674,-1.5155081478723087,3.1998800990497096,0.00100814259950191
41.694,-1.5144119106078069,3.206959132922494,0.0013612042343409125
41.714,-1.513678040422712,3.213474534243032,0.0011501522072454862
41.734,-1.5129075246175718,3.2199626218305646,0.0008425438869711088
41.754,-1.51182909195135,3.227045667712187,0.0012732304572905528
41.774,-1.5108576036234207,3.234033381803207,0.0012839433120897248
41.794,-1.510057597252906,3.240126713386945,0.0007727539205229506
41.814,-1.5090319727444206,3.247052563319857,0.001178125002807201
41.834,-1.5079997141353,3.2541531390653455,0.0013058671251620912
41.854,-1.5071497599526333,3.260652217636534,0.0010267720610397102
41.874,-1.5062142929958253,3.2674346990128704,0.0009081088209902388
41.894,-1.5050996750207903,3.2744635411461402,0.0013941894003100808
41.914,-1.5042452000890463,3.2812367805357283,0.0013149920447017571
41.934,-1.5035990093984983,3.287384663911922,0.0008479705145759409
41.954,-1.5024960271943284,3.2943995328355653,0.0013954977410041425
41.974,-1.5014648047764223,3.301567387821941,0.0013414745296697894
41.994,-1.5007430442628875,3.307775182927039,0.0007565980229186642
42.014,-1.4997218759523245,3.314475590339487,0.001160022971408603
42.034,-1.498550265822962,3.321740398314182,0.0013273332386863623
42.054,-1.4975181860095854,3.3284160137941416,0.0011901389687656305
42.074,-1.496691433208241,3.334421022370984,0.0008186673027667513
42.094,-1.4953859028408658,3.34183692593825,0.0013624370821669618
42.114,-1.494342090770863,3.3486090011473695,0.0012294948902661085
42.134,-1.4933462590919453,3.3550612813287835,0.0008703620138972856
42.154,-1.4920823658680848,3.3620264994172726,0.001349760094671415
42.174,-1.4908788155920005,3.3691458104349334,0.0013444566767715216
42.194,-1.4899709839724353,3.375321603953112,0.0008449686863593875
42.214,-1.4888056819233413,3.382074655895142,0.0011128231310534031
42.234,-1.4874788716209422,3.389246808465137,0.0013044710819286043
42.254,-1.4864589506738284,3.3957984803986063,0.0011648965428286973
42.274,-1.485374799038442,3.4023234181062327,0.0009478536299876716
42.294,-1.4839812437425277,3.409328131640544,0.0014460052401882861
42.314,-1.4827849874663381,3.4162721523962216,0.00134466640702538
42.334,-1.481914862062188,3.422357761447257,0.0008850436293987851
42.354,-1.4806290872706311,3.4292788957852607,0.0013305988333538743
42.374,-1.479356824693249,3.436250006749946,0.0013883025162044205
42.394,-1.4782243500453747,3.4427075015109825,0.0010163088918614394
42.414,-1.477082389917477,3.449146650300716,0.001121073901261982
42.434,-1.4756290856400913,3.456508369412584,0.001558372081953141
42.454,-1.4744804225504453,3.4634167105984317,0.0012663328488490833
42.474,-1.4736154404851312,3.4695082542016444,0.000931955865101336
42.494,-1.4721575578012573,3.4765146403099636,0.0015070419252768696
42.514,-1.4707294932140647,3.4835943094777697,0.0013947472305716468
42.534,-1.4695100562568404,3.48984727785166,0.0009963612997966886
42.554,-1.4681578770726271,3.4963785414256874,0.0013288485320780696
42.574,-1.4665608216741202,3.503684081820585,0.0015890360555246286
42.594,-1.4653411943231023,3.509882951511647,0.0009912554675599594
42.614,-1.4639279384745336,3.5164326928417813,0.0009594244222003445
42.634,-1.4622514956261725,3.5235635520533064,0.0013826256362209355
42.654,-1.4608853776499797,3.5301239443294747,0.0012854203279070997
42.674,-1.4595947801849873,3.536373640057218,0.0009642135215003345
42.694,-1.4579316871909975,3.5432933635848114,0.0014444482651642943
42.714,-1.4563749475611467,3.5501035413917816,0.0013650067530250054
42.734,-1.4550127092697258,3.5564414930149044,0.0008645734072572075
42.754,-1.453552174522255,3.5630106463245004,0.0012585299297857844
42.774,-1.4518052936017067,3.5702954320565436,0.001497752315685219
42.794,-1.4502878967984205,3.5768881781962185,0.0012352670561718293
42.814,-1.4489941235797392,3.5829375298227313,0.001011524851244311
42.834,-1.447175452866333,3.58991215553687,0.0015799965848627417
42.854,-1.445489588410888,3.5967758899510334,0.0013526120339425463
42.874,-1.444093849377517,3.6029027032633505,0.0008405454172847882
42.894,-1.442224680352741,3.6098343152360783,0.0013763804808300528
42.914,-1.4405201786418609,3.6165431811102637,0.0013264178145893923
42.934,-1.4388069278249485,3.6231579468993282,0.0008360720830642432
42.954,-1.4370445156151574,3.629958273377701,0.0011294132368625531
42.974,-1.43516546488513,3.6368923449801707,0.0014316820748494496
42.994,-1.4336269376893227,3.6433993645927627,0.0011885946197710828
43.014,-1.4322198333689218,3.6496579347820175,0.0009303417518674584
43.034,-1.4302766376971685,3.6565431998178917,0.0013960763077598137
43.054,-1.4285313496821217,3.6631936297230867,0.0013147992957301124
43.074,-1.4269159860424496,3.6694097066427345,0.0008121456462913401
43.094,-1.4250139641848836,3.6760539182339493,0.0013899851712962652
43.114,-1.422942481751906,3.6832969659743986,0.00136573999732173
43.134,-1.4214910924588642,3.689623966308615,0.0010443297828369724
43.154,-1.41992952140002,3.6957409578200653,0.0009635252168347652
43.174,-1.4178018378752366,3.702823629155295,0.0014691326105319424
43.194,-1.4160877319661371,3.709043394311061,0.0010872766664436762
43.214,-1.4142578282333012,3.715561966001983,0.0008616411599880192
43.234,-1.4121195219181284,3.722395002206765,0.0013407463133790487
43.254,-1.4102160907235697,3.729070978961461,0.0012889670866141067
43.274,-1.4084114690482126,3.7353162101725785,0.0007843549184883558
43.294,-1.4063546660711521,3.7419802247346894,0.0011857126213063451
43.314,-1.4042341736375927,3.7489189736353463,0.0012786684326746012
43.334,-1.402548550505052,3.7550736520600703,0.0009464114454215689
43.354,-1.4006433575880994,3.761661839144359,0.0008581603992678932
43.374,-1.398396980519056,3.7685022255610203,0.0013778909148945973
43.394,-1.3964621465101152,3.7750517242531196,0.0012628089152050548
43.414,-1.3947995505821495,3.7810592868013324,0.0008535775580350291
43.434,-1.3926333496602559,3.7878243491067103,0.0013155901513975388
43.454,-1.3905029957541828,3.794624094065338,0.001367794720753407
43.474,-1.3885531212938487,3.8007946815661864,0.0008900846337646373
43.494,-1.386614458193085,3.807071640817056,0.0011619694142834813
43.514,-1.3842456451550396,3.8142155010107204,0.0015347389281334112
43.534,-1.3821575863301099,3.820781830340954,0.001216609250217715
43.554,-1.3802837216063653,3.8268310423548573,0.0011083548040154712
43.574,-1.3779967502333637,3.833483736891694,0.0014454983447503844
43.594,-1.3758999957772733,3.8398216039116257,0.0013028367583645395
43.614,-1.3738241819165902,3.846193493359717,0.0008790328829128002
43.634,-1.3715101877747813,3.852841041026345,0.001316079691389388
43.654,-1.3691519503305771,3.8597013971354337,0.0013013298380383787
43.674,-1.3673421067940834,3.8655977197205194,0.0008779003529596485
43.694,-1.3651581950710918,3.872116105202582,0.0010111189613834781
43.714,-1.3627101112400122,3.878917470346687,0.0013831220409198097
43.734,-1.3605825472180846,3.8851795793706754,0.0011738210279523265
43.754,-1.3584656267644355,3.8914984365480927,0.0009285436575065809
43.774,-1.356006623033907,3.898200101394299,0.0013856866880695984
43.794,-1.353745270687183,3.9048515469270075,0.0013627115346869778
43.814,-1.3517571157256996,3.9108958082238408,0.0009335719089692829
43.834,-1.3494413623023571,3.9173298155376806,0.0013074743834873004
43.854,-1.3468880439097468,3.92426074193149,0.0014213196082890345
43.874,-1.3447481241829726,3.930352536208902,0.0010684335582106796
43.894,-1.3426291579535872,3.936328422757694,0.0009805375153841
43.914,-1.3399454404960343,3.943331382777958,0.0016013695165992547
43.934,-1.3374233804326532,3.9499693176149044,0.0013660536915539034
43.954,-1.3352788581624264,3.95592497423483,0.0012416646900086092
43.974,-1.3328170142253917,3.962211881347486,0.0014384917884021353
43.994,-1.3302458966472508,3.9687846388016292,0.0016374932901864203
44.014,-1.3277759720847058,3.9747696136803405,0.0008162893505649915
44.034,-1.325262697947226,3.9813110105480964,0.0011751310750579558
44.054,-1.3225662898583923,3.9879837703941172,0.0013957520194486928
44.074,-1.319990623189172,3.9946257159953995,0.0010424011585636606
44.094,-1.3177351782924958,4.000644989868346,0.0010450220968917234
44.114,-1.3150207866262444,4.007248494920802,0.0014511028042018537
44.134,-1.3125902499680762,4.013446043029627,0.0012397475955399917
44.154,-1.3100802322009548,4.019928334676948,0.0009586622678752488
44.174,-1.3073682229974914,4.026503423476441,0.0013841264576399115
44.194,-1.3047272195334756,4.033132862073578,0.001346047150967783
44.214,-1.302544448860199,4.038985283681587,0.0009329613560467853
44.234,-1.3000725211723294,4.045317115170026,0.0011158584264086557
44.254,-1.2972894563225013,4.051971997134216,0.001443245591458725
44.274,-1.2950640536765712,4.058122486170779,0.0011999409158881813
44.294,-1.2929568890810101,4.064017880912381,0.0008407197203280092
44.314,-1.29011793421204,4.0707917323819025,0.001442221514802139
44.334,-1.2875484687163785,4.077170434613589,0.0013771625344093652
44.354,-1.2852484575535523,4.08300836347781,0.0008703086122143489
44.374,-1.2825427369948965,4.089442287331566,0.0014013337492298494
44.394,-1.2795733869532673,4.096382480659449,0.0013442605777198302
44.414,-1.2773179665797982,4.1023623800626705,0.0010260785395074523
44.434,-1.2748506545404785,4.108257930754956,0.0010177604060747358
44.454,-1.2718104390053846,4.11509405147795,0.0015357211818857186
44.474,-1.2691572279661505,4.121266245214269,0.0012226316721027364
44.494,-1.2666486170822808,4.127081003274765,0.0009017356569593626
44.514,-1.2636324404552097,4.13364147869019,0.0014205840222349664
44.534,-1.2607538010488162,4.140183516548598,0.0013927516964969966
44.554,-1.258369073930806,4.145869325872259,0.0008789610156526573
44.574,-1.2555170409242253,4.1519378674777165,0.001313142714656379
44.594,-1.252280125221086,4.158780859393116,0.001432209461854822
44.614,-1.2495413648155478,4.164765907140348,0.001132082834228998
44.634,-1.2469165497796688,4.170528273944836,0.000984827506974012
44.654,-1.2436664940936288,4.1771107362606354,0.0014624073146632943
44.674,-1.2408150880817779,4.183087011180546,0.0011598816702304837
44.694,-1.2378952135298094,4.189148791283334,0.0009351146816461708
44.714,-1.2347175751161967,4.195434362149884,0.0013817047189433884
44.734,-1.2314739242510477,4.201993797280731,0.0012583173656638968
44.754,-1.2288970002002628,4.20760796392528,0.0007666561610287503
44.774,-1.2258450581330356,4.213877842798139,0.0010957170802187444
44.794,-1.2226849618328708,4.220057422167208,0.0013901733187315357
44.814,-1.2196550822383545,4.226155472223396,0.000992153299401749
44.834,-1.2165743312036208,4.232494364205028,0.000919891243343407
44.854,-1.213312645563686,4.238819841473711,0.0013956648715503228
44.874,-1.2102357222804296,4.245131642630887,0.0012113966363978823
44.894,-1.2074863243018337,4.250869735179862,0.0008812420731341697
44.914,-1.204248572063173,4.257194590602886,0.0012516459213053333
44.934,-1.201182929808634,4.263470902396087,0.0013138323251580541
44.954,-1.1983415916483178,4.2693814197844,0.0008014975148387948
44.974,-1.1952236620494616,4.275676446947114,0.00100499693491779
44.994,-1.1919584485771137,4.282056719881749,0.0012766908081954242
45.014,-1.1889278090237003,4.288237571419051,0.0011833642877806805
45.034,-1.1862946282265214,4.293808267865834,0.0008778945647484049
45.054,-1.1828705420378642,4.300362187981234,0.0014493005942559645
45.074,-1.179732419229632,4.306542090078398,0.00126172484039333
45.094,-1.1768238129259725,4.312417818613745,0.0008824887597072284
45.114,-1.1735713449548697,4.3185941265398675,0.0012716263482114576
45.134,-1.1702106727700219,4.325013313014923,0.0013181110313038868
45.154,-1.1671961692780626,4.330804658937218,0.0009762239634491521
45.174,-1.1642466149707542,4.336512123862464,0.001007840174380964
45.194,-1.1606818327766728,4.343066002392832,0.0015366778325378305
45.214,-1.1574132875892318,4.349201680510961,0.0012498871732539718
45.234,-1.1544804389733316,4.354867577134396,0.001123728239234012
45.254,-1.1511261379310334,4.360925623315608,0.0014114819939373413
45.274,-1.1478708003581755,4.366885279259126,0.0013612163747338257
45.294,-1.1446636126142034,4.372796178950804,0.0008907718481815929
45.314,-1.1412439046451508,4.3789605227589234,0.0012093323985631343
45.334,-1.1378250769796228,4.385084149503213,0.0013970570444815922
45.354,-1.134710268832691,4.390811810832749,0.0009617416986753557
45.374,-1.1313909343506674,4.396960668820723,0.0008788678536124639
45.394,-1.1277969695527326,4.403176731257363,0.0015290744701987602
45.414,-1.1245158270204156,4.409110789825188,0.0012929662355862237
45.434,-1.121523648369181,4.414812442188823,0.0011102038236395495
45.454,-1.1180101327656498,4.420955601275837,0.0014299984284279754
45.474,-1.1143752691839468,4.427382437607522,0.0015097739119642184
45.494,-1.111098444313349,4.433282496195209,0.0008457481254488808
45.514,-1.1075464671762314,4.439460151650294,0.0012270148291349536
45.534,-1.1039729748652083,4.445653383221424,0.0013609990353127266
45.554,-1.1007271208887248,4.451562126118116,0.0011385395453185343
45.574,-1.0974313917795542,4.457519871272144,0.0009100564383361376
45.594,-1.093874137706146,4.463634887755587,0.0014388611618719183
45.614,-1.0905528751101874,4.469704762931475,0.0012999464669299632
45.634,-1.087546592789939,4.475327010123999,0.000986718407543774
45.654,-1.0840105586425788,4.481529864005734,0.001407815286726788
45.674,-1.080528438438242,4.487669504974704,0.0013560889776476903
45.694,-1.0773368003332218,4.493480664752863,0.0010450065164878675
45.714,-1.0741514412820052,4.499290479512333,0.0011366583366817506
45.734,-1.0704295018103338,4.505700768946006,0.0015717251770511753
45.754,-1.067189908960936,4.511447833188122,0.0011768335768454208
45.774,-1.0641315988389732,4.516982493695437,0.0008799364682223199
45.794,-1.0603667726129522,4.523323840471908,0.0014781477693733003
45.814,-1.0568278571311533,4.529415838975728,0.0013677316372776027
45.834,-1.0536276880110353,4.53493773635557,0.0009178638322925037
45.854,-1.0500513550811805,4.540952229920288,0.0013546838346994161
45.874,-1.046265955732347,4.547317335387895,0.0013445979229442795
45.894,-1.0430314376297105,4.552639513213701,0.0009163796142347969
45.914,-1.0394533193899482,4.558624875507271,0.0010448748217908033
45.934,-1.0356975586036583,4.564711510431901,0.0013266055980065417
45.954,-1.0324043136685332,4.5704086698063735,0.0011836064052746786
45.974,-1.0289635939324138,4.576181720346846,0.000965256948514015
45.994,-1.0251772642274795,4.582233845876888,0.0014356614310487847
46.014,-1.0217002721354447,4.588144510012958,0.0013512662444878365
46.034,-1.0185614737220994,4.593645430545594,0.0008404978001164132
46.054,-1.0148921829725441,4.599643628734769,0.0013933903635618694
46.074,-1.010892422368841,4.6061076832268535,0.0013965628293027277
46.094,-1.0074028035312894,4.611884530423621,0.0011345451257502304
46.114,-1.004085299305255,4.61741120017541,0.0009895714430108726
46.134,-1.0001144078924,4.623625707779367,0.0015110047085973854
46.154,-0.9965271764558286,4.629366976437308,0.001273262787215762
46.174,-0.9932285482282712,4.634775250470531,0.0008747238590623985
46.194,-0.9893111141050246,4.64074472589033,0.001509051557324087
46.214,-0.9853700385681762,4.646825528726545,0.0013638843101416165
46.234,-0.9819830542931587,4.652147476482751,0.0007773049814409905
46.254,-0.9783163721209233,4.657810865313518,0.0012933610347196922
46.274,-0.9741324481168642,4.664096405863296,0.0014281336883684437
46.294,-0.9704992776108218,4.669648012972469,0.001191100758493241
46.314,-0.9670634187560168,4.67497480192328,0.0009731012126323324
46.334,-0.9629180934848279,4.68093447581495,0.0015429984667423846
46.354,-0.9590750007178835,4.68657821536805,0.0012941259521141169
46.374,-0.9554905413240508,4.691949685315489,0.0008410635527600352
46.394,-0.9514091445427418,4.697727387281054,0.0013397540121450058
46.414,-0.9474872674386934,4.7034057974215875,0.0013253329433717265
46.434,-0.9437785917739815,4.708805638959988,0.0007868895874339477
46.454,-0.9398181454037223,4.714522868507421,0.0011068053452657767
46.474,-0.9355902490056057,4.720451487642838,0.0012765250878490064
46.494,-0.9318124767854787,4.726019215741596,0.001082512534488017
46.514,-0.9279747695094566,4.731536506676234,0.0008817386980804198
46.534,-0.9237923870099982,4.737301078781839,0.0014175859826749404
46.554,-0.9198712728696312,4.743007267152882,0.00128669599139547
46.574,-0.9164531861597908,4.748221910197059,0.0008306624404516849
46.594,-0.9123324647837487,4.753964695343938,0.0012732042011520117
46.614,-0.908199229923912,4.759861663581022,0.0013006881480509547
46.634,-0.904838776714124,4.764874171424257,0.0008627185902050638
46.654,-0.900948882987463,4.7705001776283185,0.001003021198468318
46.674,-0.8967283121771608,4.776360854536874,0.0013985123795650367
46.694,-0.8928869312849523,4.7818401867579094,0.0012695760282945001
46.714,-0.8892511105684674,4.787135970407251,0.0009597478212084454
46.734,-0.8850542102176094,4.792867547453699,0.0014414906878301714
46.754,-0.8807775639914459,4.798772317232802,0.0013144046831043144
46.774,-0.8770926231544133,4.804024807060786,0.0009660898339532709
46.794,-0.8731973018259884,4.8093916534608985,0.0012352032674411706
46.814,-0.8687144467522174,4.815406815926819,0.001421281067206459
46.834,-0.8648472452846535,4.820687366698084,0.0010554146108947005
46.854,-0.8611738167297507,4.825800913690699,0.0009220307552201823
46.874,-0.8566569802672047,4.831720301053274,0.0014248507114607567
46.894,-0.8524924421763327,4.837256593045571,0.0013016193712317992
46.914,-0.8486957108621433,4.8423480820902,0.0009630410449441296
46.934,-0.8443926572192278,4.847872784551118,0.0014247391096784134
46.954,-0.8398476206638916,4.853759791960269,0.0013146299029077324
46.974,-0.8361769411052042,4.858807279925605,0.0008261561969125364
46.994,-0.8321206462498836,4.864063728275315,0.0012027230798211108
47.014,-0.8274375153490462,4.869897368501997,0.0014110577862795626
47.034,-0.8234351434018299,4.874993517934791,0.0011311284451322456
47.054,-0.8196362964913299,4.8799296970874835,0.000878524962771049
47.074,-0.8149281622771778,4.885708630164501,0.0014651376200619515
47.094,-0.8106532695926715,4.8912298702945725,0.0013277889297596823
47.114,-0.806838649421999,4.896205600430928,0.0009314029767102106
47.134,-0.8024197888592898,4.901583400066622,0.0013670472861141703
47.154,-0.7977377575343498,4.90730676927038,0.0013560277777397711
47.174,-0.7939604308283522,4.912148766204099,0.0008851775231995818
47.194,-0.7896780168195998,4.917421249169973,0.0010984804259184244
47.214,-0.7849537237440475,4.923009245345362,0.001434277818122165
47.234,-0.7808244630992324,4.9281990788184125,0.0012665660444192428
47.254,-0.7768089158906208,4.933205206945401,0.0010268456870601295
47.274,-0.77214689215337,4.938624612790116,0.0015384716986686087
47.294,-0.7676761875418714,4.943843819082344,0.0014333144154299593
47.314,-0.7636382492594858,4.948715007384873,0.0009110927233465516
47.334,-0.7590810523395077,4.953992504583858,0.001315136818554774
47.354,-0.7543228788526307,4.959516298288837,0.0013737082786215438
47.374,-0.7502873783708452,4.964460030168102,0.0011164041316998607
47.394,-0.7461447151996168,4.969407584350198,0.0009481182061751581
47.414,-0.7411996037367894,4.974946969565083,0.0016133754729169558
47.434,-0.736564719483567,4.980205003741543,0.001303267938939895
47.454,-0.7324034983111354,4.985105224662814,0.0011005147263433157
47.474,-0.7277040688458646,4.990323085203237,0.0014749594809880806
47.494,-0.7231341734342529,4.995406691702952,0.0013753241698102603
47.514,-0.7186625928512458,5.000493933671111,0.0008606124924727399
47.534,-0.7139431606481235,5.005731159816058,0.001282918000412997
47.554,-0.7091015117996584,5.011062545190421,0.0013152578375681123
47.574,-0.7048311995204708,5.0159917233331495,0.0011068916224204473
47.594,-0.7005682325422647,5.020880015030932,0.0010159820110832996
47.614,-0.6957252354365606,5.026147103883114,0.0014429788085242312
47.634,-0.691296271665909,5.031240275804731,0.0013072912698609829
47.654,-0.6871497326872137,5.036074335334237,0.0009322628442025305
47.674,-0.6823435412355757,5.041291863361966,0.0013853083715505143
47.694,-0.6775962368127659,5.046581055033388,0.0014057191104313027
47.714,-0.6735575487785636,5.051302117077667,0.0008246070439991982
47.734,-0.6690589720171551,5.056291025304991,0.001201261174343382
47.754,-0.6639647157365686,5.061769390977318,0.0013836353698090664
47.774,-0.6595060682073342,5.066801662095177,0.0011341615705920127
47.794,-0.6552886294181808,5.071522635547789,0.0009822152466132383
47.814,-0.6503612835307644,5.076717074528107,0.001421788907846333
47.834,-0.6457138052205231,5.081834767349646,0.0013184523294656747
47.854,-0.6416228427028519,5.086570523965884,0.0008445301434021057
47.874,-0.6367811683957245,5.091671149764487,0.0013721401605224226
47.894,-0.6316876916676231,5.097068156114158,0.0013027334218266018
47.914,-0.6276150537566694,5.101603247274487,0.0008704444783831922
47.934,-0.623166337357724,5.106363624088413,0.0010794782389488
47.954,-0.617932412764521,5.111721796266145,0.0014268132790103694
47.974,-0.6131653420160876,5.1167044087195785,0.0012815810546639717
47.994,-0.6087571859873772,5.121336911705877,0.001087357558303359
48.014,-0.6038086293494801,5.126270605560516,0.0014476654679225764
48.034,-0.5986900180825036,5.131395503861186,0.0013718368588634122
48.054,-0.5942994410732938,5.135933075032852,0.0009097538348847856
48.074,-0.5894901588121214,5.140707868982378,0.0012332111512201316
48.094,-0.5842135291772217,5.145886131281397,0.0013190458512315484
48.114,-0.5795715848252555,5.150497177204131,0.0010165585677137101
48.134,-0.5750204342188986,5.155090401151908,0.0009695577041153869
48.154,-0.5696137976439267,5.160269296076574,0.0015501017988391042
48.174,-0.5646237034423809,5.165053020227785,0.0012481653434959494
48.194,-0.5600668160553885,5.169559288469547,0.0009633604884298486
48.214,-0.5549295719627356,5.174399101768961,0.0014180086588477803
48.234,-0.5498141054811361,5.179185614776456,0.0013973566424469175
48.254,-0.5450900793637663,5.183647667283422,0.0007465650592433926
48.274,-0.5400317930106934,5.1884349606949876,0.0011588413190923852
48.294,-0.5346908049273881,5.193356909625279,0.001296138398647173
48.314,-0.529842140074194,5.197997393363534,0.001102285453903562
48.334,-0.5251770009424708,5.2024602717777695,0.0009108112998246209
48.354,-0.519896436862107,5.207277566521025,0.001392506448066655
48.374,-0.5151505978173677,5.211723319482113,0.001173004228883584
48.394,-0.5101775273536016,5.216438513959684,0.0009246254632250817
48.414,-0.5049268161293335,5.22124072889147,0.0013382615251750218
48.434,-0.4996991320037299,5.226066248923495,0.0012720943165029364
48.454,-0.4951609955458014,5.230427675047278,0.0008480215727219853
48.474,-0.49028646199714876,5.235021072815956,0.001136910752726733
48.494,-0.48492894821338517,5.23992965702059,0.0014819830028265923
48.514,-0.48028017375941034,5.244220758325073,0.0010683103926313053
48.534,-0.4753557656054641,5.248831739776921,0.0009208314229545989
48.554,-0.47001322492123737,5.253605746655496,0.0013991552426455
48.574,-0.46478984601876705,5.258448897780813,0.0012860727064750443
48.594,-0.4602903144136703,5.262667828038674,0.0009137507381196952
48.614,-0.45501148670619973,5.267440315800291,0.0012993350230606493
48.634,-0.4497874935759504,5.272164337269549,0.0014445559923741969
48.654,-0.4450995097031987,5.276489076739748,0.0010388247681468732
48.674,-0.4402864772038897,5.2809848741310566,0.001003207652235244
48.694,-0.43478717194126837,5.285901913308161,0.001436490796378559
48.714,-0.42969806947768724,5.290512701949042,0.001355823217812302
48.734,-0.4249347945016936,5.294902928669225,0.0011256663839148418
48.754,-0.4196739148633811,5.299520013952227,0.0014621406304991535
48.774,-0.41440765884054404,5.3041550457379465,0.0014545877666911622
48.794,-0.40968447318379386,5.308401447170836,0.0008830543610868491
48.814,-0.40444392873393936,5.312992778611466,0.0012693051013649148
48.834,-0.39906298728893336,5.317657998349665,0.0014520671164164889
48.854,-0.39417397487626604,5.321961254340177,0.0010060779873895809
48.874,-0.38904358244391435,5.326567892053437,0.0008630484103325509
48.894,-0.3835219938390725,5.331227818570063,0.0014901378654940955
48.914,-0.37826051120689647,5.335810335193513,0.0013678750826660036
48.934,-0.37332753711964795,5.340163439324597,0.0011209280455160564
48.954,-0.3680148373731801,5.34464307122349,0.0014612829526544358
48.974,-0.36250644711246927,5.349290815844395,0.001490331103162823
48.994,-0.35766829785618853,5.353402367908858,0.0008321260815508102
49.014,-0.3523683304475625,5.357905993160935,0.0012383670167425975
49.034,-0.34676188108934947,5.362561009269615,0.00147729480425704
49.054,-0.3418495011757287,5.366709714984037,0.0011304837004048884
49.074,-0.3369954471458687,5.37097324644329,0.0008243788639110128
49.094,-0.3312424870955376,5.375600231060604,0.0014551082177212682
49.114,-0.3259040767567418,5.380116986849737,0.0013828191022975667
49.134,-0.321432576939138,5.384003081304732,0.0008961455770699622
49.154,-0.31596453564138005,5.388394077782286,0.0014135217578414017
49.174,-0.3102570492640037,5.39303808406438,0.0013801233716491668
49.194,-0.3051928202268741,5.3971747948475794,0.001042704278215567
49.214,-0.3001472197194907,5.401333956714617,0.0011107702248024376
49.234,-0.2942838491673508,5.40591573932746,0.0016001320703367405
49.254,-0.2891651299515545,5.409929204802982,0.0011858171766723768
49.274,-0.28422352510903165,5.413990906616517,0.0008678970749685377
49.294,-0.2784245640694687,5.418446565713374,0.0014160196368618871
49.314,-0.2729089234609107,5.422762936230661,0.0013802899164802318
49.334,-0.2678435317529469,5.426742172419666,0.0009173704515236247
49.354,-0.2622666007396729,5.4309801652589345,0.0013274790121418911
49.374,-0.2562204361514564,5.435559636278209,0.001368650637034896
49.394,-0.2511143300845386,5.439536292702825,0.001042468759777454
49.414,-0.24601410648069888,5.443495908654772,0.001037916732087335
49.434,-0.24000413497622658,5.447949340406744,0.0015705002916891753
49.454,-0.23443947375880553,5.452079784177194,0.0012601302353735522
49.474,-0.22934150353374222,5.4559941396423115,0.0010122440783667253
49.494,-0.22360949699948854,5.460131437983578,0.0013964798556838631
49.514,-0.21788780435473326,5.464287469547887,0.0013221221051196719
49.534,-0.2127102004717627,5.4681084106037305,0.0007835062815782778
49.554,-0.20702129376513506,5.472196155700996,0.0011825099254428317
49.574,-0.20119292434254885,5.476423389983025,0.0012839649512780549
49.594,-0.19598039556370056,5.480036725097319,0.0009585283664017563
49.614,-0.1905528372478909,5.484011913306039,0.0008824071117026488
49.634,-0.18461727863289693,5.4880907002850945,0.001374156074987476
49.654,-0.1791372127987151,5.492103352396191,0.0012007021596992795
49.674,-0.1739283825979742,5.495932338339962,0.0008826247858153558
49.694,-0.1680801600173798,5.499964571243154,0.001342724974101872
49.714,-0.16222515604160814,5.50413209065973,0.001269739397500469
49.734,-0.15725302348903963,5.507669338324154,0.0007977777982054457
49.754,-0.15156113590917109,5.51169957777967,0.0011073801007231154
49.774,-0.14580649683178493,5.515708520912424,0.0013739666416573426
49.794,-0.14048257211361836,5.51945767947266,0.0010022996716659849
49.814,-0.13480901661025527,5.5235588088439425,0.0008866275308158367
49.834,-0.12892960547100246,5.527592045733673,0.001387380368700647
49.854,-0.1231279285293779,5.531738717261903,0.0011855758760651591
49.874,-0.11794424681766572,5.535432156253794,0.0008098298614700739
49.894,-0.11212319684171074,5.539519013494326,0.0012839229717097334
49.914,-0.10638407920780973,5.543567598754392,0.0013501051958634547
49.934,-0.10091447202831053,5.547457062981689,0.0009910556026622719
49.954,-0.0954384930483176,5.551336370707249,0.0010366728427540495
49.974,-0.08937087398737319,5.555514955145428,0.0014486981074174066
49.994,-0.08379491233861568,5.559387991203749,0.00123935044100687
50.014,-0.07854885143261112,5.5631566213238015,0.0009836049608071273
50.034,-0.07264659127400074,5.56712900042139,0.0015453564601622671
50.054,-0.06671304726068211,5.571111322204192,0.0015120055834305646
50.074,-0.061666147355402795,5.574570568933367,0.0008957646422914911
50.094,-0.05598221603257113,5.578387050318851,0.0013055840880373537
50.114,-0.04988977929577827,5.582418579300971,0.00146750283057262
50.134,-0.04458903032462397,5.585936033675984,0.001031550625498534
50.154,-0.03923025109555483,5.589561850137682,0.0009913384473251574
50.174,-0.032973003631037494,5.5936247392328955,0.0014864774306350415
50.194,-0.027195841735072564,5.59740310443362,0.00130752447910501
50.214,-0.021948965992488537,5.600969022256762,0.000996699914100757
50.234,-0.016009233576090152,5.6047350433667775,0.0014170076908525397
50.254,-0.010038159067498817,5.608505709405019,0.0013722485989802191
50.274,-0.004677471360204133,5.612002102496697,0.0009020617948568843
50.294,0.00102555257947759,5.615658320164038,0.0012353491767486402
50.314,0.007359836878461236,5.619605885455321,0.0013412445706620646
50.334,0.012964561001591296,5.623164665875261,0.0012486464291694144
50.354,0.0183706543614817,5.626647176127351,0.0010281081440993711
50.374,0.024576310291931348,5.630396890245099,0.0015370668381922137
50.394,0.030451261945262827,5.633901204273429,0.001303247580293293
50.414,0.03583808478040566,5.637340489581446,0.0009610964500978703
50.434,0.0418464250791778,5.640938990278587,0.0015069289832368715
50.454,0.04816520269196645,5.644697683096071,0.001527640318388146
50.474,0.05360700597667395,5.647935091383131,0.0009608534587545736
50.494,0.059371006778129155,5.651398876286495,0.0011981250572491997
50.514,0.06553297379510784,5.654984711368582,0.0016715138742465219
50.534,0.07128583718828327,5.658292717477298,0.001162382692054792
50.554,0.07739594064309024,5.662062284345795,0.0009840988536255202
50.574,0.08353468414230651,5.665600761203206,0.0015020236971102496
50.594,0.08958672737876189,5.669244338350661,0.0012710888564309852
50.614,0.09474814198261189,5.672374220561883,0.0008874060152939123
50.634,0.10080366726508919,5.675906181799419,0.001364826860653312
50.654,0.10707344434963681,5.679634416903617,0.001361351344202122
50.674,0.11247549355780533,5.68298844767171,0.0010402832094290881
50.694,0.1181210481721699,5.68641392698403,0.0010879581849748965
50.714,0.12456104325688525,5.690068306360851,0.001557055740125296
50.734,0.13036605585032182,5.693403008694949,0.001235991466800368
50.754,0.1358170496912194,5.696656022222597,0.0008853169549536133
50.774,0.14215674143692453,5.700205254949836,0.0014786305285415247
50.794,0.1484271097152231,5.70383609067322,0.0013850634177532684
50.814,0.1535525618625565,5.706903878553898,0.0008948512763584104
50.834,0.15954972017783453,5.7102852428879585,0.0012800494568370457
50.854,0.16594402293796126,5.713873587801855,0.0014009346105898768
50.874,0.17150338197688578,5.717061926225175,0.0010747712045860447
50.894,0.1771675980360702,5.72029556954875,0.000996016911372355
50.914,0.18373541829035128,5.723849548033098,0.0014959597705736238
50.934,0.18988516748763606,5.7272065709210755,0.0013745174393188508
50.954,0.19556941448115697,5.730361678703282,0.001145876622505676
50.974,0.2016663111955725,5.733543414028352,0.0014170556856291094
50.994,0.2080229633971576,5.736865225160408,0.0015134073137989812
51.014,0.2136027104611494,5.7397447231370045,0.0007568237389925236
51.034,0.21974023454267677,5.743012426285062,0.0011713807401455278
51.054,0.22605085523527502,5.746279305433502,0.0014233107361043829
51.074,0.2318581663110118,5.749317504462653,0.0010102628878118358
51.094,0.23799736856210557,5.752667436198796,0.000877039146786579
51.114,0.24441203223717767,5.755871595801156,0.0014489895023013233
51.134,0.25067685972153936,5.759179636261308,0.0012311917258672755
51.154,0.25617484090941106,5.762057333435961,0.0008956202326185769
51.174,0.26251685694993804,5.765272448113008,0.0013036259540829542
51.194,0.2685821576359776,5.768361909682134,0.0013235258041049691
51.214,0.27451955205875744,5.77143853462547,0.0008068570413131693
51.234,0.2807260482997322,5.774700457675539,0.001061858913985414
51.254,0.28715987550662586,5.777898821170172,0.0014071038775878564
51.274,0.29326366464203657,5.781090019246056,0.001203299831141258
51.294,0.29863175490387805,5.783963339777892,0.0008940000447287821
51.314,0.3052617801758796,5.787240434429755,0.0014902581878836751
51.334,0.31154176158630453,5.790340903184882,0.0013004066473816522
51.354,0.31719610524437886,5.793302253766852,0.000862690130025684
51.374,0.3234226867108382,5.796343908725309,0.0013339848320316483
51.394,0.33004193928091485,5.799572368460928,0.0013754700942647247
51.414,0.3358160185703065,5.80243310984818,0.0009756439190333199
51.434,0.3416512110894585,5.805361951211313,0.000983289507579116
51.454,0.3483660476159675,5.8085490271201,0.0014603120821561622
51.474,0.35440698985470276,5.811392778772122,0.0012089579631417713
51.494,0.36010674295572026,5.814231819943246,0.000908409151760714
51.514,0.36659598379044345,5.817227569077228,0.0014177112724181873
51.534,0.3732025693471587,5.820320547085762,0.0013219081530495835
51.554,0.37909745722614463,5.823120330165812,0.0010920684156210947
51.574,0.3850609172450785,5.825902982864916,0.001135439344995659
51.594,0.39184919247837674,5.828941109464612,0.0014572198136654502
51.614,0.39760861648941864,5.831462654259954,0.0009386112436923222
51.634,0.403815135226718,5.83439144543609,0.0009189641652741221
51.654,0.4104011051969746,5.837273255686024,0.0014092437247283096
51.674,0.41673664225707485,5.8401907345019275,0.0012458015826800617
51.694,0.42239516437345404,5.8428073931784885,0.0009848110225249285
51.714,0.4289052965943898,5.845666606079173,0.001390041040556761
51.734,0.43525871723597465,5.848473668157597,0.001411303248145479
51.754,0.44096338484508785,5.851055331698775,0.0008466406883481659
51.774,0.44718540288781716,5.853857860047197,0.0011995012838365293
51.794,0.45394620173900263,5.85681756171335,0.0014137674083617158
51.814,0.46021730705786673,5.859608352034499,0.0012910477474673554
51.834,0.4661781398349322,5.862345294413428,0.0012303936872997412
51.854,0.4726579470865888,5.865087611788006,0.0015049081482376436
51.874,0.4788185050968337,5.867657056761787,0.0014088856020093854
51.894,0.4848237754249348,5.8702889204696085,0.0009884151908294836
51.914,0.49134356567439363,5.873054350805563,0.0013276381968309325
51.934,0.4979292485470062,5.875890065704662,0.0013134578142942055
51.954,0.5037176562480973,5.878464197974793,0.0009289184943287176
51.974,0.5101084784657498,5.881271261523497,0.001055594431136675
51.994,0.51660768205608,5.884003680347706,0.001550998256829167
52.014,0.5222875071525912,5.886353469270766,0.0011152582718853832
52.034,0.528534398702231,5.889149267156166,0.000968647910152054
52.054,0.5351224773754437,5.8919066872126225,0.0015316761741064888
52.074,0.5415943959106287,5.894634172595963,0.001336160029346195
52.094,0.5475485153185581,5.8973055827124705,0.0010764076201088824
52.114,0.5538460361111809,5.899968757839345,0.0013242827174987648
52.134,0.5605955959095532,5.902788397265316,0.0015820089184894193
52.154,0.5663285124952296,5.90510988528312,0.0009674914443681404
52.174,0.5725755618637245,5.907847155245091,0.0009428730113945905
52.194,0.5792992304560368,5.910542006046101,0.0014449697751443558
52.214,0.5856515926038244,5.913199362596529,0.0013649482713754546
52.234,0.5917249691595945,5.915808361886148,0.0011458261721191132
52.254,0.5982452119490691,5.918397840790908,0.0015147118838985951
52.274,0.6049160156369426,5.9210646442264885,0.001578247554751444
52.294,0.6106438479778563,5.923346737974266,0.0009814341917763203
52.314,0.6169381200102751,5.925856992921314,0.001290915391785219
52.334,0.6238519960032006,5.928573731413493,0.0015192158463941119
52.354,0.6297184871429768,5.930812551923302,0.0011397457427054503
52.374,0.6357305443532622,5.93328161459028,0.0008859953589582248
52.394,0.6426431731289413,5.935889277827125,0.0015284136132694692
52.414,0.6488743114783541,5.938210379203627,0.0013239301332415299
52.434,0.6548360835784673,5.940607133554928,0.0009310697740659568
52.454,0.6614646883035843,5.943049570468786,0.0015296826955118192
52.474,0.6683832469301039,5.945620029819798,0.001467753104104741
52.494,0.6743846431682982,5.947833270273235,0.0009491041387220678
52.514,0.680614441470284,5.950220522580244,0.0011719639215966027
52.534,0.6875783035745159,5.952683788271901,0.0016602034723894044
52.554,0.6933391366670923,5.954585601112719,0.0010682825716744337
52.574,0.6996913605314038,5.957002574040853,0.0009776311928023917
52.594,0.7064492562632461,5.959365859215431,0.0014187288340861415
52.614,0.7129423205709409,5.961712162080644,0.0013603427285602265
52.634,0.7191283863878326,5.964013427334808,0.001038165804730068
52.654,0.7256499889773508,5.966266830826056,0.0013497806649508115
52.674,0.7326456030172396,5.968711166335397,0.001391527892613681
52.694,0.7388891783870088,5.970889445457736,0.0010370833746801145
52.714,0.7450625259888735,5.973157578500697,0.0009961936495662682
52.734,0.7520228388640309,5.975465410470315,0.001521581955699458
52.754,0.7581585923641572,5.977441736705028,0.0010867901336434893
52.774,0.7646176479281374,5.979721994132463,0.0009616016419470019
52.794,0.7713878814556625,5.981948666198975,0.0014113495972102874
52.814,0.7781816411600629,5.984290971711415,0.0012591699442086879
52.834,0.7838410799705389,5.9862804879739375,0.0009576545123926306
52.854,0.7903655165471734,5.988431598344852,0.0012398639327410865
52.874,0.797291083239874,5.990666855656275,0.0014690216214686136
52.894,0.8032884011993322,5.992590635768768,0.0009625963928736048
52.914,0.8095421876311149,5.994727621872653,0.0009541311030771271
52.934,0.8165930840799934,5.996995474528055,0.001396694256893427
52.954,0.8232095109478941,5.999164110409766,0.0012677319626614725
52.974,0.8293718314318914,6.001238009957416,0.000996464785309098
52.994,0.8360910807498446,6.003280587195583,0.0014382044481991152
53.014,0.8429663489672738,6.005384083865932,0.0014519143102017518
53.034,0.8489691132663378,6.007225101024017,0.000846710088950875
53.054,0.8554684204233055,6.009257782657162,0.0012101227591201635
53.074,0.8625861997200437,6.011402723740397,0.0014254441344867252
53.094,0.8686863663334105,6.01317042966669,0.00104911525839399
53.114,0.8748690971874027,6.015139879917113,0.000762527629405374
53.134,0.8820253899661754,6.01714961568911,0.001380249801337774
53.154,0.8886498762681032,6.019179230499295,0.0013156234482096796
53.174,0.8946005118081257,6.021054983034871,0.0009646654484756767
53.194,0.901307322957955,6.022969874575999,0.0013341139681666003
53.214,0.9081811787935812,6.024886372203719,0.0013545344634084688
53.234,0.9143008690675263,6.026621682348301,0.0007994168060621032
53.254,0.920928574024036,6.028569957358701,0.0010450484072684618
53.274,0.92790580657012,6.030487678248959,0.0014232413822723444
53.294,0.9345341255806595,6.032377405097979,0.001257204923105465
53.314,0.9408794943399629,6.0342746670460485,0.0011824573750773837
53.334,0.9476611937078124,6.036096663628435,0.0014705431215791542
53.354,0.95433640882199,6.037846189909478,0.0014682183648677682
53.374,0.9603973109132258,6.0394531229201736,0.0009221383478324741
53.394,0.9671945638590751,6.041232587442968,0.0012682115997125487
53.414,0.9739134296412183,6.042989957779571,0.001399111794029656
53.434,0.9801755249662673,6.04466020096581,0.0009224230217165785
53.454,0.9867949493450671,6.046488560062477,0.00099009397739247
53.474,0.9938251749777134,6.048255361953129,0.0013897708133784326
53.494,1.000339738707401,6.050036781875623,0.0012566945772185811
53.514,1.00633031542858,6.0516969703755725,0.0009172438196083932
53.534,1.0132687821680668,6.053458172370711,0.0015183128181592842
53.554,1.0201481787449036,6.055185154344879,0.0014021132305457595
53.574,1.0263313502200506,6.056828328643759,0.001049816281246757
53.594,1.0328519215557281,6.058494160318391,0.0012167738659053795
53.614,1.0400235803596454,6.060279591181137,0.0014002104846731755
53.634,1.0463652150471678,6.061869358620797,0.0011191009914746919
53.654,1.052662826572439,6.063560372151954,0.0008896447856995837
53.674,1.0598205558697693,6.06525740431944,0.0015335663468566962
53.694,1.0664031140581498,6.066795125507772,0.0013114019990262682
53.714,1.072650194343319,6.068424810141849,0.0009694018281785066
53.734,1.0795409722654155,6.070017390300138,0.00149080942263069
53.754,1.0865250866069158,6.07161250145303,0.001434359324591572
53.774,1.0927419335695725,6.073054152540327,0.0008247886200864196
53.794,1.0993705516308485,6.074660478361109,0.001237605303475553
53.814,1.1066100149311062,6.076301430549723,0.001418723702041158
53.834,1.1130545862993266,6.077765556753862,0.0012226430890660556
53.854,1.1193303945036126,6.079292216889434,0.0009855697656086793
53.874,1.1264329030682962,6.080763093045339,0.001591969264680082
53.894,1.1333039603964679,6.082175927966925,0.001370608837949261
53.914,1.1396190828348147,6.083633383293067,0.0010633633625838357
53.934,1.1464132630534967,6.08502973031116,0.0014414077703553407
53.954,1.153419047216925,6.086449628883308,0.001664297621480848
53.974,1.1594889671951358,6.087566056517621,0.0008843964547143868
53.994,1.1662515613800406,6.089051334499564,0.0010692025791626814
54.014,1.173332991531732,6.090466261228951,0.0014065523041240924
54.034,1.179844847153491,6.091899090502367,0.0012576130811080277
54.054,1.1859474388719848,6.093259520142192,0.0009092543130691522
54.074,1.1930406405020935,6.0946348537509545,0.0015263972014877558
54.094,1.1997171369547177,6.095883270210181,0.0013123321526795906
54.114,1.2060060473864032,6.097235337375809,0.0009163441392844862
54.134,1.212902801954479,6.0985877399371295,0.0013770184013272846
54.154,1.2202671382666255,6.100001540760116,0.0013789090447985097
54.174,1.2266590224697795,6.101214805281998,0.0010874568147568597
54.194,1.2330755162996743,6.1025652421193035,0.00096222542499666
54.214,1.2403061696752442,6.103824354975367,0.0015959517456878292
54.234,1.246966343386335,6.104933310618386,0.0012641875475398467
54.254,1.253343884250148,6.106191042636295,0.0010194029899887047
54.274,1.2603333192978794,6.1073930084780175,0.0014212096602211344
54.294,1.2671766606220398,6.1085378963649966,0.001301730294824277
54.314,1.2737324548131326,6.109742405069579,0.0008560280960221711
54.334,1.280612750239015,6.1109463908450765,0.0012293670717773986
54.354,1.2877734620916708,6.112154402689497,0.0013672196990621999
54.374,1.294272848404884,6.113315670120976,0.0011266401922062075
54.394,1.3007148233216592,6.114542933199431,0.0010219206763865396
54.414,1.3078383071663358,6.115645854521508,0.00152689920846108
54.434,1.3143160674084968,6.116557942336912,0.0013168877242938914
54.454,1.320757085711385,6.117644202027146,0.0009157868125646285
54.474,1.327783253959446,6.118700848935752,0.0013743259024225074
54.494,1.3347620741129336,6.119796310836917,0.001294084137107604
54.514,1.3412244207613855,6.120858656071896,0.0009654945270998194
54.534,1.347870981585618,6.12202384290059,0.0010622689920488648
54.554,1.3551257955447307,6.123070119352217,0.001587802690852319
54.574,1.3614091490941582,6.123858246692149,0.0011416788929994592
54.594,1.3676555560609363,6.124875177879779,0.0008264550726020947
54.614,1.3749022670766364,6.125921707836786,0.001364182950103432
54.634,1.3818723136275914,6.127031738653007,0.0012676243390651876
54.654,1.3877955603422918,6.127929049463776,0.0008140077927494827
54.674,1.394815520575896,6.12887551858577,0.0012816565472277275
54.694,1.40179951314232,6.129876440846316,0.0013462553974666613
54.714,1.4083220681616628,6.130828953041935,0.0008804835958908797
54.734,1.4150047373724328,6.131857358060501,0.001068264821352194
54.754,1.4223333466037007,6.132858477487018,0.0013997727010056638
54.774,1.429074771528158,6.1338844611944685,0.00119883158436479
54.794,1.4355547700789626,6.134878001336581,0.0010141328803827676
54.814,1.44258710433056,6.135754253001526,0.0014984686612252718
54.834,1.4494515383571536,6.136554146518561,0.0014389499644004156
54.854,1.4558712991626466,6.137365474186963,0.0008919436240871492
54.874,1.462884938058374,6.138251091194943,0.001303375133183432
54.894,1.4697960087855377,6.139085654765831,0.0016144238206545203
54.914,1.4758933810144292,6.139708937699961,0.0009311057516709631
54.934,1.482732797881535,6.140701721465959,0.000867148211589619
54.954,1.4898545653220505,6.141533814013056,0.0014715113770306099
54.974,1.4967863340191216,6.142468944035316,0.0013134780699075865
54.994,1.5028907167781365,6.1432971544960795,0.001119740038674405
55.014,1.5098567601757986,6.144147240152058,0.0014016048984739349
55.034,1.5167283748128768,6.144940945977728,0.001465779897049102
55.054,1.5230991268194976,6.145680050002254,0.0008715325214944947
55.074,1.5300652534865402,6.146549266608772,0.001193709837367496
55.094,1.5371943184297356,6.14741032080598,0.001415924223474474
55.114,1.5440237249020294,6.148281643850089,0.0012402861298670964
55.134,1.550648655824535,6.149208724677686,0.001190701209158762
55.154,1.5577130848804612,6.149965362616934,0.001531996070912145
55.174,1.5644499028225884,6.150644598051567,0.0013881422457490966
55.194,1.570830510603386,6.151374365090885,0.0009637508458862909
55.214,1.5778535306539991,6.152147294088454,0.001416163216246824
55.234,1.5847740910426542,6.15287569309994,0.0014909362501882018
55.254,1.5910570526460956,6.153532289400019,0.0008452952654214307
55.274,1.5979597051602306,6.154317994507741,0.0011429263525206401
55.294,1.6052308729747782,6.155125247383689,0.0013459945701309595
55.314,1.6115646641335304,6.155818365469855,0.001110464260201366
55.334,1.618281167921697,6.156620283808419,0.000968046998031491
55.354,1.6254009766123645,6.157311588640531,0.0014700527027504406
55.374,1.632348744332836,6.158085850008391,0.0013866702987979374
55.394,1.638541064910127,6.158808023752477,0.0009991260699487026
55.414,1.64549113473855,6.15947135234313,0.0014066559846911963
55.434,1.6527459967766194,6.160186818408789,0.0015257167849962727
55.454,1.6591335358581052,6.160749217777649,0.0010946199428702452
55.474,1.6656945382882178,6.161526083776078,0.0009868636286689825
55.494,1.6730309174372369,6.162152317929629,0.0015203805030430118
55.514,1.6798655007299057,6.162761032878624,0.0012711303365446625
55.534,1.6863715145563727,6.163453869760045,0.001030586929010674
55.554,1.6934866998329206,6.164002034911842,0.0015383884787550373
55.574,1.700586904037657,6.164553171479185,0.0014630560858420738
55.594,1.707054767937686,6.1651304063323416,0.0010751203996181846
55.614,1.713841444337509,6.165700725519277,0.0012785636202452266
55.634,1.721124338874983,6.1662295562315625,0.0015947317525093485
55.654,1.7273273759952854,6.166554435694314,0.0009738082544706317
55.674,1.7342221292713116,6.167167736295133,0.0008750198766017958
55.694,1.7414460539107648,6.167609697627724,0.0014782113194444502
55.714,1.7478869831424981,6.16797291415363,0.0012274944192364745
55.734,1.7546346559614612,6.168526995653729,0.000978515169438754
55.754,1.7617273749202047,6.168990395896574,0.0014208096926739966
55.774,1.7686531277882105,6.169437158781968,0.0013791086303295286
55.794,1.7752512724770007,6.169952192405379,0.0009964643399252293
55.814,1.782055272898301,6.170455617420524,0.0011650705534657357
55.834,1.789378356975156,6.1709193200699355,0.0014120789628015995
55.854,1.796016593786734,6.171414788396382,0.0011896864201886015
55.874,1.8025971360074502,6.171955230461206,0.0011090597622813447
55.894,1.8097386888075704,6.172318921994755,0.001586831786698828
55.914,1.816713301550343,6.1726331883208205,0.0014791729843410817
55.934,1.8229007911808912,6.172935823988585,0.0009706366623184748
55.954,1.8299160665307788,6.173299116985621,0.0013635503963656814
55.974,1.837097838169592,6.173626730811209,0.0013523843010546932
55.994,1.8436831045983053,6.17396863839161,0.0009314878289600204
56.014,1.8503884134327255,6.174351196280441,0.0010880053103737852
56.034,1.8577733416709332,6.174667612943216,0.00152730274672358
56.054,1.8646378151843401,6.174905428401504,0.0012212975277935967
56.074,1.8712250912503352,6.175267550793414,0.0010850498947841403
56.094,1.8783266038554147,6.175483624446242,0.0014491738112150931
56.114,1.8849504828718495,6.175580909191875,0.0012780726938848297
56.134,1.8917593585378045,6.175899836254809,0.0008626815576895652
56.154,1.898868469821061,6.176081834238147,0.0012912141202008898
56.174,1.906012056820324,6.176319179802703,0.00124444422670561
56.194,1.9124410610370741,6.176532975052323,0.0009631159455071314
56.214,1.9189016455670522,6.176790900900429,0.0009870272606443964
56.234,1.9262213024590447,6.17695705021864,0.001438887171885006
56.254,1.9330570092604864,6.177148689932749,0.0012732548391236054
56.274,1.9395954661964583,6.177437591353707,0.001066422978888898
56.294,1.9466189336422248,6.1775490722154585,0.0014774801326055687
56.314,1.9538355451222191,6.177681962521583,0.0015051901109429666
56.334,1.9600082953497329,6.177708847885904,0.000889761637501485
56.354,1.9668609487286774,6.177856454442971,0.0012294496921873566
56.374,1.9742560687715272,6.177983170620246,0.001368997485359874
56.394,1.9809031334200193,6.1780693645346405,0.001114998721150784
56.414,1.987472786593895,6.178278178691294,0.0009802901824443044
56.434,1.9947249940520306,6.178308779001227,0.001564684219891116
56.454,2.0017310722702435,6.178280402038352,0.0013000101321008761
56.474,2.008236137894071,6.178368560939315,0.0010311205565566306
56.494,2.015199939518039,6.178365566688643,0.001371459953345422
56.514,2.022420200539307,6.178337123477696,0.0013507024281302626
56.534,2.0288509962211174,6.178314970680681,0.0008247707324292031
56.554,2.0356737687382864,6.178399501903797,0.0011445421150571289
56.574,2.0430263018026316,6.178367755635362,0.0013731496698223544
56.594,2.0498800508123014,6.178363874665144,0.0012177612625828282
56.614,2.0565039162902736,6.178432049852471,0.0010632501522218063
56.634,2.063658869961327,6.1783022691503575,0.0015043237103780638
56.654,2.0706720250805084,6.1781516569457855,0.0013370149442285817
56.674,2.0771359212853935,6.178140661816645,0.0010510392224667153
56.694,2.0840321086197005,6.177985836414504,0.0013344044943168487
56.714,2.0912349936336567,6.177830386520663,0.001482246488268557
56.734,2.0976150006924206,6.177677671953023,0.0009414529788626669
56.754,2.1042887398587102,6.1775990338101865,0.0010963080582865325
56.774,2.1116826333530545,6.17741072819961,0.0013932120914983415
56.794,2.1184674049449432,6.177329689404622,0.0012634462692866222
56.814,2.1250550222851463,6.177257800219934,0.001038928639912673
56.834,2.1321702029323353,6.1769905091745105,0.0015046284030850177
56.854,2.139121162921868,6.1767179528722025,0.0013831301437402799
56.874,2.145599398641403,6.176581711967371,0.0009220728331857664
56.894,2.152593403510385,6.176303679720935,0.0014041833744919408
56.914,2.160066908439476,6.175985413340215,0.0015300564331569566
56.934,2.1665068776866163,6.17569589623236,0.001113701597618727
56.954,2.173020238712008,6.175526705268572,0.0009560663145923853
56.974,2.180396592861232,6.175137454268826,0.0015454658319217218
56.994,2.1873606519406383,6.174795483419028,0.0013679300936466354
57.014,2.1937114856465483,6.174573104367346,0.0012234632408477664
57.034,2.2001374764872144,6.174206544477087,0.0014383372637411795
57.054,2.2066493933206828,6.173823831178881,0.0014138277535258592
57.074,2.2125821962451777,6.1734696772777635,0.001221618141273556
57.094,2.2184716279066334,6.173212201023917,0.0011986598665801873
57.114,2.2242590338591013,6.1727253695197755,0.0014344261251891532
57.134,2.2293732785204554,6.172276119990232,0.0014061980578459199
57.154,2.2341857438136543,6.1719218030113945,0.0010020712171172619
57.174,2.2387453738885714,6.1716102222231495,0.0012140627242641366
57.194,2.2427779003065433,6.171259580040638,0.001250634801280015
57.214,2.246287479520717,6.170891483620217,0.001144878954936257
57.234,2.2494763896714196,6.1705345320317395,0.0008958451218892827
57.254,2.2524112979003093,6.170213203808841,0.0008319178519680948
57.274,2.2551261191100855,6.169982152901024,0.0009016106158741266
57.294,2.257601546237428,6.169718200423084,0.001136152998096801
57.314,2.2599632732225143,6.169451875253158,0.0012669854952017112
57.334,2.262183705592727,6.169156039661175,0.0013055077023364225
57.354,2.2643766759022164,6.168816821310139,0.0012585123103276419
57.374,2.266535359390331,6.168436531063929,0.001127548389494748
57.394,2.268539708981638,6.168072330082173,0.0010212047460986529
57.414,2.270585086044635,6.1677715697946365,0.0011939745506195087
57.434,2.2726300062792157,6.167382952263967,0.0013322200689623864
57.454,2.2747908711765636,6.1669384707472075,0.001390925823775535
57.474,2.276956657107472,6.1664490853222915,0.0013647202455270846
57.494,2.2791074464310377,6.1659138150186035,0.0012507399408102915
57.514,2.281080995168962,6.1653749456897655,0.0010699629438062908
57.534,2.283103957373905,6.164912320103484,0.0011859008320887487
57.554,2.2850221654347402,6.164378989273463,0.0013344164666849456
57.574,2.287144788719311,6.163784116266483,0.001418362548038149
57.594,2.2892576653785017,6.163142920970322,0.0014103494689976792
57.614,2.291370536126339,6.162458499252573,0.001315078616624138
57.634,2.2933558925774418,6.161763194289592,0.0011449185337520096
57.654,2.2953193789325286,6.161145270171426,0.001120154355038927
57.674,2.29721954630013,6.160501003468796,0.0012844505222296687
57.694,2.2992906913478235,6.159761958656438,0.0013786685573776436
57.714,2.301355272131953,6.158976345108608,0.0013909314486651447
57.734,2.303419490826675,6.158145087471455,0.001316159336808287
57.754,2.3054631417484073,6.157272479619557,0.0011512481636407612
57.774,2.3073424511003027,6.156450367384983,0.0010083887650160495
57.794,2.3093187736997414,6.155674686790374,0.001163830019555001
57.814,2.311311710192897,6.154805451750967,0.0012726971996306624
57.834,2.313321280499225,6.153874432637819,0.001308833429587819
57.854,2.3153233539420057,6.152902668372668,0.0012529574775126673
57.874,2.3173029481232597,6.1518895033538525,0.001106418080620175
57.894,2.319241605886749,6.150844843575885,0.0008706316328741248
57.914,2.32115632862468,6.149941800492341,0.000982717228626806
57.934,2.3230342190242954,6.148968437084619,0.001116787684030951
57.954,2.32496911630185,6.147900433156958,0.0011624091513025847
57.974,2.3268996097906642,6.146806041426945,0.001125893802945338
57.994,2.328802745601079,6.145660183240045,0.0009979146460737942
58.014,2.330679325775663,6.144476161403778,0.0007766593323642323
58.034,2.3326116708940394,6.14335391658939,0.0007369428233682251
58.054,2.3345028584153553,6.142184482333542,0.0008879376344539114
58.074,2.336342215725991,6.141083536331746,0.0010086702009152737
58.094,2.3382422484516914,6.139976364834201,0.0010467520055859603
58.114,2.340119354143163,6.1388408794527765,0.0010042163739310828
58.134,2.341970262546595,6.137650048904044,0.0008785465895019273
58.154,2.3437899914694995,6.136471965496247,0.0007491435500393828
58.174,2.3456582735311517,6.135309968027052,0.0009680696876644412
58.194,2.3473939560005292,6.134133049414647,0.001108771198018138
58.214,2.3492232984271646,6.13287692160712,0.0011699045664721464
58.234,2.3510256686457542,6.131582162874606,0.001148190784299119
58.254,2.35279895648,6.130251445271837,0.001040624548371255
58.274,2.3544748319427047,6.128944928622933,0.000859290592536005
58.294,2.3561654436819954,6.127746003881566,0.0009953668048602315
58.314,2.3578102347367205,6.12645602888838,0.0011515849690349467
58.334,2.359532553009567,6.125089528945037,0.0012378058296176608
58.354,2.361228922967218,6.123700324257231,0.0012350130670207016
58.374,2.362902397190031,6.122292541417999,0.0011489475178503017
58.394,2.364414514531578,6.120904505414815,0.0009913282179931093
58.414,2.365982727395272,6.119570704607043,0.0009759009097484728
58.434,2.367474643758589,6.1182309485551025,0.001146445994293921
58.454,2.369030837276345,6.11679383135635,0.001244212233827563
58.474,2.370627985103807,6.115270364709927,0.001265846160794809
58.494,2.3721733309701283,6.113733684701356,0.001197989826266177
58.514,2.3735819405124015,6.112261396787462,0.0010608399285411407
58.534,2.3749867302444025,6.1107777040483064,0.0009328950950193149
58.554,2.3764606508428203,6.109337022184611,0.0010904677512783012
58.574,2.377808269383173,6.1078739251307,0.0012003019579218954
58.594,2.379239303840763,6.106293421132436,0.0012393056429950144
58.614,2.3805520716053334,6.10478558080585,0.0011964806927123317
58.634,2.3815172010778247,6.103605265890783,0.001108875354476041
58.654,2.382185551898102,6.102705332263238,0.0009860697012207542
58.674,2.3825617991210377,6.1020969522500215,0.0008523109427733822
58.694,2.3827913618387853,6.10185646067545,0.0009518373386400436
58.714,2.3827194313417683,6.101941580602532,0.0010106801431251922
58.734,2.382402591198394,6.102328439454969,0.0010215886875726554
58.754,2.3818520092898554,6.10303622470863,0.0009722016487551111
58.774,2.3811495261671545,6.103967477455737,0.000870081644458065
58.794,2.3801959442171294,6.105154140798173,0.0008027913209360804
58.814,2.3790318741523024,6.106593695498037,0.0009626239627206767
58.834,2.3776419878191546,6.108383426288116,0.0011055855478824539
58.854,2.376135622372397,6.110408131615032,0.0011030178825538195
58.874,2.3746159097709634,6.112615435231455,0.001001006459886461
58.894,2.3731173495071016,6.114935938434533,0.0007474237586802546
58.914,2.371514619742783,6.1170276096360094,0.0009414837627254868
58.934,2.3701625512050417,6.1190787977850025,0.0011204461814100786
58.954,2.3688957375008606,6.121008435133032,0.0011403797157674977
58.974,2.368068867625858,6.122443137624503,0.0010846722257963348
58.994,2.367570342970711,6.1233935429662445,0.0009688757658829761
59.014,2.367239164756238,6.123883271743139,0.0009556632244025476
59.034,2.3670125619191773,6.123989219650094,0.0011253613304864352
59.054,2.3669576537665855,6.123783566203876,0.0011963747555137905
59.074,2.366971831785967,6.123391391111358,0.0011829110472970639
59.094,2.3671401610959144,6.122628736093352,0.0010664924513041907
59.114,2.3675075282651887,6.121542523123402,0.0010115114060414987
59.134,2.368056421751542,6.1201339402948465,0.0011761925262197825
59.154,2.3686822037825186,6.118345257400615,0.001272836634325869
59.174,2.3694184466425416,6.116141583402441,0.0012516922205756398
59.194,2.3702250349989984,6.113512113348096,0.0010633970852495234
59.214,2.3712329422602125,6.110502225695532,0.0010999854935492825
59.234,2.372168386582814,6.10726810004333,0.0012391554900889334
59.254,2.373162074041193,6.103531149677884,0.0011891153517454012
59.274,2.3741076732859083,6.099520385149443,0.0008705315317384943
59.294,2.3752866001228536,6.095367110070078,0.0009590443980008745
59.314,2.3762396268856145,6.090822115497266,0.0009943309557791102
59.334,2.37717948710273,6.086258135635857,0.000867676144811147
59.354,2.378275023795829,6.081482883726413,0.0008465116917404092
59.374,2.379415682948104,6.076415474481411,0.0011527171624790278
59.394,2.3803348325933036,6.071487760217314,0.0011949126864805593
59.414,2.3813435034977095,6.066012516068547,0.0008499197671139047
59.434,2.382521975296995,6.060130842626859,0.0007488021695130631
59.454,2.3836244872007057,6.053754014827569,0.0012088486688269229
59.474,2.3847536007970196,6.047586648461318,0.0011548046533035317
59.494,2.385811600437321,6.041749993196515,0.0008777941784764431
59.514,2.386926628119206,6.03522400168813,0.0009535796318783929
59.534,2.388065008027096,6.028092761168031,0.00145246930420867
59.554,2.3889006110294773,6.021886498818703,0.0008842334344818237
59.574,2.390158979450534,6.014933095326711,0.001030926835039192
59.594,2.3912303025692667,6.007875658680293,0.0012737221812146038
59.614,2.3922592924957,6.001227848712502,0.001105886490438135
59.634,2.3933861548985775,5.9948070549643075,0.000991965351479357
59.654,2.3944564776472883,5.9880258615939725,0.0012481259314339188
59.674,2.395581863602769,5.980996433670196,0.0015811335864622245
59.694,2.3963495901178256,5.975007076471466,0.0009038315520999152
59.714,2.3974829818002377,5.96860404046407,0.0008679319464134361
59.734,2.3985262831353102,5.961423378996461,0.0014480886563696393
59.754,2.3994834590027834,5.954691243212568,0.0011701153168623968
59.774,2.4005013041783214,5.948404192559016,0.0012143723986169086
59.794,2.401507037147888,5.941528798672879,0.001295602358606901
59.814,2.402415750014623,5.934815488119872,0.0014661208763673272
59.834,2.403457995930776,5.928234165386706,0.0009318547131072497
59.854,2.4046484640202874,5.920967606803028,0.0010216510219689945
59.874,2.40565677220857,5.914069490251135,0.001291258795108774
59.894,2.4067406446660846,5.907516908953666,0.0009339592486099502
59.914,2.4079017379147847,5.900799003701368,0.000998111910044619
59.934,2.408889813233331,5.893970565862877,0.0015893741014385288
59.954,2.4098828645849286,5.887297834545661,0.0013412007902159628
59.974,2.4108535435765748,5.881134811434392,0.0013093294895651364
59.994,2.4118980989578334,5.874241097976157,0.0013457216509504821
60.014,2.412910628394452,5.867275988887795,0.0016518389522852395
60.034,2.413697495107875,5.861212910144169,0.0009899551792688366
60.054,2.4149005287457435,5.854181963838514,0.001012878726694394
60.074,2.4158907831464007,5.8471382778857,0.0015436629644301203
60.094,2.4168910468721196,5.84046156427498,0.0011678724507741822
60.114,2.4180820058642336,5.833700620038014,0.0013876799986517474
60.134,2.4190832933829625,5.8269729755982835,0.0014942637512990464
60.154,2.420053246454791,5.820205821521985,0.0012922458004971937
60.174,2.421199436753164,5.8134402614698555,0.0010742057991626475
60.194,2.422230015144814,5.806379361717171,0.0014091656383891094
60.214,2.4232081356239,5.799733686360155,0.0013755317911245957
60.234,2.424424808594456,5.792763647970843,0.0011161534711325027
60.254,2.4255795315999884,5.785659650246184,0.0011762895473879653
60.274,2.426628150071171,5.778651316054974,0.001568294457846231
60.294,2.427631258491052,5.772120729682073,0.0012770277904091687
60.314,2.4288126046856546,5.76546759253137,0.0012578801539951112
60.334,2.429850273237674,5.758389898611855,0.001632011195541655
60.354,2.430729632580045,5.7518559501054956,0.0014907883195549865
60.374,2.4318697904654116,5.745080046815848,0.0013065216222957199
60.394,2.432963541349458,5.737878008426404,0.0013822596600942538
60.414,2.4340320933885495,5.730949704669816,0.0015063430041730164
60.434,2.435042912681802,5.724569910288739,0.0012508488873221868
60.454,2.436223252090168,5.717836102421057,0.0012224547617702697
60.474,2.437207581740202,5.710699358694901,0.0017790611472197349
60.494,2.438018595706599,5.704392531674873,0.0014803717655080262
60.514,2.4391484948426894,5.6975463513167,0.0013361344349824555
60.534,2.4402361695199137,5.690359423136469,0.0015390525422413481
60.554,2.441315235946159,5.683471359000691,0.0014470779231653685
60.574,2.4423926471496675,5.677052715328436,0.0013843964664037034
60.594,2.443534726076044,5.670287378615466,0.0011972995038742884
60.614,2.4445089409327325,5.663411735655941,0.001798655809872901
60.634,2.4453350039733692,5.657367427457136,0.0012463559374010502
60.654,2.4463788419525874,5.651107170143126,0.0012773563867157778
60.674,2.447310491013457,5.64490496237869,0.001456196530018744
60.694,2.4481438543834773,5.63930673312532,0.0013105863187647948
60.714,2.4490795981610485,5.634026823608969,0.001334984340776696
60.734,2.4499826581617867,5.6284430787688144,0.0013481009006166278
60.754,2.4506377547133957,5.623234264975248,0.0009976095527861606
60.774,2.451370219963206,5.617769791418039,0.0010468117769355523
60.794,2.452222361658162,5.612290264500655,0.0014306739126143664
60.814,2.4529440289851148,5.606849528240228,0.001418345256700121
60.834,2.4535031536859524,5.601345616308009,0.0011667962635263096
60.854,2.4542190198262546,5.595390644241988,0.0007509183713580725
60.874,2.455046323759521,5.588804194894612,0.0012242995009557611
60.894,2.455859657951889,5.582053967593073,0.0012655257359197591
60.914,2.4564478365884117,5.575946193715683,0.0008692765998627727
60.934,2.45719607593778,5.569385070791184,0.0011586343451585324
60.954,2.458043971020967,5.562102863870474,0.0012918612623587233
60.974,2.458744866144076,5.555750500398028,0.0009990448585589506
60.994,2.459594755726567,5.548876333880039,0.0007936307956460109
61.014,2.4603801162256826,5.541819556058861,0.0012103325426252864
61.034,2.4612047483109025,5.534763818199118,0.001123149476602442
61.054,2.461803051494305,5.528551887235478,0.0006360856593601583
61.074,2.46254903014643,5.521641812059602,0.0011074530516966274
61.094,2.4633797693518447,5.514580856244545,0.0012002661586010266
61.114,2.463929231424565,5.508466067978448,0.0007977770250852667
61.134,2.4647107806990753,5.50166775869706,0.0009580633507238479
61.154,2.4655519309286094,5.494599573675833,0.00118676202290105
61.174,2.4662588677274573,5.487871753588527,0.0010696079374924172
61.194,2.4668947822187124,5.481692903941418,0.0006449613138441723
61.214,2.467687287288911,5.474519538013179,0.0011358249469050896
61.234,2.468490468082239,5.467472191444964,0.0011010772069295627
61.254,2.4690641928298356,5.461251184551978,0.0005827469272716157
61.274,2.469792199815236,5.454504250471503,0.0010777350653823348
61.294,2.4706140997158292,5.447423747477966,0.0011722132686960984
61.314,2.47124251041191,5.440927746348815,0.0009203826230676226
61.334,2.4718925133172984,5.434532044571073,0.0009047500837295885
61.354,2.472677913999823,5.427336907574099,0.001203636311594758
61.374,2.473440729918541,5.420405140422784,0.001102323087973367
61.394,2.4740300685435845,5.414400166766666,0.00054496127837661
61.414,2.474750932430412,5.407183970916474,0.0011408039987833574
61.434,2.475552819034562,5.400150808750513,0.0011754478811702163
61.454,2.4760866660900396,5.394085311276354,0.0006578188097243198
61.474,2.476791889105737,5.387165338377926,0.001052490308274201
61.494,2.4775744352324187,5.380095643186294,0.0012369338401260477
61.514,2.4782835450398215,5.373247743560528,0.0010624065009619543
61.534,2.4788145110788453,5.367185847363646,0.0008680490304995847
61.554,2.4795537044960896,5.360044803062852,0.0012618891242107133
61.574,2.480305403185946,5.353033926385333,0.0011927373877058112
61.594,2.480855849545708,5.347056695590967,0.0006145368192382317
61.614,2.481530446476449,5.339884237045929,0.001231847414319337
61.634,2.482305637763693,5.332804854269374,0.0012964505645920443
61.654,2.482812233913992,5.326469477322415,0.000915221122700205
61.674,2.48349456238343,5.319674486738165,0.0011551015685399568
61.694,2.4842695457365878,5.31246422613172,0.001343355566226695
61.714,2.484981582152183,5.305404340509,0.0011142736688608545
61.734,2.4855140564597002,5.299272756225591,0.0008378232067620672
61.754,2.486131627693458,5.292090920435467,0.0013756725343678222
61.774,2.486862527242111,5.285276162277652,0.001382069879928588
61.794,2.4874827769472234,5.278870633359174,0.0006826365893808639
61.814,2.4881869648511894,5.271787073604336,0.0012555791511038306
61.834,2.488926810497924,5.264696481144672,0.0014003788745264312
61.854,2.489561974608018,5.257908373206995,0.0011613902350175176
61.874,2.4900866303562776,5.2515629402156305,0.0011711690131731844
61.894,2.4907815047913573,5.244353548613904,0.001457161204944768
61.914,2.491391137981478,5.237913682722673,0.0012494570798531057
61.934,2.492150946771754,5.231101578692129,0.0008311583996218896
61.954,2.492824234881808,5.224017559591954,0.001387117003515459
61.974,2.493543226958717,5.216943457310619,0.0013865196375091315
61.994,2.4941689655575505,5.2102585259886105,0.0009967070680501067
62.014,2.4947750550956926,5.203588313667813,0.0013562163668004168
62.034,2.4955003822291104,5.196471491986747,0.0014732349078071527
62.054,2.4959969760818477,5.19004315187374,0.0012051345019561677
62.074,2.496636985676693,5.1834974155297555,0.0011257079038705098
62.094,2.497370712421516,5.176325592397722,0.0014466904216574872
62.114,2.498046569605505,5.169420530826094,0.0013352046012766738
62.134,2.4985163238261228,5.163633721435751,0.0007992085669813742
62.154,2.499109219483851,5.157306314072265,0.00141197918341196
62.174,2.499740398220834,5.151087886646137,0.0014482968088309067
62.194,2.50023339872986,5.145181351471961,0.0012314010649152884
62.214,2.5006150368169315,5.140135363460836,0.0010925527671217794
62.234,2.5010348887975002,5.134458736673065,0.0013473532245864284
62.254,2.50136402108377,5.129051538899767,0.001441623515370638
62.274,2.5016578820356608,5.123732716323799,0.0011398689526315176
62.294,2.502125005210296,5.118087731502596,0.0012702123670558507
62.314,2.5023420386010105,5.1124256186807004,0.0012468770124591244
62.334,2.5024736651972774,5.106813528849848,0.0011674128825284735
62.354,2.502807728502509,5.100710336762136,0.001281130963918936
62.374,2.5031262688062452,5.094514822918712,0.0015244003084985414
62.394,2.503225279574934,5.088635938394529,0.0011140644724816073
62.414,2.5033996197682815,5.081729100082901,0.001053024188933993
62.434,2.5037522777272003,5.074614301796728,0.0014706074335205377
62.454,2.5039447137442035,5.067661342688145,0.0013856194074281791
62.474,2.503935713792561,5.061526770036533,0.0009457481749061136
62.494,2.504216742643902,5.054551094160944,0.0012981043239539414
62.514,2.5044942143907893,5.047257195864012,0.0013271466365311624
62.534,2.5046989350736957,5.041033755207823,0.0008890343573718651
62.554,2.5049693455147675,5.0343469839770405,0.0010502526157362968
62.574,2.505347005043335,5.026976067212279,0.001328872586395885
62.594,2.505575097368111,5.020248720696437,0.0011418282734656782
62.614,2.5057966874987407,5.01383270446446,0.0009467217945940409
62.634,2.506218060609113,5.00673645803119,0.00133008779322899
62.654,2.5065269847685645,4.999643323970811,0.0012792001581237722
62.674,2.5066100815820658,4.99374705525573,0.0007750898770769732
62.694,2.5070096017134267,4.98685906320599,0.0011758838437100905
62.714,2.507401546612915,4.979539123620679,0.0012324946655064561
62.734,2.5076782689726302,4.97333324369228,0.000859067243326822
62.754,2.507912770082467,4.96652763103256,0.0008164391128136772
62.774,2.5084201620167446,4.959347303678157,0.0013442990576325586
62.794,2.5087697869718384,4.952600893496592,0.0011340434669218913
62.814,2.5091049380176775,4.946106477694863,0.0007856337852990836
62.834,2.5096402105701276,4.939015033211668,0.0013147570481634174
62.854,2.510102873682457,4.931686824842601,0.0011751402359687912
62.874,2.5103620239123807,4.92565320216413,0.0006349944630379967
62.894,2.51079044777591,4.918854248054291,0.0010563578572424792
62.914,2.5113374475523744,4.91149485052628,0.0011945671954287918
62.934,2.511666802193351,4.905149784079573,0.0009026369268203549
62.954,2.5120882644857554,4.898388112862904,0.0007777150740538585
62.974,2.512734757226021,4.891212396653625,0.0013058543248232468
62.994,2.5132241272346496,4.884174072065123,0.0011878452039781884
63.014,2.5135128013228,4.878036690302246,0.0008012417954857132
63.034,2.514126123619914,4.87099687068678,0.0012069810649568413
63.054,2.5146795505402304,4.863996416183303,0.001270855659233433
63.074,2.5152033634584536,4.85744992405713,0.000873476616840535
63.094,2.515667844018477,4.850826788533493,0.0009823435710968886
63.114,2.5163616244763043,4.843583166924182,0.0013155181673699667
63.134,2.516844447969407,4.83708700212028,0.001084881660889131
63.154,2.517294873466992,4.831215195363773,0.0007933479051282499
63.174,2.5178905780427168,4.825017236273139,0.001125588375573111
63.194,2.5183700496913013,4.81905614988589,0.0012629521820527179
63.214,2.518708227137392,4.813627429666977,0.0011225169330282836
63.234,2.519055499281923,4.808256297777044,0.0006544879821614447
63.254,2.5194792451912957,4.802532842994774,0.0010837463645617385
63.274,2.5198739471823677,4.796807758575846,0.001265060202739976
63.294,2.5200613521518807,4.791656343997994,0.0011016410643082675
63.314,2.5204077527529876,4.785987525084626,0.0010948712912291214
63.334,2.520586746821854,4.780035831493339,0.001016403296655033
63.354,2.520747245871714,4.773815651667208,0.0012463181194010409
63.374,2.520955486463875,4.767656963852811,0.0010507982536417937
63.394,2.5212862906692655,4.760950172063626,0.0012143757822564438
63.414,2.5212362145312484,4.754464681565805,0.0011691576281765426
63.434,2.5214217984380034,4.747586721747276,0.0011429544552483961
63.454,2.521734462304392,4.740886284001027,0.0014558235498242367
63.474,2.521960353063324,4.734090266053857,0.0011681525077464616
63.494,2.5220832475919357,4.727182854006624,0.0014398345435518434
63.514,2.5223538864226533,4.720827344644895,0.0012422271723422362
63.534,2.5226503053243516,4.713938611263136,0.001224309171013238
63.554,2.522622406112284,4.707175569764635,0.001344941885219858
63.574,2.522813650812345,4.700337615080382,0.0010941586206602016
63.594,2.5232241187138746,4.693358010509283,0.0016289608988938331
63.614,2.5234074272729186,4.686994568303216,0.0011901262090252274
63.634,2.5234480170443825,4.68059983119448,0.0013033757740777974
63.654,2.5237971507948482,4.67353049758021,0.001542722826165549
63.674,2.524127941670103,4.666539579894562,0.0015705149588646772
63.694,2.5242907755771875,4.660393312493904,0.0014492460248045902
63.714,2.5246227057031136,4.653546822972538,0.001278220800911417
63.734,2.5250338694643113,4.646330734402305,0.0017103083603718927
63.754,2.5253983633668895,4.64007975334233,0.0012369018482064342
63.774,2.525634614348313,4.633097342191361,0.0012898467983913087
63.794,2.526107420967876,4.625958974113216,0.0015025763405932258
63.814,2.5263838213536904,4.619553086855487,0.0011912833464454986
63.834,2.5266027140898824,4.612553504720024,0.001432726475168733
63.854,2.527060126929966,4.605423219738527,0.0014365954044952278
63.874,2.527355857272889,4.598760061861218,0.001517471378232299
63.894,2.5276084074475498,4.591938873767581,0.0013661903889076454
63.914,2.527930032270904,4.584642041701328,0.0011158425092968327
63.934,2.52838982242365,4.577694780151517,0.0015298929842034459
63.954,2.528584200873594,4.571376649664435,0.0011985637963359552
63.974,2.5288546063942228,4.564234289755472,0.0013055777081503184
63.994,2.52925900800006,4.557243513878369,0.0016796572140717336
64.014,2.5296082646934215,4.550362035502693,0.0014868810551387779
64.034,2.529653620460529,4.54409058942028,0.0013889770355345887
64.054,2.5300470199606675,4.537194722551603,0.0013141204873086676
64.074,2.5304055014857547,4.530267510876358,0.0016107945272704205
64.094,2.5307093846425213,4.523463818604336,0.0011664872349709532
64.114,2.5309988119457967,4.516232086764171,0.0011408806754033274
64.134,2.5314638568856895,4.509141984100964,0.001416434448509113
64.154,2.5316810679042776,4.5025157921710175,0.001182080794384005
64.174,2.531953490898564,4.495723677637841,0.0013971515173440696
64.194,2.532385191054174,4.489166310258029,0.0014595237529648752
64.214,2.5327424445573308,4.482391308900902,0.0013857481480357148
64.234,2.532925775468793,4.475847865342131,0.0013123477037239872
64.254,2.5332635189579116,4.4688251513998365,0.0011835859239728297
64.274,2.5336987721612285,4.461828035269652,0.0014972149381717592
64.294,2.533845489148168,4.455650967816128,0.0010738055284479076
64.314,2.5341377707706862,4.448948632542218,0.0009512941396415953
64.334,2.5346497019090037,4.441673189300815,0.0013423194190718413
64.354,2.535000428714801,4.435438210119435,0.0009160422969287929
64.374,2.535314712035859,4.428900963685445,0.0009786145815411373
64.394,2.5358779792240345,4.4216427585083125,0.0011990554888729466
64.414,2.536235713361826,4.415098494464691,0.001006569022842796
64.434,2.5364972806170085,4.408557689405219,0.0010256164844842097
64.454,2.5369201055394184,4.402299693759969,0.0009420300129941162
64.474,2.5373513672390104,4.396100648658329,0.0011519046706026104
64.494,2.5376113943179694,4.390438882632598,0.0009983644050697016
64.514,2.5378176935969345,4.384739699911661,0.0008737197033970856
64.534,2.538214998138068,4.379155024982885,0.0010982404666744772
64.554,2.538433167030305,4.3737246142082435,0.001264963585227069
64.574,2.5386222892819363,4.3683025258828865,0.0011254419000172045
64.594,2.5387524869086824,4.36271916844608,0.0006382133810742818
64.614,2.538967634120594,4.356929352962099,0.0009332018639195139
64.634,2.539139410076171,4.350745408242541,0.001193262655909355
64.654,2.5391034010172024,4.345074444931033,0.0010938722151862534
64.674,2.539204295446002,4.3389610857483465,0.000984175532693643
64.694,2.5392274075400647,4.332254961873387,0.0011754893152845225
64.714,2.5391878108315438,4.325410919248358,0.0014641092150141644
64.734,2.539124253326417,4.319235913106136,0.0008903853806799256
64.754,2.5392503216642592,4.312327993034585,0.00094556487497921
64.774,2.539151672392203,4.305144819884022,0.0015434265665507096
64.794,2.539058546957849,4.298670634267469,0.0013383529182628973
64.814,2.539096864768382,4.2923757588270535,0.0011536507382197136
64.834,2.5390520461365704,4.285315326067089,0.0013182736932664807
64.854,2.539009088869827,4.2782769520441,0.0014562704406863858
64.874,2.5390088394800596,4.272408533986288,0.0009999343173283382
64.894,2.5389525481587305,4.2656350218847,0.0011563494531880159
64.914,2.5388876050003755,4.258251515860396,0.0015764032330286282
64.934,2.538623532590073,4.252010837564074,0.00112629644427234
64.954,2.538644725653308,4.24569915206308,0.0011429768192247614
64.974,2.5384907533903234,4.238559974068814,0.0015164154491815185
64.994,2.53828207005294,4.231457475814455,0.0013923983445519594
65.014,2.5381748035464633,4.225132678827361,0.0013064239254400312
65.034,2.5380139412895493,4.218333562294223,0.001297167425356932
65.054,2.5377618526599255,4.211333908745124,0.0016054596650968422
65.074,2.537578300659167,4.204717283892248,0.0009587531460557019
65.094,2.5375586608734406,4.197498661984651,0.0010931915717365681
65.114,2.537298299156629,4.190403147883434,0.0015107831967569318
65.134,2.537210706451915,4.183466741227234,0.0011713300319688702
65.154,2.5372598771584167,4.17682426735419,0.0013265625116035962
65.174,2.5370370267294073,4.170058085516372,0.0014988958510529504
65.194,2.5368696000194992,4.163193013624699,0.0014194631183063189
65.214,2.5369074564445757,4.156852364694914,0.0011826560931128827
65.234,2.5366913944884635,4.149812704186863,0.001364620691773566
65.254,2.536454299271947,4.142536277934385,0.0016812391715042008
65.274,2.5361896549054146,4.136602984173852,0.0010477913535331118
65.294,2.5360786684069314,4.130131011131815,0.0009687953318835707
65.314,2.5357392474572795,4.122717468468026,0.0016577216224535618
65.334,2.5353766606956687,4.115901683470933,0.0013017287976013203
65.354,2.5351930346087546,4.1095487148208045,0.001332988892874365
65.374,2.534799150395712,4.102635063251411,0.0015493237558878714
65.394,2.534418500662917,4.095676375669002,0.0017709071700338086
65.414,2.5340983660372918,4.089386905376287,0.001120290416665476
65.434,2.5338570335359267,4.082336166445567,0.0011183615094129684
65.454,2.5334016912952233,4.075176962044971,0.0014358890946363223
65.474,2.5331920762481666,4.068312552505035,0.0010777271776546138
65.494,2.5329824969510066,4.061660461635369,0.0010848997732518517
65.514,2.5324920246189397,4.054685150327251,0.0015279966875595963
65.534,2.5322009275890225,4.047938746150853,0.0011903344482453448
65.554,2.531970239401672,4.041303476515305,0.0011148656961516845
65.574,2.531453798408436,4.034239621066142,0.001365363150878346
65.594,2.5311254429121495,4.02753361661508,0.0012823239761595717
65.614,2.5308713040756468,4.0207277030137725,0.001168387715242497
65.634,2.530475771242909,4.01369171128444,0.0011108447483015593
65.654,2.5300218442088975,4.006678941285573,0.001641669746730967
65.674,2.529723248896614,4.000300638360694,0.0011737269557526298
65.694,2.529437994926901,3.9932901939005516,0.0012734269171968682
65.714,2.5289524025873655,3.986157653537846,0.0014880507059661097
65.734,2.5285453052530276,3.9791782933938635,0.001342809843908055
65.754,2.5283773165898014,3.9728817535955185,0.0013833704466741925
65.774,2.5279834020526675,3.966267863153617,0.0012354034053010388
65.794,2.527474660032552,3.959155809613003,0.0016263477626572709
65.814,2.527154061744408,3.952810612357475,0.0010808864663267859
65.834,2.5268461089224576,3.9458836901191883,0.0011008181511809045
65.854,2.5263284269016646,3.9387547498426847,0.0013889320385561954
65.874,2.5260074490389375,3.9318077875732222,0.0011313046526764958
65.894,2.525788192717597,3.92522005614952,0.0012820572370220162
65.914,2.5252866990943255,3.918655308925123,0.0013849737949773733
65.934,2.524815713114067,3.911690614745872,0.00132721415132106
65.954,2.5246302465150317,3.905493522492776,0.0011667723270289698
65.974,2.524153158835084,3.89872949435972,0.0011651975241968315
65.994,2.52361007309166,3.8914300476061214,0.00152706544307335
66.014,2.5231988195001467,3.8853281064491245,0.0009356370388728108
66.034,2.522840724800678,3.8785990071861036,0.0010552505970723158
66.054,2.52223222958094,3.871462566951668,0.001478115913478073
66.074,2.5217834989837224,3.8647532807157816,0.001276159133805077
66.094,2.5214696935320107,3.8586618830538795,0.0010615247213609513
66.114,2.520857535529729,3.851727845497624,0.0013752059090891278
66.134,2.5202416469855558,3.8445180480959964,0.0014747268219952592
66.154,2.519830830841187,3.838503667614958,0.0010735069982654444
66.174,2.5192589394330676,3.8319802861713077,0.0010635140618680539
66.194,2.518526867136169,3.824544685440657,0.0015085978864761984
66.214,2.5179654744974536,3.8183416222584095,0.001023543523708037
66.234,2.517432930385175,3.8117476396389245,0.0011837193348573083
66.254,2.5166465637996254,3.8047189997262216,0.0013863960306746137
66.274,2.515961679547694,3.797751350127107,0.001299267999196635
66.294,2.515541693555712,3.791613121384503,0.0010989753914195655
66.314,2.5147883856257627,3.7848016031768275,0.0012762773347599898
66.334,2.5140659134975754,3.777835110178568,0.0014878282189567937
66.354,2.513382620709866,3.7713225650941125,0.0009711215530897044
66.374,2.512684938490039,3.7643014630814777,0.0010361103987888143
66.394,2.511820988979381,3.7572191023050974,0.0013938543757817667
66.414,2.5111374627925223,3.7505552489172196,0.001007495911081624
66.434,2.510510981305465,3.743921976100004,0.0012103877259302398
66.454,2.5096663092589746,3.7370871807847137,0.0015047656252804575
66.474,2.508888664909669,3.730051974468297,0.0015256213054941348
66.494,2.508170875560416,3.72328094178648,0.0010604633833574129
66.514,2.5073288427264826,3.7161309840753978,0.0011835410540467772
66.534,2.5064704309618797,3.709124681640641,0.001231476801575676
66.554,2.505773169253273,3.702165487493999,0.0010237348630471876
66.574,2.5051099115467323,3.6954663372776673,0.0011725261933666908
66.594,2.5043128846996647,3.688764764636087,0.0013388177427053893
66.614,2.503593106008526,3.6821082954888107,0.0010398373995385013
66.634,2.502899884350407,3.6754759678002626,0.000960570629923746
66.654,2.5019044309752596,3.6682214071944244,0.0013134944216698918
66.674,2.501110332017175,3.6613312977317536,0.001269025948697794
66.694,2.500368563720604,3.654919128164346,0.0010293186004775856
66.714,2.499379075492168,3.6478883343925537,0.001249709214798611
66.734,2.498493889536073,3.6409582966610445,0.0014383755546590327
66.754,2.4977613305745665,3.6345055232960983,0.0010028775704533366
66.774,2.4969462793108343,3.627831912057313,0.000977058440287365
66.794,2.4958542047529284,3.620603514498415,0.001618970613513876
66.814,2.4950153626780867,3.614021253488686,0.0013424149339902325
66.834,2.4943732772159977,3.607977602235346,0.0011633693118691668
66.854,2.4933221975569886,3.601077753998077,0.001547876444581181
66.874,2.4922795655208834,3.5939481146323997,0.0016802873881127112
66.894,2.491559173895185,3.5879122101628864,0.0011705619262127598
66.914,2.490586653757499,3.581284554171675,0.0011430798545581933
66.934,2.489317455452825,3.5740791963323493,0.0015716434822463654
66.954,2.488391596857385,3.5676605752828396,0.0011340879691214556
66.974,2.487567474888854,3.561480003502979,0.0012241308776680115
66.994,2.4862975738064224,3.5544917074502105,0.001623190088127724
67.014,2.48512050305318,3.547431399532059,0.0015146325773829905
67.034,2.4843160483719293,3.5413702450179074,0.0012715977994847416
67.054,2.483087281282391,3.534677343156403,0.001437038690669551
67.074,2.4817121497464707,3.527276293220184,0.0016435040116094812
67.094,2.480770660233042,3.5211173774517346,0.0011412590622613406
67.114,2.4796110039041355,3.514548801089279,0.001221041004224599
67.134,2.4781510032673815,3.507448159153554,0.001476340187402947
67.154,2.4770013538167728,3.501051481226931,0.0011346509514714442
67.174,2.4758961278912315,3.4946882169268645,0.0011892399147859223
67.194,2.474432816510695,3.4877170852570267,0.0015817636350412556
67.214,2.4731612340907514,3.4812054870957496,0.00160736583292298
67.234,2.471828345641686,3.4746157532497857,0.0011950045666667963
67.254,2.4703821363188756,3.4676741850421378,0.0012412923263175335
67.274,2.4688838675872193,3.460668291954604,0.001421200074710527
67.294,2.4676083458048588,3.4539733648096655,0.0013107550579562477
67.314,2.466301702194178,3.447370457062199,0.001444393688309259
67.334,2.4649738351169086,3.440996982059387,0.0015573338313047413
67.354,2.4635056629904506,3.434066198925405,0.001294056922001352
67.374,2.4623353643714467,3.427737678044199,0.0011679914055933716
67.394,2.4607968476619955,3.420861595665313,0.0014883489348075651
67.414,2.459256435686209,3.4137906004345426,0.0014062537610995685
67.434,2.458182020924357,3.407770609742443,0.0012444846230420248
67.454,2.4567871788157953,3.4014179885723577,0.001136802514962787
67.474,2.4551136552171657,3.3942474025330935,0.0015459887874508527
67.494,2.4538180958144253,3.388084785064014,0.0010123494247707976
67.514,2.452463953384651,3.3815562761161964,0.0010901020137552009
67.534,2.450774714340514,3.374583782571686,0.001475450608212886
67.554,2.449229621366933,3.367833729144482,0.0011784980580221982
67.574,2.447958365264997,3.3616722502146956,0.0011979181110593484
67.594,2.4463264310282806,3.3549975351136485,0.0013637084201660044
67.614,2.444673791377888,3.34808702593477,0.0015462045160256066
67.634,2.4433184794852045,3.342016427790533,0.001018584457482541
67.654,2.441766013962071,3.3354580090314774,0.0009117211588655361
67.674,2.439904889680905,3.3283948654591184,0.0013827369721131078
67.694,2.4383918875111723,3.321992307437637,0.0009628455458544349
67.714,2.4369185709026127,3.315633806759638,0.0011271599553691614
67.734,2.4350872114976143,3.3087929959125124,0.0014791236891304738
67.754,2.4334460488818235,3.3022441741534796,0.0015362103601472832
67.774,2.431823088614263,3.2956576964989686,0.0010071147798473568
67.794,2.4300025150691247,3.288760023856576,0.0011781699077897667
67.814,2.428182461073249,3.281890363425859,0.0011153234593864747
67.834,2.426569871148898,3.2751102942764994,0.0009907974016017396
67.854,2.424994723875368,3.2687369870057097,0.0009562414369341798
67.874,2.423142206168322,3.2620392738354824,0.001268301157398094
67.894,2.421455736958378,3.255403553237656,0.0010576491849799141
67.914,2.4198698727457226,3.2489091620186348,0.0011338953767334459
67.934,2.417934040197067,3.242095617140293,0.001431038109296734
67.954,2.416234615205675,3.2355611268224274,0.0015013559944906663
67.974,2.414587932564648,3.2290402153207802,0.001042686517826158
67.994,2.4127342194169294,3.222061628751906,0.0010930291783941837
68.014,2.410849870274295,3.2152627453696967,0.0012741270989920506
68.034,2.4092309601047677,3.208646712607672,0.0010592211138970575
68.054,2.407631559402788,3.202171771934105,0.0011318748654755018
68.074,2.405751017452302,3.1953564565074153,0.0013877538633133846
68.094,2.4040124467155066,3.1887443729709433,0.0009803805097559626
68.114,2.402312291974838,3.182076429696993,0.0009927991341205922
68.134,2.4003200863341863,3.175208772247886,0.0013051166980870832
68.154,2.3985500729694906,3.1687983785888516,0.001125600433721674
68.174,2.3968057462221313,3.1620023629360787,0.001061007166406197
68.194,2.3948630360003587,3.1551888975532276,0.001228130082950113
68.214,2.3929462809623274,3.148344488505721,0.001498910936042458
68.234,2.3914628828964357,3.14250974988407,0.000960218408615543
68.254,2.389706718699884,3.135821412225437,0.001146138769868743
68.274,2.3877017849088173,3.1289561170839617,0.0015292756907278326
68.294,2.386020745890152,3.122770847679993,0.0013681574213279257
68.314,2.384238060400775,3.1162612117656154,0.0012063832686297349
68.334,2.3822559077669343,3.109369881723877,0.0013409456441885736
68.354,2.3803545572328804,3.102636366337426,0.0013586092636621305
68.374,2.37878073216669,3.096442426788086,0.0011678073140536094
68.394,2.377023434207244,3.0900912902698257,0.0012078891731823194
68.414,2.3750315871642083,3.0831940373592195,0.0017000838174583977
68.434,2.373403972035791,3.077147449642985,0.0011781529277806735
68.454,2.3717343091783523,3.0706940441428143,0.0013388725275295388
68.474,2.3697131873938204,3.0639066010870315,0.0014672829122190922
68.494,2.3678521894291946,3.057375719529132,0.0013791353632785497
68.514,2.3663317213969037,3.0515150230793777,0.0011423454964138158
68.534,2.364308547484857,3.044804523821664,0.00140581406318796
68.554,2.3622817151562865,3.03795550321209,0.0015132385053551745
68.574,2.36061380631338,3.0318206168031616,0.0011666575335937956
68.594,2.3587102134633096,3.0253382122886725,0.0010223448785178224
68.614,2.3565130852335368,3.018457417887831,0.001688469701446954
68.634,2.354604561871526,3.0123106995640363,0.0013388392202091925
68.654,2.352645847590259,3.0056545554252883,0.0012956701638357215
68.674,2.3504484422149052,2.9988314149075617,0.0015019817518965028
68.694,2.348337762879664,2.9920411316121696,0.0013459319010457604
68.714,2.3465298307064,2.985634829658491,0.0015383493199252474
68.734,2.3446661363407393,2.979328182808402,0.00144661296596299
68.754,2.3426967125926317,2.9730797031248346,0.0013955014953409284
68.774,2.34077325583113,2.966622559919977,0.0011320483259411318
68.794,2.3388403361041146,2.9601308503014314,0.0010548859547935274
68.814,2.3365446365722815,2.953244980216587,0.001700925820819571
68.834,2.3346800394282856,2.9470622948950402,0.0014716324485291588
68.854,2.3327836906677546,2.940799625710681,0.0012768357517372042
68.874,2.3306196803226555,2.9341158482486756,0.0013774537287473965
68.894,2.3283930366925576,2.9272208713921746,0.001319844159020006
68.914,2.326545188940822,2.9209107296157373,0.0013380621627255285
68.934,2.3246390704956506,2.9147263091588567,0.0011577945798618428
68.954,2.3224337917207976,2.9080888940217546,0.0014228686859176498
68.974,2.3205127415798374,2.901980302583782,0.0009257621411234707
68.994,2.3184825695071596,2.8953695343846335,0.0009680088058104941
69.014,2.3161857166076834,2.8886812609585744,0.0014456336465394626
69.034,2.314191261502583,2.882431201788724,0.0011365313410371947
69.054,2.312208461476357,2.875927801777706,0.0011883181030856171
69.074,2.3099560241327515,2.869243795808535,0.001364886368690088
69.094,2.307809787667592,2.8627360468012504,0.0016158137968041997
69.114,2.3056935781131753,2.8563613475750875,0.0009636951157059037
69.134,2.3035394233207045,2.8493786725699786,0.0010634903065592505
69.154,2.30125086103865,2.842669372739589,0.0014369887978204487
69.174,2.2991607791486444,2.836078432654239,0.0010886943568769458
69.194,2.2972805041013817,2.8296552017159393,0.0012833942012584754
69.214,2.2952564998151543,2.8234484352761475,0.0014022429652791601
69.234,2.293038983009621,2.8168038460449627,0.0012535229782227597
69.254,2.2911979389129717,2.8106688971731666,0.0012806096510565856
69.274,2.2890787807850934,2.8041796109229833,0.0011330912478251798
69.294,2.2868350558879245,2.7975165027514217,0.0016271909912105587
69.314,2.2846522029528953,2.7911776062643328,0.0011786855609136893
69.334,2.282525613255168,2.784377922922912,0.0010198072797305002
69.354,2.280226698543435,2.7776663853619126,0.0013360235525495534
69.374,2.278083561570946,2.7709581483324404,0.0010017482593939198
69.394,2.2761365360975225,2.7645123573900534,0.0011212998193607104
69.414,2.274057211513552,2.758195104039779,0.0012514958065218684
69.434,2.2718646532154536,2.751453196002182,0.0011366866008793441
69.454,2.2698583714432186,2.7449052086378156,0.0009874360196527876
69.474,2.2675768887986583,2.7382295880928202,0.0011481580207222397
69.494,2.2653542429023887,2.731519141819172,0.001221803306314162
69.514,2.2634204121105346,2.725307868214299,0.0008984627917646426
69.534,2.26132953391082,2.718796517550448,0.0008583564606293725
69.554,2.258890188200511,2.7119790241410033,0.0015030389587052662
69.574,2.256924895247042,2.7059751154178873,0.0012264387735017312
69.594,2.2548698606560205,2.6996802815929914,0.0011104555474837352
69.614,2.2525322568628083,2.692995901072241,0.0012741449925679216
69.634,2.2502769356534653,2.686383243612698,0.00122845762011356
69.654,2.248302421492919,2.680201783031578,0.0011367105209752482
69.674,2.2461212810612277,2.6738942837139508,0.0010758579210934371
69.694,2.2437377468802944,2.6670980247504437,0.0015372864880462411
69.714,2.24166098868519,2.6611531437667186,0.0009273866646488105
69.734,2.2394745404675764,2.654613504129645,0.0011732818911488474
69.754,2.237030836070841,2.647918665791499,0.0014063032222679517
69.774,2.2346954768362153,2.6412013766806894,0.0011712063616551027
69.794,2.2328404905906636,2.635040046190262,0.0012682078454543944
69.814,2.2305595913667893,2.6286245301791658,0.0013463848869966766
69.834,2.2280608250183325,2.6217574684035467,0.0015949853160147354
69.854,2.226010118568107,2.615759777325162,0.0010350026699251502
69.874,2.223763720209609,2.609355634731351,0.0010679667301870532
69.894,2.221195096218084,2.602557894968121,0.0014005032366399273
69.914,2.218936478632455,2.5960815508321504,0.001126380416873185
69.934,2.216838185137611,2.5899170979275485,0.0011821046623435305
69.954,2.2144800417317145,2.583636000112591,0.001561034495656144
69.974,2.2120753586920663,2.5772030620017095,0.0014537334159111515
69.994,2.210136008509189,2.571412174514515,0.001171511148420984
70.014,2.2076008024498037,2.564844229967925,0.0013927159503400455
70.034,2.2048915963153912,2.557843222497423,0.0015217206754420953
70.054,2.202875520024119,2.552085955484584,0.0011772144595293133
70.074,2.2006527230036808,2.5461553362860445,0.0011122669418141828
70.094,2.197888769093409,2.5393280450888094,0.0016560406599526734
70.114,2.1954493014964758,2.5330785331518304,0.0014313946803602984
70.134,2.1934012979305084,2.5274693602722946,0.0011917013562514622
70.154,2.190692189999579,2.521085829975491,0.0015285765770292614
70.174,2.1878157112776058,2.5141956081454455,0.0014058085623692707
70.194,2.1855411296094274,2.5083529538159715,0.001457810962441547
70.214,2.1831059623667444,2.502500029663252,0.0010898874805679026
70.234,2.18005850907481,2.4956662468566915,0.0016516039440255814
70.254,2.1776889652707876,2.489964233741193,0.0012219368302020528
70.274,2.175170150169548,2.4839110820923,0.001262360587270639
70.294,2.172236000630878,2.4773908035685284,0.0014617686460833834
70.314,2.1696522211083606,2.471417097362605,0.0011027885286887251
70.334,2.1670109432977096,2.4652023529349867,0.0012005725148385438
70.354,2.16400706219479,2.458769077327555,0.0014654641895930631
70.374,2.161233059651645,2.4525588725949565,0.0015271879078411488
70.394,2.158472278350459,2.446309114549394,0.0012485035571218328
70.414,2.1555698936257457,2.439721215081913,0.0010707830704662913
70.434,2.152562621859201,2.4332907314303234,0.0014557921638290172
70.454,2.1498640724015883,2.4271614865646844,0.001146447886007651
70.474,2.147215584462716,2.4209522236316103,0.0014555432498765675
70.494,2.144503757476914,2.4149939759890104,0.0015345620779899094
70.514,2.1416200677614667,2.408676672524864,0.0014182030430576198
70.534,2.139057208062101,2.402704786807131,0.0013149713242596173
70.554,2.136113198934042,2.396283873538575,0.0012882197414942897
70.574,2.1332477972391994,2.3899992592999766,0.001610244799052113
70.594,2.13062892196298,2.3841905812495385,0.0010816626091406933
70.614,2.127750156445992,2.3775984888955484,0.0010556978980166554
70.634,2.1247334215910545,2.37116093077862,0.001498050686204122
70.654,2.122228921104896,2.365499988493386,0.0010356233084803934
70.674,2.1195139813793706,2.3591988416905916,0.0012790503868966852
70.694,2.1165188289674806,2.352743838839407,0.0014235810430369422
70.714,2.1137169355205168,2.3465128772533634,0.001515672629157333
70.734,2.1109857523038924,2.3402446942618367,0.0011419275482247027
70.754,2.1079903234899007,2.3335433649703816,0.0011293566867403015
70.774,2.105072291194339,2.3271775978675877,0.0013862954555086682
70.794,2.1025686218769892,2.3213016509359887,0.001208131563619208
70.814,2.0998676121316433,2.315083054627527,0.0012896405427683943
70.834,2.0970559531772848,2.308949980006503,0.0014976784128277187
70.854,2.0942984811350107,2.3028026992329553,0.0012736764299320358
70.874,2.0917136103892195,2.2967071196023414,0.0011757154984176343
70.894,2.0887485306874933,2.290263679022382,0.0013233250171575672
70.914,2.086052392062663,2.284196523588231,0.0013954563739172754
70.934,2.0833830375710427,2.2781635868558547,0.0011078759146347927
70.954,2.080474605387971,2.271567540137891,0.0009041656784141705
70.974,2.0774765477337107,2.2651532310722624,0.0014212120008641194
70.994,2.075047452685706,2.2595165950725566,0.0009283570534645014
71.014,2.072470225186129,2.253463589816993,0.0009543866939394074
71.034,2.0694156258221557,2.2469030513459707,0.0014303756522209277
71.054,2.0667915113839816,2.2410309742000623,0.0012135396664452458
71.074,2.0641207575085,2.234892047261518,0.0011161367563413682
71.094,2.061110671568808,2.228513040237873,0.001288342216925198
71.114,2.058137451972816,2.2220754160542384,0.0014245462483133686
71.134,2.055764025724823,2.2165197238347893,0.0011105639717526872
71.154,2.052943590325092,2.2102198911332556,0.0010969581147687868
71.174,2.0498702749362314,2.2037723843414345,0.0014117752147968787
71.194,2.0473152291082743,2.1981501004638035,0.0009739033299839273
71.214,2.044554716340262,2.191890861140279,0.001114427636238452
71.234,2.0414433266608585,2.185474385850107,0.001417305224102522
71.254,2.0387234007449413,2.1795256129781375,0.0013294166752630676
71.274,2.0359855844935124,2.1734920966317315,0.0011693013238948946
71.294,2.032952667091288,2.167013337852461,0.0011550542717855272
71.314,2.029931344027895,2.160594906175277,0.0012451695914748317
71.334,2.0273164722163752,2.1546761817224747,0.001136115975487767
71.354,2.0245838410241825,2.1486732531415362,0.0010173441732910515
71.374,2.0215945011551115,2.1424556246118494,0.0015530538010488926
71.394,2.0188229183355073,2.136521449420188,0.0010973187616915847
71.414,2.0162533229222612,2.1306858198604806,0.0011856386220223392
71.434,2.013183164634122,2.1243471461917025,0.001478892173338353
71.454,2.0101846858628467,2.118042010490031,0.0015635749175436642
71.474,2.0077026800257842,2.1125181746283364,0.001195419880946208
71.494,2.0047736950287294,2.1064158006747853,0.0011446287949753442
71.514,2.001523024007504,2.0998402989794327,0.0014435224071578379
71.534,1.998887849168077,2.0941486775303777,0.0011192707875472274
71.554,1.9961070296870904,2.0882821866843164,0.0011351631750572966
71.574,1.992796040460319,2.0818673159235774,0.0016172037157151375
71.594,1.9899237891123356,2.076031650228194,0.0014656671064789684
71.614,1.986911227908247,2.070035858883923,0.0012264942837420523
71.634,1.9836895160778758,2.0637073516697,0.0014283320652836717
71.654,1.9804438455835978,2.0572971322686753,0.0013109185916590216
71.674,1.9774852485926633,2.051116944900212,0.0015045670183578552
71.694,1.974548155815472,2.045159759273746,0.0015115340039964509
71.714,1.9716027340060274,2.039468468655593,0.0015239076422628173
71.734,1.9687195173214647,2.0337464139694577,0.0009759712856259595
71.754,1.9658165830740124,2.0277259598175914,0.0011369003369176012
71.774,1.9624789661198971,2.0213322547312695,0.0016117934248452703
71.794,1.9595013043709444,2.0154814884189074,0.0014251691599895255
71.814,1.9567079811435697,2.0097598994511547,0.0013305200835892206
71.834,1.9534569031159084,2.003583197816495,0.0013788749582133997
71.854,1.9503229964724589,1.9975154242329365,0.0016173118398676578
71.874,1.9472976142176088,1.9916623948494083,0.0011459499237808368
71.894,1.9440341172819398,1.985187568678689,0.001121121583339768
71.914,1.94068685716373,1.9789470874751651,0.0014616780216832326
71.934,1.9376524891541305,1.9729663747373964,0.0011594276840789508
71.954,1.9346750812646596,1.9669292653054349,0.001341659104352022
71.974,1.9314910463630843,1.9608691415595574,0.001638903307020767
71.994,1.9283023016244476,1.954780939381743,0.0016525238904114836
72.014,1.9254486969552735,1.9491245745641206,0.0012685192326097605
72.034,1.9221736155509563,1.942860430621846,0.0012507087110651405
72.054,1.9187940867032516,1.9365396705128162,0.0015458645031502516
72.074,1.915976090717852,1.9309834978173044,0.0012274956617744914
72.094,1.9129930796672039,1.925110595270854,0.0012486584396579348
72.114,1.9095734669747728,1.9188257828444524,0.0016533279653045407
72.134,1.9065069877789895,1.9130572739807832,0.0015078197839289154
72.154,1.9032956489170043,1.9069679617456667,0.0012200046459050762
72.174,1.8998996666156436,1.9006729055940494,0.0014043884243673532
72.194,1.8965460474237985,1.8944232856891654,0.0012403420940850507
72.214,1.8934558408128663,1.8882300478543856,0.0013579182331421857
72.234,1.8905224570315604,1.882515338093322,0.0011822088695783717
72.254,1.8871078955091685,1.8762332850643573,0.001413398624162343
72.274,1.8840209270250905,1.8702835565938551,0.0010696811021702057
72.294,1.8809527703923585,1.8644209187321308,0.0010270998120623098
72.314,1.8774226627076072,1.858097979383133,0.001579626824326441
72.334,1.8743402637335107,1.852382664376983,0.001377391758033808
72.354,1.8712432222473736,1.846609147161016,0.001199623154116758
72.374,1.8678253966399585,1.8404745186297504,0.0013075011406221138
72.394,1.8643233688385061,1.8341438032424378,0.0012961621061323148
72.414,1.8614460655580627,1.8286265447557761,0.0011979309536528093
72.434,1.8582670624199953,1.8228094262202068,0.0009983732881213847
72.454,1.8547802868367724,1.8166742708953891,0.0015979760846677182
72.474,1.8515076411450893,1.8108415649766398,0.0012249769455652537
72.494,1.848156631759673,1.8045917563038851,0.0011308564028552903
72.514,1.844619688503979,1.7983674956392788,0.001345723677925209
72.534,1.841208685867977,1.7921902206561613,0.0010374044108646396
72.554,1.8382434486891996,1.7863621927825584,0.0012411681433332489
72.574,1.8350091375506803,1.7805493312639866,0.0012628286777420505
72.594,1.8315212814940403,1.774377000298327,0.0015566861176191382
72.614,1.828581174400354,1.7689837678882756,0.0009793470598444542
72.634,1.8252655147359935,1.7628538832182337,0.0011400387528484879
72.654,1.8216916184844074,1.7566649602900752,0.0013718629264455606
72.674,1.8185885101006285,1.7510862482167433,0.0009563752555247496
72.694,1.8153932753017752,1.7451410708902895,0.001189555207010612
72.714,1.811860869258561,1.7389970511806196,0.0013256942846914255
72.734,1.8086297737230335,1.7332180056482214,0.0013100292985765427
72.754,1.8053291305206927,1.7272569420654316,0.0011061681667227097
72.774,1.8017473040450578,1.7209305134611659,0.0011130264755431496
72.794,1.7982556673223404,1.7148416720547308,0.0013138864596777544
72.814,1.795400462957574,1.7094948016370513,0.0010127947131507165
72.834,1.7921729811426925,1.7036085608867795,0.0008604358633440279
72.854,1.788607159379644,1.6974428519831921,0.0014652519067163972
72.874,1.7853360221079968,1.6916271548695199,0.0011147976908496005
72.894,1.7819521390027757,1.685364905084505,0.0012239972956842038
72.914,1.7783725181263246,1.6790975811573035,0.0012831664609443127
72.934,1.7749200461651156,1.6729985676446866,0.0011208550417636243
72.954,1.7718156763682458,1.667196360294763,0.001278115555787801
72.974,1.7686156590746438,1.6613849084080667,0.0010395212516145225
72.994,1.7650959445844918,1.6553179899733992,0.0015399345919108742
73.014,1.7620129089664538,1.6498246956711966,0.0009135900270888231
73.034,1.7588896930240467,1.6440253534922344,0.0010443620003421916
73.054,1.7552498977249051,1.637791668865548,0.001505011146334001
73.074,1.7519860172258224,1.6320475021535699,0.0012499157862966292
73.094,1.7488879399745776,1.6263777093238023,0.0012744926043881388
73.114,1.745353813639419,1.6203562014120896,0.0013032071475071183
73.134,1.741944280533792,1.6144730186938736,0.0015156480650676818
73.154,1.7386948474949502,1.6087056890946227,0.0011032036438113624
73.174,1.735114480340466,1.6023711292941207,0.0010701858336331915
73.194,1.7314931570446819,1.5963053993719558,0.0015302187178581894
73.214,1.7283453546888259,1.5908207954098519,0.0010275173063521992
73.234,1.7252104239348829,1.5850934477086525,0.0012836011192507712
73.254,1.721588552197727,1.5790001535898335,0.0015458771896356138
73.274,1.7182207652885233,1.5732255022584303,0.0015538360527167228
73.294,1.7148656599040384,1.5673381523876126,0.0012009546414440964
73.314,1.7111968328187999,1.5611214777156643,0.0013025018232789565
73.334,1.7075987972482543,1.5550373669221171,0.0015017203114704447
73.354,1.704348241485103,1.549257304651719,0.0013122773944442279
73.374,1.7009713245744658,1.5433474933700102,0.001363897178904394
73.394,1.6975944075257268,1.5376555839817496,0.001561149565549591
73.414,1.6942930125560511,1.5320150123465102,0.0011318710218253814
73.434,1.6909137037802044,1.5260047935892125,0.0013587174182922712
73.454,1.6872170430366493,1.5198868425490413,0.001506390636198951
73.474,1.6837830032666368,1.514099754441338,0.0016287564487290351
73.494,1.680481712011796,1.5083370768964623,0.0012073244871943778
73.514,1.676817997018711,1.5019657350817426,0.0012090615552389217
73.534,1.6731812358482316,1.4959447567905593,0.0015412788580745906
73.554,1.6701818570299036,1.4905691773288245,0.0011702525037896871
73.574,1.6669061781585075,1.4847276280505022,0.0012166219885834106
73.594,1.6632049414293233,1.4785828304392015,0.0016486792432537367
73.614,1.6599219650814663,1.472954715471803,0.0015264550769821805
73.634,1.6564517739731348,1.4670447337575423,0.0012589348489648877
73.654,1.6527705656255633,1.4608361136971508,0.0014304550995045406
73.674,1.6492081585802045,1.4547600802938356,0.0014090938942266096
73.694,1.6459404598079654,1.4489103743902172,0.0014536279963378862
73.714,1.6425706182534159,1.4430092459812593,0.001373672862577363
73.734,1.6391819246849817,1.43732282444291,0.0015291570474643135
73.754,1.6359533843060206,1.4317670353879877,0.0010324440518315325
73.774,1.6327568768802838,1.426012318459684,0.0010862772083007899
73.794,1.629041586675133,1.4198341771335545,0.001519601456107439
73.814,1.6257287267833092,1.414170910280458,0.0012689926547770902
73.834,1.6224630424615374,1.4084015099721672,0.0013358345035592578
73.854,1.6188302101433787,1.4023298130744348,0.001314520811568437
73.874,1.6152879593247036,1.3963677875395175,0.001731462251704341
73.894,1.6118936575129492,1.3906002793613357,0.001197389454192066
73.914,1.6083546204573582,1.3843289582651308,0.001093563442963158
73.934,1.604701775911992,1.3782774407011653,0.0013649268991099972
73.954,1.6012122447275503,1.372175815353176,0.0009800509914196787
73.974,1.597897047810407,1.3662496930221386,0.0010562377805026502
73.994,1.594268759272745,1.360173248478463,0.0014009242922847776
74.014,1.590729362559852,1.3541402196323138,0.0011242564336750027
74.034,1.5875069901878722,1.3484071585965438,0.0010131278438841596
74.054,1.5838585977707773,1.3423947950930621,0.0011993608075695217
74.074,1.5802983969931919,1.33644561536718,0.0012671462993201488
74.094,1.5770187777349494,1.3306768660928954,0.001013061185248687
74.114,1.5735105108089549,1.3246617354196673,0.0008241061062710942
74.134,1.5697382967711953,1.3185359190829198,0.0015845559444165047
74.154,1.5665861395008889,1.3131745438178566,0.001223017443023583
74.174,1.5632664207063562,1.3074506838905566,0.0012184993846776904
74.194,1.5595889429482337,1.3013980744027367,0.001292217216915914
74.214,1.5560906827691157,1.295553545703106,0.0013695394919961135
74.234,1.5529025873769746,1.2900530074777798,0.0011077474637307128
74.254,1.5492884261748576,1.2839760388267876,0.0010670803314910826
74.274,1.5455368010937032,1.2779204305219076,0.0014118081516083236
74.294,1.5424607949010658,1.2726986201809711,0.0009056999693160817
74.314,1.5390086024991751,1.266741999257021,0.0009974204781252882
74.334,1.5352075182463576,1.260663117721081,0.001489743449582387
74.354,1.53186947237086,1.2551374736373018,0.001328512712183677
74.374,1.5283744005518856,1.249182761796935,0.0011250863109703857
74.394,1.5245473819836333,1.242920771158529,0.001258733443051302
74.414,1.520897888555277,1.2368865042393875,0.0012160000326384146
74.434,1.5176920792063795,1.2312862500194321,0.001196594212140717
74.454,1.5142994491272121,1.2255091757541001,0.0009637168032392285
74.474,1.5105684924711005,1.2194785923419371,0.0015516696639443772
74.494,1.507325292785037,1.2140767997777473,0.0010452095767054248
74.514,1.5039397069049358,1.2082351995387084,0.0011136476070501833
74.534,1.5001312767408355,1.2021969680091338,0.0014230689272360098
74.554,1.4966940800358464,1.196504458429962,0.0012745958080782882
74.574,1.493518973008766,1.1910419920406332,0.0012775559978357443
74.594,1.4898774101561523,1.1850804271526747,0.0012064780649744533
74.614,1.4861704260967274,1.1791326483561246,0.0015571761355735458
74.634,1.48307574157939,1.173977969524298,0.0010431540087799118
74.654,1.4794772909024236,1.1679157306158716,0.001132832789746241
74.674,1.4756389204266427,1.1618794190130466,0.0014889088371432269
74.694,1.4723591973120342,1.1565020720847088,0.0011069509655237675
74.714,1.4692002878981956,1.1510640499960034,0.0010410855699520272
74.734,1.4652950663119388,1.144955648087237,0.0013363663892224098
74.754,1.4618213775692688,1.1392942368043388,0.0011487841177040548
74.774,1.4582436589882442,1.1334348208530791,0.001160330677411725
74.794,1.4544524700442394,1.1275158580526785,0.001290075749591696
74.814,1.4507826826960046,1.1216892030849266,0.001511518453126609
74.834,1.4473912147357912,1.1162243945538202,0.0011063853391323208
74.854,1.4436576284907872,1.1101620333949667,0.001181434093055489
74.874,1.4397721483407462,1.1041782504301152,0.0015770310684515565
74.894,1.4362933099762545,1.09866391294914,0.0012559711368153037
74.914,1.4331137947597328,1.0933436190975656,0.0012112176559911647
74.934,1.4292634685907188,1.08746743298532,0.001499629712220979
74.954,1.4256129835601845,1.0817174374692478,0.001562342808212186
74.974,1.4222895488561267,1.076343097937911,0.0012150994238939727
74.994,1.418560537403009,1.070514109285749,0.0012006204490165873
75.014,1.4145958610928262,1.064431460333718,0.00153512355892782
75.034,1.4112148095680468,1.0590843611713763,0.0011650135656163518
75.054,1.40772484075275,1.0535285700614048,0.0012647776295167668
75.074,1.4037657965209231,1.04766091617747,0.0017033866033351053
75.094,1.3999565349201448,1.0418851576431318,0.0017859264879339365
75.114,1.3962582470545855,1.036137376242778,0.0011689024790162983
75.134,1.3922762711572416,1.0300533637639275,0.0013098181862724045
75.154,1.3884137843981013,1.0241933242130319,0.0012570282606897965
75.174,1.3846244927730944,1.0181498888572882,0.0012147715084624144
75.194,1.3810525250924346,1.0124686738878534,0.0011579932549619087
75.214,1.3770494562193958,1.0064637101488756,0.0014686580325439236
75.234,1.3733769107085243,1.0008103677683478,0.0010205390751193977
75.254,1.3697553777509417,0.9951060745146164,0.0010707089396696512
75.274,1.3656869332695747,0.9891300933396923,0.0014115392136503924
75.294,1.3618675169538776,0.9833546432572469,0.0011773842129275958
75.314,1.3580470126106836,0.9773625376768641,0.0012112128051859627
75.334,1.3540535709745205,0.9714536908260158,0.0013567303156487853
75.354,1.350238933173774,0.9657416799914225,0.0015137605441369606
75.374,1.3468458376240953,0.9605009574649701,0.0012075640503124985
75.394,1.3429751534500785,0.9545216996106849,0.00117392736386282
75.414,1.3389674790714257,0.9486174987402822,0.001643838935482811
75.434,1.3354448901181115,0.9433418493233514,0.0014445911424399716
75.454,1.3317151254784405,0.9375635129090408,0.0012267923218481358
75.474,1.327618910823819,0.9314389893409872,0.001357437750452939
75.494,1.3239175132644432,0.9257887231876055,0.0012542041946933813
75.514,1.3203536443966026,0.9201201494920824,0.0012398530561482934
75.534,1.316546585198899,0.9143143632345446,0.0012289630055857814
75.554,1.3126800161446748,0.9084754247759661,0.0015875430935275436
75.574,1.309374457983253,0.9033190133604607,0.0010182821083104532
75.594,1.3058521088017165,0.8977054417189482,0.001018881935968191
75.614,1.3018191411523645,0.8916948487579005,0.0015160836394897126
75.634,1.2982662192529315,0.8862716436785877,0.0012482597503692128
75.654,1.2946112907397596,0.8806118403762591,0.0012212619328139107
75.674,1.2906746486610143,0.8747273137014828,0.0012751357878161285
75.694,1.286748898983531,0.8688553883354195,0.0012828755142519077
75.714,1.2834059028738058,0.8635855383496003,0.0011789586631105187
75.734,1.2796783630450397,0.8579991251028211,0.0010382825972022058
75.754,1.2757155030952776,0.852179293893436,0.0015172923646426806
75.774,1.2719812115926714,0.846798074004997,0.000969534099611119
75.794,1.268101878052634,0.840796151596916,0.001103128492366684
75.814,1.2640603880984567,0.8349133341929231,0.001429032218867532
75.834,1.2602395313733539,0.8292223371634456,0.0012177751703975892
75.854,1.256844367634652,0.8239007370120376,0.0013041569874893966
75.874,1.2531341182319473,0.8183502107264337,0.0012083215423035198
75.894,1.2491969810444243,0.8125512921558569,0.0014883159484818664
75.914,1.2456282996569688,0.8072147086492664,0.000997782182475232
75.934,1.241688501493117,0.8012225521183557,0.000904633449473502
75.954,1.2375947712069812,0.7953984729515737,0.0014282907768150555
75.974,1.2341426668474096,0.7902344051956232,0.0009365690567303964
75.994,1.2304612225107552,0.7845333439493956,0.0011760654334856402
76.014,1.226439602953601,0.7786830459128443,0.0013757658878672252
76.034,1.22274351075867,0.7731938367094513,0.0013159892900775072
76.054,1.2190464660385028,0.7676814178336689,0.0011193603887288683
76.074,1.2150160571696749,0.7617762924010125,0.0011755251775642794
76.094,1.2110886623832309,0.7559806571150526,0.0014201633167539862
76.114,1.2077732906661138,0.7509044305291603,0.0010441930664788768
76.134,1.2039498072929906,0.7450975085826119,0.0010849975269743017
76.154,1.1998260587043506,0.739225822498792,0.0015390298739523522
76.174,1.1962950064175852,0.7339632346252766,0.001327215500719986
76.194,1.1925457768385863,0.7283632198271945,0.0011897100543096784
76.214,1.1884797125504059,0.7224380325975212,0.0012999003009035726
76.234,1.1845775053622911,0.7166730180108096,0.0011579737422104386
76.254,1.180953988370592,0.7110562612196056,0.0013151773047039017
76.274,1.1773630823402352,0.7056114190642678,0.0010383999493411844
76.294,1.1733657645703837,0.6998963404991166,0.0015320843490618241
76.314,1.1698525555015495,0.6946576548029136,0.0010380503565141086
76.334,1.1661985529918173,0.6890908908358665,0.0011402554286729372
76.354,1.1620763637752665,0.6832004257975598,0.0015634725463016252
76.374,1.1583753708098012,0.6777944639607747,0.0014283591700723908
76.394,1.1548917813129682,0.6725736782090724,0.0012802522141104888
76.414,1.15090759274597,0.6668438528360087,0.0013438494971568238
76.434,1.14689262442454,0.6610752593201872,0.001546061448089553
76.454,1.143526700476481,0.6560372096049724,0.0012246280061914416
76.474,1.1396419589244309,0.6503310049187327,0.0011612073255390654
76.494,1.1354602033014065,0.6445169305492642,0.001603983951908472
76.514,1.1318305141729261,0.6394568990384194,0.0011718805490578965
76.534,1.1278209923260372,0.6336344776694611,0.0012733294534545692
76.554,1.1236571249002232,0.6278190821762113,0.0015255563041957632
76.574,1.1198656332935837,0.6223955637662124,0.0013681801527414272
76.594,1.1162377129625538,0.6170149652712646,0.00131683408734673
76.614,1.1121362176810072,0.6112230690862603,0.0013606424725278732
76.634,1.1081572917995708,0.6056215683703607,0.0017270671741034804
76.654,1.1043920330747319,0.6004569755688585,0.0010951194319339663
76.674,1.100314965625439,0.5944076896350711,0.001238162133487264
76.694,1.0962084636305687,0.5886341924916543,0.0014549879630942897
76.714,1.092309778606422,0.5829738536457811,0.0012107741831946794
76.734,1.0885169153604377,0.5772914026814652,0.001542256033726347
76.754,1.084769627006011,0.5719411143654943,0.0014555392781803178
76.774,1.0807657428226136,0.5662477555678757,0.0014300630305746909
76.794,1.0770739004225858,0.560794651652633,0.0013263547242156892
76.814,1.0730052105420513,0.5549397210727925,0.001272623333290951
76.834,1.0689581509830315,0.5492086015394548,0.0016194384271639162
76.854,1.0655176628980194,0.5441434446819785,0.0011495793528062959
76.874,1.0617767637322972,0.5386046787370955,0.00111529235433383
76.894,1.057518312279841,0.5327436078815576,0.0016436037444072793
76.914,1.0538549286394212,0.527512186432591,0.0014108136293624618
76.934,1.0500314006810185,0.5219864687715787,0.001307667987463984
76.954,1.045893157725673,0.5162092744436937,0.0013801908120008588
76.974,1.0418798508226348,0.5105483225333729,0.0014283090811973986
76.994,1.0385291984840914,0.5055680948490551,0.0012164349528342444
77.014,1.0345922199407196,0.5000448531159389,0.0012175062975166018
77.034,1.0302679680325562,0.49403454322511864,0.001580230629088103
77.054,1.0268063033985724,0.4891398806424301,0.0010367449934537698
77.074,1.0229734662157093,0.483585231725395,0.0012946957468966125
77.094,1.018785416099986,0.477865868831688,0.00148677446682427
77.114,1.0148714626311852,0.4725113266902947,0.00139755287305815
77.134,1.0108384890412305,0.46697059148748604,0.0012391200223303145
77.154,1.0065854021794869,0.46116406578594743,0.001298476422980227
77.174,1.002432177811715,0.4554570947457918,0.0014184752412924606
77.194,0.9989594731173431,0.4504532961062264,0.0011623504954462183
77.214,0.9950890782428599,0.4449901177114225,0.0008938892094684792
77.234,0.9908105895319343,0.4392533968430778,0.001618077413995972
77.254,0.9868850822313221,0.4339758125836646,0.0012614251201008286
77.274,0.9828211542979318,0.4282189797125498,0.0011827002933897934
77.294,0.9785626723124182,0.4224558497029309,0.0013560391987600395
77.314,0.9744406082160714,0.4168053651530913,0.0011284871142896447
77.334,0.9705954057173144,0.4112958130310992,0.0014441842982348685
77.354,0.966916554041436,0.40610297477502527,0.0011436017208117655
77.374,0.9629605984952204,0.400804385354874,0.0012373416585881591
77.394,0.9590295034698202,0.39517267109589926,0.0012196837261385096
77.414,0.9549846145669477,0.3894935638641646,0.0011771595721485062
77.434,0.9510570521397378,0.38417516690316794,0.0014814892889987996
77.454,0.9470581449820167,0.3787013200964312,0.0011236736841676587
77.474,0.9433022696685055,0.37330777203221954,0.0013335177442903023
77.494,0.9391436302668441,0.36768161182408654,0.0012797900131299444
77.514,0.9350624735383574,0.36208466173451187,0.001533051232578575
77.534,0.9311487798784834,0.3566606146837073,0.001023214050219906
77.554,0.9269294758425219,0.350722951205267,0.001025726626261686
77.574,0.9227001048421257,0.34508530851480357,0.0012695375717056423
77.594,0.9188576833134443,0.3394776170331112,0.0010847729334453882
77.614,0.9149772668645016,0.33397186598831413,0.001212030580106993
77.634,0.9110281570225515,0.3285565379813324,0.0013806122919824415
77.654,0.9069487849227305,0.3229735921797571,0.0010337660365200563
77.674,0.9032043122321236,0.3176071992859626,0.001211134241616979
77.694,0.8990326686471597,0.31203237232517883,0.0013554939101682595
77.714,0.8949282349958912,0.3064418656993245,0.001652453355888872
77.734,0.891252233335158,0.3014840448508579,0.0010092378034638472
77.754,0.8871426563087269,0.2957044335529997,0.0009601066300986005
77.774,0.882833582583373,0.29002454579291936,0.0012820676292326083
77.794,0.8788798480171383,0.2845621130834547,0.0010772636477118513
77.814,0.8749617700612903,0.2791042208798562,0.0011668184861984843
77.834,0.8708035974225984,0.2735871255352463,0.0016382350844666438
77.854,0.8665934714222175,0.267975015406922,0.0015985058075217717
77.874,0.8631642787964502,0.2631746231218297,0.001126168092932034
77.894,0.859030422621503,0.2576988194789671,0.00126768043786879
77.914,0.8545950428725292,0.25184941069305106,0.0012709261627863178
77.934,0.8507762548329536,0.2465785468632912,0.0012442087816445513
77.954,0.8469246366686266,0.24140731538194524,0.0010583778611330252
77.974,0.8426063896019844,0.23590855999424942,0.0015167729542081843
77.994,0.8387741783280976,0.2309198794168258,0.0009469637266875386
78.014,0.8346470879914842,0.2253622081638902,0.0013925525386365989
78.034,0.8302652130060332,0.21976052253967399,0.0014722258188593629
78.054,0.826159600957415,0.2144507029436808,0.0016418619921471367
78.074,0.822374383393966,0.20952392302497153,0.0011893683866641969
78.094,0.818008185054434,0.20383113687964993,0.001221791142983264
78.114,0.8136049511869976,0.19825378606601765,0.001467044554617436
78.134,0.8099241558118208,0.1933780896848073,0.0011751268730315623
78.154,0.8056877564891008,0.18776751914357362,0.0012763308595579725
78.174,0.8012955756405578,0.1822396911061544,0.0015800908052982232
78.194,0.7971953713203698,0.17692785433282632,0.0014328738817216413
78.214,0.7930175982386358,0.1713079504760369,0.0013056228126620273
78.234,0.7885103946044767,0.1655555844688114,0.0014038520077476468
78.254,0.784363315867953,0.1601656542462912,0.0014483582721880328
78.274,0.7806065556661071,0.15506877654775048,0.0013465818761994874
78.294,0.7764233727994678,0.14944866045681043,0.0011722704656990657
78.314,0.7721848480006318,0.14403501002302294,0.0016699781649006096
78.334,0.7683682613345362,0.138997049150761,0.0010711327012969396
78.354,0.7644114420438297,0.13353026719614663,0.0012224704864669533
78.374,0.7601421344589689,0.1280364739807664,0.001695819789081121
78.394,0.7559464269142682,0.12255182871704351,0.0015477071976151557
78.414,0.7523236057870087,0.11761230346350943,0.0013147041854270347
78.434,0.7481090615526942,0.11217561537652106,0.00140574196943416
78.454,0.7436768583698358,0.10645338288091905,0.0016043152178602804
78.474,0.7399658627541481,0.10149971836662261,0.001225073492990142
78.494,0.7358609051458788,0.0960876307116697,0.0011103397599923626
78.514,0.7313420513984852,0.09041603877900523,0.0016406779609788036
78.534,0.7274516333468842,0.0854248628520641,0.0013009597704283782
78.554,0.7235330475896828,0.08017792255256524,0.0013200319566413488
78.574,0.7191303662742787,0.07464820399837474,0.0015006525901816448
78.594,0.714934571338185,0.06931237292115654,0.0015359971078657275
78.614,0.7111375585302571,0.06431753180147774,0.0012767301410998022
78.634,0.7068134471169779,0.05883316289050588,0.001226346018370822
78.654,0.7024784219997401,0.0533860874789093,0.0015274458397933066
78.674,0.6985025247853228,0.04827826634342353,0.001116265665932037
78.694,0.6941626221538728,0.04263931716567646,0.0010649351944911623
78.714,0.6896726777193163,0.037097581611248355,0.0016066416128626138
78.734,0.6856683515711677,0.032033690255716035,0.0012797296372592526
78.754,0.6816844070809341,0.026805888180337543,0.0012798503258308336
78.774,0.6773506478039313,0.021333769469627728,0.0014839192682195856
78.794,0.672962635244615,0.015814592453643715,0.0015925577296854454
78.814,0.6693880572351677,0.011116211878570023,0.001111799476308295
78.834,0.6652082243021809,0.00580828383743863,0.0011194461544181966
78.854,0.6606394553617306,0.00010156792773161755,0.001430213022145299
78.874,0.6569361033532822,-0.004672078295832792,0.0010526634777854593
78.894,0.6529864660568946,-0.009749969623726564,0.0009329622496280776
78.914,0.6483396775575909,-0.015392026770246214,0.001467256735691952
78.934,0.6442793988765496,-0.02042347859650159,0.001185688824927561
78.954,0.6402936254507325,-0.025496306974456553,0.001263033919895018
78.974,0.6358975403112714,-0.030807468024643507,0.001281792039845131
78.994,0.6313016779669373,-0.0363755963750841,0.001480438110046417
79.014,0.6275159771388494,-0.04109466704090723,0.0011012013709950086
79.034,0.6232060109348261,-0.04642407570595338,0.000991337198472081
79.054,0.6185371233574921,-0.051926335168159345,0.0014908344346201696
79.074,0.6145391691990008,-0.056712676909596985,0.0011066251280639483
79.094,0.6102529223257752,-0.06200762644833335,0.0011409130070149376
79.114,0.6056485908537766,-0.06743217754698627,0.0013079061311372653
79.134,0.6013704774854174,-0.07257117499131671,0.0010662539598101095
79.154,0.5972916353776866,-0.07766210937638568,0.0010980436301258056
79.174,0.5927345041760086,-0.08301410135540996,0.0011973936206019498
79.194,0.5883160542366118,-0.08827192998361999,0.0012682352633108518
79.214,0.583976709293751,-0.09356017189788537,0.0011331849393057813
79.234,0.5793689264320245,-0.09913274387386703,0.000999534976953792
79.254,0.5747314133399358,-0.10449399406955141,0.0013939841409707499
79.274,0.570775972882888,-0.10921173614507364,0.0009183801137033487
79.294,0.5667616426753836,-0.11423784146866561,0.0010406337103291419
79.314,0.562121793937705,-0.11966039888789998,0.0013760913391875629
79.334,0.5579092491222586,-0.12463676662498117,0.0012246050664311003
79.354,0.5536438238969722,-0.12977497507152227,0.001186069908125642
79.374,0.5490435654999799,-0.13513622947109954,0.001150011966600778
79.394,0.5444498864861314,-0.14048301522405515,0.0014810620263004948
79.414,0.5405528449428765,-0.14510165141829845,0.001035900974752535
79.434,0.5360134712548749,-0.15054391636220404,0.0011511461756064378
79.454,0.5313265529859986,-0.1559170905367209,0.0014653154370926347
79.474,0.5271892589325206,-0.1607356410853741,0.0012188720986074097
79.494,0.5226932150517841,-0.16610028462593002,0.0012535945944362192
79.514,0.5179356346190702,-0.1715926137058526,0.00135770513573219
79.534,0.5135344823201349,-0.17676465592436316,0.00147718700819513
79.554,0.5096272583594396,-0.18150322900579102,0.0012020605948893093
79.574,0.5051589654274544,-0.1868918717303057,0.001038554308133155
79.594,0.5005933598834247,-0.19217767885572107,0.0015667011036960832
79.614,0.496670342770171,-0.19686676457252938,0.0009937658673465077
79.634,0.4924410553469203,-0.20204350414672573,0.0010276664143077097
79.654,0.48770189959458393,-0.2075314309538258,0.0014909108091865353
79.674,0.4836255462124599,-0.21232760380830432,0.0010996575843809364
79.694,0.4793310285026192,-0.21755654318537518,0.001251249119444242
79.714,0.4746977929259542,-0.22288364327286103,0.001441897664423153
79.734,0.47025262513188115,-0.22804820998731845,0.0016400768489130968
79.754,0.46593831020880466,-0.233111889848936,0.0011386188400067387
79.774,0.46122945694132206,-0.23876803148747772,0.0011774994893357649
79.794,0.4565313746490942,-0.2440861497414623,0.0015679594011443476
79.814,0.4522927639052066,-0.2490613589213399,0.00108234351167677
79.834,0.4480442041542754,-0.254281423912188,0.0014646964749579217
79.854,0.4435928714370198,-0.259420336800234,0.001600932195098187
79.874,0.439089196789575,-0.2646669697177384,0.0017211160696382066
79.894,0.43513424537827494,-0.2694126046478027,0.00124691453611242
79.914,0.43050987669209523,-0.2748666176456305,0.0012851117845640303
79.934,0.42588608637238856,-0.280256572466524,0.0013102287675308133
79.954,0.42177020567061196,-0.2853197010795684,0.0013157389563667743
79.974,0.41745392079959387,-0.2904573508628234,0.0011404263170223528
79.994,0.4128046848365645,-0.29570129852193644,0.001737260927526768
80.014,0.40857673399013367,-0.30059882363609974,0.0013591059777169068
80.034,0.4042510241238414,-0.30577046487308085,0.0013203316414523991
80.054,0.39955704989706453,-0.3111428622059024,0.0015021876079905627
80.074,0.3948854995673672,-0.3165457907297443,0.001331905186253951
80.094,0.39073156818712146,-0.32153221112324515,0.001572026211888844
80.114,0.38632103998505574,-0.32674274001237313,0.001405579380562988
80.134,0.3818413148485715,-0.3317662053103645,0.001568587769942148
80.154,0.3775559726602882,-0.3367025730871903,0.0010878946107669707
80.174,0.3729626554398795,-0.34217607634758873,0.0010912244577853114
80.194,0.3682321366917598,-0.3475046258274471,0.0016352113965651394
80.214,0.3641126076943394,-0.3522498071326327,0.0013004535947288287
80.234,0.3598203540441287,-0.35735639769585686,0.00125467000711188
80.254,0.35512675653906434,-0.36269943997387166,0.0014628470659290849
80.274,0.3507333415117256,-0.36775292241312824,0.0015459768144286123
80.294,0.3463947231966128,-0.37284474676622426,0.00117811605977991
80.314,0.3416309641839542,-0.3784465504647148,0.0010935191407929201
80.334,0.3370009568355851,-0.38371117069318555,0.001424390423569566
80.354,0.3328171774174097,-0.388637312600714,0.0011741818188860664
80.374,0.32843290595271446,-0.39389367655541585,0.0012133744728975437
80.394,0.3240669659309062,-0.39887067902887896,0.0014783502236782597
80.414,0.31973143140864957,-0.40389239338772215,0.0012126412587577795
80.434,0.31569479872071343,-0.4087864829238179,0.001160574456933905
80.454,0.3110665303816867,-0.41406773182210893,0.001345860464557369
80.474,0.3065902629072703,-0.4192351733608494,0.001475152478795816
80.494,0.3025174051721716,-0.4240622852669569,0.0011624238624584615
80.514,0.2979969102989873,-0.4293676229247308,0.000968137426211102
80.534,0.2932114142339009,-0.43472712081503045,0.0014558493238077952
80.554,0.2890661388981299,-0.43946313912863233,0.0010305864547708599
80.574,0.2849665214466133,-0.4443825624450659,0.0011418518295830682
80.594,0.2802462957149364,-0.44966343359178207,0.0014224333185820226
80.614,0.27588745975799905,-0.4546068069145462,0.0013156139666981315
80.634,0.271529397621659,-0.4596332926937882,0.001130573436316451
80.654,0.2668055913721024,-0.4648778618651307,0.0011804597277421391
80.674,0.26205735411993947,-0.470183121595157,0.0013032010565543206
80.694,0.2580217531359239,-0.4748957604076243,0.0010751233586047126
80.714,0.25362230737251856,-0.4799189583766243,0.0009121918105794158
80.734,0.24883512580644973,-0.48518138330844207,0.001569252068259086
80.754,0.2443851672064104,-0.4900520096230673,0.0012254269099595816
80.774,0.23974737942246147,-0.49537991806261145,0.0011451972316474657
80.794,0.23486748990764217,-0.500706693652687,0.0013403462670682487
80.814,0.2302558111488127,-0.5058573451633358,0.00125724239347752
80.834,0.22624774576555703,-0.5105914498431936,0.001191984027803017
80.854,0.22157575110620004,-0.5158264090728192,0.0011325133118360586
80.874,0.21679548279616795,-0.5210452417487215,0.0016208394939804527
80.894,0.21254030378113942,-0.5256799783930007,0.001028853470940394
80.914,0.2078259000224727,-0.5310767328216861,0.0010952853533859885
80.934,0.20301558216030843,-0.5363182777585623,0.001343412230670138
80.954,0.19856063748897362,-0.5413044939210448,0.001031372086309268
80.974,0.19414499340315913,-0.5464246949524734,0.0013035457673180872
80.994,0.18963452983922333,-0.5514035315182241,0.0013855286884826012
81.014,0.1848986537195001,-0.5566226974427224,0.001480155176083936
81.034,0.18073454950714377,-0.5613143205074483,0.0011552015374792224
81.054,0.17603215938966046,-0.5666214840211758,0.000987650870807072
81.074,0.17117039614914412,-0.5718537427408019,0.0013961238480111327
81.094,0.16710437918043364,-0.5764005084576465,0.001018290430258112
81.114,0.16248402680214086,-0.5816396603369176,0.0011649821472899113
81.134,0.15767582091792962,-0.5868479871500267,0.0015058125966606328
81.154,0.15322833872272387,-0.5917288784758644,0.0013843455195174104
81.174,0.14862561394664295,-0.5969829521032426,0.0012295363928209457
81.194,0.1435877367707026,-0.6025080798742551,0.0013052354313584646
81.214,0.13898679346097761,-0.6075965878742908,0.0014194907345070618
81.234,0.13507920935674092,-0.61211613653126,0.0011933467707973822
81.254,0.13052930899155435,-0.6171901552103157,0.001107389867754105
81.274,0.1255872416851482,-0.6225940732401233,0.001505705970811122
81.294,0.12154098805735136,-0.6270534812560257,0.0009528694734346199
81.314,0.1170491030501041,-0.6322414449480162,0.0013337497206560023
81.334,0.11222128380481941,-0.6374391030991987,0.0014857975972649984
81.354,0.10768710592651734,-0.6423977790503056,0.0015338517187239165
81.374,0.10313509143179253,-0.6475575511463729,0.001271937004258511
81.394,0.09818265031313297,-0.6529983052390761,0.0012465003229105986
81.414,0.09347600521405952,-0.6581410616163531,0.0014449216606904347
81.434,0.08942800830733685,-0.6627379441630576,0.0012680836081780389
81.454,0.0849384701442724,-0.6678277508925143,0.0011109449434842378
81.474,0.08003184603455693,-0.6730729290300148,0.0017567373522324459
81.494,0.0756199900825263,-0.6779083508389464,0.001556656657447253
81.514,0.07102386927043736,-0.6830993007146972,0.001266682094897692
81.534,0.06609637620523753,-0.6884000798517189,0.001433997674705395
81.554,0.06137975136449872,-0.6935840172995018,0.001209882612257407
81.574,0.05690817770518881,-0.6987217237228732,0.0015208875930019794
81.594,0.052547738798305446,-0.7036395554511711,0.001253911378017919
81.614,0.04797736863972443,-0.7085641230247713,0.00155364169647354
81.634,0.04363944877859783,-0.7134294880267219,0.001274790288912947
81.654,0.0390876750861419,-0.7185708402328793,0.001410164144046877
81.674,0.03426250902841473,-0.7237773005439476,0.001643043862867316
81.694,0.02974253318370109,-0.7287298618004965,0.0016842175368219636
81.714,0.025247361088832958,-0.7338308705675143,0.0012286690044787385
81.734,0.020319557729829768,-0.7392280193732041,0.001346242921503954
81.754,0.015642325923221637,-0.7443964740376504,0.0012756001731129563
81.774,0.011314127971507333,-0.7495332167040017,0.0014179312160981228
81.794,0.006870762225154231,-0.7545597756656108,0.0012277037167850446
81.814,0.0023374782856186854,-0.7594635112313245,0.001483040431079774
81.834,-0.0020765334053362283,-0.7644205192837926,0.0012203049165919744
81.854,-0.006632574633974101,-0.7696202086546966,0.0014770312993510615
81.874,-0.011111312629352114,-0.7745474806141521,0.0015316208858401348
81.894,-0.015767600245094736,-0.779693134869534,0.0014385342896765796
81.914,-0.019932035588095275,-0.7845277648782736,0.0012818364641587476
81.934,-0.02465043468207911,-0.7897371296291209,0.001297440698115826
81.954,-0.029514898728540385,-0.7950864529315608,0.0014347684598897958
81.974,-0.033674357523249036,-0.7998119526638972,0.0012087524642994951
81.994,-0.0381390499549308,-0.804781279293626,0.001010884683131652
82.014,-0.04310838899875547,-0.8101161590438243,0.0016545220184702447
82.034,-0.04744605139845347,-0.814799404293196,0.001304508288156897
82.054,-0.052089887138945565,-0.8199483550751525,0.0012039442212885276
82.074,-0.05696007530608276,-0.8251819210045916,0.001385797127332944
82.094,-0.06174036858442211,-0.8303763479533849,0.0011320789599451875
82.114,-0.06614322688785161,-0.8353596487414858,0.0014949067734433552
82.134,-0.07049497980018553,-0.840193298641954,0.0011503029510309126
82.154,-0.07512950811813265,-0.845122084378281,0.0013404590233841718
82.174,-0.0794995393740696,-0.8499893052190736,0.0012232955763092912
82.194,-0.08412120651422622,-0.8551237798273982,0.0011438525279671985
82.214,-0.08885927139284949,-0.8602046625428948,0.0016485020774612558
82.234,-0.09346940785642215,-0.8651911587705898,0.0014333678906691683
82.254,-0.09749009177194429,-0.8697452989218397,0.0010545069114550887
82.274,-0.10232989978277317,-0.874897851946367,0.00133073894615654
82.294,-0.10698637381416058,-0.8799121569515678,0.00123893046340659
82.314,-0.11126695060443398,-0.8846854783981969,0.0012908887976168515
82.334,-0.11595587931896256,-0.8897774958362085,0.001035054409955355
82.354,-0.12082560675756304,-0.8948276337950971,0.0015655457722792976
82.374,-0.12524524357947214,-0.8994921069427637,0.0011176312270947397
82.394,-0.13004820551250074,-0.9048185215740926,0.0010686713947196946
82.414,-0.13493361496891146,-0.909972257106863,0.00131228393016114
82.434,-0.1395298141580381,-0.9149595259607186,0.0010485581397854105
82.454,-0.14406545500677181,-0.9200885854421574,0.0013580810975480084
82.474,-0.14841834434245504,-0.9247216897240792,0.001190880510237552
82.494,-0.1531721348788379,-0.9297673936658188,0.0011119584547734651
82.514,-0.1577247013387446,-0.9348463726595314,0.0013275908418323157
82.534,-0.16228955662828204,-0.9398742946863616,0.0011063046980671898
82.554,-0.1669773682657923,-0.9448127155877538,0.0014199274576817966
82.574,-0.17131096483146274,-0.9495120108827303,0.0010289805184801326
82.594,-0.17588074979344326,-0.9545621031871948,0.0011553164378529934
82.614,-0.18081200440565018,-0.9596976261572024,0.0015296481550562124
82.634,-0.18545817713945473,-0.9646529870072992,0.001593021951588669
82.654,-0.19002125988660337,-0.9696598072220314,0.001125138310557161
82.674,-0.1950227621886101,-0.9750193057664807,0.0011735587417245619
82.694,-0.1997750302459275,-0.980105481785674,0.0011293421601552278
82.714,-0.20430330119269788,-0.9852222176363923,0.0011628981631309765
82.734,-0.20871938969845516,-0.9901361190336304,0.0009688628526960119
82.754,-0.21344860899014934,-0.9951176546270614,0.0013735541956364783
82.774,-0.21799747326806262,-1.0001072147368968,0.0010377129118620543
82.794,-0.22255613410278896,-1.0052197986481972,0.0013376386329591317
82.814,-0.22732308744647617,-1.0102837616140432,0.0015772203337942048
82.834,-0.23212863338481476,-1.015414938684688,0.0016291122700397287
82.854,-0.23638701871918247,-1.0200969855473951,0.0011729069061271191
82.874,-0.24128046979147266,-1.0253395445883347,0.0012575836466559576
82.894,-0.2461307293641889,-1.0305296905058907,0.001382312810127545
82.914,-0.2501440537659702,-1.0349938529655396,0.0011742586760775386
82.934,-0.254657624015271,-1.0399331600812074,0.0009719942317180097
82.954,-0.2596936322381217,-1.0451737937673187,0.0016018698743453519
82.974,-0.2639538656454215,-1.0496594720659433,0.0011758176973359902
82.994,-0.26853641574526654,-1.054696627299177,0.001277247405503612
83.014,-0.2734815443458348,-1.0598152997051964,0.0014815563767208717
83.034,-0.2782146662242725,-1.0648191551761865,0.001489382928895
83.054,-0.28217335376319475,-1.0691881227895343,0.0012233698769237855
83.074,-0.2868714508961495,-1.0741161332523705,0.001301897406796898
83.094,-0.2919248752406554,-1.0793908252118871,0.0015935608833223813
83.114,-0.29604887718465916,-1.0837741352897603,0.0011527771712277757
83.134,-0.30069928424433084,-1.088726809109009,0.0012665365535737827
83.154,-0.3057601614300349,-1.0937955109621895,0.0015977102282714872
83.174,-0.3102728955779081,-1.0984432104165995,0.0013981893373715137
83.194,-0.31496765067909405,-1.1033953127159715,0.0012902577930098968
83.214,-0.3200197228588968,-1.108482138399521,0.0014224486090247956
83.234,-0.3248133554208635,-1.1133992632843832,0.001532062103967613
83.254,-0.32907975993066463,-1.1179061058042368,0.0013103858652392941
83.274,-0.3339259079600266,-1.1230027797308075,0.0010756050227060943
83.294,-0.3388459343549067,-1.1279402093518915,0.0017092627359189538
83.314,-0.34348483290799925,-1.1327116064525253,0.001348854017035217
83.334,-0.3483322704678549,-1.1379096649995528,0.0012507504557725813
83.354,-0.3533537130178239,-1.1430417899672956,0.001537178521353405
83.374,-0.3580381732533042,-1.147910108367804,0.0012952474682988435
83.394,-0.3623522076469067,-1.1525908704792347,0.0013757477070333868
83.414,-0.3671873143976405,-1.1575997270944989,0.0013695669628500662
83.434,-0.3719657465916988,-1.1625519402375117,0.0017199510409689756
83.454,-0.37657938698394994,-1.1673417734984999,0.0011297413316782579
83.474,-0.38151884868752217,-1.1727014782214509,0.0010967575078487946
83.494,-0.3864486166744384,-1.1777384339378918,0.0014920453687097823
83.514,-0.39104480395913077,-1.1825664349400735,0.001112892251316
83.534,-0.39569608099965786,-1.1876581591877706,0.0014721556593571827
83.554,-0.4000623325298899,-1.1921974835347144,0.0013526982370728469
83.574,-0.4048409380722099,-1.197180320030337,0.0011745241318915078
83.594,-0.4095164147478286,-1.202281209236814,0.00140421473266239
83.614,-0.41412811329541716,-1.2071980822848674,0.001154265765790724
83.634,-0.4189243791052324,-1.2121668143719468,0.0014072223583890264
83.654,-0.4232255634850429,-1.2168128525047701,0.0011545121096006028
83.674,-0.4279001339882123,-1.2218458006260375,0.001047935784259879
83.694,-0.4328644505250834,-1.2269510023738686,0.0016252895696124703
83.714,-0.437356567324758,-1.2316157008243933,0.0014082720391324355
83.734,-0.44209938095876883,-1.2367311857161107,0.00114525734325574
83.754,-0.44719460768994185,-1.242035413956761,0.0013407408824662737
83.774,-0.4520380671894088,-1.2471302811417095,0.0012471465582428731
83.794,-0.4563798169493747,-1.2518862552779804,0.0013554423777842606
83.814,-0.4610155558880445,-1.2568790465164101,0.0010799302078685902
83.834,-0.46586064589410675,-1.261859630158733,0.00143093330609817
83.854,-0.4702223153305525,-1.2664848115209808,0.0010131803079219404
83.874,-0.4750361180217729,-1.2716888812631135,0.0011221584378524885
83.894,-0.47985688513945157,-1.2766514113401515,0.0014799093791491025
83.914,-0.4844469811188509,-1.281465579884211,0.0011760610742184985
83.934,-0.4886748757301646,-1.2861142668807564,0.001106868716689302
83.954,-0.4935749625767355,-1.2911744632147792,0.00134269023190281
83.974,-0.49836164680627026,-1.2961735712645226,0.00150354331558622
83.994,-0.5024958870784687,-1.300598089634126,0.0010978230767667574
84.014,-0.5072337389851579,-1.3055943456321284,0.0010269143823602722
84.034,-0.5122610009375639,-1.310679295878768,0.0015756605295505488
84.054,-0.5165286878831276,-1.3150613929949906,0.0010631554074294614
84.074,-0.5212815291237143,-1.3201150055896773,0.0010944435220152093
84.094,-0.5262480557482774,-1.325212002153812,0.0013613621891122307
84.114,-0.5309049823158762,-1.3300284825881625,0.001045367964108368
84.134,-0.5354276212078443,-1.3349198409276626,0.0011342091843573598
84.154,-0.5400881282699849,-1.3396783035349462,0.0013747179765310757
84.174,-0.5450115897447532,-1.3447317007617166,0.0014855836418888047
84.194,-0.549057953271673,-1.3490185573143352,0.0010727286302302519
84.214,-0.5536803515905955,-1.3538132425223512,0.0010054996636533198
84.234,-0.5588582314201617,-1.359060470095673,0.0014747153326570006
84.254,-0.5633855434345125,-1.3636277976395954,0.001050440343831699
84.274,-0.5677312872563917,-1.3682242466027306,0.0012397476327751789
84.294,-0.5727049766830664,-1.373115219394849,0.0014789007626271888
84.314,-0.5776295184280824,-1.3780067658858615,0.0015621458514517295
84.334,-0.5819249044869319,-1.3823414071377027,0.0011665619081193956
84.354,-0.5867885667880398,-1.387182056906388,0.0012045828402998948
84.374,-0.5920133984942288,-1.3922531718534912,0.0014005596221828565
84.394,-0.5962683052745056,-1.3965330121211674,0.0010799800290912098
84.414,-0.6009194291993222,-1.4011660207350891,0.0009372432524423768
84.434,-0.6063062817581263,-1.406290727062744,0.001466074877124468
84.454,-0.6109475393138204,-1.4107519336378804,0.0010910363618175656
84.474,-0.615504135357583,-1.4153327829153186,0.0012151871888814725
84.494,-0.6206263786895292,-1.4201541450671362,0.0015344190911658062
84.514,-0.625479056856638,-1.4247216658133548,0.001602586408822021
84.534,-0.6302884880765751,-1.4292697831525423,0.0011617889518527602
84.554,-0.6354934674199574,-1.4341944947750591,0.0011798545384540116
84.574,-0.6406762680831721,-1.4390430111388945,0.0013582764603829456
84.594,-0.6454449712441734,-1.4436767263401584,0.0012383036148010396
84.614,-0.650303329789976,-1.448363684570018,0.0012321841902581954
84.634,-0.6553780651634235,-1.452992594274987,0.0017341431512976346
84.654,-0.6603068655102605,-1.4575727317028981,0.0016276290988134212
84.674,-0.6648117511991691,-1.4618755755543895,0.001294570724501648
84.694,-0.6699898446152444,-1.4667008587359875,0.0014022052851790923
84.714,-0.6750422365542784,-1.4713792997486672,0.001552292909260261
84.734,-0.6797237232152709,-1.4757826506193832,0.001224323510647607
84.754,-0.6849253418291209,-1.4807037701070769,0.0011478297152196781
84.774,-0.6902124812382265,-1.4854867170908044,0.0016388929546632125
84.794,-0.6946725172750863,-1.4895879751294803,0.0011706317402170041
84.814,-0.6996647449354427,-1.4944052803081371,0.0013131458774158222
84.834,-0.7049218466099008,-1.4992460395712843,0.0015246185324357953
84.854,-0.7097218350841343,-1.5037072884777938,0.0013624259349860335
84.874,-0.7143594839204366,-1.5081577993550057,0.0013711428622852906
84.894,-0.7195185674434836,-1.512974564179526,0.0013485980884215543
84.914,-0.7246815942129702,-1.5177395209249687,0.001687063578371506
84.934,-0.7290996841165565,-1.5218585887742306,0.001158549884059945
84.954,-0.7342011001472086,-1.5268064597788698,0.0011643804924164614
84.974,-0.7394520662482589,-1.5316078271285314,0.0016511216697392694
84.994,-0.7441260069999159,-1.5359479548242658,0.001368081554172229
85.014,-0.7491874780400689,-1.5408238840419828,0.0012547021852790108
85.034,-0.7544815121796105,-1.5457236236668586,0.0014408930511964901
85.054,-0.7593733977541609,-1.5503271914572367,0.0012763267342905116
85.074,-0.7640774097927655,-1.5549180820241748,0.001226031340177458
85.094,-0.7688929843135799,-1.559405481586219,0.0013005388657982841
85.114,-0.7740212820064071,-1.5642101236970438,0.0013896522995399119
85.134,-0.7787857375018864,-1.5688311330124969,0.001274976602924749
85.154,-0.7836800660987002,-1.573546099552707,0.0012345479495059763
85.174,-0.7887814847302665,-1.5782663800526273,0.0017338742422664255
85.194,-0.7937856696930231,-1.5829244288092736,0.001630929428626915
85.214,-0.7980322430480558,-1.5870271396503024,0.0011317273445597964
85.234,-0.803176037094816,-1.5918061948085047,0.001379471895187001
85.254,-0.8084488860880135,-1.596665413133466,0.0012992907179794344
85.274,-0.8131020080236622,-1.6010956080017213,0.0012235773153422835
85.294,-0.817922870040694,-1.6055314563987768,0.0011963075377247334
85.314,-0.8232270762153231,-1.610348083518981,0.0016310871854232079
85.334,-0.8279654907642422,-1.6146550609602728,0.0010804636805689938
85.354,-0.8331631932097417,-1.6195982995925704,0.0011618709722805431
85.374,-0.838466482845205,-1.6243844579061157,0.001443914631880594
85.394,-0.8435311119341492,-1.629036017566882,0.001170753628522675
85.414,-0.8481840356074197,-1.633487859559726,0.001426943534388131
85.434,-0.8530347603281793,-1.6379995436848112,0.0012040301481431037
85.454,-0.8582050121914951,-1.6426912259836128,0.0014754458151494398
85.474,-0.8627447659507927,-1.6469336672121873,0.0010936182112993575
85.494,-0.8676625689415077,-1.6515654969592517,0.0009414393559175338
85.514,-0.8730782231671721,-1.6564071805065392,0.001424678796370732
85.534,-0.8776036642886866,-1.6605077606562006,0.0009509096441813192
85.554,-0.8825130955440319,-1.665177686395995,0.0010909057924382015
85.574,-0.887846056658145,-1.6699012712526886,0.0014194389052727685
85.594,-0.8926928667113446,-1.6742656782783212,0.0013437342672251162
85.614,-0.8976404250236567,-1.6789007715050728,0.0011223843091309194
85.634,-0.903045185853121,-1.6837863831258975,0.0011662826003564775
85.654,-0.9082083814415742,-1.688480756191425,0.0012968411588620832
85.674,-0.9125711138827828,-1.6925608876407603,0.0010474094979290582
85.694,-0.9175021882689748,-1.6971804185800972,0.0008318770252165875
85.714,-0.9229111165936587,-1.701924087337251,0.0015697437884903964
85.734,-0.9275892394220044,-1.7061058191552139,0.0011765629728147375
85.754,-0.9327210685634915,-1.7108665101564262,0.001100000301114984
85.774,-0.938097146705595,-1.7156306264261756,0.001397279031500387
85.794,-0.9431425756767565,-1.7202183462299712,0.0012884854615516361
85.814,-0.9475912282321737,-1.724425157119656,0.001162546904842271
85.834,-0.952711961733539,-1.7290378238475477,0.0012061926322518568
85.854,-0.9578239705465712,-1.7336668715050678,0.0015346536270590128
85.874,-0.962688528501442,-1.7380114818408878,0.0009346654140269528
85.894,-0.9679715323541208,-1.7430078420266777,0.0010872148734056286
85.914,-0.973245520387576,-1.747732964875028,0.0014868198120319698
85.934,-0.978065985026332,-1.752096155324611,0.001117716290328502
85.954,-0.9827981043214704,-1.7565737560736336,0.0012424188392786417
85.974,-0.9880349499689274,-1.7612453983137724,0.0014626695116781718
85.994,-0.9930758864815712,-1.765785496277118,0.0016329555975020948
86.014,-0.9978018536937944,-1.7700600433154894,0.0010569394196840443
86.034,-1.0030748477397733,-1.7749277035762314,0.0011084974574512296
86.054,-1.0083751311202982,-1.7796341143850969,0.0013732056862321151
86.074,-1.0134143082543436,-1.7842591761444109,0.0011339421573596797
86.094,-1.018365153475605,-1.788877208729616,0.0012469300012418194
86.114,-1.0235957814920755,-1.7935150227151897,0.0016643576544734529
86.134,-1.0285875333359735,-1.7979649099897095,0.0015249749986316063
86.154,-1.0333961142312034,-1.8023518597813093,0.001239516211313324
86.174,-1.0387418700792803,-1.8071506147672243,0.0013230154653752213
86.194,-1.0438937989728898,-1.8117604792699482,0.0013536378544546646
86.214,-1.0485638480435415,-1.8161186911853529,0.0011011613291261602
86.234,-1.0537597647849397,-1.8207520738582845,0.0011328634709362462
86.254,-1.0588848658344454,-1.825289354200072,0.0014118634005473585
86.274,-1.063924681553775,-1.8298180930199368,0.0009889183539240898
86.294,-1.0691527227499986,-1.834649746522002,0.0011431924633222013
86.314,-1.0745765458962713,-1.8393200645553658,0.0016153561786562132
86.334,-1.0795662890107054,-1.8437502701807413,0.001495664481875436
86.354,-1.083903830888752,-1.8477760883157368,0.0012184600408326196
86.374,-1.0891069795368689,-1.8523146443533252,0.0014154019721334954
86.394,-1.0944969366001724,-1.8570509956384305,0.0016289975269221657
86.414,-1.0990349121354173,-1.8610736186294152,0.0011645183493172728
86.434,-1.1040946481960745,-1.8656189569737571,0.001173878115638849
86.454,-1.109614427188225,-1.8702862904540096,0.001587805024990424
86.474,-1.1143735932180914,-1.87439018123373,0.0011875978164930523
86.494,-1.1194345112102826,-1.87897192588842,0.0013179680625944046
86.514,-1.124846534260876,-1.8835938173855087,0.0014865215745701321
86.534,-1.129868400549867,-1.8879315883887593,0.0014431700943548231
86.554,-1.134805145069027,-1.8922802990362262,0.001250061322455892
86.574,-1.1402244466556373,-1.8969960375617299,0.001252629814041284
86.594,-1.1455949770147495,-1.901630671076148,0.0015838796925934373
86.614,-1.1499989748709465,-1.9054611752937252,0.0010438171949496144
86.634,-1.1548295497068524,-1.9098579537837543,0.0009748300307326485
86.654,-1.1604120595351313,-1.9145979916871838,0.0016292298445745035
86.674,-1.1653172604098916,-1.9187955195276554,0.0013551708076626756
86.694,-1.1701970964535788,-1.9231355289780578,0.001339055987225779
86.714,-1.1755889745934878,-1.9277250094211456,0.0013645740751711266
86.734,-1.1807655881066108,-1.932140965348044,0.0015217620058743386
86.754,-1.1856099177925732,-1.936313572288137,0.0011560869406287144
86.774,-1.191039207572131,-1.9410959780833168,0.0010109621555181025
86.794,-1.1964571175061502,-1.945645882900254,0.001498004550180565
86.814,-1.201221571093073,-1.9497202307090178,0.0009617890796073669
86.834,-1.2061354221362894,-1.9541585464253277,0.001189441028062177
86.854,-1.2115449620465069,-1.958751234592785,0.0014685175596383382
86.874,-1.2165819219997396,-1.9630587248541524,0.0013491357707216545
86.894,-1.2217876383053314,-1.9676928422449942,0.0011902721792450555
86.914,-1.2273093515774378,-1.9724121125739948,0.0012198500224440134
86.934,-1.2326108214169227,-1.9769752337977753,0.0012142942372909693
86.954,-1.2376206966419805,-1.981484653187126,0.0012509868770193
86.974,-1.2427168045561607,-1.9859825354666536,0.0011055688410323283
86.994,-1.2479918866523316,-1.9904353908931596,0.0015970184549119193
87.014,-1.2529730383099238,-1.9946748512514128,0.0012649506133613486
87.034,-1.257856151580598,-1.9989944958441441,0.0011729476309904618
87.054,-1.2632795654310873,-2.003589041455115,0.0013453288365672111
87.074,-1.2684424486042687,-2.00799965235289,0.0012976757929069327
87.094,-1.2729586795787964,-2.0120004030433045,0.0011016531898239978
87.114,-1.2782064944054308,-2.016435487425952,0.0012461575253811807
87.134,-1.2836924030813945,-2.021072690986086,0.0016158611696503178
87.154,-1.2882901721751,-2.024901226479954,0.0008750910708344162
87.174,-1.2934412620175564,-2.029475204249565,0.0009614317653414695
87.194,-1.2989994103764038,-2.034026355745713,0.0014818682551628048
87.214,-1.3039743218482074,-2.0381784190722785,0.0012142727157863076
87.234,-1.3085470350975925,-2.042177797251062,0.0010274941103960433
87.254,-1.3139977329818382,-2.046638597437715,0.001376534025417403
87.274,-1.319334321229759,-2.051061847180103,0.001393310935433184
87.294,-1.3240679839697516,-2.0550850346606007,0.0011058711352957273
87.314,-1.3293690086083667,-2.0595107679130384,0.0010689824394677638
87.334,-1.3350165482874172,-2.064058612331861,0.001456181935239248
87.354,-1.3396014534534562,-2.067774652512657,0.000889972199680511
87.374,-1.3448063881125476,-2.0722072682424546,0.0011460049111391701
87.394,-1.350373084799196,-2.076672684434813,0.0014545513111842712
87.414,-1.3553180655986075,-2.080698502305089,0.0012945418726066638
87.434,-1.3605197790141543,-2.085059188631757,0.0011653273637239059
87.454,-1.3662630616825169,-2.08972741620645,0.0012301495945511998
87.474,-1.3716045969585449,-2.0940877926477497,0.00127508717432126
87.494,-1.3765243746092768,-2.0982485091295255,0.0010361507299988526
87.514,-1.3819541050610005,-2.1026547978950005,0.001044475872033046
87.534,-1.3872969732780476,-2.106978833809137,0.0012971628022826198
87.554,-1.3925512716008672,-2.1113025512900716,0.0008805211155288317
87.574,-1.3980107768793424,-2.1159364237587517,0.0009758838350541199
87.594,-1.4034956405527281,-2.1202683964486573,0.0013966687883902873
87.614,-1.4084672736074952,-2.1243308969736376,0.0010812323597439444
87.634,-1.4137440671298955,-2.1288025696768655,0.001103333989189631
87.654,-1.4192890320703044,-2.1332438803023845,0.0013145816302335411
87.674,-1.4245143522381962,-2.137494875279369,0.0013607061711642943
87.694,-1.4295252484840755,-2.141709759282947,0.0010960881420467028
87.714,-1.434897757751018,-2.1461258680363913,0.0010448339719598687
87.734,-1.4405273346959406,-2.1506306645129163,0.0014824728817458
87.754,-1.4453367931314205,-2.154480380208397,0.0010116186181980957
87.774,-1.450689885701567,-2.1589891093743305,0.0011386929219130981
87.794,-1.4560379893633066,-2.163261084521981,0.001604138805967159
87.814,-1.4613614736388043,-2.1675423794677284,0.0014532340739645544
87.834,-1.4660630287017449,-2.171502487213888,0.0012910404514446805
87.854,-1.4715627375977247,-2.17594737210762,0.001300892824640798
87.874,-1.4771288226848318,-2.1804039791163574,0.0017393726786657793
87.894,-1.4819933430058085,-2.184208560260295,0.0011066258536830964
87.914,-1.4874915659955652,-2.188778917793403,0.0012197106755778564
87.934,-1.4931301711447,-2.1931732669991475,0.001594599688178544
87.954,-1.4982550035152356,-2.197254861854169,0.001312299149618168
87.974,-1.503086429814368,-2.2012824482130675,0.0012299750578158297
87.994,-1.508659952580172,-2.205627413226621,0.0015293263510586796
88.014,-1.5138774198158735,-2.2097458828633045,0.00161504091699044
88.034,-1.5190954428814156,-2.2139381434749352,0.0012219338302425498
88.054,-1.5247699618644885,-2.218538131865038,0.001174883553687528
88.074,-1.5303562360035718,-2.2228659817954117,0.0015646726280944268
88.094,-1.5351670597624962,-2.226716659871429,0.0010892482382708901
88.114,-1.540661286400243,-2.2312706719748716,0.001282895897808084
88.134,-1.5462740498084988,-2.2357000504249447,0.0015944113443182584
88.154,-1.5512263526829464,-2.2396341417436485,0.001433965649164648
88.174,-1.556414042403035,-2.243905713848005,0.0012795755274610798
88.194,-1.5621446711672156,-2.24848138737173,0.0014118213565011695
88.214,-1.5676598738209295,-2.2529048994816465,0.0014915933948848603
88.234,-1.5727673275502874,-2.2571183775962202,0.0014298702051014633
88.254,-1.5780750935074128,-2.2614948265340087,0.0013362803266743495
88.274,-1.5833026578976592,-2.2656294027859616,0.0015806227723529909
88.294,-1.5884462209738996,-2.2697428219050084,0.0011896409956812237
88.314,-1.5935303501996199,-2.274005484060502,0.0012388545676781937
88.334,-1.599111458843568,-2.27840832770026,0.0015292467285093758
88.354,-1.6042510537644088,-2.2825090418607616,0.001513931897498877
88.374,-1.609551825737838,-2.286886628082697,0.0012254485109120805
88.394,-1.6152613304824222,-2.291474516868148,0.0012351613792258853
88.414,-1.6207096421471128,-2.2958521627758275,0.0014174309582260514
88.434,-1.625442142508017,-2.2997623374603107,0.0012627982485279299
88.454,-1.6306602727747053,-2.304086747986824,0.0011502103892060411
88.474,-1.6362775300355883,-2.3085266208216133,0.0016465717112409406
88.494,-1.6413671104892418,-2.3125817286329484,0.0015017301772899116
88.514,-1.6466703988016183,-2.3170053631545824,0.0011656252092185349
88.534,-1.6523202748715102,-2.3215296676205326,0.001306760338455698
88.554,-1.6577413484522847,-2.3259248215872126,0.0010727483514963165
88.574,-1.6628477849949448,-2.3303630958925456,0.0013077836511503071
88.594,-1.6678293788700873,-2.334497325973214,0.0009858457507064267
88.614,-1.6731958426222324,-2.338709847887378,0.001284367869938241
88.634,-1.6783625061176186,-2.343048932882601,0.001205176839202654
88.654,-1.6836819849816735,-2.3474880502983044,0.0012097449874680366
88.674,-1.688936295661546,-2.351689179373563,0.0014963797051676386
88.694,-1.6941781823338962,-2.3559304714717246,0.0012250767422914421
88.714,-1.6990626406898015,-2.360049329148148,0.0011302875026287518
88.734,-1.7045645930873952,-2.364451360588809,0.0012803001031910788
88.754,-1.7097238779460806,-2.368610604766947,0.00132100784231437
88.774,-1.7149539447503428,-2.3729587176115197,0.0011439002452013625
88.794,-1.7205736711874264,-2.377625259555818,0.0008921044778503473
88.814,-1.7261328381676366,-2.381971226910837,0.0014389909599447082
88.834,-1.730773746320127,-2.3857147740624622,0.0008958330667015735
88.854,-1.736120299337288,-2.390259413222158,0.001122403812945011
88.874,-1.7415341751822861,-2.3946442584088885,0.0014928653967943295
88.894,-1.746787445721705,-2.398926265869636,0.0013457650526138565
88.914,-1.7514800745588432,-2.402899678419791,0.0011899088974591798
88.934,-1.756883430907222,-2.4072761346356053,0.001253144287840291
88.954,-1.7623145261323458,-2.4116688494616385,0.0015685489845874145
88.974,-1.7671688845040288,-2.4156248005268823,0.0009937804050577648
88.994,-1.772700476344943,-2.420288310065656,0.0010090479564273114
89.014,-1.778235362145112,-2.424701669326273,0.001332251129857076
89.034,-1.7830585965411387,-2.4286318755268343,0.0008468219493637241
89.054,-1.7883137776329519,-2.4330481063136364,0.0009812955641779197
89.074,-1.7937972249708052,-2.4373960283169533,0.0012473001757984103
89.094,-1.7990449023337847,-2.4417759714279526,0.001069535365864821
89.114,-1.804295750642975,-2.4462072672101294,0.0011416240478828166
89.134,-1.8098220036537276,-2.450622650427646,0.0012231020115238689
89.154,-1.8150561385478479,-2.454838106702941,0.001424995872284479
89.174,-1.82019390908865,-2.459060307959099,0.0010947132304245932
89.194,-1.8258646616529766,-2.4637759520152662,0.001122164357735378
89.214,-1.8314126541969453,-2.4682047023996914,0.0015202738767077784
89.234,-1.8361989282255125,-2.472087412817915,0.0011957784003003291
89.254,-1.841509392592114,-2.4765677373951505,0.0012948460160603914
89.274,-1.84710278903349,-2.481154474893317,0.0013460462383241278
89.294,-1.852169488789958,-2.485319487079006,0.0013705822754980779
89.314,-1.8573138716264996,-2.489729277265903,0.0012290572209648354
89.334,-1.863002103536892,-2.4944937617931537,0.0011611078395843966
89.354,-1.868222893423401,-2.4988289548223803,0.0015773664091832396
89.374,-1.8730674945473729,-2.5028796495028804,0.0010145438112317828
89.394,-1.8786502029044867,-2.5077733104182354,0.0012833788021885673
89.414,-1.8839774898518113,-2.512274613669789,0.0015741479638753664
89.434,-1.889114442195824,-2.5166523286622176,0.001169319559520765
89.454,-1.8941093811701692,-2.5210879796625623,0.0016083955493988167
89.474,-1.8991157075465916,-2.525473873809398,0.0012806601169056409
89.494,-1.9042280083944543,-2.5297688380651113,0.0013152145017696903
89.514,-1.909378454821911,-2.534379796733628,0.0013896774870645057
89.534,-1.9146087590691374,-2.538985164435169,0.0012313930829785658
89.554,-1.9197976087518236,-2.5433179353309425,0.0016209351266293637
89.574,-1.9247405707024936,-2.5475592508253677,0.0011019002129549205
89.594,-1.9298277324622086,-2.552128848763583,0.0014178432014392284
89.614,-1.9350850101057604,-2.5566323234100152,0.001578531115438958
89.634,-1.940318155707963,-2.561118033022363,0.0014999992588037303
89.654,-1.9452897798165552,-2.5655168886186,0.0013047514581247255
89.674,-1.9508581642833518,-2.570319572565913,0.0013202969729308733
89.694,-1.9560090638778855,-2.5747673291239432,0.0014441873386324966
89.714,-1.9609831179129418,-2.5791913599137017,0.0012961035154620826
89.734,-1.966388667520661,-2.5840001445487637,0.0011157972961333695
89.754,-1.9718138327089265,-2.5885821772356263,0.0016200804883945985
89.774,-1.9764706741901177,-2.592562191839574,0.0012425096144630388
89.794,-1.9816510399587053,-2.5971989255905092,0.0012813105004588765
89.814,-1.9870948442746204,-2.601872244589745,0.0015074711033440658
89.834,-1.9920187045352606,-2.606157814456863,0.001466004780735608
89.854,-1.9970562683540727,-2.610694338458276,0.0013114277148466302
89.874,-2.0025672504581173,-2.615570937100915,0.0012117936409442587
89.894,-2.0078211816517912,-2.620157907357404,0.0014577857135787409
89.914,-2.0122529800764752,-2.624178054899522,0.0011765840104119296
89.934,-2.0172512566311402,-2.6287168730768933,0.0010137492549869842
89.954,-2.0227411238492237,-2.6334570985131687,0.0016884362064006342
89.974,-2.027480277221393,-2.6375707716082073,0.0014888260400408582
89.994,-2.032554857206861,-2.6420947422904333,0.0012489469701973122
90.014,-2.0380809291882303,-2.646907776907103,0.0013624816049430666
90.034,-2.043440137575119,-2.6516112087126076,0.0012992083144719169
90.054,-2.0481680757139022,-2.655893382098271,0.0013434859551793854
90.074,-2.053248487076323,-2.6603983514328515,0.0011098883938816806
90.094,-2.058654446591623,-2.6650761956310323,0.0017558565984804875
90.114,-2.0637778893456766,-2.6695304105849136,0.0014291651352370538
90.134,-2.06897509126396,-2.6742357938081964,0.001118655965300197
90.154,-2.0743442581365583,-2.678900051051471,0.0013298475382354513
90.174,-2.079596138093049,-2.683603697063074,0.001027060692623899
90.194,-2.0846111863637087,-2.688202306394729,0.0012453773400853685
90.214,-2.0895837427024926,-2.692567381421925,0.0012246667256679
90.234,-2.0948920789756107,-2.697226064813726,0.0012036515570290618
90.254,-2.099769840346878,-2.70167974236107,0.0011421827749434343
90.274,-2.104940408054373,-2.706179153834399,0.0011056134009126417
90.294,-2.1103296327641035,-2.7108526130095187,0.0015672557553051414
90.314,-2.1149760773366175,-2.714871127773234,0.0009999166818445149
90.334,-2.1201354375158705,-2.719535131229825,0.0012359967957661921
90.354,-2.1255387994344175,-2.724197949418146,0.0014028923898890266
90.374,-2.130660044593358,-2.7286506442581024,0.0013815905611034296
90.394,-2.1351027979740236,-2.73270323115611,0.001070738731961951
90.414,-2.140587683642833,-2.737424530879644,0.0012270865621756555
90.434,-2.14592050165618,-2.742017624178945,0.00130748893099783
90.454,-2.151041547638142,-2.746518841875662,0.001144002042154868
90.474,-2.156370548386036,-2.7512011633746556,0.0009706714024334262
90.494,-2.1618785320648226,-2.7557607097533574,0.0014564766745911728
90.514,-2.166549214442049,-2.75972765612095,0.0010513269345905074
90.534,-2.171728269077034,-2.7643231050850288,0.0011569214736966982
90.554,-2.177176357811413,-2.7689449776438457,0.0013895210968596639
90.574,-2.1822289610265617,-2.773282987000485,0.0014299203409343375
90.594,-2.1873022997845397,-2.77781881353317,0.0011476406024996666
90.614,-2.1928739950445446,-2.7826868841340744,0.0011126537176246731
90.634,-2.198191238615889,-2.787190973120871,0.00140378496645438
90.654,-2.2027109616152534,-2.791196572359205,0.0010777377169126079
90.674,-2.20803394739486,-2.7959794232804906,0.0011359814946079183
90.694,-2.2134202981998885,-2.800630727524868,0.0015032413091691788
90.714,-2.2181886455311526,-2.8047682948242354,0.0012924188350639243
90.734,-2.2233337088574574,-2.809386139957345,0.0012238090760216258
90.754,-2.228849048891914,-2.8141721877621095,0.0013472087280524958
90.774,-2.2339201768525654,-2.8186390076220302,0.001462482537714055
90.794,-2.238465027790446,-2.8227594797640987,0.0011928263260105043
90.814,-2.243785532912311,-2.827511005929615,0.0010930597178753498
90.834,-2.2490052686570454,-2.8320995437521765,0.0015860762359119485
90.854,-2.253743706860332,-2.8362790819161563,0.0010612921704999667
90.874,-2.259075488190037,-2.841207465120345,0.00124963691288002
90.894,-2.264507988771668,-2.845936226672186,0.0014554139701591084
90.914,-2.2693993406001853,-2.850310881851707,0.001232542728454633
90.934,-2.2740333300350275,-2.854647146817161,0.0012536365444371922
90.954,-2.279306073356255,-2.8592884329099038,0.0014397589856890713
90.974,-2.2843838807683943,-2.8638109847077122,0.001762273607614523
90.994,-2.289315705811961,-2.868170003471151,0.0011181617158917412
91.014,-2.2946033635871306,-2.8730904372811326,0.0011464809410433596
91.034,-2.2999494986577584,-2.8777600669756964,0.0015117906742355414
91.054,-2.3050596703253863,-2.882409352507841,0.0011874945413339333
91.074,-2.310173288999178,-2.887162989918965,0.0016056050337895367
91.094,-2.314744278079914,-2.8912788771647784,0.0013452304554882888
91.114,-2.3200548138559904,-2.8959632801503243,0.001283915141544717
91.134,-2.324920308144238,-2.900477170513779,0.0013622230000302216
91.154,-2.330152560238282,-2.9051028041331954,0.001349970791834354
91.174,-2.3353288700800903,-2.909640415082758,0.001773466278661734
91.194,-2.3402728198220584,-2.9140354604311662,0.0012476875453693581
91.214,-2.3455791964550436,-2.91896405326692,0.0012253337248382679
91.234,-2.3509619660921803,-2.923647223974037,0.0015501220804875204
91.254,-2.355947923616913,-2.9281003863998865,0.0011675199769879963
91.274,-2.3609222107116783,-2.9327571300225816,0.0015720060673793945
91.294,-2.3656108466854184,-2.936949604998738,0.0013345258969284512
91.314,-2.37074845082576,-2.941544231801888,0.0011861520960990413
91.334,-2.375790281203485,-2.946272270152957,0.0015290997893444014
91.354,-2.3807282701988157,-2.9508103480913968,0.001201641438573986
91.374,-2.385795411527635,-2.9552700953233884,0.0015414520493292616
91.394,-2.3907068267103533,-2.9597808482418158,0.0013162433800650297
91.414,-2.395839786064349,-2.964529317924833,0.0015388871269501614
91.434,-2.400788619068628,-2.968951181468761,0.001554352276979143
91.454,-2.405846853273028,-2.9735017337683396,0.0014314948110424885
91.474,-2.41047444260756,-2.9778269689604007,0.0013990169632437655
91.494,-2.4156807512446283,-2.98248375502576,0.0013713560960831317
91.514,-2.4208408225961144,-2.9871167357764863,0.0016126596721001696
91.534,-2.425469446579845,-2.9913459198304815,0.00124256949461779
91.554,-2.430662285080862,-2.9961190125506945,0.0010472112756372554
91.574,-2.436047813019209,-3.000843371713727,0.0015119937606292433
91.594,-2.440638302781268,-3.004947501775969,0.0010118888783950675
91.614,-2.445688145689015,-3.0096644220218316,0.0012488989539285456
91.634,-2.4510291673930205,-3.0143790993443225,0.0015166471036270612
91.654,-2.4559195234062496,-3.018742358308015,0.001444178766772386
91.674,-2.4609228791759263,-3.023368060499029,0.0012392078051818856
91.694,-2.466330976935581,-3.0282094434710234,0.0012630768155914573
91.714,-2.4715511376475297,-3.0329001940249007,0.0014348094263501865
91.734,-2.4759747510082155,-3.0370003700579367,0.0012133295750785256
91.754,-2.480922954230512,-3.0415755923914825,0.000989647044877806
91.774,-2.4862698718684504,-3.0462516677058438,0.0015603941869527516
91.794,-2.4912659841789417,-3.0506960961767082,0.0012687238041111104
91.814,-2.4964982881817672,-3.0555370042415095,0.0011985351280237588
91.834,-2.5018814120726875,-3.0603221643450724,0.0013580387059619614
91.854,-2.5069325823921353,-3.064875051459926,0.0012438323912700444
91.874,-2.511477646801794,-3.0691342740195484,0.0012171606150837566
91.894,-2.516623212946099,-3.0737509386345705,0.0012025851336687488
91.914,-2.521780201821925,-3.078384109740105,0.0016683302586074644
91.934,-2.526610185815844,-3.0826750089619606,0.0011295996867587144
91.954,-2.5319096793940923,-3.087607272150673,0.0010849313431502972
91.974,-2.537220107305137,-3.092320958407736,0.0013537448964128784
91.994,-2.5421858112363367,-3.096818619885778,0.0010005716237623252
92.014,-2.547187688341197,-3.101566046524771,0.0013711756341837078
92.034,-2.551884311806606,-3.1057886646843533,0.0011936136268244357
92.054,-2.556972405918665,-3.1103745831659966,0.001098343041833011
92.074,-2.561858466434876,-3.1150114336060333,0.0011848954961749258
92.094,-2.5668356603427704,-3.1195232583794685,0.0010893264697317273
92.114,-2.5720008303098956,-3.124165550330959,0.0013724906144111648
92.134,-2.576667730797427,-3.128492803673574,0.0010708032089071506
92.154,-2.5816701109684157,-3.133138655790378,0.0010548102623881006
92.174,-2.58692380002472,-3.137755795072843,0.0016299835579610678
92.194,-2.5919775791990376,-3.142289392310962,0.0015598942286625395
92.214,-2.596453963413018,-3.1464306450758466,0.0011680909567657605
92.234,-2.6017271168947116,-3.151145130571239,0.0012279265078802837
92.254,-2.6069103294668885,-3.1557635092028256,0.001372381001730788
92.274,-2.6116921835675204,-3.1601561198100314,0.001136644782229912
92.294,-2.6170150023778067,-3.1650545919586452,0.00093058725628406
92.314,-2.622348132106564,-3.1697082737513953,0.0015085755717172689
92.334,-2.6267457109869428,-3.1736275521841093,0.0010076352648443476
92.354,-2.6317773376839644,-3.178335400364698,0.0011634444537639566
92.374,-2.636950462800515,-3.182968493814813,0.0015275305818040485
92.394,-2.641971428774126,-3.1874995355590436,0.00137878695083693
92.414,-2.646416413190153,-3.1916808913661745,0.0011940250721696466
92.434,-2.651595249431047,-3.1963377100711026,0.0013080619864858367
92.454,-2.6568397338345293,-3.2010523413292304,0.0015018480798660028
92.474,-2.6613971224107997,-3.2052185436883267,0.0011653425323807087
92.494,-2.6665647118592037,-3.2099499242857905,0.001147756795227689
92.514,-2.671979926224798,-3.214679964884097,0.0015951643894791256
92.534,-2.6766586674900323,-3.218851652990433,0.0012424535154483551
92.554,-2.681244047862876,-3.223099477256554,0.0010027627084649715
92.574,-2.6868037543522876,-3.2279231284257106,0.0013410937706023751
92.594,-2.6917260549424045,-3.2323015268158826,0.0011300549609626065
92.614,-2.6968917254474074,-3.2369918416003767,0.0011984942114219022
92.634,-2.702236852333311,-3.2416337037660155,0.0013523937825819232
92.654,-2.7075313760427604,-3.246267931168792,0.0015040996120391503
92.674,-2.7120381389985413,-3.2503229139245606,0.0011662448655928859
92.694,-2.71702690306223,-3.2547567904366064,0.0009867809988275411
92.714,-2.722605118313806,-3.2595095678304413,0.0016238936305389695
92.734,-2.727337939612637,-3.2635572116466447,0.0011487279879550116
92.754,-2.7325057885967654,-3.2681721143581117,0.001348934620940323
92.774,-2.737972958594521,-3.2727800717400206,0.0014671982789576932
92.794,-2.7433085829512005,-3.277371100478243,0.001391802305113654
92.814,-2.747949725767309,-3.281536981901944,0.001378096141931906
92.834,-2.7531947776288095,-3.2860889649464298,0.0012422127313639897
92.854,-2.758588993172062,-3.290570370034355,0.0016999430908179736
92.874,-2.763681446321743,-3.294837552947684,0.0012185715493716331
92.894,-2.7690763136291885,-3.2996203942506304,0.001193329800469184
92.914,-2.7745707174941834,-3.304182580740568,0.0015980354504422367
92.934,-2.7797319307709354,-3.3085907928357217,0.0012881052549210126
92.954,-2.7846278479450417,-3.3129500580421136,0.0015622784128243028
92.974,-2.7896088348509265,-3.317231678082306,0.0013849260875588854
92.994,-2.794952354037471,-3.3217628840004814,0.001545227831127538
93.014,-2.7995453206225336,-3.3257837030629025,0.0012389027812775844
93.034,-2.804715114235064,-3.3302408286894734,0.001177322313508089
93.054,-2.8103315122238293,-3.3349168893533716,0.0016145517293552347
93.074,-2.8150477920392234,-3.3388715000099842,0.001097667219222248
93.094,-2.820215909481817,-3.3434280551669784,0.0012974970893255
93.114,-2.8256896156909233,-3.3479905281935913,0.0015085188013988782
93.134,-2.830721729054333,-3.3522254483994507,0.0013569302410477713
93.154,-2.8357076857000063,-3.3565594275070794,0.0013841561811206993
93.174,-2.841181315705762,-3.3611956939892633,0.0012808949267089365
93.194,-2.8464669343519406,-3.365647148072502,0.0015869754801496605
93.214,-2.851271812281781,-3.3697367531937004,0.0010989927009736888
93.234,-2.856752563758329,-3.3745329028245066,0.0010094272794430592
93.254,-2.862180043256924,-3.3790500805923775,0.0014557918223740418
93.274,-2.8668740964381167,-3.3830001608924354,0.000943839667996077
93.294,-2.8720908610331777,-3.387653750839862,0.001200659442056634
93.314,-2.8774129676253395,-3.3921803220695255,0.001617070956548755
93.334,-2.882695851862793,-3.3966983628028995,0.0015817022821767168
93.354,-2.8871158191385478,-3.40059125042511,0.0011578826391731578
93.374,-2.8923356375478684,-3.405073851055337,0.0012055920435363188
93.394,-2.897773395001468,-3.4096765667723115,0.001538753763013767
93.414,-2.9024049411627386,-3.4136316500192976,0.0010457199142333284
93.434,-2.907565466545157,-3.4181525184390726,0.0010099499742632911
93.454,-2.913089158203537,-3.4227546027570206,0.0015480559665372318
93.474,-2.917937230781469,-3.4268286750948365,0.0012649707404110144
93.494,-2.923001172850853,-3.4312783310631576,0.0011773779236700366
93.514,-2.9284461723849002,-3.435880746873171,0.0012684682050577156
93.534,-2.9337068433197286,-3.4403416605688437,0.0011588977972280812
93.554,-2.9386197155404834,-3.4447029940648966,0.0011252570335496537
93.574,-2.9436906653452057,-3.448981964906124,0.0011667320531887904
93.594,-2.9491126044789913,-3.45353482037002,0.0014276142048948448
93.614,-2.953735286366388,-3.457487358045172,0.0009882070592682202
93.634,-2.9587829319262635,-3.461879333327592,0.0009461170934327578
93.654,-2.964391544450448,-3.4664445263394064,0.0014926193313685998
93.674,-2.969312576205389,-3.470505724022922,0.001320792398557924
93.694,-2.9745475451704175,-3.4749924923572437,0.0011359908056587653
93.714,-2.980112761006791,-3.4796138893998187,0.001236324991614468
93.734,-2.98543632394941,-3.4840814238499,0.0012656632238454146
93.754,-2.9901528361717777,-3.4881647085420497,0.001184130941702194
93.774,-2.99528807702559,-3.4925705977373607,0.0008885513029672776
93.794,-3.000882444491277,-3.497087024887516,0.0016752176976248256
93.814,-3.0057258561559785,-3.5010527803161495,0.0013053055212988718
93.834,-3.010933514673752,-3.5054737924511468,0.0010704561348586494
93.854,-3.016428975658214,-3.510026217908409,0.0013997210969103058
93.874,-3.0218024509945227,-3.514526517017099,0.0010479176897839615
93.894,-3.0269432323471186,-3.5190219716960596,0.0013948815911758727
93.914,-3.0320209470590367,-3.5232822840765445,0.0012029899468237737
93.934,-3.037425606557239,-3.527737278864226,0.0014920236811160892
93.954,-3.042178833889655,-3.53171701187256,0.0010329427164816052
93.974,-3.047584161011174,-3.5363474775657897,0.0011061431762569018
93.994,-3.0531013243480345,-3.5408551044591556,0.0014606394730776462
94.014,-3.057898370802112,-3.544797294045959,0.001053436792126966
94.034,-3.063307088575151,-3.549467178128418,0.0011726928424644623
94.054,-3.0688183046927398,-3.554028639226005,0.0013978985565125113
94.074,-3.0737971147865877,-3.5582002706079834,0.0012579131900840868
94.094,-3.0789910541158108,-3.562715720723671,0.0012208041310970974
94.114,-3.084646044520292,-3.567453886910969,0.001252695136071541
94.134,-3.0898936423938803,-3.57187413350452,0.0016065522643742836
94.154,-3.0943716523735114,-3.5756733310443356,0.0010184498815471732
94.174,-3.0998440192180334,-3.5805043655783892,0.0012249534288575337
94.194,-3.1051415545936467,-3.5849941371024707,0.0016601330245024637
94.214,-3.1101637659487746,-3.5893013883283107,0.0013839086425501135
94.234,-3.1147880862424873,-3.593471264731173,0.0013049105771988923
94.254,-3.120169917684752,-3.598012854312159,0.0014687825529064447
94.274,-3.12544107373887,-3.6025210570602684,0.001650824054857447
94.294,-3.129964839075717,-3.6064326884193587,0.0011947300150385864
94.314,-3.135193432316255,-3.610958611132798,0.0011692723775895142
94.334,-3.140714912757116,-3.6156499796638664,0.0014880443623137563
94.354,-3.1454154772532608,-3.6196704657836483,0.0010834671599781465
94.374,-3.1503929021503594,-3.624052518118814,0.0010360416385013227
94.394,-3.1560092686390386,-3.628704941934113,0.0015942398421544268
94.414,-3.160969316529437,-3.6328343874069287,0.001268492608984484
94.434,-3.166249220824216,-3.637447527730544,0.001324158099958922
94.454,-3.171813241349617,-3.642044332798433,0.0014396988248423226
94.474,-3.1772201638933977,-3.6465806156054925,0.0015188736382530654
94.494,-3.181772424726853,-3.6504987685826666,0.0013142721161741866
94.514,-3.186859947932583,-3.6548876055061705,0.0011666388483702328
94.534,-3.192417471207228,-3.6594051187700134,0.0017892789482134575
94.554,-3.1974079375319198,-3.663527851094002,0.0014847405296701532
94.574,-3.20269027740923,-3.6680778679204358,0.0012223389256632577
94.594,-3.2082080156069495,-3.6726531561241194,0.0014314894777320564
94.614,-3.213575322973547,-3.6772526439122415,0.0011988562806252712
94.634,-3.2185679638218416,-3.6816466823471274,0.0011791684371178224
94.654,-3.2239546028713817,-3.68609922888846,0.0013568878695637832
94.674,-3.2293995983339503,-3.6906537222288778,0.0013284518084338282
94.694,-3.234400405367297,-3.6950345543097263,0.0012729951300947118
94.714,-3.23951152488755,-3.699402334309923,0.0009981539488805036
94.734,-3.2451413587040197,-3.7039533021959294,0.0017561226448296607
94.754,-3.2501617019987283,-3.7080352307637816,0.0014587108089887668
94.774,-3.25541445798554,-3.712528374507069,0.0012393011094223028
94.794,-3.2609797030987866,-3.717098902786776,0.0014014115144777295
94.814,-3.2663870152955123,-3.7216128608119234,0.0011496352697995815
94.834,-3.2714341815770616,-3.7261031692166204,0.0013210889504896017
94.854,-3.276314820795297,-3.7302198845400576,0.001138244753098483
94.874,-3.2815828059891055,-3.734535782898893,0.0012941146655433278
94.894,-3.286753363699142,-3.7390530590205984,0.0011307648540751225
94.914,-3.291974053798819,-3.743538553297388,0.0010744415166838994
94.934,-3.297220352544432,-3.747838489738636,0.0013706217220288974
94.954,-3.30244613157967,-3.752269916692322,0.0011427100325536454
94.974,-3.3075980600395956,-3.756769783145098,0.0013190323464647158
94.994,-3.3128865056094905,-3.7611636829569264,0.0014893501540823584
95.014,-3.318349195356559,-3.765712034419767,0.001683661753458271
95.034,-3.3229722387429934,-3.769586456196588,0.001045380794697598
95.054,-3.3280873543729785,-3.77393839740079,0.0010860910939817225
95.074,-3.3337587219034384,-3.7786023063819556,0.0014970730755588246
95.094,-3.338506233876514,-3.782458215034167,0.0009367650480019696
95.114,-3.3436854446050885,-3.7869187097331087,0.001124388597999404
95.134,-3.349205673541805,-3.791421803477868,0.0014258122450457322
95.154,-3.3542288912024443,-3.795520126901409,0.0012485418080437904
95.174,-3.359461454839466,-3.799933560860995,0.0011442044944606766
95.194,-3.3650422081189104,-3.8044865986809873,0.001248948339629824
95.214,-3.370352903837796,-3.808858636504828,0.0013055777347453779
95.234,-3.3747878287724578,-3.8126008843232837,0.0011008626815768585
95.254,-3.379282413367855,-3.8164012531511675,0.0008351082946070065
95.274,-3.383876598920592,-3.8200713692382244,0.0013295582944388151
95.294,-3.387945053485496,-3.8235445330080617,0.0012149865481321243
95.314,-3.391501039782798,-3.82649556995101,0.0008427995442394365
95.334,-3.3949552435108292,-3.8294252417091657,0.0009442507623016738
95.354,-3.398131712428089,-3.832007158175342,0.000851250007128268
95.374,-3.401046701573122,-3.834349788907211,0.0010606103980356496
95.394,-3.4037687225601774,-3.8365783979377786,0.0011230684678965597
95.414,-3.4063361076554712,-3.8386624004409846,0.0010693527828975757
95.434,-3.4087413637662065,-3.8405741889560274,0.0008867783229177806
95.454,-3.410966737265759,-3.8424230893628972,0.0010530857159659068
95.474,-3.413035830857041,-3.8440302709037306,0.0011559639581231185
95.494,-3.4150938931803214,-3.8455818083625,0.0011946259807936732
95.514,-3.417014208027053,-3.846963662637633,0.0011633935461650424
95.534,-3.4188638332023693,-3.848231126313044,0.0010422540625124876
95.554,-3.420623837366534,-3.8493722154780876,0.0008412563136414863
95.574,-3.4222957541303227,-3.850570291707589,0.0008691393839697636
95.594,-3.4240197403730583,-3.851719152808217,0.0010270444167836956
95.614,-3.4258610761015746,-3.852900667026805,0.0011015885182880936
95.634,-3.427742145089402,-3.85405633672733,0.0010895288788711766
95.654,-3.429645149439673,-3.855168892275894,0.000990298365890513
95.674,-3.431582928797464,-3.856246740314526,0.0008002196670049977
95.694,-3.4334927951194105,-3.8573677702143567,0.000679610130382563
95.714,-3.4354137122496526,-3.858480672731117,0.0008573395738544487
95.734,-3.4372585508712765,-3.8594917322668287,0.0009542671334745179
95.754,-3.439214629443249,-3.8605125029943457,0.0009620052659390643
95.774,-3.44113836709758,-3.8615617873885104,0.0009211236124365973
95.794,-3.4430433504477596,-3.8626422613961697,0.0008182160200954636
95.814,-3.445061046579545,-3.8637190221429187,0.0006308858252384864
95.834,-3.4475186981491275,-3.865147078946587,0.000944838215500371
95.854,-3.4502062923593884,-3.8665514368151626,0.0011544951358720412
95.874,-3.453436748904941,-3.8681652420141197,0.0012480189325183855
95.894,-3.45701667716512,-3.8698849940722564,0.001140537518892204
95.914,-3.4608795644317363,-3.8717263682208576,0.0011321779961840361
95.934,-3.4652028122527154,-3.8737142012044115,0.001292940906043205
95.954,-3.4695744767296937,-3.875603794926481,0.0012296857696670327
95.974,-3.4744998398301825,-3.877657672060654,0.0007938321708785279
95.994,-3.479586225713932,-3.8798309515722598,0.0009796126235219749
96.014,-3.484835952062799,-3.8820524790463224,0.001296889441224608
96.034,-3.490141079870173,-3.884218701660462,0.0012739368702824883
96.054,-3.494585502791881,-3.8858699500615317,0.0008715396585716739
96.074,-3.4998450215829826,-3.8880571768613277,0.0010387496992952105
96.094,-3.505048746782995,-3.8899487446229877,0.0012028414609346338
96.114,-3.510147077457336,-3.8919738196432787,0.0011199318553828108
96.134,-3.515397657603842,-3.8940291121435338,0.001182852603792417
96.154,-3.520766517352908,-3.896002390500489,0.0012482180363040107
96.174,-3.5259345652209855,-3.8978217358580607,0.0010401868936361913
96.194,-3.5313279033781138,-3.8996647407533733,0.0008771727376941651
96.214,-3.5366680751233956,-3.9016826222513745,0.0012702645121985545
96.234,-3.5419776831153382,-3.903459696399037,0.0014363338793616232
96.254,-3.5469605875581474,-3.905025290126733,0.0011390361441697694
96.274,-3.5523683885149486,-3.906798527932289,0.0007429735745344834
96.294,-3.5578275196413514,-3.908589413924093,0.0011016506606968957
96.314,-3.563298594989008,-3.9103433972995556,0.0012357988419226529
96.334,-3.5683234155608883,-3.9118121741105574,0.0011582402216437082
96.354,-3.5734152492753632,-3.9133884121541183,0.0011030843002411694
96.374,-3.578912208699699,-3.914976783637639,0.001045939660274331
96.394,-3.584041702792915,-3.9163967642051087,0.0010139306657610536
96.414,-3.589417846841579,-3.917942778287914,0.000900262716175021
96.434,-3.5952614625022448,-3.919709790644676,0.0012042481378385927
96.454,-3.601189012563311,-3.9213121630255277,0.0012316769535693495
96.474,-3.607295747034358,-3.922956744549238,0.0007400941198012212
96.494,-3.613747322745085,-3.9247728030314115,0.0011465191916129325
96.514,-3.6203474032767504,-3.9265591429776614,0.0012887926784470594
96.534,-3.6264703205860833,-3.927995878668385,0.001002535956652506
96.554,-3.6330015446073607,-3.929606642594927,0.0008268794883011799
96.574,-3.639831916206286,-3.931533413283271,0.0012661374751171683
96.594,-3.6465203390259666,-3.9332256597008683,0.0011920634719141676
96.614,-3.652667982663922,-3.9347424334945154,0.0007310504229663395
96.634,-3.659511827270119,-3.936620849179736,0.0011613919098505954
96.654,-3.666390810044786,-3.9384251339792544,0.0011819926689060345
96.674,-3.6727341105632862,-3.9400207336323523,0.0008807315904542645
96.694,-3.6790027792111517,-3.9415918408391772,0.0010339383539670344
96.714,-3.686014698474287,-3.94345471513957,0.0012349418706359416
96.734,-3.6924667140370317,-3.9451401045244867,0.0010632624096076349
96.754,-3.69878656707834,-3.946718989110981,0.00084671049737442
96.774,-3.705822118571911,-3.9487002701701353,0.0012900058583026341
96.794,-3.7125142383037306,-3.950437666785563,0.0012044116260229165
96.814,-3.7187670452656163,-3.9521544621492346,0.0007706669602879912
96.834,-3.725622256230081,-3.9540775300671362,0.0012524106642029242
96.854,-3.7324838666293725,-3.9559181667094183,0.0012479036815350453
96.874,-3.738593670871692,-3.9575398136825193,0.0008256349436714383
96.894,-3.745225189470642,-3.9593031938334153,0.0010127470512547032
96.914,-3.7521664714907854,-3.9612356996408113,0.0012968637069835642
96.934,-3.758802831751007,-3.962996897965795,0.0012106864454379807
96.954,-3.764817425164236,-3.9644500382167287,0.0009095057955911534
96.974,-3.771676738247525,-3.966388407654515,0.0013088076994379472
96.994,-3.7783347931840696,-3.968169606963859,0.0013585931917445837
97.014,-3.784375262396073,-3.9697234129550902,0.000793471340961388
97.034,-3.7911306829642073,-3.9716124009799345,0.0012570185232512465
97.054,-3.7980803265683574,-3.9735270886118546,0.001349360726842802
97.074,-3.804534253392374,-3.975318809508614,0.0010604297973908494
97.094,-3.8106101597139546,-3.9769212725950966,0.0010055034952873299
97.114,-3.817689840119098,-3.978979278826375,0.0013462456388039779
97.134,-3.8241459124233947,-3.9807391888525494,0.0012482548179176822
97.154,-3.8303797862441864,-3.982396475705658,0.000885652806782905
97.174,-3.837223806699663,-3.9844352914906938,0.0014120940171944707
97.194,-3.8440320855330943,-3.986336245301883,0.0014366351260633736
97.214,-3.8498938931336255,-3.987881761555752,0.0008164872478836904
97.234,-3.856718742362473,-3.9897977164914393,0.0012270051335918075
97.254,-3.8635673742157843,-3.991792954561939,0.001400506157118675
97.274,-3.869808302993859,-3.993501898987372,0.00109152179394445
97.294,-3.876438794133567,-3.9953124144727337,0.0009449705994222235
97.314,-3.8833165133889183,-3.997407663004929,0.0014635496783386714
97.334,-3.8900834211686424,-3.999309428991203,0.001318136480416704
97.354,-3.8962760192848362,-4.001075478339152,0.0009067278561818715
97.374,-3.9031072730365937,-4.00312013033009,0.001372893738482317
97.394,-3.909881310216182,-4.005050832773956,0.0014325930231632034
97.414,-3.916032217893293,-4.00677968055263,0.0009210720588009313
97.434,-3.9229050894937587,-4.008681194053544,0.0011640667901141877
97.454,-3.929706830814383,-4.010709501166278,0.0013712430389948849
97.474,-3.9364362854852035,-4.012581704381272,0.0012450661145954611
97.494,-3.9426060295318397,-4.014177132847577,0.0009854677697087033
97.514,-3.949536138312602,-4.0162714153829455,0.0014668309748592234
97.534,-3.9561715351520803,-4.018155355960047,0.001433387155270166
97.554,-3.9623735396737345,-4.01986609027272,0.0008332526029631582
97.574,-3.9691774005402007,-4.021901234055408,0.0013973592965857984
97.594,-3.9761861951375335,-4.023950417979504,0.0013932153882924292
97.614,-3.982561420144199,-4.025805832689231,0.0011555876055805991
97.634,-3.9885680319770485,-4.027480083605431,0.0010846931885667155
97.654,-3.9955324798029572,-4.029576751811044,0.001384291309606378
97.674,-4.00189537156796,-4.03144010719752,0.001256812019610254
97.694,-4.008059400217317,-4.033174196929303,0.0009013952885664478
97.714,-4.014874317389385,-4.035341733834436,0.0013811379677836078
97.734,-4.02164978727243,-4.037386539294174,0.001345506470196628
97.754,-4.027604953355722,-4.039138453402614,0.0008197502997469852
97.774,-4.034301283321126,-4.041195947517969,0.001228617815397376
97.794,-4.0411617916195075,-4.043288786857721,0.0013357552506896575
97.814,-4.047329616035403,-4.0451287731039525,0.0009945217435206044
97.834,-4.05383670314537,-4.047104343206725,0.0009462123280954138
97.854,-4.060673530670699,-4.049264397696344,0.0013166604109866031
97.874,-4.067130580107582,-4.051204762034372,0.0012085195580569807
97.894,-4.073618986568561,-4.05310142927342,0.000833078619614902
97.914,-4.08040085987107,-4.055258978719834,0.0012744964722790075
97.934,-4.087211237934628,-4.057330702394532,0.0012381898721259277
97.954,-4.093145495395015,-4.059062128389329,0.000757707986054984
97.974,-4.099591106160886,-4.061017991616242,0.0011613549511370336
97.994,-4.1065794859085205,-4.063183052068719,0.0013052942143872703
98.014,-4.112557738851001,-4.064824320315067,0.0010043181423801395
98.034,-4.118795889410267,-4.066680768561016,0.0007669684425354872
98.054,-4.12572807165074,-4.068963427172138,0.0012687435258965374
98.074,-4.132352994145134,-4.070967983683639,0.001189003849027953
98.094,-4.138498963639662,-4.072916456463119,0.0007372727715816985
98.114,-4.145255086873489,-4.075067703738708,0.0011881941848631283
98.134,-4.1520324084107765,-4.0771958194904,0.0012036343193944365
98.154,-4.158397783113015,-4.079157914395085,0.0008972624407308782
98.174,-4.164555105236232,-4.0810186958258665,0.0010255927133792364
98.194,-4.171532535183549,-4.083270646789525,0.001232407194787899
98.214,-4.177683284371108,-4.085174213546008,0.0009920133005089093
98.234,-4.184247479004035,-4.087196626183873,0.0007811550194379846
98.254,-4.191016065653121,-4.0894681007495945,0.0012581012178572992
98.274,-4.197795470638863,-4.091631068968843,0.0011331253118515294
98.294,-4.203739451979778,-4.093414728129374,0.0006407348548258807
98.314,-4.210385264831051,-4.095523301310552,0.0011336525477205484
98.334,-4.217088129090918,-4.097663976561052,0.0012846879607378014
98.354,-4.223327622624262,-4.099663762211788,0.0008258108502837147
98.374,-4.230041682792122,-4.101790945868623,0.0009528083645456153
98.394,-4.236812712871928,-4.104074313748049,0.0012192182636393545
98.414,-4.243579685673824,-4.106246479935029,0.001051859769536423
98.434,-4.249533008570467,-4.108012321028645,0.0007865890710928025
98.454,-4.256335418734446,-4.110324227579416,0.0012918242360818455
98.474,-4.262852567480094,-4.112393759971127,0.0012600430651122652
98.494,-4.269075127237378,-4.114428574354283,0.0006497637324623939
98.514,-4.27575693407941,-4.116647463180267,0.0012071197386168409
98.534,-4.282584966185054,-4.1189413411945,0.0013177609869210738
98.554,-4.289140738206423,-4.121135481485589,0.0010707696245803588
98.574,-4.295068324157084,-4.122992997971867,0.0008859913679814257
98.594,-4.301953670409368,-4.125432815396336,0.0013083101570072753
98.614,-4.308139010028747,-4.127412403397562,0.001193398977659188
98.634,-4.314454197828268,-4.129497817061666,0.0008506025255452243
98.654,-4.32115119368293,-4.131872655144319,0.0013277621456229682
98.674,-4.327908209819852,-4.13415771926187,0.0012996191769715781
98.694,-4.333898740651238,-4.136137246707581,0.0008508928436983254
98.714,-4.340351484785481,-4.138315753726167,0.0011636938016464649
98.734,-4.347141337362249,-4.140649859402864,0.0013684718951778863
98.754,-4.353329880100788,-4.142696133944366,0.0011333896390121334
98.774,-4.359659499772109,-4.1447985751382195,0.000947637990603406
98.794,-4.366548082383324,-4.147284293804495,0.0013365870708715588
98.814,-4.373169861942995,-4.1495428222889,0.0013414656550584936
98.834,-4.378973044734453,-4.151396713979699,0.000919685934996306
98.854,-4.385675918113761,-4.1537516276565425,0.0013242919060621472
98.874,-4.392276969764193,-4.156025557524038,0.0014451277184444056
98.894,-4.3983450376525575,-4.1581376529758645,0.000919865761041555
98.914,-4.405018606330124,-4.160390789466952,0.0011815824862691227
98.934,-4.411787351574835,-4.162794577109556,0.0013983937088636322
98.954,-4.4183599060419425,-4.165044658104714,0.0012554485638622548
98.974,-4.4241512177757,-4.166884506494379,0.0008816037810405464
98.994,-4.431005500925963,-4.169400346207911,0.001417509325020272
99.014,-4.437383681849634,-4.171463155485085,0.0013315609817521057
99.034,-4.443815009798468,-4.17375201387741,0.0008987807542165105
99.054,-4.450498569405115,-4.176138157068881,0.001346002222280901
99.074,-4.457243441072794,-4.1785352067782835,0.0014110411502529785
99.094,-4.463589336160466,-4.1808234370775725,0.0011203263588438483
99.114,-4.469613264356826,-4.182892741728707,0.001067231965750426
99.134,-4.476503396058594,-4.185469783782205,0.0014622503722674096
99.154,-4.482734106342342,-4.187674392395255,0.001265597472095592
99.174,-4.489061598507106,-4.189932180281154,0.0009337268926055131
99.194,-4.49574122084731,-4.192484457959736,0.0013852331200025214
99.214,-4.502454614291862,-4.194941626833463,0.00133005274601658
99.234,-4.508350075982547,-4.197064932565163,0.0008507666679121173
99.254,-4.5146036777869085,-4.199313380426479,0.0012286060789298558
99.274,-4.5213969870385,-4.201843103436401,0.0013686390426984885
99.294,-4.527456179815304,-4.2040424538939565,0.0011584504173223487
99.314,-4.53362839831591,-4.206207553113321,0.0009486997983444989
99.334,-4.54026857194836,-4.2088003213426575,0.0013329988857775088
99.354,-4.546635458928973,-4.211115290107694,0.0013268575752852507
99.374,-4.55265983785621,-4.213263398880722,0.0008803687597570553
99.394,-4.559309625961728,-4.2157915317191135,0.0013482913653825035
99.414,-4.566004691166253,-4.218275989413357,0.001353969249068665
99.434,-4.572014567020048,-4.220431381996913,0.000951363487806306
99.454,-4.578507673095673,-4.222845979328834,0.0010880140491498214
99.474,-4.585156309269945,-4.225319545755969,0.0013061742578784619
99.494,-4.591390992387718,-4.2275985417624975,0.0010915996298191122
99.514,-4.597594509116343,-4.2298400360666655,0.0008403969084419816
99.534,-4.604262198286342,-4.232436035347165,0.0012892570547168858
99.554,-4.6108187903353395,-4.234855437966189,0.0012830144785269948
99.574,-4.61662616938566,-4.23689777500988,0.000811566578180628
99.594,-4.6232416486518755,-4.239417951198359,0.0012361446352984473
99.614,-4.629751029469178,-4.241832438363605,0.0013136106842241146
99.634,-4.635945264053283,-4.244129002682418,0.0008245929278573039
99.654,-4.642536305198606,-4.246568180333345,0.0009796968116936589
99.674,-4.649217521755389,-4.249123544324914,0.0012565414407409714
99.694,-4.655710846088235,-4.251549296561127,0.0011435109947281197
99.714,-4.66147323524232,-4.253574787430394,0.0008025469059241841
99.734,-4.668132916593203,-4.256180791252286,0.0012858362539303336
99.754,-4.674721434384071,-4.258630040010792,0.0012563764985331627
99.774,-4.680531097376768,-4.260783325388586,0.0006868686048854822
99.794,-4.687121746901589,-4.2633529637031815,0.0011906421623908703
99.814,-4.693762242509371,-4.265875841683206,0.0013300162456028886
99.834,-4.699737352299653,-4.267973816584738,0.0009429322817707531
99.854,-4.705881015622463,-4.27027476706315,0.0009167040958140138
99.874,-4.712822202743483,-4.273036816590379,0.0012025602278525893
99.894,-4.719219466556778,-4.2754610605884835,0.001181079202873525
99.914,-4.725030071944274,-4.2776856049035805,0.0007799923481792148
99.934,-4.73161897977517,-4.280371305681168,0.0012808347887399152
99.954,-4.738200020444069,-4.282925037050916,0.0012879263425843446
99.974,-4.743986469424019,-4.28507684795795,0.000677831475680235
99.994,-4.7505009658756965,-4.287655640284866,0.001112703164104778
100.014,-4.757177044634375,-4.290315314183563,0.0012632756397198408
100.034,-4.763160371399212,-4.292662981921879,0.0009829199281054524
100.054,-4.769283994426938,-4.295055681603421,0.0007848941224995187
100.074,-4.775980085550864,-4.297855579346217,0.0013333974856603314
100.094,-4.782438036526688,-4.300374864748498,0.0012290565420768618
100.114,-4.788266111969316,-4.302706646090242,0.0007930161719673645
100.134,-4.7948289234471195,-4.305406371224998,0.001250889373751285
100.154,-4.801446247907914,-4.308041512951474,0.0012570466571096561
100.174,-4.807585052688371,-4.310448792658841,0.0009060825379011705
100.194,-4.813871987100468,-4.312908050941217,0.0010781981164942056
100.214,-4.820486008873067,-4.315611738692137,0.0013320701724212625
100.234,-4.826441670510926,-4.317878131596747,0.0010657267547373173
100.254,-4.832890516903422,-4.320406000257323,0.0008777394560990082
100.274,-4.839472046584419,-4.323164894286132,0.0013849138588628018
100.294,-4.846089114233538,-4.325815778289555,0.0012452057838115704
100.314,-4.851778640853348,-4.328001305990276,0.000845985069965971
100.334,-4.858309490543438,-4.330680440496876,0.0012535916673462877
100.354,-4.864898471122659,-4.333351156598541,0.0013598960848204555
100.374,-4.870829941571219,-4.335732220604064,0.0009407851807566037
100.394,-4.877354945560882,-4.338353021766503,0.0010652505751956587
100.414,-4.88394479564149,-4.341115956092725,0.0013696902088476681
100.434,-4.890448361078572,-4.343728360920445,0.001278960406538271
100.454,-4.896023213751579,-4.345796404884547,0.0008858150137644738
100.474,-4.902694919267603,-4.348621289652213,0.001417604382826232
100.494,-4.909182875228627,-4.351268934459449,0.0014296996085856883
100.514,-4.914917562236086,-4.3535875385354785,0.0007792217701921844
100.534,-4.921423244191583,-4.356258547823496,0.0012801454465594386
100.554,-4.928054248037227,-4.359012586271451,0.0014073972177232608
100.574,-4.933896982100421,-4.361431485973848,0.0010871846108755912
100.594,-4.940193816632359,-4.363977806194579,0.0010550434579059687
100.614,-4.946732632438736,-4.366793824757721,0.001392972916469365
100.634,-4.952976072242676,-4.36937429928887,0.001342379272934957
100.654,-4.958971019451103,-4.371786991947494,0.0009373133314315718
100.674,-4.965518845167487,-4.374589805794179,0.001426071761223252
100.694,-4.972143047109752,-4.3773280449419625,0.0013745607560775308
100.714,-4.977789247246462,-4.379663273280615,0.0008713104858999454
100.734,-4.9842333999408215,-4.382346131155949,0.001222918666022449
100.754,-4.990858077065987,-4.385146325676402,0.0014061860969778184
100.774,-4.9968599837986645,-4.387652862454971,0.001123651833944972
100.794,-5.003104438991518,-4.390175355356674,0.0009185024853193835
100.814,-5.009719530563667,-4.393089479380783,0.001386779578203795
100.834,-5.0162205163420985,-4.395818622615118,0.001344349162294839
100.854,-5.0219065767887665,-4.398103851390643,0.0009081507690323343
100.874,-5.0284132406778665,-4.4009124528854935,0.0013491941477122016
100.894,-5.034896463441902,-4.403679682184308,0.0014699324094493704
100.914,-5.040916541483479,-4.406227365260028,0.000999036814466614
100.934,-5.047021988789694,-4.408858005081705,0.0011930850598027565
100.954,-5.053871060302681,-4.411883377737665,0.0014512801859712932
100.974,-5.06017709414842,-4.414573469544174,0.0012668629250762176
100.994,-5.065847338230403,-4.416903801497962,0.000900193298816715
101.014,-5.0723569505218125,-4.419852898385497,0.0013313049437162494
101.034,-5.078764215572131,-4.422662319247329,0.0013570763553861775
101.054,-5.0844356312511785,-4.425103562916202,0.0008237199583169541
101.074,-5.090835562834568,-4.427970954018148,0.0012205094728231225
101.094,-5.097406852531587,-4.4308705635032055,0.0012981014210375619
101.114,-5.1032036103804455,-4.433379159583216,0.0009469938156841384
101.134,-5.109505391274367,-4.436128194508868,0.0009375150010818567
101.154,-5.1160107954306095,-4.439091666843234,0.0012894227455585994
101.174,-5.122220036874618,-4.4417785833770695,0.001225121653214728
101.194,-5.1281006065923656,-4.444261309417457,0.0008918273716118086
101.214,-5.134567772800872,-4.447194420434496,0.0012303062591370317
101.234,-5.1410521187123,-4.450061442954815,0.0012462047004274113
101.254,-5.146645920268678,-4.452485797173911,0.0006771632263075367
101.274,-5.153062576271288,-4.455321469139391,0.001130215794638234
101.294,-5.159603369301484,-4.458262762985815,0.001268088787540922
101.314,-5.1654585256214105,-4.460692636321961,0.0009777444362268073
101.334,-5.1715313003465555,-4.463344183994504,0.0008263781400863757
101.354,-5.178149796575693,-4.466423765690975,0.0012434214864950333
101.374,-5.184530899394637,-4.4692702147559205,0.0011944141426300237
101.394,-5.189925246038366,-4.471534167878848,0.000719639689782281
101.414,-5.196368255465289,-4.474545068516199,0.001244144026846361
101.434,-5.202730895248201,-4.477409949083098,0.0012676009707311697
101.454,-5.208580217394428,-4.480068331471052,0.0007216257870467924
101.474,-5.214963913910381,-4.482955037452312,0.0010383423797591662
101.494,-5.221492438293676,-4.485986928934301,0.0012334652186672401
101.514,-5.227831869007025,-4.48888331200099,0.001036754141409274
101.534,-5.2334205963992515,-4.491285820532347,0.0007737409043610255
101.554,-5.239963375478206,-4.4944269236109795,0.001233719782162357
101.574,-5.246090141787557,-4.497166592487695,0.0011890634705952752
101.594,-5.252050267785177,-4.499875841879094,0.0007593677222008655
101.614,-5.258404902019285,-4.502881517570538,0.0012175123025140455
101.634,-5.264439724794835,-4.505683837161076,0.0012753712157081987
101.654,-5.269976717781171,-4.508282808820186,0.0010237679222367402
101.674,-5.275266243832029,-4.510683364961787,0.0008881320278993354
101.694,-5.280608125073244,-4.5133117568916274,0.001314015072232999
101.714,-5.285624178725609,-4.515710137197272,0.0012753290162112463
101.734,-5.290497163022271,-4.518107252924605,0.0009042596090151345
101.754,-5.2956312877254845,-4.520501469120702,0.001103854870241644
101.774,-5.300548557325421,-4.5230201641069465,0.0009621265263985157
101.794,-5.305468273758507,-4.525576904293644,0.001007581124526813
101.814,-5.310444856046078,-4.52804026664392,0.0011384879220211752
101.834,-5.315543878104059,-4.53071687669715,0.001296310602546702
101.854,-5.320359582913838,-4.533300408812081,0.001186322721002192
101.874,-5.325339835562194,-4.536078805738756,0.0006556001512024456
101.894,-5.330402192363319,-4.5388130983649955,0.001076849079231612
101.914,-5.3354196770364135,-4.541622962924177,0.001312053496598825
101.934,-5.340309989542099,-4.544395899208832,0.0012824530143142887
101.954,-5.344688972379535,-4.546857202387279,0.000920250015182561
101.974,-5.34981501607463,-4.54972237133017,0.0009619172515787089
101.994,-5.354608041486372,-4.5526157167064465,0.001307025623651481
102.014,-5.359117121405479,-4.555239703592062,0.0011347401559458348
102.034,-5.363999275486656,-4.558046912271772,0.0012344271758470415
102.054,-5.3688900439712315,-4.56105688224554,0.0012577412937773425
102.074,-5.37348547966579,-4.563934756734864,0.0009883364266727868
102.094,-5.378404006540621,-4.56709005734499,0.000990183404365047
102.114,-5.383256632678624,-4.570031715065009,0.0014599638313528007
102.134,-5.38770183526534,-4.572852808485827,0.0014648601795300975
102.154,-5.392085997870479,-4.575818035980097,0.0011792660987830217
102.174,-5.396851636963264,-4.578883604862739,0.000737049420789504
102.194,-5.401589182020828,-4.582099666286068,0.0011695364131401598
102.214,-5.4063615820398905,-4.5853031224665175,0.001296761809054886
102.234,-5.4108658901559705,-4.588410847852823,0.0011721248536959439
102.254,-5.415236526921304,-4.591298834883972,0.0011457352809111088
102.274,-5.419816110036048,-4.5945721355257945,0.0010549439210498501
102.294,-5.424296894881065,-4.597802382697743,0.0011151645913019814
102.314,-5.4286990875853,-4.601003761033131,0.0009363157846456749
102.334,-5.433370874390891,-4.604214058621291,0.0012656490436638024
102.354,-5.437745188339593,-4.607549393093067,0.0012341861976483126
102.374,-5.44226978769746,-4.611002815440355,0.0008253484161181157
102.394,-5.446862534911914,-4.614423982095378,0.0010109229780051743
102.414,-5.451513046538918,-4.617970733465559,0.0013141704667093135
102.434,-5.456014534438433,-4.621386612466757,0.0012787194708597238
102.454,-5.4606690051944495,-4.6250635955915,0.0007895651661622982
102.474,-5.465822054657633,-4.629051005292781,0.0010680416925280822
102.494,-5.47130807676203,-4.633447628527684,0.0012988552704698286
102.514,-5.476215407460768,-4.637393099528103,0.0010961121208810931
102.534,-5.481411528229749,-4.641485538189096,0.0009183513644944741
102.554,-5.486921326876096,-4.6460437836299535,0.0014314464859574993
102.574,-5.492381480676873,-4.6504742930394425,0.001336917321392267
102.594,-5.4974834119415315,-4.654505724953626,0.0009986936972646299
102.614,-5.502718253069349,-4.658792934881138,0.001292180532351389
102.634,-5.5084450113256995,-4.663564171835204,0.0014593818155521632
102.654,-5.513372229052956,-4.667597867903109,0.0010272522485231805
102.674,-5.518350872538087,-4.671613595138248,0.0008418080584883247
102.694,-5.523972736547685,-4.676450817173248,0.0015431936194891527
102.714,-5.5289977550092155,-4.680717552857795,0.0011746990669675994
102.734,-5.533929642146442,-4.684746848169043,0.0008496710528715645
102.754,-5.539410652761576,-4.689564687064394,0.001351092686558808
102.774,-5.544809073950161,-4.694117527608784,0.0013653155803812767
102.794,-5.549683413646912,-4.69823366376954,0.0009015780686543184
102.814,-5.554742179428361,-4.702614361725355,0.0012022710686778182
102.834,-5.560358066133751,-4.7075858547079,0.0013063723135884053
102.854,-5.565258366997931,-4.711706712757372,0.0011475235651323967
102.874,-5.570109588630149,-4.71578112695669,0.0009589258516442822
102.894,-5.575454124995341,-4.720661051626164,0.00145958611309438
102.914,-5.580461658150212,-4.725148550965844,0.0012308494522487168
102.934,-5.585482811389583,-4.729607420893057,0.0009809942445467568
102.954,-5.590659492313364,-4.7343838865899395,0.0012981208802021194
102.974,-5.595997070660032,-4.739190227418509,0.0013391856701658877
102.994,-5.6005925000136,-4.74324832053411,0.0008715214835496865
103.014,-5.605575992244674,-4.747638382612818,0.00113019115020771
103.034,-5.610989374185186,-4.75266964761056,0.0014980078062515334
103.054,-5.61587787744856,-4.75713790219507,0.001225453129789944
103.074,-5.620663295767146,-4.761396236926294,0.001033346955670783
103.094,-5.625855587856338,-4.766317421404699,0.0014639656479877583
103.114,-5.630818347835526,-4.770997394208049,0.0012686171762895382
103.134,-5.635704805828311,-4.775444516810616,0.0009167908773212996
103.154,-5.640743650568134,-4.780281368109462,0.0013361723180252971
103.174,-5.645929987162733,-4.785241663744405,0.0014281720072678028
103.194,-5.650594274163762,-4.789630046792854,0.0009891264316922999
103.214,-5.655386440262388,-4.794068981106923,0.0010002728958503904
103.234,-5.6607077936373855,-4.799275614598523,0.0014189471444096824
103.254,-5.665699561459274,-4.804044760431278,0.0012429624736391698
103.274,-5.670380694984182,-4.808474837108769,0.001002394984840116
103.294,-5.675379842712258,-4.81346723561173,0.0014956623321712992
103.314,-5.680477761442971,-4.818555198793388,0.0013974075385776996
103.334,-5.685045871638935,-4.822979132408129,0.0009981553511134444
103.354,-5.6897732486974055,-4.8277129272600545,0.0012574255350547292
103.374,-5.695019899848159,-4.833054928157852,0.0014605456443438636
103.394,-5.699538865320201,-4.8376221890556454,0.0010915147355619326
103.414,-5.704116428777652,-4.842072922139,0.0009550130034683968
103.434,-5.7091769326928326,-4.847383975082851,0.0014696517881538917
103.454,-5.713990168763229,-4.852364216747511,0.0013035565938742943
103.474,-5.7184613136092795,-4.856806474953653,0.0010378579540599175
103.494,-5.723226899567006,-4.861884497068643,0.0013921935840742194
103.514,-5.728087453326326,-4.86706183777744,0.0013797834502217166
103.534,-5.732509502861833,-4.871680759068126,0.0008609736812486279
103.554,-5.7371495872759475,-4.876597620610595,0.0012290332732124154
103.574,-5.74221812836306,-4.882107132555718,0.0014416918249678667
103.594,-5.746629758602208,-4.886869979438429,0.0011226436583542665
103.614,-5.751024764757491,-4.891465507404249,0.0008764945712999572
103.634,-5.755937856350448,-4.896974945426365,0.0014538209908192545
103.654,-5.760627499259473,-4.902147321570961,0.0013409657887370197
103.674,-5.764945868215639,-4.906720876301323,0.0010232134040473184
103.694,-5.769495018079158,-4.911864148444848,0.0013870567502621278
103.714,-5.774322461008116,-4.917367361148031,0.001531451552769958
103.734,-5.778438279839145,-4.922033268743366,0.0009074488561339467
103.754,-5.782851347536993,-4.92691446578996,0.0010849323701913327
103.774,-5.78771245745675,-4.932567313506466,0.0015058593779315177
103.794,-5.7918578372841285,-4.937386098383031,0.0010646012474242739
103.814,-5.796354946770256,-4.9425065093514196,0.0010082051007498927
103.834,-5.800943658892729,-4.947963222821147,0.0014276501799022345
103.854,-5.805587037470472,-4.953344051188954,0.0012861569206724377
103.874,-5.809716416209329,-4.957906455214028,0.0009076626089384865
103.894,-5.814176448579709,-4.963169267321154,0.001287954100271077
103.914,-5.818854755088959,-4.968748857059424,0.0013863349634588573
103.934,-5.823044950370672,-4.9737235571360685,0.0010173749513917862
103.954,-5.827288545234341,-4.978639146418065,0.0009444112131053728
103.974,-5.831983046163854,-4.9844059186937155,0.0014403143064226076
103.994,-5.8363779350157134,-4.98971742458816,0.0012668000438041116
104.014,-5.840490885016154,-4.994601979716333,0.0010379796255052254
104.034,-5.844872929880949,-5.00007376911772,0.00143877123146402
104.054,-5.849365936313112,-5.005701657918249,0.001375832914875308
104.074,-5.853394429529086,-5.010584968601513,0.0009332479386155723
104.094,-5.857595830800063,-5.015803509728646,0.0012126779647092245
104.114,-5.862217302009705,-5.021673245288419,0.0013662723113206099
104.134,-5.866258445339841,-5.026718947461973,0.0010563600930028616
104.154,-5.8703008726251795,-5.031680283562271,0.0008476059518232326
104.174,-5.874757108158314,-5.0375423621277164,0.0014879930874100167
104.194,-5.879001750771283,-5.043044435116992,0.0013119152871746143
104.214,-5.882971608781691,-5.048007796752937,0.0010526533158113915
104.234,-5.887185480875975,-5.053611454409577,0.0014252058271900514
104.254,-5.891544003761497,-5.0594243926428515,0.0015898007168496098
104.274,-5.895425364828912,-5.06463892610407,0.000824849771871472
104.294,-5.899813626688806,-5.070180281907561,0.0010559497300166865
104.314,-5.904100687215323,-5.0759121433489005,0.0013153362980637406
104.334,-5.908202424186022,-5.081294141744049,0.0011920952244919292
104.354,-5.9119505770533705,-5.086094589075254,0.0009779689720970652
104.374,-5.916220583730149,-5.091879196583232,0.0014419697238113038
104.394,-5.920338134366943,-5.097386704204111,0.0012865664020343393
104.414,-5.924184873421105,-5.102363042318805,0.0008509527497613523
104.434,-5.9281217127029215,-5.107781772741296,0.001206933240410879
104.454,-5.932061011230668,-5.1129371827130825,0.0013094410487305697
104.474,-5.9355809457726,-5.1176428683787725,0.0011132301119630983
104.494,-5.939076606324621,-5.122161234520028,0.0007509931769147105
104.514,-5.942555053493843,-5.126935753173558,0.0011828979886149837
104.534,-5.946078073530001,-5.131450449528537,0.0013336797816341783
104.554,-5.949342954963233,-5.13562488285934,0.0012236644389907458
104.574,-5.952493871437586,-5.139716808882476,0.0008771597918749985
104.594,-5.956096485881307,-5.144181457217196,0.001089791130728296
104.614,-5.959677875315976,-5.148663841110983,0.0012301069897020234
104.634,-5.962930177089812,-5.152633162067099,0.0010621346680054211
104.654,-5.966516192202713,-5.157117592381763,0.0011716488954859883
104.674,-5.970208741008153,-5.161479640470825,0.0011171164537361333
104.694,-5.973806235755746,-5.165638812463494,0.0010177168796330627
104.714,-5.977380622362176,-5.169874910082819,0.0008948429766111043
104.734,-5.980981148123075,-5.174185351406234,0.0012622829467743013
104.754,-5.984587932999073,-5.178298301744227,0.0012731096425669663
104.774,-5.988337444221086,-5.18246258483165,0.0008997744253612383
104.794,-5.992164600951888,-5.1866958230863585,0.000818586184752973
104.814,-5.995993417289551,-5.190956515803552,0.001206786148932243
104.834,-5.999882533809399,-5.195170600417624,0.0012421503878840279
104.854,-6.003429379014849,-5.198926870518932,0.0010449338799682628
104.874,-6.006795169913798,-5.202619948147412,0.0009380082348963981
104.894,-6.010649724570234,-5.206533806297409,0.0010636160278164053
104.914,-6.014403218958213,-5.210497446661431,0.0010873856141445093
104.934,-6.018271308822105,-5.214497938837685,0.001017999779540174
104.954,-6.022213806584098,-5.218532282771775,0.0011770785943090167
104.974,-6.026005670852006,-5.222289411864295,0.001056164293625067
104.994,-6.030035943027418,-5.226122277379545,0.0008367016214904932
105.014,-6.034021326364574,-5.230158101433618,0.0011878527499728786
105.034,-6.037984708513153,-5.234032747805977,0.001349449147714732
105.054,-6.041875216059152,-5.237660064475167,0.0012828796960146216
105.074,-6.045786545766263,-5.241351498146967,0.0006842097650995305
105.094,-6.049937025832344,-5.245304271918666,0.0009716284892760663
105.114,-6.054190424684156,-5.249274458308065,0.0011865605724136474
105.134,-6.0582375262722765,-5.252955319335262,0.0011198093031776213
105.154,-6.062633573458987,-5.257050598122853,0.0011153880801744176
105.174,-6.06728169841275,-5.261309422236925,0.0009630833874260947
105.194,-6.072439015360346,-5.265841524245962,0.0014626110949999271
105.214,-6.07703809497026,-5.269871241220379,0.0010082293032660783
105.234,-6.082154003905918,-5.274576481321551,0.0013798910740053238
105.254,-6.087492015247188,-5.279259599961001,0.0012855305689318253
105.274,-6.092552207078971,-5.28372432550187,0.0014653794937400655
105.294,-6.097514765265986,-5.288236677087167,0.001196614131511814
105.314,-6.102961618521891,-5.29314311206764,0.0010522960674159698
105.334,-6.108242619720823,-5.2977568370869745,0.0014767049166883595
105.354,-6.112814783001564,-5.301865327579361,0.001114624866161068
105.374,-6.118026281093229,-5.306666832897926,0.0011994392928036668
105.394,-6.123229767976037,-5.311271571546422,0.0016122743806244177
105.414,-6.128351272370658,-5.315843161204636,0.0014866061655540441
105.434,-6.132945247653378,-5.320088919596938,0.001477982533177491
105.454,-6.138047287514659,-5.324700195896618,0.0012006792971365476
105.474,-6.143306745876794,-5.32939353635063,0.0015366292802699577
105.494,-6.1483602157467265,-5.334030570576713,0.0012048210384668911
105.514,-6.153758103918742,-5.339007717330659,0.0010760673762290895
105.534,-6.159064394759613,-5.343672352671672,0.0014959604540148719
105.554,-6.163714034027581,-5.347894205871466,0.0011621620495021745
105.574,-6.1686260698053355,-5.352492413787568,0.0012431268932874828
105.594,-6.1737707033193026,-5.357088539848978,0.0016249597061809562
105.614,-6.178895632777644,-5.361671628347697,0.0015770443392461586
105.634,-6.18334301340956,-5.365847465086902,0.0012741723713652342
105.654,-6.188643999189371,-5.370544070902879,0.0013141202380754224
105.674,-6.194053340037287,-5.37533613296227,0.0015131159183018605
105.694,-6.198573887564735,-5.3794587571569235,0.0012784125809619518
105.714,-6.20360898272429,-5.383918256660487,0.0010661467862644325
105.734,-6.209134235279983,-5.388690860264237,0.0014568762968856508
105.754,-6.213992668595451,-5.392971535926148,0.0011686653503061029
105.774,-6.219169256673779,-5.397596185617739,0.0012512733342230076
105.794,-6.22465730523773,-5.402206714568782,0.0014146883980896696
105.814,-6.2296237855464565,-5.406487163107854,0.0013108269585371257
105.834,-6.234899268429086,-5.411226324899512,0.001413063318888963
105.854,-6.240335370503641,-5.415973485304647,0.0012611688455846093
105.874,-6.245492045288196,-5.42043657788979,0.0016501573142301273
105.894,-6.250276994489874,-5.424707244626889,0.0013460147111088727
105.914,-6.255449726802706,-5.429371758949813,0.0014425546676486156
105.934,-6.260406333004682,-5.433637033194807,0.0014692993529210052
105.954,-6.265548017275771,-5.438128261992098,0.0010875242958202358
105.974,-6.270594221970041,-5.442757125941209,0.001353559734440818
105.994,-6.276017998275169,-5.447387549985256,0.0014687675204886341
106.014,-6.281042224943474,-5.451776749536956,0.0016187792606316975
106.034,-6.286003910784073,-5.456249884948445,0.0012374830431781947
106.054,-6.291486009843207,-5.461165781277697,0.001139023855431992
106.074,-6.296737469526015,-5.465758765873057,0.0015581508716016879
106.094,-6.301304358810029,-5.469808407499591,0.0011298364859260168
106.114,-6.306555608995336,-5.474623672655333,0.0012555407593241585
106.134,-6.311536927400234,-5.479000689113317,0.0015402895603507938
106.154,-6.315929164598726,-5.482900890320054,0.0014194360771811187
106.174,-6.319871687098766,-5.4865252485220575,0.0013078647741986416
106.194,-6.323925437472874,-5.490247988340273,0.001012663797335167
106.214,-6.32760758708195,-5.493428275110961,0.001262708569709281
106.234,-6.330938967729107,-5.496521617019996,0.0011681077753229185
106.254,-6.333862724103214,-5.49915319258362,0.0010750082274426087
106.274,-6.336513657187726,-5.501616383335841,0.0010360149130308471
106.294,-6.339143869731408,-5.503964957022374,0.0011126608711970187
106.314,-6.341581424341753,-5.506178849610521,0.001055376241341166
106.334,-6.344168360875124,-5.508445789396286,0.0010617567513864223
106.354,-6.346556852486082,-5.5106487177898344,0.001169234245847639
106.374,-6.348776283290032,-5.512708998669225,0.0011969392640497345
106.394,-6.350806217654693,-5.514643370284122,0.0011364395162384022
106.414,-6.352688863937087,-5.516500758524768,0.0009932989352026134
106.434,-6.354356653729268,-5.518239842029463,0.0007827562696408608
106.454,-6.355846927833995,-5.519845349608662,0.0005930768499284866
106.474,-6.357389511922558,-5.52129957692528,0.0007544237701186673
106.494,-6.3588802424116295,-5.522769172201701,0.0009082072813896003
106.514,-6.36043610821963,-5.5243109219078,0.0009895648765016196
106.534,-6.361959194240531,-5.525882414678657,0.0010345796507316707
106.554,-6.363416052298933,-5.527422610735053,0.001050288869656496
106.574,-6.364868133314259,-5.528972760842596,0.0010474845831577873
106.594,-6.366346426748842,-5.530528599530769,0.0010232860355232354
106.614,-6.367817019500265,-5.532088593044733,0.0009471668893620833
106.634,-6.369304015403553,-5.533668750053519,0.0010589449015463437
106.654,-6.370727111301812,-5.535216424435362,0.0011659956699061613
106.674,-6.372140484458321,-5.536778903460086,0.001235779283437044
106.694,-6.37348168915648,-5.538338081388993,0.0012730367332971781
106.714,-6.374790141723457,-5.539912272510376,0.001235317502312594
106.734,-6.376055785713589,-5.541507590150863,0.0011180027497611766
106.754,-6.377284053195394,-5.54312891600126,0.000919318149501358
106.774,-6.378620950662798,-5.544702904386328,0.0009948007262838565
106.794,-6.379803821972222,-5.546275079014666,0.0011289088160152116
106.814,-6.381010378301187,-5.547910122515648,0.001185009437222606
106.834,-6.382211565025976,-5.54960198323842,0.001164582081236487
106.854,-6.3833637837866855,-5.5512847869568755,0.0010643085532915375
106.874,-6.384477714997764,-5.5529903907425995,0.0008822112825504491
106.894,-6.38567615647129,-5.55465819718376,0.0008157144519830017
106.914,-6.3867529363464755,-5.556364379890016,0.0009686239964908083
106.934,-6.3878964821743,-5.558155841043774,0.0010511626608510627
106.954,-6.389068679782597,-5.560029297412898,0.0010548100327012477
106.974,-6.390192946462587,-5.56192596615237,0.0009704005390325232
106.994,-6.391280768279431,-5.563851863488332,0.0007923752605899503
107.014,-6.3923057060325075,-5.5657001568346205,0.0006135024254012855
107.034,-6.3935384992815605,-5.567494770637409,0.0008233836500722291
107.054,-6.394683762745542,-5.569275523639545,0.0009864902241522866
107.074,-6.395842451526027,-5.571162639264634,0.0010677440102997149
107.094,-6.396951727122813,-5.573076228046262,0.0010664289182598652
107.114,-6.398019277317092,-5.5750113872485665,0.0009813655092328066
107.134,-6.398957925544902,-5.576842386853643,0.0008314018658008571
107.154,-6.40000332758444,-5.578647269713996,0.000951952863544353
107.174,-6.4009452318274445,-5.580381303470149,0.0011149181924286489
107.194,-6.401956517286057,-5.5823246964170155,0.0012262048833911465
107.214,-6.402995324248286,-5.584418951809384,0.0012533590457539934
107.234,-6.404146644872892,-5.586844194373815,0.00119051592404687
107.254,-6.405365782955948,-5.589536370552452,0.0010132077749059054
107.274,-6.406872896131881,-5.592663925060489,0.0012684635757572171
107.294,-6.408299211182823,-5.5960069114336894,0.001413056687203068
107.314,-6.409894062357708,-5.599855332091023,0.0013655066148534067
107.334,-6.411573335780335,-5.604117290619554,0.001037608178472954
107.354,-6.413535864540047,-5.608668403562259,0.001111217186644975
107.374,-6.415393783436171,-5.61369827103707,0.0011981384167761566
107.394,-6.417311012319982,-5.618661840555444,0.0012492916817206656
107.414,-6.419284565994262,-5.623844293523635,0.0011593046193039969
107.434,-6.421273749078272,-5.629146046683298,0.0013603816549275227
107.454,-6.423044450423033,-5.634252220388186,0.0012699239069866586
107.474,-6.424865929317546,-5.63965932996346,0.0009150436561854991
107.494,-6.426850403582098,-5.645012447192839,0.0012607762270281098
107.514,-6.428679366589121,-5.650419127797507,0.001452632626149336
107.534,-6.4302756406339405,-5.655442504680666,0.001362479160673724
107.554,-6.431960635095007,-5.660825393058853,0.0008916145186178559
107.574,-6.433793585931131,-5.666259143789448,0.001055211232408898
107.594,-6.435481263260701,-5.671754814130523,0.0013087156778072984
107.614,-6.437082707811132,-5.67680197537346,0.001275494705885255
107.634,-6.438751418639527,-5.682187540437235,0.0011948325163572415
107.654,-6.440380739290767,-5.687677122148683,0.0012298719369491506
107.674,-6.4417761586435045,-5.692905985983521,0.001084873847035317
107.694,-6.443307651737579,-5.698378030101442,0.0010203180475922835
107.714,-6.444884849910984,-5.7036840380065605,0.001319110656750111
107.734,-6.446282686156698,-5.709075523697018,0.0013711161036374653
107.754,-6.447681821840183,-5.714555229984609,0.0011389366414674973
107.774,-6.448998100731391,-5.72010962760346,0.0006262970289321046
107.794,-6.450478059177004,-5.725688130880032,0.001206894501006528
107.814,-6.451848846174362,-5.731389553312101,0.00133584463628858
107.834,-6.453023847520584,-5.736834183598387,0.0012512075631195552
107.854,-6.454176810049153,-5.741912797030427,0.0009372415641589749
107.874,-6.455519292939474,-5.748369814505893,0.0012256524646311606
107.894,-6.456879346102265,-5.754730979544808,0.0012383696480567918
107.914,-6.458343577938087,-5.7613072299220605,0.0010137756054044156
107.934,-6.459900934469798,-5.768056948139515,0.0009531326833087939
107.954,-6.461281933050101,-5.775076929809023,0.0014702527263269205
107.974,-6.462454181154595,-5.781278739674715,0.0010949963057649004
107.994,-6.463958760520604,-5.788082758318909,0.0011875810078242066
108.014,-6.465418328100515,-5.795116504640698,0.0012427143895960002
108.034,-6.466777825326828,-5.8017669038683275,0.0012625532319520405
108.054,-6.468086068613103,-5.807941072387277,0.0010018581286729278
108.074,-6.469461072361662,-5.814722146828534,0.0010192910965740043
108.094,-6.470882687721137,-5.821619010793248,0.0012450387083116632
108.114,-6.472224731782764,-5.827945002235612,0.0008815872641853573
108.134,-6.473757191764759,-5.834634042613179,0.0008537382948627659
108.154,-6.475108750165682,-5.841609591882237,0.0012057506464317191
108.174,-6.476546299399745,-5.848314802840109,0.0009249465277610391
108.194,-6.4781594551181625,-5.855297942540081,0.0010379163734481056
108.214,-6.479575658079656,-5.862327556841659,0.00120251502861618
108.234,-6.480895086375892,-5.868852668734125,0.0013338857971938733
108.254,-6.4822686428588,-5.875179418385748,0.0010008330548311462
108.274,-6.483902111387026,-5.882445424047123,0.0009424801930299487
108.294,-6.485297959142627,-5.8893075358139955,0.0013426491503827631
108.314,-6.486444393428001,-5.895251749745026,0.0008482015222239792
108.334,-6.4881315790393606,-5.902158283811085,0.0011323223436109087
108.354,-6.489619854365337,-5.909041041128554,0.001403193429028421
108.374,-6.491094317039297,-5.915662173811494,0.0013519633598052527
108.394,-6.492447984506172,-5.921645172807787,0.0012310460949421786
108.414,-6.4940462243677235,-5.928398396431941,0.0010526580066017588
108.434,-6.495465084765128,-5.935023754126302,0.0013500839357047656
108.454,-6.496909654226806,-5.941325000137485,0.0010862347827857999
108.474,-6.498580031005569,-5.948083848837876,0.0012410581707739399
108.494,-6.500296883281842,-5.953322458594046,0.0030174728452406485
108.514,-6.5016994143920455,-5.95912546217719,0.00498398443643272
108.534,-6.502736721162591,-5.964528595502005,0.0061688566076079365
108.554,-6.503849736423314,-5.969513184290088,0.007567443363108134
108.574,-6.5050218260031825,-5.974963395330459,0.00856608733218836
108.594,-6.506152024720045,-5.980020541340208,0.008877667469923495
108.614,-6.507721525247269,-5.98637218260335,0.010211271123235943
108.634,-6.509096115187357,-5.992882405120989,0.011537963342108826
108.654,-6.510412981837123,-5.9992044879062885,0.01233881460222283
108.674,-6.511923020848853,-6.006017535870139,0.013215865584972147
108.694,-6.513306329380728,-6.012838299493017,0.013908535804569577
108.714,-6.514522253825551,-6.019441924987234,0.014169349466818776
108.734,-6.515900206147631,-6.02633714038635,0.013901914750723166
108.754,-6.517422254226609,-6.033310720607607,0.014032982310798553
108.774,-6.518754941524466,-6.040337289611742,0.014427092916336676
108.794,-6.5198266651441426,-6.046563125618712,0.014302958420443462
108.814,-6.5211564487111815,-6.053086725480957,0.01426061042252344
108.834,-6.52255902455571,-6.060182768608806,0.014151593426629333
108.854,-6.5238815425907095,-6.066935887889052,0.014559889646279522
108.874,-6.524954878028523,-6.07289592937069,0.014115642294311476
108.894,-6.5264990327470285,-6.080024405125136,0.014179842764631051
108.914,-6.527818496574232,-6.086700842994015,0.014472200524655032
108.934,-6.529084067352737,-6.093200379189782,0.014050351544803885
108.954,-6.530535281822357,-6.099756389555358,0.014310401420723873
108.974,-6.531859484810093,-6.106283559210905,0.013805267070561927
108.994,-6.532946885955693,-6.112184011409999,0.012342324598116683
109.014,-6.534365095417373,-6.118960232459549,0.011307758170427812
109.034,-6.535637392233911,-6.125505238417616,0.009803002245899972
109.054,-6.536644106439498,-6.131481320999146,0.007352656740499064
109.074,-6.538085974495682,-6.13760749063926,0.005425588244606289
109.094,-6.539567386165489,-6.142938817061074,0.00883800862651643
109.114,-6.541020615187551,-6.149389403802298,0.011217100179964384
109.134,-6.54241759137657,-6.15607975901603,0.012186317761091803
109.154,-6.54376660768143,-6.162974898590093,0.01178858116339504
109.174,-6.545279836279518,-6.169770398398031,0.012672700332100162
109.194,-6.546675113090998,-6.176349805821061,0.013806338784426359
109.214,-6.547499467896606,-6.181781869636464,0.014715911114553337
109.234,-6.548474930663591,-6.1869053029084045,0.01541225607851765
109.254,-6.549477681962715,-6.192356524024805,0.01539032063985199
109.274,-6.5503278225133315,-6.197926724392132,0.014475844782953023
109.294,-6.551305564177964,-6.203676837669627,0.01393538761574925
109.314,-6.552412990342172,-6.2112643427145455,0.014569121304384841
109.334,-6.55333691403241,-6.218343148040299,0.01448475832988741
109.354,-6.554098717733547,-6.223718161349945,0.01412654325958182
109.374,-6.554770423276482,-6.224560487158093,0.014130913230123887
109.394,-6.555726862108455,-6.225452543081227,0.014200548985046246
109.414,-6.556568896200018,-6.226401302605902,0.014065535383636862
109.434,-6.5574583405253515,-6.227635396929978,0.014012179460279245
109.454,-6.557994634171003,-6.229171397396512,0.01386381746414353
109.474,-6.558605839271518,-6.231116798474412,0.013697873547454525
109.494,-6.559213354877338,-6.233767836921565,0.013469950008857146
109.514,-6.55986239615948,-6.238020966768945,0.013811367682353914
109.534,-6.56054229690513,-6.242816019035269,0.013534093133570735
109.554,-6.561192256360844,-6.248941454532693,0.013510514882619062
109.574,-6.561968648464331,-6.2566399167202755,0.013610495572091125
109.594,-6.562736827134944,-6.263737086908936,0.013608803640422967
109.614,-6.563392956034593,-6.270386398214575,0.013437723293758919
109.634,-6.563901102636745,-6.277493205395736,0.013211183633651091
109.654,-6.56477095686262,-6.28426566432035,0.012447024637879472
109.674,-6.565444995355564,-6.290652189707338,0.012296157793091206
109.694,-6.566038754691871,-6.2974238256340165,0.011593626390348472
109.714,-6.566625090202937,-6.304439922510372,0.010356718033338735
109.734,-6.567241134778598,-6.311164839872672,0.00905706639954762
109.754,-6.567613116396846,-6.3177135144236525,0.007606572767358072
109.774,-6.567959783665435,-6.324400777675997,0.0056280682608073895
109.794,-6.568223432027515,-6.330802307917652,0.0030879521978181557
109.814,-6.568665547995806,-6.3371711694099275,0.0010259095678545604
109.834,-6.568784827825745,-6.344536428576209,0.0021373393439347577
109.854,-6.569091589664161,-6.352009128664436,0.002878857911505106
109.874,-6.569369798362626,-6.359496901740567,0.0023328541264982516
109.894,-6.569259010740933,-6.365303302977831,0.0019097680554466534
109.914,-6.56938119899936,-6.370811580149354,0.0015922838840358167
109.934,-6.569457478162916,-6.376677546214835,0.0008920963228742362
109.954,-6.569737289700547,-6.383548632033458,0.000944424354172746
109.974,-6.569776232659928,-6.390440512126098,0.0012297820693261963
109.994,-6.569956673748956,-6.39721124617758,0.0011038517479982357
110.014,-6.570293548433102,-6.403802359802931,0.0012067658805921255
110.034,-6.570452580832885,-6.410435945129596,0.0010081308470672457
110.054,-6.570570434638307,-6.417362899960487,0.0013805610240236188
110.074,-6.570830556046483,-6.423565747476664,0.0010126057222822893
110.094,-6.571143234438897,-6.430305905933745,0.0010408340652899584
110.114,-6.571259326995217,-6.437458625705136,0.0013894556927853685
110.134,-6.571271308929571,-6.443897176649856,0.001179749955645737
110.154,-6.57160321829335,-6.450659761758156,0.001224124657046799
110.174,-6.5717418435213935,-6.457755765193723,0.0012161433195304328
110.194,-6.571869843099474,-6.464662019619772,0.0013650133890773242
110.214,-6.572046875356784,-6.471053715030877,0.0011968863109635686
110.234,-6.572294841375172,-6.478024743972146,0.0009175906638044518
110.254,-6.572374700819421,-6.4849686677138525,0.0016066843237537154
110.274,-6.5725487158220295,-6.491566708879261,0.0011825864255929075
110.294,-6.572914865358649,-6.498191377749553,0.0015270240333239982
110.314,-6.573059875083599,-6.504989323359938,0.0014199116680531365
110.334,-6.573217646947277,-6.511916444276209,0.0015251895853910236
110.354,-6.573506150189183,-6.518045336878317,0.0012267419190341022
110.374,-6.573640777689283,-6.52500837577554,0.001328655848956306
110.394,-6.573760139978687,-6.532077562325716,0.0016380235425117462
110.414,-6.573807133971319,-6.53824430846054,0.0012727423132879445
110.434,-6.57406056122982,-6.545255430139803,0.0011712142952736149
110.454,-6.574104087824401,-6.552280840015783,0.0016187587504152556
110.474,-6.574269890765601,-6.559005249851977,0.0013714411443698504
110.494,-6.574592444943007,-6.566036579234163,0.0014277302627480337
110.514,-6.574716576460169,-6.573249455508253,0.0014401819901052326
110.534,-6.57487822093426,-6.580153598614462,0.0013993693140424701
110.554,-6.575131498514227,-6.586645860131562,0.0015222610078694243
110.574,-6.575267179852448,-6.5931546170479844,0.0012411051416352514
110.594,-6.5753803435835865,-6.599993575096435,0.0015120814662619442
110.614,-6.5756888749030855,-6.606830465274105,0.0014504221693499852
110.634,-6.575913362674931,-6.613728310098881,0.0015878872776359243
110.654,-6.575948209854121,-6.620255558608303,0.0015561184691630092
110.674,-6.576089415876501,-6.627208652904167,0.0012891587674626614
110.694,-6.576385116650052,-6.633995146641964,0.0015451944158325903
110.714,-6.57652506620095,-6.640763476988947,0.0014838105211678054
110.734,-6.576685651357057,-6.64769655970586,0.0015172532276452322
110.754,-6.576989244355187,-6.654102920968563,0.0014791068474056812
110.774,-6.577242305814372,-6.661022248135584,0.00120049900539132
110.794,-6.577315010503336,-6.667935168686727,0.0017737402993262263
110.814,-6.577456407281293,-6.674382921369868,0.0013287772709237589
110.834,-6.577731965865996,-6.680960731106044,0.0013031951704398914
110.854,-6.577859107165502,-6.688109058074746,0.0015515028458951974
110.874,-6.577833068039389,-6.694494428020433,0.0012696129714658555
110.894,-6.578118635065263,-6.70138662151841,0.0014787055776506186
110.914,-6.578258561852668,-6.708416379739829,0.0013312475220018105
110.934,-6.578362794130641,-6.714956414808755,0.0016077458653365462
110.954,-6.578528758680484,-6.720744850370618,0.0011705845617049349
110.974,-6.578771207437802,-6.726831444026663,0.0012709869537685103
110.994,-6.578856712091097,-6.732861603953581,0.0015505053093274601
111.014,-6.579059849073856,-6.738800646137373,0.0013428048751026878
111.034,-6.579346511016871,-6.7436219718983645,0.0011056666957943717
111.054,-6.579580719572521,-6.748223472373569,0.0007788083975209803
111.074,-6.579658104086775,-6.752881684405978,0.0011573283263342504
111.094,-6.579897948232588,-6.757373715197448,0.0013295239412804971
111.114,-6.580112507259766,-6.761290007130951,0.0013395100875330523
111.134,-6.580327088863644,-6.765427446441033,0.001109870746696967
111.154,-6.580538495904646,-6.769638104299096,0.0006647282193993909
111.174,-6.580742375209719,-6.773895917340534,0.0009196747301539465
111.194,-6.58095620339637,-6.778144500618167,0.0012121868672812786
111.214,-6.581154728983543,-6.782113870705941,0.0013554893439352012
111.234,-6.581367796199035,-6.786152929338727,0.0012328230229038672
111.254,-6.58159398355233,-6.79036923798566,0.0009275622662948124
111.274,-6.581771286314393,-6.794588694511063,0.0005823703610471631
111.294,-6.5820452291631355,-6.798853439284894,0.0010167175543960294
111.314,-6.582282013924724,-6.8030933686021,0.0012379202879432005
111.334,-6.582488829681298,-6.806817272387167,0.0012709059805469658
111.354,-6.582735957087593,-6.81104031062119,0.0011004142277966922
111.374,-6.582986742249734,-6.815253618033026,0.0007056910859714605
111.394,-6.583216663228721,-6.819507611480008,0.000800479745164645
111.414,-6.583461888654123,-6.823772582385439,0.0010800789815163248
111.434,-6.583688477881848,-6.827700628021014,0.0012323015828494543
111.454,-6.583949881540154,-6.831923217366114,0.001182227180470924
111.474,-6.584214913054223,-6.836134483038778,0.0009331379930477279
111.494,-6.584432446697501,-6.840342509017589,0.0007036970611906668
111.514,-6.584779424032063,-6.844596762077213,0.0008796003358499671
111.534,-6.585026723676231,-6.8487330229268135,0.0011283086064712289
111.554,-6.585307136473717,-6.852861486554317,0.001195497178650029
111.574,-6.585595911177597,-6.85707962828829,0.001072382516668191
111.594,-6.585890503398488,-6.8612825631961005,0.0007296078762181746
111.614,-6.5861398021438715,-6.865510233496438,0.0007288662524173872
111.634,-6.586488799191565,-6.869719612867389,0.0009720321595835524
111.654,-6.586771941733146,-6.8739042356967355,0.0011245114536693745
111.674,-6.587079430186346,-6.8781186240083425,0.0011248300581466752
111.694,-6.587399246295541,-6.8823328295531105,0.0009189979345733679
111.714,-6.587665738364699,-6.886574880762809,0.0008279106515554635
111.734,-6.5880125124166335,-6.89075387915319,0.0007843726491442715
111.754,-6.5883957460658005,-6.895009925939624,0.0009916854131156172
111.774,-6.5887118124716455,-6.899163188432207,0.0010994477948920445
111.794,-6.589054242274073,-6.903381496364553,0.0010211041498086326
111.814,-6.589369754275331,-6.907604389313814,0.0008421540298216013
111.834,-6.5897019600423326,-6.9118368437554345,0.0009026712981389517
111.854,-6.59003968611948,-6.9159449273477165,0.0008146594235033389
111.874,-6.590457087714016,-6.920210110541012,0.0010127682407053418
111.894,-6.590812953098224,-6.924403955859538,0.0010320676465935263
111.914,-6.591183292027114,-6.928600268864616,0.0008814812766982372
111.934,-6.591506048400344,-6.932826805210801,0.000972146050129491
111.954,-6.591906950356556,-6.9370169990242605,0.0009755704607013194
111.974,-6.592318949924317,-6.9412416758419395,0.0008701643565546813
111.994,-6.592747823930469,-6.945499703255529,0.0009919921274590682
112.014,-6.5931184543348875,-6.949598519014824,0.0009422171573106874
112.034,-6.593464342556754,-6.953827062999206,0.000987268686479803
112.054,-6.593883063764793,-6.957996394642658,0.0010712800361470098
112.074,-6.594287845299759,-6.962158989656646,0.001026827045101375
112.094,-6.594752532650681,-6.9663846429549,0.0008999568628671462
112.114,-6.5951807580933695,-6.97060352615457,0.0009248645523785015
112.134,-6.595604476294478,-6.974774493875082,0.0008118829025250962
112.154,-6.595979228322522,-6.978998919947193,0.0010755709710353056
112.174,-6.596379984223269,-6.983058197345031,0.0011477169662185704
112.194,-6.596829603574271,-6.98727690611836,0.001006739623557934
112.214,-6.597344158872969,-6.991518839238143,0.0009205902633159235
112.234,-6.597761920697082,-6.995681552298771,0.0008704041308628119
112.254,-6.598146351391153,-6.999904559673994,0.001030252643201529
112.274,-6.598602853716516,-7.004094320493251,0.001172804658960025
112.294,-6.599052991582227,-7.008299235692094,0.0011621952458543972
112.314,-6.599522090293807,-7.012597269550492,0.0009273072507575419
112.334,-6.600106909644791,-7.017423873596122,0.0009200928217710791
112.354,-6.600570968682118,-7.022224793390407,0.000998323738146234
112.374,-6.601121992225771,-7.027190734134383,0.0011822033514667374
112.394,-6.601651543309165,-7.032295451516713,0.0011130056904482544
112.414,-6.602285508481981,-7.037791714756031,0.001157783660180739
112.434,-6.602783435353111,-7.043396244882696,0.0011335908178155552
112.454,-6.603156517315178,-7.0488901404188615,0.0010067374514985128
112.474,-6.603638206670696,-7.054492761219259,0.0009463442358743634
112.494,-6.604164099335169,-7.059932853387627,0.0012455299064776382
112.514,-6.604486977045865,-7.065359817701765,0.0013294020960053499
112.534,-6.604792091367655,-7.070847235960228,0.0010538067133546991
112.554,-6.6050908387468015,-7.076433242036183,0.0008083061182378171
112.574,-6.60545849150302,-7.082088790658543,0.0012338622156250756
112.594,-6.605738043219273,-7.087712630680888,0.0013601962274519819
112.614,-6.605876064731813,-7.0930084782635054,0.0012493896838408902
112.634,-6.606025242983693,-7.097864142707016,0.0010599297444126021
112.654,-6.606150547014245,-7.1043143849770205,0.0013111421479355956
112.674,-6.606305878903147,-7.110776096038617,0.0014012913436510233
112.694,-6.606547157852589,-7.11736783557187,0.0011878198439970733
112.714,-6.606693867308002,-7.124271711751526,0.0011578202232050971
112.734,-6.60672490304978,-7.13123944101073,0.0015019367638844372
112.754,-6.60685712825576,-7.138147687035368,0.0012460489972403177
112.774,-6.607128319280865,-7.145067378312127,0.0015155132495809631
112.794,-6.6071382091574655,-7.151569848984129,0.001390081977444918
112.814,-6.607253646322791,-7.158689389775733,0.0014644029963298555
112.834,-6.607472006988617,-7.165225675170228,0.001516963574243052
112.854,-6.6076571458421105,-7.17210106579993,0.0012774250145631272
112.874,-6.607681130356945,-7.179051773201489,0.0018606483199370139
112.894,-6.607775092256197,-7.185726585017123,0.001601596109237352
112.914,-6.607969797483737,-7.192044767875067,0.0013974083561922312
112.934,-6.608017822818399,-7.1991181700283375,0.0015680111097781113
112.954,-6.607990859144092,-7.20586469773922,0.0014481789771002562
112.974,-6.608193683197638,-7.2125977869919105,0.001451510474183959
112.994,-6.608248741659919,-7.219705167059854,0.0013761036259747061
113.014,-6.608298639508545,-7.226768661244702,0.0017029417356182464
113.034,-6.608343597510639,-7.2328528440737525,0.0012862587929475533
113.054,-6.608515729666528,-7.239950848459523,0.0012966534473264346
113.074,-6.608504280386945,-7.246818372736971,0.0015972404442384236
113.094,-6.608629146815287,-7.253280056765967,0.001187146649268861
113.114,-6.608839439478152,-7.259951735417566,0.0013840218884199063
113.134,-6.6088527642566275,-7.267019274301248,0.001538598718140216
113.154,-6.6088171237382305,-7.273680815094019,0.0015992251673285773
113.174,-6.60898312831118,-7.280385432643182,0.0013028622375658716
113.194,-6.609108336034787,-7.287640831261302,0.0011495825591485154
113.214,-6.609114921705691,-7.2947005809587075,0.0013898334434196968
113.234,-6.609257067484698,-7.300872396275984,0.001168794735274703
113.254,-6.6093709137556225,-7.30771125815621,0.0010590774040948325
113.274,-6.60931937452972,-7.314810964738883,0.0014034148761424003
113.294,-6.609388265943659,-7.321548148463962,0.0010019231633423553
113.314,-6.609619041033291,-7.3287564753773236,0.0013990058631730973
113.334,-6.609650403723712,-7.335990455429896,0.0013193557041632775
113.354,-6.609722325617506,-7.342907200514331,0.001465447797858871
113.374,-6.609887603374869,-7.349039354421576,0.0011849153975248827
113.394,-6.610076894263701,-7.356105757199611,0.0010233379545221688
113.414,-6.610072078430735,-7.363002108268523,0.0014260135946718988
113.434,-6.610233155843006,-7.369308459908576,0.0009954616192753285
113.454,-6.610430733215466,-7.376102457165913,0.0010542604728561167
113.474,-6.610432239572005,-7.383241185111548,0.0014070508570831197
113.494,-6.610391580965106,-7.389667134434966,0.0012614470491309204
113.514,-6.6106029254934064,-7.39654893577826,0.0011633999027476638
113.534,-6.610656337221621,-7.403756788041221,0.0011430773731624932
113.554,-6.610725300905196,-7.410668987942333,0.001354473508957038
113.574,-6.610868802136798,-7.416910879671888,0.0010859503320049257
113.594,-6.611033025520317,-7.4239827964837595,0.000981072412745282
113.614,-6.611034975453168,-7.430765044448454,0.0013721235220954253
113.634,-6.611165871780527,-7.437346796261031,0.0008877618227842721
113.654,-6.611472706691855,-7.444210787864493,0.0013905596048215396
113.674,-6.611478000661478,-7.450671730549392,0.0011243806019748392
113.694,-6.611549258134257,-7.457472445270936,0.0009737874901175891
113.714,-6.611865891662189,-7.464137031066785,0.0012937890261469631
113.734,-6.612019310169591,-7.4709433616040375,0.0009661255449813222
113.754,-6.612043037194993,-7.477786118596959,0.0014091165887072377
113.774,-6.612282048187522,-7.48403214754432,0.0009975966046113227
113.794,-6.612519427264025,-7.490843137824029,0.0009886952198586152
113.814,-6.612559754977418,-7.497911325838921,0.0014004554572193961
113.834,-6.612699584689139,-7.504702953099752,0.0012315227375184479
113.854,-6.612962320933927,-7.511757096194902,0.0011337945419521711
113.874,-6.613066014383883,-7.518980940623984,0.00119558248438148
113.894,-6.613203508851445,-7.5259202957127656,0.0011133554351591135
113.914,-6.613487751076182,-7.532368030950222,0.0013675102737048805
113.934,-6.613697431459916,-7.539129770165316,0.001062166506686918
113.954,-6.6137437113683015,-7.545941167787705,0.001490153232955288
113.974,-6.613903035127597,-7.5522983283224985,0.0009584738825631767
113.994,-6.61416318387728,-7.558992193626672,0.0010544631432653495
114.014,-6.614232958609819,-7.5661505026266385,0.0014179592122138263
114.034,-6.614197438692704,-7.572650761851737,0.001236576566643166
114.054,-6.614345706310452,-7.578849673013828,0.0010700835525545849
114.074,-6.614936038593749,-7.584551677926353,0.0029688243020052907
114.094,-6.614997774210949,-7.59029707031247,0.005735165753456811
114.114,-6.61501167888487,-7.595628286223185,0.009418006883231106
114.134,-6.615189927880414,-7.601230843500046,0.011881769699421202
114.154,-6.615267500321319,-7.606257097258892,0.013902554903918535
114.174,-6.615106075247906,-7.609846932733423,0.016026490460035625
114.194,-6.615152067415263,-7.6143793670147835,0.018345580556345747
114.214,-6.6151090995167765,-7.619141053276957,0.020146032909051592
114.234,-6.615072879438865,-7.624070109202727,0.021311388228054368
114.254,-6.615067622719067,-7.629265532139783,0.021833273193581165
114.274,-6.615045731485621,-7.635696904692956,0.02349560672345219
114.294,-6.6152855563627035,-7.64302509125599,0.02482824420588195
114.314,-6.61560483167549,-7.6493522654242065,0.02516543099561347
114.334,-6.615808783064348,-7.656196187414605,0.025683128173931757
114.354,-6.616033265563945,-7.662890909954878,0.02576730826700771
114.374,-6.616219740666789,-7.669794535996738,0.025834349486545144
114.394,-6.616499513144802,-7.676801262148243,0.025881174943521906
114.414,-6.616857342130811,-7.683847855578555,0.026349994711833136
114.434,-6.617183502850713,-7.69071145125727,0.026076309229543626
114.454,-6.617411586065019,-7.697900813557941,0.026322749964110992
114.474,-6.617790852795398,-7.70499444718289,0.026146372935138135
114.494,-6.61813962806681,-7.711824886501522,0.026422840855106933
114.514,-6.618349652334718,-7.718145975542231,0.02614489690907265
114.534,-6.618548741967503,-7.7250162436423215,0.025472565780873646
114.554,-6.618878131001037,-7.7319783143856435,0.02493147883280522
114.574,-6.619004663258813,-7.7386987348101055,0.02392049524474038
114.594,-6.619305565659431,-7.7455237119739575,0.02215497591105059
114.614,-6.6195838090866985,-7.75218253995017,0.019585520843339865
114.634,-6.619860106877945,-7.758594978714348,0.016119480772643996
114.654,-6.620133760470782,-7.764638252075048,0.011683995284511278
114.674,-6.620392969166904,-7.770149046869673,0.0062170146458810915
114.694,-6.6202100548492595,-7.776540420827768,0.00446094464496119
114.714,-6.620490223570459,-7.783475558842263,0.002120815793250408
114.734,-6.621043652914766,-7.790667203509362,0.0019337999763205105
114.754,-6.621381749564949,-7.797945542711158,0.0018873035821092843
114.774,-6.621846318553338,-7.805226602358035,0.0010224775062991909
114.794,-6.622020991014092,-7.812283527434207,0.0010171208787841668
114.814,-6.62233020626842,-7.819355514030852,0.0011284349645266367
114.834,-6.622730050468532,-7.826462773903257,0.0011193317749486897
114.854,-6.623087302312003,-7.833584726254745,0.00096835652423094
114.874,-6.62326971165688,-7.84068627417555,0.0012840589708081607
114.894,-6.6236387027686,-7.847783192208187,0.0009066913745013339
114.914,-6.624017913104685,-7.854898141227421,0.0010688202035933347
114.934,-6.624203105228428,-7.86199829779719,0.000994959399345463
114.954,-6.624537369815743,-7.869084582084013,0.0010500687019968369
114.974,-6.624861667057209,-7.876157148563402,0.0008973747328669679
114.994,-6.625263388228905,-7.883260840713113,0.001006079985877123
115.014,-6.625458825708517,-7.8897584288660445,0.0014248267460295339
115.034,-6.6255467597673405,-7.894448625695556,0.002002384276281244
115.054,-6.6258719151810155,-7.899607910523868,0.001890245509478805
115.074,-6.626280332852752,-7.904882683176432,0.0009530084089467705
115.094,-6.62664955906721,-7.911664913281134,0.001106153481310962
115.114,-6.6270764459476865,-7.918761943631422,0.0008324188001354038
115.134,-6.627548079671707,-7.9256276162815045,0.0011266936143736472
115.154,-6.6278887608087675,-7.932502028980821,0.0011595689042306068
115.174,-6.6282878097629006,-7.939619189392099,0.0009715109105450925
115.194,-6.62877610982371,-7.94641765626688,0.001149949460692301
115.214,-6.629068557122593,-7.952921380250224,0.000938412585276549
115.234,-6.629382705196075,-7.959733085002632,0.0010967335896516772
115.254,-6.6298646794203995,-7.966692514404672,0.0011604659152834595
115.274,-6.6303071917487255,-7.973663723215214,0.0012016998413858782
115.294,-6.630535377378044,-7.980266595701334,0.0012684445275932266
115.314,-6.630907014017247,-7.987226614404341,0.0009523948969376583
115.334,-6.6314159087452085,-7.994010896316945,0.0014495685496490884
115.354,-6.631816757821463,-8.000766257522033,0.0010784452001575406
115.374,-6.63207989737298,-8.00739944776847,0.001324716222779937
115.394,-6.632573648375052,-8.014081005401053,0.001163343464182176
115.414,-6.63305804606246,-8.021068251596706,0.0011998569711161866
115.434,-6.633289173891337,-8.027492188054856,0.0011151142126354097
115.454,-6.63380563011186,-8.034399341335927,0.0009798209094980526
115.474,-6.634309495463748,-8.041415339628239,0.001088623058845689
115.494,-6.634623872707633,-8.048143103153839,0.0012684689258861404
115.514,-6.635064593777093,-8.055101508052179,0.0009430972421315686
115.534,-6.635670024063515,-8.062019514531787,0.0014089374973458857
115.554,-6.636085310376748,-8.068572936116935,0.0010819544672832915
115.574,-6.636395486710176,-8.075099958000303,0.0011947671714394315
115.594,-6.637010249055725,-8.082115075006692,0.0011647280581714714
115.614,-6.637534483551968,-8.089144526146663,0.0011711957543917573
115.634,-6.637959486468239,-8.09623364588661,0.0012933887904091335
115.654,-6.638531141789622,-8.10336192933024,0.0009946169992835208
115.674,-6.639077906174296,-8.11015046440989,0.0012596970438607247
115.694,-6.639492066546806,-8.11693543655538,0.001269746855432019
115.714,-6.639959835553531,-8.124039053772783,0.0011721405636820892
115.734,-6.640515053098331,-8.130793996559781,0.0014243859256874714
115.754,-6.640964377729506,-8.137332134960314,0.001018334706286178
115.774,-6.641327595614052,-8.144105379285763,0.0014539856280786634
115.794,-6.641871401106525,-8.150816228455147,0.0013864807443279559
115.814,-6.642434052407153,-8.157870641474643,0.001656429940050691
115.834,-6.642742762922078,-8.164201261497217,0.0014254216507681161
115.854,-6.643207974698773,-8.170852071772787,0.0012470789134448879
115.874,-6.643848025089123,-8.177936514534938,0.0015112798270097982
115.894,-6.6443989553233225,-8.184840633930182,0.001222838328707787
115.914,-6.644864518625307,-8.191961218011368,0.0012989771805119177
115.934,-6.645561216050498,-8.199063778619218,0.0014230642987459463
115.954,-6.646005249296358,-8.205549038662513,0.0011838150218149157
115.974,-6.646449986602902,-8.212496755232838,0.0015293541480990436
115.994,-6.64692532460916,-8.21907332582948,0.0012956858580933928
116.014,-6.647538310467262,-8.226003848561456,0.0013362890983227294
116.034,-6.647980211398624,-8.232866734149876,0.0016720456952754315
116.054,-6.648419990078605,-8.239536391046261,0.001513579507707058
116.074,-6.648950212749936,-8.245829772663912,0.0013606995837356084
116.094,-6.649438560615529,-8.252868957052497,0.0014353475164488594
116.114,-6.6498904803280725,-8.259669832196384,0.001591787432312558
116.134,-6.650473609824323,-8.266393782750288,0.0013603123600458567
116.154,-6.651110600262749,-8.273621217768977,0.0011796536130067592
116.174,-6.651570872768457,-8.280702301734157,0.0016905697915415574
116.194,-6.65192818097207,-8.286875257330689,0.0012828171113077602
116.214,-6.652627550827421,-8.293836947037196,0.0014267093916809914
116.234,-6.653152631996907,-8.30099719633857,0.0015192696601839528
116.254,-6.653646288610448,-8.307597481900686,0.0014397361235952422
116.274,-6.654357616830199,-8.31454331465589,0.001419484358185924
116.294,-6.65498556700615,-8.321758715732479,0.0013183704080179937
116.314,-6.65554376183255,-8.328520904797239,0.0015770985546769145
116.334,-6.656162485567938,-8.334801592329361,0.0013921310773638007
116.354,-6.656875252088162,-8.341787469201734,0.0014153218109509702
116.374,-6.657406847897594,-8.348535172633321,0.0017125910510923659
116.394,-6.657996354428377,-8.355289590002347,0.0014749396567461381
116.414,-6.658645747553622,-8.361700570024661,0.001461869977536806
116.434,-6.659254298890266,-8.368597506464967,0.0013896979570114654
116.454,-6.659886605011668,-8.375566725659755,0.0014331696845696351
116.474,-6.660447020970376,-8.381915978369284,0.0013094130342318488
116.494,-6.661090620855613,-8.388755995722843,0.0011602263465774476
116.514,-6.661686583780881,-8.3957402743348,0.001502149084392529
116.534,-6.662156345032707,-8.401851444288166,0.0011462760796121796
116.554,-6.662886623038124,-8.408652552902911,0.0011694851219413716
116.574,-6.6634918606199465,-8.415780054695022,0.0014494077531406746
116.594,-6.6639021548515,-8.422133435003929,0.00119284035133288
116.614,-6.664539251685314,-8.428741545252674,0.0012420339107729605
116.634,-6.665159988542811,-8.435839640167377,0.0012879302957362615
116.654,-6.665677439155446,-8.44253816664853,0.0015226538602199358
116.674,-6.666202752311988,-8.448802252021686,0.001125796932783557
116.694,-6.666954861053539,-8.456075891656177,0.0011230784935044313
116.714,-6.667532244444004,-8.46305879815701,0.0013384289275374939
116.734,-6.668133125719883,-8.469528241337091,0.0009147738521703974
116.754,-6.668973527584666,-8.476761181827134,0.0011637743193507744
116.774,-6.6696102353408815,-8.483760406938694,0.0013697834423463118
116.794,-6.670280720924958,-8.49049772814624,0.00114601749903534
116.814,-6.67101689199004,-8.497006508681512,0.0013867767595522607
116.834,-6.6717396411113326,-8.503757215401622,0.0011409435594731399
116.854,-6.672264557469545,-8.510284814132618,0.0011226525097843831
116.874,-6.6731051177963145,-8.51710463545199,0.00114307116987572
116.894,-6.673916798133691,-8.524128646502875,0.0010858741988145348
116.914,-6.674506389759226,-8.530681283787663,0.0012559108972241828
116.934,-6.675261803129704,-8.537388277190267,0.0008627156652997736
116.954,-6.676197622155941,-8.544487879721952,0.0013543542603852154
116.974,-6.676800103802318,-8.550953807217159,0.0010816447147794783
116.994,-6.677563799589921,-8.55760766908481,0.0009362930989604001
117.014,-6.678540904330998,-8.56467422971362,0.0010975133813655447
117.034,-6.679287561583814,-8.571474486373516,0.000983900379288416
117.054,-6.680094522738351,-8.578521262695608,0.001157664020820376
117.074,-6.681015942014339,-8.585480001081335,0.0012035191255885258
117.094,-6.681894883921783,-8.59234541434948,0.0012525422213151838
117.114,-6.682520974205986,-8.598710091251014,0.001239516732212037
117.134,-6.68333937977868,-8.60547485744726,0.0009370142075519061
117.154,-6.684326188481872,-8.612511529555253,0.001455634463925437
117.174,-6.685045928441945,-8.618974158515686,0.0010806476087631134
117.194,-6.685776707151858,-8.625543803185078,0.0011004195331211775
117.214,-6.686806606130018,-8.632639959516418,0.0012725363027502046
117.234,-6.6875738118713,-8.639195198159152,0.0011059795873421263
117.254,-6.688350928380785,-8.645881183392321,0.0012781784003306762
117.274,-6.689345248118157,-8.652677930717044,0.0011726722026270953
117.294,-6.690351985627134,-8.659699371585274,0.0013538892840314898
117.314,-6.69108975748089,-8.666218040251682,0.0013733880719773717
117.334,-6.692011172116469,-8.673160141508856,0.0011412507782060377
117.354,-6.693022425301397,-8.680036533127799,0.0015934850092516883
117.374,-6.693912571283211,-8.686626499196691,0.0013264551555408621
117.394,-6.6946720323938225,-8.693069394936915,0.001350919447815374
117.414,-6.695769984474537,-8.69997273196815,0.0014033192141590933
117.434,-6.696690764701208,-8.706738266603061,0.0015129090194848094
117.454,-6.697592752123977,-8.713569322502376,0.001390163884565393
117.474,-6.698640357252471,-8.720634403509715,0.0011783843362341284
117.494,-6.699756097348703,-8.727608218588353,0.0014885394949749886
117.514,-6.700561337247401,-8.734035334491422,0.001371247156960853
117.534,-6.701502159762035,-8.740892055994275,0.0012391089479751038
117.554,-6.702578253985698,-8.747673603382905,0.0015025448341822456
117.574,-6.7034620040414765,-8.754233204278888,0.0013353535412571615
117.594,-6.7043868373663305,-8.760990484458691,0.0015544013783559407
117.614,-6.705375245727955,-8.767581597046041,0.0015392248522587137
117.634,-6.706470802046165,-8.774596663070994,0.0016127391853721085
117.654,-6.707313282813497,-8.781039688426734,0.0015974037489346893
117.674,-6.708272557218779,-8.787645916945486,0.00128073639610507
117.694,-6.70941270250442,-8.79439797074467,0.0016546680167734418
117.714,-6.710358807942455,-8.801089877523781,0.0014393952790766884
117.734,-6.711340316944072,-8.807745799126922,0.0014645258567647368
117.754,-6.712487585720956,-8.814461048415472,0.0016581499400395716
117.774,-6.7136154919532265,-8.821420098215162,0.0015983949353571836
117.794,-6.714471752221869,-8.827741969002966,0.0015036564629494487
117.814,-6.715673732770831,-8.83446060574769,0.0013947489850448247
117.834,-6.71682367912181,-8.841387107262527,0.0016822388607417305
117.854,-6.717843959763016,-8.847953325297851,0.0014202958816282862
117.874,-6.719003792386613,-8.854834008902984,0.0011224953592684772
117.894,-6.720333416993518,-8.861791358768542,0.001384909500784598
117.914,-6.721409462569026,-8.86858484169257,0.0013974583268564766
117.934,-6.722567476498858,-8.875575501807871,0.001263416088894298
117.954,-6.723904388231959,-8.882482735886109,0.0015070049489745163
117.974,-6.724978365822214,-8.888951285715127,0.001327511824556843
117.994,-6.726040056830207,-8.895826440737984,0.0015416566388967712
118.014,-6.727155359220043,-8.902659532668943,0.0013032287644660079
118.034,-6.728427820581306,-8.909521264916703,0.0016885715145757707
118.054,-6.72945066119847,-8.916077573286673,0.0014259393202337156
118.074,-6.730536730691115,-8.922804735475388,0.0013819011200117137
118.094,-6.731647706633704,-8.929194342049742,0.001358337166684126
118.114,-6.732771880972354,-8.93607182353992,0.001333305055347872
118.134,-6.733902963954804,-8.942955484908044,0.0016095462623994805
118.154,-6.734849386649369,-8.949061958825881,0.00127213837321144
118.174,-6.736080536849589,-8.955843919125101,0.00124679070003611
118.194,-6.737168157394739,-8.962833313042506,0.0015057868394733886
118.214,-6.738287965159667,-8.969497554568033,0.0012465980909185104
118.234,-6.739595557722799,-8.976461714671762,0.0012197510139049517
118.254,-6.740763407785266,-8.983611188200177,0.001320079441140598
118.274,-6.741856474923386,-8.990192910606853,0.0012079958737353513
118.294,-6.742970994313074,-8.99639577541396,0.001238648008308807
118.314,-6.744136381687036,-9.00330010712485,0.0011426630363590984
118.334,-6.7452593696717695,-9.010085815256556,0.0015734802426405903
118.354,-6.746405955044286,-9.016585718498444,0.0010499148365605837
118.374,-6.747795435003739,-9.023737194397558,0.0010529137341464823
118.394,-6.748966952817515,-9.03072368508642,0.0012859348675935967
118.414,-6.749949364880842,-9.036898184963633,0.0008076852933640022
118.434,-6.7513372132811105,-9.043942714106606,0.001147192444116596
118.454,-6.752468804885683,-9.050656626985417,0.001258304164962143
118.474,-6.753679261862899,-9.05727396178558,0.0011216391641055978
118.494,-6.754959597672974,-9.063851924781405,0.0014184717481973974
118.514,-6.7562955949953,-9.070696567048277,0.0013230071265570298
118.534,-6.757319199117411,-9.076898096489732,0.001165727685616208
118.554,-6.758704571309109,-9.083635633037863,0.0009906731412295533
118.574,-6.760010846110369,-9.090449893504191,0.001063189740271836
118.594,-6.761248630225224,-9.097225512521657,0.0012437107511749923
118.614,-6.762604388227213,-9.10410776938665,0.000885583712969984
118.634,-6.764092595772333,-9.110966544805498,0.0013044513807835834
118.654,-6.765272320663046,-9.117265927879723,0.0010139681708317139
118.674,-6.766575664360975,-9.124200017592836,0.001124005116631993
118.694,-6.768048125189752,-9.131066769415474,0.0012917391231374309
118.714,-6.769365551829171,-9.137678611847052,0.0012268553801786652
118.734,-6.770550162499739,-9.144205589506829,0.001264661934082506
118.754,-6.7718869625989635,-9.150921326857626,0.0010617790421403595
118.774,-6.773327342414725,-9.157751613738768,0.0014264592058890746
