timestamp,x,y,z
6.848,1.9922665414896819,0.00026687360746383536,0.001223369995778295
6.868,1.9922666225366177,0.0002691343001359836,0.0012231627296796221
6.888,1.9922649638852719,0.0002724837417577807,0.0012222774978539186
6.908,1.9922672210732002,0.0002764144387473026,0.0012217470352295368
6.928,1.9922686493918094,0.00027645614586049394,0.0012234427970354844
6.948,1.9922663799675013,0.00027609955636984486,0.0012140450132665792
6.968,1.992265473364743,0.0002748538793741892,0.0012175078387467453
6.988,1.992262736509201,0.00027787883423077025,0.0012235264865803896
7.008,1.9922663302995434,0.0002808067792948225,0.0012234666586961596
7.028,1.9922662289156932,0.000280573607342272,0.0012231085612657289
7.048,1.9922641384645483,0.00028339429990286504,0.0012229703684463744
7.068,1.9922639815707819,0.00028357966378075844,0.0012240079233377665
7.088,1.9922588697684585,0.0002874085671412762,0.0012224401199731338
7.108,1.9922586385749819,0.0002856449569321824,0.001221362573327861
7.128,1.9922605704646101,0.00029127078241678495,0.001224356156103168
7.148,1.992262993359393,0.0002922248429008876,0.0012239730059886156
7.168,1.992260038056444,0.0002934479791074521,0.0012164896160013483
7.188,1.9922573901836578,0.00029213123067130183,0.0012208716804981423
7.208,1.9922562487387925,0.0002945004419276827,0.0012218621705640254
7.228,1.9922569100918834,0.0002975252784233232,0.0012239189505089676
7.248,1.9922562456359212,0.0002985921550281365,0.0012238992950041327
7.268,1.99225428236458,0.0002989591662011257,0.0012233454047314574
7.288,1.99225528243127,0.0003012208967143209,0.0012229710287953166
7.308,1.9922541241399578,0.0003022571901853979,0.001214679152371556
7.328,1.9922529123712958,0.00030160322193155625,0.0012250789843313015
7.348,1.9922545068795887,0.00030441528106614187,0.001224024679742669
7.368,1.9922518734799666,0.0003048815137586586,0.0012240449826264321
7.388,1.9922523922377284,0.00030574385720503767,0.0012243603576684026
7.408,1.9922539353938782,0.0003098875059280448,0.0012180317044888922
7.428,1.992256190341039,0.0003106942882398021,0.0012200230444404658
7.448,1.9922550017130805,0.00031132379806763884,0.00122452042328966
7.468,1.9922523944407364,0.00031205630140940146,0.001224466749998182
7.488,1.9922531471586815,0.000311269617939603,0.001224543112854165
7.508,1.9922472912998714,0.00031564620172603534,0.0012243405899740323
7.5280000000000005,1.992239626488824,0.00031547537231821143,0.0012205449722119122
7.548,1.9922419534179905,0.0003177007595435451,0.001224062951800886
7.568,1.9922412886485343,0.0003170326897729735,0.0012231676727361418
7.588,1.992239586674969,0.00031844822614880534,0.0012239215347030485
7.608,1.9922395037092462,0.0003171224380747636,0.0012248916262342646
7.628,1.9922365254109586,0.0003199698853145126,0.0012246152849583192
7.648,1.9922286472909392,0.00032345927692052124,0.00122289526187086
7.668,1.9922255561650006,0.00032236977732821626,0.0012253353929612132
7.688,1.9922280253066593,0.00032375239531832843,0.0012249760513892982
7.708,1.9922250829038362,0.00032499879826574925,0.001217469220137296
7.728,1.9922255657811199,0.0003271934562709868,0.001225423152507621
7.748,1.9922277180717727,0.0003302131860975293,0.0012232534515498605
7.768,1.9922303544646698,0.0003330543459317642,0.001222430578596445
7.788,1.9922269911928243,0.0003322044780632457,0.0012248855537320413
7.808,1.9922274719900397,0.0003370319263669364,0.0012188474379070113
7.828,1.992229616535729,0.0003394798602397993,0.001225277300232197
7.848,1.9922317057015306,0.0003409146438343814,0.0012272781510105357
7.868,1.9922289648841358,0.0003402628502459624,0.0012252313165972972
7.888,1.9922293797691126,0.0003445455682968329,0.0012250087700678425
7.908,1.9922315141596698,0.0003486655193697373,0.0012175521510787435
7.928,1.9922320119285184,0.0003488751959649262,0.0012249493437015702
7.948,1.9922309239714464,0.0003483095914320255,0.0012157603920966153
7.968,1.992229655722695,0.0003476583042643376,0.0012253065315769862
7.988,1.9922270988010427,0.0003490464399937044,0.0012266604685812477
8.008,1.9922298365723514,0.00035241436120674556,0.0012239787582403183
8.028,1.992229750800217,0.0003545847244855185,0.001224413150107212
8.048,1.9922284331186626,0.00035387715366704464,0.0012253558361318972
8.068,1.9922297748354239,0.00035567683836570886,0.0012258087635285964
8.088,1.9922331409501595,0.00035790696874517345,0.0012242218003382377
8.108,1.992230248035679,0.00035971136877200477,0.0012255397159796066
8.128,1.9922303836630146,0.00036223879110136635,0.0012156872571589816
8.148,1.9922264811231707,0.0003632754245951619,0.0012178318118072073
8.168,1.9922265568861266,0.00036383714832230885,0.001223768077700249
8.188,1.9922248761894505,0.0003681620495444349,0.0012256087640841462
8.208,1.9922269911709478,0.0003723262417507266,0.001218206719431597
8.228,1.9922274934030644,0.0003725322171997673,0.0012254701920236533
8.248,1.9922264118188906,0.0003719523835785592,0.0012162386144180248
8.268,1.9922251410596141,0.00037132203140692534,0.0012258308226599235
8.288,1.992222695982596,0.0003727180619652136,0.0012271678022640342
8.308,1.9922243628057847,0.0003758806975554789,0.001225925677608819
8.328,1.992222595536976,0.00037802480447353333,0.0012257914776594436
8.348,1.9922211573468032,0.0003773055336850156,0.0012260615239493289
8.368,1.992222055748533,0.0003813501288484455,0.001224571159434834
8.388,1.9922205129913273,0.00038113227868378607,0.0012259475466695202
8.408,1.992219281387293,0.00038132325777740574,0.001224809133918453
8.428,1.9922188034450234,0.00038379955943193523,0.0012245482892040416
8.448,1.9922178762208644,0.0003828713107922608,0.0012261558014450835
8.468,1.9922180354797197,0.00038495751576020815,0.001226524589827277
8.488,1.9922157983814108,0.00038510896121264106,0.0012264800480755456
8.508,1.9922180856011282,0.0003860300826837046,0.0012264624496461096
8.528,1.992216581896787,0.00038981944280523466,0.0012258086565476167
8.548,1.9922190549204253,0.0003932992278525127,0.0012260337918905129
8.568,1.992218850628262,0.00039207672907121496,0.0012245109502376228
8.588000000000001,1.9922180213620184,0.00039320332676146176,0.001226231020579699
8.608,1.992218683796731,0.000397715362629626,0.0012264040597881054
8.628,1.9922210402474962,0.0004014190961764405,0.0012262986323723635
8.648,1.9922218429302831,0.00040211005041897483,0.001226313190833772
8.668,1.9922198722482543,0.0004013084554831529,0.0012266289641153227
8.688,1.9922184289949538,0.00040340727004444286,0.0012217893777248245
8.708,1.9922161518687964,0.00040573471687170267,0.0012266702353792847
8.728,1.9922147339345775,0.0004071040616978878,0.0012268212563644743
8.748,1.9922162740357656,0.0004096500282464592,0.001227277939219229
8.768,1.992220616702465,0.0004119187346093162,0.0012266545190449951
8.788,1.9922172767349828,0.0004123583943368304,0.001226732911436823
8.808,1.9922145812428371,0.0004133354923255263,0.0012267467981154911
8.828,1.9922151853600525,0.00041378233384566554,0.0012247188713798984
8.848,1.9922142093187136,0.00041701653830510804,0.001225771264041664
8.868,1.9922135637214702,0.00041869949793747096,0.001226998439433108
8.888,1.9922099115166858,0.00041830722584592793,0.0012239173707379591
8.908,1.9922112009914412,0.0004204549820158556,0.001226890294433014
8.928,1.992210370817198,0.0004214139257626403,0.0012268585707822244
8.948,1.9922083151007395,0.00042158223281148124,0.0012263160245833127
8.968,1.9922093008268134,0.0004238115019797472,0.0012259333781046433
8.988,1.9922081560070612,0.0004248379920002183,0.0012176376078648632
9.008,1.992206966880763,0.0004241911905390948,0.0012280423045124556
9.028,1.9922085698698828,0.000426998831287819,0.001226982493157891
9.048,1.9922042497167407,0.00042736090161964895,0.0012272148637716696
9.068,1.9922055770058575,0.0004279216540064625,0.001226216721986001
9.088,1.9922047823642872,0.00042945367523656723,0.0012274184579204594
9.108,1.9922009725117515,0.00042889494609905964,0.0012243702543923152
9.128,1.992457965371876,0.0004310381650761306,0.0012413795589347187
9.148,1.9930937239702429,0.0004315728411870861,0.0012672457300900997
9.168,1.9941520810207045,0.00042681581278182967,0.0012949545127269035
9.188,1.9956110480845366,0.000427792340055741,0.0013294506849332033
9.208,1.9974908244719742,0.00043342485834613534,0.001323109166523756
9.228,1.9997589847581234,0.00043195164775286645,0.001258244487284177
9.248,2.0024149853864754,0.00043032839687483985,0.0011070503463193326
9.268,2.0054848181248888,0.00042843664315915964,0.0008094208394724134
9.288,2.0089284962359297,0.00042715855458451006,0.0007651534911199964
9.308,2.0128675281750867,0.0004248989164375454,0.001132442684497026
9.328,2.016726803426132,0.00042315151108961445,0.0013439238592054814
9.348,2.0213146958929293,0.0004202887326214462,0.001364529092083011
9.368,2.026375569092964,0.0004184533078392851,0.001085415512016047
9.388,2.0318100266541395,0.00041551616986439246,0.0008129274415387411
9.408,2.0377575977850406,0.0004130529337542146,0.001315046766036776
9.428,2.044129989605179,0.0004128922652903651,0.001440169311329842
9.448,2.0495245140888794,0.0004082003780694659,0.0010716974809456825
9.468,2.0559541686363056,0.0003730635751906781,0.0011023893256538742
9.488,2.063056045126006,0.0003679696210297741,0.0014799390097184895
9.508,2.070048588326221,0.000362146780896869,0.0014144628841687157
9.528,2.076071039201017,0.00035975445663275624,0.0008678153620516327
9.548,2.0831763911338776,0.0003528220463567416,0.0014417323856275588
9.568,2.090295809442939,0.00034569296726586515,0.001482971246738518
9.588000000000001,2.096645022744349,0.0003480582737545694,0.0011024684081938352
9.608,2.103200245059197,0.0003440581743007599,0.001323204984979981
9.628,2.1103131789596477,0.0003368475899781058,0.0015472845938659663
9.648,2.117342251558802,0.0003301999528131532,0.0013437072362743607
9.668,2.123535745380835,0.00032688217592484134,0.0011072081372464349
9.688,2.130640704224478,0.0003198405935458965,0.0015334731012855707
9.708,2.137755314729004,0.0003123477714015287,0.0014349440813526404
9.728,2.143697085325083,0.00031020795475294517,0.000728156663269558
9.748,2.15079002479587,0.00030252945581703446,0.0014410121869169734
9.768,2.1579054096825354,0.00029496289012875484,0.0015178139132698276
9.788,2.164587666800591,0.0002902443009265275,0.0012119465098678894
9.808,2.170971440017698,0.00028343507439770866,0.001257565172775671
9.828,2.1780885227963895,0.00027557708962047504,0.0015268819791008081
9.848,2.185051543475921,0.0002702172884426493,0.0013913746353694245
9.868,2.1909976713045576,0.0002658731570747168,0.0009910794946954848
9.888,2.1980980490615103,0.00025996081839690054,0.0014515768499154535
9.908,2.205213093626782,0.0002507322994376458,0.0013763091058688615
9.928,2.2117497422654315,0.0002514885498494207,0.0009519336328861483
9.948,2.218586597028858,0.00025405457015838733,0.0013100211568399245
9.968,2.225723133121069,0.0002457322689607085,0.0014298003626821432
9.988,2.2320668384968942,0.00024172432263264843,0.000989891612255045
10.008,2.238988595350008,0.00020213753750338562,0.0011232797785592497
10.028,2.2461091676049696,0.00019848806795445709,0.0013752722278250196
10.048,2.253215023639335,0.00018297846375822042,0.0011441039956326948
10.068,2.259532286300652,0.00019808439927962996,0.0007902979282128075
10.088,2.266606087387508,0.00016857471847970453,0.0012726030480988137
10.108,2.273534557711185,0.00015229777650957514,0.0013260063453489346
10.128,2.279841841047076,0.000142056290430117,0.0006315692595052214
10.148,2.2868633437636197,0.00012814083810035258,0.001093043835238755
10.168,2.2939542055637228,0.0001116448393989471,0.0012356518876945055
10.188,2.3010382820117554,9.539281719657259e-05,0.0008571202505121001
10.208,2.307536671118507,8.881099943591785e-05,0.0008362924137014505
10.228,2.3146132492877864,7.262977269077508e-05,0.001195652691939053
10.248,2.3212750215829687,6.2177572499754e-05,0.0010685172468768434
10.268,2.327844358441817,6.612746579386013e-05,0.0005552195958326567
10.288,2.3349600470519265,2.2756203175935464e-05,0.0010767060195776001
10.308,2.3420452016082622,2.862762666537089e-06,0.0010770340244107557
10.328,2.3489939421346837,-1.3860880635793298e-05,0.000653356755892176
10.348,2.355629734823718,-2.4328998355676953e-05,0.0008913153894863912
10.368,2.362704949388519,-4.40425963949645e-05,0.0011141780512510524
10.388,2.369056226586594,-5.2543165293453744e-05,0.0008367764323869709
10.408,2.3756700943552875,-4.804264434039427e-05,0.0006591465407539965
10.428,2.382743535513512,-6.859389112368858e-05,0.0010648329106236476
10.448,2.3898300541573647,-8.816666730646927e-05,0.0009377936287041921
10.468,2.396335812132794,-0.00010491035646283792,0.00046753577122513046
10.488,2.403194246300022,-0.00011597378893534039,0.0009670296772965603
10.508,2.4102742248547373,-0.00013868794611865892,0.0010597841063030022
10.528,2.416433947720284,-0.00014725210604211165,0.00057947558532917
10.548,2.423352046116082,-0.00016449810318090418,0.0008149868655185355
10.568,2.430429277373429,-0.00018205681980430012,0.001078126709415067
10.588000000000001,2.4375063738871594,-0.00020441235151176946,0.0008306440768933998
10.608,2.4437243003061124,-0.0002067702123945195,0.0005854494815439037
10.628,2.4507857039100025,-0.00023455493147136796,0.0010706579962461438
10.648,2.4578383928974015,-0.00025618664532801075,0.0010481995968437685
10.668,2.4639895761054826,-0.0002557454893790578,0.00040776762050404036
10.688,2.47101279073704,-0.0002728586209862694,0.0010002761850888275
10.708,2.4780942658691156,-0.0002886339156420541,0.0011315368756388
10.728,2.4850604868911126,-0.0003105481981500677,0.0008310960568368719
10.748,2.4914149680817443,-0.0003370625284952941,0.0009001994347048459
10.768,2.498506698592301,-0.0003479653500894176,0.001193167168531989
10.788,2.5052592900207156,-0.00036574896621702,0.001127479598922454
10.808,2.5115866340007034,-0.0003625526119360698,0.000668079919304454
10.828,2.518709006022687,-0.000398383023942848,0.0011812874168734
10.848,2.52579984894448,-0.0004278280772605365,0.0012052704731186636
10.868,2.5319827347172437,-0.00043843141569155505,0.0006861978954627035
10.888,2.5388920926964147,-0.0004557871477883078,0.0011093556161394236
10.908,2.545989655346723,-0.0004753985251211883,0.0013183230215338682
10.928,2.55262647256598,-0.000492901527321253,0.0010948084280806014
10.948,2.559103312052094,-0.0005205117968805595,0.0010141350920826186
10.968,2.566239617237572,-0.0005356225352977722,0.0013624532490458807
10.988,2.5733403176414495,-0.0005690166707889377,0.0012480366035535762
11.008,2.579390413853857,-0.0005647224977143626,0.0007073264162109905
11.028,2.586369290000178,-0.0006224211190051974,0.0013359817712308986
11.048,2.5934874282737295,-0.0006444878313931807,0.0014133498204871586
11.068,2.599790167956034,-0.0006506466301424107,0.0010004559277719538
11.088,2.6064537236253935,-0.0006740929467809043,0.0012165381881636683
11.108,2.6135554365628924,-0.0007007575317690576,0.0014845178354638555
11.128,2.6205122867207833,-0.0007235915311076745,0.001329349270704605
11.148,2.626546556639114,-0.0007300212866328939,0.0010165370248194638
11.168,2.6336464941661704,-0.0007630918587478813,0.001490926117254654
11.188,2.640764879511649,-0.0007908437251736256,0.0014355096875799944
11.208,2.646671457950925,-0.0007897481439658854,0.0008052033994218888
11.228,2.6536687092355655,-0.0008148133209156434,0.0014060115878369028
11.248,2.660780939867176,-0.0008395081861818454,0.0015269585489441628
11.268,2.667599350686607,-0.0008580695687521853,0.001304190468347538
11.288,2.6739019496723277,-0.0008702538554027613,0.0012393422868935133
11.308,2.681013770224322,-0.000894584750018091,0.0015579848723089318
11.328,2.6879597261174872,-0.0009123537179999894,0.0014563370713025214
11.348,2.694041399677602,-0.0009127258764322843,0.0010007571123110126
11.368,2.701112767551641,-0.0009380685488426518,0.0014966077325192506
11.388,2.7082336790856276,-0.0009580022655204929,0.001473422766830712
11.408,2.7146481385947756,-0.0009744663089976474,0.0010687330668156247
11.428,2.721005355169206,-0.0010040635197252454,0.001348512073520075
11.448,2.7274163623848633,-0.0010087177079599976,0.0015206991467279773
11.468,2.7334169181304038,-0.0010282566792829584,0.001303687741266657
11.488,2.7386092867390177,-0.001039516353572853,0.0007969064132231918
11.508,2.7437583183736907,-0.001059720890988975,0.0012549726115917703
11.528,2.7485741013216947,-0.0010741654757295228,0.0014680570446529706
11.548,2.752956756955584,-0.0010942579441964664,0.0014676675656857818
11.568,2.756694220556244,-0.0011342908841937645,0.0012933848976690032
11.588000000000001,2.76035105923723,-0.0011678576892959489,0.0009358189362272396
11.608,2.7638335336066455,-0.0011935886554032315,0.0008881608216406156
11.628,2.7671353715194495,-0.0012147488963481854,0.0011618360997857347
11.648,2.7700942502873893,-0.001263099804573605,0.0013674716025494915
11.668,2.772855099589318,-0.001349342514800656,0.00139558249441199
11.688,2.7754933493521756,-0.0014375346664682379,0.0013661497128973077
11.708,2.7778531262178627,-0.0015833972721237353,0.001238700510830859
11.728,2.7800288710340615,-0.0017269521518974368,0.0011083450167794495
11.748,2.7820983989861534,-0.001831527414916995,0.0012775040926907844
11.768,2.7840254096216848,-0.0020150852891614003,0.001385973103568805
11.788,2.7860505411550185,-0.00221235683987743,0.0014232420548788427
11.808,2.7880816899825125,-0.0024512255862073557,0.0013811207914700974
11.828,2.7901054458446404,-0.0027343242372191885,0.0012606637305795088
11.848,2.7921184099393734,-0.0030608355348020447,0.0010587295075377146
11.868,2.7941639578427564,-0.003285268626102773,0.001170017675389129
11.888,2.7960563959738245,-0.0036055452505509085,0.0012899004596128028
11.908,2.798057955400002,-0.003948295333017316,0.0013514252515980651
11.928,2.800063832413039,-0.004333594268442008,0.0013251742346515605
11.948,2.8020635255280206,-0.004757012183166103,0.0012202556594422542
11.968,2.8040504461732914,-0.005223459416348347,0.00103417359601074
11.988,2.8060792050784538,-0.005593987478146652,0.001003087005693376
12.008,2.808025756640353,-0.006050337141249122,0.0011561048982368372
12.028,2.8099727485100567,-0.006542929910880087,0.0012201182719940862
12.048,2.8120745862751297,-0.0070783766316809245,0.0012156466731316762
12.068,2.814199064146401,-0.007671558251864898,0.0011193480340428164
12.088,2.8161423490217667,-0.008273838126413205,0.0009498750674425405
12.108,2.818093291952324,-0.008868000786343916,0.0008017437621352097
12.128,2.820074699176968,-0.009422311855664757,0.000941463915486801
12.148,2.8219963632592293,-0.010097776085631803,0.0010330483528944168
12.168,2.824088792604624,-0.010795603479735783,0.001050891460584763
12.188,2.826175019131366,-0.011533671958092392,0.0009696327953724326
12.208,2.828240685113293,-0.012317026777104513,0.0008104525169486121
12.228,2.8301951626675668,-0.013114911763326565,0.0005653607981829512
12.248,2.8321897044517694,-0.01373721242504058,0.0007061668370634822
12.268,2.8341470212524844,-0.01438734744054077,0.000877808236240285
12.288,2.836209295404253,-0.015079891918542712,0.0009645884914401548
12.308,2.8382732428240773,-0.01582761585076331,0.0009763800381839549
12.328,2.8403119434944752,-0.016610724939348242,0.0009024118551468341
12.348,2.842196746539492,-0.017382520142553665,0.0007602678626369708
12.368,2.844119315484844,-0.01812401536120699,0.0007989598652342889
12.388,2.8459165946943825,-0.01887096779332627,0.0009625999189045165
12.408,2.8477936200649303,-0.019676862885696107,0.0010737021668942581
12.428,2.849734440706165,-0.02054386984070427,0.0011013647717107722
12.448,2.851568708559431,-0.02142557957534581,0.0010607148702790614
12.468,2.853386918236764,-0.022340083451933203,0.0009407239839071546
12.488,2.855209654863396,-0.02325599366174716,0.0008513196820711111
12.508,2.857078073611677,-0.024136092200270066,0.0010202669052163105
12.528,2.8588189888666595,-0.02504826468362806,0.001144755374363593
12.548,2.8606150581584964,-0.026010118899296112,0.0011963072612474757
12.568,2.862390951279717,-0.02701178106473377,0.0011725069197083826
12.588000000000001,2.8641433546060044,-0.028051029148831706,0.0010711665598546471
12.608,2.8658689720051136,-0.02912588863175505,0.0008901736312118824
12.628,2.8676800844264547,-0.030116592698932382,0.001024731880733265
12.648,2.869364134155522,-0.0311554087000641,0.0011679396501781125
12.668,2.8710722851429744,-0.03223816891511593,0.0012301734706516299
12.688,2.872765505025577,-0.03335702564272385,0.001228432106243127
12.708,2.8744272784700535,-0.0345143237197904,0.0011509972844687133
12.728,2.876071518889017,-0.03570376323737066,0.0009870133283804983
12.748,2.8777897498560954,-0.03683427843870604,0.0009830378324953148
12.768,2.879392469311455,-0.038021684993760296,0.0011456457181525936
12.788,2.8810082339777465,-0.0392225213468157,0.0012294338917955838
12.808,2.8826288886862144,-0.040460688441238256,0.001241066404989527
12.828,2.884223662091741,-0.04173502078004378,0.001175500462887058
12.848,2.885788627036979,-0.04304232395612821,0.0010303306409795154
12.868,2.887361320097048,-0.04434752523715105,0.0008985900210765341
12.888,2.8889750846412516,-0.04562215950485981,0.0010625736537226427
12.908,2.8904207862343485,-0.04691157677965022,0.001167067738967159
12.928,2.8917480503731663,-0.04810354379771506,0.0012055722264110724
12.948,2.8927478232489654,-0.04906730336719118,0.001190107523423356
12.968,2.8934419661152404,-0.04979260966587758,0.001139447491228296
12.988,2.8938325741737163,-0.05026800005353795,0.0010904775443736359
13.008,2.8939151659116096,-0.050475924900699576,0.0010259533952934607
13.028,2.8936856237166335,-0.0504192771489553,0.0009554390652151967
13.048,2.8931415045195235,-0.050066591270309845,0.0008810338756128078
13.068,2.892398789803683,-0.049327706706771085,0.0008760895287638071
13.388,2.862151460472271,-0.015872586908645875,0.0009223408799823862
13.408,2.86033718474132,-0.013271360917219581,0.0011197651742266002
13.428,2.85859352217904,-0.01060428112081964,0.0011852185928349912
13.448,2.8566428895146934,-0.007658675614287992,0.001051184018622725
13.468,2.8550411768603574,-0.004933649733164777,0.0009247549619176565
13.488,2.8534088752160223,-0.00222875752596767,0.0011552836078772277
13.508,2.8518716102561976,0.000563906186491242,0.0012427661403729973
13.528,2.8502592733632266,0.003438077255720616,0.001133834930129446
13.548,2.8491778680857123,0.00569639845436172,0.0008456176991392395
13.568,2.848130054746899,0.007513431523163992,0.0010130370099450947
13.588000000000001,2.8472770464499093,0.009033888009452172,0.0011769599101846273
13.608,2.8464493305847385,0.010406636597798238,0.001065422612210043
13.628,2.846072600548011,0.011244965265727984,0.0009800864847746282
13.648,2.845951709153951,0.011788167635119133,0.0010191686898209928
13.668,2.8459846545518177,0.01187518810746268,0.0009964108801531202
13.688,2.8461807721361514,0.011428119372889657,0.0009578964246746424
13.708,2.8462973942198295,0.010402085692655508,0.0010696069555836962
13.728,2.8464331844549684,0.009117144850149472,0.001075567636805802
13.748,2.8465647448469213,0.007630974860850077,0.0009525630191543899
13.768,2.8469575194406733,0.005777459012355567,0.0009951587375063298
13.788,2.8472751407741477,0.0035351529412066887,0.0012234618819684795
13.808,2.8475566243196626,0.001016553973490264,0.0012361062670841472
13.828,2.8478709551595336,-0.0020680851954385446,0.001072903614673243
13.848,2.8482976036528025,-0.005572556422398539,0.000999733164283395
13.868,2.8487535468302583,-0.009664507891178384,0.0010942492767484768
13.888,2.848943822196252,-0.013675811281215748,0.0009858070578434297
13.908,2.8493087043146543,-0.018199994128903066,0.000820351916242773
13.928,2.849807567760432,-0.022809529905484096,0.0012244279636181854
13.948,2.850059614693708,-0.02753612004996979,0.0014339179007834546
13.968,2.850212584018997,-0.03240735054692078,0.00126747643569039
13.988,2.850461029500816,-0.037742742359472815,0.0013455702249203227
14.008,2.8505413591374347,-0.043334381619125735,0.0013764696625325201
14.028,2.850509888449365,-0.0487246469963505,0.0009907758457367577
14.048,2.8505821169226313,-0.05485286801683627,0.0011225045617702656
14.068,2.850656931323234,-0.06075455926110226,0.0015590594996466867
14.088,2.850525676947199,-0.06660721133034486,0.001436387742334455
14.108,2.850429781435237,-0.07309815774364156,0.0008839257893750174
14.128,2.85037010785516,-0.07992461153558361,0.001306967542840598
14.148,2.850295521611028,-0.08698891233847317,0.0015129999088970003
14.168,2.850217872632193,-0.09409451886874687,0.0012050269191135887
14.188,2.850185238466291,-0.10033829016837643,0.0011446661137995695
14.208,2.8500906970543833,-0.10743676953181394,0.0015056282399095733
14.228,2.850028872754612,-0.11432644419576543,0.0015033311011876938
14.248,2.85000579996984,-0.12051462328253207,0.0007943264578422204
14.268,2.849897995972244,-0.1276997933795117,0.0014178498998215772
14.288,2.8498193744621485,-0.13481480194472933,0.0014744009415453563
14.308,2.8497474124264617,-0.14174248577125803,0.0011471437526582862
14.328,2.8496825277240285,-0.14820964163377628,0.0012347278762303293
14.348,2.8496097830656457,-0.1553301006057245,0.0015067409830044898
14.368,2.8495452038099383,-0.16207217573242477,0.0013571049193539242
14.388,2.8494839663249674,-0.16835984641685664,0.0009771093908547968
14.408,2.8493950714615326,-0.1754592448372302,0.0014309352082787774
14.428,2.8493082019392117,-0.18256858590224484,0.0013446153297803909
14.448,2.8492483430210354,-0.18915691200696905,0.0009103932728813657
14.468,2.8491352259037583,-0.1960473653573987,0.0012939613427283558
14.488,2.8490913519892134,-0.20321218567687466,0.0014107196052046134
14.508,2.8490428153485685,-0.2095341376090031,0.0009719157379760313
14.528,2.8489778951166924,-0.21639312694770302,0.001084576042383878
14.548,2.848890838488689,-0.22349117407811048,0.001374735953909273
14.568,2.848803096824761,-0.23058965218784533,0.0011381838203961547
14.588000000000001,2.8487503961652654,-0.23686303700071326,0.0007897303834678293
14.608,2.8486633734352855,-0.24391091121485642,0.0012814100309492538
14.628,2.8485758881094747,-0.25097747092073575,0.001275751037290468
14.648,2.8485369667729534,-0.25713227175066145,0.0006260238547433072
14.668,2.8484477711720215,-0.26411007242173407,0.0011076444549198428
14.688,2.8483557888167836,-0.2712045087665205,0.0012434211432627018
14.708,2.848263520556856,-0.27828854826600635,0.0008575183629682126
14.728,2.848199100911939,-0.28480603779624813,0.0008679541621155751
14.748,2.848105966092214,-0.29188826714148697,0.0012215222509288914
14.768,2.848039993229154,-0.29857656170157176,0.0011576357276418259
14.788,2.84799874564162,-0.3048682434770399,0.0005992865730524988
14.808,2.8478824888310976,-0.312013732643437,0.001115913792916673
14.828,2.8477829432264605,-0.3191057765214571,0.0011106659917501371
14.848,2.8477115749597273,-0.3257639999525877,0.0007053737493374901
14.868,2.8476319757709874,-0.33231498760507716,0.0009348448110874652
14.888,2.8475306380196326,-0.33939685545801407,0.0011415203303645483
14.908,2.847451986360832,-0.34618578636832764,0.0009494523993077708
14.928,2.847391625185056,-0.3523582159116988,0.0006968203045588928
14.948,2.847291669018048,-0.3594378306508412,0.0010961376890950558
14.968,2.847191254760234,-0.36652220875242575,0.0009813255139779764
14.988,2.8471422629968086,-0.37254737050591574,0.0003262568284405354
15.008,2.8470444052260806,-0.379531054302792,0.0009973246143127057
15.028,2.8469381986103324,-0.3866171386968223,0.0010797339993394162
15.048,2.846872773331868,-0.3931181162859424,0.0007352588019589601
15.068,2.846797664024705,-0.3994762312781981,0.0008437201742962641
15.088,2.846690428700082,-0.406555244244175,0.0011113107563072155
15.108,2.8465843109314313,-0.4136332702994026,0.0008604760878597184
15.128,2.846534231109449,-0.4198223858839918,0.0006222328643685215
15.148,2.8464305354870993,-0.42689073776894154,0.0011049484026323386
15.168,2.8463468716690445,-0.4337931608586976,0.001147554386775329
15.188,2.846291962796319,-0.4400111948695887,0.0004134606921384343
15.208,2.846181840142158,-0.44704749185766396,0.0010237114305979012
15.228,2.8460743544647036,-0.4541344832661703,0.001151392433155235
15.248,2.845967531069832,-0.4612106811068127,0.0007607191021330173
15.268,2.845903188268188,-0.46772413485064085,0.0008687442095655917
15.288,2.845795956306794,-0.47480684301357634,0.0012154213431282146
15.308,2.845721450967955,-0.48157859245444884,0.0011130580284400837
15.328,2.845659763134472,-0.4879648785741902,0.0006990642641131473
15.348,2.845540132327764,-0.49513290699447543,0.0012205914375734706
15.368,2.8454352245492758,-0.5022208001916173,0.0012056346565394171
15.388,2.845376050247229,-0.508689155694715,0.000776771424834094
15.408,2.845279405675196,-0.5156004099606146,0.0011306895851329324
15.428,2.845164911333575,-0.5228240646822679,0.0013156153585340002
15.448,2.8450916352669933,-0.529539221627581,0.001103717354596162
15.468,2.845023087671818,-0.5358371864257812,0.000998809639106063
15.488,2.844911639970925,-0.5429311966564507,0.0013677508450333775
15.508,2.844800967158996,-0.5500310555524635,0.0012121165630955277
15.528,2.84475112278364,-0.5561749702590947,0.0007923001549188791
15.548,2.8446436969125934,-0.5631967551175424,0.0013451090022761902
15.568,2.8445402104744124,-0.5702854665904319,0.0014197797057798889
15.588000000000001,2.8444901732355983,-0.5764125629578397,0.0008590561268257968
15.608,2.844353957035238,-0.5834446980454624,0.001241969496856371
15.628,2.8442418779239143,-0.5905569788062078,0.0014631796151588494
15.648,2.844120737491288,-0.5976652165702803,0.0011638290253765948
15.668,2.8440586320386307,-0.6040079372227093,0.001052454759488619
15.688,2.8439340145698853,-0.6111079570382068,0.001483087456242732
15.708,2.8438388023017667,-0.6180322494990759,0.0014938848303037155
15.728,2.843805823281619,-0.6241423251581588,0.0007680137816140631
15.748,2.8436580638411626,-0.6313282923254123,0.001415703089585163
15.768,2.843543077549798,-0.6384423458553113,0.0014871145218811332
15.788,2.8434496602193566,-0.6452117199746487,0.0012076173956180325
15.808,2.843357194635126,-0.6516661272578912,0.0012475584230609849
15.828,2.8432289953259553,-0.6587747185607455,0.0015244654232741683
15.848,2.843119519981152,-0.6657259567247653,0.0013815816200629383
15.868,2.84305833590314,-0.6717636104802855,0.001003499878962033
15.888,2.8429335792186063,-0.6788642337302553,0.0014817076659172368
15.908,2.8428056844327676,-0.6859835175720796,0.001432158945546519
15.928,2.842766177487754,-0.6919423153819502,0.0008231328757847545
15.948,2.842641693414513,-0.6988824126499865,0.0013534217586801678
15.968,2.8425169813053213,-0.705992171730616,0.0014829735219219209
15.988,2.842436502257359,-0.7126110320018668,0.0012309134730999205
16.008,2.842352536180851,-0.7188464154027429,0.0011443224462535373
16.028,2.842225065957876,-0.7259504083992705,0.0014590417760836916
16.048,2.842097327645049,-0.7330555872265548,0.0012489820051569955
16.068,2.8420334274193104,-0.7392614744275929,0.0008588711408530347
16.088,2.8419055381862752,-0.7463106054701796,0.0013747541007397834
16.108,2.84178699603785,-0.7533314270238568,0.0014186528652974928
16.128,2.841734471137869,-0.7595547047057282,0.0007879209001567522
16.148,2.841577793101819,-0.766613108525526,0.001187851260513323
16.168,2.841475829305364,-0.7737176246876794,0.0013613449393244936
16.188,2.841346727216678,-0.7807298198983424,0.0010823159656891956
16.208,2.8412676894325677,-0.7870506072423158,0.000950065707192721
16.228,2.8411260608946445,-0.7941477273756066,0.001319239780927517
16.248,2.841003669548644,-0.8010806937336447,0.001259462909150355
16.268,2.8409170467865605,-0.8071864194228379,0.0006366176117829359
16.288,2.840771560735435,-0.8142549341772003,0.0011933525628042563
16.308,2.8406261374056885,-0.8213487848888903,0.0012134511776254742
16.328,2.8405175191054974,-0.8280778980551352,0.0009076342716940744
16.348,2.8404127012280735,-0.8344948847184152,0.00099939132735119
16.368,2.840264548948851,-0.8415822040608669,0.0012196414848020254
16.388,2.840134988799458,-0.8485183916207129,0.0010368534624650427
16.408,2.840057281283659,-0.8545742843798345,0.0007361898058714511
16.428,2.839907314465311,-0.8616500394650085,0.0011566951175538132
16.448,2.839756154010399,-0.8687348900596449,0.0010551004483060067
16.468,2.839705980093038,-0.8745805498323674,0.00035895823964118834
16.488,2.8395562364429896,-0.8815480627357721,0.001029021449711509
16.508,2.839402293646648,-0.8886313441404663,0.0011119116897242987
16.528,2.8392945362867708,-0.8952798239844848,0.0007980127567003281
16.548000000000002,2.839186143863617,-0.9016224208210706,0.0008380071920561227
16.568,2.8390298748594347,-0.9087027977023946,0.0011196154126026925
16.588,2.8388949082822945,-0.9156428551608391,0.0009655328499184046
16.608,2.8388063441033924,-0.9217608075387488,0.0005766905358471075
16.628,2.8386512441381333,-0.9288214479119359,0.0010676012963763137
16.648,2.8384940417808955,-0.9359009219530952,0.0010307855268999189
16.668,2.8384365253251063,-0.9418659985321332,0.00042169449938483927
16.688,2.838286498645416,-0.9488026807338549,0.0009521438258179027
16.708,2.838130595928233,-0.9558824283199957,0.0011084319806320964
16.728,2.838035981593375,-0.9624552326403472,0.0009082350741262679
16.748,2.837942393771906,-0.9685730779616889,0.0007840503191420267
16.768,2.837787072968322,-0.9756546557916035,0.001134105131746166
16.788,2.8376331937005865,-0.9827082790081183,0.0010040358778390657
16.808,2.837585514780445,-0.9886184703212965,0.0005780724342097365
16.828,2.8374189904055123,-0.9956436958790262,0.0011054183400033557
16.848,2.8372692349009525,-1.0027416272419887,0.0011289898632941553
16.868,2.837208484710814,-1.0087791448553756,0.0006008027135362137
16.888,2.837052693758917,-1.0157462378082964,0.0009988330858010652
16.908,2.8369105770530156,-1.0228352195201527,0.0012182185054280814
16.928,2.836791640840983,-1.0296541861769448,0.0010578747376011888
16.948,2.8367097536332575,-1.035730346421911,0.0008274631367541085
16.968,2.836547812691949,-1.0428216469075757,0.001246855819050846
16.988,2.8363856991737033,-1.0499198039746305,0.0011396253356306396
17.008,2.8363089005803865,-1.056144120195363,0.0006144675264002086
17.028,2.8361619053153078,-1.0630550672867791,0.0012092372023530251
17.048,2.8360011298999037,-1.070160332163586,0.001298700614526388
17.068,2.8359002441893164,-1.0767343696239144,0.0009962246030676969
17.088,2.8357862833533596,-1.083171807390837,0.0010931287966988723
17.108,2.835621599304716,-1.090267248333314,0.0013816462546134556
17.128,2.8355007527232567,-1.097079009588828,0.0012974826881812507
17.148,2.8354250804656096,-1.1031238237166345,0.0009009434495055035
17.168,2.835257986990703,-1.1102143406523297,0.001385526637779716
17.188,2.835096920435301,-1.1173183548674834,0.00134122945111384
17.208,2.835027107006765,-1.1235176866171366,0.0008218613510954376
17.228,2.834882859223816,-1.1303324427886627,0.001311803816682805
17.248,2.834719869893927,-1.1374453917456573,0.001460217210287551
17.268,2.834616703244285,-1.1440473118809413,0.001192583407380876
17.288,2.8344923997993816,-1.1502672768446665,0.0011990806494827089
17.308,2.8343432462882108,-1.1573894192041663,0.001495317014820724
17.328,2.8341817755159897,-1.1645029856947076,0.001311752670501376
17.348,2.8341190245828907,-1.1705459301739705,0.0009076037796534597
17.368,2.8339522199919402,-1.1776280072218228,0.0014528878347666863
17.388,2.833789027401325,-1.1847394672619107,0.0014574390438472362
17.408,2.8337019033930626,-1.1911868369409613,0.00110864191367685
17.428,2.8335777463002407,-1.1975312142546592,0.0013066589460659361
17.448,2.8334290472746795,-1.2039558416824616,0.0015207261333550492
17.468,2.8332900709522093,-1.20997374822135,0.0013330165599350907
17.488,2.8332105424210603,-1.2152019332207764,0.0007729874799476399
17.508,2.8330940888365976,-1.220468173117899,0.0012495272294009152
17.528,2.83298090137214,-1.2252700145513442,0.0014892613725213943
17.548000000000002,2.832878171773445,-1.2296885004545248,0.0014914200437139424
17.568,2.8327818559142144,-1.233663603852969,0.0013313252163308642
17.588,2.8327115395477778,-1.2370033051151739,0.0010138499754973884
17.608,2.8326533232864333,-1.2404884472367137,0.0009028917859570662
17.628,2.8325718381727234,-1.2437992503897997,0.0011981091081421091
17.648,2.8324598714297995,-1.2467274091130274,0.00138550321962716
17.668,2.832339780308114,-1.2496192636610235,0.0014605068802426013
17.688,2.8321992170675334,-1.252325124886795,0.0014324444945351678
17.708,2.8320183778318175,-1.254705917770786,0.0013116876942605438
17.728,2.8318154356716967,-1.25686830191377,0.001168758558120403
17.748,2.8317068399982115,-1.2589563890016526,0.0013396997235190777
17.768,2.8314915812315635,-1.2608837440962266,0.0014615087166547358
17.788,2.8312455514135966,-1.2630390056364769,0.001509200045972603
17.808,2.8309556286176796,-1.265243887463614,0.0014736873961372354
17.828,2.8306326511696325,-1.2672978086153113,0.0013602091609067612
17.848,2.8302696571364647,-1.2693060791369137,0.0011660653980851698
17.868,2.8300092685962577,-1.2713540024868013,0.0012586251425587003
17.888,2.8296676359245834,-1.2733193520868618,0.0013927056909053548
17.908,2.829281446584585,-1.2754604509847074,0.001454266437625945
17.928,2.8288415024242854,-1.2776348191523823,0.0014429963056540318
17.948,2.828355475565702,-1.2797883862032493,0.0013366778308554206
17.968,2.8278518598269744,-1.281770693243312,0.001159273811378675
17.988,2.827419294417125,-1.2837844117765866,0.0011103893061435444
18.008,2.8268984492517344,-1.2857446124747842,0.0012695449220121446
18.028,2.8263506569961643,-1.2877489032907359,0.0013401965841210173
18.048,2.825759460612483,-1.2898827452105106,0.0013486400928933162
18.068,2.825121749468562,-1.2920124282209418,0.0012617629756483117
18.088,2.8244424512214743,-1.2941168692707046,0.0010855140218074266
18.108,2.823792594063682,-1.2960517564697962,0.0009176747900425941
18.128,2.823222972848751,-1.2980906855086736,0.00106717133718931
18.148,2.8225226670915577,-1.3000961476712631,0.0011638169682017252
18.168,2.8217982568515003,-1.3021955894727428,0.0011901483605156193
18.188,2.8210086607613385,-1.3042677156930225,0.001123871159045331
18.208,2.8201807557638037,-1.306330329633481,0.000965032384153991
18.228,2.81931199452974,-1.3083703792829597,0.0007131017621030133
18.248,2.818582962611434,-1.3104156945098775,0.0008130989701562175
18.268,2.817816359004671,-1.3124188655591593,0.0009695933549799529
18.288,2.817082053531242,-1.3144829961349882,0.0010726446322085192
18.308,2.8162773662389147,-1.316544744428646,0.0010846000858244498
18.328,2.815429354354776,-1.3185911285962875,0.0010147170492824376
18.348,2.81455127593262,-1.3206018568206075,0.0008552691172096227
18.368,2.813799198515194,-1.3225127798886087,0.0008859435247929592
18.388,2.8129975972860066,-1.3243354092338757,0.0010558809441975348
18.408,2.8121057961558273,-1.3263277172045143,0.0011699970394794257
18.428,2.811197690764115,-1.3283126175966182,0.0012055885200175365
18.448,2.8102584934812795,-1.3302837710651676,0.0011575350502347481
18.468,2.809293994775584,-1.3321208889197351,0.0010363296747651907
18.488,2.8083255662628597,-1.3339011847080453,0.0009104327076592256
18.508,2.8074049945946027,-1.3357403572098012,0.0010972285393722192
18.528,2.806459861917425,-1.3374840535055927,0.001217498674533024
18.548000000000002,2.8054618365645414,-1.3392504633963347,0.0012709677470889025
18.568,2.8044255539915266,-1.3410066507835123,0.001249046106227364
18.588,2.8033564810256717,-1.342735339293903,0.001149442098455744
18.608,2.802246104160307,-1.3444383784056966,0.0009686987380959633
18.628,2.8011867702000632,-1.3462166705607272,0.0010810882243623143
18.648,2.800117006500387,-1.3478512762581603,0.0012182618842614679
18.668,2.798999728841485,-1.3495490668855625,0.0012939335073242075
18.688,2.797847266225943,-1.3512244785735545,0.0012826057422281045
18.708,2.7966574760285585,-1.3528730327743894,0.0012068340883167883
18.728,2.795436290070478,-1.354487515017698,0.001044365685307358
18.748,2.794256582067357,-1.3561721630371917,0.001008067868857182
18.768,2.7930297665152612,-1.357781624643993,0.0011911927229930341
18.788,2.791810375159177,-1.3593348819677598,0.0012597926819290783
18.808,2.7905403878796142,-1.3609303074407102,0.0012728560188831617
18.828,2.789234644656389,-1.3625014110694056,0.00120764285777894
18.848,2.787896700182232,-1.364041803640498,0.001062568428287336
18.868,2.786549952395281,-1.3655762172925052,0.0009094285980028594
18.888,2.785251536092471,-1.367178918406087,0.0010695277472096698
18.908,2.7839164889273667,-1.3686354031242525,0.0011730433848499977
18.928,2.7826920141884197,-1.3699469141940877,0.0012078883135862029
18.948,2.7816993318449548,-1.3709565389851484,0.0011950493873293666
18.968,2.7809775340678815,-1.371613924814121,0.001152122670984801
18.988,2.7805009273860466,-1.371991300060233,0.0010921336345594557
19.008,2.780304742711382,-1.3720429237916778,0.0010273477854701452
19.028,2.7803849675186085,-1.3717957117528463,0.0009615837348080081
19.048,2.780737812080593,-1.3712695791339444,0.0008781043473357619
19.068,2.781457225193831,-1.370552779543898,0.0008480890250344153
19.088,2.7824975957177847,-1.369580904747585,0.0007537521980117701
19.108,2.7838342025286735,-1.3683664109453197,0.0005699472760722912
19.128,2.785294850247495,-1.366875618474261,0.0006698242851529979
19.148,2.78696093971952,-1.3652951076272364,0.0008392121007750053
19.168,2.7887698844025,-1.3633842165120293,0.0009424604797502178
19.188,2.790706623125714,-1.3614603390997635,0.0009017539892468007
19.208,2.7928467117516367,-1.3594335351765678,0.0006910717742918404
19.228,2.795079467441319,-1.3572408657743265,0.0007845672086860267
19.248,2.7974237870682166,-1.3551328322859113,0.0009915893159032352
19.268,2.799841033036727,-1.3530600341557768,0.0010241608280005254
19.288,2.8025194422929776,-1.3507512041976686,0.0008436716236669972
19.308,2.804949053859287,-1.3487302639984453,0.0008897017157167564
19.328,2.8072292415620437,-1.3469071595382354,0.001053032568314488
19.348,2.809390051281278,-1.3451252595847043,0.0011261060063812445
19.368,2.811226519143654,-1.3437157617050317,0.0009305187549568383
19.388,2.812659695157153,-1.3426885218865254,0.0006493923575443816
19.408,2.8137409404924845,-1.3419647668384416,0.0007855955860540664
19.428,2.8145479198151593,-1.3414633106848803,0.0010458549216383894
19.448,2.8149559292584176,-1.3411318040115419,0.0012220354373563558
19.468,2.8150391584737524,-1.3410134050109053,0.0013082047096211469
19.488,2.814723473447578,-1.341081934777069,0.0013332330873915
19.508,2.814067465020787,-1.3413079621476383,0.0012686486240718886
19.528,2.813020105849425,-1.3416689220048919,0.0011059174736757493
19.548000000000002,2.8116521545124264,-1.3421755653939218,0.0008867314276945482
19.568,2.8098529089223954,-1.3429852205427308,0.0010810058337857587
19.588,2.807832726710863,-1.3437818453633323,0.0011903407984241166
19.608,2.8052644368386135,-1.3446875878210465,0.0011573307909588382
19.628,2.8023310211452004,-1.3456080816410554,0.0009607516431213436
19.648,2.79893458911569,-1.3467975259079772,0.0011653719886381697
19.668,2.795364926742651,-1.3477836496513584,0.0013113917330783431
19.688,2.791514220327836,-1.3487919292147894,0.0012452653115947176
19.708,2.7873910656475527,-1.349791152895765,0.0010464506597163692
19.728,2.783105938416159,-1.3509318031112239,0.001268777262741494
19.748,2.7787511074963236,-1.35182246965448,0.0012465975504767635
19.768,2.7740857690005676,-1.3527215287591792,0.0009050405153284424
19.788,2.769089779275737,-1.3537471344157375,0.0008579268157616893
19.808,2.7638632998386465,-1.3548333182744576,0.0012212790423245523
19.828,2.7583169752779906,-1.355882614111111,0.0013576702539795371
19.848,2.753663754730418,-1.3565573242499056,0.000972404794205517
19.868,2.747735266045257,-1.3577571403129345,0.001124524297479168
19.888,2.7416924040891115,-1.358694800729156,0.0012276448749327928
19.908,2.73533045987931,-1.3597771730973813,0.0011596981066564205
19.928,2.728783221920556,-1.3609728104918952,0.001319320787150552
19.948,2.7220637084231507,-1.3620623067062465,0.0012031360849629191
19.968,2.715304861946052,-1.36302026827046,0.0015407397760575092
19.988,2.7089108895037444,-1.3639963821042973,0.001184184333243965
20.008,2.7021064895118703,-1.3652200527530387,0.0013717816934941396
20.028,2.6956968001263086,-1.366111229065754,0.0013685529209482294
20.048,2.688918142802517,-1.367196252537689,0.001222686150691904
20.068,2.6820985105415907,-1.3683950307463262,0.0016804840995366666
20.088,2.6754889457098536,-1.3694954088009752,0.0014948945847486905
20.108,2.669392772518414,-1.3703443865568476,0.0012265830312169768
20.128,2.662465255110648,-1.371617387782058,0.0013886259926757516
20.148,2.6555309292319595,-1.3728068370037498,0.001380300267661172
20.168,2.6494313769714286,-1.3736234880161964,0.0013202735461247117
20.188,2.642895097317279,-1.3748729549946925,0.0011340961968693553
20.208,2.635655038417257,-1.3762489969526954,0.0013971215541710436
20.228,2.62933302466398,-1.377283152524043,0.0012688182372306012
20.248,2.622751945013737,-1.3784762830514088,0.0012449656846500734
20.268,2.615757293257353,-1.3799276643238179,0.0015198117883285234
20.288,2.609342011463091,-1.3811071914917215,0.0014423402432658383
20.308,2.602729594665255,-1.3823119634080865,0.0013595165365301587
20.328,2.595812909234166,-1.3837312907022172,0.0012542146183493474
20.348,2.5889803870581165,-1.3850824322028013,0.0014367873121598762
20.368,2.5824603994528386,-1.3862560768981447,0.0012675367671159676
20.388,2.5755886657254345,-1.3875560396698465,0.0009658825531600745
20.408,2.568696621330499,-1.3890302008504474,0.001515277685037203
20.428,2.5623406167950895,-1.3902103855721413,0.001098654733287241
20.448,2.5560041397760265,-1.3913586896189567,0.0013034439653227259
20.468,2.5498184377354884,-1.3926606046167493,0.0013739457003215105
20.488,2.5436658165315813,-1.3938886977694613,0.001379104015495125
20.508,2.538529607027463,-1.3947155771328417,0.0010731442242488953
20.528,2.5334355243479263,-1.3956704285529582,0.0008994791082661824
20.548000000000002,2.5277009255921707,-1.3968396280723623,0.001277505215913216
20.568,2.52225032559928,-1.3977872903630733,0.0012983103424372144
20.588,2.516671381711935,-1.3987253517802127,0.0010081099902611301
20.608,2.5110429859032366,-1.3996742809887184,0.0007198701252415229
20.628,2.50539116774672,-1.4006358405767467,0.0011657328051444538
20.648,2.4997350506045755,-1.4015406261231482,0.0012639182394371395
20.668,2.4944134916834053,-1.4022731399733153,0.00113497440632096
20.688,2.489383940472086,-1.4030117576060348,0.0010538060754451406
20.708,2.48374459647865,-1.4037162166507249,0.0010236721401427895
20.728,2.4782490704824713,-1.4043796737813903,0.0010993098977876425
20.748,2.4721703673897255,-1.4051907500505154,0.0009774514014291857
20.768,2.4658444109121507,-1.4060546837911532,0.0011680628983654628
20.788,2.45970458681521,-1.4066956076891644,0.0009009905045198885
20.808,2.4526569922586567,-1.4074497354626065,0.001090868633972536
20.828,2.446109726093607,-1.408238237802567,0.0012981916482976696
20.848,2.4393991719055244,-1.4089838143429172,0.0011244946118626198
20.868,2.432445012300048,-1.4095595564608652,0.0010758309331111715
20.888,2.4255927767431986,-1.4103320926168228,0.0011680245966845804
20.908,2.418659783166862,-1.411138525062254,0.0012189824848123643
20.928,2.411891784430743,-1.4117748856493948,0.0010766347121300424
20.948,2.4051835835581463,-1.41245510312377,0.0010993549215378429
20.968,2.3980724578899126,-1.4133637652466189,0.001472218700640432
20.988,2.3915116927429976,-1.4140371570888335,0.0013283325260542156
21.008,2.3847207718291097,-1.414731927874049,0.0010947917826644449
21.028,2.3776441444846905,-1.4156155328116524,0.0012422865967170182
21.048,2.3705833106355256,-1.4164298771030446,0.001105286103238956
21.068,2.363913415410148,-1.417032565817489,0.0009357076502853057
21.088,2.357092681361937,-1.4178979665909592,0.0010908982185462435
21.108,2.349987479117397,-1.4187336750080588,0.0012043097853893514
21.128,2.343454821254746,-1.419369788896785,0.0008119280662623185
21.148,2.336525279839943,-1.4200505195678392,0.001011991303227766
21.168,2.3294326499701183,-1.4210065672151873,0.0014963000858995157
21.188,2.322984725726333,-1.4216939861520839,0.0012072963790644708
21.208,2.3164845233406437,-1.4223818615807011,0.0011914968863308006
21.228,2.3095329266976545,-1.4232950495031178,0.001301007987665942
21.248,2.3024724197409423,-1.4241882435083768,0.0014237179029455704
21.268,2.296329025067387,-1.4247556570167637,0.0010783377449950227
21.288,2.2894912943824517,-1.4255673951194032,0.0010725843585114025
21.308,2.2824656142756425,-1.426552571061219,0.0015642122470638509
21.328,2.276103197143874,-1.4273203737026556,0.0011410579157315193
21.348,2.2691483427883408,-1.4281301301229008,0.001274584634489151
21.368,2.262048129982909,-1.4291220511361766,0.0014405194122162068
21.388,2.2551955760042426,-1.4300091078955748,0.0012993060371105647
21.408,2.2489149243268196,-1.4306152174811644,0.0012630444874251745
21.428,2.242150452399623,-1.4315493792301954,0.0013016096088783458
21.448,2.2351076353693746,-1.4324826803207518,0.0016302169762286434
21.468,2.2288943488312154,-1.4332938187050341,0.001019931318205769
21.488,2.2219640416764586,-1.4341434527160826,0.0011682308015285026
21.508,2.214877169746985,-1.4352184274381345,0.0015150542263357991
21.528,2.2085638877929616,-1.4359884532963831,0.0010387840883627208
21.548000000000002,2.2023892023325238,-1.4366871369890497,0.0010964046308089004
21.568,2.1960000895913376,-1.4376820163684991,0.0013776812665348692
21.588,2.1897279407528094,-1.4385181631929138,0.0014153135942801542
21.608,2.184581887506849,-1.439141441575469,0.0010792487821068841
21.628,2.1791823108337134,-1.4398176502042086,0.000840241412656012
21.648,2.1735090835178243,-1.4407088221267785,0.001296525253094316
21.668,2.1681929650897027,-1.4412689032427362,0.0014597730667236797
21.688,2.1628184879460197,-1.441867886126112,0.0012097313112318375
21.708,2.1572314660832226,-1.4425419694472785,0.000987922701530558
21.728,2.151278087736998,-1.4431925823773517,0.0013282139232163037
21.748,2.1452374356725668,-1.4437566164314264,0.0014203746608708878
21.768,2.139255626616454,-1.4442789337242825,0.0011103715895626198
21.788,2.1329923620575384,-1.4449446012206977,0.0012071864719584435
21.808,2.1260173970667227,-1.4454186257493715,0.0013075106240274526
21.828,2.119123890582984,-1.4459390368424347,0.001223451823839622
21.848,2.1120407881856673,-1.446638665130535,0.0013098582826192307
21.868,2.104926764616719,-1.447197897214974,0.0011216970292652617
21.888,2.0980645218284426,-1.4476700452018691,0.0014024028022295576
21.908,2.091226241423019,-1.448340167769546,0.001144465583155535
21.928,2.084042905311647,-1.4489829630862496,0.0011596019359080834
21.948,2.0773131001083383,-1.449446595657889,0.0013720591253690018
21.968,2.0704558285545867,-1.4500988350699535,0.0011998015239070847
21.988,2.0636431324035134,-1.4507927355604886,0.001254222909252145
22.008,2.056731673305917,-1.451344110743111,0.0013753911936355001
22.028,2.049880224079773,-1.4519454278898323,0.0013347560366072098
22.048,2.0433390396594566,-1.4526005331915883,0.0013815202688253758
22.068,2.0364651569744128,-1.4532711697696432,0.0011993294097586982
22.088,2.029709411395751,-1.453788932029928,0.0016453438678223353
22.108,2.023234155949102,-1.4542982414739263,0.0011947233881258457
22.128,2.0165433144378593,-1.455025958758919,0.0012687841923949283
22.148,2.009764570138019,-1.45557826341798,0.0014799163794871062
22.168,2.0028461825474166,-1.4562020287056932,0.0012830471857096792
22.188,1.9963828750001469,-1.4568167432484147,0.0014784766287214146
22.208,1.9895143987628128,-1.4575122024418452,0.001160393003183935
22.228,1.9827267358094895,-1.4580398033115387,0.0016019427223316618
22.248,1.9762062129578415,-1.458571462445093,0.0010729818723468343
22.268,1.9693587192305066,-1.4593280641185045,0.0013811096188416638
22.288,1.9624644656685266,-1.4599164215819278,0.0015145848527925443
22.308,1.9556228280474635,-1.4605226168235688,0.0013991144439257364
22.328,1.9493534636421792,-1.4610898967440638,0.0012308590967625432
22.348,1.9423436269397287,-1.4616832070611003,0.001285193217803099
22.368,1.935351549583075,-1.4622799391047232,0.0014295198308112156
22.388,1.9293090293661512,-1.4627413375092602,0.0011171249575643583
22.408,1.9224471641287888,-1.463314729191685,0.001027985432972306
22.428,1.91529939367331,-1.4638963679090218,0.001280793051033735
22.448,1.9088118341675,-1.4644301008729321,0.0010018848491985255
22.468,1.9018944808625828,-1.465084641632223,0.0009515215301066915
22.488,1.895001626780604,-1.4655708657673483,0.0013180879290713987
22.508,1.8885940137537913,-1.4660498676727578,0.0009590958829419072
22.528,1.8817220775512147,-1.4667817912387968,0.0010048992732984985
22.548000000000002,1.8749164820494617,-1.4671869225766585,0.0012124786782841679
22.568,1.8681617898011578,-1.4677311415293068,0.001113801733417158
22.588,1.861512742326702,-1.4684078168702115,0.0010513567257394996
22.608,1.8545797574438208,-1.4689776676371242,0.0008668437431877118
22.628,1.8476400153288188,-1.469478448776074,0.0011310389158691314
22.648,1.8408738419096997,-1.4700999646610164,0.0009432114099978961
22.668,1.83385214082764,-1.470806491356476,0.0009178461715067809
22.688,1.8268670685860797,-1.4712940085819886,0.001230996903681142
22.708,1.8201193380855825,-1.4718473783854713,0.0010678279504365007
22.728,1.8133360140542276,-1.4725576726845362,0.0011807599036141314
22.748,1.8066164805482365,-1.4730534561100448,0.0011861767054197614
22.768,1.7997033169645866,-1.473621825575827,0.0012702435331776174
22.788,1.793060928531676,-1.474244633548425,0.0013196816643558928
22.808,1.7862134918830317,-1.474884076696539,0.0013196254315707978
22.828,1.779798959245675,-1.4753148160369718,0.001389321766904289
22.848,1.773278336272309,-1.4758589275336444,0.0010206327641494872
22.868,1.7668747292729718,-1.4765612537406356,0.0014554782611816974
22.888,1.7611354242998996,-1.4770265651989871,0.0011753363517816584
22.908,1.7553613324879618,-1.477432734900219,0.0012671084932618648
22.928,1.7498042544321315,-1.4779522431522585,0.0011601829856170143
22.948,1.7440645683700537,-1.4784660252112127,0.00134375067539233
22.968,1.7388380577369722,-1.47863939006985,0.0012435319884391005
22.988,1.7339010671485282,-1.4787569971184116,0.0007556955618971406
23.008,1.7283087152353362,-1.4791990631072267,0.001234424814528956
23.028,1.7223752367695917,-1.4794956127687966,0.0014417843873658909
23.048,1.716929973812079,-1.479588644246371,0.001280431492671208
23.068,1.710857286285661,-1.4799572259893452,0.0008583118081235686
23.088,1.7041200588831127,-1.480231740453225,0.0012860149785394737
23.108,1.6972616793052977,-1.4805820956831512,0.0013762046815595785
23.128,1.6911007534478957,-1.4807914771224842,0.0009583341968660286
23.148,1.6841830209787116,-1.4811748964881326,0.0010385998052574175
23.168,1.677008351617721,-1.4814220713665796,0.0015114501066970099
23.188,1.670305578686615,-1.4816635928335642,0.001340921016322133
23.208,1.663699693423625,-1.4820237515010402,0.0010379861715726635
23.228,1.656574267492147,-1.4822384517609757,0.0015883520693705522
23.248,1.649392433286501,-1.4824484482593965,0.0014742216664601349
23.268,1.6428090531762003,-1.4827100129124662,0.0011973196769828887
23.288,1.6360800649430776,-1.4829859308248354,0.0012581889388507406
23.308,1.6287529208635172,-1.483157444138009,0.001646383254851752
23.328,1.622518864443995,-1.4831433118912873,0.0010883475004471732
23.348,1.6154795974727514,-1.483464550131984,0.0009885004405002507
23.368,1.6083240778422518,-1.4835843525991237,0.0016395375211765428
23.388,1.601815338985955,-1.4836949317500687,0.0013466433091905428
23.408,1.595092336357622,-1.4839578521843313,0.0010338554413618917
23.428,1.5879860596299358,-1.4841012764665318,0.0015285517404859672
23.448,1.580777747607036,-1.484309245240253,0.0014379934950029816
23.468,1.574594792174347,-1.4844634553913982,0.001047904633073804
23.488,1.5678034243969776,-1.4846875023980683,0.0012459637050913352
23.508,1.5604634671875361,-1.4847736052877343,0.0015856869657751016
23.528,1.5538766333555474,-1.4848210532336346,0.001244550395356342
23.548000000000002,1.5473486334504418,-1.485050490647231,0.0009296763364151639
23.568,1.5400252527274008,-1.4850557278122773,0.0016113468975806622
23.588,1.5328760501182959,-1.48516423845437,0.0014476843284294827
23.608,1.5262678444411064,-1.485325689385381,0.0011895743141782378
23.628,1.5193685230235514,-1.4853422069564843,0.0014571678031709556
23.648,1.512077430050075,-1.4853437862290628,0.0016821178272098947
23.668,1.5059239327697354,-1.4851946824261717,0.0009809528466214745
23.688,1.4991323447903833,-1.4852553083981517,0.0011863514229459582
23.708,1.4917347048075997,-1.4852149877517031,0.0014918454209966459
23.728,1.4850955291595285,-1.4851531749400497,0.0012767450256296053
23.748,1.4786353975351358,-1.4852220067790751,0.000909424572661216
23.768,1.4713868708077686,-1.485093742442581,0.0016234065052615487
23.788,1.464228334985769,-1.4849603919048062,0.0014020630168625203
23.808,1.457717226449228,-1.4849323727134405,0.001065699748629606
23.828,1.450877405166465,-1.48484108136081,0.0012742807897339614
23.848,1.4435508977196283,-1.484697297354217,0.0014534675341481285
23.868,1.4370647229884206,-1.4845237705163898,0.0010590288261704828
23.888,1.4305010072148863,-1.4844958109182966,0.0008721474081928582
23.908,1.4231403058284529,-1.4842287966880594,0.0015518863709600983
23.928,1.416286846923913,-1.4839558817100027,0.0012544442840543846
23.948,1.409733901003941,-1.483880141366199,0.0010746129888958844
23.968,1.4027586717801819,-1.4836073795130398,0.001404010468274819
23.988,1.3955575404759981,-1.4833056941264822,0.0014306127940242885
24.008,1.3893778078999182,-1.4830707040716884,0.000756377791876317
24.028,1.382407636466641,-1.4828147792185058,0.0011670062820031135
24.048,1.375039817709095,-1.4825335736477443,0.0012367282934443447
24.068,1.3685579199628686,-1.4823340443742548,0.0009293800860090684
24.088,1.3619408931585324,-1.4821256516327865,0.000823782689080399
24.108,1.354586746358106,-1.4817360230101093,0.0013236885313902547
24.128,1.3475358656831529,-1.481481648178605,0.0011224250142534697
24.148,1.34127152729163,-1.4812790238009617,0.0007830295131345533
24.168,1.3342050630931597,-1.4808627538650907,0.001245231030223115
24.188,1.3270455233704987,-1.4805382313375108,0.001224780878076065
24.208,1.3208040603099909,-1.4803814728266216,0.0006938930417916267
24.228,1.313996939196233,-1.4800604345012431,0.0010469672943637376
24.248,1.3066444646353423,-1.4796272099065024,0.001274558266028819
24.268,1.29997502924413,-1.4793832401602434,0.001074634748707004
24.288,1.2934937287685686,-1.479100945277084,0.0009105845744069863
24.308,1.286347398620862,-1.4786021333436519,0.0014434495359712252
24.328,1.2793871293668593,-1.4781446313277438,0.0013594749941623074
24.348,1.2731989219570135,-1.4778365959922202,0.0008123882975799024
24.368,1.2662742679666008,-1.4773150819027943,0.0012751930214136842
24.388,1.2590658516044404,-1.4767802438421502,0.0014250232122318685
24.408,1.2527980759044384,-1.4763529884761109,0.0008226171809182781
24.428,1.246217805538213,-1.475873651379217,0.0009998956224910038
24.448,1.2387941013365966,-1.475257035100143,0.0013546010903098815
24.468,1.2320883915872824,-1.4748598564144904,0.0011804356849104691
24.488,1.2257082864264772,-1.474445306876287,0.0010098891304743118
24.508,1.2187094184764342,-1.4737921607856888,0.001481078209163128
24.528,1.211517398337832,-1.473145952442369,0.0014730030011406159
24.548000000000002,1.2054093847186338,-1.4726867981507428,0.0008436622667775118
24.568,1.198565127504632,-1.472021896116759,0.0012008256979323673
24.588,1.1912591680012385,-1.4713111817558773,0.0012911870703794237
24.608,1.1850142868456266,-1.470901434091646,0.0009653740420687007
24.628,1.178504877910805,-1.4703162949342987,0.0009448207092654648
24.648,1.1711397364817526,-1.4695031724666134,0.0013936801908394914
24.668,1.1644753164113166,-1.4688789327248113,0.001217759093093601
24.688,1.1578941493496167,-1.468208176551604,0.0009634985368229265
24.708,1.1508549552502856,-1.4673661246154854,0.001393608869995816
24.728,1.1437837956529027,-1.4666255353855162,0.0014255585893273304
24.748,1.1377097075508715,-1.466163410851586,0.0008903730658806619
24.768,1.1309990327269244,-1.4653938115276384,0.0013170988978035425
24.788,1.1235840182394607,-1.4644788639291033,0.001565837759904709
24.808,1.1169728440275275,-1.4637738907524083,0.0012902084586417506
24.828,1.1106590634525848,-1.4630877276689322,0.0011822908297643708
24.848,1.1036089634760666,-1.4621304451166708,0.0016253563439421193
24.868,1.0968014210914832,-1.4612977300157026,0.0014986556772220716
24.888,1.0904175561940648,-1.460602292671168,0.0010475501479211835
24.908,1.0834814091605178,-1.4595951132030764,0.0014323654534826313
24.928,1.076311265073841,-1.4586358121684144,0.0014753499588753827
24.948,1.0701067020885098,-1.4580582217633613,0.0009966686548467107
24.968,1.063586055982081,-1.4571771971611287,0.001212768313247875
24.988,1.0561800771951813,-1.4560582565687843,0.001528257817505707
25.008,1.0495010248551149,-1.4551323391101727,0.001387675171777486
25.028,1.0432211281031398,-1.4542835042749342,0.0012069013852350763
25.048,1.0362599198286686,-1.4531336748807355,0.001696109280574426
25.068,1.0291210895124805,-1.4520080619990305,0.0017025697513518845
25.088,1.0232199240921038,-1.451288255652535,0.0010296515655278393
25.108,1.0165299473785994,-1.4501692881574964,0.001443360042239522
25.128,1.009036758909815,-1.4488485375360733,0.0013942869467263308
25.148,1.0026273064497098,-1.4478743592989167,0.0011213836212682626
25.168,0.9961961574303062,-1.446838079724961,0.0010904515875334864
25.188,0.9889691197455603,-1.4454731565096353,0.0015632398871246178
25.208,0.9823288377238864,-1.444364097226253,0.0013397678902277443
25.228,0.9760450170149828,-1.443295861344373,0.0010588452990445418
25.248,0.9690915939273876,-1.4419023833501952,0.00162478112331646
25.268,0.9618312084583178,-1.4405003904723892,0.0015010159892815123
25.288,0.9555585154850685,-1.439432240172417,0.0010663109616622368
25.308,0.9489729364042231,-1.4381276783415409,0.0013357039050140296
25.328,0.9419920092712971,-1.4367452341088311,0.0017545719387199454
25.348,0.9352753318055379,-1.4353477486644528,0.0012277436319592105
25.368,0.9283397345224653,-1.4340463695476264,0.0011517337868909017
25.388,0.9213709382352508,-1.432540440096186,0.0013873390749099546
25.408,0.914389208307069,-1.4311644927255338,0.0011327756333256722
25.428,0.907420287445946,-1.4298228501817387,0.0009668167613617329
25.448,0.9008514503185541,-1.4284865780346012,0.0013700814420057605
25.468,0.8945799735477667,-1.427239264715595,0.0012557105961267245
25.488,0.8877718827799786,-1.4259296383330708,0.0008292072587574861
25.508,0.8808017250794327,-1.4245559087011626,0.0011125640974489204
25.528,0.8738260019937231,-1.423065633014569,0.001349119615749489
25.548000000000002,0.8671635011724715,-1.42186743550405,0.00113227009601366
25.568,0.8608041042639251,-1.4207819812068847,0.0009609036877424315
25.588,0.8538314094188889,-1.4192770680324946,0.0012930334066534876
25.608,0.8471134051429459,-1.417958866167,0.0012008998497940182
25.628,0.8406257529979639,-1.416672967962225,0.0008683523045709407
25.648,0.8337903381630203,-1.4151435895229776,0.001250156821068854
25.668,0.8266756470624217,-1.4136019760365648,0.0012090499535507282
25.688,0.8206714995345905,-1.4126007974950967,0.0007343141341967507
25.708,0.8139611374605866,-1.4112213538020526,0.0009458858473329335
25.728,0.8068589537855759,-1.4096357133023059,0.001293997225215393
25.748,0.800616887611435,-1.4084096845216036,0.000998841746646384
25.768,0.7941393152563065,-1.407103121533384,0.0008147087014135912
25.788,0.787127298302309,-1.4054559226579326,0.0012915704463895006
25.808,0.7801480676154885,-1.4039487988821973,0.001189026846159319
25.828,0.7741839545473662,-1.4028452960962132,0.0008104388533738127
25.848,0.7673741844988691,-1.4012585554760855,0.001095535175821588
25.868,0.7606758382181856,-1.399747758652146,0.0011835094458929052
25.888,0.7540945956855795,-1.3982593931705452,0.0007809169771465785
25.908,0.7472819387685156,-1.396775207248995,0.0008556274026960409
25.928,0.7403002059426577,-1.395031313023882,0.001317967890452687
25.948,0.7335400384522228,-1.3935530501780335,0.0011801755504711464
25.968,0.7276590516068085,-1.3924459902699915,0.0008211759766452442
25.988,0.7207504582177392,-1.390752391441932,0.0013063525031329903
26.008,0.7139614417878754,-1.3891614755287336,0.0012325471498315643
26.028,0.7077553501340761,-1.387740787977153,0.0007805779332532847
26.048,0.7011149023986797,-1.3860956817764152,0.0011072097025814909
26.068,0.694002937494874,-1.3842981124920661,0.0012106092188348128
26.088,0.6878099782361543,-1.38305977519646,0.0009962687346539711
26.108,0.6816006046454343,-1.3816242090799462,0.0007863220486636346
26.128,0.6744341053873657,-1.3797057593792323,0.001393284266944822
26.148,0.667755658586217,-1.3780309194934426,0.0012232696542338328
26.168,0.6617176083180475,-1.3766306177261078,0.0008382071620026132
26.188,0.6549028152347334,-1.3747759780928492,0.0013698678988901536
26.208,0.6478990571444007,-1.3728644963254426,0.0013504255927433706
26.228,0.6417724042171553,-1.3712760799820842,0.0009404966346142629
26.248,0.6355840872641336,-1.3696424239242588,0.0010997019687597476
26.268,0.6283595991592374,-1.367567459720563,0.0014866879336165595
26.288,0.6221901368683312,-1.3659350920865663,0.001057929373939448
26.308,0.6157424649938745,-1.3641871323458672,0.0009316255363224779
26.328,0.6088397791808532,-1.362091384020487,0.0014635842305020241
26.348,0.6021390213559469,-1.360166237207791,0.0013657651499532353
26.368,0.5959489392833808,-1.358408080914916,0.0010307676328561721
26.388,0.5893795774408762,-1.3564131740358571,0.0014125589161498309
26.408,0.5823371655695017,-1.3542603952740075,0.0015110587432583533
26.428,0.5762414790790159,-1.3525045146911325,0.001057734349242584
26.448,0.5701362562395993,-1.3507094747065242,0.0011084556712096238
26.468,0.5629716080258883,-1.348397600621276,0.0015408727819328505
26.488,0.5566311053083121,-1.3464524238098157,0.0012542720218493564
26.508,0.5503962199613364,-1.344530162682913,0.0010776124086407934
26.528,0.5436335629725818,-1.342267263989121,0.0015486390895120827
26.548000000000002,0.53694094727679,-1.3400829811993613,0.0014495480730238597
26.568,0.5308110847508197,-1.3382017719438564,0.0011004096867801016
26.588,0.5244303898243341,-1.3360645958701436,0.0013946456583459055
26.608,0.5174076675040669,-1.333673566953162,0.0016337142063265475
26.628,0.5114312469407921,-1.331768805439817,0.0010650863766375196
26.648,0.5051074752210473,-1.3296572609828845,0.0010507555184578188
26.668,0.4981758843237043,-1.3271704735759757,0.0015535531850728312
26.688,0.49175511398095856,-1.3249782703640298,0.0013891648582742833
26.708,0.4857037198892247,-1.3229376227918592,0.001049106507762354
26.728,0.4790239858634336,-1.320490097824723,0.0015846289929329904
26.748,0.47227240762316103,-1.3180549365191248,0.001531587327212841
26.768,0.46635337398979193,-1.316013231726452,0.0009646736645075316
26.788,0.4599262085800308,-1.3136074041251962,0.0012957551533162026
26.808,0.4529221352597951,-1.310967191709463,0.0014439036070215405
26.828,0.44681251013389833,-1.3087376252157341,0.0011555860221785785
26.848,0.4407890694828247,-1.3064850294401897,0.0009043615991830845
26.868,0.4339721051380241,-1.3037565025568574,0.0014456787835513962
26.888,0.4275480479583614,-1.3013586071285437,0.0012990148238876398
26.908,0.42149323211061385,-1.2991077085443976,0.0010469200553636093
26.928,0.41489946990515597,-1.296475778663643,0.0013986519276254494
26.948,0.40834018038591774,-1.2939150588397637,0.0013853442435488028
26.968,0.4022335099626907,-1.2916128153657265,0.0009205056234068421
26.988,0.39605684852851464,-1.2892384597682007,0.0011818342430131024
27.008,0.3891393014289066,-1.2864192341077547,0.001588054121636373
27.028,0.38273772502053505,-1.2839093051186903,0.001273095441486627
27.048,0.37677844980921166,-1.281631806453656,0.0011857182424168111
27.068,0.37028957837609927,-1.278934582087361,0.001483372098914415
27.088,0.36397716739521513,-1.2763402463757054,0.0014439533230357349
27.108,0.3576946526534138,-1.2737783506934177,0.0009659377684164416
27.128,0.3510853416729716,-1.2710171938124477,0.0012290514974529487
27.148,0.3445501916213052,-1.2682684089157272,0.0012952773481911817
27.168,0.33805921559286867,-1.265714666496211,0.0009247929872274463
27.188,0.3318423045284645,-1.2632254198242427,0.0009482743828686802
27.208,0.32526309602204145,-1.260425806749862,0.0014098679941136338
27.228,0.3193450583320434,-1.258034869699746,0.0010276494077248732
27.248,0.31290750206440276,-1.2554229439093898,0.0008768501972495624
27.268,0.3063624285505778,-1.2525818854162027,0.001352488698934895
27.288,0.29980222832824566,-1.2498724893201107,0.0012397739772853633
27.308,0.2938984500941816,-1.2476862631210823,0.0009088429044841473
27.328,0.2877026165414954,-1.2450382696726836,0.0011411774926343432
27.348,0.2809549143464081,-1.2421013325634225,0.001472642073163527
27.368,0.27540040382033004,-1.2398450567486017,0.00083360233625554
27.388,0.2692519498044224,-1.2373126291279628,0.0007791404424869475
27.408,0.26261802909984555,-1.2342920550224408,0.0013811873679630826
27.428,0.2562899395053709,-1.2315586465482247,0.0011635472020830595
27.448,0.25043492884056123,-1.2291334915393202,0.0009643682269334375
27.468,0.24415392289747903,-1.2262963051133755,0.0012914048327232197
27.488,0.2375997477461,-1.2233481706344884,0.0013336542149799402
27.508,0.2317486242665045,-1.2208059224261898,0.0007474620875655702
27.528,0.22534142834389692,-1.217919638426242,0.001010221860137439
27.548000000000002,0.2189927991074841,-1.215002866902665,0.0013752427151367541
27.568,0.21307612009540217,-1.2122802953053806,0.0009049075548402674
27.588,0.20667501884856487,-1.2094880099442853,0.0008384468810173906
27.608,0.2002286024101533,-1.20645618593631,0.0013315346377831827
27.628,0.19390677761246256,-1.2036912777133215,0.0012075959004380354
27.648,0.18817808339260234,-1.2013934298569864,0.0008293128310699338
27.668,0.18186538869150343,-1.1984413328046686,0.0013285771609234942
27.688,0.17518671016106546,-1.1953197567837552,0.0013493890874361758
27.708,0.1693728473675967,-1.1926899169434013,0.0009813000120049709
27.728,0.16353085880175983,-1.1900558200334972,0.0008712481337107558
27.748,0.15694209603904147,-1.1868361543743964,0.0016069030350198132
27.768,0.15107783026661278,-1.1840168148319696,0.0012748980061179638
27.788,0.14489022423839482,-1.1810687886701414,0.0010399258950033186
27.808,0.13849262331959775,-1.1779407044181578,0.001332171546202937
27.828,0.13204890142401926,-1.1748986269073816,0.0011795186947903546
27.848,0.12572963580276447,-1.1719410730074593,0.0009784165268034994
27.868,0.11963493140690365,-1.1690710642165056,0.0011682634416357307
27.888,0.11336017951429675,-1.166034524446748,0.0013243004132433567
27.908,0.1072164546671333,-1.1631093938972716,0.0009355112304620938
27.928,0.10086072573274321,-1.1601573561379928,0.0009687243926952138
27.948,0.09442875139544205,-1.1569801121257366,0.0015391727949820577
27.968,0.08814098625940099,-1.1540270945687683,0.0013581270371353649
27.988,0.08259087636676062,-1.1516427715200055,0.0011731980660724395
28.008,0.07634110473820305,-1.1485614748642092,0.0015082420062103308
28.028,0.0700483528991491,-1.1454874459514208,0.0016067471978056247
28.048,0.06435706226453203,-1.1427435789971634,0.0010180518608566835
28.068,0.058043684686696885,-1.1396699664461147,0.0012074097305776466
28.088,0.05162367487402447,-1.136464417077525,0.0014569519266256492
28.108,0.045704083568791624,-1.1337842328710461,0.0011935022158287012
28.128,0.03983330715781636,-1.1310786609811336,0.0010961717813439686
28.148,0.03336779309735287,-1.1277782451387677,0.0016507075509282487
28.168,0.0273542777950173,-1.1247961729077331,0.0014383955987399277
28.188,0.021546534557099192,-1.1220540093410736,0.001061867088126528
28.208,0.015275979052219793,-1.1188111609666989,0.0015115343689438843
28.228,0.009220376945414,-1.115759469025861,0.0015533699568207326
28.248,0.003428115219580842,-1.1128571185845357,0.0009156264446158746
28.268,-0.0027483386584513173,-1.1097282013432606,0.0013389349518561355
28.288,-0.009322147876203835,-1.106289525062962,0.0015573101614269058
28.308,-0.015281002299982704,-1.1034918066868284,0.0012594676769915325
28.328,-0.02095794910552023,-1.1007864527056648,0.0010155445512871342
28.348,-0.027458899942492322,-1.097317970781744,0.001494116753240321
28.368,-0.03347936171361186,-1.0943245018862928,0.00133220668783407
28.388,-0.03943528177643435,-1.091256091432287,0.0010124645853761272
28.408,-0.04565045868899064,-1.08787747699781,0.001473753267481115
28.428,-0.052062008074191375,-1.0844724313507117,0.0013997067362449545
28.448,-0.057691950167285955,-1.0815503160492215,0.0010252939024160412
28.468,-0.06376938357832737,-1.0783700325673455,0.001163980831432404
28.488,-0.070046911193368,-1.0749555465257825,0.0014187306123729648
28.508,-0.07585778276980534,-1.072100352383998,0.0011947570824571152
28.528,-0.08180087646795736,-1.0690198545037322,0.0010068080804619406
28.548000000000002,-0.08809798410376235,-1.0655571739229823,0.0014950295691754933
28.568,-0.09436458489044228,-1.0622345222348382,0.0013735967423160744
28.588,-0.09975739670119055,-1.0595487855912915,0.0008784480504628045
28.608,-0.10592627377973171,-1.056160001578009,0.00138711870120245
28.628,-0.11233410702662672,-1.052627760448952,0.0013993630514953226
28.648,-0.11803899143660777,-1.049516733587079,0.0010490939830744284
28.668,-0.12371863637244758,-1.0464277142519056,0.0010373234692252487
28.688,-0.13024688516817584,-1.042699836552801,0.001370074785058878
28.708,-0.13612407223910294,-1.0394995403765868,0.0012411438948907172
28.728,-0.1416042124458854,-1.0365457923134538,0.000917973720102494
28.748,-0.14776517791146615,-1.0329573485276042,0.0013577719390401033
28.768,-0.1537632262634612,-1.0295452546143096,0.0013054600064432986
28.788,-0.15937856896683283,-1.0263923266905455,0.0007952850071639983
28.808,-0.16536946298369082,-1.0228949086048857,0.0011516915389364613
28.828,-0.17163701778034496,-1.0192586483187733,0.0012616500198767977
28.848,-0.1772799332091597,-1.0159780096202824,0.0009564285501098835
28.868,-0.18306061891784134,-1.012700177833126,0.00085368192379362
28.888,-0.18918872605213113,-1.009008078327131,0.0012523297854694915
28.908,-0.19489582683127735,-1.0057282652732977,0.0010618315328555783
28.928,-0.2009171364252551,-1.002282216171873,0.000819002537199992
28.948,-0.20699278242411787,-0.9985912881941162,0.0012870134460403748
28.968,-0.21318399572345756,-0.9949682468057802,0.0011608362120650861
28.988,-0.21862153200643744,-0.9918026043046364,0.0007080067211724661
29.008,-0.2244314556373378,-0.9884105550591644,0.00105632489500046
29.028,-0.23060887051190393,-0.9847027865645044,0.0012528256661793746
29.048,-0.23621757326855014,-0.9814115094606491,0.000951273387134105
29.068,-0.24197933525687315,-0.9780090592587343,0.0007468316732066604
29.088,-0.24815432144778138,-0.9741908432549753,0.001237670374209271
29.108,-0.2540175406521396,-0.9707463334171732,0.0011086780937660523
29.128,-0.25973689745584183,-0.967324655614425,0.0007781695917535303
29.148,-0.2657839257792887,-0.9635746683722445,0.0012112114844048671
29.168,-0.2718609055478157,-0.9598955552275154,0.0012139917911540288
29.188,-0.27726506111146265,-0.9568291085344454,0.0008087360633670104
29.208,-0.2829932651343884,-0.9534273895978382,0.00098110700994114
29.228,-0.2892842185417463,-0.9495226213709482,0.0012927540952461791
29.248,-0.295040098369127,-0.9460323554844211,0.0011740174573524609
29.268,-0.30049885498317414,-0.9427921145247561,0.0009116878903264181
29.288,-0.30650911610259596,-0.9389496902414031,0.001425215109188277
29.308,-0.3124512370075528,-0.9351992102077195,0.0012897555316554732
29.328,-0.3179700862593667,-0.9318383649724585,0.0008106210758034305
29.348,-0.3238409455835063,-0.9280615827892902,0.0011918140089478002
29.368,-0.32981319815878135,-0.9242170427044202,0.001308958414521777
29.388,-0.33534669543362083,-0.9207328278778564,0.0009852826021629069
29.408,-0.3408106057631354,-0.9172846852049623,0.0009666620515751956
29.428,-0.3470543491705807,-0.9131763201467992,0.0015444851928028691
29.448,-0.3530175503960788,-0.9092731986484947,0.0012670967429473101
29.468,-0.3583856092273318,-0.9058915877800293,0.001122156891207593
29.488,-0.3640989345391054,-0.9020619996270862,0.0014255256024202356
29.508,-0.3699970716809077,-0.8981173708156941,0.0014966655095176307
29.528,-0.3752870260490218,-0.8946780655180671,0.0008677568701446203
29.548000000000002,-0.380974741681651,-0.8908328388566744,0.0012345416946422383
29.568,-0.3870249143497224,-0.8867059256761974,0.0013924461584319814
29.588,-0.39255053731532863,-0.883155003142855,0.0012064953311104742
29.608,-0.39794785056021775,-0.8796059751250545,0.0010413380672085193
29.628,-0.40388746391274033,-0.8754464229867834,0.0015491227637688676
29.648,-0.40949431697475164,-0.8715555946094661,0.0013699733949450177
29.668,-0.41470878476331696,-0.8681090017480252,0.0009961006527120786
29.688,-0.42042293623670374,-0.8640616438089146,0.0014590563201709594
29.708,-0.4264960889290408,-0.8598148822303775,0.001387947051200239
29.728,-0.4317011041039432,-0.8563139714692469,0.0009138833237321287
29.748,-0.43733578485378827,-0.852379800046852,0.0012265221979497754
29.768,-0.4432643632992665,-0.8480964798266201,0.0015286330785321267
29.788,-0.4487838547792033,-0.8441931028825272,0.0013659326354861223
29.808,-0.45407582404176705,-0.8405036815944606,0.001181197591546973
29.828,-0.45981006304617267,-0.8362665684633936,0.0016175393605011024
29.848,-0.4655234591582359,-0.8320739708581031,0.001464597689425029
29.868,-0.4706933594579626,-0.8284424796489626,0.0010751807776049893
29.888,-0.4762383695528589,-0.8243448080504705,0.0014214157875951094
29.908,-0.4821452160548098,-0.8199386750720374,0.0015025409453579275
29.928,-0.4873518931993571,-0.8160368920462262,0.001179902599864141
29.948,-0.49254355198806443,-0.8122374285496782,0.0011418454879739415
29.968,-0.4984849471413318,-0.8076457031014143,0.001620054119403469
29.988,-0.5039446812658461,-0.8035033025399733,0.001316655912543735
30.008,-0.509016416105023,-0.7997254919929988,0.0010125040557454612
30.028,-0.5148251585305403,-0.7951247074379796,0.00165182617885401
30.048,-0.5205063453997141,-0.7906379318568229,0.0015019766001181656
30.068,-0.52554626775446,-0.7867902919570698,0.0010007282068416612
30.088,-0.5308633074419811,-0.7825327080653969,0.0013725415479634295
30.108,-0.536696323982716,-0.7778632622310817,0.0014109415860230068
30.128,-0.5417552260121627,-0.7739412299207702,0.0010046253853476517
30.148,-0.5471274750922942,-0.7696852995410106,0.000950815945664929
30.168,-0.5526855749670584,-0.765011877867461,0.0014940747152550338
30.188,-0.5580937763671545,-0.7607573738499467,0.001310847866069248
30.208,-0.563011741801204,-0.7569247999414173,0.0009942661176641776
30.228,-0.5684938112160839,-0.7523979625976225,0.001425863002980532
30.248,-0.5739741048630088,-0.7479817236214445,0.0013930692858983296
30.268,-0.5788957999008867,-0.744143527649982,0.0007598458997483959
30.288,-0.5843008921319504,-0.73974396580954,0.0012051078963490336
30.308,-0.5898841121168267,-0.7351179536306058,0.0013209104108759528
30.328,-0.5950916356309864,-0.7308867011892481,0.001135892022683882
30.348,-0.5998968874201629,-0.727028061225582,0.0008566774489073281
30.368,-0.6054641852592292,-0.7222697528462078,0.0014241041478712801
30.388,-0.6108175457544878,-0.7178496682233035,0.0013018883765231748
30.408,-0.6157798521113536,-0.7137877549030713,0.0009309068567556478
30.428,-0.6210275405035509,-0.7092516213379616,0.0013642732734956975
30.448,-0.6265728380276223,-0.704495923542702,0.0013701946906341245
30.468,-0.6314023738579716,-0.7004211313674404,0.000794537797384004
30.488,-0.6363872747754229,-0.6961517029990018,0.0011202483776796557
30.508,-0.6420350881334189,-0.6911894662120613,0.0013834992026883208
30.528,-0.647170216996829,-0.6867655962812373,0.0011158642527412665
30.548000000000002,-0.6519939347159855,-0.6826420242850556,0.0008855319041710941
30.568,-0.65748525747833,-0.67766768697574,0.0014091055196480684
30.588,-0.6627407087042877,-0.6729299860162459,0.0011575434775103477
30.608,-0.6675116497620788,-0.6687994224459216,0.0006733982272744687
30.628,-0.6727334679839592,-0.6639592893357028,0.0011889519344756294
30.648,-0.6781284531261976,-0.6591274250082837,0.0011869503082812816
30.668,-0.6828914585465564,-0.654805460928728,0.0008050538589620404
30.688,-0.6881231018453857,-0.6501096822609308,0.0009192306323756727
30.708,-0.6932811351766615,-0.6452940888611969,0.001275431143516803
30.728,-0.6984630738536675,-0.6406580561061052,0.0010959303153436628
30.748,-0.7030413570319946,-0.6365911351392468,0.0007855957789928425
30.768,-0.7083052405990775,-0.6317134399536359,0.001281677998309999
30.788,-0.713216878326337,-0.6272483090021033,0.001147894490430429
30.808,-0.7182792499524989,-0.6226721111817405,0.0007211132878825466
30.828,-0.7234748551105189,-0.6179037592329744,0.0011286881291617534
30.848,-0.7287657589960429,-0.6130815611286909,0.001216334706227118
30.868,-0.733706595650914,-0.6085776962942159,0.0010001322826080628
30.888,-0.738325573096616,-0.6044762931745643,0.0008733660194748527
30.908,-0.743683323198401,-0.5994326204146887,0.001319869264498813
30.928,-0.7487552642940041,-0.5949366178668405,0.0012138668749926695
30.948,-0.7534985728587116,-0.5907030230745859,0.0008843142077361865
30.968,-0.7585975207942255,-0.5858674822606855,0.0014302531396708507
30.988,-0.7639930460018609,-0.5807366190345897,0.0012678634414607093
31.008,-0.7687127386617962,-0.5763232627060102,0.0009403144755573134
31.028,-0.7734596012976064,-0.5719139600327804,0.0010791295018234281
31.048,-0.7787957442723662,-0.5667198491118206,0.0014450043337511376
31.068,-0.783435905262774,-0.5622650753756328,0.0010453075266424194
31.088,-0.7882339330555982,-0.557735754384512,0.0008828246056178657
31.108,-0.7933468000032682,-0.5526213087893452,0.0014653632872052569
31.128,-0.7984088188301696,-0.5477005286626717,0.0013727407904720879
31.148,-0.8031254686381746,-0.5431811350637907,0.0011274950968571396
31.168,-0.8079519592573237,-0.5383799062552554,0.0013590163352369122
31.188,-0.8131185866912638,-0.5332004021223907,0.0014655516849958472
31.208,-0.8176670781506042,-0.5287148785628473,0.0009951222445358232
31.228,-0.8223416877491231,-0.5241257148913772,0.0011879004326183495
31.248,-0.8275942984967458,-0.51876383572562,0.0015757824210667903
31.268,-0.8323973441405278,-0.5138934690506988,0.0013184834232955467
31.288,-0.83687599393775,-0.5094704615642998,0.0010762810304773551
31.308,-0.841810621309888,-0.5043000687156998,0.0015518336894298213
31.328,-0.846709666558095,-0.49917828484433,0.0014478882837528073
31.348,-0.8511558239588363,-0.49466461194143024,0.001019692818617246
31.368,-0.8558910333959194,-0.4896844978498709,0.0014246566721422549
31.388,-0.8610309532999286,-0.48422812651386393,0.0014245375403652838
31.408,-0.8655718823013864,-0.47970640016712096,0.0010596765978493627
31.428,-0.8701046260728532,-0.47496806368333283,0.0011814573754751756
31.448,-0.8751891748529723,-0.46944913046314046,0.0015850120004385626
31.468,-0.8799355594138155,-0.4645609706701532,0.0013772154660695035
31.488,-0.8843278817590737,-0.4600375867923602,0.0010664623577260335
31.508,-0.8890842921660275,-0.45474986216372354,0.0016276814967351727
31.528,-0.8939544894147131,-0.4493271194255064,0.0014682011235916115
31.548000000000002,-0.898279922692126,-0.4446184990303592,0.0010129856823107575
31.568,-0.9028238037285703,-0.4395750517460082,0.0013790546987736407
31.588,-0.9077082265828609,-0.4340456565539356,0.00152134334205406
31.608,-0.9120300575949498,-0.42923254351833195,0.001093849954102638
31.628,-0.9165583780737724,-0.4242174902214225,0.0009587325865598462
31.648,-0.921318590343306,-0.4186220699866152,0.0016010647034253866
31.668,-0.9260789732545074,-0.41325702360743277,0.0013405335320947898
31.688,-0.9300410413639546,-0.40889620619322764,0.000963950813337694
31.708,-0.9346405280562463,-0.4034573008454223,0.0015077822609852742
31.728,-0.9392088591195559,-0.3981282927202908,0.001437037170127331
31.748,-0.9434322521569016,-0.3932725534729145,0.0008494123985427204
31.768,-0.9479343994442073,-0.38803382216711046,0.0012210119288316446
31.788,-0.9526490606050079,-0.38243885965087454,0.0013625695239501412
31.808,-0.9570916168875918,-0.3772663716379044,0.0012105292781265653
31.828,-0.9611507770128763,-0.37256312270475833,0.000918910476032736
31.848,-0.9657628894897403,-0.3669491718865738,0.001501932184757776
31.868,-0.969996396308888,-0.3618827166395131,0.0012701740194897282
31.888,-0.9744132352323353,-0.35669990198018964,0.0008931158044782062
31.908,-0.9789420170068732,-0.3512501019252606,0.0013053371819758963
31.928,-0.9835741528227657,-0.34577759939720437,0.0013174033717228417
31.948,-0.9877846671596008,-0.34077320816143825,0.0009706927192427162
31.968,-0.9923017917706562,-0.3354032390966267,0.0010434526414236922
31.988,-0.9967318796869767,-0.32994527725904715,0.001289004029391111
32.008,-1.0012528878802702,-0.3246104075064645,0.0011456566861417494
32.028,-1.0053313364519159,-0.31978560498515646,0.0008755289992108672
32.048,-1.0098690945602606,-0.31430301960719487,0.0013666041366766912
32.068,-1.0143525770059174,-0.3089957511321942,0.0013023970366921045
32.088,-1.0186335177369765,-0.304028626435515,0.0008940514747031447
32.108,-1.0230175273248738,-0.2987259606390985,0.001226967539202567
32.128,-1.027706403606548,-0.2930098795251914,0.0012635321269302002
32.148,-1.0319527710262901,-0.2878913842133908,0.0010031653178484146
32.168,-1.0361338279865204,-0.28293025761194757,0.0007960524193618146
32.188,-1.040707188670478,-0.27712712624352714,0.001477297835481839
32.208,-1.0449101896398134,-0.2718368010478079,0.0011364988563738465
32.228,-1.04905304882085,-0.26685094092779515,0.0008099588450158068
32.248,-1.0534063620610465,-0.26124259150812135,0.001424165092755586
32.268,-1.057537634263273,-0.2559689501129252,0.0014241851173315
32.288,-1.061704881109287,-0.2506999765454341,0.0007003718611605647
32.308,-1.0662049214680815,-0.24503674895577063,0.001060258811832554
32.328,-1.0705401800987406,-0.2395366478493594,0.0011649982508099843
32.348,-1.0749576386167743,-0.2341378993119299,0.0009279788363491526
32.368,-1.0792333130702925,-0.2289014263681148,0.0007008333596830729
32.388,-1.083583525498764,-0.22331013987993023,0.0013187209224586327
32.408,-1.0879372427228158,-0.21792250106614253,0.0012531450438518221
32.428,-1.0921364807677316,-0.21279445875404152,0.0009554746549119142
32.448,-1.096423092888087,-0.20731722240927009,0.0013236438357475677
32.468,-1.1009509847692174,-0.20151810252388047,0.0013361544153961402
32.488,-1.1048863472366544,-0.1964961429063566,0.0008012204922160926
32.508,-1.1090136790186091,-0.1912788142827359,0.0010524806838345946
32.528,-1.1135333576011257,-0.18537885244704638,0.0012983950805572075
32.548,-1.117585338425384,-0.18017057771159062,0.0011520191160867554
32.568,-1.1215607335066307,-0.1751823487172471,0.0008552084804987481
32.588,-1.1259035290330381,-0.16936965416749833,0.0014696127282741445
32.608,-1.1302921060505007,-0.16354224170210385,0.0012660451567846065
32.628,-1.1342177038675059,-0.15851156698654514,0.0010069766627300025
32.648,-1.1382570121233782,-0.1530997956094755,0.0012584708871507255
32.668,-1.14249340282542,-0.1473383283171719,0.0014291711788921857
32.688,-1.1464445147800923,-0.14201304454728053,0.0008779303464783172
32.708,-1.150697692491839,-0.13637256439147344,0.000989213662705185
32.728,-1.1548933462303745,-0.1306016579572179,0.0013408816710247795
32.748,-1.1590349953550574,-0.12506586605513026,0.0012434091830920146
32.768,-1.1626641726932003,-0.12027180857555725,0.0008787200598842082
32.788,-1.166891793026417,-0.11443822110874094,0.0015120439755599846
32.808,-1.1710635510777536,-0.10871554686975793,0.0013959472266819317
32.828,-1.174953656277761,-0.10351393993960883,0.0009907227637789562
32.848,-1.1789315972582544,-0.0980593266885989,0.0013100210954112013
32.868,-1.1832685278725454,-0.09200307189701287,0.0014037895883316776
32.888,-1.1871647469141084,-0.08660316426928352,0.0012086218471350219
32.908,-1.190971969183524,-0.08142094927514763,0.0009788351223036784
32.928,-1.1951459299145228,-0.07536601267385457,0.0016135470714964961
32.948,-1.1991950301610204,-0.06959939003862582,0.0014089215165361546
32.968,-1.2029672799950024,-0.06437710411449521,0.00116666406052493
32.988,-1.2068541928806007,-0.058681480923491305,0.0015321140843535253
33.008,-1.2109413620856642,-0.052690733839254135,0.0015496969329300003
33.028,-1.2145586973916689,-0.047410782219302144,0.0009244634803944052
33.048,-1.2184906082355063,-0.04169423266799076,0.0013323186333994153
33.068,-1.2225769673691593,-0.035638978198273726,0.0015665109004529831
33.088,-1.226325232036434,-0.03016586432997858,0.0012756837408457178
33.108,-1.230045356713,-0.024845381127579343,0.001023101057191167
33.128,-1.2340619641302824,-0.018730036223102278,0.0016784499598620772
33.148,-1.2380551931817008,-0.012717879337959016,0.001452279882966978
33.168,-1.2417386310417087,-0.007387567521576703,0.0012565909236471884
33.188,-1.2454389702038953,-0.0017271549275020281,0.0014665295287554503
33.208,-1.2493488718203867,0.004353170383289688,0.0017678351711832019
33.228,-1.252571537890818,0.009482757720420676,0.0009731445407921424
33.248,-1.256368482354004,0.015225668161900588,0.0011927563200940516
33.268,-1.260262591394223,0.02138248129893928,0.0014706265766705473
33.288,-1.2639161456976358,0.026892823377398924,0.001322526154494602
33.308,-1.2674243235856932,0.03215429626428671,0.0009681047734083625
33.328,-1.271253247869813,0.03823091397601999,0.001537940588287795
33.348,-1.2749393119220827,0.04399922325689308,0.0014584701656769061
33.368,-1.27847777043971,0.04935915037002132,0.0010095960168306217
33.388,-1.2821449607951463,0.05519973286171597,0.0014118225435823528
33.408,-1.2860992307508592,0.06152114036831454,0.0014219432879950533
33.428,-1.2896710871852177,0.06718714570791286,0.0011871456459713603
33.448,-1.2932001739974504,0.07264959631916026,0.0010618614255835657
33.468,-1.2969586062057268,0.07892479745007794,0.0016277755133261573
33.488,-1.3004485564450872,0.0847382233760273,0.001328914473343129
33.508,-1.303828658481361,0.0900623689569031,0.0009526090313043967
33.528,-1.3074492566206315,0.09617889103783134,0.0015237280779014095
33.548,-1.311174122272417,0.10244746882098305,0.001401476819371611
33.568,-1.3145019669538653,0.10792890622742342,0.0010015590811231212
33.588,-1.3178990286416308,0.11363153977920086,0.001194421590477418
33.608,-1.3216521186716699,0.12004793608766895,0.001509013531938025
33.628,-1.3247874429619668,0.12551984608674444,0.0009341745905239451
33.648,-1.3283753427548723,0.1314369259851356,0.0008523916052249614
33.668,-1.3318785510237305,0.13773037658782777,0.0013273934213292315
33.688,-1.3354814509448465,0.14374629242376602,0.0011449333325553035
33.708,-1.3388066796604448,0.14929045058067336,0.0008456602233080646
33.728,-1.342364610910542,0.15549247008365225,0.0012209834903458838
33.748,-1.3459580479708524,0.16158112214229883,0.0011857800139463415
33.768,-1.3490333660294342,0.16696361974306267,0.0007095996377111669
33.788,-1.352610664977703,0.17302428141719883,0.0010237961106189242
33.808,-1.3561593502686295,0.17922518436332546,0.0012528232426338437
33.828,-1.3595318683754678,0.18468179975911897,0.0009991065790548592
33.848,-1.3629396992763096,0.19015823815795646,0.0007024854533904945
33.868,-1.3665181696106652,0.1965370397856412,0.0013980192816904768
33.888,-1.3701246849606796,0.20275636002727684,0.0012301571129421374
33.908,-1.373433455925576,0.20840054374348088,0.00103609127989851
33.928,-1.376742774634051,0.21424413818251475,0.001178008121680646
33.948,-1.3802803901950775,0.2205738832637197,0.0014570525565747727
33.968,-1.3832605949987433,0.22601989884344714,0.0007615922308104872
33.988,-1.3867026341195257,0.2320531975498419,0.0009457204691434018
34.008,-1.3901728917545135,0.23831831446836196,0.0013461307852283277
34.028,-1.3932757384683978,0.24387074216430532,0.0010109149058163125
34.048,-1.396635919967873,0.2497189930834289,0.0007791138025609046
34.068,-1.4000552827968462,0.25601629191693875,0.0013553299132797736
34.088,-1.4035861342543874,0.26231527405885213,0.00119632526259969
34.108,-1.4066069042815392,0.267590637764066,0.0008545446210442564
34.128,-1.4098924495357448,0.27358624415689203,0.0011723302769259536
34.148,-1.413355875045549,0.2799917825624343,0.0013447262546827377
34.168,-1.416439993118605,0.28565746810579046,0.0009610926366004913
34.188,-1.4196045276767708,0.2913122956494332,0.0009100706991515828
34.208,-1.4230597901315254,0.29787975830948277,0.0014006493327014813
34.228,-1.426373950262624,0.3039794612589818,0.001203460705671372
34.248,-1.4293484714735414,0.30924433222531333,0.0008302998309057119
34.268,-1.4326337148366133,0.31557852262611924,0.0013250191004815781
34.288,-1.4359955131891484,0.32184286686751384,0.0013374153054862836
34.308,-1.438966879197251,0.3273482527060829,0.0007541360065148051
34.328,-1.4422859087608326,0.3335971889957794,0.001141610533331422
34.348,-1.4455728909218701,0.339939939450549,0.0013161849660607294
34.368,-1.448593941025341,0.34571330339794326,0.0010366197827992307
34.388,-1.4518140812402192,0.3517048839433296,0.000915471156950648
34.408,-1.4550315468348611,0.35809594815170886,0.0014464832458835342
34.428,-1.4582448655261713,0.3641942944820862,0.0013733536979083638
34.448,-1.4613787422375715,0.37000615544358506,0.0010284928530592818
34.468,-1.464553114238948,0.3762452945164334,0.001485455896780119
34.488,-1.46790804874648,0.3828386306053691,0.001415829666910312
34.508,-1.4708785434992762,0.3885894154625693,0.0011580867740186573
34.528,-1.4739544619476264,0.39436523656668954,0.0011126353228171626
34.548,-1.4771677272690407,0.4009616166554819,0.0015852902935815372
34.568,-1.479895190467432,0.40657774863274604,0.001162105854632417
34.588,-1.4830890172723812,0.4126808091313575,0.0010024300908565709
34.608,-1.4862339361073316,0.4191306977192162,0.0014892341062889558
34.628,-1.489412204694315,0.42537629676174443,0.0014214035527866098
34.648,-1.4922294995712522,0.4309658672878247,0.0010000726854824948
34.668,-1.495409466143186,0.4373630431629788,0.0014083893291667593
34.688,-1.4985823231830722,0.4437110843149207,0.0014412610673557869
34.708,-1.5014598603433515,0.4493517843441662,0.001128971377880733
34.728,-1.5044884140504746,0.45524296172623424,0.0011554241465775716
34.748,-1.5076790013095978,0.46184810566985524,0.0016820410758479343
34.768,-1.510565553203275,0.46780551338673343,0.00139005070147305
34.788,-1.513537175131725,0.473579806651622,0.0011105883293958119
34.808,-1.5166192946852337,0.4800074891829514,0.0015306908929609286
34.828,-1.5197478782286027,0.4864454177870787,0.0014745550294383014
34.848,-1.5226227932281644,0.49221328628148026,0.0010160225655375943
34.868,-1.5255590661926695,0.49837559914892415,0.0014303856225149347
34.888,-1.5287423720030757,0.505140544533274,0.0015794282940104487
34.908,-1.531635128331496,0.5112537523377889,0.0013021476852562996
34.928,-1.5344889858568274,0.5170682029834061,0.0011837348856790775
34.948,-1.5375014971706502,0.5237338268028687,0.0016662348882470757
34.968,-1.5401814326981405,0.5297863118778571,0.001402638343910606
34.988,-1.5431480273173392,0.536016270171248,0.0010384097596227715
35.008,-1.546109920720312,0.5425128546262246,0.0014680442351353296
35.028,-1.549097694008856,0.5489175508540671,0.0013394827712139568
35.048,-1.5518762589301702,0.5548394818305371,0.0009229980539529614
35.068,-1.554819609376392,0.5611047433753633,0.0012215239428149116
35.088,-1.5577938149546264,0.5675505978098356,0.0013595897422502556
35.108,-1.5606129612886939,0.5733921656647877,0.0011625992586888068
35.128,-1.5635149924039982,0.5792464879220232,0.000902153017234425
35.148,-1.5665210904339644,0.585897734271982,0.0014971446492442753
35.168,-1.569458966530422,0.5922744272210383,0.0013533538426668268
35.188,-1.5722529219414378,0.5981876955542708,0.0010529281590031248
35.208,-1.5750281246613613,0.604467324464748,0.0013702461846809844
35.228,-1.5780166760711245,0.6112022474049382,0.0014579569135056147
35.248,-1.5805497284019137,0.6169991732269774,0.0008734666261270008
35.268,-1.5833182730529174,0.6231095994258974,0.0010579490641785816
35.288,-1.586287215725536,0.6299117674660366,0.0012504943245190137
35.308,-1.5889270975414636,0.6357232002580829,0.0010662873221509162
35.328,-1.591561252194615,0.641522536820568,0.0007054538283572664
35.348,-1.594375725112354,0.6482975936677109,0.0014324113182044573
35.368,-1.5973077033386427,0.654985217779138,0.0012275517201082442
35.388,-1.5998249377984248,0.6604666050677398,0.000832116987743603
35.408,-1.6025002544284208,0.6668255716297975,0.0011950090500187083
35.428,-1.6052072977430694,0.6734155169051714,0.001265752977281237
35.448,-1.6077655676352725,0.6794747064023079,0.0007938412076337886
35.468,-1.610530186596606,0.6859040877516073,0.0008818443829345379
35.488,-1.6131813871992782,0.6925735214547121,0.001237860424667031
35.508,-1.615962960010679,0.6991167288771278,0.0009914566526466606
35.528,-1.6183974983689924,0.7049283884780022,0.0008174218457257243
35.548,-1.6210293722558595,0.7115488163724071,0.0012685983295565584
35.568,-1.623458119300637,0.7176308554179132,0.0011373013511767338
35.588,-1.6261960210547919,0.7240898069148016,0.0007135917788989865
35.608,-1.6289158393339243,0.7306699441285215,0.0011292458028542562
35.628,-1.631597519409083,0.7372475896664306,0.0012019922451960152
35.648,-1.6342222187206705,0.7434568855770777,0.0009959834880884644
35.668,-1.6366297017278142,0.7492779503805143,0.00084280585175181
35.688,-1.6393660512998864,0.7560256829821435,0.0013197396560296337
35.708,-1.641889628426443,0.7622029183916673,0.00114973761538828
35.728,-1.6445134074702543,0.7684101789399561,0.0007871010354315866
35.748,-1.6471263880758833,0.7750060503335936,0.0013179218622583477
35.768,-1.6498348143973092,0.7816581173341878,0.0012116201185468911
35.788,-1.6522082608041238,0.7874149573292092,0.0007479140181718136
35.808,-1.6547951544532518,0.7936807397650372,0.0011142323049417868
35.828,-1.6575050314953355,0.8005311531446155,0.0013105911525710112
35.848,-1.659989296346467,0.806619728418527,0.0011140955792397766
35.868,-1.6624105168280716,0.8125021584854717,0.0008146280029604769
35.888,-1.6650830065538522,0.8194947057869595,0.0013945720778936466
35.908,-1.6676238896955127,0.8260074097020303,0.0013016152780334633
35.928,-1.6699801121794717,0.8318593976037978,0.0008805101600022902
35.948,-1.6724607632988506,0.8384445100069388,0.0013661018664994362
35.968,-1.675016820647176,0.8452587624143716,0.001370696121650583
35.988,-1.6773288301171299,0.8513023803504365,0.0009478791111281193
36.008,-1.6797174310667065,0.8574555828801163,0.0011509230821314387
36.028,-1.6822708343837458,0.86446427173167,0.00158253197114111
36.048,-1.6846174059888073,0.8709345730821761,0.0013011379234508513
36.068,-1.6869409601184535,0.8769629426861927,0.001137166829697861
36.088,-1.6892809805500655,0.8836333627119412,0.0015766173531642225
36.108,-1.6915221734849688,0.8901291855397,0.001487903024903925
36.128,-1.6938173517499255,0.8963956818946661,0.0009771089584053594
36.148,-1.6961688978825706,0.9031110100405435,0.0013650250018456545
36.168,-1.6984688298486683,0.9096935846216694,0.0014687264493955243
36.188,-1.7006840780752006,0.9158327712334544,0.0011012488817768729
36.208,-1.7030114428954168,0.9221003535536187,0.001101305043162637
36.228,-1.705427464956529,0.9290840543417825,0.0015089041067388453
36.248,-1.7078068343091382,0.9356769288272068,0.0013112561349328256
36.268,-1.7098819983449447,0.9415964039620974,0.001075032621192018
36.288,-1.7121662531391697,0.9483404372429123,0.0014806270571255664
36.308,-1.7145196724550933,0.9549071359027216,0.0014993594692374046
36.328,-1.716664002155727,0.9607511587823373,0.0009643789631393618
36.348,-1.71890154055682,0.9673189077807096,0.0013685806989524874
36.368,-1.7212840303711616,0.9743037647564081,0.0014355962976490833
36.388,-1.723360202038017,0.9802468786348224,0.0011773641919326505
36.408,-1.7255544903062396,0.9862900046828595,0.0010293229708041585
36.428,-1.727822853502382,0.9933238735768852,0.0015414496833433822
36.448,-1.730076582338229,0.9997495883373638,0.001417894322056551
36.468,-1.7322297868392182,1.0058485726719564,0.001105446589914988
36.488,-1.7343470590687022,1.0125138272053649,0.0015635367222701924
36.508,-1.7365872675010594,1.0195194546988429,0.0015578040071444754
36.528,-1.7385151287055811,1.0256231660166133,0.0010236819010385756
36.548,-1.7405956426271254,1.032001629289243,0.0012252763234720243
36.568,-1.7427623188868095,1.0390082044252231,0.0016246335110927101
36.588,-1.7445720800904403,1.0450770337336361,0.0011242269174883968
36.608,-1.7467479104932069,1.0516875412625062,0.0009975883504849958
36.628,-1.7488108722829252,1.0585534305059048,0.0014963881644122212
36.648,-1.7510106420256069,1.0653740047713376,0.0012601257075834094
36.668,-1.752794809325117,1.0713566422844327,0.0009871893146800037
36.688,-1.754818435071818,1.0780632203606058,0.001423903058264786
36.708,-1.7568716656482082,1.0848960931068092,0.0015847618069126934
36.728,-1.7586212707361202,1.0909029244370991,0.000985613622654341
36.748,-1.7606116655510418,1.0972555729700812,0.0010926188924733349
36.768,-1.7627248125696249,1.1043768334282447,0.0014912421755577665
36.788,-1.764739053583287,1.111054214154297,0.0012714847273564978
36.808,-1.7666749900273726,1.1173002960398164,0.0011231967870822257
36.828,-1.7685537104339053,1.124053294606346,0.0014524037578351745
36.848,-1.7704758309286657,1.1309452327433902,0.0014051776625295387
36.868,-1.7722045375818327,1.137021066152533,0.0008650917115433643
36.888,-1.7740643480708274,1.1436763248465285,0.001262937412138787
36.908,-1.7760046546027815,1.150763519556331,0.0013551341914462278
36.928,-1.777734197140619,1.1570232012417925,0.0009670287917278308
36.948,-1.7795848721461316,1.1633155206175574,0.0009110368618788778
36.968,-1.7814386458578035,1.170474036214481,0.0014944541072642592
36.988,-1.7832347221786138,1.1773036644383523,0.00121313276279289
37.008,-1.7850156099459513,1.1835665438491982,0.0010730726850111116
37.028,-1.786737773928388,1.1902814329988833,0.0013294805273510735
37.048,-1.7883990559119616,1.1970008969790624,0.0014576122010325765
37.068,-1.7899662801180187,1.2032310441065883,0.0007646386424267348
37.088,-1.7918318498093018,1.210220927275527,0.0010225705001892793
37.108,-1.7935330555004703,1.2170599244095706,0.001204818045406758
37.128,-1.7953315716369613,1.2237827063158622,0.0009644081586346054
37.148,-1.7970056153557115,1.2300067959824497,0.0008371725403013008
37.168,-1.7987059588009542,1.236957221807685,0.0014396829332815608
37.188,-1.8001314782188536,1.2430907485126397,0.001145030024124416
37.208,-1.8019565686886163,1.2497546159240163,0.0007997758401860622
37.228,-1.80369885853823,1.2566646698930524,0.0012611561496474188
37.248,-1.8054989019107546,1.2635168532992618,0.0011712453601698258
37.268,-1.8071595848672117,1.2698251493327843,0.0007444791043019205
37.288,-1.8089669109507849,1.2766021193183295,0.0009878013923232676
37.308,-1.810724082695272,1.2834578818331988,0.0013843052248187215
37.328,-1.8122341644137592,1.289534322546504,0.0010118575696326237
37.348,-1.8140299682950143,1.2960367065924392,0.0008546864027892398
37.368,-1.815762066614067,1.3029524695097532,0.0012998936245531834
37.388,-1.8175687532078062,1.3096289280258624,0.001219544312598464
37.408,-1.819287942282172,1.3158446146112492,0.0008337543161368033
37.428,-1.82105054134578,1.3227271110647005,0.0012321285057156628
37.448,-1.822845528780197,1.3296102640417173,0.0012517723539757497
37.468,-1.8245027545335433,1.335713699587982,0.0009698707672302631
37.488,-1.8262768578952386,1.3421112172748504,0.0009446579296341351
37.508,-1.828042580799805,1.3491961492845574,0.0015236784014372173
37.528,-1.829600480695912,1.3556173363978372,0.0011676900756809883
37.548,-1.8313220162041057,1.3619006339830404,0.0008775485546418382
37.568,-1.8330715551042427,1.3690195653942971,0.0014878841254875874
37.588,-1.8348596062787814,1.3761567428732173,0.001333897319382521
37.608,-1.8365010500493115,1.3825365884141636,0.001078100675686755
37.628,-1.8381283515924298,1.3890462942228903,0.0012409871722715293
37.648,-1.8398486778188752,1.3962406991445735,0.0015095124512311264
37.668,-1.8412462761187312,1.4025364669592544,0.0011716501484494712
37.688,-1.842899346974557,1.4088667770085108,0.0009460546351220955
37.708,-1.8445106607108082,1.4160119097316246,0.001679893672149907
37.728,-1.8459282397239645,1.4225859140508375,0.0013560357070647455
37.748,-1.8474644828256963,1.428953903868583,0.0010002704791188255
37.768,-1.8490165784697399,1.435886085229331,0.0015140508898314753
37.788,-1.8505371139112923,1.4427600662166224,0.0014494110734121768
37.808,-1.852030673581032,1.4491639485392898,0.0010567049285194474
37.828,-1.8535820239534269,1.4557100964714753,0.001241229474024913
37.848,-1.8551543892030693,1.4629202156664678,0.0015965325542072473
37.868,-1.8566022150315955,1.469587818980084,0.001326823254156062
37.888,-1.8581238089028946,1.4759403825467767,0.0011751159490502039
37.908,-1.8595756673824244,1.4829630978506372,0.0016019351758976563
37.928,-1.8608839817642313,1.4895810935832543,0.001407614300588833
37.948,-1.8623379243898937,1.4959401231703895,0.0009488561356711389
37.968,-1.8637694052969176,1.5029497619925547,0.0014490397242529207
37.988,-1.8653027334880812,1.510019267443639,0.0014274988016155787
38.008,-1.8665292772103137,1.5161513862292222,0.0009941553759021948
38.028,-1.8680323975612014,1.5230964953868211,0.0011785503453741741
38.048,-1.869436709537889,1.5299993281373094,0.0014257458147185487
38.068,-1.870725891471905,1.536381051673977,0.0012117790949665863
38.088,-1.872175892659396,1.5430517592674302,0.0010623787794916129
38.108,-1.8735384054172604,1.5500585074466426,0.0015049192887998109
38.128,-1.8750176358665258,1.5568889558525145,0.0014477688761133645
38.148,-1.8762694495710734,1.5629256114841723,0.0009674707642421676
38.168,-1.8776749069785936,1.5699229612174836,0.001380479649349231
38.188,-1.8790962179802746,1.576797559730805,0.0014510235243015146
38.208,-1.8805035728415576,1.583319563824617,0.001090361870241141
38.228,-1.881950335369108,1.5899119928193164,0.0010922083247960623
38.248,-1.8833985757792997,1.597117881084716,0.001441544186917748
38.268,-1.8848437245236742,1.603921214042819,0.00128955206747014
38.288,-1.886003700352157,1.6098891441437884,0.0009755783273617813
38.308,-1.8873666890670415,1.6169179569570273,0.0014621866364400438
38.328,-1.8887224257793434,1.623807008781875,0.001414470335113438
38.348,-1.890051956078628,1.6302196369657442,0.0009652735404426238
38.368,-1.8914140377385766,1.636932974648227,0.0012708596653923376
38.388,-1.8927991846794732,1.6442112781169094,0.0013684450024452066
38.408,-1.8941164227160316,1.6506823514598907,0.0010831076160852382
38.428,-1.8953723552603359,1.6568695181548703,0.0008271876070989892
38.448,-1.8966374681452345,1.6641147397861016,0.0015172498033252935
38.468,-1.8978407648330742,1.6709311656528427,0.0012957102594814418
38.488,-1.8991068542243894,1.6772982302012682,0.0009892028388936436
38.508,-1.9003073058359496,1.6842129842671052,0.0013688961188430548
38.528,-1.9014528903833807,1.6910980869542342,0.0014325852875470557
38.548,-1.9024857505962938,1.6974195129114,0.0007206968639987821
38.568,-1.9037230933842486,1.7042870606067153,0.0011081143076735744
38.588,-1.9049416934080334,1.7114317629403817,0.0012362940863829552
38.608,-1.9061168559841404,1.7178886266234543,0.0010215455148293862
38.628,-1.9072644424968714,1.724317337492233,0.0008209979404786572
38.648,-1.9084050526780205,1.7313808459259592,0.0013048166980034193
38.668,-1.909579935651599,1.7381529960553297,0.001237951655432612
38.688,-1.9107896033228884,1.7446845475878572,0.0008054970628126323
38.708,-1.9119102199464262,1.7516571436603459,0.0012572201753763557
38.728,-1.9131449836958898,1.7588633728475425,0.0011999620933925426
38.748,-1.9141153897059824,1.7650175451190313,0.0007607354078762174
38.768,-1.915244365544033,1.771760232818192,0.0009632529156664571
38.788,-1.9163362424097763,1.7788115198861743,0.0012517879207536997
38.808,-1.9174372697254316,1.7854373524999754,0.00107262912027975
38.828,-1.9186296115378836,1.791980248848746,0.0007099071829078929
38.848,-1.9197151838187285,1.7991621150883932,0.001402610646598662
38.868,-1.9209035301537436,1.8063400586720038,0.001170210027019447
38.888,-1.9218970752283016,1.8123994566680988,0.0008428318958125514
38.908,-1.9229639451262293,1.8192213216436952,0.0011919532231664809
38.928,-1.9240258965705201,1.8263899809491073,0.0012901799634180977
38.948,-1.924998925137982,1.8328382469841653,0.0008709876262655014
38.968,-1.9260423429880256,1.8394591959235034,0.0009689299885252411
38.988,-1.9270956564901875,1.8467796683065296,0.0012892410189707382
39.008,-1.9281249560497797,1.8534778223654254,0.0011458697596128387
39.028,-1.9290682221677835,1.859782773245289,0.0008534381759858489
39.048,-1.9300276331141126,1.8668261092234397,0.00134032156144559
39.068,-1.9310693613483538,1.8737221879276402,0.0013300386367068873
39.088,-1.9320363754590504,1.8798968531586593,0.000808387755577622
39.108,-1.9330327671052903,1.8867414983307365,0.0012115152696712261
39.128,-1.9340460187122042,1.8939946161553864,0.001266516661473427
39.148,-1.934987835712381,1.9004281060827015,0.0010668622241049586
39.168,-1.9359234302258976,1.9067951852707126,0.000940364287261769
39.188,-1.9368829610768517,1.9140564432485494,0.0015388261319253804
39.208,-1.9376827352207266,1.920598005375026,0.0012658408788997766
39.228,-1.93863686242697,1.9272262896489798,0.0009117390668834102
39.248,-1.939527105292517,1.9342606333629153,0.001340465633394461
39.268,-1.940501443282963,1.941360586187149,0.001318092345818006
39.288,-1.9412161386303353,1.9476876310223663,0.0008927913703425383
39.308,-1.9421343431088316,1.9544992281890572,0.001209436244360651
39.328,-1.9430529105829233,1.9617291035338469,0.0013830467678648262
39.348,-1.943933281425918,1.9683620233713914,0.0013013418996747073
39.368,-1.9448837406157558,1.9748876365626653,0.0009816324005400556
39.388,-1.9457121394216255,1.9821160376160107,0.001523663061520436
39.408,-1.9466347159659254,1.9892340126751062,0.0013706201503398963
39.428,-1.9473611797482568,1.9953652318923947,0.0009746078925935986
39.448,-1.9481730876496235,2.002420854380031,0.0014181454951074923
39.468,-1.948997644009579,2.009397635036689,0.0015029756985215081
39.488,-1.9498153918368917,2.016094457865418,0.0011553476773112359
39.508,-1.9506725875787474,2.022793829271513,0.0011876252906543039
39.528,-1.951481479342716,2.0301171303669623,0.0016441470560617788
39.548,-1.9523469969652494,2.0371120047431455,0.0013864062128688126
39.568,-1.9531347330372504,2.0433408425287856,0.0011257365880840975
39.588,-1.953841294119195,2.05044918668849,0.0016165794419043256
39.608,-1.9544360665948397,2.057127571356803,0.0014740062132735099
39.628,-1.9551731245508324,2.0637833239898917,0.0009461492086590417
39.648,-1.9558902292708142,2.070870506678175,0.0013933775247741143
39.668,-1.9566755923372523,2.077970930534927,0.0014461982879936386
39.688,-1.9573153247754431,2.0842738609969795,0.0010512649136955876
39.708,-1.9581574508826998,2.0911781923390373,0.001061205990509101
39.728,-1.9588752132295266,2.098237722130962,0.001479216853486065
39.748,-1.9596744477376355,2.1050165582404374,0.0013601196013541816
39.768,-1.960406455395063,2.1114094615365806,0.000972636071085331
39.788,-1.961105386621735,2.11851550729289,0.0015088605008773404
39.808,-1.961815860280523,2.1253026318213966,0.0014357951767623445
39.828,-1.9625637676895686,2.13193673534509,0.0008416664648552008
39.848,-1.9633633434932218,2.138884430126332,0.0013205933513474044
39.868,-1.9641316282172308,2.1461737360573085,0.0013910893153697423
39.888,-1.9648397697989493,2.1528982898823203,0.0012407878777646875
39.908,-1.965434705378829,2.1591024738147473,0.000980415338106555
39.928,-1.9660683779391301,2.166322356349186,0.0015485723042008848
39.948,-1.9667019216724912,2.173144267361622,0.0013277594638352874
39.968,-1.9674220296453122,2.179613335792774,0.0009327533024013346
39.988,-1.9680824642962274,2.186682726134297,0.0013779772950863467
40.008,-1.9688164609595413,2.193895717799363,0.0013199510617213361
40.028,-1.96936789934344,2.2001280603942117,0.0008065931501514412
40.048,-1.9700671521511912,2.2071425861610123,0.0010988120571444882
40.068,-1.9706967735357324,2.214233222057171,0.0012841057573690084
40.088,-1.9713518788272477,2.2210449066929767,0.0011785342492061923
40.108,-1.971856544308417,2.227259962137768,0.0008400297587476124
40.128,-1.9724441583595302,2.2344489396835896,0.0013756805823946505
40.148,-1.9730697464711449,2.241324524023357,0.001308135909057262
40.168,-1.9737082880446293,2.2478829870053314,0.0008526295279542018
40.188,-1.974245641586391,2.2548403505977936,0.0012881987316892551
40.208,-1.9748419296506188,2.2622030543046145,0.0012033973937352338
40.228,-1.9754489831474438,2.2686721493560302,0.0009567191545063192
40.248,-1.9760849084099215,2.275224685941666,0.0008281375012073877
40.268,-1.9765450947218255,2.2825745667481026,0.0014006265667454165
40.288,-1.9770902191917554,2.2896301135493573,0.001186235234344274
40.308,-1.9776650139439154,2.2962245415690106,0.0010521786758000418
40.328,-1.9780818724549056,2.30319246112111,0.0013472024952020933
40.348,-1.9785020491842016,2.310333089927229,0.001343482181263872
40.368,-1.978858825965915,2.3166462057654558,0.0007536765283308877
40.388,-1.979304976344123,2.3235628976555653,0.0011814763852971422
40.408,-1.9797298397163043,2.3308917723156233,0.00124642686084106
40.428,-1.9801299550851583,2.337509305977744,0.0010209649244085628
40.448,-1.9806166479653626,2.3440446674269193,0.0007603899763731214
40.468,-1.9809487574488847,2.351396218030861,0.0014458323322347477
40.488,-1.9812469585071004,2.3583463520846024,0.0012094489779730933
40.508,-1.9816849572525448,2.364854296230737,0.0009619380265469823
40.528,-1.9819950525940453,2.3718293630978735,0.0013476815482182103
40.548,-1.9822505755338344,2.378917475173199,0.0014066888335237393
40.568,-1.9823945921457695,2.3853001111282692,0.0006733134446386124
40.588,-1.9827208858312497,2.3922810161421526,0.0010817055190623925
40.608,-1.9830048498675772,2.3994859323059616,0.0012012350254076987
40.628,-1.9833042782315862,2.4060851602192934,0.0010814426238572872
40.648,-1.9835860163314465,2.4125006511839526,0.000865524793984912
40.668,-1.9838165907748926,2.419613461006601,0.0012867140653617104
40.688,-1.984126792891689,2.4263705273556786,0.0012421251714609394
40.708,-1.984469327422602,2.432829992725056,0.00083818171559355
40.728,-1.9846782489499473,2.4399579905728763,0.0012979762662789773
40.748,-1.9850032728541174,2.4470565399590622,0.0013044225567129253
40.768,-1.985254789921757,2.4534361818656176,0.0009048409613233721
40.788,-1.985576143078151,2.4602915741473588,0.0010437559910223548
40.808,-1.9858495222404724,2.4673900930776056,0.0013259291320111832
40.828,-1.986161617817001,2.4739305179708504,0.0011236201604082063
40.848,-1.9866001580498605,2.480776956581791,0.0009416317539141517
40.868,-1.9868629466415206,2.487873832948172,0.0014503596646957273
40.888,-1.9872423849326646,2.494891191369561,0.001381939128556997
40.908,-1.9875448237408622,2.5010531896398556,0.0009068710218758103
40.928,-1.987856378776987,2.5080790306362624,0.0013627486828132473
40.948,-1.9882172596988499,2.51533611895291,0.0014080055478367104
40.968,-1.9885314815333666,2.5216635442764948,0.001096355873999394
40.988,-1.9889270931438663,2.528324058045996,0.001121837313941637
41.008,-1.9892064181181526,2.535683681150672,0.0016342584330316379
41.028,-1.9894503815818023,2.5426137090469854,0.0013976955091119236
41.048,-1.9897992665511974,2.5491647054824043,0.0011364626617564044
41.068,-1.9900171399462292,2.5562304283524564,0.001637387046832195
41.088,-1.9902085043096438,2.5634659216984472,0.0016313395408373565
41.108,-1.9903192557878029,2.569811532991347,0.0010449438973192948
41.128,-1.990552783559325,2.5767171543677,0.0013852644323292806
41.148,-1.9906886456821522,2.5838172426334913,0.0017424209289100823
41.168,-1.9907058745376223,2.5901395920887493,0.0011202397795118946
41.188,-1.991002140751703,2.597106896574948,0.0009688249570750374
41.208,-1.9911115673036486,2.6042732481051276,0.001564491831657716
41.228,-1.9913599004544378,2.6113187609230697,0.0013928390375200772
41.248,-1.9915505702238996,2.6174084563805597,0.0009585253932799798
41.268,-1.9917201989381594,2.6245784550636784,0.0015092472396871226
41.288,-1.9919225214875407,2.631770041534233,0.0014894392943552714
41.308,-1.991983592527033,2.6378445704567874,0.0009397144923060929
41.328,-1.9921643824975686,2.644720781757534,0.0013065137283464479
41.348,-1.992300301037862,2.6520826851600607,0.0014355404249748183
41.368,-1.9923839446563458,2.658390698005704,0.0011512642090113767
41.388,-1.9925837002021065,2.6651668097140124,0.0009878015925987305
41.408,-1.9926261734194297,2.672308246958151,0.0014777897912401916
41.428,-1.9927918104996774,2.6793286475414866,0.0013855807954497035
41.448,-1.9929028648063696,2.6855049522634884,0.0009186113356252079
41.468,-1.9930451179863988,2.6926145938037442,0.00136407794376317
41.488,-1.9932366335774865,2.699730373346517,0.001353086596765446
41.508,-1.9933067676196656,2.706032269800186,0.0009145901526743938
41.528,-1.9934430666336715,2.7130265193418728,0.0011437101337682942
41.548,-1.993522110816423,2.720203337697902,0.0014696612907317552
41.568,-1.9936492457377013,2.727127457044867,0.0013597130463331164
41.588,-1.9938367016599543,2.7338437196378966,0.001144576681813475
41.608,-1.993872621326245,2.7409227819558852,0.001441909333287389
41.628,-1.9939479374277458,2.748119121634134,0.0013148118860736302
41.648,-1.9940560884824652,2.754774124812086,0.0009436992951701584
41.668,-1.994079792512829,2.761674014723613,0.0012828778498565063
41.688,-1.9940861989296177,2.7690402441566966,0.0013557514209870114
41.708,-1.9941187876128192,2.775886682460342,0.001103389799754384
41.728,-1.9942339375178582,2.782540389744401,0.0009789831652311232
41.748,-1.9941366909943299,2.789809680618558,0.0013718739371046396
41.768,-1.9941326901335061,2.796563246068457,0.0011624372223478785
41.788,-1.9941794887969935,2.8030353992405574,0.0007862961398375778
41.808,-1.9940669974478027,2.8102280407419657,0.0013599993732207882
41.828,-1.9940520941118056,2.8174593763978937,0.001236195246837074
41.848,-1.9939935056078184,2.823567926745824,0.0006292454125388369
41.868,-1.9939569767570846,2.8306241403614214,0.0010897914522361996
41.888,-1.99389908436254,2.837791239576285,0.0012020446554323883
41.908,-1.9938618107350539,2.8441628467428215,0.0008989202773777294
41.928,-1.9938537415338087,2.850935237133695,0.0007472182037535913
41.948,-1.9936691436197698,2.8581211463254412,0.001175459133633816
41.968,-1.9936350557608185,2.8650779615679633,0.0011383651845388032
41.988,-1.9936505033534553,2.871329719782884,0.0007522633311482785
42.008,-1.9934492692285435,2.8784242746562994,0.0012133495710619224
42.028,-1.9933800399007437,2.885421355204267,0.001284425272437023
42.048,-1.9933042276790238,2.8918371850914664,0.0007360056497312528
42.068,-1.993221918007464,2.8986973026739222,0.0011021135183282016
42.088,-1.993038334867762,2.9060622001228626,0.0013451975837427133
42.108,-1.9929491912900192,2.9128896108685103,0.0011247503970383266
42.128,-1.9929103568665252,2.919053228970056,0.0008169761433525768
42.148,-1.992665632070436,2.926288940549957,0.0013956118473425483
42.168,-1.9924093080183,2.9332245673831503,0.0012266646962984795
42.188,-1.9922801435460007,2.9396417302052518,0.0007567053916245625
42.208,-1.992033266011521,2.9466608736530517,0.0013444335956836473
42.228,-1.9917479858322082,2.9540720151636557,0.0012776367604591665
42.248,-1.9914995887543434,2.9606847656898245,0.001073646110209825
42.268,-1.9913544095168803,2.967253762916457,0.0009713846271774962
42.288,-1.9909505548369264,2.974518471643911,0.0014656226918501603
42.308,-1.9906178189823045,2.9813022226889925,0.001171171773351548
42.328,-1.990415275323038,2.987766903348743,0.0008559717204357498
42.348,-1.9900194630843906,2.9950940882936683,0.0013816424161788576
42.368,-1.989718625331258,3.002235089414259,0.0013467033721329402
42.388,-1.9894365916191885,3.0086633391732582,0.0008568151022625703
42.408,-1.9890644564601194,3.015595522031814,0.0013038686668409294
42.428,-1.9886217203652101,3.0229644141382668,0.001298482884037111
42.448,-1.9884347109046563,3.029330852260483,0.0010299413032184568
42.468,-1.988126971711528,3.0358715389187023,0.0010045708699834843
42.488,-1.9876272645629802,3.0432571360817406,0.0013574782903833238
42.508,-1.9872767822102926,3.0501271057458896,0.0012733753439215512
42.528,-1.9870071270246525,3.056468311620175,0.0009398917226326464
42.548,-1.9864887827597708,3.0635637437213514,0.0013832705826190006
42.568,-1.9860552482461662,3.070722835036532,0.001347052958351136
42.588,-1.9857814139301977,3.0767975276169643,0.0008198240793915734
42.608,-1.985372164687031,3.0838026018929043,0.0012833485140495426
42.628,-1.9848787904150682,3.090858494321101,0.0014732084823201042
42.648,-1.98448848890676,3.0973678936195133,0.001132156373063492
42.668,-1.9840847590447637,3.1042323838081964,0.0009243560077430435
42.688,-1.983480006758575,3.1114490233742926,0.001558153061025469
42.708,-1.9830220938542316,3.11859800126625,0.0013017842537555724
42.728,-1.9826114850181034,3.124966079307114,0.0009146403607725173
42.748,-1.9820721026782442,3.1320372432208408,0.0013439519901626285
42.768,-1.981579422985952,3.139157693089903,0.0014102353868582773
42.788,-1.9812495776890264,3.14552314439832,0.0009910471344941885
42.808,-1.9808013413438692,3.152442893198152,0.0012220469284429103
42.828,-1.9802195346334075,3.1595744715838134,0.0014986252283949453
42.848,-1.9799055501373741,3.1662227723637013,0.0013432258497187988
42.868,-1.9796184205552179,3.1725144823848406,0.001017732086289136
42.888,-1.9789724040184558,3.1796739769032936,0.0014878251674026177
42.908,-1.9785571398468325,3.1864887748774113,0.0014082558647605936
42.928,-1.9781299026253716,3.192986162124386,0.0009228826818725722
42.948,-1.97751868168212,3.2000594757386027,0.0013931511767045213
42.968,-1.9769883909891952,3.207200355109397,0.0014017316880671205
42.988,-1.9766014225870252,3.2134885272930545,0.0010011630426355056
43.008,-1.9761282002247527,3.2203012999924394,0.001144081267630298
43.028,-1.9754983883497106,3.2275432943450797,0.001395346539545289
43.048,-1.9751535640119127,3.2340984072812167,0.0012644561430420476
43.068,-1.974744995193253,3.2406673237995216,0.0009722944897910812
43.088,-1.9740966984754786,3.2477751956855765,0.0014240292109283237
43.108,-1.9735700526422826,3.254822155352893,0.001372836858195503
43.128,-1.9731267283975453,3.261143085581756,0.0008215639422834708
43.148,-1.9725560947487188,3.2681604061450584,0.001269176753320611
43.168,-1.9719895892352337,3.275260415482627,0.0013373521485784412
43.188,-1.9715176606955658,3.28187835777115,0.0011221355892451768
43.208,-1.9711323252755353,3.2881269278443805,0.0010138985319678995
43.228,-1.9704635813100708,3.2955022220088215,0.0013755368692065784
43.248,-1.970043066426721,3.302198673554951,0.0012644612214713635
43.268,-1.9695120914368756,3.308670858388474,0.0008204425401950044
43.288,-1.968741778910298,3.3157811454844826,0.0013998178357190472
43.308,-1.9680720038288355,3.323066530605217,0.001284233850911698
43.328,-1.9676024696132912,3.3292112687428426,0.000745678476740369
43.348,-1.9669488218354167,3.336039577491923,0.0010975676870559337
43.368,-1.9662282325413176,3.343240758295459,0.0012664810503002777
43.388,-1.9656841947545387,3.349609475646825,0.0009628873751720834
43.408,-1.965102617884443,3.3562600714560493,0.0007573819490874767
43.428,-1.9642591229752304,3.363470091793349,0.0013088858667157088
43.448,-1.9636105663238876,3.3704736948802188,0.0011618849435263978
43.468,-1.9630471596961259,3.3767731187734027,0.0007245814121494276
43.488,-1.9622548952054122,3.3838139985833253,0.0012186360496675985
43.508,-1.9615337746480095,3.390939579275395,0.0012043919060915342
43.528,-1.9609089653939977,3.3973820652720548,0.0008426445068223654
43.548,-1.960253688246506,3.4040477773146662,0.0009732755583710673
43.568,-1.9593949782257454,3.411201434774445,0.0012178477321949932
43.588,-1.9588807331241638,3.4177520184564765,0.001013816906810544
43.608,-1.958239305442609,3.424373392378404,0.0007878023319638217
43.628,-1.957349264151299,3.4314465316727416,0.0012443422338863919
43.648,-1.9566520033344668,3.438371418749741,0.0011693354726225735
43.668,-1.9560865019967217,3.4447233666232275,0.0006873898247095334
43.688,-1.9552785835756914,3.4517196710354794,0.0011750643287700147
43.708,-1.9545023817475695,3.458889563786554,0.0011976981881485493
43.728,-1.9538653176170198,3.4652369960589855,0.000865709351342836
43.748,-1.953221993670066,3.471839005362125,0.0008836597040061678
43.768,-1.95233676178637,3.4789948587845876,0.001238062668712403
43.788,-1.9518135711172626,3.4854162378525615,0.0010768576214270353
43.808,-1.951162041756317,3.4920203338343097,0.0007679424662971335
43.828,-1.9502509002937685,3.499093028503369,0.0013103841712470976
43.848,-1.9494294887046353,3.506211997988705,0.00121104380155726
43.868,-1.9488329503889315,3.512334751283589,0.0007063688875154628
43.888,-1.9480109029099257,3.5192455321556166,0.001114909441614853
43.908,-1.947158613141466,3.526360887729458,0.0012711913140624198
43.928,-1.9464474930429518,3.5329689668992583,0.0010473534811784035
43.948,-1.945817264468831,3.539459946586929,0.0008426450290999477
43.968,-1.9448674551602305,3.54667810714505,0.0013332263183471471
43.988,-1.9443062572290581,3.553225126087073,0.0012111360253883041
44.008,-1.943638221339803,3.5598083706596393,0.0008332396331529601
44.028,-1.9426895317783848,3.5668579560600966,0.0013686593521959334
44.048,-1.9417988181059,3.5739930187485376,0.0013301725008433574
44.068,-1.9410812556107762,3.5803467014576364,0.0009469800661641159
44.088,-1.9402054418564112,3.5871665785737217,0.0011453134590137248
44.108,-1.9393295616569717,3.594245557501567,0.001343643747318407
44.128,-1.9384906040361145,3.6011257463841786,0.0011949671244959326
44.148,-1.9379201425781083,3.6072500397533447,0.0008351304670233817
44.168,-1.9369012506566317,3.6145195670799954,0.0013956637039816422
44.188,-1.9362012265222015,3.6211247348537676,0.0013327580738670963
44.208,-1.9354631818573904,3.6276247863083633,0.000883293446999972
44.228,-1.9344648980571197,3.634652666747553,0.0013544032060364142
44.248,-1.9335478282227734,3.6417687283353852,0.001397059232195491
44.268,-1.9328793785616922,3.6479888854872056,0.001016123396151175
44.288,-1.9320116123671132,3.6548731262501106,0.001156549378993843
44.308,-1.9309658860451344,3.662078432206765,0.0014338310638025153
44.328,-1.930176272250119,3.668699686589733,0.0012861463145726615
44.348,-1.9294411672354954,3.675126562697962,0.0010142141161777474
44.368,-1.9283714304109278,3.682254758690501,0.0014498209762964787
44.388,-1.9274807064875377,3.689142368798348,0.001456344580639507
44.408,-1.9267810627925859,3.695339157517742,0.0009404509820462592
44.428,-1.9257814598684448,3.702376766597198,0.0014352558186603304
44.448,-1.924785535965894,3.709464127634292,0.0014478246778089343
44.468,-1.9241168614434494,3.715774866878871,0.0010667704463611094
44.488,-1.923233894905353,3.72248658081964,0.0011389761474936144
44.508,-1.9222099688164738,3.7295997514537196,0.0014528778040281964
44.528,-1.9213358003006087,3.736283904774351,0.0013094347778114523
44.548,-1.9205493787976158,3.742728376363804,0.0009928499181085237
44.568,-1.9194799288517066,3.74977919418292,0.0014670003756237782
44.588,-1.9185330675551926,3.7568151026757146,0.0014050861400297099
44.608,-1.9177919541127881,3.7629213206208454,0.0007997847315882878
44.628,-1.9168159789469128,3.7698940753714627,0.00128986802330322
44.648,-1.9158474849217795,3.7769879263254476,0.00141709630414108
44.668,-1.9150357964905893,3.783646401006132,0.0011720186518339448
44.688,-1.9142783245236246,3.7900528738692048,0.0010174043545839728
44.708,-1.913234726790191,3.797214745138131,0.0013855967685829917
44.728,-1.9123627115488426,3.8038507885078605,0.0012712283130391078
44.748,-1.9114891219550432,3.8103435605951383,0.000852237253247401
44.768,-1.9104110908216285,3.817399825773634,0.001370801527436627
44.788,-1.909454298850291,3.8244827439591815,0.0013181884325079996
44.808,-1.908600686795006,3.8306647069394124,0.0008334821597204833
44.828,-1.9075984570778615,3.837523655369155,0.0011567810426208192
44.848,-1.9065725909585503,3.8445902642037577,0.0013196747400492093
44.868,-1.9056716387944193,3.851251753360659,0.0011283261443550963
44.888,-1.9049167917182623,3.857545460531315,0.0008634022185703139
44.908,-1.9038009978441035,3.8646390990239867,0.0012804728259180331
44.928,-1.9027890812375172,3.8716067805311347,0.0012240353440773621
44.948,-1.9020762915131886,3.8776518193521485,0.0007548899487562766
44.968,-1.9009872854826162,3.8846655578174887,0.0012797637908977533
44.988,-1.9000006335287967,3.891647861804441,0.0013031722507994559
45.008,-1.8992148270716782,3.897937939401111,0.0007582998129243845
45.028,-1.8981852023477144,3.9048556682143287,0.001060359713506015
45.048,-1.8970699774793771,3.911955978741033,0.0012241943200980987
45.068,-1.8960757958974173,3.918861554855467,0.001069599502695029
45.088,-1.8953437271678388,3.9248903105883874,0.0006873774186760828
45.108,-1.8941265883233305,3.932101045744664,0.0013189992377893867
45.128,-1.8930952299099586,3.93900092427418,0.0012356700610248461
45.148,-1.8921173886209417,3.9452652087346296,0.0006191821281139598
45.168,-1.8909551003923588,3.952248816096755,0.0012692083907814566
45.188,-1.8897355150182897,3.959619782749269,0.0012259472412345096
45.208,-1.888780014048237,3.96593582366213,0.0008938295960189968
45.228,-1.8877217292118424,3.9725105609603015,0.0008963520287906812
45.248,-1.8864641906557096,3.9795700521727038,0.0011962230338288249
45.268,-1.8854141306950034,3.9861705226914728,0.0010377673955528355
45.288,-1.8843938503284219,3.992692885373851,0.0006949993276371136
45.308,-1.8830749572903687,3.999729769239122,0.0012127102062082507
45.328,-1.8818902962995845,4.006758165229883,0.0011457754315309099
45.348,-1.8809222179231955,4.012823756048899,0.0005885516996622098
45.368,-1.8797425024209764,4.019712408876539,0.0011141700990559
45.388,-1.878505606860877,4.026773906861368,0.0012377476057124082
45.408,-1.8775512696477876,4.033143048405515,0.0009533666310044542
45.428,-1.8764947762866833,4.039685799603851,0.0007609898808839943
45.448,-1.8751668917104152,4.046722209179703,0.0013192016741554735
45.468,-1.8740189816807673,4.053678752233361,0.0011460494393037979
45.488,-1.8729963394736036,4.059936235312938,0.0007026978489127478
45.508,-1.8717292662032639,4.066917022337496,0.0011884484891241387
45.528,-1.870525867797104,4.073936426624654,0.0012307903111628271
45.548,-1.8695569835715373,4.080194656240519,0.0007845342348809792
45.568,-1.8684061025894658,4.086963991391166,0.0010969215464615156
45.588,-1.867141215691055,4.094030692964399,0.0013143238880643782
45.608,-1.8662198337598812,4.100357533402889,0.0010428969873309546
45.628,-1.865140213471931,4.107006847192479,0.0008296855217878318
45.648,-1.8638051338584274,4.114064152873625,0.0013438834780882536
45.668,-1.8625899503507601,4.121084395647812,0.0012316074566049995
45.688,-1.8617073415788044,4.127135231194903,0.000802809998055154
45.708,-1.8604338357859123,4.134089814504024,0.0012805983432022938
45.728,-1.8592599960351712,4.1409983680120055,0.0014061988475796705
45.748,-1.858206738577014,4.147430192890642,0.0009272847831884312
45.768,-1.8569905155172386,4.154350996593875,0.0011189612083131462
45.788,-1.8557115239592519,4.1613934255863,0.0013939661734063968
45.808,-1.854492478762987,4.168311794657005,0.0012633996930283276
45.828,-1.8536145911699875,4.174293506216153,0.0009178869746374607
45.848,-1.8522518912593657,4.181397006540304,0.0014108457551722797
45.868,-1.8510572658414906,4.188273799710266,0.001420183996738017
45.888,-1.8500039912716526,4.1944919209538885,0.0008714390010008399
45.908,-1.8486945172152442,4.201462755257033,0.001307621519604063
45.928,-1.8474060974058724,4.208485392412907,0.0014224843306336332
45.948,-1.8463710041375245,4.214650158158872,0.0010795282660052696
45.968,-1.84516458697512,4.221371734906583,0.0011000345151166158
45.988,-1.8437794666765444,4.228466424336259,0.0014135058606455364
46.008,-1.8426572202518692,4.23505138078439,0.0012875729099910416
46.028,-1.8415067505849143,4.241723907786357,0.0009387374908122748
46.048,-1.840121938560537,4.248747105828355,0.0014651963080740682
46.068,-1.838825325134102,4.255792161381993,0.0013856715400007158
46.088,-1.8377158957283077,4.262121514644021,0.0009805276421236686
46.108,-1.8365163592865255,4.268763754060342,0.0013073566475526044
46.128,-1.8351834619446317,4.275837944426792,0.0015099196059517594
46.148,-1.834085272384388,4.28207105239457,0.0011304801193169067
46.168,-1.8328418495469145,4.288852396856887,0.001022035619338696
46.188,-1.8313419182110013,4.295922089747182,0.001443660000948116
46.208,-1.8300270121249567,4.302937832080745,0.0012901011905416537
46.228,-1.8289695443660992,4.309044470826058,0.0009266516816207604
46.248,-1.8275478951260042,4.31600469396334,0.0014039551540418749
46.268,-1.826249635261364,4.322855683665053,0.0014360839841130735
46.288,-1.8250576351310086,4.329254849945253,0.0008896604205630709
46.308,-1.8236945786206884,4.336191046877234,0.0012280390857244416
46.328,-1.8222255796066198,4.343200024693255,0.0014023069835624458
46.348,-1.8209083395046477,4.350166027073662,0.0011798218772409441
46.368,-1.8199057496515019,4.356267755250984,0.000894852688838571
46.388,-1.8183904866969307,4.363389694165607,0.0014388614556799795
46.408,-1.8170491191590374,4.370217572014335,0.001362788093101308
46.428,-1.8157423610113288,4.376564186240675,0.0008041338350485427
46.448,-1.814260214863518,4.383450775006205,0.0012572589835880554
46.468,-1.8127941649415489,4.3904985678381445,0.0013002252477935516
46.488,-1.8114643518665328,4.39704042437323,0.0010296964674149922
46.508,-1.8102346850554663,4.403305432525371,0.0010721845364527194
46.528,-1.8086348479125176,4.410509710444245,0.0013102514977874902
46.548,-1.8072416946942067,4.4170539513641796,0.0012433780491073743
46.568,-1.8059233874083016,4.4232501881105195,0.0007580734170184733
46.588,-1.8042333113181286,4.4304062076578585,0.001462007368016438
46.608,-1.8026200794490692,4.437561679639496,0.0012942632762201756
46.628,-1.8011751058094108,4.443794953628493,0.0008010846347122624
46.648,-1.7996736082749123,4.450296621910068,0.0011663718816713187
46.668,-1.7978899775459043,4.457584378881509,0.0012615507406258664
46.688,-1.7965779139687112,4.463870669762889,0.0009039810361780865
46.708,-1.795027686799125,4.470329706548394,0.0008539327015245068
46.728,-1.7932145590266326,4.477402751382584,0.0011998018565201607
46.748,-1.7915474550220516,4.484145984565075,0.001139464682347574
46.768,-1.7902266061381769,4.490107238542489,0.0007349764012594129
46.788,-1.7883973335542998,4.496972327763522,0.0012433150222240785
46.808,-1.7866656587774434,4.503920444004869,0.0011679606305308177
46.828,-1.7851430961063404,4.510147914793958,0.0007279874649172013
46.848,-1.7834291734018144,4.51693902137187,0.001054839076802233
46.868,-1.7816580634290864,4.523821421516668,0.0011880569815308495
46.888,-1.7800326323505076,4.530437612337526,0.0010092360686674573
46.908,-1.77861967621933,4.53660841523726,0.0007234352893026874
46.928,-1.7767616211864112,4.543551857737711,0.0012991519662947926
46.948,-1.7751933113986478,4.550186303559648,0.0012592750313998868
46.968,-1.773899620912283,4.556125968188612,0.0006624708790989031
46.988,-1.7720646914331932,4.563023879739781,0.0011952700886909418
47.008,-1.7702744954703147,4.570004526973548,0.0011998066457352685
47.028,-1.7687477357354557,4.576019997756161,0.0007588331787489466
47.048,-1.7669877332575306,4.5827148689021575,0.0009915683184337776
47.068,-1.765116700017875,4.5896615588170695,0.001255044410438999
47.088,-1.7636655030883583,4.595923803120728,0.001016161649152053
47.108,-1.7619479290836062,4.602571931989094,0.0007527317019375979
47.128,-1.7599962508015372,4.609477261481701,0.0012721857787827417
47.148,-1.7581772636427384,4.6163568063073965,0.0011758987532957677
47.168,-1.7566556455635516,4.622427176065675,0.0007197077474847269
47.188,-1.7548667635385766,4.629127942700314,0.0012476696741160753
47.208,-1.7529894849953245,4.635998906324984,0.0013494200782303845
47.228,-1.7512765111018866,4.642349116973842,0.0009289421804702935
47.248,-1.7494483175509272,4.648988001818085,0.0009934839087667735
47.268,-1.747452380578716,4.655946514636821,0.0013130514588090003
47.288,-1.7455821053086102,4.6627628423581235,0.0011882584502482807
47.308,-1.7440540804606532,4.668685568390657,0.0008801009328518183
47.328,-1.742056467141196,4.675542044664903,0.0013931323840723764
47.348,-1.7402892512198018,4.6822429361137,0.001366886937041567
47.368,-1.7385334884154662,4.688546855548874,0.0007770758293985658
47.388,-1.7365978692433373,4.695309750400436,0.001285097074513214
47.408,-1.7345687047702003,4.702230216350737,0.001388828509412049
47.428,-1.7327440418242976,4.708627040481783,0.001146194387376731
47.448,-1.7310313895589364,4.714811405101996,0.001002528218690929
47.468,-1.72887309081867,4.721875469350816,0.0014524542038726052
47.488,-1.7270536513431949,4.728408721848332,0.0013614482253402616
47.508,-1.725185871142843,4.73450942053403,0.0009366327695838894
47.528,-1.7231005929018237,4.741308436485042,0.0014944445651290383
47.548,-1.721069939632212,4.748189073804977,0.0014444195033533613
47.568,-1.7194606352500663,4.754181129570311,0.0009572886234432421
47.588,-1.717539141350866,4.760752099754273,0.0012572100718288848
47.608,-1.7154275878563299,4.767641089246669,0.0014295636563829706
47.628,-1.7138524928859225,4.773860725107386,0.0011796265262183636
47.648,-1.7119465112219214,4.780384601716874,0.0009590372660665814
47.668,-1.7097572907229732,4.7872970450592405,0.0014721524157752242
47.688,-1.707701772043895,4.794136691591538,0.0013365368624328744
47.708,-1.706074149670133,4.800023242376041,0.0008875243172171143
47.728,-1.7040000929164256,4.8067572668107355,0.001393367263921863
47.748,-1.7019046334287586,4.813617704489381,0.0014207699578281385
47.768,-1.7001430859179665,4.819584625551032,0.0010101605460654806
47.788,-1.6981227593042245,4.826119053790378,0.0011897073465982066
47.808,-1.6958931169591065,4.833023326944877,0.0014894543807252858
47.828,-1.6941438196748915,4.839308186921872,0.0012534265653247056
47.848,-1.692297667092979,4.845648207817738,0.0009283588573997248
47.868,-1.6900233518049883,4.852476492577605,0.001433063869515222
47.888,-1.6878954697434245,4.85928797454149,0.0013406913291567901
47.908,-1.6861435009571668,4.8650552653134005,0.0008427295698646142
47.928,-1.684022458815966,4.871725474484389,0.0013554450867238887
47.948,-1.6817982265414113,4.878705804109661,0.001414070501938508
47.968,-1.6800203977355794,4.884624952599434,0.0010215332428738233
47.988,-1.6779641223937343,4.891093138079788,0.0010188556599881882
48.008,-1.6757170642456332,4.897949995014739,0.0013479434066488438
48.028,-1.673699756350862,4.904329594165438,0.0012780893239472124
48.048,-1.671821116137101,4.9104198982963965,0.0008786790018902868
48.068,-1.669538214577853,4.917179861681664,0.0014180753276487879
48.088,-1.6673056599194893,4.924015471557139,0.0013035979256898755
48.108,-1.6653774987096144,4.930158598401486,0.0008824593064191699
48.128,-1.6631884495104878,4.936732570541782,0.0011446384759028205
48.148,-1.6609745988218099,4.943497055307342,0.0012953940715017542
48.168,-1.6590105157143542,4.949686485280108,0.0010449270486497797
48.188,-1.6570585303352707,4.955887659765067,0.0008060804607207817
48.208,-1.6546995494001728,4.9626967526109445,0.0012390215043355801
48.228,-1.6526246711931105,4.969247712150546,0.0012184134926570556
48.248,-1.650733865801352,4.975217935817841,0.000736031403786086
48.268,-1.6483900140014198,4.981929459799573,0.0012377257492353078
48.288,-1.646177374998333,4.988743823505902,0.0012105793839271295
48.308,-1.6443076859774677,4.9946857640895255,0.0007916853172156846
48.328,-1.6420876447657886,5.001356080406996,0.0009932622040608463
48.348,-1.639743366972904,5.008199331639427,0.0012223035744769184
48.368,-1.6376086350127095,5.014594500041914,0.0010035450676212088
48.388,-1.6356208163923396,5.020756447335618,0.000726753106006367
48.408,-1.6332335195625574,5.0275863321590615,0.0012879779106958478
48.428,-1.6311108601027746,5.034137888170144,0.0012142929981572848
48.448,-1.6291700213909743,5.040131358967537,0.0007204339213587874
48.468,-1.6268184759594986,5.04682539356366,0.0011659643758049898
48.488,-1.6245341161933917,5.053581761706975,0.0011768644283847718
48.508,-1.62259411210754,5.059477894255348,0.0007504608523641043
48.528,-1.6204223151280788,5.066013666398659,0.0009443421490069048
48.548,-1.618029733434792,5.07281363778752,0.0013015377572467013
48.568,-1.6158319665788237,5.07929236769985,0.0012037405964195613
48.588,-1.6137900733505617,5.085399518111447,0.000899397546067271
48.608,-1.6113958570266402,5.092088772618455,0.0014459151316618957
48.628,-1.6089519891881503,5.098917773393255,0.0013471089951567483
48.648,-1.6069345842735785,5.104872591650102,0.000737417109824251
48.668,-1.6046056308541272,5.111354551041081,0.001231663852884618
48.688,-1.602161996370504,5.118055643251472,0.0013779553968017721
48.708,-1.5999669295702594,5.124242736411159,0.0008865587350435078
48.728,-1.59762089927699,5.130732548437826,0.0008835663973863761
48.748,-1.5950479201948198,5.137459526214785,0.0012921615359157146
48.768,-1.5926703390529546,5.14401852969242,0.0011805521349808057
48.788,-1.5905969968040752,5.149852723910634,0.000824523643159214
48.808,-1.588007634600999,5.156491273031254,0.001358663484496897
48.828,-1.5856013087101013,5.162969362907351,0.001333191047509924
48.848,-1.5833504402602703,5.169070760373439,0.0007587977845685268
48.868,-1.580910499123155,5.175582409379071,0.0011891299228013463
48.888,-1.5782949638703379,5.1823815512027664,0.0013262036175704928
48.908,-1.5760469413747005,5.18853671664156,0.001156429533922615
48.928,-1.5738896475604585,5.194512510816421,0.000919064498534905
48.948,-1.5712385966716829,5.201238051509635,0.0014051248392855653
48.968,-1.5687765421092497,5.207830037897273,0.001290855819285619
48.988,-1.5666185804415766,5.213724324988436,0.0008983893608038307
49.008,-1.5640218904395986,5.220331509571212,0.0013764277366621336
49.028,-1.5615174596256054,5.226967256570215,0.0013981899000002074
49.048,-1.559184098665901,5.23298652252529,0.0009052391458092557
49.068,-1.5566515260180755,5.239575598869609,0.001206779589631557
49.088,-1.5540351757103052,5.246232373105666,0.0014082607770599942
49.108,-1.5515311409403343,5.252845969509282,0.0012073434403113148
49.128,-1.5494878893631312,5.258621146245822,0.0009485779236636793
49.148,-1.5468016006210976,5.265374560358962,0.001569250776076614
49.168,-1.5443027176235777,5.271855785887355,0.0014625723048077854
49.188,-1.5421231040807943,5.277732541770988,0.0009041683403428202
49.208,-1.539521883533137,5.284287516826944,0.0015085659531806628
49.228,-1.5367209292258373,5.291256382292406,0.0014574831367547836
49.248,-1.53456382843302,5.297042346320776,0.0010622064825485389
49.268,-1.532198375978919,5.303149826611162,0.0012036285358947296
49.288,-1.5293020787552294,5.3101337637507555,0.0014426215397208841
49.308,-1.5267617067024322,5.31643554864628,0.0013142792925585067
49.328,-1.5244373835483764,5.322354340375135,0.0010181454100634812
49.348,-1.521642076996548,5.328924768753869,0.0014160924107055883
49.368,-1.519023519497986,5.3353598491836305,0.0014342278293474064
49.388,-1.5164650342905064,5.341396731271534,0.0008769384023626925
49.408,-1.513669246398618,5.348059045394567,0.0013520181919973728
49.428,-1.5109555653906959,5.354540538376366,0.0014188598560871402
49.448,-1.5083929569044219,5.360880281236703,0.001188538025974628
49.468,-1.5060832784941727,5.366721899337999,0.0010694620323806192
49.488,-1.5032143841127328,5.373492163127047,0.0014294924990098101
49.508,-1.5009389954122645,5.379575612600773,0.0012626480713496258
49.528,-1.4983860949014056,5.38581455482733,0.0009152722820118808
49.548,-1.4955731480627512,5.392370582240358,0.0014183522965186268
49.568,-1.492818336069587,5.398985329324093,0.0013347085839906514
49.588,-1.4904964343502405,5.40467769735747,0.0008060020657421341
49.608,-1.4878200707603002,5.411097690394571,0.00115534966466746
49.628,-1.4850464228893177,5.417686703630631,0.001348755160767684
49.648,-1.4826053125069583,5.423558235673049,0.0010527679867162187
49.668,-1.4800099197677952,5.429798666821708,0.0008755731448434612
49.688,-1.477099931736536,5.436405761484519,0.0014518786329896227
49.708,-1.4743726701562911,5.442910322124498,0.001264521169714039
49.728,-1.4719559092664867,5.448648735208411,0.0007879776046303966
49.748,-1.4691185171103607,5.455160219681325,0.001274340044026323
49.768,-1.4663398989522085,5.461719883097477,0.0012667296675152873
49.788,-1.4638898396443087,5.467491309897231,0.0007992296603990257
49.808,-1.4611294454114214,5.47389346629046,0.0010579122632206062
49.828,-1.4582724301544576,5.4804535185692345,0.0012767844403110962
49.848,-1.4556095244960827,5.4868119068918135,0.0011516356573721964
49.868,-1.4533500302725968,5.492365810410514,0.0007283570992266397
49.888,-1.4503664817783883,5.499047437906806,0.0013079464240909888
49.908,-1.447714834724848,5.5054154442171495,0.001295436026003599
49.928,-1.4454439656126812,5.511096553909801,0.0006892431142411504
49.948,-1.4425669881236354,5.517512214096645,0.001207309614529195
49.968,-1.4396493074284318,5.524143561972059,0.0012283309699323286
49.988,-1.4371470007885774,5.530038723188414,0.0008844006999827458
50.008,-1.4344490962371852,5.53620664021945,0.0008811784384478993
50.028,-1.4315426719300934,5.5427406732723945,0.001206548245668848
50.048,-1.4287833433294548,5.549051549828055,0.0011114158793841256
50.068,-1.426408444711274,5.554770618891534,0.0007482642142419837
50.088,-1.4234588565947452,5.56124817890247,0.0012191845406400448
50.108,-1.4207662112290051,5.56756151234156,0.0012679649309388363
50.128,-1.4182828357006343,5.57338401062947,0.0006003133996673737
50.148,-1.4154313309437168,5.579830812549338,0.0010920339264221257
50.168,-1.4125189540899292,5.586390806125354,0.0012093291397451689
50.188,-1.40980888186929,5.592547296833345,0.000986111777155213
50.208,-1.407313307113311,5.598442222373983,0.0007889476047289179
50.228,-1.4043068308442095,5.604937080582933,0.0012348701698204345
50.248,-1.4016577396277576,5.61109877263431,0.0011227809742074546
50.268,-1.3990285856203735,5.617145625005407,0.0007516464135968182
50.288,-1.396064411648776,5.623609097168574,0.001274203814361885
50.308,-1.3931765559497902,5.630125348346375,0.0012297829447278086
50.328,-1.3905650489427266,5.635996716474069,0.0008749261896484339
50.348,-1.3878791004695696,5.64206921388571,0.001088142436804801
50.368,-1.3848667082544144,5.648806686686127,0.0012558767352054412
50.388,-1.3822691780494891,5.6546639851343965,0.000988037449522472
50.408,-1.3795462515583121,5.660906084177256,0.0008253227105892436
50.428,-1.3764752802474935,5.667394637315617,0.0013302909772014149
50.448,-1.3735595204952253,5.673896412518339,0.001201294687701443
50.468,-1.3710231110098072,5.679563302995672,0.0008270994566178524
50.488,-1.3680455437876566,5.68599222049183,0.0012840443046957528
50.508,-1.3651344083080896,5.692346594550264,0.0014082861712354788
50.528,-1.3623951699386185,5.698321559977032,0.0009349783107885368
50.548,-1.3596162530699056,5.70441688733364,0.0011794245023340477
50.568,-1.3564154145255496,5.711176921468511,0.0014150658669811467
50.588,-1.353600892412618,5.717400680439131,0.0012375387227556711
50.608,-1.3508482639590191,5.723195902834349,0.0009106064266515834
50.628,-1.3477319717328187,5.7296217653713,0.0013892605903340627
50.648,-1.3447932213613494,5.735961589695348,0.001418014087859798
50.668,-1.3421796620057898,5.741623677587001,0.0009171061044051521
50.688,-1.3391307913730504,5.7480304732541345,0.0013722265670499945
50.708,-1.3360418136778114,5.7544819685781405,0.0013969849198237627
50.728,-1.3334180336801482,5.760400177665827,0.001204937485188573
50.748,-1.330930982533028,5.766015637088769,0.001107310310202142
50.768,-1.327689176578583,5.772711622518998,0.001548688282658084
50.788,-1.3248515680635076,5.778964526602881,0.0013782511466517433
50.808,-1.3223175535758582,5.784700666129498,0.0010116853873552434
50.828,-1.31926583091704,5.790912562205232,0.0014254068858598756
50.848,-1.3163900309548924,5.796882965095989,0.0013996297271595404
50.868,-1.313898487987817,5.802108741113899,0.001065210789513743
50.888,-1.3112208915785712,5.807817350919735,0.0010521498925429862
50.908,-1.3085420163717123,5.813044041368087,0.001380211403788384
50.928,-1.3060887050594983,5.818041363867723,0.0013398566102446052
50.948,-1.3036668915728113,5.822940513249676,0.001216451774437688
50.968,-1.3010883328594496,5.82800173225283,0.0012762135395846808
50.988,-1.2984755778282564,5.8329083058548346,0.0010987601776190625
51.008,-1.2958023788839603,5.8379755434464355,0.00108367104044782
51.028,-1.2933184250928789,5.842809873433135,0.0013210940641425473
51.048,-1.29066433481181,5.8476636064366545,0.0014496773947530461
51.068,-1.2879132045211188,5.852563821990954,0.0012448949248828889
51.088,-1.2850662106714124,5.857492493729487,0.0007066146096616488
51.108,-1.2822742626613965,5.8625207085869535,0.0012450568772444937
51.128,-1.279420435530567,5.867494072636034,0.0014307991607088455
51.148,-1.276676129985732,5.872188767233573,0.001355934270895115
51.168,-1.2741306259103968,5.876623032475167,0.001141782198656155
51.188,-1.2711819050034552,5.8815199706479255,0.0010509048442990665
51.208,-1.2682543971289941,5.886248801230846,0.0012925464427430422
51.228,-1.2653972306924464,5.89091842465848,0.0011278208561049663
51.248,-1.2624920075533264,5.895772042784113,0.0013283938095839665
51.268,-1.2594200077872721,5.900525433805945,0.0013130737063526132
51.288,-1.2564645310088887,5.905059627666184,0.0009111485697216593
51.308,-1.2533384513794186,5.909861642762553,0.0009862296805354387
51.328,-1.2503169699854382,5.914632209596571,0.0014197685342720312
51.348,-1.2473917168108106,5.918919306101243,0.0013553056251537354
51.368,-1.2441932474567892,5.923567252817302,0.0010194549657338015
51.388,-1.2410021368482584,5.928314984728827,0.0008382519046207515
51.408,-1.23768094199981,5.933006431204043,0.0012190419985791123
51.428,-1.2343984650690762,5.9377184127913845,0.001259020006147915
51.448,-1.231489049053374,5.941802975580365,0.0010066750752183995
51.468,-1.228298067476583,5.946411086729321,0.0011194026052016026
51.488,-1.2249601889194273,5.950816306095399,0.00093587059147765
51.508,-1.221558483816525,5.955334399527414,0.0010240619591658229
51.528,-1.2183075015493627,5.959809391382389,0.0010438158342683246
51.548,-1.2149085004041922,5.964333439248823,0.0012272441561534952
51.568,-1.211622831456654,5.968573949162436,0.001112967848259372
51.588,-1.2081170824322423,5.972956419305258,0.0005991459592211146
51.608,-1.2046307490879435,5.977485713344877,0.000984155530458608
51.628,-1.2012057208031448,5.981780505780482,0.001181363315612416
51.648,-1.1980249867862909,5.9856944587572976,0.0011513643993430467
51.668,-1.1953240971008336,5.9889483655744495,0.0008677535312864859
51.688,-1.192729436592657,5.9921730248784195,0.0007938866967145963
51.708,-1.190253943755984,5.995053630501362,0.0008078358120921503
51.728,-1.1880067988522782,5.99763589193505,0.0008983786260287896
51.748,-1.1861194927356993,5.999844146489095,0.0009467598050021953
51.768,-1.1843431432022724,6.001888785816344,0.0008849667306619069
51.788,-1.1826871769873866,6.003698422302799,0.0007256359082138675
51.808,-1.1811850958531718,6.005445171835805,0.0008824581703768541
51.828,-1.179814310609772,6.0069127352748986,0.0010373053710759639
51.848,-1.1783044356828056,6.008505003367873,0.0011138452152930078
51.868,-1.1767549788997347,6.010080439747022,0.0011042974876327993
51.888,-1.17520029551839,6.011596851368709,0.001015614693541056
51.908,-1.173714189626597,6.012978329096165,0.0008522343343896344
51.928,-1.172101644460726,6.014632711493598,0.0008927052316642647
51.948,-1.1702230278165249,6.016398131005647,0.0010553776201184528
51.968,-1.1678943892304847,6.01853470086503,0.0011258427815496186
51.988,-1.1651750413840065,6.020944607675518,0.0010268422525231413
52.008,-1.1622187198432397,6.023455562785259,0.0007142418275806472
52.028,-1.1590423515768704,6.026365070265196,0.0007611083791323747
52.048,-1.1555349971425977,6.029203730537609,0.0007398640989136895
52.068,-1.1517311525166616,6.032361089505093,0.0008336686804180371
52.088,-1.1477939398563124,6.035613672839492,0.0007408902958331298
52.108,-1.143653476586528,6.039047685911458,0.0010379732625532267
52.128,-1.1396041274337394,6.042268331228417,0.0010348169358806725
52.148,-1.1351641177088123,6.0457240928821125,0.0006446155943485854
52.168,-1.1307003610077548,6.049219439553686,0.0006814783550562198
52.188,-1.126209240507558,6.052688568559891,0.001021581141073008
52.208,-1.1217171428506407,6.056099314527734,0.0010418034822793631
52.228,-1.1176101590759415,6.059121791067942,0.0008643114241208005
52.248,-1.113670907858074,6.062119610823668,0.0007559433440229857
52.268,-1.1091922592739738,6.065329205061189,0.0009559575168715251
52.288,-1.1047519705882167,6.068577549412465,0.0009661402383513706
52.308,-1.1002490013942816,6.071832522563259,0.0009119789083006369
52.328,-1.0956494592881318,6.075110107368586,0.0010428737030417634
52.348,-1.0911983019525455,6.0781565802772475,0.0009038617413305583
52.368,-1.086485487598184,6.081287971955722,0.0007408041067970272
52.388,-1.0818842333430074,6.084569082391686,0.0010975826490958462
52.408,-1.077242790270263,6.087698822719555,0.0012716424115951919
52.428,-1.0727921321173821,6.090605948043019,0.0011801425519258613
52.448,-1.0682819915432282,6.093585790192178,0.0005790066666972182
52.468,-1.0634950679033666,6.09675109082972,0.0009565475209360463
52.488,-1.0587110395597235,6.099869187740583,0.0011578516152144225
52.508,-1.0541611455408852,6.1027311935872754,0.0011806833175266596
52.528,-1.0497766389715213,6.105521398248624,0.0010549332052965932
52.548,-1.044872311421334,6.1085602776461,0.001021876066558819
52.568,-1.040112997720196,6.111347031131016,0.0010854954150529006
52.588,-1.0354040409884264,6.1142613578798946,0.0009898400964587772
52.608,-1.0306479043380672,6.117213582000679,0.001211741961404611
52.628,-1.0259254848338046,6.119950577575626,0.0012789428171052775
52.648,-1.021066177909213,6.122760856905704,0.0010168026216609838
52.668,-1.0160890611753526,6.1255029647226475,0.0007396304629969375
52.688,-1.0112209684570803,6.128396722446004,0.001266453372359727
52.708,-1.0062550594190638,6.131161637383215,0.0013879906703062883
52.728,-1.0018434290007288,6.133523147960146,0.0011738105903164875
52.748,-0.9969576314476865,6.136238668904702,0.001036841540136585
52.768,-0.9918745692021971,6.138910605156692,0.0013293123887667124
52.788,-0.9869474142116834,6.141495335509476,0.0014080068065478735
52.808,-0.982323476598099,6.143888283908834,0.001167554526857545
52.828,-0.9773583897722621,6.146543751284489,0.0013009005647880711
52.848,-0.9722592844402744,6.149022625661976,0.0012998538166421325
52.868,-0.9674640485036283,6.1513020597674215,0.0011823953326640102
52.888,-0.9624801215250888,6.153828160046273,0.001183886299890552
52.908,-0.9573551546632768,6.15634284869911,0.0014888052297086785
52.928,-0.9524849543268435,6.158593518888196,0.001467212864987577
52.948,-0.9473310907525195,6.160939650437322,0.00106597318969337
52.968,-0.9421619829656376,6.163344863649181,0.001130866528284924
52.988,-0.936938987821856,6.165748204798803,0.0014563851943579509
