timestamp,x,y,z
5.2940000000000005,1.992308871555313,0.00021838123916168776,0.001221533202090258
5.314,1.9923097514630188,0.00022240159159857506,0.0012200334159061799
5.334,1.9923080889833533,0.00022214821944072034,0.0012213814446801474
5.354,1.9923067429400927,0.0002224794501268443,0.001220275140450422
5.374,1.992306241302196,0.00022490287595678592,0.001220015668553287
5.394,1.9923036181185811,0.00022479926353961876,0.0012176793955125664
5.414,1.992305126360175,0.00022501751251968863,0.00122177117595898
5.434,1.9923012335685664,0.00022449381709796953,0.0012187037287586522
5.454,1.992302501951665,0.00022662408356925376,0.0012216788743902862
5.474,1.9923016480186366,0.00022760792410579637,0.0012216404684790294
5.494,1.992299568117511,0.00022777867452036858,0.001221087441542451
5.514,1.992300550894563,0.00022997881050015287,0.0012207206439140694
5.534,1.9922993578298835,0.00023097994822288582,0.001212427536231464
5.554,1.9922993962243454,0.0002304310363727337,0.001220561159998551
5.574,1.9922978786286953,0.00023167070828397323,0.0012212160148378226
5.594,1.9922948014475415,0.00023088686842769775,0.0012221039751359464
5.614,1.992294062189966,0.00023286807316565196,0.001212351869178202
5.634,1.9922925387637025,0.00023295414078618995,0.0012208210554980614
5.654,1.9922929796834097,0.00023424559896650005,0.0012208051412004317
5.674,1.9922917507157105,0.0002359251945759639,0.0012214908616775821
5.694,1.9922904772301622,0.0002365315759543112,0.0012219465621068626
5.714,1.992289902045332,0.00023816318772796363,0.001222187160576177
5.734,1.9922895515573442,0.00023861038072478709,0.0012221191533184905
5.754,1.9922870795117689,0.00023865671091070488,0.0012209765979911136
5.774,1.9922854343903003,0.00024019425672065236,0.0012217107293681917
5.7940000000000005,1.9922842352689305,0.00024071888146831686,0.0012221447584948308
5.814,1.992283664152868,0.00024238049755035638,0.0012223841381515665
5.834,1.9922820846719862,0.0002443374483483831,0.0012197100754536006
5.854,1.9922830399386173,0.00024306951140056255,0.0012205350025069062
5.874,1.9922807712436241,0.0002430215962795655,0.0012206023753169037
5.894,1.9922806387748513,0.0002444916764662115,0.0012225610893268901
5.914,1.9922739142064136,0.0002446254456002398,0.0012208153477188122
5.934,1.99227319036616,0.00024587041502176704,0.0012224708051914723
5.954,1.992273859817536,0.0002481224160312285,0.0012226743102264903
5.974,1.9922734953731953,0.0002484818870388851,0.0012185770001736373
5.994,1.9922714984825594,0.00024907706596312255,0.0012228129149982614
6.014,1.9922726591131719,0.0002499846719452918,0.0012226465280846255
6.034,1.9922706689348952,0.0002507666185394712,0.0012225315935938397
6.054,1.9922689657455182,0.00025179480770720294,0.0012230011656843842
6.074,1.9922734623002079,0.0002515863117954803,0.0012228453773496517
6.094,1.9922735472232767,0.00025154612599485545,0.001222787526970387
6.114,1.9922714754297608,0.00025213301668764246,0.0012229161991736126
6.134,1.9922726874051262,0.00025629124050184583,0.0012227180159568307
6.154,1.9922750009988504,0.0002574249102683308,0.0012230246762719166
6.174,1.9922725611137844,0.00025766793845532023,0.001222816420830386
6.194,1.9922716492156576,0.00026015226653622244,0.001220349193985365
6.214,1.992271861511243,0.0002582060020271995,0.0012233689539424275
6.234,1.9922707905147954,0.0002619620507776829,0.0012211970647615644
6.254,1.992273301080006,0.0002642832590323791,0.0012206873105185534
6.274,1.9922699213383583,0.0002634496877178687,0.0012231404277457114
6.2940000000000005,1.9922705866602513,0.0002660712813332183,0.0012231118407531882
6.314,1.9922673162311875,0.0002681315590290224,0.0012234575783184043
6.334,1.9922647981599253,0.0002700291248744134,0.0012217147745239298
6.354,1.9922659381369352,0.00027181118114491206,0.001223409638183126
6.374,1.9922688485175195,0.000275291518696716,0.0012233491633714677
6.394,1.9922689451124758,0.0002752219839214369,0.0012233053259875226
6.414,1.9922663840170352,0.00027612678806052636,0.0012232944698912507
6.434,1.992266764041725,0.000273979323067741,0.001222028482567028
6.454,1.9922633280630782,0.00027966730278185026,0.0012176913745060303
6.474,1.9922680559270765,0.0002800556514089653,0.001223571723947936
6.494,1.9922647099775908,0.00028050238006073914,0.0012236608762879186
6.514,1.9922641906778018,0.0002834069481116088,0.0012236260393380105
6.534,1.9922602626488684,0.00028423463348105924,0.0012219356195042885
6.554,1.9922603396942031,0.0002869098153079484,0.0012164327727367252
6.574,1.9922590068487354,0.0002895511515995833,0.0012238048548906255
6.594,1.9922612584815438,0.000293399634169944,0.0012236515366402245
6.614,1.9922621157186267,0.00029409138434185046,0.0012236633109755646
6.634,1.9922601424728912,0.0002933014916132073,0.0012239730798055681
6.654,1.992259661154949,0.0002920918989561878,0.0012241179289640136
6.674,1.9922563983949382,0.0002953302669334545,0.0012238270475007917
6.694,1.9922574498685537,0.0002983353947257603,0.0012228371365231028
6.714,1.9922562526077512,0.00029973730953301555,0.0012145325494785364
6.734,1.9922551423314434,0.0002989199323385401,0.001224976148472362
6.754,1.9922567502115978,0.0003017950635419257,0.0012239199862227046
6.774,1.9922524207028267,0.00030216045768456656,0.001224154167379865
6.7940000000000005,1.9922537631639265,0.00030267867452948274,0.0012231465866997526
6.814,1.9922529569806682,0.0003041869825940816,0.0012243572358656973
6.834,1.9922535651047875,0.0003049980076484024,0.0012238250052511723
6.854,1.9922524706482154,0.0003062770139201247,0.001225030967683477
6.874,1.992254601727669,0.00030932902861237154,0.0012225638862391197
6.894,1.9922572474870293,0.000312203013859334,0.0012218051037514721
6.914,1.9922538878728342,0.00031135526056592585,0.001224261179992997
6.934,1.9922513055134552,0.0003111475770270597,0.0012246059943825105
6.954,1.9922499344665905,0.00031145189134477996,0.0012246543183772884
6.974,1.9922474277586948,0.00031571205212918465,0.0012205693532758854
6.994,1.9922393656384423,0.00031568093100889626,0.0012241056660783622
7.014,1.9922428097080296,0.0003159334175998921,0.0012232770593103848
7.034,1.9922399502341568,0.0003177880129603377,0.0012246025319192777
7.054,1.9922397146131312,0.0003185642830605494,0.0012245235741432658
7.074,1.9922380256210361,0.00031802585179424754,0.001222105429125514
7.094,1.9922348388577702,0.00032033548313084673,0.0012248986062783074
7.114,1.9922271971961658,0.00032275429761489607,0.001222915551288728
7.134,1.9922260761050392,0.00032483178777801565,0.0012246793596795702
7.154,1.9922271420538868,0.0003256191298072922,0.0012246803285236862
7.174,1.9922251853550756,0.00032483011420026255,0.0012249892968972942
7.194,1.9922254807620356,0.00032952289318084537,0.00122369978767492
7.214,1.9922279366003992,0.00033330403668007367,0.0012232896074844957
7.234,1.9922293128473822,0.00033332866676261873,0.001224970441182166
7.254,1.9922273741136403,0.00033177451511768,0.0012227693723018962
7.274,1.992227786796496,0.0003355864178802385,0.0012236633702177313
7.2940000000000005,1.99223059095768,0.00033918142003525796,0.0012236363088322377
7.314,1.9922304916533438,0.00034112945349638435,0.0012241193920808913
7.334,1.99222927293163,0.000341174800807376,0.001225702330028472
7.354,1.9922304027736173,0.00034475008969822064,0.0012245342684686633
7.374,1.9922332747838256,0.000348034312616211,0.0012246523319731362
7.394,1.9922325437457522,0.00034725461954504994,0.001223802569761262
7.414,1.9922308349567528,0.0003486587329972937,0.001224551522784889
7.434,1.9922307462447322,0.0003473350923750549,0.0012255329448742358
7.454,1.9922277031750393,0.00034999550907524244,0.001225615842683464
7.474,1.9922304070456225,0.0003539511739041029,0.0012235605713815656
7.494,1.992228502667941,0.000353572795408113,0.0012214242624518368
7.514,1.9922279834334427,0.00035399113905434145,0.0012245726281413516
7.534,1.9922299447847667,0.0003583202347749437,0.0012253552603568307
7.554,1.992232428735192,0.00035989868414711373,0.00122399537409551
7.574,1.9922298182932419,0.0003579464241297039,0.0012236299580492827
7.594,1.9922305163889618,0.00036239715055827394,0.0012254213454346574
7.614,1.9922267246897523,0.000363672611864893,0.0012258491766865276
7.634,1.992226631757086,0.0003656319519595775,0.0012255284229585606
7.654,1.9922258986982109,0.0003683883232930763,0.0012250364876698339
7.674,1.9922287476998803,0.0003716593894231572,0.0012251697712330478
7.694,1.9922280234705416,0.0003709090304722755,0.0012243158967804868
7.714,1.9922263253279449,0.0003723297624101115,0.0012250698482626776
7.734,1.9922262386684575,0.00037100002936746963,0.0012260527691325407
7.754,1.9922232852690702,0.000373681104564751,0.0012261464310282522
7.774,1.99222425759521,0.00037858242511213736,0.0012244714929885714
7.7940000000000005,1.9922227721594652,0.0003785656690297398,0.0012258394820996998
7.814,1.992221549650972,0.0003786772104130499,0.0012247015283701201
7.834,1.9922210771961402,0.0003811870251137301,0.0012244437042899792
7.854,1.9922201245894464,0.0003802321510894146,0.0012260551299728695
7.874,1.9922202723552203,0.0003823063662469324,0.0012264214382616268
7.894,1.9922180423285631,0.00038247394980352715,0.001226379521111931
7.914,1.9922168888781058,0.0003827444846315262,0.0012261089427895167
7.934,1.992217807748725,0.0003840909149634014,0.0012262297821523105
7.954,1.9922159320087443,0.0003858489007885452,0.0012260519305030693
7.974,1.9922159555155403,0.0003866778455852179,0.001222029891866372
7.994,1.9922175036235672,0.00038898314547136745,0.0012256877969396007
8.014,1.9922203595224874,0.00039247243299791833,0.0012255138234899265
8.034,1.992220331090022,0.0003932210203267332,0.0012255904907073067
8.054,1.9922182719328174,0.00039501403065717787,0.001226183424184929
8.074,1.9922195886403835,0.00039727480104606745,0.001226341720386298
8.094,1.9922224401301107,0.00040078327994303093,0.001226303603576978
8.114,1.9922223480758259,0.0004004862217607108,0.001225968029822222
8.134,1.9925763436846067,0.0004052478890192013,0.001243466915197361
8.154,1.9933477974411242,0.00040729049546264404,0.0012721978936326706
8.174,1.9945212686627298,0.0004082560954218488,0.0013059994885156467
8.194,1.9960974150637196,0.00040732070258834755,0.0013280530026553439
8.214,1.998058004169121,0.00040638567712052815,0.0013132549063794574
8.234,2.000415004010026,0.0004050302612737022,0.0012366251136884387
8.254,2.0031912112508,0.0004043847849405868,0.0010537368744442943
8.274000000000001,2.00636266338327,0.0004035491969580455,0.000722475697995606
8.294,2.009892290919775,0.000402105205853602,0.0008635987072678486
8.314,2.0139350370300177,0.0004004902123692094,0.0011983165364176096
8.334,2.01794736977246,0.0003998181278206415,0.0013775482104790848
8.354,2.0226733082895234,0.0003979408484085055,0.0013328689447795472
8.374,2.027816039639224,0.0003954199669823236,0.0009655426346821538
8.394,2.0333443330610823,0.00039291957154564754,0.0009699234034956372
8.414,2.039399969379275,0.00039067151591538435,0.0013811208854926094
8.434,2.045791617883927,0.0003883364894486105,0.0014856654160994576
8.454,2.050942577538076,0.00038788238788978137,0.000888034134546134
8.474,2.057662506188793,0.0003870705339053672,0.0012509289343448637
8.494,2.0647744001102746,0.00038496832489296026,0.0014975671732609386
8.514,2.0712106146162745,0.0003849352713168531,0.0012963770168938071
8.534,2.0776756803530145,0.00038091892897250526,0.001071245078864247
8.554,2.0847771546841978,0.0003828095327849659,0.0015023651355660084
8.574,2.091886639869892,0.0003830337006930698,0.0014074531745866259
8.594,2.0979328338649323,0.00038307581189662456,0.0007890467699746551
8.614,2.1048361571061958,0.00039451901288559723,0.0014446923256172806
8.634,2.111963162920751,0.0003891580503849462,0.0015274030989883003
8.654,2.1184966892729444,0.00038698237350309056,0.0012595344725440105
8.674,2.124800273462011,0.0003816740723101987,0.0012761916155671071
8.694,2.1319196694167437,0.00037807815062375913,0.0015573069529803418
8.714,2.13895255789869,0.00037526743258070675,0.001401197785794478
8.734,2.1449231046515673,0.0003579859055514362,0.001060435901597545
8.754,2.1519891377478655,0.00036774688543843607,0.0015070549123493704
8.774000000000001,2.159101148330097,0.00036219711646866455,0.001462244130603474
8.794,2.1650776491795205,0.00036011393946577846,0.0008116737187561784
8.814,2.172082169403924,0.0003526986912679429,0.0013785243366301048
8.834,2.179194329682813,0.00034603553100228984,0.0015120386642103467
8.854,2.1858933519795096,0.0003416565321502521,0.0012213153839014668
8.874,2.1921628591457765,0.000336062848622353,0.0011545152645576762
8.894,2.1992741003023686,0.0003253816537617731,0.0014823053565262145
8.914,2.2063839437734325,0.00031817521505932215,0.001279760169351274
8.934,2.2125039126586414,0.00031418470261551266,0.0008578072089854838
8.954,2.219569387233136,0.00030411008970508875,0.0013818247741669287
8.974,2.22667451166466,0.0002968708173090595,0.0013755396156171773
8.994,2.2327886973847435,0.00029427649834271724,0.0007925940194690728
9.014,2.2396944503327703,0.00028559863994249556,0.0011995434950376194
9.034,2.2467952333629584,0.0002783743344050509,0.0013762781931772883
9.054,2.253565081267127,0.00027335092677675067,0.0011802195343789401
9.074,2.2596009556092893,0.0002790488294880735,0.0009932768954275528
9.094,2.2666607178032847,0.00027466451752822176,0.0013038834912963426
9.114,2.2737546277187812,0.00026357446350805446,0.001145255706282794
9.134,2.2798653724433318,0.0002592168030512256,0.0005095437121500901
9.154,2.2868657295550525,0.00024618950712498736,0.0011731279347998724
9.174,2.293966470977841,0.00023528816689807097,0.0012062030053882344
9.194,2.3005400841981136,0.0002234136825755074,0.0008304922522558988
9.214,2.3070793879781455,0.00020918723093916428,0.0009652854660804344
9.234,2.314164589814936,0.00019814069636153484,0.0011993330333402719
9.254,2.3208011036954788,0.00019136991145681163,0.0009915065629093611
9.274000000000001,2.3271793250857677,0.00018531936477900331,0.0006985059860668552
9.294,2.3342542415498726,0.00017476701785762048,0.001121397857989731
9.314,2.3413375238829692,0.00016391427657376533,0.0010080854969962694
9.334,2.347862827170307,0.00015737135735195235,0.0005585033691233865
9.354,2.354647472735777,0.00014600524171679588,0.0009892156422067477
9.374,2.3617290117801923,0.00013490273961242494,0.0010882859332728978
9.394,2.3680480084020865,0.0001302115057952186,0.0006987760981117253
9.414,2.3747139155721824,0.00015280136896991993,0.0008106758001457659
9.434,2.381801338364396,0.00012865795046299258,0.001089144568616418
9.454,2.388657845087924,0.00011909015075030991,0.0009832748098520527
9.474,2.394669364537623,0.00010748716486632987,0.0005386525592793456
9.494,2.4017340974589545,9.851534329540564e-05,0.0010289860219664104
9.514,2.4088127964615103,8.549401099056434e-05,0.0009938679940187656
9.534,2.414912928463679,8.060662085417931e-05,0.0004605083983078573
9.554,2.421711483962815,7.057598303168979e-05,0.0009138008490004734
9.574,2.42879015002893,5.6437504094419746e-05,0.0010772606591001876
9.594,2.4352502978044215,4.8881841054842194e-05,0.0007841204150325631
9.614,2.4417092753452203,3.7088007075588984e-05,0.0007482840028497084
9.634,2.448784080133071,2.3125258490138534e-05,0.0011022431509042363
9.654,2.4558627799775654,9.185413381966096e-06,0.0009327800550319731
9.674,2.462012531145681,9.100995156621528e-07,0.0005063310853501701
9.694,2.4690564445934116,-1.2294123025918894e-05,0.0010710575158075497
9.714,2.4761405375602235,-2.667242601111052e-05,0.0011137163204967826
9.734,2.482127295767088,-3.0429120074246745e-05,0.0005693524949909323
9.754,2.4890455991394664,-4.593381529102801e-05,0.0009744806813941909
9.774000000000001,2.4961317608225015,-6.088691248518103e-05,0.0011974391597971978
9.794,2.503068944455916,-7.331037792478007e-05,0.001023397712230839
9.814,2.509201319078542,-8.216393004670471e-05,0.0008058951177081497
9.834,2.5162904433842184,-9.732731258595451e-05,0.001234860624705847
9.854,2.523333277792837,-0.00011311642268719398,0.0011922463054389598
9.874,2.5293331976042692,-0.0001275612328585184,0.0005693846314030193
9.894,2.5364014825309655,-0.0001459083521245172,0.0011960051072607003
9.914,2.543498892859976,-0.00016417150204058313,0.00128920723103515
9.934,2.5500692490109143,-0.00017487573280776278,0.0010493671576953245
9.954,2.5563983210781434,-0.00018823604661128148,0.0010928313740613538
9.974,2.563504153979638,-0.00020687811653532514,0.0013784078114937037
9.994,2.5705769831306284,-0.0002264286228628149,0.0011781532028269648
10.014,2.576706520375702,-0.00023786599786893562,0.0009055131253582482
10.034,2.583798933448116,-0.0002605256491047585,0.0013952573158277637
10.054,2.590905213827128,-0.0002789181282909589,0.0013565515528589644
10.074,2.5969894661058386,-0.00028541998440257256,0.0007456104552208132
10.094,2.6039110086967523,-0.0003044734523453477,0.001327673782889005
10.114,2.6110261449347476,-0.000323686388238794,0.0014819789022263163
10.134,2.6174908242044435,-0.0003277192001937932,0.0011850219212621305
10.154,2.6240056327667034,-0.00033944840222113694,0.0011776620650875425
10.174,2.631110130383716,-0.00035596591768334405,0.001517498108528803
10.194,2.638220994635257,-0.0003723716493899809,0.0013358162308721167
10.214,2.644261320633441,-0.00037822442682212113,0.0009422767150205624
10.234,2.6513303040977774,-0.0003960255878270356,0.0014819229558040714
10.254,2.658445082784377,-0.00041290312560072345,0.0014929250844375463
10.274000000000001,2.6646276268991094,-0.0004195170363660456,0.000989063744313734
10.294,2.671359715003638,-0.0004341527246705303,0.0013546936832432577
10.314,2.678472955428776,-0.00045115959917428546,0.0015447462617490249
10.334,2.6854715563829656,-0.00046643801836925036,0.0013392097148444693
10.354,2.6915968804514128,-0.000474413862771518,0.0011484897851672393
10.374,2.6987009157636845,-0.0004913916436778155,0.0015391116622916201
10.394,2.7057733653894953,-0.0005082249872480628,0.0014493788736467117
10.414,2.71166806266493,-0.0005136508933470209,0.0008506155120519554
10.434,2.7184416451612408,-0.0005291895665414071,0.0014212480287036922
10.454,2.7248505763631874,-0.0005388012345227178,0.001490403573649851
10.474,2.7308345003198515,-0.0005426787863470075,0.0011660408494051644
10.494,2.7363262965349375,-0.0005627962952123713,0.0008876892061520647
10.514,2.741563144442778,-0.0005240883372033358,0.0013423527291671067
10.534,2.7462522962410145,-0.0005048133665581267,0.0014988629380920382
10.554,2.750625523761419,-0.0004919349602862732,0.0014257824481950787
10.574,2.754561784477946,-0.0004758862082793452,0.001164713210037721
10.594,2.7582333178272034,-0.00047673948002466596,0.0007506600067051505
10.614,2.761728504487404,-0.000467641732385631,0.0010237287217695346
10.634,2.765228515513029,-0.0004623866922350029,0.0012844202683700012
10.654,2.7683440005190465,-0.0003987719597229897,0.001419505991047898
10.674,2.771510902292569,-0.0003466412316787155,0.0014357634160478971
10.694,2.774446944798612,-0.0002749081870297178,0.0013398618343094248
10.714,2.7771546043702022,-0.00016394865765153666,0.001144337643920107
10.734,2.7796681297389907,-0.0001284914843880699,0.0011005578561631146
10.754,2.781983148798191,3.323600321524867e-06,0.0012221417668402679
10.774000000000001,2.784123429478081,0.0001813098968538344,0.0012918405082240902
10.794,2.7863195277658317,0.0003784319761701979,0.0012872399933701872
10.814,2.788527831909821,0.0006189381782450852,0.0012034438796926505
10.834,2.790660003077472,0.0009012963081578267,0.0010310531835335257
10.854,2.7926816857538803,0.0011734504629376816,0.0008686687884239819
10.874,2.794734342785806,0.0014030146420361401,0.001017662664869523
10.894,2.7968325749628193,0.0016909432044793296,0.0011192820591926222
10.914,2.7990166538143657,0.0020325057982983176,0.0011338949977228174
10.934,2.801201404178125,0.0024255169998265774,0.0010628143080624597
10.954,2.8033761312602543,0.0028646086937134116,0.0009004240294352706
10.974,2.805498586013982,0.003342177673012918,0.0006523731550994449
10.994,2.807626808309552,0.0037036710187972584,0.0007552677790894635
11.014,2.809718986120366,0.0040809695223570225,0.0009084874412982058
11.034,2.811877983573642,0.004433848402560686,0.0010013316769217073
11.054,2.8140247498998057,0.00480086679103625,0.0010127588215515237
11.074,2.8161691103223263,0.005232731927938146,0.000940104901741956
11.094,2.818243261452554,0.005721415005227401,0.0007856557419387011
11.114,2.820252825513018,0.006156083702916231,0.0008131372423788308
11.134,2.822172103712767,0.00659760329327937,0.0009860606233980662
11.154,2.824301238273437,0.007116829585811685,0.0011033809412653584
11.174,2.82642722846474,0.007664561599234938,0.0011367315274611878
11.194,2.8285285698378235,0.008244352338193723,0.001085867478455238
11.214,2.830481399035856,0.008870797875352672,0.0009661983058686374
11.234,2.832419980844836,0.009494454570823705,0.0008582679947882477
11.254,2.8343966842775705,0.010060760176636058,0.0010372948049522102
11.274000000000001,2.83628279350739,0.010673501355176786,0.0011633706744368644
11.294,2.8382120487719056,0.011330458485265937,0.0012155565208241126
11.314,2.840127510926089,0.012030337547571112,0.0011923170506753789
11.334,2.8420258658233077,0.012771300222755952,0.0010915933667732247
11.354,2.8439035162934596,0.013551982236220892,0.0009112455525123186
11.374,2.8458515483358378,0.01424538672843614,0.0010377432135270093
11.394,2.8476856265275683,0.014987368244757306,0.0011814108294525283
11.414,2.8495462395695768,0.015774991065504267,0.0012513900340012374
11.434,2.851398158091487,0.016604349113432327,0.0012462526632948945
11.454,2.853235132638694,0.01747410194146477,0.0011619924698446638
11.474,2.8550568706765627,0.018383951644165477,0.0009993655200221663
11.494,2.8569373098649287,0.019222045297866888,0.0009787095341064755
11.514,2.8587201673253966,0.020110445192461,0.0011475677076533963
11.534,2.8605209917770944,0.02102883944101532,0.0012324788238924078
11.554,2.8623065310043785,0.021985226936788053,0.0012454852039704145
11.574,2.8640870223728903,0.022981686269012883,0.0011791746949615656
11.594,2.8658435178722494,0.02401621744754426,0.0010343220313130674
11.614,2.8675979718248876,0.025058773492501223,0.000899783633416168
11.634,2.869408709158373,0.026053108258249517,0.0010552055419325024
11.654,2.8710726279307286,0.027074001401052334,0.0011605576571201148
11.674,2.8727988232595227,0.028154109266859472,0.0011913073450612044
11.694,2.8745061067744464,0.029271556037582414,0.0011433121987273198
11.714,2.8761888014545267,0.03042575658777015,0.0010158315238553706
11.734,2.8778423894126264,0.03161409638422585,0.0008061931536076372
11.754,2.8795904407432884,0.03271706785594344,0.0009139264245386081
11.774000000000001,2.8811649701243156,0.03388678200440966,0.0010404130646019805
11.794,2.8828223211538706,0.03509982569061772,0.0010858319075038592
11.814,2.884584259380661,0.036423307746132484,0.0010533649463929928
11.834,2.8862760476087566,0.0377595082053376,0.0009452467492442607
11.854,2.887838785404698,0.03906268728836823,0.0007501908176550109
11.874,2.8894574890803413,0.040314798036438296,0.0007183044546441031
11.894,2.8909849586718366,0.04163408628888372,0.0008715462099127269
11.914,2.892630485715516,0.04302660008291177,0.0009409522345822374
11.934,2.894025977066987,0.04424617181940229,0.0009552641800860961
11.954,2.8950762657082247,0.04523495593245007,0.0009323488991947737
11.974,2.8957814814668614,0.04598553743390079,0.0008946665389485964
11.994,2.8960806462048025,0.04641170124085981,0.00086183367092596
12.014,2.896035400027465,0.046551874752549086,0.0008499730980591758
12.034,2.8961430644961124,0.04684512497408128,0.0008187166232364873
12.054,2.8967246991199267,0.04741166251275641,0.0009799085144878428
12.074,2.89756187781717,0.04824115315228777,0.0011087501934322341
12.094,2.898686865439331,0.049391267327952626,0.0011887564019948393
12.114,2.9000528175887665,0.050822628964834055,0.0011931998316639658
12.134,2.9016973001014863,0.05257831041578455,0.001095385474338989
12.154,2.903570365993294,0.054628724960509654,0.0008484444506809685
12.174,2.905899478173674,0.05691490625211315,0.0007853924952675728
12.194,2.908347510322504,0.059603130374867835,0.000894451314374517
12.214,2.911074911326147,0.0625672593240024,0.0010122638310075815
12.234,2.9141203694395665,0.0658929331178666,0.0009713926772454973
12.254,2.917401825643135,0.0694169073750946,0.0011097115134321711
12.274000000000001,2.920773082632418,0.07325477357965746,0.0012832047988390327
12.294,2.9239157960041013,0.07693979628791026,0.0012187256675388058
12.314,2.9273910754629826,0.0811299509796921,0.0007495453739921332
12.334,2.931099722735308,0.0854212033964282,0.0009771876187270323
12.354,2.9347989703723822,0.08984095333867761,0.0012233371994073705
12.374,2.9382500858395724,0.09410183156454734,0.0012587694853774811
12.394,2.941492628079743,0.09809822415856814,0.001024815295881637
12.414,2.9450811712165144,0.10251779167198702,0.001073717287075615
12.434,2.9485542622757435,0.10705115758898792,0.0011350722374469657
12.454,2.952123438400336,0.11163659255032835,0.0010159819114974877
12.474,2.9560907661040474,0.1165251319967919,0.0013120562748095421
12.494,2.959951438320677,0.12166356144443541,0.0012986115784422991
12.514,2.9636319806828837,0.1267076051343814,0.0010122372074118369
12.534,2.9680155011670184,0.1323876608433174,0.0012028041223653974
12.554,2.9720929573519923,0.13771875893341987,0.0014690284598807002
12.574,2.9759840406949944,0.1428792917444625,0.0009563613753004463
12.594,2.9802595858351943,0.14873441783437397,0.0009891586454508494
12.614,2.9846031631270398,0.15435205865037455,0.0015547261510526489
12.634,2.9885152427526984,0.1595539389171383,0.0012578176846081701
12.654,2.992220889967647,0.1647182828997928,0.0009739143046999243
12.674,2.9965733503819196,0.17035525851954617,0.001348841593373118
12.694,3.000589167392554,0.17564506702765117,0.0012938726406053203
12.714,3.0046839879647624,0.1811863884297935,0.0009658127881780054
12.734,3.0089757810922833,0.18679318745570472,0.0011476451930223786
12.754,3.0133289203370155,0.19246047565273522,0.0015043198549964387
12.774000000000001,3.0171418320547208,0.19751065325913617,0.0011351314612661756
12.794,3.021086878677913,0.20287331638288697,0.0010405447129703815
12.814,3.0253153754636495,0.2082970814218236,0.0015002744314552008
12.834,3.0293808065511567,0.21358285266629826,0.0012079044817666917
12.854,3.0334060227963073,0.21901370583105123,0.0010424437855242885
12.874,3.03775121307568,0.2245630284884202,0.0013972076519439824
12.894,3.0420944368862974,0.23015441755791188,0.001561838224351908
12.914,3.045851403687279,0.23504639009026196,0.0009646386012324426
12.934,3.050066149716321,0.2406422334618294,0.0009185428594762068
12.954,3.054547207709371,0.24626153952149493,0.0015614498869409021
12.974,3.0583190489088135,0.25110137255442183,0.00114962099352231
12.994,3.062483233965339,0.256591411933222,0.0011843647531439572
13.014,3.0669076159518163,0.26219719491663374,0.0013933396030028633
13.034,3.0711163333860076,0.2675817122911506,0.0012445342672980364
13.054,3.0750145070739605,0.2728331838427902,0.0010939684802877825
13.074,3.079251504896541,0.27822540112889704,0.0012822024999417092
13.094,3.083747795350893,0.28392860665149944,0.0015437218828344978
13.114,3.087492741364966,0.28873346415365503,0.0008894112295132761
13.134,3.091661483434271,0.29408232615465624,0.000950565315308044
13.154,3.0962011728862957,0.29971215674694085,0.0013225089705223014
13.174,3.100478370448343,0.3051254630918792,0.001095387841766382
13.194,3.1047971959233047,0.3106880382525363,0.0010370611646719208
13.214,3.109343233798013,0.3161858761304111,0.0014933722478257527
13.234,3.1137690418668242,0.3216771348106331,0.0014066965103942397
13.254,3.117638562648464,0.3266806884004922,0.0011624426080155958
13.274000000000001,3.1218351580740626,0.3319215512941405,0.0011318471195224111
13.294,3.126315155046639,0.3373719774292851,0.0016213145240549232
13.314,3.13057580513694,0.34257541362043825,0.001155475613905027
13.334,3.134983667810245,0.3482076999571012,0.001139965144254379
13.354,3.1395099122570898,0.3537009035782818,0.001382080092863558
13.374,3.1439144292372565,0.3592523410041396,0.001116675437585285
13.394,3.1479372066958002,0.3642999831629908,0.0010843106068607056
13.414,3.152303323651489,0.3696496121016444,0.0014390506487819699
13.434,3.156769624916849,0.37512687167049724,0.0015437993416999585
13.454,3.1604941311647976,0.37986740126832635,0.0009331961123311139
13.474,3.164803907188032,0.3851671008409056,0.0011143108948160618
13.494,3.169465165553929,0.39082172090211265,0.0013801202292326176
13.514,3.173569262331435,0.3958879929796926,0.0010825349696524378
13.534,3.1775735190003638,0.4009188420046383,0.0009582263488139842
13.554,3.182266891214196,0.40646927379167486,0.0015055013964435926
13.574,3.186746890992015,0.411807597489149,0.0012365180060273928
13.594,3.190778668744345,0.41681087905180425,0.0010524115978213233
13.614,3.1952454574021107,0.4220390004926253,0.0013700004189760862
13.634,3.1997745538773863,0.4273415422568187,0.001601621973468026
13.654,3.2039965398408725,0.4321898750284987,0.0008077505666500284
13.674,3.208550727043163,0.43771814020031957,0.0011116251557656276
13.694,3.2132467252131565,0.44306581065660966,0.0014195422810586444
13.714,3.217738527693878,0.44839626666157184,0.0011681175363090768
13.734,3.221777254711097,0.4533209495509698,0.0010301923178381578
13.754,3.226337040934185,0.4585846585183059,0.0015593864156119852
13.774000000000001,3.230807008198612,0.46374298395620583,0.0015307214018932813
13.794,3.2348101904050193,0.46847259368469235,0.001107452712816287
13.814,3.2394343931215848,0.47389922419427594,0.0011128108688945593
13.834,3.244142621028597,0.47924377862884426,0.0013778305983076222
13.854,3.2481804579633353,0.4839621262233452,0.0009013628550182673
13.874,3.2526008378089593,0.489258261914005,0.0009677351674926837
13.894,3.257410087318126,0.4946226949464184,0.0014892373653124236
13.914,3.261576822808143,0.4993887947519818,0.0011098300748035583
13.934,3.2659330301187937,0.5045927065360254,0.0009815394389102172
13.954,3.270635731360589,0.5099188176442288,0.0014251262439926304
13.974,3.2749448101220078,0.5148195738533784,0.0014118299683737734
13.994,3.2793175061041975,0.5199215385545989,0.0010244646156957748
14.014,3.2840819339532086,0.5253714161167397,0.0010879514128108447
14.034,3.288730901079643,0.5306493954714606,0.0013665349624689405
14.054,3.2930168267972943,0.5356457577122808,0.0011283908984475455
14.074,3.297264531727119,0.540714833304532,0.0011324791744165008
14.094,3.3020193038447547,0.5460446958142796,0.0015091139615540927
14.114,3.3064846997589767,0.5510970553152206,0.0013974621080027338
14.134,3.3105657423100663,0.5558835655096553,0.0011487624467531599
14.154,3.315200803629259,0.5610685979504075,0.0013068679864459143
14.174,3.3199935482760785,0.5664313894516132,0.0014978617064907163
14.194,3.3239320057430093,0.5709482715581303,0.0009988941545489294
14.214,3.3282741577558763,0.5758832988375016,0.001042988345737017
14.234,3.333263879916048,0.5813208049664086,0.0015315228601098518
14.254,3.3375632255159964,0.5860479520372248,0.001081077656955337
14.274000000000001,3.342141435798374,0.5912627874879837,0.0011283045374529677
14.294,3.3469811326468206,0.5964871390980415,0.0014520108811835741
14.314,3.3517343277472067,0.6016786448309019,0.0012865243538136284
14.334,3.3560109040465322,0.6066110084418068,0.0013216748190043315
14.354,3.3604400004456205,0.6115419187895621,0.0011538214067158548
14.374,3.365496359381685,0.6169656731610773,0.001658941371526751
14.394,3.3699461565356508,0.6217890213027937,0.0011190225558849742
14.414,3.3746687508144064,0.6271323597721368,0.0010751418384028488
14.434,3.3794879021054056,0.6323308806714788,0.0013861485160996112
14.454,3.384176865117219,0.6375963608668143,0.0011183034918342272
14.474,3.388566646926848,0.6425940225230626,0.0010012333804932105
14.494,3.393318001751595,0.6477633243979015,0.001560638997658348
14.514,3.397987225488944,0.6528804174050922,0.0014756139851335448
14.534,3.401991762023593,0.6574500705528088,0.0010736648526364079
14.554,3.4062722448766904,0.6621759693162047,0.0011220138940952473
14.574,3.4104867081467054,0.6667481232955097,0.001559717107575076
14.594,3.4142275902555705,0.6708293035597106,0.0012468377470785663
14.614,3.417952015271355,0.6750457356959516,0.0012465391871659681
14.634,3.4218513326333118,0.6791401169062001,0.0010988564370475185
14.654,3.42562879864077,0.6829622528869952,0.0010621846776643906
14.674,3.4293964168487037,0.686984202040803,0.0009400601028178579
14.694,3.43323808713424,0.6911646567873003,0.0012849195558942705
14.714,3.4370613863087174,0.6949578376885198,0.001255593585602871
14.734,3.4410237559895687,0.6988670774202403,0.000868125439639017
14.754,3.445032218977428,0.7028836290665145,0.0010140373433745464
14.774000000000001,3.449025810600354,0.706881649151625,0.001333700072927213
14.794,3.4530220201023156,0.7107842186531844,0.0013843497642419822
14.814,3.45656143729968,0.7141339123671104,0.0009930066094664403
14.834,3.460573126006358,0.7181069705403211,0.0009475271776041294
14.854,3.464782944916353,0.7220055754189016,0.0012956436617199418
14.874,3.4687463024205076,0.7258278726124316,0.0013076511026947346
14.894,3.472573135092642,0.7294312228018014,0.001076262028853886
14.914,3.4767660649208825,0.7333250871513171,0.0012283450241713512
14.934,3.480844110097966,0.7369582321884429,0.0010834484708859837
14.954,3.4851086989323883,0.7406707068967118,0.0009870480467730203
14.974,3.4892706323588714,0.7444872835253266,0.0012297316369925815
14.994,3.4935789007714675,0.7481746018661056,0.001387025640182754
15.014,3.4978195666894165,0.7517776813118233,0.001251782407182378
15.034,3.5021937697834162,0.7554075625779355,0.0007236301998019556
15.054,3.5065641825448153,0.7591246511673332,0.0010810391727758828
15.074,3.5109665184313505,0.7627905528186026,0.0013310404956408117
15.094,3.5154143988026583,0.7664039324591041,0.0012382141904944133
15.114,3.5191187833033655,0.7694048976987782,0.0010277171735221524
15.134,3.523503439529063,0.7728970066787051,0.0010530035053862297
15.154,3.52784656669008,0.776188868749593,0.0012009258507576503
15.174,3.532194595576969,0.7795848252350541,0.0011164883090241662
15.194,3.536600315481063,0.7830568753408594,0.0013027960997153698
15.214,3.541098427251156,0.7863873822008088,0.0013344581324656324
15.234,3.545511611615115,0.7895706807631163,0.0010053085828899133
15.254,3.550163020900552,0.7929078043842841,0.0008084996758198348
15.274000000000001,3.5546876197677233,0.7963988635802758,0.0012578434302183972
15.294,3.5591705505551956,0.7996004181879013,0.0013467647204790656
15.314,3.5637678203677994,0.8028446989709734,0.0010940033923451664
15.334,3.568429166961,0.8061475456933215,0.0008653063877814005
15.354,3.573177762683881,0.8093940858622779,0.0011945419729177398
15.374,3.5779091498443116,0.8126605784446281,0.0012490388412705056
15.394,3.5821832008275094,0.8154393684356338,0.001028548139812624
15.414,3.5867776985151427,0.8185977023872519,0.0011503308344227026
15.434,3.5915379598609385,0.8216600289698196,0.0010938390635215622
15.454,3.596002121776583,0.8244978610033199,0.000984561362226799
15.474,3.6006653563029314,0.8275075469455693,0.0009356297571060934
15.494,3.605453901238748,0.8306024424384664,0.0012444191852975794
15.514,3.61016447367693,0.833479107428253,0.0011894646247411211
15.534,3.6150408091535646,0.8364165856048508,0.0007715204699789702
15.554,3.61992750881489,0.8393936652474326,0.0008904003588573461
15.574,3.6248403055012126,0.8423444999680546,0.0011910252738442373
15.594,3.629775696012391,0.8452446794414435,0.0011891631951502224
15.614,3.6340202848785976,0.8476074322332411,0.0008192118037388674
15.634,3.6387730176379836,0.8504681932668441,0.0008425850091828835
15.654,3.64384448209397,0.8532065331749349,0.0010598905528174385
15.674,3.648633813237983,0.8558698221634595,0.0010292085546565743
15.694,3.65352638023995,0.8586000256222842,0.0009965895468375952
15.714,3.658493969698481,0.8613018997188652,0.0011182671732624383
15.734,3.6632909981111346,0.8638069837272431,0.0009153033613912842
15.754,3.6683370255333454,0.8663857099194263,0.000751571745981644
15.774000000000001,3.6732896858362145,0.8691006795276822,0.0010154431815743437
15.794,3.6781356200452278,0.8715348623023735,0.0011817950547987899
15.814,3.683174623160942,0.8740372628370718,0.0010325964395673792
15.834,3.688209833870934,0.8764531494230052,0.0004928564407462865
15.854,3.6933218320128485,0.8789850777729316,0.000979155357076128
15.874,3.6984618103324562,0.8814937290281676,0.0011114913094139034
15.894,3.7032875435350325,0.883692529432673,0.0010872534315186921
15.914,3.708009877064063,0.8859449435702833,0.0009502730008145999
15.934,3.713150377619357,0.8882652662134087,0.0009302001276154659
15.954,3.718147284422041,0.8904072488783868,0.001006862542631326
15.974,3.7231159456740586,0.8926340709490934,0.0008485417874731227
15.994,3.7282524390218716,0.8949982865240957,0.0011347459889677891
16.014,3.733318027910268,0.8971045771826315,0.001135703487018358
16.034,3.738439984307601,0.8992397338187251,0.0008104307342124695
16.054,3.743683033241688,0.9013889393056241,0.0006700876045880877
16.074,3.7488643074291312,0.9036207813674715,0.0011105885330288667
16.094,3.754089156912429,0.905724769330607,0.0012051069096075118
16.114,3.7587278897241827,0.9074910503198222,0.0009544185254894699
16.134,3.7638878280544654,0.9095913559950188,0.0008079184357934754
16.154,3.7692263553015692,0.91158179427976,0.0011384793481023503
16.174,3.774452516793916,0.91358576859345,0.0012264684505702006
16.194,3.7793696676945134,0.9153708101892141,0.0009491174957366733
16.214,3.784587139982354,0.9173716759721305,0.0010885582615380307
16.234,3.7898710938378954,0.9191726523323658,0.001066376733717872
16.254,3.794954880034501,0.9208234644523242,0.0010051992386390929
16.274,3.800169643306013,0.9226890821546576,0.001102536901393586
16.294,3.8054202189673076,0.9245465052571729,0.0012803470561134622
16.314,3.8105655751107266,0.9261441256555338,0.001381145709699022
16.334,3.8156202363139475,0.9277606765465712,0.0008241333734977929
16.354,3.8209671311617392,0.9294872237686193,0.0009302478109664281
16.374,3.82632388425501,0.9312112228002565,0.0012827654848363568
16.394,3.831706937791863,0.9328583281193573,0.0012958169792749163
16.414,3.8362465218229387,0.9340790331897654,0.0009622785628073671
16.434,3.8412323509243365,0.9355931794992938,0.001039293569947336
16.454,3.8467212537974116,0.9370885884088617,0.0012076580692902683
16.474,3.851996591071953,0.9385689486737905,0.0011975449159316864
16.494,3.8574042663871952,0.9401165376905182,0.0012465598546689827
16.514,3.8628662859650467,0.9415769578656988,0.0013454671817781094
16.534,3.8681200454548113,0.9428969541018271,0.0011671123333520106
16.554,3.873629409797453,0.9442394970467706,0.0009659519271232597
16.574,3.8790899945572406,0.9457523443331385,0.001485780133679393
16.594,3.884423300328194,0.9470527672540688,0.0015846616122371926
16.614,3.889542798666118,0.9482302340530194,0.0014282080480323422
16.634,3.895011870972211,0.9495447471940481,0.0009514512890414772
16.654,3.901217524204872,0.9509870456386711,0.0013848708680664068
16.674,3.907648380971462,0.9524878478543817,0.0014658989082277085
16.694,3.913450611495339,0.9537577577288998,0.0012249773980916034
16.714,3.9199851388204427,0.9553275821228036,0.0012024979348857767
16.734,3.927010463763004,0.9567746230417614,0.0017366178550563827
16.754,3.9334134012776594,0.9580449910440016,0.001646182358474052
16.774,3.9399572520085324,0.9595182713553987,0.0013015514768087433
16.794,3.947086461638791,0.9610791146328559,0.0014339686829938914
16.814,3.953940993190666,0.9625623754414735,0.0014990163646950438
16.834,3.960167541277106,0.9640501105059889,0.0011802776806030257
16.854,3.966839904602895,0.9656750515540905,0.0012117134210411773
16.874,3.9737142674523986,0.9670788699524536,0.0017717196084768017
16.894,3.980002707370295,0.9683561320895142,0.0013298317613064659
16.914,3.986499008537159,0.969906461633688,0.001114715350314155
16.934,3.993212639873267,0.9713059115952971,0.0014970364069025743
16.954,3.999432600591975,0.9727230377069246,0.001511414822207624
16.974,4.005396396509313,0.9740402966627196,0.001135602957740428
16.994,4.0114398537641405,0.9753966047911452,0.0011625612956199516
17.014,4.0170899306771615,0.9765279455869986,0.001291416091044828
17.034,4.022439918649087,0.9775886153942414,0.0012611130336548926
17.054,4.027865554217179,0.9787648822662801,0.0013292254523023517
17.074,4.033445220455777,0.9798149023328638,0.001369971937953629
17.094,4.03895427162148,0.9808069144556842,0.001089935313128787
17.114,4.044610929662036,0.9817681476268012,0.0009220361777387831
17.134,4.050541210194374,0.9829698227774524,0.0014321052380811827
17.154,4.05628099199166,0.9839164168091175,0.0014875851296266562
17.174,4.062412826776552,0.9849459774875077,0.001019682064829136
17.194,4.0690507616333935,0.98605128211616,0.0010124383755052146
17.214,4.075905681056377,0.9871994753909527,0.0013319653140035914
17.234,4.082905412418787,0.9883614724923176,0.0011756292729743212
17.254,4.089258035289913,0.98932264438115,0.0007461524476473358
17.274,4.0963488670127655,0.9904193058941219,0.001239291436166301
17.294,4.103026859680239,0.991506006114195,0.0012690349880124518
17.314,4.1097972191820125,0.9926049537576771,0.0007115975165010446
17.334,4.116804185255216,0.9937537978114592,0.0010488743680872048
17.354,4.12381420631482,0.9949291824928469,0.0012251474056785838
17.374,4.130806091903504,0.996078237908582,0.0009170023274400196
17.394,4.137095938315226,0.997055441936472,0.0007342730766446981
17.414,4.144210810836519,0.9981441285438793,0.001181564390861034
17.434,4.150784058430371,0.9992411715016024,0.001064904722159754
17.454,4.157673925362665,1.0003991211853158,0.0005064538385064488
17.474,4.164695353521308,1.0015197210769309,0.0010399942527070938
17.494,4.171694540779042,1.002686580540204,0.0010984718888947531
17.514,4.178487753019938,1.0037677804412692,0.0007767812447070088
17.534,4.18487437892524,1.0047579866692007,0.0009162098604133528
17.554,4.191890151298568,1.0059027788460633,0.0011344301339839546
17.574,4.198367982528008,1.0068951851412975,0.0009568114660121474
17.594,4.205110378878513,1.0080713783450679,0.0005957948578085293
17.614,4.2119877824444805,1.0091537764801564,0.0010684502763816939
17.634,4.219005968376174,1.0103312086752045,0.001009025333658431
17.654,4.225136582787864,1.0112280423011792,0.0004504180476264663
17.674,4.232014720411716,1.0123562560970687,0.0010276165954953564
17.694,4.239015094512791,1.0135570884071703,0.0011320881315300124
17.714,4.245277053539427,1.0144949801121468,0.0007097489952823111
17.734,4.252143278706192,1.0156603150015378,0.0008393179557792396
17.754,4.259138912538041,1.0168467067838505,0.0011023174328138596
17.774,4.266122055247775,1.0180177530257026,0.0009143537346459063
17.794,4.272601972158974,1.0190758745296111,0.0005975001958223591
17.814,4.279657757798578,1.020157070527864,0.0010724969572069865
17.834,4.286009636874481,1.0212586258407073,0.00111837534504855
17.854,4.292312222252796,1.022289286176984,0.0006693405791809159
17.874,4.298464316780529,1.0233292972638672,0.0009026122089977329
17.894,4.3044094672385524,1.024294819499682,0.0011321843303522816
17.914,4.310140429156115,1.0251679209061382,0.0011004604248440186
17.934,4.315055240246942,1.025788893630133,0.000837830190268507
17.954,4.320661620810601,1.0266260617658283,0.0009061710072687246
17.974,4.326325465755134,1.0272859111876678,0.0010931647942171718
17.994,4.331778700987253,1.027979654622054,0.0010087936355180904
18.014,4.337356107226321,1.0287515374712644,0.001189874480492903
18.034,4.343289049421508,1.029431211267631,0.0012065318832203686
18.054,4.348957020791491,1.0299675757638471,0.0008231287206858784
18.074,4.355555212305976,1.0305892126743352,0.0009111023009429065
18.094,4.361921824694592,1.0313481874536847,0.0014561291952737976
18.114,4.367776371041732,1.0318247644083456,0.0012149278395715557
18.134,4.374377338623883,1.0324085059932484,0.0009215292668844077
18.154,4.381458775408805,1.0331829498996232,0.0013849677999548116
18.174,4.388550722551758,1.0338651889619523,0.0013907474819822019
18.194,4.394659635867268,1.034278711146317,0.0008903479913920098
18.214,4.401585639526038,1.0349236182063566,0.0012152925118878999
18.234,4.408775615192062,1.0356995522115844,0.0014312322367507069
18.254,4.415251323923531,1.0360793782602558,0.001221465438817959
18.274,4.421922574487964,1.0366580879641185,0.0010684696191052834
18.294,4.42906390779702,1.0374871274069029,0.001518841072981364
18.314,4.436171778138512,1.0382105402273953,0.001386952881783865
18.334,4.442355506790648,1.0387058010614054,0.0010438462959743156
18.354,4.449393281875324,1.0394890280461173,0.0014581185707430444
18.374,4.4562687051849705,1.0402228016081438,0.0015663452731751737
18.394,4.462828411755397,1.0409323816832372,0.0011047195738189408
18.414,4.469663841102726,1.0416307138146028,0.0012447451080069005
18.434,4.476934263065078,1.0425259987381128,0.0015962988720231164
18.454,4.483961080859622,1.043269789068881,0.0014247512620337577
18.474,4.490003862914072,1.0438188727946227,0.0011129339304467023
18.494,4.497128422506844,1.0447327279874217,0.001569529259451835
18.514,4.504112344531612,1.0455026228792699,0.001536491193870837
18.534,4.510513391868105,1.0462172186605592,0.001057032051823753
18.554,4.517555254664096,1.0471079598393793,0.0014381566004873225
18.574,4.524646513477433,1.0479580732461546,0.00156012272191286
18.594,4.531126622534183,1.0485702757613014,0.0011822993563833928
18.614,4.53797801939261,1.049320077423566,0.0010934157531149458
18.634,4.545153659793039,1.0503275222635824,0.0015289975265103395
18.654,4.552205641406016,1.0511723400472384,0.0013838899903608204
18.674,4.55826311494031,1.0517254978285027,0.0010384089283158315
18.694,4.565331012627978,1.0527111525923574,0.0015236545718761152
18.714,4.5722817899463974,1.0535698483582576,0.001497221714947039
18.734,4.578630372542451,1.0544099084809413,0.0009573474175459118
18.754,4.58500397830932,1.0551990719669746,0.0011733147030826285
18.774,4.591391365705531,1.0560636268678993,0.001448775845119682
18.794,4.597387231659505,1.0568042471984087,0.0013313082040360136
18.814,4.60248749496422,1.0572916671912502,0.0008417508659714634
18.834,4.608042157597692,1.0579595947923115,0.001066366605464969
18.854,4.6137296811964426,1.0586337690798557,0.0013486657336632402
18.874,4.619373275275375,1.0592262389929055,0.0013217869163825446
18.894,4.624174907123948,1.059571295143403,0.0009668125052902377
18.914,4.629858082498002,1.0602048163590627,0.001018687344657515
18.934,4.635586646810719,1.0605815824721794,0.0011579734030738864
18.954,4.64144466496507,1.061083313422537,0.0010645124481249157
18.974,4.647801828502984,1.0617111241567103,0.0012342313507800184
18.994,4.65441052248427,1.0621808878927232,0.0011395201616609396
19.014,4.660972869943208,1.0624973297738358,0.0011611309709085027
19.034,4.667817423019068,1.0629994358220793,0.001059018134434514
19.054,4.6745858371611515,1.0635686623021605,0.0011068994071841975
19.074,4.681542306557288,1.0639185932992854,0.0009649711073238809
19.094,4.688485606840368,1.0643975980481732,0.0009046505605111721
19.114,4.695444982091065,1.0650198485669575,0.0013333087684486433
19.134,4.702086035436972,1.0654405889050769,0.0008945326018084676
19.154,4.708821157036487,1.0658152859263528,0.001132114279784574
19.174,4.715799504720799,1.0664260001165946,0.0012217772909138558
19.194,4.722744897265302,1.0669569810189536,0.0014782529588962534
19.214,4.7295294319948935,1.0674738701001087,0.0008809931658521064
19.234,4.736680048901358,1.0678848348386163,0.000819281289460766
19.254,4.743742252498569,1.0685401543521087,0.0011637379599227227
19.274,4.750599212648348,1.0689170280433071,0.0009548858341666133
19.294,4.757427779786937,1.0693665202986036,0.001187659534421015
19.314,4.763659553575261,1.0698513210246006,0.001094357383968625
19.334,4.770547033750884,1.0703956092917346,0.0008793366816661485
19.354,4.777421441421309,1.070833223998707,0.0011760241724533271
19.374,4.784051841698847,1.071324236930458,0.0010848252293427507
19.394,4.791016055811753,1.071918526907246,0.0012517754393133185
19.414,4.797399959138381,1.0722650003437775,0.0009524910313624957
19.434,4.804135624227249,1.072753519301284,0.0007550752388393867
19.454,4.811239720632173,1.0734277058697634,0.0013976098184680097
19.474,4.8178377047390635,1.0739255294362833,0.0010909186172065877
19.494,4.824830109099913,1.0744122466626902,0.0010977057350468333
19.514,4.831975062236598,1.0750720249649066,0.0011908512204128474
19.534,4.838995385687912,1.0756860055694315,0.000997010602889592
19.554,4.845526899661721,1.0760924615017828,0.0013208106924353924
19.574,4.85194154498147,1.0765645392165328,0.0010297182659710358
19.594,4.858596264053522,1.0772039634965487,0.0011315313349713196
19.614,4.8654839695897145,1.0776548424648709,0.001147745174147452
19.634,4.872370685996479,1.0781912115329155,0.001094717716465965
19.654,4.87911870722995,1.0787911513040729,0.001431353892286158
19.674,4.885721372142182,1.0793306292099962,0.0010383992371009731
19.694,4.89215786790282,1.0797234267349962,0.0012507859522618014
19.714,4.899109702667599,1.080410647611722,0.0013415419717038857
19.734,4.9060665951644005,1.081016659172935,0.001428735724025243
19.754,4.912361997335816,1.0814325169442227,0.0012228416484617033
19.774,4.919234298968041,1.082072909680945,0.0011233849067071866
19.794,4.926224886501185,1.0827692376419626,0.0016327442635725165
19.814,4.932997731176895,1.083409991589438,0.001209317670194332
19.834,4.939811167120342,1.0839493565484977,0.0012884588690305898
19.854,4.94626546837339,1.0846372082824438,0.0014470581956342043
19.874,4.952590313647117,1.085193488717104,0.0012517834464200184
19.894,4.9584012788221745,1.0856232641097683,0.0012433405195401148
19.914,4.9637252903521185,1.0860089528344732,0.0010680611794390005
19.934,4.969554194510591,1.0865972492563694,0.0015310913938867687
19.954,4.9748363823566,1.086906443125147,0.001447953095043808
19.974,4.980306137638486,1.087253507449773,0.0010335559518649395
19.994,4.985930808101618,1.0876308758828839,0.0010458407824112115
20.014,4.991646010024544,1.088009610596889,0.0014313002194744073
20.034,4.9976866306549885,1.0883373739929798,0.0014650375270623406
20.054,5.0026399256882845,1.0883713539288602,0.0010541658025143286
20.074,5.008782422062364,1.0887441270319698,0.0011391660340411836
20.094,5.015614542369226,1.088919700475367,0.0016616997432140623
20.114,5.021952072823738,1.0890462711634494,0.001343951801997867
20.134,5.028801154008262,1.0893618065053716,0.001352680563392411
20.154,5.035886510647348,1.0895603090663866,0.0016111917548465304
20.174,5.042832179145499,1.089714665164749,0.0017832163503616327
20.194,5.048886343246713,1.0898212823038835,0.0013984658769641278
20.214,5.055916580918304,1.090115137428864,0.001351291444156022
20.234,5.063108921893034,1.090205983552683,0.0017933811844228487
20.254,5.069388668532881,1.090252715249136,0.0014088023369925318
20.274,5.076101791571714,1.0905163299596874,0.0014236056125257468
20.294,5.083255861222173,1.0906401668336252,0.0016655469421826552
20.314,5.089888193504841,1.0907726803793591,0.0016441091554609544
20.334,5.096730599338711,1.0911160021885085,0.0013820670460015505
20.354,5.10406317470148,1.0913487264169015,0.001367740593604727
20.374,5.111063524935688,1.0915469160602802,0.0015712337703664425
20.394,5.1174917284536985,1.0918343371434787,0.0013045573366479157
20.414,5.124301780422687,1.092140535681766,0.0012546060107979096
20.434,5.131175192416731,1.0922803646647243,0.0016833618082070512
20.454,5.13767006513245,1.092447430733223,0.0012519073567037742
20.474,5.144327229331706,1.0928008726700476,0.001235159717785983
20.494,5.151437478509919,1.0929206016032673,0.00161379046156912
20.514,5.158116316952137,1.0929962160526687,0.0016714292714324064
20.534,5.164764537182604,1.0933034391639913,0.001141508232263
20.554,5.1719861205981275,1.0935898237573327,0.0011669559359747395
20.574,5.1790767005871885,1.0937094047483116,0.0015101674570888457
20.594,5.185760873396855,1.0939278259685357,0.001166861263000557
20.614,5.192621968339004,1.0942645349282139,0.0014134900923468141
20.634,5.199255732931051,1.0943782778071893,0.0014754214190183523
20.654,5.205993811067168,1.0945793988299737,0.0013101295251444212
20.674,5.212274567370323,1.094881453853304,0.00106579483875327
20.694,5.219319018481121,1.0950461821275057,0.001263341346788155
20.714,5.226234294363824,1.0951761882852367,0.0012692060590465959
20.734,5.232660990213636,1.0953741371271157,0.0009839351918299322
20.754,5.239582501690911,1.0954998261849243,0.001001822041738487
20.774,5.246680132525545,1.0956271950165941,0.0013080506505797895
20.794,5.253223505622677,1.095704193366402,0.0007634713769053558
20.814,5.2602793409919615,1.0959828007461632,0.0008049421236994148
20.834,5.267392320213126,1.0960524698836402,0.0012423370747452478
20.854,5.273790030458087,1.0961348147854946,0.0008969074277166422
20.874,5.280828148738504,1.0964356148927032,0.0009242524112771378
20.894,5.287947696465394,1.0965341834955717,0.0011406352035195355
20.914,5.2948136551376335,1.0966167102489963,0.0013041669617198381
20.934,5.30093152059541,1.096758691307466,0.0008973039968247221
20.954,5.307959791383877,1.0969900291165762,0.0008145877090698916
20.974,5.315018547515812,1.0970021997418362,0.001364103404640743
20.994,5.321469621656102,1.09711266586732,0.0010160176952785926
21.014,5.328515517203268,1.0974228562621902,0.0009853683272524616
21.034,5.335684613535463,1.09757412437163,0.001121854492515506
21.054,5.342672850687886,1.0977967472464971,0.0009269925816398072
21.074,5.349222152975944,1.0981021433001987,0.0010842141633315983
21.094,5.355913790618106,1.0982676009131742,0.0009603245569963503
21.114,5.362799815515636,1.0983619580282604,0.0012339375465005575
21.134,5.369193167858966,1.0986443187595456,0.0008539059020761797
21.154,5.376033310982983,1.098919967819915,0.0008127275412560808
21.174,5.3832160101948805,1.0989894971878809,0.0014561224247300053
21.194,5.38965136640858,1.0990375366663463,0.0012459953449143746
21.214,5.396466287458386,1.0993690153476035,0.0010179050055997008
21.234,5.403663934723817,1.099491824761776,0.001181107614045579
21.254,5.41069017415561,1.0996738884692185,0.0010386166952434661
21.274,5.417309344243114,1.1000225317156496,0.0011726782198344388
21.294,5.424040269161229,1.1002512053618259,0.0010276292555422006
21.314,5.430888883115197,1.10034068390461,0.0013945282902384226
21.334,5.4372070532362065,1.1005731767948386,0.0009017732313239546
21.354,5.4445666223762155,1.1008983172893492,0.0011778631478088775
21.374,5.45175714755698,1.1010147674511916,0.0014672813183554956
21.394,5.458217676965291,1.1011260663859754,0.0013304732624009608
21.414,5.465050326689182,1.1014891584212874,0.001226856621511646
21.434,5.47231062767111,1.1016715494114195,0.001346287066049473
21.454,5.479253269387569,1.1018673178413043,0.0015313869776948374
21.474,5.485167344403962,1.1021084336110625,0.001210534522611384
21.494,5.491928174895691,1.1023692761262824,0.0011375770556935338
21.514,5.499255129717972,1.1024980085459422,0.0016351085592747616
21.534,5.505315145280417,1.1024329256564562,0.0011587208405239857
21.554,5.512208170238942,1.102735737858597,0.0012923629977688866
21.574,5.5193565447256985,1.1028504257413527,0.0016630999094267018
21.594,5.526003446101991,1.1029945118097888,0.0016300962281118325
21.614,5.532858992656023,1.1033373466484062,0.001331685049975606
21.634,5.540190015459088,1.103552749938254,0.0014218952022290732
21.654,5.547206970064764,1.1037301505564732,0.0015706540487753218
21.674,5.553879125702497,1.1040476679069697,0.001501106488470516
21.694,5.560733191442997,1.1043403513002674,0.0015821430662850688
21.714,5.56719906121511,1.104418996443318,0.0016562987386244676
21.734,5.573935127851577,1.1046731672995307,0.0012997002404712965
21.754,5.580945459894086,1.1050650313982535,0.001565813940900579
21.774,5.5874769700347215,1.105143396816795,0.001589330803654171
21.794,5.594320502572447,1.1053589227576306,0.0013852206181355076
21.814,5.601305792679651,1.1057348674678384,0.0016669586869513808
21.834,5.608274041630378,1.1060300704682777,0.0014344761385054194
21.854,5.615105225139846,1.1061348061965786,0.0017907618582268525
21.874,5.621431882813598,1.1064049036581647,0.0011830163699356466
21.894,5.628178267667503,1.1067886677891647,0.0013934610985991969
21.914,5.6353677864906775,1.1069635755737282,0.0017733705985807369
21.934,5.641990818622431,1.1070685010143004,0.0015728048857816812
21.954,5.648115614728311,1.1072740838912176,0.0012791150834728926
21.974,5.655241864118292,1.107472587868135,0.0016291001066418842
21.994,5.662304191289147,1.1076246111913075,0.0015317545967950263
22.014,5.668743669147678,1.1078423895667153,0.0012831120813490415
22.034,5.675711084132265,1.107993598706691,0.0013294061787095801
22.054,5.682665009382149,1.1080997043165277,0.001578751145705215
22.074,5.689547866735552,1.1083597781781285,0.0010876572841530263
22.094,5.696812144373824,1.1086739087237258,0.0011158264832757392
22.114,5.703929398662097,1.108739802177536,0.0016938620033747354
22.134,5.710331666265206,1.1088779827884374,0.001505374725312092
22.154,5.716583013364848,1.1091142831112604,0.0013224786029755464
22.174,5.72369137618611,1.1092756538682431,0.00133354436660571
22.194,5.730693256054685,1.1094030661877021,0.0015137317075697154
22.214,5.73675516299521,1.1095283589358755,0.001162804248278082
22.234,5.74381256252016,1.1097947333395652,0.0011006366119477307
22.254,5.750961482113615,1.1099172537037623,0.0014791010863742238
22.274,5.757095241656659,1.1099613461140085,0.0010270140219783286
22.294,5.764063526812588,1.110270365052348,0.0011270649073937822
22.314,5.7712162802117835,1.11038724165655,0.0013637490337076175
22.334,5.777775095666606,1.110502887051746,0.0012415201025256228
22.354,5.784192701136528,1.1107394663690617,0.0011143109435967913
22.374,5.791315879091483,1.1109072779190647,0.001125403804328351
22.394,5.798073871034039,1.1109927184295976,0.001420294377113246
22.414,5.8046334354346385,1.111242433074963,0.0008050928624081799
22.434,5.811910004956442,1.1116254311511173,0.0009755758889782029
22.454,5.818992169226456,1.111783484589375,0.0012643787247197946
22.474,5.825824888101573,1.1120307523976025,0.0009130743166607114
22.494,5.832680325962904,1.112401594770808,0.0012152530201805234
22.514,5.839312854610551,1.1125424676591218,0.0011531061768307593
22.534,5.846230631160499,1.1127461325192576,0.001076857122236069
22.554,5.852551598948067,1.1130634610214099,0.001049069992287821
22.574,5.859441501571405,1.1133249910738992,0.0009310827144632106
22.594,5.86658924443725,1.1134584576782716,0.0013949323402172864
22.614,5.872738921565669,1.1134932552705328,0.0008315023023216517
22.634,5.879794415922701,1.1138711397248156,0.0008956549951821546
22.654,5.886914639761241,1.1140030044850184,0.0012315546745225725
22.674,5.893345691237028,1.1141628683186473,0.0008741197192171091
22.694,5.900053076550917,1.1145145915850931,0.0008735555258980454
22.714,5.9071474896128,1.1146503425511447,0.0012573518374192905
22.734,5.913765492840249,1.1147500671199206,0.0013704393862344622
22.754,5.92029412094378,1.115043647153801,0.0008522134109893442
22.774,5.92751975290899,1.1153491715456887,0.0008791568483675627
22.794,5.93457699936971,1.1154867306134444,0.0012108791848252642
22.814,5.9412357239511655,1.1157196563450436,0.0008774243015314542
22.834,5.94804926596986,1.1160981169061543,0.0010864812572453364
22.854,5.9551291813366865,1.1162390426981599,0.0013778095017878966
22.874,5.961873528938102,1.116413496158041,0.0013555182165978785
22.894,5.9687125197722155,1.1167856759182717,0.0010146810727953703
22.914,5.975954088977962,1.1169883362389792,0.0011700788782036398
22.934,5.982964263945119,1.1172096908218947,0.00116447558649857
22.954,5.9895778319275506,1.1175833903193884,0.001194137293481251
22.974,5.996377927627735,1.1178868145321026,0.0011561462673665146
22.994,6.003008525731508,1.118024911433391,0.0014315455815698264
23.014,6.009855183982125,1.1183044710649586,0.0010721276810397307
23.034,6.016871913690422,1.1187086764721246,0.0014331643581391162
23.054,6.023679841697283,1.1188986233486684,0.0014562758222696759
23.074,6.030540518299641,1.1191592220344304,0.0013982177038397992
23.094,6.036913139697411,1.1195342101309624,0.001357545552237216
23.114,6.043868323676719,1.1198453472795908,0.0012438568338603018
23.134,6.050539275148692,1.120005993086257,0.0016668635975863877
23.154,6.056670432904357,1.1202027206181266,0.0011518942885269667
23.174,6.063130549475249,1.120596639384244,0.001351516935357594
23.194,6.069396647153505,1.1207441677327101,0.001520372841849832
23.214,6.074907844604678,1.120934023942923,0.0014640592020626342
23.234,6.079998223041017,1.1210800022758396,0.001475006776581328
23.254,6.085899203903283,1.121288483971296,0.0013813280552476825
23.274,6.092118759519457,1.1212971498193816,0.0012600020040577087
23.294,6.098887171781244,1.1213891933431637,0.0011285411402735535
23.314,6.105605178240941,1.12167818866735,0.0015690683877813139
23.334,6.112417346994856,1.1217748621287034,0.0014165816994454183
23.354,6.119300671838715,1.1218476177457724,0.001619831087906226
23.374,6.126371189667043,1.1221016097096925,0.0016558847467157412
23.394,6.133153839420746,1.1222948088169675,0.0018344766909821064
23.414,6.139918600710744,1.12241205309947,0.0013029136659769291
23.434,6.14723298048216,1.122532116798347,0.0013366195508096868
23.454,6.154262625190447,1.1227692737200154,0.001487233171111657
23.474,6.16120899380795,1.122836779430305,0.0011949978250893611
23.494,6.168024343535588,1.1228818203694055,0.0013550052744803476
23.514,6.174728320768191,1.1231517674020506,0.0016796208413981661
23.534,6.181571520999373,1.1232786664940293,0.0013625953939557789
23.554,6.188444320041962,1.1232652205412652,0.001461944806119303
23.574,6.195321370927286,1.1235248874662347,0.0016460028502346957
23.594,6.202335404353855,1.1237213645249577,0.0016669462521510248
23.614,6.208571827249989,1.123679310073645,0.0013484909043769144
23.634,6.215589474325809,1.1237835622831038,0.0012297185451159431
23.654,6.222652384909949,1.124060947518878,0.0017036880951854794
23.674,6.22913953321912,1.124212298859613,0.0012284794616466144
23.694,6.236312494513627,1.1242320377165937,0.001323693193665626
23.714,6.243459203253406,1.1244885116807055,0.0015830193443422957
23.734,6.25013947406702,1.1246137930876459,0.0013352888024955045
23.754,6.256555278023496,1.1246056931579442,0.0012358077484035113
23.774,6.263540590553392,1.12485983731871,0.0014721303743949476
23.794,6.270340432770403,1.125113699504877,0.0016311327002355436
23.814,6.276876224518638,1.1252628890053211,0.0010755588772664026
23.834,6.284008677005522,1.1253764967985913,0.0010944671493860747
23.854,6.291130125358903,1.1256757181551118,0.0014776833895136787
23.874,6.298092918579468,1.1258729110553767,0.0010970185137016697
23.894,6.304928430438144,1.1259534271755958,0.0014845172863528489
23.914,6.311358559167473,1.126225648513887,0.0012833836790338837
23.934,6.318254205962278,1.1264624798085967,0.0011223338964872487
23.954,6.324984279387126,1.1265290685687586,0.0012377127253888343
23.974,6.331787896215805,1.1267282725434522,0.0011252076669673594
23.994,6.33874029512034,1.1269980747110158,0.0014333305013517206
24.014,6.345033690443023,1.1270520330891123,0.0009396306443751057
24.034,6.351718000159165,1.1271626583948793,0.001011251789556078
24.054,6.3589043145410304,1.127475122131317,0.0012945847027520663
24.074,6.365328237621309,1.1277547061901836,0.0008942999248325312
24.094,6.372168834131539,1.1278495012306973,0.0010261068608516943
24.114,6.379251888347219,1.1281610108720228,0.0012253033358566312
24.134,6.386077028923563,1.128388120577041,0.001230074642433271
24.154,6.3923142887756805,1.128463637780659,0.0009871169115211464
24.174,6.399324727310427,1.1286955694532554,0.0008954754378820706
24.194,6.406245466268659,1.1290013415484152,0.001332472217455749
24.214,6.412993070313506,1.1292329853434322,0.0008646572324962909
24.234,6.419834491468992,1.1293237096263813,0.0009842524669899932
24.254,6.426311032834839,1.1296180116600114,0.0011584970216045598
24.274,6.432615493611711,1.1297874070891545,0.0009710667829770925
24.294,6.438372348979934,1.1298541966632993,0.0007418989042951019
24.314,6.4438743466646535,1.1299884782132252,0.0008206138227050963
24.334,6.449866448813964,1.130142047604018,0.0013453187468388528
24.354,6.45570792882251,1.1302222964514832,0.0009760780613246867
24.374,6.462343414325801,1.1301220808057704,0.0003621012872567497
24.394,6.469206534249086,1.130196036629064,0.0009419742808501608
24.414,6.476281074718099,1.1302542245648164,0.0010971009523818298
24.434,6.482954223722502,1.1302947509257453,0.0009099752632745206
24.454,6.488953042654637,1.1303047035341978,0.0008168679144072155
24.474,6.496009282681833,1.1303637745725341,0.0011390736981205796
24.494,6.503089421945854,1.1304190161825372,0.0009673668795491808
24.514,6.509140699008472,1.130416016062348,0.0005692589224373934
24.534,6.516375249761105,1.1304748599375518,0.0011194933889912828
24.554,6.523476584857457,1.13053031214348,0.0011488122481266017
24.574,6.529515018846573,1.1305549525561571,0.0005880972675650631
24.594,6.536661921361798,1.130583520974267,0.0010562172937653713
24.614,6.543761976540754,1.1306270313605205,0.0012480242143113052
24.634,6.55075074829095,1.1306622619161033,0.0010064354847977297
24.654,6.556962481093176,1.1306805186338562,0.000954236856931745
24.674,6.56404243093478,1.130716579404501,0.0013025252773206375
24.694,6.571137205937612,1.130759349513977,0.0011809152194299233
24.714,6.577027890776335,1.130789968753378,0.0007016839926987373
24.734,6.584254243016062,1.1308113247709588,0.0012963976072634664
24.754,6.591389768763143,1.130873038590786,0.0013522506335513773
24.774,6.5976247830938854,1.1308924264521436,0.0008418724195147775
24.794,6.604545087223316,1.130936333057721,0.001194861706047018
24.814,6.611648714789397,1.1309869312682523,0.0014340410826391425
24.834,6.6186488354863995,1.1310327146875023,0.001246916720494623
24.854,6.624755200254675,1.1310526090251067,0.0010187887682752694
24.874,6.6318559979458005,1.1311045063419871,0.0014603718908900998
24.894,6.63896223268705,1.1311552136071106,0.0013803358849044378
24.914,6.644885247894382,1.1311607399013013,0.0007684910896860186
24.934,6.652087110145052,1.1312144124701897,0.0014094161730055232
24.954,6.659213126732211,1.1312682718053633,0.001498556627736819
24.974,6.665716041165291,1.1313014087221023,0.0011501623373909586
24.994,6.672068991340665,1.1313492525184672,0.0012758836699662823
25.014,6.679215165160553,1.1313924249304674,0.0015541332623563997
25.034,6.686022006845376,1.131433423274761,0.001423908756191139
25.054,6.692284609279869,1.1314370308609256,0.001063545312288583
25.074,6.699409004771333,1.1315001530235806,0.0015222285404468405
25.094,6.706415057074005,1.1315490272272575,0.001552431285348932
25.114,6.712520040455654,1.131569078677541,0.0008436824775349683
25.134,6.719617410395694,1.1315807463091367,0.0014020039879352464
25.154,6.7267298502711075,1.1316369546969662,0.001531557901422509
25.174,6.7334613797860925,1.1316761122648178,0.001294868749666639
25.194,6.7396705110630055,1.1317000038706158,0.0012352828737488553
25.214,6.746779743622096,1.131745784867752,0.0015273267682568148
25.234,6.753663631786768,1.1317895437790941,0.0014717309167770753
25.254,6.759601909359502,1.131757773348369,0.0008941303662966249
25.274,6.766695838806881,1.131837457010681,0.0014271495700110548
25.294,6.7738022142457,1.1318916409179098,0.0014154883591433187
25.314,6.779969648945891,1.1319144095469396,0.0008493030988842298
25.334,6.7868928193891795,1.131951731783392,0.001265671067867541
25.354,6.79400636596368,1.1319925593125069,0.00143394832040869
25.374,6.80072130715528,1.1320292736132138,0.0011786628095290241
25.394,6.80701584315116,1.1320265037629877,0.0010025009843017685
25.414,6.814110190847096,1.1320762972007223,0.0013704148780385172
25.434,6.821058480662518,1.1321190734160007,0.001313150365195137
25.454,6.827169896995894,1.1320959978248168,0.0006902397724645737
25.474,6.834288976896371,1.1321606040330607,0.0012336090227874907
25.494,6.841350911316773,1.1322108630434258,0.0013257309703363085
25.514,6.847466074221983,1.1322237962199297,0.0007421015636736306
25.534,6.85444111308608,1.132218182119729,0.0010333051329152187
25.554,6.861531406311803,1.1322623351634018,0.0012488619678040491
25.574,6.868545603232514,1.132305885929405,0.0009994280334818806
25.594,6.8746839645868745,1.1322968057827971,0.0007935700936667345
25.614,6.881758229718311,1.1323446012657823,0.0011798214676986551
25.634,6.888712945628317,1.132384488871631,0.001175319801376723
25.654,6.894749709213467,1.1323894856079666,0.0004493295082770854
25.674,6.901891294295048,1.132470797502419,0.001053551932197666
25.694,6.908966991188657,1.1325029185800002,0.0011267064126554982
25.714,6.915330378096819,1.1325297162971202,0.000773948281607123
25.734,6.921782255568448,1.1325693193064232,0.0008271288476730532
25.754,6.9288704630669935,1.1326021039480485,0.0011102132319230351
25.774,6.935887109249699,1.132649721377847,0.0009303384156067462
25.794,6.941857153676403,1.132642340613436,0.0005808369252096324
25.814,6.948882220064439,1.1327217204325077,0.0010402457985790592
25.834,6.955958752354985,1.1327720699735981,0.0010026917531334167
25.854,6.961895101254822,1.132788243695755,0.00041806792601584153
25.874,6.968629859198069,1.1328242347962436,0.0009175997972312167
25.894,6.9757114021715205,1.1328733422001092,0.001066524344992853
25.914,6.982409391693922,1.1329071614648223,0.0008639919373678584
25.934,6.988430802940511,1.1329146621591464,0.0007593984713149537
25.954,6.995478767902589,1.1329618946501627,0.001077200618122276
25.974,7.0025539373548575,1.1330093090113798,0.0009046231998227905
25.994,7.008572642832339,1.1329966743821158,0.000485205485795559
26.014,7.015776326135962,1.133062744123573,0.0010378664617451683
26.034,7.02285939627708,1.1331051999285202,0.001051796019013701
26.054,7.029166148248465,1.1331254454399726,0.0005939235379017471
26.074,7.035801507153705,1.1331553310819857,0.0009372274936597369
26.094,7.042890970825268,1.1331933808804275,0.0011488805753323839
26.114,7.049624332940669,1.1332247429170272,0.0009957972765611278
26.134,7.055628224001526,1.1332468806883595,0.0008059667341253351
26.154,7.062717949782005,1.1332879870231043,0.0011775964836361341
26.174,7.069809785128577,1.1333232952791858,0.0010633305702281992
26.194,7.075931282397007,1.1333326965857244,0.0005239773974745898
26.214,7.082823810167666,1.133358824274627,0.0011480309604421368
26.234,7.089924658293076,1.1334017553514093,0.0012269620338848097
26.254,7.096388298370261,1.1334232068047034,0.0008921008809960607
26.274,7.102875029225201,1.133450619229878,0.0010359515565016297
26.294,7.109967725344562,1.1334871709101504,0.0013196791946921416
26.314,7.1167118786294115,1.1335138467563926,0.0012054825310436612
26.334,7.122895830114699,1.1335309427661524,0.0008619130972663536
26.354,7.129984024354208,1.1335696075668849,0.0013410220061428613
26.374,7.13708374114124,1.1336063851398055,0.0012946511931833937
26.394,7.1431222223155055,1.133621140775767,0.0007051029530730779
26.414,7.150032018529102,1.1336532199793494,0.0012839918904165304
26.434,7.157143555506126,1.1336899951170505,0.0014315509723177855
26.454,7.163580272554617,1.1337160603051668,0.0011550257424018384
26.474,7.169952653389025,1.1337353526420197,0.001144817024842093
26.494,7.1770559493226695,1.1337772739581446,0.0014792988467176305
26.514,7.184120571771762,1.1338176094325165,0.001348041358251978
26.534,7.190093360836887,1.133831760587495,0.0009176720025111107
26.554,7.197184210875481,1.1338730712993097,0.00146165256890321
26.574,7.204295187323019,1.133914788409296,0.0014749398521868295
26.594,7.2103519689632405,1.1339312371823749,0.0008955215949597028
26.614,7.217393442754448,1.1339889965706693,0.0013677900824383415
26.634,7.224506513220886,1.1340258356867416,0.0015441993929196096
26.654,7.231433166961957,1.1340601319966528,0.0013273203913286569
26.674,7.237627136949007,1.134087571137987,0.0011577985402664026
26.694,7.244742786299384,1.1341310734650714,0.001540357266516551
26.714,7.251829909043745,1.1341744333555681,0.0014397676939484627
26.734,7.257725722286959,1.1341877545175132,0.0008829352958001913
26.754,7.264780550269673,1.1342382112468419,0.0014621952685225925
26.774,7.271902073374151,1.1342846628255028,0.0014984651696547668
26.794,7.27863467593332,1.134321260075275,0.001196321380716514
26.814,7.285103253059253,1.1343710298624916,0.00130584122228114
26.834,7.292214514371354,1.1344080576287123,0.0015350598713480545
26.854,7.298663742202345,1.1344333538888816,0.0012575606220754099
26.874,7.305321344634515,1.134471871554164,0.0010399758482464716
26.894,7.312421163469762,1.1345201097307394,0.0014600857837019088
26.914,7.31952943697444,1.134567431984739,0.0013400757291974208
26.934,7.326118257618201,1.1345983388405902,0.0008358755158289766
26.954,7.333033634275915,1.1346404706571374,0.0013275491284748808
26.974,7.340138250441239,1.1346879946548158,0.0014250008362874933
26.994,7.346218069113828,1.1347075344810256,0.0009422735286401807
27.014,7.353102191689495,1.1347476136009873,0.0011074515358346915
27.034,7.360201339798726,1.134796393103816,0.0013718869332930983
27.054,7.367295872139425,1.1348449907840508,0.001111553388743386
27.074,7.373558239740117,1.134867569154248,0.0008081747216994728
27.094,7.380638716874629,1.1349165157835923,0.0012805683499483023
27.114,7.387680206916262,1.1349619935051016,0.0012660990074757905
27.134,7.393844061964732,1.1349829641098437,0.0005699543953047448
27.154,7.400850347895657,1.1350311330986103,0.0011161469773419697
27.174,7.407943238132553,1.135080777348751,0.0012324284228246163
27.194,7.414916065147075,1.1351254596576037,0.0009050354589226761
27.214,7.4212424404656,1.135153415486622,0.0008727616740523969
27.234,7.428325441724586,1.1352035956796958,0.0011963757455448476
27.254,7.435246725466502,1.1352452419772987,0.001116010866155398
27.274,7.441220179481344,1.1352664910024988,0.0005636566545328126
27.294,7.448291126938778,1.1353158717281577,0.0010918468459006347
27.314,7.455374984588928,1.1353653482597827,0.0010778777073146006
27.334,7.4617693857292124,1.135392566259228,0.0006317112901442212
27.354,7.468426554380096,1.1354327781529248,0.000923209272615938
27.374,7.4755063528041354,1.135482540557674,0.0011121010114892305
27.394,7.48205134313394,1.1355121203606782,0.0008931325486562225
27.414,7.48834541092962,1.135543383274771,0.0006891029851422426
27.434,7.495416279798435,1.1355942800275574,0.0010715441943825177
27.454,7.502444964738181,1.1356426081082862,0.0009981116942176516
27.474,7.508246398763309,1.1356569178162514,0.0003978571242928275
27.494,7.515591171520192,1.1357105305377937,0.0010042196504239376
27.514,7.522694548727647,1.1357611835829453,0.0010289116159117595
27.534,7.529061681146886,1.1357888278606294,0.0005772161020402566
27.554,7.535697600668892,1.1358266879867367,0.0008674797532055856
27.574,7.542775144076025,1.1358749680083335,0.0010854842203854576
27.594,7.549659623988742,1.1359153224073921,0.0008672579255329382
27.614,7.555791744322995,1.135937928457965,0.0006601016129859638
27.634,7.562870159271717,1.1359871668996802,0.001084289364873564
27.654,7.569869848756447,1.1360328512380544,0.0010701035088520883
27.674,7.575730104166976,1.1360482030162964,0.0004032519366676812
27.694,7.58278501989306,1.1361014430576082,0.0010323969265392807
27.714,7.58986885845904,1.1361498011738096,0.0011220257315346094
27.734,7.596507177764533,1.1361832376459462,0.0008400673312354001
27.754,7.602849141821548,1.1362154560996556,0.0009085386082416658
27.774,7.60994075773859,1.136263852934533,0.0011991865068722296
27.794,7.616873638648191,1.1363077770709384,0.0010918362747463495
27.814,7.622851622357814,1.1363361129744458,0.0007436866843463508
27.834,7.629922850012898,1.136391749767911,0.0012113356091765504
27.854,7.63696738853265,1.136437423359705,0.0012339900901182088
27.874,7.642919564656066,1.1364574117735555,0.0005592477418960295
27.894,7.649896958469292,1.136500420468692,0.00115361388060925
27.914,7.656993410593746,1.1365487164491361,0.0013060284928825272
27.934,7.66386955325449,1.1365888620083855,0.0010594664531057563
27.954,7.6702101768693955,1.1366174646787857,0.0010178761900013489
27.974,7.677304207365915,1.1366663928717131,0.0013793454834569452
27.994,7.68403566898372,1.136700315106192,0.0012956017403785158
28.014,7.690417610115625,1.1367299104559363,0.0008422824844494803
28.034,7.697575798859425,1.1367952559151795,0.0013612191465772472
28.054,7.704681129243952,1.136850130663253,0.0013730875491130556
28.074,7.711392712562547,1.136889091367489,0.0010279273734893624
28.094,7.717991396791542,1.1369289628587012,0.001274605592884115
28.114,7.72509875664787,1.1369830653814095,0.0014922404927291133
28.134,7.7316878554335124,1.1370167928837889,0.0012314599545395766
28.154,7.738238130046726,1.1370575859821668,0.0011035643879585277
28.174,7.745341426925583,1.1371127689376928,0.0015090813591591146
28.194,7.7524502184957225,1.137167319734508,0.0013898593866824294
28.214,7.758481790378525,1.1371872394282456,0.0007822025334850158
28.234,7.765506366986577,1.1372416275452328,0.0014489944249249098
28.254,7.77261922634392,1.1372973751918294,0.001524735515567338
28.274,7.77887516091118,1.1373192766142068,0.0011550086952699656
28.294,7.785424411779623,1.1373567741689201,0.0013029270911870394
28.314,7.792535383775862,1.1374098992012747,0.0015581809526626078
28.334,7.79953885185784,1.1374570912817235,0.0013597552288513448
28.354,7.80560799704976,1.1374790421841208,0.0010663949181064225
28.374,7.81272065796337,1.1375279621927008,0.0015201373139578644
28.394,7.819841260320645,1.1375760692231613,0.0014466155797967506
28.414,7.8259147739967965,1.137589805502564,0.0008834245819328845
28.434,7.83271909264677,1.1376361701274587,0.001396011542508152
28.454,7.839838658048016,1.1376882118726028,0.0015022779217285231
28.474,7.8465982196407476,1.1377240548846932,0.001239288311565112
28.494,7.85294542946441,1.1377567892659057,0.0011814342873088524
28.514,7.860050642660054,1.1378083434433277,0.0014839146484356691
28.534,7.86698974386122,1.1378521108585167,0.001372588281634779
28.554,7.872982356423134,1.1378656175140978,0.0009086478779462559
28.574,7.880044224610118,1.137920147697723,0.0013894931783990927
28.594,7.887149931046083,1.137967127932505,0.001350074388154654
28.614,7.893660767559814,1.1379950668780652,0.0009544903427616269
28.634,7.900262872932162,1.1380311930340132,0.0012112284602631418
28.654,7.907363917012629,1.1380792279760221,0.0013668373628946129
28.674,7.914065171778779,1.1381124791397808,0.0011562449680690978
28.694,7.920155453485241,1.138150427056682,0.0010033743852018162
28.714,7.927268594280195,1.1381925074811743,0.0013103949728416053
28.734,7.934367452747007,1.1382363233323964,0.0011294648528172857
28.754,7.94048834985808,1.138251093087592,0.0006364362848237937
28.774,7.947874824785558,1.1383026955115232,0.00120166592658294
28.794,7.954985372259785,1.1383479244059005,0.0011886266225251685
28.814,7.961207195449659,1.1383619485593537,0.0006246667869772848
28.834,7.968056412133677,1.1383962949128832,0.0010195617923765
28.854,7.975143875441797,1.1384363829765962,0.0011879759431304426
28.874,7.9821144231708105,1.1384728637600823,0.0009068271173177378
28.894,7.9883480550011585,1.1384934599538716,0.0007668837838588349
28.914,7.995425288768221,1.138534601824591,0.0011412632805921363
28.934,8.0024362647073,1.1385726017269984,0.0010668996645783468
28.954,8.008250637605856,1.1385851834286032,0.00044872782193713934
28.974,8.015283808142192,1.1386316217281125,0.0010257461204523366
28.994,8.022373197188523,1.1386729849116433,0.0010625956509212608
29.014,8.028922911074863,1.1386938980449555,0.0007098522649619798
29.034,8.035317659773979,1.138690796202458,0.000893301238070715
29.054,8.042423677884921,1.1387516290591522,0.001082172632577233
29.074,8.049227667365368,1.1387803032443864,0.0009355310270522943
29.094,8.055357860757017,1.1388002440482736,0.000610608438530641
29.114,8.062424913636765,1.138842987890001,0.0010521323844893404
29.134,8.069501701690594,1.1388842510308623,0.0009703448448697971
29.154,8.075484351199457,1.1388993202363322,0.00036620909377546584
29.174,8.082337396114113,1.1389359794974083,0.0009574946524393835
29.194,8.089417164876954,1.1389774376090813,0.0010619492306858103
29.214,8.096243203191166,1.1390105187500505,0.0008029894291775586
29.234,8.102525807695296,1.1390333999751754,0.0007976844280530027
29.254,8.109602731759788,1.1390744347080297,0.001108518584512247
29.274,8.116602768765675,1.1391132000500994,0.0009566613840372717
29.294,8.122614457628183,1.139128456418613,0.0005795824927557758
29.314,8.129685368613968,1.1391709940412573,0.0010932472019682116
29.334,8.136775569792134,1.1392130200237138,0.0010803586401245957
29.354,8.142940463178931,1.1392259817320747,0.000585326346253523
29.374,8.149628072876986,1.1392625366523303,0.0010133970899010025
29.394,8.156722448358812,1.1393040281083853,0.0011886613862978623
29.414,8.163656994794065,1.1393421059869662,0.0009585384263158803
29.434,8.169909615618218,1.1393717402804382,0.000902760152343085
29.454,8.176995846797688,1.1394160756211058,0.0012491823030119087
29.474,8.183729964038356,1.1394489921085926,0.0012075281070005606
29.494,8.190040195426594,1.139495674528433,0.000647637262567724
29.514,8.197114715510013,1.1395390364295563,0.0012292088416277214
29.534,8.204212697550897,1.1395832776875576,0.0012604606849584699
29.554,8.211205697094092,1.1396246338277838,0.0008698190742532919
29.574,8.217834063575625,1.1396544951131304,0.001136847613428027
29.594,8.224931778726223,1.139699166945901,0.0013929708488466253
29.614,8.231336752551064,1.1397212773560312,0.0010991527598626094
29.634,8.238196894384394,1.1397609495250371,0.0009760289354585616
29.654,8.245292485956918,1.1398071161629324,0.0014089414735762307
29.674,8.252397432880224,1.1398524213089076,0.001298648729466001
29.694,8.259158038262454,1.1398867758738092,0.0008151499626183889
29.714,8.266101217422321,1.1399269308132347,0.0013642941768985117
29.734,8.273052904495406,1.139964824468008,0.001525752672495273
29.754,8.279582219777136,1.139999639791349,0.0010178147667799509
29.774,8.28662814806037,1.1400448765776239,0.0012345468160450679
29.794,8.293738023742169,1.1400926043483648,0.0015145492455737875
29.814,8.300844098928591,1.1401402409952217,0.0012626472790094045
29.834,8.307431295038315,1.1401690656075514,0.0010145554096698817
29.854,8.314530690724625,1.14021836469109,0.0015076173636724421
29.874,8.321356000479128,1.1402533586460202,0.0015257410487838907
29.894,8.327901395434818,1.1402931120288309,0.0008399373093799789
29.914,8.334979023965499,1.1403372260034506,0.0014068839459410176
29.934,8.342095676636244,1.1403855191469805,0.0015276261937288704
29.954,8.349196365888632,1.1404340031275082,0.001121323320465606
29.974,8.355987170782251,1.1404692708709088,0.0012071752093913701
29.994,8.363093870440768,1.1405185213050348,0.001551833403931363
30.014,8.369531207122375,1.1405406619642977,0.0013547606270024048
30.034,8.3763771584915,1.1405734980624609,0.0009424772373971269
30.054,8.383474434878167,1.140623896718882,0.001466129432438068
30.074,8.390587781553712,1.140671980477264,0.0014367966126652976
30.094,8.397555689139256,1.140715185389113,0.0009801366001269685
30.114,8.404282545837468,1.140751056792209,0.0013033283789554706
30.134,8.411389694622878,1.1407994967965098,0.0014956295569972522
30.154,8.417693174650749,1.1408225197459334,0.0011334987027844245
30.174,8.424536691233968,1.1408644379383468,0.001058481903460723
30.194,8.431636514196883,1.1409151310343442,0.0014188660519665608
30.214,8.438739500009538,1.1409650228207913,0.001234552213335266
30.234,8.445529811305947,1.141004526073889,0.00070195612283111
30.254,8.452591453989108,1.1410516391197076,0.0013026235517656637
30.274,8.459420381662492,1.141088442281241,0.0014230062381374586
30.294,8.465913971811325,1.1411302826133374,0.0007896739403836506
30.314,8.473030957255814,1.141196509794782,0.0011075006239923135
30.334,8.48013298558027,1.1412295321410215,0.0012998305750448746
30.354,8.487220232936236,1.1412831894366764,0.0009678279722125926
30.374,8.494056055068206,1.1413299906088468,0.0008360587176836076
30.394,8.501153803982856,1.1413886225461989,0.0012453747756278333
30.414,8.507663632070166,1.1414063789392581,0.001141139040825384
30.434,8.51456547937527,1.1414464320931865,0.00041333818019298474
30.454,8.521639977244625,1.141498586849722,0.0010926444023338922
30.474,8.528729374980934,1.1415540584234245,0.0011448075376118139
30.494,8.53579912470121,1.141609683073886,0.0006728102504045819
30.514,8.542706786131733,1.141669746320616,0.0008708699723214697
30.534,8.549523346552748,1.1417070674953833,0.0011663849604557075
30.554,8.556402892187661,1.1417467812630666,0.0008950153844975994
30.574,8.563471035199877,1.141802624491804,0.0006514345418502099
30.594,8.57058219611701,1.1418656678823647,0.001071801126950711
30.614,8.57766559836028,1.1419296168277187,0.0009962824027455464
30.634,8.584416256160178,1.141976134848875,0.0005362318160862523
30.654,8.591186003612197,1.142025733119282,0.0009375284398544514
30.674,8.598263826486722,1.1420873825983677,0.0010870446621310537
30.694,8.60458530853567,1.142114425501001,0.0006899399148475593
30.714,8.611432993368886,1.142156497185003,0.0007426317332485111
30.734,8.618507042204335,1.1422189610700513,0.0010644997742208784
30.754,8.625581232185397,1.1422808323938074,0.0008478936043985752
30.774,8.632348322898306,1.1423232092218834,0.0004829469391144092
30.794,8.639402170561471,1.1423882799046055,0.0010231172759830875
30.814,8.64610688251041,1.142429454358737,0.0010951332768567856
30.834,8.652652495003165,1.142467144696177,0.0004649244226505034
30.854,8.65974576449305,1.1425255242503298,0.0009074153789581096
30.874,8.666836717888742,1.1425935177117181,0.001093903681665953
30.894,8.673912358718876,1.1426577099628292,0.0007494848670465681
30.914,8.680678430188896,1.1427019515107855,0.0007275817249062788
30.934,8.687751734354132,1.1427691447183335,0.00114037776170825
30.954,8.694185107771052,1.1428039071339575,0.001014570359097161
30.974,8.700990079903224,1.1428231772148458,0.0005131024717101029
30.994,8.708124127453807,1.142896426768721,0.0010965633689304366
31.014,8.71521102226867,1.1429646193990468,0.0011524395949321364
31.034,8.722166114311447,1.1430238185355135,0.0007784704498027817
31.054,8.728742153071954,1.1430676030505529,0.0009897039238517258
31.074,8.735829465430072,1.1431341716150396,0.001268247653712834
31.094,8.742147493855272,1.1431677086392005,0.000998124283816293
31.114,8.74895408088117,1.14319129651023,0.0008365532307001156
31.134,8.75604429911624,1.1432578497874217,0.0012834368521594253
31.154,8.763142140956527,1.1433209212411621,0.0011918016542311338
31.174,8.76980630691023,1.143365038918948,0.0007936826379410789
31.194,8.77665590189081,1.1434245108066672,0.0012439061312603528
31.214,8.783695814326677,1.1434829501801278,0.0014326122862357016
31.234,8.789937839825821,1.1435156277493685,0.0009288419170549178
31.254,8.796961211182847,1.1435517067478884,0.0011830941525549366
31.274,8.80408492382901,1.1436425112027881,0.0014288971877984002
31.294,8.811188422698308,1.1437030090089135,0.0012061630869329154
31.314,8.817502123723164,1.143748456351378,0.000951023305258758
31.334,8.824558925717527,1.1437962982053516,0.0014307375611875284
31.354,8.831641409915902,1.1438553640482856,0.0014530087991075913
31.374,8.837683846258287,1.1438789817804624,0.0008225511296479915
31.394,8.844779077423384,1.1438954125908902,0.0013392862403408257
31.414,8.851898265815851,1.1439919446591558,0.0015193498621111634
31.434,8.858632210681877,1.1440319399256653,0.0013405352758497913
31.454,8.86473981972831,1.1440473203037282,0.0012503953838356174
31.474,8.871819943442578,1.1441009276482474,0.0015417750606392666
31.494,8.87893260808379,1.144161655978595,0.001376566172399507
31.514,8.885006423327559,1.1441946051753242,0.0009227705711919998
31.534,8.892415446284566,1.144252328006171,0.0015005470506995466
31.554,8.89952560042184,1.1443122426958272,0.0015186344672604712
31.574,8.905890347715436,1.1443299473562434,0.0009305598449738384
31.594,8.912853079637756,1.1443812116497059,0.0013624276394066381
31.614,8.919964822207065,1.1444423614925063,0.0015333262593527075
31.634,8.927000629404956,1.1444993923194549,0.001250033923742594
31.654,8.933263841072266,1.144530223135332,0.0012103838604720918
31.674,8.94036929005542,1.1445894849997074,0.0015143954577254148
31.694,8.947321107047149,1.144642475620021,0.0014712266113167671
31.714,8.953408347290011,1.1446692551752695,0.0008413844785817859
31.734,8.960492922082896,1.1447316824661058,0.0014085455825475213
31.754,8.967602662541168,1.1447938599128031,0.0014380190708169482
31.774,8.974142432992009,1.1448327319352034,0.0010785036146926108
31.794,8.980674434624207,1.144880360246546,0.0012165397073228834
31.814,8.987782011745272,1.144942336760816,0.0014383779755562098
31.834,8.994621743362366,1.1449858386155651,0.0012546762145866919
31.854,9.00079166987258,1.145025672022858,0.0009441746989390376
31.874,9.007879876467618,1.145084045756301,0.001358111617622365
31.894,9.01498143123833,1.1451444948332823,0.0012454616906252824
31.914,9.021077288891242,1.145169643478359,0.0006905400488469715
31.934,9.028015236559314,1.1452258263211437,0.0012109609022417367
31.954,9.035118319475794,1.145287341861834,0.0012945824233614733
31.974,9.041355867080389,1.1453083412616585,0.0008248973767213952
31.994,9.048156609627274,1.1453612752123863,0.0009855608676818395
32.014,9.055242848145385,1.1454204413441034,0.0012527607555567755
32.034,9.062237203182363,1.1454735228062634,0.0010954308154949577
32.054,9.06822188810051,1.1455003246695987,0.0007581396953929009
32.074,9.075248812660515,1.1455471466577203,0.0011643021415668475
32.094,9.082308885103059,1.1456056780683164,0.0011339908096855422
32.114,9.088396646774866,1.1456327759927536,0.0004672301382407096
32.134,9.095389142020922,1.14568339362707,0.001004754953673137
32.154,9.10247370073195,1.1457445480956379,0.001128921836181962
32.174,9.109357343401754,1.1457952424695101,0.0008307899926549844
32.194,9.115681765000849,1.145834850972933,0.0007800005764921625
32.214,9.122756315775794,1.1458960461510241,0.0011103868741106082
32.234,9.12969790478901,1.1459493170994293,0.001028862216256754
32.254,9.135558341158072,1.1459777889367095,0.0004927869740904978
32.274,9.142620324116317,1.1460369636884338,0.001023067274152356
32.294,9.149707404449822,1.146099183017262,0.0010207636122526176
32.314,9.156109768286344,1.1461267367747099,0.0006112406122498193
32.334,9.162678841857844,1.1461568736758359,0.0008681200731719407
32.354,9.169780189526332,1.1462501331656472,0.0010723814534170373
32.374,9.17641863598744,1.1462931813132442,0.0008536078836835492
32.394,9.182812210197266,1.1463450415276701,0.0007045370323365274
32.414,9.189900854296573,1.1463991450051711,0.0010716989132923682
32.434,9.196985669147328,1.1464648080962478,0.0009500371690605858
32.454,9.20290202614024,1.1464889568776233,0.00040559815439952795
32.474,9.21008812753824,1.1465520390537947,0.0010130469862812963
32.494,9.21717230996396,1.146619903971756,0.001065991201937705
32.514,9.223749594348888,1.1466657442237334,0.0007441818654351506
32.534,9.230154314468681,1.1467442022850936,0.0008884402171541461
32.554,9.237246082395789,1.1467991813790133,0.0011486762017670904
32.574,9.244184127108328,1.1468570842775718,0.0009930018335323754
32.594,9.250219667484137,1.1468863828973368,0.0007070708443832341
32.614,9.257297118574888,1.1469535034964926,0.0011646470593238423
32.634,9.264357344268191,1.147019875606729,0.0011356790529155336
32.654,9.27020517133299,1.1470453957567657,0.00042906229910166793
32.674,9.277168423166207,1.1470944582211082,0.0011147443984922678
32.694,9.284260789756452,1.147161322292525,0.001240553647294973
32.714,9.29090801634161,1.1472029648430866,0.0009955573858059785
32.734,9.297169563847184,1.147238565339531,0.0009945381362369277
32.754,9.304268472882718,1.147303369809498,0.0013180516325528302
32.774,9.311172687885437,1.1473588805020147,0.00124987975560914
32.794,9.317137341960416,1.147379134556998,0.0008551043282872539
32.814,9.32432459832374,1.1474436048828098,0.0013127380220310791
32.834,9.331425428476035,1.1475240592456886,0.0013116697656905263
32.854,9.337767080948481,1.1475654484630078,0.0008714469623251619
32.874,9.34436497467936,1.1476263548139156,0.0012450448359472566
32.894,9.351469173409328,1.1477002359117876,0.001432253284839785
32.914,9.358109464289734,1.1477483841375042,0.0011958886604165053
32.934,9.364531249249724,1.1477936004379674,0.0011021238475207862
32.954,9.371646951322644,1.147855778750999,0.0014767865047757012
32.974,9.378725110440746,1.147926225871639,0.0013709409274769158
32.994,9.384696220210293,1.1479459838997428,0.0008612276937698116
33.014,9.391776878865151,1.1480202084412663,0.0014398154249350703
33.034,9.398888189253123,1.1480918083134648,0.0014813854267563265
33.054,9.405426331943593,1.1481361961867353,0.001128698165830111
33.074,9.411944785041904,1.1481862009975967,0.0013163305525413782
33.094,9.419066243300962,1.1482537703610771,0.001550692251890473
33.114,9.425938827508551,1.1483130869716438,0.0014024994042997896
33.134,9.431956225409367,1.148345297367997,0.0011008706367948984
33.154,9.439069502226609,1.1484197506639682,0.0015330767724035521
33.174,9.446187416830178,1.148491182198879,0.0014268246177242538
33.194,9.45251880500632,1.148523336340598,0.0009182405257593673
33.214,9.459428450943156,1.1485844253919628,0.0014385042205453946
33.234,9.466545908899118,1.1486606779358604,0.001532692124586732
33.254,9.472649045090355,1.1486926267100233,0.0010493130653317917
33.274,9.479621083745307,1.1487379759121812,0.001258203167305988
33.294,9.486748257885147,1.1487954767688806,0.0015153937397266448
33.314,9.493857111680525,1.1488736569550657,0.001271742701688089
33.334,9.500047969465683,1.1488862477496533,0.0010021443541390063
33.354,9.507119054808399,1.1489709560454553,0.0014521030902647503
33.374,9.514188373823137,1.1490445319177836,0.0014513519000615704
33.394,9.520165275300341,1.1490783345897442,0.0007546786013915285
33.414,9.527081257270268,1.1491276017069814,0.0012920153810395962
33.434,9.534185000778336,1.1491987585923549,0.0014186163987389144
33.454,9.54098518379174,1.1492539604424326,0.0011962989564087978
33.474,9.547180767343207,1.1492898854066573,0.001057353844769321
33.494,9.554276885025663,1.149364386680333,0.0013812745587815367
33.514,9.561233776110537,1.1494275699820595,0.001308673935260074
33.534,9.567036086338245,1.1494465399574954,0.0007347042040858898
33.554,9.574110777637943,1.1495230342030363,0.0012613270906605134
33.574,9.581212535886726,1.149596891050569,0.0012474680040195918
33.594,9.587551837502916,1.149627126184172,0.0007979106161047078
33.614,9.594202279102078,1.1496877447452523,0.0010738968434857998
33.634,9.601292268134483,1.1497612272792135,0.0012560520491086968
33.654,9.607870153827525,1.1498070869244483,0.001013605751914115
33.674,9.614277631897695,1.1498599730099384,0.000853878744835862
33.694,9.621390472591393,1.1499256741482307,0.0011886062903606887
33.714,9.628473473489366,1.1500032804035567,0.001034674383386891
33.734,9.63453703970871,1.1500147211885514,0.0004690745829422083
33.754,9.641586774498172,1.1501148117736169,0.0010698279668003574
33.774,9.648680063626925,1.1501909205852858,0.001098400141492678
33.794,9.655170178868174,1.1502361389774276,0.000728550319662763
33.814,9.661747782056354,1.1503101635996573,0.0009634993577850304
33.834,9.668870046118847,1.150386532893361,0.001112719832329634
33.854,9.675556454617345,1.1504462102518993,0.0009168295415201422
33.874,9.681942444619525,1.1504640659904253,0.000647665745287046
33.894,9.689020442471511,1.1505484197840583,0.0010680725932061264
33.914,9.695929906183473,1.1506220690730768,0.0010409872717419555
33.934,9.702159582416446,1.15063766329492,0.0003952444732782112
33.954,9.709279877542437,1.150734465075758,0.0009720636152439344
33.974,9.716359490131165,1.150811441817636,0.0010440800970832886
33.994,9.72326237205078,1.1508950804508271,0.0007241521531285433
34.014,9.729717771555572,1.1509441479643583,0.0008647531649800533
34.034,9.736856348057325,1.151038222902607,0.0010834739217205347
34.054,9.743512142031138,1.1511063531580907,0.0009427702064336019
34.074,9.749931818413112,1.1511337142941358,0.0005938469456537032
34.094,9.757047904738718,1.1512385852932732,0.001062290657755427
34.114,9.76412581631962,1.1513470894369378,0.0010208802056702326
34.134,9.770603628125043,1.1514125953234775,0.0006393690111691497
34.154,9.777258918657438,1.151471553099006,0.0009749163496869107
34.174,9.784339312257762,1.1515796798296227,0.0011489318517058922
34.194,9.790618263666286,1.151633066887704,0.0007877502709494888
34.214,9.797390984442401,1.151656230558388,0.0008598952949343819
34.234,9.804489783544767,1.1517625488188226,0.001187095006606409
34.254,9.811578190157745,1.1518735247856797,0.001012843593250018
34.274,9.817817153378499,1.151889669769164,0.000616719546129213
34.294,9.82495958574314,1.1520300747706205,0.0011820893473895588
34.314,9.831890570856041,1.1521251438985853,0.0012655994856753117
34.334,9.838354657023869,1.1522101108052796,0.000676970084577011
34.354,9.845466979622852,1.152306675815027,0.0011005574430952014
34.374,9.852560113561786,1.152427756130757,0.0013140518876865181
34.394,9.859613249182198,1.1525500021752757,0.0010613465404194222
34.414,9.865795583133687,1.1525771909214135,0.0009700715123818204
34.434,9.872890970500537,1.152701005011108,0.0013623105946625746
34.454,9.879718602066697,1.152797722255757,0.0013641537141268478
34.474,9.885982407844546,1.152820222791411,0.0007218006892378004
34.494,9.89312983367181,1.1529541098091,0.001320667242033724
34.514,9.900234688632935,1.1530861947234476,0.0014025428421445274
34.534,9.90704427564685,1.1531868519503428,0.0011215257238099963
34.554,9.913435049186873,1.1532649429225619,0.0012288318484503236
34.574,9.920550196983745,1.1533797786229774,0.001492456224796962
34.594,9.92710056395643,1.1534573487913373,0.0012882302514002353
34.614,9.933645287963696,1.1535006425211483,0.0010468419281206565
34.634,9.940776698036125,1.1536401778575356,0.001485994564269344
34.654,9.947885452461948,1.1537767614721774,0.0014290498141177332
34.674,9.95426670984665,1.1538509105910257,0.0009275876686270501
34.694,9.961032811241795,1.1539529705183793,0.0014015357773479176
34.714,9.968150162688671,1.1540828097904674,0.0015417446340592333
34.734,9.97447544815729,1.1541477536387283,0.0012317798453444495
34.754,9.981055516380716,1.1542407626704414,0.001223449526917414
34.774,9.988162569068354,1.1543747348222886,0.0015543384543322547
34.794,9.99509770918551,1.1544886378405488,0.0014951509324018786
34.814,10.001028750078586,1.154513454874959,0.0009769360013662243
34.834,10.008125813897143,1.1546727255813436,0.0014910778041224149
34.854,10.015236870194155,1.1548087978113597,0.0014831095013025375
34.874,10.021610307721083,1.1548784210074798,0.0010714008458546365
34.894,10.028144377753415,1.1549950308043129,0.0013406805581379633
34.914,10.035256736228186,1.1551252360186484,0.0015265348686947233
34.934,10.041801673580085,1.155204728721115,0.0012723141187823694
34.954,10.048287443437417,1.1552854323539354,0.0011084360790936387
34.974,10.055395793950318,1.1554153721454887,0.0014784909925417977
34.994,10.062498626141469,1.1555549043887599,0.001326533218232534
35.014,10.068538787181478,1.1555904613527352,0.0007989323293536021
35.034,10.075599981514927,1.1557407768030226,0.0013657207524310488
35.054,10.082725728917428,1.155883404313094,0.001393316260739158
35.074,10.088913692936789,1.1559579412120244,0.0008422387403535792
35.094,10.095889861538272,1.1560697608972967,0.0011759254368368943
35.114,10.103002305100075,1.156205942320179,0.001374538765755634
35.134,10.110000485340441,1.1563419340269132,0.001144984891933848
35.154,10.11620000202873,1.1563870285444113,0.0009589690298303921
35.174,10.123415544331285,1.1565477508164843,0.0013118947310749585
35.194,10.13017344392535,1.1566561608880235,0.0012960506722987652
35.214,10.136471023412042,1.1567108962007913,0.0006264653466580561
35.234,10.14358775093133,1.1568785168008493,0.0011564834704159421
35.254,10.150676995811114,1.1570418296082114,0.0012128468342562926
35.274,10.15753729272901,1.1571719516898826,0.0009068132681821217
35.294,10.164050195950445,1.1572752370378607,0.0009838882854218411
35.314,10.171171738138897,1.157438719039773,0.001209005192217949
35.334,10.177582680883233,1.1575341130172025,0.0009305656723146705
35.354,10.18439543821694,1.1576305642068654,0.0006949100110760775
35.374,10.191545556756637,1.1578170941376171,0.0011112260344409985
35.394,10.198624386886584,1.1579965021416398,0.001029586329301696
35.414,10.205211881613366,1.1581079139229706,0.0005962756093723098
35.434,10.21202404406142,1.1582733875003888,0.0009739845762933297
35.454,10.21911567733243,1.158426804143759,0.0010992050338235193
35.474,10.225384337266103,1.1585210695029706,0.0006867353386872388
35.494,10.2322199412202,1.1586669108347936,0.0008166503671289682
35.514,10.239333782545756,1.158848243739672,0.0010805411889105165
35.534,10.246405708214203,1.1590425435877405,0.0008851662671147398
35.554,10.25232551946864,1.1590529702812702,0.000494210013305324
35.574,10.259498101134511,1.1593151399203612,0.0010036983812957423
35.594,10.266573287417934,1.1594776929691113,0.0010214350228056335
35.614,10.272696753134122,1.1595769145611694,0.0004394530370278593
35.634,10.279700384343172,1.1597469597471122,0.0009262253337346815
35.654,10.286798391050686,1.1599313821610562,0.00108437942584233
35.674,10.293519903696566,1.1600775459870014,0.0009288396105215091
35.694,10.299498476443535,1.160158906533616,0.0007409407650170174
35.714,10.306554581285104,1.1603719884588057,0.0010949148379040263
35.734,10.313636448424944,1.160582580746051,0.0009663905793596272
35.754,10.31959334766725,1.1606300033481314,0.0004555369621394578
35.774,10.326753275031106,1.1608988944476548,0.0010626088643993503
35.794,10.33382440208698,1.1611003370639057,0.001118593103706128
35.814,10.340184533103736,1.161217897173057,0.0008084503210972205
35.834,10.346459474766819,1.1613670916082595,0.0009433473306394158
35.854,10.353570563749761,1.1615655921577865,0.0011944188063197636
35.874,10.360502225376898,1.1617622968647778,0.001033461336280156
35.894,10.366481958735625,1.1618458605359503,0.0007920706346927764
35.914,10.373541608824407,1.1620814119664435,0.001221183910539242
35.934,10.38062747827832,1.1623091957351137,0.001157820857533437
35.954,10.386575663511692,1.1623869552411619,0.0006367843732883738
35.974,10.39329843685152,1.162574121608779,0.0011719480810853666
35.994,10.400390808750517,1.162802713818593,0.0013062597709075086
36.014,10.407008260667372,1.162954572044225,0.0010951646428081774
36.034,10.413421420620718,1.1631288362309606,0.001106347295043636
36.054,10.420565515283808,1.1633616042187807,0.0013774732828148173
36.074,10.427211230024206,1.163517535080053,0.001293828980240469
36.094,10.433584933822424,1.163644642917325,0.0008622784341642264
36.114,10.440713157894407,1.163907838226197,0.0013759178568343855
36.134,10.447813273427322,1.1641529462564395,0.0013681221621006656
36.154,10.454394887573834,1.1643036064783767,0.0009812551308823192
36.174,10.46100966222698,1.1645014519318682,0.0012999633649831144
36.194,10.468124368910772,1.1647298855156842,0.0014872437458773036
36.214,10.474629746570294,1.1648763767292412,0.0012382950404803417
36.234,10.48113787740382,1.1650622858775266,0.001157303075482563
36.254,10.488268349325628,1.1653010834051043,0.0015087091467543001
36.274,10.495371558709122,1.1655523636153156,0.0013715944134243263
36.294,10.501385781438481,1.165621246864091,0.0008851461195404087
36.314,10.50848611692699,1.1659022801295362,0.0014620647497675943
36.334,10.515593712656209,1.1661559476858132,0.0015121129290552593
36.354,10.521965060201472,1.166289723506277,0.001171366002644142
36.374,10.528366997388227,1.1664728286358583,0.0013236046920068745
36.394,10.535483087795868,1.166726075929655,0.0015563378523072158
36.414,10.542447624972043,1.16695689082621,0.001369643175362395
36.434,10.548486942608015,1.1670490185418831,0.001125503435594366
36.454,10.555594093170216,1.1673149701255485,0.0015212480746923385
36.474,10.562699470324075,1.1675732688349332,0.0014317096512836969
36.494,10.56870486893651,1.1676741657524603,0.0008393002480681921
36.514,10.575893573529736,1.167951777559365,0.001419631744627281
36.534,10.583021434368195,1.1682121523500855,0.001502847990702827
36.554,10.589329979456894,1.1683684284149574,0.001017059352436206
36.574,10.59631234576073,1.1686002388216852,0.0012979680893466794
36.594,10.603474382070141,1.1688557706465326,0.0014877568463995405
36.614,10.610459565980868,1.1691066045005873,0.0013147136946430327
36.634,10.616440032918284,1.169193906235457,0.0009883741168491833
36.654,10.623513025521676,1.1694798867292437,0.00140550134485945
36.674,10.630610528886427,1.169760507105127,0.00133758483073948
36.694,10.63666262527511,1.16988432306944,0.0007238360354572815
36.714,10.643594514162542,1.170150762646364,0.0012576956002054718
36.734,10.650710911649826,1.1704118384347078,0.0013671504994255679
36.754,10.657047463459767,1.1705822638532786,0.0009463793398490905
36.774,10.663893763487666,1.1708113615712148,0.0010624809732461826
36.794,10.671039754071064,1.1711017992943251,0.001317902128679882
36.814,10.677796979978611,1.1713309986560918,0.001210435568484769
36.834,10.684124247295992,1.1714859272765856,0.0006774462911233459
36.854,10.691282079393833,1.1718477859110834,0.0012110202840005524
36.874,10.698368760434853,1.172142180429622,0.0011807067687597539
36.894,10.704589739356173,1.1723174289151652,0.0005969816788563564
36.914,10.71164265667223,1.1725808723932816,0.0010546206075252584
36.934,10.718747525252423,1.17286511451919,0.0011827480406075286
36.954,10.725658227960587,1.1731463402597928,0.000946760184274198
36.974,10.731873354071771,1.173285499684893,0.0008558416262651469
36.994,10.739080555882973,1.1736050479394837,0.0011436455933165335
37.014,10.745833763372207,1.173860321902448,0.0010877656011927805
37.034,10.752105270400335,1.174021741703656,0.0004998934479046313
37.054,10.75925335359064,1.174407051975253,0.0010403175548321375
37.074,10.766329819013025,1.1747118953801727,0.0010448344279520572
37.094,10.772982831423837,1.174973427434574,0.000678834896619851
37.114,10.77954941795824,1.1752105917109925,0.0009195809157854506
37.134,10.786664372421674,1.1755340750698513,0.001091924771173619
37.154,10.793204526762118,1.1757657060509115,0.0008928142895592295
37.174,10.799541863302489,1.175988460979265,0.0006608979924406511
37.194,10.806642068034058,1.1763463785337887,0.0010535986615285153
37.214,10.813715474721514,1.176699787868316,0.0009582604501048586
37.234,10.819677841563795,1.1768476855287222,0.0003416269085177448
37.254,10.826539096277713,1.1771536290849847,0.0009665145036516776
37.274,10.833611833541537,1.177508474417096,0.0010693670661026944
37.294,10.839859661963427,1.1776965151828642,0.0006403851868689026
37.314,10.846542707351501,1.1779998147115158,0.0008565366733362945
37.334,10.853629826510254,1.1783491223174634,0.0011104543124451915
37.354,10.860569685403362,1.178672871579413,0.0009944508237860472
37.374,10.866409846329695,1.178783806563056,0.0006364339430026678
37.394,10.873443233056316,1.1791333491005966,0.0010976783662303147
37.414,10.880524485919823,1.1794979915739394,0.0010653798827705563
37.434,10.886995100848553,1.1797385266227833,0.0006841113497570717
37.454,10.893753628794899,1.1800263151374404,0.0010789025607020886
37.474,10.900849773596653,1.1803791413013962,0.0012147806104623737
37.494,10.907345545744306,1.180688229066497,0.0008250518283614283
37.514,10.914337218600242,1.1810526768710294,0.0009160037130823417
37.534,10.92144626179458,1.1814351549574538,0.0012431439581604975
37.554,10.928523892131942,1.1818260044531184,0.0010702253563256714
37.574,10.935014604397892,1.18206365521222,0.0007285635910428134
37.594,10.942110763455327,1.1824456803163272,0.0012372705928384575
37.614,10.948957186127867,1.1827857169815532,0.0013302258350150198
37.634,10.955488859482942,1.1831064337570527,0.0007408589366220131
37.654,10.962593252741627,1.1835085898998483,0.0011614855966589066
37.674,10.96969889655845,1.183893640259979,0.0013720861583095267
37.694,10.976780785764344,1.184304462416422,0.0010693233814519643
37.714,10.983196159938188,1.1845312570134494,0.001002938712405227
37.734,10.990290841870088,1.1849471527418398,0.0014132287697956603
37.754,10.997035673913285,1.185276763200476,0.0014224018804916139
37.774,11.003327146862032,1.18552714993728,0.0008099745771273648
37.794,11.010472658784959,1.1859565645861838,0.0013723154128099657
37.814,11.017573381802917,1.186379024363727,0.0014490876789616525
37.834,11.024472358492718,1.1867580079577114,0.0011727238641261462
37.854,11.031019315029498,1.1870551871215396,0.0012885153865549726
37.874,11.038170778360344,1.1874771929819332,0.0015323494278599026
37.894,11.044732763022413,1.1877920627542624,0.0013401686222714315
37.914,11.051302440005715,1.1880886524374705,0.0010667261094729763
37.934,11.058490231317059,1.1885491918818485,0.0015107219278551187
37.954,11.065587453958306,1.1889977957248408,0.0014536206318511713
37.974,11.07193396116268,1.1892701281789904,0.0009826585697678136
37.994,11.078790732178078,1.1896881825731043,0.0014116268200694004
38.014,11.085903903223574,1.190124579820979,0.0015462277661622559
38.034,11.09249144196214,1.19047357847713,0.0012569926431897083
38.054,11.098955698143095,1.1907926002321065,0.0012535325808681608
38.074,11.106071390716092,1.1912436326619311,0.0015468495567239893
38.094,11.112902435080251,1.1916432812451798,0.0014964985995404023
38.114,11.118928442771805,1.1918480023871965,0.0009251580831874662
38.134,11.12604579704582,1.1923530311276365,0.0014663258453704031
38.154,11.133140412782872,1.1928216251646842,0.0014554074068544032
38.174,11.139378500222843,1.1930938900918564,0.000918042605421221
38.194,11.14620940726962,1.1935282344757034,0.0013049093293952263
38.214,11.153301586209306,1.193999680245945,0.0014751789002584448
38.234,11.16016042648026,1.194414881986829,0.0012459407691636504
38.254,11.166254846781476,1.1946646521371,0.0011117846085656191
38.274,11.173353228208358,1.1951319495920703,0.0014301738148937981
38.294,11.180396594242506,1.1955992678544003,0.0013135527087369536
38.314,11.186373325019595,1.1957982423560063,0.0007538185548470744
38.334,11.193392147127566,1.1962749371130046,0.0012964297170973138
38.354,11.200475480227416,1.196751755676368,0.0013321361082703764
38.374,11.20672207177697,1.19703881705316,0.0008360129692309703
38.394,11.2135151047207,1.1974569964406758,0.0010972280633449183
38.414,11.22060944658623,1.1979138141419392,0.0013199243395429217
38.434,11.227278716897118,1.1982975218958538,0.0011005705336851745
38.454,11.233602564141624,1.19860307805915,0.0008469397561185199
38.474,11.240697919393124,1.199095268963792,0.0012319240473084025
38.494,11.24771315079234,1.1995647646373582,0.0011800602464162313
38.514,11.253723834782628,1.1998283576372335,0.0005424526100053229
38.534,11.260923044570117,1.2003618616295475,0.0010905151486089726
38.554,11.267996920011532,1.2008215386673213,0.0011679874134382928
38.574,11.274303899541518,1.201136559578595,0.0007067039506223338
38.594,11.281039375964877,1.201575339577467,0.0009222751859644385
38.614,11.288125174626916,1.2020668022975185,0.0011465943804723766
38.634,11.295028080695452,1.2025291062747103,0.0010031462606984454
38.654,11.301094674146658,1.2027476180745729,0.0006343633712203034
38.674,11.30816758984008,1.2032832687167698,0.0010737210320067025
38.694,11.315227911719171,1.2037899054008123,0.0010171434454346318
38.714,11.321260789364485,1.204100484868862,0.0003691673842388943
38.734,11.328262248480353,1.2045950874957239,0.0009436686622172341
38.754,11.33532345770016,1.205083045098716,0.0010678957155582924
38.774,11.341929127607633,1.2054696900081627,0.0008332251528509471
38.794,11.348257006538221,1.2058063286483696,0.0008172238281687894
38.814,11.355399006789948,1.2063184872168586,0.0010763587474617864
38.834,11.362103116708255,1.2067579156890582,0.0010191825417792955
38.854,11.368238407116957,1.207055788028393,0.0005067892345968494
38.874,11.375332890397262,1.207628601265572,0.0010237184742205307
38.894,11.382390085931984,1.2081596345164365,0.0010288356578584124
38.914,11.388541915508084,1.208465242054511,0.0005613575619990152
38.934,11.395303527913105,1.2089040250865564,0.0009131873596157636
38.954,11.402367717501292,1.2094328509679475,0.001108952586363121
38.974,11.409045932768773,1.2098724810773778,0.0008845306370695583
38.994,11.415346151208684,1.2102258854732184,0.0007858043159860717
39.014,11.422459319958145,1.2107618538835212,0.001134727799240537
39.034,11.429340249402472,1.2112607242920541,0.0011049433841106848
39.054,11.435417242662743,1.211553612535133,0.0005579867383506687
39.074,11.442537028638105,1.2121513183026973,0.0011077774792659367
39.094,11.449597308876784,1.21267283936223,0.0011645103153718195
39.114,11.456007857768586,1.2130585189073329,0.0008244049461440806
39.134,11.46257523694191,1.2134914312451086,0.0010579124472929746
39.154,11.469700889764349,1.2140391172182545,0.00126585692248396
39.174,11.476227155057206,1.214472625427265,0.0011002029410606406
39.194,11.482651506864217,1.2148809749782992,0.0008461031261700891
39.214,11.489784808811647,1.2154797006805451,0.0012859872146830098
39.234,11.496854389560818,1.2160558912000727,0.0012287589819450773
39.254,11.502852137863677,1.2163654278416887,0.0006837057539363367
39.274,11.510070189435975,1.2169658318642196,0.001229339497368337
39.294,11.51713769008199,1.2175189840172445,0.0013645520386653398
39.314,11.52364077458355,1.217971869526611,0.0010702549180106602
39.334,11.530100433260017,1.2183938224879567,0.001234978452634733
39.354,11.53732875178712,1.2189905633742222,0.0014410833672807155
39.374,11.543885954037016,1.219476675777798,0.0012686502101123542
39.394,11.550465387391066,1.219921719512549,0.0009200612116758433
39.414,11.557631651763844,1.220576627130622,0.00142690011671176
39.434,11.564712013460944,1.221206376867939,0.001405785245552682
39.454,11.571036138551358,1.2216424255741072,0.0009084107889490711
39.474,11.577862805751097,1.2221978486647127,0.0013641979480195632
39.494,11.584981200537253,1.2228122240504853,0.0015199770635792031
39.514,11.591469026721626,1.2232971328053543,0.0012864897063752656
39.534,11.597955460377284,1.2238113588440094,0.0012391188203370596
39.554,11.605112918786753,1.2244640356896892,0.0015563348741989558
39.574,11.611888670772881,1.2250510385741822,0.0014572719254022648
39.594,11.618332214845934,1.225506489581633,0.0010096575845298383
39.614,11.625507642982317,1.226227442368415,0.0015228465825852244
39.634,11.632603480782757,1.2268744832510634,0.0014971605195511217
39.654,11.639014626956891,1.227363901119856,0.001131948723196552
39.674,11.645668916976684,1.22791074005773,0.0013522912240831464
39.694,11.652777311129924,1.228576329177514,0.0015503218814907904
39.714,11.659357682138166,1.229139629499405,0.001349520682565608
39.734,11.66565798873423,1.22960906541848,0.0011216281672831174
39.754,11.672814489688625,1.2303566633747423,0.0015042227551948228
39.774,11.679892596310829,1.2310537513136344,0.0013957200695793037
39.794,11.685810415424237,1.231441581472553,0.0009195180949928827
39.814,11.692918798741623,1.2321721393869693,0.001414896284050421
39.834,11.699960030842583,1.2328439647332445,0.001497796749259872
39.854,11.706363006379265,1.2334205016112851,0.0009790565030487197
39.874,11.713337858826675,1.2341025118098632,0.0012637652325881987
39.894,11.72048797993704,1.2348414380891715,0.0014339616227463103
39.914,11.727450695534504,1.2355673923233255,0.0012522156844381738
39.934,11.733467319216805,1.2359889852925365,0.000930006243022391
39.954,11.740684651009248,1.2367731674985247,0.0013683712013726201
39.974,11.747733625647353,1.2375370906317238,0.001279145394779302
39.994,11.75380507760477,1.2380230312047678,0.0006876937198370681
40.014,11.76082124153263,1.2387867397546346,0.0012000355457385259
40.034,11.76788079709364,1.2395432721838888,0.0012980544929730442
40.054,11.774364054432594,1.240144865280561,0.0009713863901248121
40.074,11.780906224950266,1.240793590640112,0.0009769316115405824
40.094,11.787987474520477,1.2415661275803296,0.0012454009265802923
40.114,11.794943282082299,1.242317548232911,0.0011164265651093241
40.134,11.801008705865375,1.242764059057382,0.0006581678160421101
40.154,11.808098957829404,1.2435911851722037,0.00115477784858517
40.174,11.815139296084645,1.2443754314807551,0.0011307348408834406
40.194,11.821112987382929,1.2448771158078813,0.0005723707237865194
40.214,11.827950389828626,1.245602352120511,0.0009761209386305869
40.234,11.834996894040298,1.246389128763838,0.0011350509436578726
40.254,11.84177929281295,1.2471165686977077,0.0009031890985526925
40.274,11.848043390864781,1.2476781838451545,0.0007794881604642756
40.294,11.85516034716805,1.248481001164212,0.0011057158750308327
40.314,11.861696614228526,1.2491526678252052,0.0010227932406592088
40.334,11.868106565373187,1.2497852507452942,0.0005094427058033313
40.354,11.87520554058892,1.25068741651856,0.0010062246956018817
40.374,11.882247592171632,1.25148114423774,0.0010312315156280338
40.394,11.888876276662305,1.252190039564396,0.0007103226692471154
40.414,11.895436066728607,1.2528914993920708,0.000918640514947805
40.434,11.902570226166617,1.253720312158521,0.0010817982261804027
40.454,11.908892382705991,1.254411408111307,0.0007830898287222443
40.474,11.915670396574345,1.255143559816196,0.0006646859538114447
40.494,11.92275860211542,1.2560033713212768,0.0010573667411867549
40.514,11.929784509450327,1.2568592017423887,0.0009536392190284126
40.534,11.936015812632583,1.257466776150324,0.000474939155869325
40.554,11.943029443905786,1.2583156200590393,0.0010519895558379622
40.574,11.949930057273873,1.259106912376675,0.0011307284442818033
40.594,11.956461679439606,1.2599429251208694,0.0006405324129246381
40.614,11.96348320189542,1.2607537478219664,0.0008838114485641146
40.634,11.970521478222237,1.2616189352190508,0.0011409769785316881
40.654,11.977547704361475,1.2624932017241988,0.0009154325478751002
40.674,11.98363279345628,1.2630262191267643,0.000633097507941216
40.694,11.9907853509993,1.2639625523334947,0.0011609118477663716
40.714,11.997656630307723,1.2647950883843273,0.0012368508266906997
40.734,12.003732173592525,1.2654394382642966,0.0005349349384585755
40.754,12.010801327480262,1.2662878450900763,0.0011354601744989756
40.774,12.01786216453299,1.2671562842823763,0.0012455194169015693
40.794,12.02438709439785,1.267899857886103,0.001037312828192971
40.814,12.030719208393817,1.2685698362141273,0.000991519495085691
40.834,12.037811419799125,1.2694721617171068,0.0013052243834069388
40.854,12.044755766461732,1.2703455740560092,0.0012374802699417209
40.874,12.050775127425021,1.2708888032002674,0.0007895952323558053
40.894,12.057821943879226,1.2718269707664924,0.0012985670637185587
40.914,12.06481810977292,1.2727182798466594,0.0013822351366760965
40.934,12.070935854962777,1.2733921868956615,0.0008191678937252422
40.954,12.07792464547575,1.2742429088286908,0.0012969060335584481
40.974,12.085019137263805,1.275151495418252,0.0014273734588350628
40.994,12.09185623476048,1.2759859155069968,0.001281621911559283
41.014,12.09804222033824,1.2765783594566458,0.0010853082110623968
41.034,12.105125602198319,1.2775157966570407,0.0014634599369422185
41.054,12.112032843847487,1.278393831554915,0.001439702508995444
41.074,12.11821326336873,1.2790623658369031,0.0009191670821536435
41.094,12.125318249094091,1.2799803308636537,0.0014243592871895638
41.114,12.132372757685228,1.2808998428098108,0.0015035524749741624
41.134,12.138600042237226,1.281621905075161,0.001050514122854368
41.154,12.145416309545876,1.282511432478263,0.0013089527830771053
41.174,12.15248572684029,1.2834359660381371,0.0015465830391792057
41.194,12.159121032279796,1.2842430839820396,0.0013750076308130244
41.214,12.165480938433133,1.284954281248085,0.0010230680005237913
41.234,12.172582163295614,1.2859492974215208,0.001517765059604964
41.254,12.17949843097855,1.2868445904141272,0.0015420595729193631
41.274,12.185685747105614,1.2875558409968915,0.00093866189526845
41.294,12.192761108341474,1.288478883514545,0.0014826023050357184
41.314,12.199851523191484,1.2893965918186858,0.0015360056680244483
41.334,12.206221685268186,1.2901363629373213,0.0011577794960319354
41.354,12.212864143099665,1.2909811317467652,0.001266111361031802
41.374,12.219963112030525,1.2919278803197092,0.0015182026063784992
41.394,12.226761228044161,1.292826902510997,0.0014513503681581053
41.414,12.232824745199958,1.293461968243966,0.000998701877624214
41.434,12.23990348626729,1.294468055753415,0.0014333404794633908
41.454,12.246917598637824,1.2954172848570455,0.0014665677103165298
41.474,12.252903951615453,1.2960762510680321,0.0008526940260843996
41.494,12.259789249552462,1.2969858784599828,0.0012912353468176874
41.514,12.266855755738117,1.2979334556403197,0.0014274588389447673
41.534,12.273533364862045,1.2987910979468302,0.0012050025951065024
41.554,12.279738845161592,1.299483529011614,0.0011140940727152604
41.574,12.286974410081053,1.3004842881112009,0.0013865439435030436
41.594,12.29359318071912,1.3013556125838464,0.001256717156130488
41.614,12.30002522787323,1.3021857827214012,0.0007458682806268935
41.634,12.307171269454084,1.303283993500468,0.0012879921842048336
41.654,12.314222482521563,1.3042672840533418,0.0012554394775854405
41.674,12.320898581415593,1.305162018533071,0.0009183459935321048
41.694,12.327414351311438,1.3059960590537154,0.0010614801819282815
41.714,12.33447407007924,1.3070041834603388,0.0012601220729219764
41.734,12.34086760889505,1.3078451839568705,0.0009635087720202551
41.754,12.34745162015302,1.308742623209383,0.0008111962461866407
41.774,12.35455970850375,1.3097953442533647,0.0011785918398064255
41.794,12.361569669687617,1.3108329525936213,0.0010650105836812196
41.814,12.367467498349498,1.311493908269239,0.0005206562080639909
41.834,12.374545839961408,1.3125676891297289,0.0010309377913827744
41.854,12.38155794747184,1.3135852813987277,0.0011139422848711888
41.874,12.387736107579382,1.3144470744198653,0.0006182625455824486
41.894,12.394612458439926,1.315431919738808,0.0009620088376465497
41.914,12.401717862780075,1.3165011247349305,0.0011175363765226765
41.934,12.408446225054739,1.3174952264782225,0.0009957364865056662
41.954,12.414532517801096,1.3182215182343857,0.000620822037609714
41.974,12.421564087341558,1.3193507256785841,0.00105115358611374
41.994,12.428538787178457,1.32042506727019,0.0010179972247354452
42.014,12.434504841134885,1.3211889187775678,0.0005054252604453913
42.034,12.441470744017039,1.3222904640887139,0.000991597926894433
42.054,12.44847178014497,1.3233462099435864,0.0010932255365602994
42.074,12.454735939939699,1.3242256922627715,0.0006575545834152097
42.094,12.461552389803995,1.32527654187465,0.0008595774123888733
42.114,12.468653785872924,1.32639388329141,0.001108455004324993
42.134,12.475640411789879,1.3274952126552586,0.0008815071252275541
42.154,12.481667729309567,1.328228012492582,0.0005700811738800216
42.174,12.488789059643153,1.3294191043150223,0.0010575464978309634
42.194,12.495469466425597,1.330412222533802,0.0011254194241636373
42.214,12.501880172989242,1.331406870323132,0.00046432109270427846
42.234,12.508899521708477,1.3324852008827035,0.0010400318880685322
42.254,12.51594758202083,1.3336031435453977,0.001137892549520625
42.274,12.522660370604545,1.3346536162300089,0.0009466404560687092
42.294,12.528764852333602,1.335475830833591,0.000863462103602497
42.314,12.535998018567815,1.3366791171403374,0.001195060007755211
42.334,12.54280193452879,1.3377764634836646,0.0011654631506756163
42.354,12.548792223992539,1.338581552989751,0.0007155611500495318
42.374,12.55579271631611,1.3398142096667665,0.0011644074131963722
42.394,12.562764911363816,1.3409471862086293,0.0012737834209177734
42.414,12.56873924781144,1.3418504502023643,0.0007176671881258256
42.434,12.575657805213845,1.3429565326580797,0.001157167931987585
42.454,12.582712952328349,1.344129532090815,0.0013348823976019053
42.474,12.58907089131978,1.3451215629799564,0.0010806470421726166
42.494,12.595705567788523,1.346139118194353,0.0009152685187063803
42.514,12.602786710599066,1.3474174458209651,0.001322939556098579
42.534,12.609797389092257,1.3485683127106725,0.0012806036834758505
42.554,12.615822637783568,1.3494019786708393,0.0008128670708807961
42.574,12.622920989638006,1.350608631735448,0.001335241888755473
42.594,12.629910158091864,1.3517648753900717,0.0014574059925784033
42.614,12.636114383746522,1.3527199538367123,0.0009711722877096818
42.634,12.643115282657426,1.3538616511884876,0.0012427108868215964
42.654,12.650147712434176,1.3550586209779247,0.0014981668455021635
42.674,12.656846349468996,1.3561802623331523,0.0013402438861733201
42.694,12.663141361906664,1.357093441531512,0.000987636597937075
42.714,12.670277702757655,1.3584186160107399,0.0014812401741563508
42.734,12.677065783756479,1.3595532895529234,0.0015341708602504833
42.754,12.683491689555531,1.3607070876893053,0.0008654978305256689
42.774,12.690532074665793,1.3619137904369556,0.0014766803750933255
42.794,12.69753315901626,1.36311123093065,0.0015168383189429757
42.814,12.704492194533813,1.3643045715179325,0.0011913212281698393
42.834,12.71091092769609,1.3652988665876913,0.0012401096220606977
42.854,12.718022144752945,1.366538587554439,0.0015816941809995433
42.874,12.724582005057963,1.3676286550556127,0.0013641165948248823
42.894,12.731536324295233,1.368788675205658,0.0010395487935350722
42.914,12.7385466144136,1.3701072514672683,0.0015253571897271
42.934,12.745581574662479,1.37132523834673,0.0014788216241137242
42.954,12.752038105344036,1.372363505346514,0.001039422739429835
42.974,12.758737894595418,1.3734935454006585,0.001441267173760613
42.994,12.765873862651523,1.3747444981500003,0.0015319619860008626
43.014,12.77210465278685,1.375833353922575,0.0011613810905933275
43.034,12.778956787989774,1.3769780949289896,0.0011199491536851292
43.054,12.786008381372834,1.3782766700726028,0.0014627266751365275
43.074,12.793002416430289,1.3795441748863502,0.00131721182097988
43.094,12.7991185435611,1.380472772075667,0.0009301476400510322
43.114,12.806145398063016,1.3817946645464614,0.001412798582067748
43.134,12.812995118800607,1.3829907607843974,0.0014436977608553447
43.154,12.819389601835539,1.3842440008324775,0.0008815568603404711
43.174,12.826355666673264,1.3854484293913143,0.0012404108209164988
43.194,12.833368482712624,1.3867336605471259,0.0013705328856879473
43.214,12.84025021370294,1.3879907968389968,0.0011724684687016707
43.234,12.846307875335098,1.3889091097675237,0.0008794780381891354
43.254,12.853454252731785,1.3902845082500317,0.0013123332569445478
43.274,12.860026669155996,1.3914738834527198,0.0011969507755749675
43.294,12.866780493422167,1.392708952823647,0.0007338280558483179
43.314,12.873774889828065,1.3940475195994004,0.001166522253804314
43.334,12.880770994637064,1.3953520922709675,0.001212015249585835
43.354,12.887495299190387,1.396594981628707,0.0008773138753646881
43.374,12.89390911865044,1.3977167828746941,0.000995731140378403
43.394,12.901026758952385,1.3990786681783487,0.0012364040681024369
43.414,12.907275617327691,1.4001741871753954,0.0009516236412946966
43.434,12.914111227769327,1.4014055383946733,0.0006658233797142143
43.454,12.921114016450078,1.4028299793838976,0.0011184060546257923
43.474,12.928072454296062,1.4041631481769048,0.0010501847314894064
43.494,12.934307290313022,1.4052731975808848,0.0005804555698272484
43.514,12.941047653939266,1.4065524916596102,0.0010735729639349822
43.534,12.948053442486007,1.4079057024280053,0.0011764460524855969
43.554,12.954296305629965,1.4090852464000074,0.0007002346883955568
43.574,12.96112579572165,1.410407452166667,0.0008238698317466486
43.594,12.968165469735421,1.4118418173291467,0.0010991491057929237
43.614,12.975009326266875,1.4132155227717882,0.0009880190584075632
43.634,12.980881659438076,1.4142318725263008,0.0005348925908328916
43.654,12.987985737018535,1.4157638551290295,0.0011046439160394272
43.674,12.994847911924083,1.4170976202391192,0.0011100015516693762
43.694,13.000961403375872,1.4183039901895516,0.0004715793287674297
43.714,13.007899904965488,1.419713340986738,0.0009817056664207513
43.734,13.014877417070089,1.4211463037213583,0.0010858147561324805
43.754,13.021352373099004,1.4224125945283483,0.000920903160573
43.774,13.027648618506593,1.4236084630903676,0.0006987258742563729
43.794,13.034610363610208,1.425086639649559,0.0010822115265488041
43.814,13.041361738915363,1.4264718632178242,0.0010667706619346684
43.834,13.047527018519627,1.4276204560625727,0.0006040517654155586
43.854,13.054473788283211,1.4291161923577371,0.001092512265767287
43.874,13.061435630854254,1.430556052993828,0.001116631633118731
43.894,13.067613726890876,1.431736730975752,0.0007034740780804127
43.914,13.074268355176633,1.4330960248574265,0.0010019863625501668
43.934,13.081258698988082,1.434555704029352,0.0012035408324107821
43.954,13.087559329934964,1.435809612018085,0.0009695453874104254
43.974,13.094155145285137,1.437154931657697,0.0007682501562723543
43.994,13.101177549814388,1.4387261030092988,0.0012239488277784316
44.014,13.108069555504006,1.4401430830122601,0.0012191906079798975
44.034,13.114054453771624,1.4412637230907301,0.0007143442059904803
44.054,13.120953210783297,1.4427524498745306,0.001234446670573458
44.074,13.127939848864473,1.4442142318614664,0.001308302913492848
44.094,13.134079459014322,1.445414563609414,0.0009423845226892436
44.114,13.140697172479744,1.4467829712212978,0.0011222100830921844
44.134,13.147732677077904,1.4482819213166762,0.0013835866589454182
44.154,13.154312325666302,1.4496367024222967,0.0012630667712436316
44.174,13.160624717311414,1.450865052795412,0.0008770574962842781
44.194,13.167622063122053,1.4524392382251874,0.0013869351399092844
44.214,13.174574724922882,1.453905988155507,0.001381687589871311
44.234,13.18044093480273,1.4550271238896861,0.0008370970920421883
44.254,13.187266312511472,1.4564918339644939,0.001363933176030424
44.274,13.194250432906168,1.4579936312026736,0.0014892790376973275
44.294,13.200466790542599,1.4592487532248521,0.0011512003407609106
44.314,13.207144733093099,1.4606242352257186,0.0012095869888203714
44.334,13.214180276593888,1.4621674371864657,0.0015426302276270731
44.354,13.221127947512736,1.4636840026394888,0.0013609253032262902
44.374,13.227129218275069,1.4647882922521143,0.0009991645183982656
44.394,13.234084359143377,1.466348394085662,0.00147267496179726
44.414,13.241036864623414,1.4678662358839014,0.0015122582963594533
44.434,13.246953420818464,1.4690402754073908,0.0009558316077806217
44.454,13.253790662802226,1.4705608456979227,0.0013920444608884752
44.474,13.260790268701028,1.472091625235002,0.0015570266778511255
44.494,13.267068735748296,1.4734016136412003,0.0012542102089984908
44.514,13.273625661411835,1.47480532261552,0.0011496536712347627
44.534,13.280651958525805,1.4764008019383883,0.001531348036713731
44.554,13.28759423009072,1.4779351095274404,0.0014206500546803391
44.574,13.293492993127572,1.47904107521407,0.0009067665205648168
44.594,13.300574237291888,1.4806551976920117,0.0014855194143756079
44.614,13.307531736877623,1.4822093504073814,0.0014964400547145262
44.634,13.313689718879994,1.4835295538938378,0.00099747872169631
44.654,13.320479152021328,1.4850413927223445,0.0013344774648038904
44.674,13.327525111804547,1.486653990527118,0.0015057596747164448
44.694,13.334284957772756,1.488165647974988,0.0012747392224987664
44.714,13.340539195987569,1.4895084883004897,0.0009852942286421307
44.734,13.347568077091067,1.4911939546113766,0.0014207915114179681
44.754,13.354165327520684,1.492665051097485,0.0013749772868713872
44.774,13.36056748416823,1.4940859363720942,0.0008469416083811965
44.794,13.367519064796879,1.4956992286619142,0.0013169091326888094
44.814,13.374476430578634,1.4972985023322676,0.001351333994496634
44.834,13.380992738280161,1.498767427387236,0.001056809514601631
44.854,13.38714710056328,1.5000722025971471,0.0010951346781316595
44.874,13.394185010609469,1.5017224698731653,0.001313070398987537
44.894,13.40090338695426,1.5033006126944606,0.0012011776930117846
44.914,13.406666123815343,1.504422473009222,0.0006926410104449721
44.934,13.413773729766547,1.5062112299094252,0.0012554207221565084
44.954,13.420574806578399,1.5077943568923988,0.0012768568717012596
44.974,13.426569559615698,1.5091591291587363,0.0005691511847476238
44.994,13.433459208623223,1.510792263101667,0.0010822597848863247
45.014,13.440384063381538,1.5124540174131271,0.001182278116259733
45.034,13.446907627977689,1.5139920212784583,0.0009492711604904558
45.054,13.452980958758992,1.5153292073925921,0.0008415666393686572
45.074,13.460001550633601,1.5170521100488086,0.0011432614642498395
45.094,13.466565411178824,1.5186211930845974,0.001041503286348222
45.114,13.47279475982178,1.5200738086681405,0.0005845880591039687
45.134,13.479696623642056,1.5218444579596313,0.0010799466020026127
45.154,13.4866057636007,1.5235178503289193,0.001061950324980604
45.174,13.49254709948922,1.5248999459224797,0.000512627026169582
45.194,13.499293153744778,1.5265175603776504,0.0009376893932229458
45.214,13.506219237078655,1.528227738095719,0.0010892838352507261
45.234,13.512505611104704,1.5296941603485479,0.0008772483922066532
45.254,13.518745160637463,1.5311657743995366,0.0006179873087364673
45.274,13.525660540586502,1.5329698973029116,0.0010688193367616727
45.294,13.532532972843136,1.5346704082662375,0.0009382200557642162
45.314,13.53851758771626,1.5360233797627294,0.0005434298295624862
45.334,13.545357871031124,1.5377627972588979,0.0010592473815768388
45.354,13.552221617804483,1.5394766277716012,0.0011321963753998798
45.374,13.55817155331574,1.5409484975530647,0.0005992496992306695
45.394,13.564883301373245,1.5425996691637216,0.0009266465428913739
45.414,13.57184572799,1.5443828801509183,0.0011048098961567998
45.434,13.578624703060877,1.5461180498156268,0.0009533854235591055
45.454,13.584518890116556,1.5474287398620798,0.0006048070321856835
45.474,13.591520714009514,1.5492944302844796,0.0011129640295843568
45.494,13.59797143134789,1.5509073915148262,0.001079330969279313
45.514,13.60447270953009,1.5525753206562505,0.0005808850403595245
45.534,13.611361301653293,1.554347288113185,0.0011045082328709488
45.554,13.618258343965918,1.5561296980238108,0.0011790859219441563
45.574,13.624976367908488,1.557862605719493,0.0009129812346292676
45.594,13.631209426402158,1.5593838578976806,0.0009352773837564277
45.614,13.638176560414546,1.5612120101205837,0.001248270047141925
45.634,13.644475975609833,1.5627965154528398,0.0011132966200041172
45.654,13.650886036238195,1.5643887315169105,0.0007268842689757138
45.674,13.65782445841714,1.5663213420006559,0.00129166470816372
45.694,13.664708988784605,1.568117379587658,0.0012616610155524732
45.714,13.670568552798978,1.5695680563654308,0.0007158647447023936
45.734,13.677524991748912,1.5713709321102436,0.0012390686981974264
45.754,13.68442651559712,1.5732043887714542,0.0013869887361313837
45.774,13.690501517689706,1.5747406927713776,0.0010546286772196434
45.794,13.69714851891459,1.5764390867631841,0.0010842978742819642
45.814,13.704070688559264,1.5783084461257342,0.0014330436138736413
45.834,13.710903076672443,1.5801400427362509,0.0013459359677168714
45.854,13.716643163086406,1.581453002454474,0.0008390835826662668
45.874,13.723622033871813,1.583390109247224,0.0014365984760283945
45.894,13.73047067761506,1.5852017328191443,0.0015048425389573572
45.914,13.736413048425964,1.5867744434901938,0.0009536947130668327
45.934,13.743250689778524,1.5885785049402363,0.0013544144805857083
45.954,13.750140431350776,1.5904373930053664,0.001523010203394265
45.974,13.756571880409581,1.5921231968453358,0.001376025466826164
45.994,13.76266671950173,1.593625452122609,0.001043642631627567
46.014,13.769588628313011,1.595570501747173,0.0015420567287251497
46.034,13.776394046572845,1.5974179739462315,0.0015208967210913749
46.054,13.782203576367463,1.5988403204288435,0.0009373739931216873
46.074,13.789183325896543,1.6007372241330269,0.001437539176569691
46.094,13.79606671782549,1.6026188269322301,0.0015321215209891659
46.114,13.802150902147227,1.6042206569269901,0.0010684569163932067
46.134,13.808977672993464,1.6060586465382014,0.0013558366572500868
46.154,13.815875344494962,1.6079502739239304,0.0015652200297339713
46.174,13.822441983175452,1.6097188190254024,0.0014207628181295007
46.194,13.828466585489123,1.611214054006479,0.0010746241381487665
46.214,13.835366691356372,1.6131614773982583,0.0014844220581199385
46.234,13.842224842364963,1.6150566671109292,0.0014334834784318073
46.254,13.848054776104322,1.6165381524849258,0.0009127868951922802
46.274,13.854928564999183,1.6184213409549946,0.0014440733639481118
46.294,13.861920731831319,1.6203555964370742,0.0014675000512474057
46.314,13.868136468832327,1.6220505237482108,0.0010322828264709982
46.334,13.874842989352318,1.6239043846275423,0.0012103349205678793
46.354,13.881815066766281,1.6258924371273036,0.0014490887974848154
46.374,13.888589339545277,1.6278192532673765,0.0012612670502312462
46.394,13.894436214555123,1.6292822423014521,0.0008844150361148329
46.414,13.901398023401036,1.6313652344544702,0.0013988380858351024
46.434,13.907969449861891,1.63318187328485,0.001379855259242252
46.454,13.914119705912693,1.6349471207602846,0.0007520195189720524
46.474,13.920940912060818,1.6369588211865445,0.0012239110961966837
46.494,13.92779288202022,1.6389254846084818,0.001313559230078809
46.514,13.933931965998806,1.6406814009636348,0.0009229363376477562
46.534,13.940649801819161,1.6425658860009262,0.0009306531859185063
46.554,13.947502497079858,1.6445784882811316,0.001245749580488259
46.574,13.954306920020352,1.6465680308811534,0.0010637015170382458
46.594,13.960416138010222,1.6482208510109408,0.0007515229287333447
46.614,13.967222217600165,1.650282353465402,0.001220469263995716
46.634,13.973802603701454,1.6522033773741522,0.0011706033171439978
46.654,13.980373257264926,1.6542061460868893,0.0005905347432061669
46.674,13.987184292292111,1.6562238486741125,0.0010207220890927071
46.694,13.994007960113953,1.658234124981675,0.0011360210125554993
46.714,14.000698337780706,1.6602176449315182,0.0009078997186275362
46.734,14.006622427148574,1.6618087128155943,0.0007140298085549779
46.754,14.013614129147692,1.66398310895129,0.0011061871988687633
46.774,14.020022599045712,1.6658265042186389,0.0010247621970337628
46.794,14.026369879171973,1.6676993651158312,0.0005602074559117598
46.814,14.033165006995972,1.6698000436344411,0.0010160825693749653
46.834,14.03996130086445,1.6718411833674247,0.0010465620270430909
46.854,14.046318948684899,1.6737178404640622,0.0007206365953073834
46.874,14.052543690640016,1.6755206639657454,0.000891821346938465
46.894,14.059491697003855,1.6776358176129527,0.0010904705136855486
46.914,14.06559611480068,1.6794931737024197,0.0008190720513105987
46.934,14.07209186603526,1.6814034859290603,0.000543644120192921
46.954,14.078959026706988,1.683625912891043,0.0010520631077706732
46.974,14.085731984257718,1.6856948386005655,0.0009993968776704776
46.994,14.0914834957198,1.687354138801174,0.0005414374113764109
47.014,14.09822000318086,1.689461549551963,0.0009943960446822386
47.034,14.105021902002516,1.6915644419166,0.0010975048696738599
47.054,14.110951303167068,1.6933311392048966,0.0007198198890402407
47.074,14.117528192534364,1.6953856785734103,0.0008639726349632393
47.094,14.124346640709689,1.697522088012519,0.001141019106628005
47.114,14.130818767938232,1.6995156136577918,0.0010714130546464473
47.134,14.13673654614514,1.701221575277629,0.0006932598146839053
47.154,14.143519837860335,1.7034422563870255,0.001127847241723462
47.174,14.150299483272429,1.705543766554408,0.0011463649992866642
47.194,14.156145547333493,1.7073169624751345,0.0005890203288766993
47.214,14.162820828527781,1.7094183324404915,0.0011175103894048577
47.234,14.169626637542255,1.711545081550638,0.0012550089829206357
47.254,14.175666471807602,1.7133776962279659,0.0009390021262980497
47.274,14.18216543336622,1.715345941186196,0.0009206209110540764
47.294,14.18901073385987,1.7175728122504663,0.0013088427729787688
47.314,14.195689384512306,1.7196723147802284,0.00125723098246866
47.334,14.201530682124224,1.7213747774717958,0.0008177842437714078
47.354,14.208296138646265,1.7235964456208117,0.0012660928943481475
47.374,14.215003686913443,1.725709042373795,0.0014018904827376166
47.394,14.220977277779685,1.7275682066087896,0.0008615564590113423
47.414,14.227637984608846,1.7296957800086044,0.0012663615600723432
47.434,14.234478663950854,1.7318789722298913,0.0014462193691127112
47.454,14.240983260214046,1.733928978269707,0.0013318957520816188
47.474,14.246943294226508,1.7356470391658445,0.0010174094648708054
47.494,14.253726262799368,1.737922828070351,0.0014452695230793566
47.514,14.260269080446118,1.7399829464011802,0.001439626919688547
47.534,14.266460104354005,1.741964965134549,0.0009580547124866112
47.554,14.27324227584086,1.7441819263295928,0.0014274608576583248
47.574,14.28004751878291,1.7463627116633955,0.001503407366430759
47.594,14.286301124095989,1.7483278752105205,0.0011538480163227338
47.614,14.29266372451891,1.7503365965157953,0.0012776158171430851
47.634,14.299486878217767,1.7525515895714794,0.0015422405519892879
47.654,14.305674633916015,1.7545149111086509,0.0013392274294540263
47.674,14.312165349469577,1.7565086514552093,0.0010527339859649765
47.694,14.318979464174456,1.7588050785740137,0.0015050612853678424
47.714,14.325756843238343,1.7609985596486117,0.0014760745376181383
47.734,14.331722883981199,1.762833473792118,0.0009363945937014839
47.754,14.338344268483514,1.7650028504220694,0.0014653968716099863
47.774,14.345164354784815,1.7672230624680167,0.0015402278548433124
47.794,14.351209259766067,1.7691432464262775,0.0011857057027681583
47.814,14.357604671658105,1.7712118143896214,0.0012107813647722343
47.834,14.364482796881886,1.773504138393363,0.0015164538461599764
47.854,14.37112695054566,1.7756958935872955,0.001418250155896278
47.874,14.376948548626412,1.7774994055138837,0.0010125965220973698
47.894,14.383706875120902,1.7798262720858662,0.0014433067880712802
47.914,14.390417837264163,1.7820454988773957,0.001478656341563106
47.934,14.396368008897765,1.7840067050659516,0.0008791957021216934
47.954,14.403047826464123,1.786239585293859,0.0013348151842813571
47.974,14.409870362247792,1.7885203392927007,0.0014335818177293735
47.994,14.416240597972653,1.790650912666624,0.0012303891173742199
48.014,14.422059317253032,1.792470966330713,0.0010260653972311018
48.034,14.429025634872445,1.7948965403745794,0.0013501187293638028
48.054,14.435402850965541,1.7970276624843275,0.001313426392125172
48.074,14.441475950118505,1.7990677523454652,0.0008007158779891332
48.094,14.448201468436695,1.8014327122356215,0.0013040023942067214
48.114,14.45495562406224,1.8037402703309886,0.0012852291295190332
48.134,14.46119629700062,1.8058567009083328,0.0009729225476640679
48.154,14.467287036262016,1.8078893308987365,0.0011010978619189205
48.174,14.474207996051117,1.8103122950551798,0.0012861049593853036
48.194,14.480384105448804,1.8124246088900626,0.0010533207416879575
48.214,14.486576019725755,1.8145498204921444,0.0007611686468909917
48.234,14.493273254515126,1.8169799221742313,0.0011716848438315108
48.254,14.499978657872012,1.8193085460833016,0.0010837446293230912
48.274,14.505832823692591,1.8212549572760304,0.0005651865367773401
48.294,14.512365440438495,1.8235296251083344,0.0011254241733058834
48.314,14.519166740312253,1.8259132227693449,0.0011257044172383879
48.334,14.525069748665123,1.827940312360139,0.0006906974617832684
48.354,14.531548646121006,1.8301918394706216,0.0008767880621423085
48.374,14.538326432150368,1.8326173315662073,0.0011204292808985328
48.394,14.544722570430618,1.834863648636636,0.0009483834488658027
48.414,14.550789802483704,1.8369613719718287,0.0005615199249668079
48.434,14.557493405259025,1.8394612492139921,0.0011017232911629815
48.454,14.564126660026163,1.8418065097557006,0.0010987496972275357
48.474,14.569786989080898,1.843830624020424,0.0004222374805435136
48.494,14.576403471117017,1.8461854538533786,0.0009788888559296993
48.514,14.583096860517896,1.8485747354370659,0.0010796569681031654
48.534,14.589062762132276,1.850614952561302,0.0007487850224799641
48.554,14.595414317731354,1.8528408090507513,0.00072476568176294
48.574,14.602056775084572,1.8552982330235235,0.0010889769548159955
48.594,14.608517647877793,1.8575644067889345,0.0010163468088193461
48.614,14.614733199896417,1.8597327598915045,0.0005864725665024606
48.634,14.621390548645294,1.862175577388986,0.0010832382303319898
48.654,14.628068258025447,1.864520517100783,0.0010564844844116739
48.674,14.634405037357089,1.8667238194089966,0.0007451888653303984
48.694,14.640693418826716,1.8689089553627383,0.0010027671159316687
48.714,14.647408710414984,1.8713148568460154,0.0012194635529651499
48.734,14.653652818613649,1.8735793354748729,0.0008706082264778592
48.754,14.660212066154305,1.8758812627122878,0.0007495111488745043
48.774,14.66697945546051,1.87836088552051,0.0011651911948973304
48.794,14.673638040751232,1.8807869941231972,0.001078403211446588
48.814,14.67961421293662,1.8828685956578524,0.0007105811588344058
48.834,14.68635760541247,1.885343331371092,0.001224706381448254
48.854,14.69290444345426,1.8877098644403159,0.0012601481194275954
48.874,14.699286335051772,1.890086571012255,0.0007776626127098674
48.894,14.705932332624169,1.8924952559844863,0.001088521492381006
48.914,14.71262174768526,1.8949757826082432,0.0012966910605162196
48.934,14.719205420765194,1.8974507916889911,0.0011526098693747655
48.954,14.724974912137833,1.8994496425985736,0.000900052125952927
48.974,14.73174817890365,1.9020809833772971,0.0013182062488751034
48.994,14.738051193396473,1.9044389649274558,0.0013245911927185217
49.014,14.744408140727597,1.9068242518836405,0.0008639049929016762
49.034,14.751086523072841,1.9093473405202697,0.0014089069869296367
49.054,14.757767920936741,1.9118534381555494,0.0014701588144427347
49.074,14.763966598969928,1.914214568844857,0.0011119926820743198
49.094,14.770142641446752,1.9165128511562979,0.0011786492788575242
49.114,14.776842407052511,1.91911054321363,0.0014874819462806221
49.134,14.78308369644335,1.9214363080693135,0.0014194746707152095
49.154,14.789054375736582,1.9235761104550062,0.000999241541970064
49.174,14.795759205530386,1.9262152079990988,0.0014981555313566264
49.194,14.802414063034462,1.9287407661752347,0.0014732692391931645
49.214,14.808103309520163,1.9308389767158272,0.0009183036008876266
49.234,14.814637289311577,1.9333223603709138,0.001426022962541601
49.254,14.82133581167643,1.9358870056478286,0.0015455792642294353
49.274,14.827217113672862,1.938077491371555,0.0012123169864748096
49.294,14.833626525680172,1.9404867858826627,0.0011991526915324513
49.314,14.840355972740213,1.9431549571294073,0.0015827270223004453
49.334,14.84651884386675,1.945491903607546,0.001491011335456649
49.354,14.852233114098576,1.947692216476614,0.0010094131561899644
49.374,14.85784216343452,1.9498812691326226,0.0014162732434983283
49.394,14.862983171015593,1.9518473582094678,0.0015425986621109278
49.414,14.867758580881162,1.9536959317708475,0.0014424257187137801
49.434,14.872145962248476,1.9553795074260496,0.0011342347567069033
49.454,14.875905551097361,1.956734147989066,0.0010009859720650494
49.474,14.879538647741322,1.9582016195381344,0.0013104732893836624
49.494,14.882798805945518,1.9594399104563225,0.0014580393236309774
49.514,14.885993011920155,1.9606783572240398,0.0015178417856974435
49.534,14.8891405789251,1.9618993971059082,0.0014700861429513545
49.554,14.892290733439864,1.9630922174705772,0.0012966784539826803
49.574,14.895289692081375,1.9641944674696035,0.0010034079268898544
49.594,14.898099857267633,1.9652093522506466,0.0008476250980723465
49.614,14.900735320007547,1.966255381922886,0.001113756519606851
49.634,14.903076360738622,1.9671327308359017,0.0012900006103196138
49.654,14.905362654001204,1.9679526269671122,0.0013677511444533663
49.674,14.907463658799895,1.9686655720084427,0.0013449348882944023
49.694,14.90952308451647,1.9693044630808831,0.0012426506544641613
49.714,14.911466913684785,1.9698460202053445,0.0010696244093950924
49.734,14.91343455192406,1.9705296317050216,0.001196575555895918
49.754,14.91540895990092,1.9711266216987147,0.0013428569481944153
49.774,14.917438386166621,1.971718713313413,0.0014289658152528417
49.794,14.919449569966751,1.9723168190778582,0.0014705961170871085
49.814,14.921509945341803,1.972940730412238,0.0014485551912478967
49.834,14.923561188515789,1.973553818167635,0.0013792036139059771
49.854,14.925606960052251,1.974126741187568,0.0012758241274747062
49.874,14.927662596602035,1.9746699724924641,0.001101955058973203
49.894,14.929660598832815,1.9751290427041905,0.0008690534914333192
49.914,14.931702957498779,1.9756991504630552,0.0009610848945196537
49.934,14.93382064428668,1.9762009678482975,0.0010839196360136194
49.954,14.935986866127593,1.9766545927327874,0.0011283323520745459
49.974,14.938161600234531,1.9770869561630227,0.0010867117762113077
49.994,14.940334006872021,1.9774503630230453,0.0009526432815630259
50.014,14.942489150284374,1.9778376206465942,0.0007695264336960439
50.034,14.944511302431174,1.9783323310934504,0.0007924470343555479
50.054,14.94659311205195,1.978782632185917,0.0009829452034749164
50.074,14.948761278996264,1.9792169608232204,0.0011005485136814375
50.094,14.95094026186345,1.979605686279659,0.0011378583370389994
50.114,14.953126907960597,1.9799486178025971,0.0010915433925476337
50.134,14.955256285675429,1.9802272526638844,0.0009676933398636844
50.154,14.957272206797997,1.9804718363165812,0.000867871743701093
50.174,14.959299697721958,1.980788087708531,0.0010474861439719596
50.194,14.96128674304726,1.9810402590504204,0.0011787678877862862
50.214,14.96343760609912,1.9812775822263895,0.0012360061560801883
50.234,14.965903162399666,1.9814849854092638,0.0012192361784094385
50.254,14.968682974372715,1.981676023220167,0.0011032653458295794
50.274,14.971879996423835,1.981934263018881,0.0010785937809209
50.294,14.975426833601649,1.9821577286194638,0.0012892200568024315
50.314,14.979263631093074,1.9822996198310687,0.001323080948632982
50.334,14.983671848271458,1.9824034008289022,0.001121677931719911
50.354,14.988475202031598,1.9825371856632823,0.0009056431814573884
50.374,14.99358165972993,1.9826158510793983,0.0008683723704437929
50.394,14.99900822674909,1.9826195718644943,0.00109181187018062
50.414,15.0044837643506,1.9826153022870523,0.0010083836728527196
50.434,15.01011789090946,1.9826867916742807,0.001194500446791369
50.454,15.015754705001719,1.9825846395678781,0.0011576930716861444
50.474,15.021093348200495,1.9824041665328365,0.0008127127761701491
50.494,15.026745570986073,1.9822063354359434,0.0007108953565102272
50.514,15.032403244934793,1.982206888741614,0.0012079241422228437
50.534,15.037663525857546,1.9818767393489278,0.0012084173451410996
50.554,15.043112744018337,1.9815866977421939,0.0009285181707053836
50.574,15.048726380883664,1.9813878008252381,0.0006993187263958089
50.594,15.054412487911447,1.9810837394682526,0.0010783502316290827
50.614,15.060075549413394,1.980798410367515,0.001117735710246509
50.634,15.065070159886927,1.9803444363641325,0.000899321292170574
50.654,15.070671870515739,1.9800648935150658,0.0009711624161581334
50.674,15.07620744010569,1.9795659124386122,0.0008921722841610802
50.694,15.081525255229021,1.9790792806787065,0.0008701883528151044
50.714,15.086967675313376,1.9786400934496113,0.0008581950169259944
50.734,15.09261508666363,1.9781799195115322,0.0011181987545213212
50.754,15.098025069762205,1.9775925545185653,0.0010509511635108937
50.774,15.103652919552157,1.9769631067712843,0.0006037997787653737
50.794,15.109292672294274,1.976386329490646,0.0008473731749225333
50.814,15.114914947398502,1.9757545942427253,0.0011151337389399274
50.834,15.12069600189075,1.9750304918024966,0.0011491289218691358
50.854,15.125664084498922,1.9741584872733544,0.0006276579813081218
50.874,15.131832692694593,1.973450167925358,0.0008264527529919519
50.894,15.138475423776116,1.972458160447247,0.001334185185583342
50.914,15.144422581004205,1.971533645026494,0.0009418728446063673
50.934,15.150917366393045,1.9707460067719027,0.0008650613205136992
50.954,15.157931482726996,1.9696343069983993,0.0011647558540694158
50.974,15.16460683846343,1.968691682319325,0.0011874364504575186
50.994,15.171531771550933,1.9678096028908747,0.00096176429918024
51.014,15.178661714528287,1.9667819506695667,0.0010045914275647883
51.034,15.185624301254514,1.9657176046941118,0.0015122788765555284
51.054,15.19163024906582,1.9649752699139953,0.0010119385183239293
51.074,15.19832579689451,1.9641153799892106,0.0011583081995688305
51.094,15.205345028238987,1.9630284143518488,0.001356163579802283
51.114,15.211936292263188,1.9621242702312895,0.0012664490135520512
51.134,15.218428823360131,1.961309771512234,0.0011285011498604336
51.154,15.225401195286627,1.9602541800243745,0.0012063085102746451
51.174,15.232459023644846,1.9591115534974963,0.0014299605418178207
51.194,15.23846046348277,1.958391872408186,0.0010206511876711122
51.214,15.245293887155249,1.9574419304171846,0.0011813384191884935
51.234,15.252361763762773,1.9562978990993674,0.001576895838304726
51.254,15.258675251740604,1.9554363653410454,0.0013830116916606072
51.274,15.26522755432121,1.9545192253366828,0.001192985441542671
51.294,15.272244215022384,1.9533974485103696,0.0014261109229596336
51.314,15.279171048436043,1.952314357046424,0.001350870719236924
51.334,15.285554690420014,1.9515077903965967,0.0012280262285641608
51.354,15.292134947029249,1.950474909297939,0.0013229687872609863
51.374,15.299231749075657,1.9493167832495308,0.0016232948899602417
51.394,15.305406037938827,1.9484562258998808,0.0010739750775886348
51.414,15.312238386981642,1.9474519801645107,0.0013333279821499677
51.434,15.319273623827922,1.9461836833046409,0.0016543958789765334
51.454,15.326042282671516,1.9451008122108764,0.0015035585077453062
51.474,15.331975150534877,1.9443488211487516,0.0012631936388694531
51.494,15.338803419472361,1.9431558521191883,0.0015128637530520683
51.514,15.346024821757984,1.9419045004798072,0.0014782162760781647
51.534,15.3522991107735,1.941020777089169,0.0012776020515997133
51.554,15.358719437738987,1.9398385491926504,0.0012983769599071715
51.574,15.365898176492411,1.938470647361774,0.0018555743606304687
51.594,15.3721837052421,1.9373722261420907,0.0013668122949146988
51.614,15.378875101337794,1.9361930647724237,0.0013147821663269388
51.634,15.385868010803549,1.9347871289322742,0.0015939787094181868
51.654,15.392935330801748,1.9334351161828973,0.0013388618546046616
51.674,15.399506634917199,1.932294828585823,0.00162283289256121
51.694,15.405853521530725,1.93112663334889,0.0013583478087667855
51.714,15.41294746010603,1.9296745820826826,0.0016748875098241134
51.734,15.419427258808517,1.9285076431377575,0.0011919990675975933
51.754,15.42638495865648,1.9272159187711324,0.0012351234943127898
51.774,15.433386853584487,1.9257305409385745,0.0016201312224282394
51.794,15.440111707198838,1.924428366635795,0.001255938165890258
51.814,15.446694149823617,1.9232510944541052,0.0015772733161662222
51.834,15.45324653990739,1.9219209083914424,0.0015321903800656622
51.854,15.459987984618788,1.9205626071510074,0.0015645870455458788
51.874,15.466494223530274,1.9193607024646984,0.0012369064494993365
51.894,15.473445201537437,1.9179162685002416,0.0012910939484330475
51.914,15.480392797481768,1.9164736032097691,0.0013827907058269195
51.934,15.486773604864268,1.9153098977725698,0.0011247665978791344
51.954,15.493240772394309,1.91405988918121,0.0009196288432807287
51.974,15.500443510035915,1.9124450684469407,0.0016976717884634729
51.994,15.50677083212547,1.9111325821290348,0.0014134640281188993
52.014,15.513393561591753,1.909773527101163,0.0012020089953262703
