timestamp,x,y,z
6.8,1.9922539393877252,0.000309745938372557,0.0012240216353205102
6.82,1.9922562581473744,0.00031085816328209055,0.0012243221414380001
6.84,1.9922538295375172,0.0003110950400182989,0.0012241167638880612
6.86,1.9922529185375302,0.0003135796656189338,0.0012216487892739991
6.88,1.992253147946731,0.00031165055079131914,0.0012246688976051412
6.9,1.9922471972109315,0.00031375977604294994,0.0012230469991870718
6.92,1.992239670077934,0.0003156734875302197,0.001224711963228542
6.94,1.9922419554966044,0.00031737202364429855,0.00122375306564812
6.96,1.9922419857408482,0.00031821533526744564,0.0012238299309068335
6.98,1.9922395868871356,0.0003185799770696107,0.0012245167170018
7.0,1.992239935223826,0.0003186611928305955,0.0012220765538533684
7.02,1.9922342210117976,0.0003201166070138408,0.0012204721342672642
7.04,1.9922293177852775,0.00032132047238521666,0.0012242867823220316
7.06,1.9922257687287424,0.00032175762475400427,0.0012228668729153402
7.08,1.9922284362459746,0.00032513573337129533,0.0012222998213458625
7.1,1.9922250855007888,0.00032428659038732835,0.0012247572090033632
7.12,1.992225570296419,0.0003291347681103353,0.0012187152936067036
7.14,1.9922277230597645,0.0003315755907079894,0.0012251412643662363
7.16,1.9922298122961213,0.0003330022980996383,0.0012271450680817475
7.18,1.992227070412193,0.00033235286580618326,0.0012251116882726065
7.2,1.9922274788021213,0.00033662521983639145,0.0012248804181305972
7.22,1.9922296216570186,0.00034073777567219664,0.0012174001505661503
7.24,1.9922301183388924,0.00034094182580330414,0.0012248183125928291
7.26,1.9922290309689779,0.00034038133789644905,0.0012156506301923553
7.28,1.992229469042028,0.0003450129072782278,0.0012248023739432623
7.3,1.9922320079829627,0.0003484797802081746,0.0012249051072849293
7.32,1.9922317624785253,0.00034728021990400337,0.001223390695332116
7.34,1.99223092538367,0.0003484006890797799,0.0012251029027232074
7.36,1.992230909947464,0.0003471588603917886,0.001221915972711235
7.38,1.9922271044565814,0.0003506448443599065,0.0012208195072014039
7.4,1.9922306381272057,0.00035342229417919277,0.001224865627833971
7.42,1.992229920751784,0.00035276692381121905,0.0012239953696046857
7.44,1.9922284304462663,0.0003539465227332972,0.0012155867631588602
7.46,1.992229881851312,0.00035502146660678946,0.0012232591031498263
7.48,1.9922342812579672,0.00035886490847500987,0.001224876318858592
7.5,1.992230544842196,0.0003603387910523704,0.00122406388182697
7.52,1.9922303850347667,0.0003622450314215664,0.0012253635405335972
7.54,1.992226480692243,0.0003632134937626606,0.001225718138020554
7.5600000000000005,1.9922265577098475,0.00036487753022912135,0.0012259444465185232
7.58,1.9922249916735728,0.00036865344847997623,0.0012251951553493567
7.6,1.99222743310818,0.00037214605679104296,0.0012254248208400376
7.62,1.9922272474275629,0.0003709329058427792,0.0012239148658741705
7.64,1.9922264131872423,0.00037203616756303703,0.0012256147357387615
7.66,1.9922263901595478,0.00037082488993292944,0.0012224409056678098
7.68,1.9922227012284779,0.0003743148817804991,0.0012212983467515814
7.7,1.9922234370220917,0.0003752565874254503,0.0012244241569121794
7.72,1.992222558675878,0.00037829001060299606,0.0012260212597635378
7.74,1.9922213867679481,0.00037641069385193243,0.0012235972588819644
7.76,1.9922229080256766,0.00038037825371939083,0.0012254313504834191
7.78,1.992218455641376,0.00038119250234148425,0.0012220846926448425
7.8,1.9922192856696563,0.00038271851651044384,0.0012250185479036335
7.82,1.9922191243866467,0.0003827511255915262,0.0012261194291687538
7.84,1.9922177666951808,0.00038268789336461925,0.0012268051759814491
7.86,1.992216426059514,0.0003853446964055874,0.001222908895048641
7.88,1.992215802402067,0.000386267498636576,0.001218863214733884
7.9,1.9922180914135943,0.00038699293319468983,0.0012189233404600597
7.92,1.9922168234546,0.0003896543388846312,0.0012263183781414944
7.94,1.9922191018794086,0.00039349989518743395,0.0012261687639677776
7.96,1.9922199399499594,0.0003941823898276027,0.0012261869414438298
7.98,1.992217975221377,0.0003933819591138685,0.0012265004077161024
8.0,1.9922182726827267,0.00039806223789210236,0.0012252212972454768
8.02,1.9922207079899659,0.00040186695231963577,0.0012247967523760783
8.04,1.992222093133167,0.0004018966666540976,0.001226482619135577
8.06,1.9922201557848458,0.00040034194881490075,0.0012242775657761995
8.08,1.992218656277761,0.000403388207275964,0.0012266462340178863
8.1,1.992216210259438,0.00040584263077818214,0.0012267394799433673
8.12,1.9922147517196844,0.0004070919520783022,0.0012267153526393793
8.14,1.9922162806733101,0.0004112294410004008,0.00122038538853797
8.16,1.9922185386113227,0.00041204020360640053,0.001222376825838728
8.18,1.9922173454842376,0.000412675302028814,0.00122687110281669
8.2,1.9922147403094146,0.0004134008463456569,0.0012268150766790442
8.22,1.9922154496729425,0.0004126214329025811,0.0012268919090714925
8.24,1.9922142093356345,0.0004175242652834545,0.0012266772393111358
8.26,1.9922124257403335,0.0004184748440495166,0.0012265297963252042
8.28,1.9922099679680134,0.0004187327845354563,0.0012271026356601988
8.3,1.9922112900041133,0.00042060303872950905,0.0012270121438893444
8.32,1.9922104033403152,0.0004215633205301406,0.0012269844616856207
8.34,1.9922083191870439,0.00042019513651404713,0.0012256787067980446
8.36,1.9922096128468825,0.0004231028954154797,0.0012270881837964653
8.38,1.9922081575437631,0.00042478727979906953,0.0012269328501672283
8.4,1.9922069681237633,0.00042546333823843206,0.0012215379681070615
8.42,1.992206354875724,0.00042702822985292633,0.0012231416106228132
8.44,1.9922043989114466,0.00042742595679146533,0.0012272829046904299
8.46,1.9922055769814506,0.0004284413680580738,0.001227115994121536
8.48,1.9922036076138525,0.00042921615489687626,0.0012269893196225623
8.5,1.992201031162499,0.00042933430038207384,0.0012275167686118804
8.52,1.992202365287786,0.00043119902459477246,0.0012274269229872181
8.54,1.992201472083128,0.00043210820809092964,0.0012273996997291259
8.56,1.9921994451063711,0.0004308007091365872,0.0012260971252830433
8.58,1.9922007331527345,0.00043367864360140823,0.0012275027931244187
8.6,1.9921992906777473,0.00043535328915475497,0.0012273489919775449
8.62,1.9921966590499165,0.0004355623722171279,0.0012254146498121843
8.64,1.9921957904250926,0.00043841924648091766,0.0012207260981443313
8.66,1.9921963123742688,0.00043867574876864845,0.0012273302790897223
8.68,1.992195236513515,0.0004381330650422546,0.0012182480239976423
8.7,1.9921956542606973,0.00044271164555158916,0.0012273505028041476
8.72,1.9924621437209356,0.00044689335063180383,0.0012405988183969152
8.74,1.9931224467899566,0.00044842109243604694,0.0012704862059829958
8.76,1.994203074268065,0.0004496089424823451,0.00130568449662391
8.78,1.9956941847950829,0.000445176664295473,0.0013295713106116491
8.8,1.997584885368388,0.00044275592728725,0.001319233488449173
8.82,1.99987993085261,0.00044168190644996866,0.001253450704310377
8.84,2.002555515801924,0.0004397321927664769,0.0010961332802018886
8.86,2.0056260640580743,0.00043769375808827923,0.0007960934863625313
8.88,2.009104018571897,0.00043508648183821977,0.0007864767777244208
8.9,2.0130641486297756,0.0004326266299507517,0.0011467460704411292
8.92,2.0170834564961786,0.0004308866402328501,0.0013627938287419927
8.94,2.0216993939917938,0.00042773038258680336,0.0013636392898002947
8.96,2.0267518378247473,0.0004249473345307834,0.0010552921268462967
8.98,2.032232761188765,0.00042127187135966674,0.0008502311704917664
9.0,2.0382023983195516,0.00041788164272048083,0.0013317377468943792
9.02,2.0445927775734,0.00041419282281564366,0.0014351279217056645
9.04,2.05003741498514,0.0004139379799703546,0.0011721633799449405
9.06,2.056163483388106,0.00041191446711282795,0.001133670437241302
9.08,2.0632631793026572,0.0004081862893226718,0.0014862016796347577
9.1,2.069909003710631,0.00040623371474657175,0.001398030837576919
9.12,2.076302651306432,0.0004039020072935853,0.0009160618325932957
9.14,2.0833949722138096,0.0003997913137479491,0.0014582163579518193
9.16,2.090509306100339,0.0003960147743659812,0.0014560286478145779
9.18,2.097270321169406,0.0003936205729857863,0.0011034876277476735
9.2,2.103905195475297,0.0003910190945789282,0.0013484197397914954
9.22,2.111015544253843,0.0003871557217806169,0.0015583103753867011
9.24,2.117312364665271,0.00038608270575994115,0.0012246753282144085
9.26,2.1240721006000753,0.00038071533543154317,0.001153398998281735
9.28,2.131176628831737,0.00037725711503188726,0.0015388177679694637
9.3,2.1382915964798666,0.00037337636649107444,0.0013929808614471795
9.32,2.144576371484589,0.00037206853158033506,0.0008409924498965493
9.34,2.1516162910859746,0.0003683656111364128,0.0014605813346226793
9.36,2.158730539590646,0.00036442367291900633,0.0015183884619918153
9.38,2.1648843854777557,0.00036321309298401896,0.0009950078003377605
9.4,2.17178751365641,0.00036495192182942136,0.0012930587272005079
9.42,2.1788978864776807,0.0003613086555607334,0.001519623794269398
9.44,2.1860055626435497,0.00035761112838398327,0.0012218564894245776
9.46,2.192378078471505,0.0003561555314693193,0.001030189176591284
9.48,2.1994746893820496,0.0003526637504304961,0.0014633082737479097
9.5,2.206522599958029,0.0003492419264758399,0.0014179388897634093
9.52,2.2126288254833133,0.0003481058258803748,0.0006775344167860575
9.54,2.2197031101038047,0.0003446254591652681,0.0013257370633314725
9.56,2.2268105180653723,0.0003410612984117914,0.0014011941533347005
9.58,2.233750915174773,0.00033809355886434193,0.0010894221549861693
9.6,2.2401647440751757,0.0003364001137912686,0.001104180773283392
9.62,2.2472606483061592,0.00033275172608544177,0.0013866945883947435
9.64,2.253998428683614,0.0003304906258592694,0.0012010880586866834
9.66,2.2604074615333603,0.0003295192140857717,0.0008066648770132245
9.68,2.2674898563695445,0.000325477130897025,0.0012749197143574198
9.7,2.274589056749727,0.00032177465306784827,0.0011978416317132423
9.72,2.281382655898466,0.00031914659785026975,0.0007785964722150374
9.74,2.288112367422808,0.00031640046952365546,0.001107959171843781
9.76,2.2952029437782424,0.0003127950149818861,0.0012526680964794479
9.78,2.3013955836062103,0.00031172329056566655,0.0008233508867597217
9.8,2.308303149523656,0.00030903609880346,0.0008704356480889741
9.82,2.315383858814097,0.00030550204145021276,0.0011900128977410385
9.84,2.3224706321892614,0.0003018248446675289,0.0009836371375182285
9.86,2.3286895942399246,0.00030151267898105604,0.0005621241300366453
9.88,2.335747718896441,0.00029588640678979,0.0010895998197764933
9.9,2.342839224411407,0.00029269930493677635,0.001091709654833628
9.92,2.3488735144499917,0.00029110993630623194,0.000510507722031428
9.94,2.355814942290104,0.0002775319736934093,0.0009210196815722105
9.96,2.3628947907612385,0.0002717720677225438,0.0011071249514697512
9.98,2.369681433831697,0.00026744905001565016,0.0008790972883591097
10.0,2.375837254844506,0.0002624897651490513,0.0006884373979626768
10.02,2.382915069088293,0.00025604694820683624,0.001074610948927801
10.04,2.3899391272009876,0.00024902664636536093,0.0009993765089793272
10.06,2.3958340582835693,0.00024575258402870855,0.000390289635241875
10.08,2.402872740579744,0.00023594036804787285,0.0009804885198645696
10.1,2.4099526507134987,0.00022552135134090538,0.0010395790976679142
10.12,2.4163737848496054,0.00022030670421450353,0.0007235401598057745
10.14,2.422725098590319,0.00021153871811889832,0.0008321729584800097
10.16,2.429808696680702,0.00020177884616451124,0.001085263074186743
10.18,2.436815729114311,0.0001906013959593982,0.0008946346816480211
10.2,2.4428810211227856,0.0001820320860212347,0.0006476786841688176
10.22,2.449941453097702,0.00016342405300517662,0.0010769786905498457
10.24,2.457022953480452,0.0001533297801220017,0.0010134649671133533
10.26,2.463013605453866,0.0001499919978949162,0.00035515263766022764
10.28,2.4700285584494743,0.0001396886202920773,0.0010036588258514612
10.3,2.4771127066759067,0.00012978347601029402,0.0011322822412321576
10.32,2.483678207857643,0.00012440648822761928,0.0008980454532986348
10.34,2.489889010738712,0.00011791897856816002,0.0008710994387352566
10.36,2.4969793946457806,0.00010744994246326714,0.001194100243824353
10.38,2.50407087946239,9.71139756002843e-05,0.0010005363659655597
10.4,2.5100488285839155,9.299946290655523e-05,0.0006558692034920877
10.42,2.5171220564307113,7.84457473766268e-05,0.0011935664865814488
10.44,2.5242219045755836,6.69975223154588e-05,0.0011973246559468798
10.46,2.5303865135933123,6.874863194257031e-05,0.0007257929178806632
10.48,2.536987784713161,6.256065568963313e-05,0.0011429388298297427
10.5,2.5441865754766586,4.410671267017297e-05,0.0013104689841489103
10.52,2.551116182229007,3.259445624290834e-05,0.0011045191177284919
10.54,2.5573371704041405,5.476285685760584e-06,0.0009932899961735409
10.56,2.5644307934517685,-5.389715721937173e-06,0.0013712696170340155
10.58,2.5714868518289102,-1.9483188477962244e-05,0.0012653107585368917
10.6,2.5773938510974888,-5.122454636955016e-05,0.0008027530802439398
10.62,2.5844028902023704,-4.512642708206695e-05,0.0013527369322181015
10.64,2.5915072530507643,-5.942337084188474e-05,0.001401348543564468
10.66,2.5977542434466536,-6.836266527894839e-05,0.0009704194254618048
10.68,2.604155689312485,-8.570201794302635e-05,0.001262073467841185
10.7,2.6113079699964072,-0.00012015320057910884,0.0014796667298400679
10.72,2.618313188726071,-0.00014208722951795537,0.0012992987597879035
10.74,2.6243645615640707,-0.00016640953121077894,0.0011068398138097957
10.76,2.6314477773391722,-0.00018957620927988,0.001498096766995416
10.78,2.6384927709009878,-0.00021638240889446117,0.0014651948737180176
10.8,2.6445458373257242,-0.00024285051657613234,0.0007998285259485372
10.82,2.651657292981753,-0.0002669720621200095,0.001429276286379788
10.84,2.6587721689750667,-0.00029551062956819756,0.0015200347772072464
10.86,2.665510404378546,-0.0003148577620626547,0.0012447153883050899
10.88,2.671827769215718,-0.0003243425981798673,0.0012877675222047746
10.9,2.6789526808355935,-0.0003666216990726982,0.0015591659360727206
10.92,2.6859543805454327,-0.0003941428523201912,0.0014028111696665624
10.94,2.691960019723926,-0.000418880577932991,0.001026511872753405
10.96,2.6990671821553875,-0.00044468859420194334,0.0015091605504759797
10.98,2.706185235548535,-0.0004758924831517504,0.0014673112352049655
11.0,2.7121696774589688,-0.0004862155483189505,0.000846288578279758
11.02,2.7188511398854884,-0.0005228421419911715,0.0013531218654892485
11.04,2.725239095113328,-0.0005475632948748028,0.0015142403387217451
11.06,2.731212052420992,-0.0005708113312435635,0.0012781514019386542
11.08,2.736253840452269,-0.0006006188485418182,0.000757762886541391
11.1,2.7414464468204827,-0.0006009892476917138,0.0012676303133259126
11.12,2.7462250016980523,-0.0006147078893947299,0.0014756181199869212
11.14,2.750597231142044,-0.0006302525023426639,0.0014700421663860208
11.16,2.7542766194092545,-0.000638353402627808,0.001269876699234368
11.18,2.7579137668378713,-0.0006642641088250493,0.0009134782703772715
11.2,2.761347178981797,-0.0006811087173370753,0.0008819096860951114
11.22,2.764656232607989,-0.0006936267513773075,0.001180783148694714
11.24,2.767717743832596,-0.0007321210981617025,0.001382886114818016
11.26,2.7703792917727483,-0.0008315012982464052,0.0014098571506864221
11.28,2.7729898987281825,-0.0009246563497636133,0.001367740208917334
11.3,2.7753420517153193,-0.0010598783620446497,0.0012369943591510335
11.32,2.7774894980012976,-0.0012048281209552571,0.0011152661890468096
11.34,2.7795675316920527,-0.0012950123790426938,0.0012776198540939698
11.36,2.781506739900048,-0.0014672221587035197,0.0013878835088039776
11.38,2.7835385651783042,-0.0016619174101633154,0.0014213430552847128
11.4,2.785569397356154,-0.001901316023850908,0.0013776038284546988
11.42,2.787593099394802,-0.002184845349308952,0.0012549154588262224
11.44,2.789605985194068,-0.0025118007413062744,0.0010506616249418843
11.46,2.7916663047698584,-0.0027423068976917433,0.0011687845277799092
11.48,2.7936013644276914,-0.0030304672636079846,0.00129493482362672
11.5,2.7955931753695173,-0.0033704805665827195,0.0013464302891914304
11.52,2.79759545649632,-0.003752675962293824,0.0013171084075576378
11.54,2.799595274741525,-0.004175942861848446,0.0012100146445744864
11.56,2.8015822373371724,-0.004642098779056897,0.0010215393988746158
11.58,2.8036026475119935,-0.005025232413574491,0.0009979926074465129
11.6,2.8055415183556596,-0.005481955042750284,0.0011448105110923312
11.62,2.8075090851951066,-0.005967384057741298,0.0012037169282495541
11.64,2.809652418049395,-0.0065081033083427605,0.0011993065043434115
11.66,2.811775656291029,-0.0070987049159303905,0.001106517928829237
11.68,2.813724524595855,-0.007705379216543832,0.0009318267913556444
11.7,2.8156847734668164,-0.008289092531647559,0.0007814431762615537
11.72,2.8176381933057586,-0.008882189156436522,0.0009292587403280095
11.74,2.8196425133102743,-0.009536832865745717,0.0010248937991441387
11.76,2.8217332514357256,-0.010236519427514062,0.0010349770112313972
11.78,2.823820669503068,-0.010983926129032292,0.0009580546611575591
11.8,2.8258927942971077,-0.011771449590396667,0.0007907111352644935
11.82,2.8278549444288266,-0.012573977216308842,0.000534381112004878
11.84,2.829870601377694,-0.013167298682082492,0.0007214811500213247
11.86,2.8318958844316224,-0.013831425836726282,0.0008905100019572232
11.88,2.8339856370068146,-0.014552151988677943,0.0009800591669777425
11.9,2.8360608744781604,-0.01531633578956849,0.0009880418140466307
11.92,2.8381185012410692,-0.016123142979450944,0.0009118200296870937
11.94,2.840004883228428,-0.016913162941956945,0.000770031468653426
11.96,2.841933482518189,-0.017636857702246538,0.0007978320238544723
11.98,2.84377802525558,-0.0184098907401668,0.0009817802272117648
12.0,2.8456511024703675,-0.019208490986002514,0.001084248166167534
12.02,2.847588988218334,-0.020077825759625162,0.0011094946006941497
12.04,2.8494188123042496,-0.0209560139475791,0.0010700780380210884
12.06,2.851236694360681,-0.021870831179295926,0.0009476064216804303
12.08,2.853059241504642,-0.022790600048770208,0.0008559241784251159
12.1,2.854913558414338,-0.023677094893329333,0.0010230474529876743
12.12,2.8565867472092394,-0.024581170999111904,0.0011546685262013023
12.14,2.8583748686952717,-0.025541299563511765,0.0011959290371215403
12.16,2.8601405821095547,-0.0265425306930419,0.001174480508065262
12.18,2.8618811398707984,-0.027580483189966653,0.001074741299283588
12.2,2.863602652764804,-0.028648911202306667,0.0008907033571173284
12.22,2.865391260846796,-0.029660692002396537,0.0010321268539358608
12.24,2.867088210970737,-0.03069574201499592,0.0011740013615529066
12.26,2.8688108671818204,-0.03177955922732562,0.0012416685727553722
12.28,2.8705138376879784,-0.032903796086174955,0.0012331598225736873
12.3,2.8721911339382182,-0.03406422554286244,0.0011477215894922788
12.32,2.8738401194489427,-0.03525888040345671,0.0009824085067462462
12.34,2.8755450141202794,-0.03640241113470194,0.0009843131188307097
12.36,2.8771608718085995,-0.03756631070836247,0.001147121510622101
12.38,2.878784347118149,-0.03876319013340224,0.0012284049876808423
12.4,2.8803938731102696,-0.03999940509705984,0.0012385810910848505
12.42,2.8819812014635593,-0.04127044614430305,0.001171104112885013
12.44,2.8835367683734208,-0.04257340612557478,0.0010207795593587254
12.46,2.8851030631739993,-0.04387295704894069,0.0008934689521934713
12.48,2.88670683078572,-0.04514713422580437,0.0010578123922710403
12.5,2.888173856540134,-0.04643971728217269,0.0011618915822192155
12.52,2.889497963876074,-0.04761787877806147,0.0011955845366517226
12.54,2.8904997378248716,-0.04857516707839641,0.0011813831750849824
12.56,2.891148511587364,-0.04928350514515358,0.0011405704631285152
12.58,2.8915157965571834,-0.04974213292998009,0.0010858172734952432
12.6,2.8915742497772228,-0.04994030108117542,0.001026388685404972
12.62,2.891343827631551,-0.0498741347111317,0.0009592376955706583
12.64,2.890805740782712,-0.04951594476877178,0.0008899382143059686
12.66,2.8900491493763645,-0.048776226440053035,0.0008723398678740502
12.68,2.8890506589098712,-0.04775081825101157,0.0007948609617583202
12.7,2.8877595932805296,-0.04639329583047775,0.0006094649863853663
12.72,2.8862268803450357,-0.044940513727035586,0.0006752348066941805
12.74,2.8846024916146953,-0.04328099651631245,0.0008402242149232464
12.76,2.882695033697103,-0.04150449507837041,0.0009477692161746765
12.78,2.880708934374405,-0.03958348225582841,0.0009139798870551885
12.8,2.878627585019786,-0.037479355269350846,0.0007120048341309471
12.82,2.876400195634217,-0.035256326297577745,0.0008156257155770563
12.84,2.8742263244288027,-0.03295285600775989,0.0010021985818242096
12.86,2.872107897384879,-0.030574472264412695,0.0010349414919957611
12.88,2.8698479320482853,-0.028031260019380944,0.0008479643742058951
12.9,2.867781300575484,-0.025620013003567876,0.0008945124206281019
12.92,2.86594313452338,-0.02340494041947124,0.0010502487975416197
12.94,2.8641469342118206,-0.02130020842942311,0.0011405244016408633
12.96,2.8626750595420796,-0.019509924889479738,0.0009426700303905577
12.98,2.8616323809351547,-0.018124215222812084,0.0006837276653490487
13.0,2.8608759586424837,-0.017083033037368165,0.0008000728142268099
13.02,2.8603931158281166,-0.01632676292671274,0.001097363403659235
13.04,2.8600165109202624,-0.015872012906575365,0.0012458306513606077
13.06,2.859905109166325,-0.015813698341343017,0.001345099977774461
13.08,2.8599853089835765,-0.016129963372602227,0.001363236285383096
13.1,2.8602350295959833,-0.016818172124651,0.0013028774118538367
13.12,2.860613990554182,-0.017883101804738254,0.0011454230774217145
13.14,2.8611801348070744,-0.019301274298319727,0.000973375949013533
13.16,2.8620123140881106,-0.021048877654211293,0.001162183148081447
13.18,2.862864385529536,-0.023133115886993693,0.0012611955705360833
13.2,2.8638138661184316,-0.025693456162505138,0.0012298468887685654
13.22,2.8648119243082113,-0.028618827200295745,0.0010165128954609526
13.24,2.8660577930079856,-0.03192631476164258,0.001236628579016824
13.26,2.86715390667458,-0.035483182901503985,0.001395591879195135
13.28,2.8682356623872214,-0.0393320385712519,0.0013192691267394363
13.3,2.869353543966174,-0.04345901831485906,0.0011620632596382185
13.32,2.8705554831944498,-0.04777211075792296,0.0013589985565560514
13.34,2.8715622605565314,-0.05206248585456061,0.0013326420786287096
13.36,2.872588176231282,-0.0567817148175717,0.0009617923580196863
13.38,2.8737300940580854,-0.06175230752371523,0.0009920656438184294
13.4,2.8749352802112127,-0.0670332800140408,0.0013575112752304552
13.42,2.8760637079847697,-0.07238824434585396,0.0014747672225361719
13.44,2.876948741706117,-0.07716374474951745,0.0011036675841311627
13.46,2.8781980386177763,-0.08274896666436163,0.001203417218609032
13.48,2.8791408248717816,-0.08821183542299005,0.0012421147749768768
13.5,2.8802241009610574,-0.09376201578721387,0.001289583167413011
13.52,2.881309160795485,-0.09919990425311911,0.0013074512793957715
13.54,2.8823568672585247,-0.10516393178856145,0.0014333655872164897
13.56,2.8833584366193206,-0.11130764581565421,0.001157557810802734
13.58,2.884424223464931,-0.11799982826422108,0.0010711735481523377
13.6,2.8856550079796888,-0.12458929214669472,0.0015873738234297718
13.62,2.88664594531881,-0.13091722999918007,0.0014750162726495375
13.64,2.887617501003312,-0.13738056374126204,0.001074235900870163
13.66,2.8888214629976976,-0.1442406482314601,0.001435880372886833
13.68,2.8900525385045874,-0.15148004051664749,0.0014434306168876199
13.7,2.8910762099470664,-0.1577686597285062,0.001050676015939861
13.72,2.8921240113114166,-0.1644741064639234,0.0010432090021430807
13.74,2.8934588035522837,-0.1715697973601806,0.0015577907348148234
13.76,2.8945537196221665,-0.1782293125885801,0.0013341591806291797
13.78,2.895567674810288,-0.18456546812925395,0.0010366753846906551
13.8,2.896892995910528,-0.19160495001241312,0.0015062440576435465
13.82,2.898135244583806,-0.19876473494780939,0.0013895821025322608
13.84,2.899084718753119,-0.20497722555523715,0.0009602492909244198
13.86,2.900353860879032,-0.21159802786431414,0.0013443893906480708
13.88,2.9018195311976527,-0.2189862976030062,0.0014454409501669374
13.9,2.9029494005481324,-0.22534685303559465,0.0010813314188691525
13.92,2.9040433268257106,-0.23130641603512742,0.0008367168136471925
13.94,2.90551216006033,-0.2381136654128697,0.0014283176349452753
13.96,2.9067696089049013,-0.24442917984004117,0.0012724246937157457
13.98,2.9078308115740703,-0.24969754580271436,0.0007764589596214733
14.0,2.908964425257777,-0.2553589139787268,0.0009770894269544306
14.02,2.910107143033449,-0.2610359113929651,0.0012588628927566736
14.04,2.9111554951774457,-0.2665820135540486,0.001295838455770193
14.06,2.9119263590137785,-0.2714896631873457,0.0008462563604375029
14.08,2.9130316516949004,-0.27708015269071545,0.0008338807441247986
14.1,2.913969807330629,-0.28272146270345583,0.001251529670326934
14.12,2.9148889797183375,-0.2880788585659689,0.0011836898281522568
14.14,2.915731802495881,-0.2933057134637292,0.0009565319400480499
14.16,2.9166385487203255,-0.2988351663750013,0.0010438255162219523
14.18,2.917369192663115,-0.30417598837395465,0.0008452242170329527
14.2,2.918103177663584,-0.30970036807091,0.000829969288653476
14.22,2.9189839784383613,-0.315427162038939,0.0011269016264792708
14.24,2.91972305535322,-0.3214687181693161,0.001250323396344566
14.26,2.9203198581625904,-0.3273236397371867,0.0008588453456787881
14.28,2.9210429556379984,-0.33386994238134066,0.0007059887670135268
14.3,2.921916793315064,-0.3405643620751923,0.0011100104455739335
14.32,2.9227557072397072,-0.34756127059563213,0.001046824103739935
14.34,2.9233265876554126,-0.3535246135670084,0.0004330520671898541
14.36,2.924173469801624,-0.36049656959732157,0.0010008241450615851
14.38,2.9250160743131994,-0.36753544287851675,0.0011177716426856443
14.4,2.9256776549143035,-0.3737976973079121,0.0007401695159138244
14.42,2.926457147059727,-0.380505444381281,0.0008570251278220142
14.44,2.927321575872615,-0.3875930377469272,0.0011224103473493896
14.46,2.9281648389115555,-0.39453568978820597,0.0010072247469844753
14.48,2.9286639769184792,-0.40042617872216635,0.0005807569853275019
14.5,2.9295771626804568,-0.4075521751705612,0.0010836363476572353
14.52,2.930459978010198,-0.4145815229227718,0.001086404645292166
14.54,2.9310703921614496,-0.420640796636809,0.0005432905645662012
14.56,2.9318987353481294,-0.42750315134871797,0.0009768438591100659
14.58,2.932781769286005,-0.43453204022868336,0.0011714543810932287
14.6,2.933511869942201,-0.44104706188398596,0.000927064233594399
14.62,2.9342200571960295,-0.4474391585391799,0.0008494224070275946
14.64,2.9351241195582767,-0.45453124385221794,0.0011909477428860005
14.66,2.9359944259021518,-0.46147384651965656,0.001146652547462268
14.68,2.9365295779597376,-0.4674187762054644,0.0006071228090743508
14.7,2.9374462968299087,-0.4744367562173472,0.0011490186681471226
14.72,2.9383468878688754,-0.4814709587398796,0.0012203777776444436
14.74,2.9389671858122832,-0.487538093140719,0.0007631540402949499
14.76,2.939791606491365,-0.4942872856985134,0.0011106694533506156
14.78,2.9406811898801917,-0.5013615111479565,0.0013034202433914455
14.8,2.9414730745006232,-0.508014922771226,0.0011028871446380761
14.82,2.9421687076717693,-0.5143220262555888,0.0008901254846442053
14.84,2.943107315045022,-0.5214158097776431,0.0013305311963434374
14.86,2.9440094847465823,-0.5284145395685322,0.0012942408821440543
14.88,2.9446302519104606,-0.5343845972328896,0.0007266498670244204
14.9,2.9455525086464602,-0.5413825249583748,0.0012723260102955325
14.92,2.9464586962383192,-0.5484356882040036,0.001380196889203933
14.94,2.9472106738129966,-0.5549198410803429,0.0010793468164830011
14.96,2.947944483178561,-0.5613861029321954,0.0011272016986206557
14.98,2.948865167870328,-0.5684462182369274,0.0014380945119721322
15.0,2.9497204054923802,-0.5752284998095666,0.0013469172706872257
15.02,2.9503226572566588,-0.5813700816132761,0.0009150437713232873
15.04,2.9513068513877236,-0.5884447413680794,0.0014125756633260322
15.06,2.9521749542223974,-0.5952792296977338,0.0014938644812727553
15.08,2.9529124163250087,-0.601502028053881,0.0008036219561318447
15.1,2.9538454802682645,-0.6085579582560009,0.0013446281863271625
15.12,2.9547219762707195,-0.6153577939991625,0.0014789443356359455
15.14,2.9555719954209603,-0.621794624242692,0.0011930790566621052
15.16,2.956156358796004,-0.6274033134378366,0.0009712267391629448
15.18,2.9569561113253586,-0.6334832231719192,0.001420911842752115
15.2,2.9576833522198847,-0.6392966459092885,0.0014926832644064914
15.22,2.9582370458908875,-0.6446304444519073,0.0013206907011697466
15.24,2.9587934756775285,-0.6496887585976768,0.0011072619372240744
15.26,2.959338172236579,-0.6554242590606904,0.0014668561469458608
15.28,2.959824047493696,-0.6607518797159766,0.001442836546974996
15.3,2.9602922728388115,-0.6662169008019273,0.0011614045254773053
15.32,2.9609449445578075,-0.6721109966127656,0.001340780294609073
15.34,2.961211545951438,-0.6779009321587098,0.0011756898405000937
15.36,2.96162532267538,-0.684335759947457,0.0012242806053480715
15.38,2.9621791609825103,-0.6906046009471303,0.0013850261362152727
15.4,2.9625491293848003,-0.6972757760137935,0.001472168163806381
15.42,2.9628965670397482,-0.7039611684252254,0.001200786133466275
15.44,2.9633643797635347,-0.7111935658097217,0.0012283206491063847
15.46,2.963907052001066,-0.7180666672001358,0.0015915956630029315
15.48,2.964273693788132,-0.7247969161577094,0.0012465179771554424
15.5,2.9645762175051007,-0.7315546070173772,0.0013664252386619558
15.52,2.965144761627249,-0.7386092894567697,0.0015795427965799302
15.54,2.965560069112947,-0.7453475789424251,0.001546688458189005
15.56,2.9659258962402375,-0.7521838391978766,0.0011829860534509906
15.58,2.966464699725872,-0.7593579989109607,0.0012956048289565203
15.6,2.966990471735383,-0.7664190110066516,0.0013598938424667084
15.62,2.9672878862241765,-0.7730970266587693,0.0010839671157861497
15.64,2.9676072888755316,-0.7797976331722128,0.001106644349408853
15.66,2.968184754146255,-0.786906864029482,0.0015023158937140235
15.68,2.968587768468598,-0.793536027623261,0.0010934730720522645
15.7,2.9689264523645846,-0.800556004362476,0.001254534071335106
15.72,2.9695019728916363,-0.8077192065291634,0.0013320542473765629
15.74,2.9700090351929775,-0.8147527982539349,0.0011069682736925823
15.76,2.9703278944745617,-0.8214326743105123,0.001314796412269087
15.78,2.970755596831392,-0.8281321144386671,0.0010930434408333856
15.8,2.971345776334568,-0.8350609496829444,0.001455189939310153
15.82,2.971715528285917,-0.8413601938997911,0.0008990619297818414
15.84,2.972051251967412,-0.8481489681365509,0.0009500993111372924
15.86,2.9726737192417536,-0.8552794413804268,0.0012852879349613267
15.88,2.9731507599438456,-0.8622464882411861,0.0010581333164907392
15.9,2.9735587874924136,-0.8688664870646834,0.001119185063565148
15.92,2.9741477296496384,-0.8757935776434784,0.001254216456702345
15.94,2.974677731964513,-0.8826919487490069,0.0014426349004650896
15.96,2.9752031511745614,-0.8894921782746099,0.0007763315232873214
15.98,2.9756932256219684,-0.8966839774269526,0.0009241676657738285
16.0,2.9763395419720453,-0.9037133451334034,0.0011801010558168679
16.02,2.976830937716428,-0.9107219301602422,0.0007957267462014028
16.04,2.977233838347866,-0.9174102581282293,0.0008181853293056374
16.06,2.977859888379104,-0.9244892627649517,0.0013466622924604155
16.08,2.9783337515847577,-0.9310652566532007,0.0009460716720974538
16.1,2.978757485583533,-0.9379325762337927,0.0009260208265596537
16.12,2.9794179670065724,-0.9449836773259239,0.001196789014829308
16.14,2.9799868981087205,-0.9519135252562837,0.0012577245137699866
16.16,2.980317323946506,-0.9580578155605337,0.0008398418909389971
16.18,2.9808986048934716,-0.9647264198995711,0.0009732949587624162
16.2,2.981597644485041,-0.9720886381897802,0.001296359029163724
16.22,2.982089400084132,-0.9782903342391682,0.0008186341271479713
16.24,2.982606422064145,-0.9850688044610025,0.000841243707124878
16.26,2.9833826326044863,-0.9921973888708856,0.0013470630477771528
16.28,2.983917285680705,-0.9986482433051309,0.001081202518501051
16.3,2.984421013576492,-1.0053763379678227,0.0009662793440896045
16.32,2.985146204963241,-1.0120851148039143,0.001197662592061416
16.34,2.9858135165663366,-1.0186261816040894,0.0012704041632307095
16.36,2.9862808206042826,-1.024333189839922,0.0008891766186233385
16.38,2.986751295687994,-1.0299970129291809,0.0007733115274591029
16.4,2.987459831586325,-1.0361418032532042,0.0012870096471166992
16.42,2.987941214501296,-1.0418779648650098,0.0013138426571774608
16.44,2.988338680919768,-1.0468359341121427,0.0011150317056974057
16.46,2.988793541487248,-1.052028816052451,0.0007103394606741142
16.48,2.9892339730006574,-1.0576902228441682,0.0011420206684695788
16.5,2.9896707745533626,-1.0633242237069909,0.001291500905643117
16.52,2.9898827979017657,-1.0682670402979348,0.001079908204451141
16.54,2.990351480743586,-1.0741446774829404,0.0011281282192852349
16.56,2.99064081397138,-1.0804089748885612,0.0012307286974146403
16.58,2.9909511462531055,-1.0868136752443207,0.0012471125072906208
16.6,2.991383888413421,-1.0931800296813787,0.0011931026870973527
16.62,2.991759130644556,-1.1000973381264594,0.0011194235712125578
16.64,2.991988971597599,-1.1070418810220861,0.0014594076947060108
16.66,2.9922680776967794,-1.1135554968876742,0.0011112947289802222
16.68,2.992810722487302,-1.120755804456012,0.0015120040952851521
16.7,2.9931075391721493,-1.1276952134347,0.001465353118827284
16.72,2.993410903061436,-1.1344751429563427,0.0016683389047565111
16.74,2.99386464298393,-1.1410820815302296,0.0015696600058853483
16.76,2.994303914061845,-1.148033357153752,0.0015963869482922
16.78,2.9945164099095782,-1.1544606606654848,0.0015688020419138138
16.8,2.9949488303875977,-1.1611032228124543,0.0013539235338211608
16.82,2.9954194221606305,-1.1678936908286732,0.001632155389633072
16.84,2.9957097644137556,-1.1741699244847494,0.0016000038597052402
16.86,2.9960515408656634,-1.1803777708998218,0.0016534458764807525
16.88,2.996547512889573,-1.1862340338946051,0.001573286196797502
16.9,2.99696608026193,-1.191707994671669,0.0016344883688009515
16.92,2.997273946093742,-1.197167516036048,0.0017357059285803833
16.94,2.997692870631155,-1.2022259493015937,0.001870260750928887
16.96,2.998112435741238,-1.2069614209455226,0.0013105355457263546
16.98,2.998576006903505,-1.2114810676138204,0.0009124910360183425
17.0,2.998848497860235,-1.2156985733432777,0.0011897797056429626
17.02,2.9992229287376126,-1.219816677797835,0.001422391466988221
17.04,2.9995769591578574,-1.2236306832250716,0.0015232738070926344
17.06,2.9997734023997187,-1.2268035785526965,0.0015376243900387665
17.08,3.000009886132349,-1.229917050022094,0.0012983278644986274
17.1,3.000236432845618,-1.2330613830715687,0.0010011401851753865
17.12,3.0005085523753534,-1.2360821002214653,0.0009990654706093505
17.14,3.000673583537732,-1.2389218028239473,0.0010819380965526038
17.16,3.000849842089431,-1.241504156984082,0.0012322278250662955
17.18,3.001026006675155,-1.2439458773955259,0.0012731789572870689
17.2,3.0011390467175874,-1.2462005614205423,0.0012140155993324853
17.22,3.0011948463448737,-1.2483988727147837,0.0010614912197808857
17.24,3.0012974208724517,-1.250463317555852,0.0010777393224295773
17.26,3.001353971780532,-1.252511543948541,0.0012441076635210657
17.28,3.0013910891821896,-1.2547161032393968,0.0013673495683571568
17.3,3.0013801038792955,-1.2569359937962956,0.0014040408840151897
17.32,3.001322578285564,-1.2591556907233876,0.0013565992378379021
17.34,3.001221418913201,-1.2612973713413007,0.0012305556634628345
17.36,3.001090188815349,-1.2633295977561716,0.0010924175344207143
17.38,3.0010379661713857,-1.2653869916217675,0.0012808092310194474
17.4,3.0009098647165127,-1.2674155475988103,0.0014110562940470028
17.42,3.0007470441171438,-1.2696239029035548,0.0014690553631914183
17.44,3.0005508704014616,-1.2718094113126317,0.0014401340692702658
17.46,3.000306285294525,-1.2738713272106188,0.0013356593993979482
17.48,3.000018551125437,-1.2758920088652859,0.0011540373680116733
17.5,2.9998212628111465,-1.2779424008432991,0.0012572232023302654
17.52,2.9995450711448735,-1.2799262431511225,0.0014010536864081102
17.54,2.99924574088256,-1.2819750765243068,0.0014694700040824848
17.56,2.998888471781529,-1.2841187965928362,0.0014567152486634483
17.58,2.9985032951753783,-1.2861262592470377,0.0013766186525770163
17.6,2.9980734800702837,-1.2881240791948967,0.0012101300276680105
17.62,2.9977178874849355,-1.2901555221112129,0.0011787897717224494
17.64,2.9973130726586232,-1.292125456360099,0.0013343480742415703
17.66,2.996869934237934,-1.294086181959647,0.0014122024344008222
17.68,2.996365245594709,-1.2961843178961026,0.0014231254379347136
17.7,2.995821914790854,-1.2982196901495486,0.001351492899038964
17.72,2.995254836584988,-1.3001837556623328,0.0012011614862891817
17.74,2.9946754703884455,-1.3021453100679619,0.0010333403530012886
17.76,2.9941523742653935,-1.3041322715478183,0.0011950308313099789
17.78,2.9935638661362223,-1.3059939360616002,0.0012884008321135954
17.8,2.992904525396159,-1.3080816274358953,0.0013258454144036147
17.82,2.99219893554715,-1.3101830480536814,0.0012696305737255609
17.84,2.991474128913974,-1.3121853033253048,0.0011292876078895786
17.86,2.9907316077595114,-1.3140845462148696,0.0009100604839039905
17.88,2.99009391716657,-1.3160589236986056,0.0009876268713206737
17.9,2.9893835878079833,-1.317916173889728,0.001122606333892301
17.92,2.9885803813055123,-1.3199802992794227,0.0011653275075671488
17.94,2.987737521885006,-1.3220335051594168,0.0011312361198557996
17.96,2.9868425484607184,-1.3240653911582272,0.0010043811149132442
17.98,2.9859198986561015,-1.326043979540695,0.0007881651915550014
18.0,2.985139338053244,-1.3279477019246722,0.0007294284447489363
18.02,2.9842223518967814,-1.3298775138185575,0.0008794642373356198
18.04,2.9832779058078116,-1.3318504683453898,0.0009548661182417206
18.06,2.982377471748924,-1.3338676538353806,0.000982157787270066
18.08,2.981465068671026,-1.3358841951107403,0.0009412633148473959
18.1,2.980512170201652,-1.3378776143982065,0.0008147640108300547
18.12,2.979612502162599,-1.3397292244257577,0.0007171230126724881
18.14,2.978772161708363,-1.3415953190324779,0.000901605329947458
18.16,2.977832210089858,-1.343542764437666,0.001035540616007108
18.18,2.9768352713532065,-1.3455140638839698,0.0011079311938042846
18.2,2.975785138129662,-1.3474629077211395,0.001088479954499566
18.22,2.974742856050823,-1.3492943051282156,0.0009928385692275221
18.24,2.973686656841943,-1.3510229832046494,0.0008280800731695626
18.26,2.972713460557621,-1.3528345719880943,0.0009570469423703098
18.28,2.971717624078323,-1.3545116345281272,0.0011011827071341906
18.3,2.9706657485864274,-1.356245835331488,0.0011883959349708595
18.32,2.9695768344194504,-1.3579588239986273,0.0011941138239550397
18.34,2.968447511504519,-1.3596500689083326,0.0011215942026278902
18.36,2.967283793270865,-1.3613206735077785,0.0009717092082533463
18.38,2.966168156266945,-1.3630464470633623,0.0009532417730335196
18.4,2.965026845327184,-1.3646515363324732,0.0011372750509455187
18.42,2.9640030903272296,-1.3660648884163162,0.0012125109630965747
18.44,2.9631911014931327,-1.3671655178662054,0.00122959181087684
18.46,2.962608001187881,-1.3679056084051546,0.0012061906984868198
18.48,2.962266100891599,-1.368265625486341,0.0011318487058306625
18.5,2.96213692230041,-1.3683393584723793,0.0010315813059055545
18.52,2.9622731002169695,-1.368052729669722,0.0008979504776240044
18.54,2.9626498865805684,-1.36747597915748,0.0007351413342414903
18.56,2.9632219594883096,-1.366543558088878,0.0006475130090496661
18.58,2.9640611041520875,-1.3653098022699934,0.0008205043911518606
18.6,2.9651862461728866,-1.3637795825935082,0.0009678792312148854
18.62,2.9665218089147194,-1.362029202428433,0.0010863287484728368
18.64,2.9680420946489128,-1.3601270084540982,0.0010304831708759787
18.66,2.969706824295095,-1.3581351283865446,0.0008789717767062888
18.68,2.9714698156089767,-1.3559607061803645,0.0008287969938459705
18.7,2.97338780736356,-1.3536674117257457,0.0010503436296106783
18.72,2.9754748895466383,-1.3513070526177227,0.0011468470975680434
18.74,2.9777935999417005,-1.348732052612946,0.0010341168580820237
18.76,2.980054644064533,-1.346500180626151,0.0008278957439029067
18.78,2.9821966576670325,-1.3442060680780743,0.0010914336243048883
18.8,2.984493863905979,-1.3419979040538386,0.001211773310600739
18.82,2.9867701741607617,-1.339745355216952,0.0011648370584200762
18.84,2.988710362425298,-1.3379110510066459,0.0008740201260941383
18.86,2.990150482040284,-1.3364581731592367,0.0009566764044978138
18.88,2.991370729240283,-1.3352785252896695,0.001093379365064151
18.9,2.9924341253965907,-1.3342251640404874,0.0010386924511530393
18.92,2.9931240169130784,-1.3336429687518068,0.0010046309506193951
18.94,2.993559770511627,-1.333388550679712,0.0010487457137721146
18.96,2.9936335638343445,-1.3333899181364741,0.0010438794277794483
18.98,2.993297163101758,-1.3336507959790513,0.0009971465104598176
19.0,2.992377197110339,-1.3341253544969127,0.0009812797654699112
19.02,2.991158074043673,-1.3345525156808635,0.0009849502691089973
19.04,2.989722137516881,-1.335042785253198,0.0008557481339413753
19.06,2.9879578251533165,-1.3359328657791643,0.0009210971905210252
19.08,2.9858949165898006,-1.3367893348210227,0.0011113004416363759
19.1,2.983382311250946,-1.3377919007897774,0.0011357646823694778
19.12,2.9804345780783326,-1.3388846461205033,0.0009447968705899035
19.14,2.9771529033707846,-1.340209246631472,0.0008661378324966718
19.16,2.9734118055571295,-1.3416165580628587,0.0009389458340371415
19.18,2.969546612248347,-1.3430327888354485,0.0010632725344938698
19.2,2.965641254727098,-1.3445057358300672,0.0008637072539171842
19.22,2.9614854603368532,-1.3460894022559855,0.0011317732558460691
19.24,2.957106549541222,-1.3475657913228967,0.0013318339457610573
19.26,2.952426429798869,-1.3490491875097947,0.0012598935825823832
19.28,2.9475325998928374,-1.350556366707358,0.0010121337714109058
19.3,2.9424850781447165,-1.3521543202472388,0.0010766696328883274
19.32,2.937279198166388,-1.353562768845848,0.0011298324413538396
19.34,2.9319572488566186,-1.3550895553590478,0.0010947419602094222
19.36,2.9265458117425815,-1.356709753240206,0.0012662464776214966
19.38,2.921082103045811,-1.3581892649910463,0.0013079764652337567
19.4,2.9158664258570957,-1.3595715244406914,0.0011056031873490912
19.42,2.910355653465051,-1.3609269966091646,0.0007946443295297756
19.44,2.904919598262412,-1.3624787044883324,0.001211572322233373
19.46,2.899436997552517,-1.3638383419797449,0.0013873002929400413
19.48,2.8945308732787454,-1.3649543504766086,0.001228948965306148
19.5,2.8891894347197393,-1.3663094819122865,0.0009447919423097861
19.52,2.8836226270087426,-1.367578375288994,0.0011277771662943914
19.54,2.8781569837706704,-1.368850437038559,0.0013096967208150456
19.56,2.8728050857118967,-1.370013863733657,0.0011749861001685014
19.58,2.8673062023014375,-1.3712961476841325,0.0012828306274207113
19.6,2.861771173868283,-1.3724303917750675,0.0012176044805007613
19.62,2.8563190675118286,-1.3734863663338908,0.0010951099715714174
19.64,2.850810672290952,-1.3745863448117828,0.0009447963860636233
19.66,2.845269932023632,-1.3757858318434781,0.0013129441550793486
19.68,2.839922448847933,-1.3767022549246273,0.0013850022888988456
19.7,2.8343814327354218,-1.377649459899834,0.00104980856087325
19.72,2.8285543927548193,-1.378658463097291,0.0009358890376511553
19.74,2.822339689553489,-1.3797304251028888,0.0013453485006120758
19.76,2.8158983563303255,-1.3807834692669743,0.0013486913121598942
19.78,2.810333456239556,-1.381506052913238,0.0010082909953835761
19.8,2.804219337341074,-1.3824748921703787,0.0012190973843471675
19.82,2.797136377621496,-1.3834403371027133,0.001755820514637324
19.84,2.7906111617944367,-1.3842780982321972,0.0012363508938183776
19.86,2.783619011485795,-1.3853968502256424,0.001136949452067576
19.88,2.77652438107269,-1.3863474821369308,0.0014908449496029985
19.9,2.7695381495700553,-1.3874523892690833,0.0012565347963473528
19.92,2.7629357006824145,-1.3884516347694689,0.0010642256446440623
19.94,2.7560150812017867,-1.389469897080313,0.0013088905878698986
19.96,2.7492134291455583,-1.390381577623154,0.0015419385841196342
19.98,2.7426143809012857,-1.391399965302989,0.00089161153973627
20.0,2.7353686809026008,-1.392571056910789,0.001044776317950219
20.02,2.728461164815505,-1.3935643282998804,0.0014484117515714823
20.04,2.721746306078311,-1.394626595238413,0.0012700826735927429
20.06,2.7153661618702243,-1.395672599504382,0.001052281310400388
20.08,2.7083229742096075,-1.3966828560461317,0.001427578210067837
20.1,2.7015159928144015,-1.3976343908816289,0.0013349729872762506
20.12,2.695004073753008,-1.398708651203251,0.0009509192435814273
20.14,2.688174680211706,-1.39967604874802,0.0012639286213679546
20.16,2.6808859393761777,-1.4007170198498777,0.001388934534659575
20.18,2.6744366902956114,-1.401579637517182,0.0010400244174969542
20.2,2.667936747177328,-1.4026239227047392,0.0008613611730332593
20.22,2.6606619718679947,-1.403540931333406,0.0015688513606158805
20.24,2.653827033165965,-1.4043490678391393,0.001308590675483029
20.26,2.6474411046906194,-1.4052569939486081,0.0010642084938779772
20.28,2.6405484230367593,-1.4060842466050147,0.0013525117466745007
20.3,2.633471746389938,-1.406930390114384,0.00144101703040464
20.32,2.6272587761108968,-1.40761266341124,0.000767734843043627
20.34,2.6203448633556676,-1.4085006329792555,0.0010791677351361662
20.36,2.6132144477491455,-1.4093226708742495,0.0012771857397625985
20.38,2.606648725141596,-1.4101253364956734,0.0009555312818628481
20.4,2.5998996857702212,-1.4110290486315606,0.000839533118987712
20.42,2.592753317296877,-1.4118121689280656,0.0013690798025072781
20.44,2.585830951531351,-1.41270700754143,0.001187703891148778
20.46,2.5794851148861455,-1.4135765883102795,0.0008973827127687628
20.48,2.5725197866991913,-1.4143004534754642,0.0012951349070317586
20.5,2.565422444586034,-1.4150502663659204,0.0013471661630684306
20.52,2.5590728449477043,-1.4157099812852554,0.0007413325806980842
20.54,2.5523351510055723,-1.4165216414228412,0.0010260587025539836
20.56,2.544992272006261,-1.4172846724240302,0.0011922351159167621
20.58,2.538278199397323,-1.4179881193255013,0.0011424111080311772
20.6,2.532075093679623,-1.4185845490117954,0.0008964052151030355
20.62,2.524955061008794,-1.4192579312504499,0.00137987152344074
20.64,2.51823420471173,-1.419845830907121,0.0012146434675688877
20.66,2.5116195460357473,-1.4205726249572352,0.0008527368998966223
20.68,2.5046198716944845,-1.4212328816757331,0.00123903055987451
20.7,2.4974378399459987,-1.421919756322834,0.0012186205683121787
20.72,2.4907294426001134,-1.4226056130837577,0.0010862928202513278
20.74,2.484090876251264,-1.4233709917722634,0.0009737078736316296
20.76,2.4768601749155796,-1.4239422780994992,0.0014587402839585373
20.78,2.4703701342202056,-1.4243676204541484,0.0012031704470414906
20.8,2.4638918177858815,-1.4250558604161059,0.0008699545879819748
20.82,2.456724583407458,-1.4256348921481141,0.001496857798672313
20.84,2.449646595683248,-1.4261615223152442,0.0013493861533629692
20.86,2.4431130751220946,-1.4267680070606543,0.0009961674918915198
20.88,2.4363308490538724,-1.4273170318548691,0.0012427582463077624
20.9,2.428980128946316,-1.4278798906933041,0.001460961894616003
20.92,2.4224785161447073,-1.4283041366870473,0.0011748103756321904
20.94,2.415933459417606,-1.4289249622057678,0.0009845491141408924
20.96,2.408667327391695,-1.4293431658330114,0.0015278216484291007
20.98,2.4020629587198887,-1.4296308625993661,0.001285760898140087
21.0,2.395380638761852,-1.4301841703446287,0.0009941684721504196
21.02,2.3882961491103547,-1.4306318268231386,0.0015126921861115528
21.04,2.381182094093798,-1.4310698735125564,0.0014669769380140085
21.06,2.3747401257557836,-1.4314573110374254,0.001011857098064728
21.08,2.368022717807138,-1.431985684422035,0.001187847127191527
21.1,2.3606780839789185,-1.432403995288696,0.001699916581779426
21.12,2.3541119628321163,-1.4326341360084136,0.001251501961093665
21.14,2.347563020516663,-1.4331327982215678,0.0011018858136472576
21.16,2.3403483729200945,-1.4334825213951765,0.0016110795183155724
21.18,2.333679612517066,-1.4337069855928155,0.0013957166907376528
21.2,2.3269633764888717,-1.4341038035837135,0.001044173708811491
21.22,2.3198939669822165,-1.4344485871520416,0.0014069573596121043
21.24,2.313145314151985,-1.4347212532036948,0.001444913414277077
21.26,2.3062668605898846,-1.435137919198383,0.0009428710667480078
21.28,2.2991131061862142,-1.4355688463567637,0.0011728270894418857
21.3,2.2920192134175634,-1.4358776988854118,0.001560690868339626
21.32,2.2851381314716597,-1.4362996008442985,0.001337551477890525
21.34,2.2784034747551036,-1.4367754037174574,0.001201426021256502
21.36,2.2713025314977657,-1.4370508908177957,0.001581131494081428
21.38,2.264458893789482,-1.437299190251955,0.001542101116032396
21.4,2.258073806619379,-1.4375810483937252,0.0009597068858423763
21.42,2.2510166271758827,-1.4378490923945906,0.0013825066120951301
21.44,2.2438470016297227,-1.4381581145267095,0.0014078987998612513
21.46,2.237101592254452,-1.4385009705873062,0.0012421850424322034
21.48,2.2304153202184516,-1.4389144105187692,0.0011402338035927384
21.5,2.2231668888400464,-1.439105869383642,0.0016113830418029162
21.52,2.2164512859180543,-1.4392285951934725,0.0012768414364920377
21.54,2.2099282421341395,-1.4395772199793044,0.0009966710323064676
21.56,2.2027762882817297,-1.4397870493993985,0.0015058895036982878
21.58,2.1954895405740893,-1.440052612755595,0.0013727317539221628
21.6,2.189068682730817,-1.4403400950431866,0.0011000559799012877
21.62,2.18233065208237,-1.4406062674963205,0.0011976681819074464
21.64,2.1750468289357596,-1.4407282833194563,0.0016015436174831033
21.66,2.1687931610071653,-1.4407036582040869,0.0009918383220211824
21.68,2.1617090599488558,-1.4410168211174785,0.0009478343664128253
21.7,2.1545950108413625,-1.4411345379469997,0.0015207982032592604
21.72,2.1478402574067643,-1.4412740645772706,0.0012762886218333491
21.74,2.1412170464010365,-1.4415402495226968,0.0010516980710066626
21.76,2.1342172976384846,-1.4416246568891924,0.0013741071711766972
21.78,2.12716798191984,-1.4417007854642874,0.0014618229667399951
21.8,2.12080202847601,-1.4416967439527963,0.0007288380978457965
21.82,2.113779458707833,-1.4418859514915194,0.001062614053164046
21.84,2.1067215633023353,-1.4419325057014483,0.0014270080863510448
21.86,2.1003081387763074,-1.441976871275479,0.0009598821605619756
21.88,2.0932889036825557,-1.442179931136803,0.0008565271820161757
21.9,2.0861635524717395,-1.442227604537626,0.001389864775562133
21.92,2.0791643746556145,-1.442346785223216,0.0012491367972399248
21.94,2.072441901603845,-1.442529444841545,0.0010040132194643336
21.96,2.0655020684012664,-1.4425620057828363,0.0012690245733092687
21.98,2.0581871340396,-1.4426082391550088,0.0014006538652923672
22.0,2.0519678025915984,-1.4425284761862285,0.0008456694028246003
22.02,2.0452733933615,-1.4426330375888126,0.0009635015661434709
22.04,2.0379071659306494,-1.4426338168874953,0.0013843860360066018
22.06,2.0310451136784597,-1.4426225098506273,0.001158407254699484
22.08,2.024555989943156,-1.442718018260429,0.0009165558924824069
22.1,2.0174271286523426,-1.4426106121332594,0.0013750443592797645
22.12,2.0105052022278915,-1.4424800812319722,0.0012644715091331415
22.14,2.0040699072212296,-1.4424909701435733,0.0008060985966390488
22.16,1.997107901587934,-1.4424594222424167,0.0012828297426526747
22.18,1.9896994006252104,-1.4423629868850527,0.0013598404567484457
22.2,1.9831036401230517,-1.4422266686274898,0.0010028063451863467
22.22,1.976594921681352,-1.442238949297852,0.0008665285419374169
22.24,1.9692639610933511,-1.4420466976623547,0.0014573200525240526
22.26,1.962482416857332,-1.4418212563383301,0.0011801139204359878
22.28,1.9559824695444368,-1.4417959817324761,0.0008831624324695808
22.3,1.9488617152449117,-1.4415916199454681,0.0014670867738307003
22.32,1.9416879564400362,-1.4413407703816088,0.0014634863693121225
22.34,1.9354032493059627,-1.4411563598325958,0.0008727398143717202
22.36,1.9285828462745325,-1.4409524391488768,0.001227786694633859
22.38,1.921330496438138,-1.440672334217619,0.0016537109354588242
22.4,1.91503338899881,-1.44037501222652,0.0010177061029134071
22.42,1.908073612874357,-1.440285717439983,0.0010138114709921098
22.44,1.9009554109655966,-1.4399652056516792,0.0014221615145966204
22.46,1.8938213182436916,-1.4397703788569816,0.0011851406114992968
22.48,1.8874614659944382,-1.4396968108152914,0.0009117328285904724
22.5,1.8803846381968243,-1.4393824629347018,0.0013292801035398594
22.52,1.8733803565729856,-1.4391570793488047,0.001356861914303148
22.54,1.866738296424815,-1.4389062635187788,0.0008521853504172838
22.56,1.8598383158439376,-1.4386500698418834,0.0011549377270148042
22.58,1.8524857655581524,-1.4383202220280658,0.0013213401855896312
22.6,1.8459742229207554,-1.4381675555780487,0.0011565472189620785
22.62,1.8393379130523502,-1.4379799508769315,0.0010526886315856687
22.64,1.8322175388777655,-1.4376101037597009,0.0014365266714209957
22.66,1.8252603346612646,-1.437309444497622,0.0014196217869174854
22.68,1.818663878051781,-1.4370819653391464,0.0010733384225881382
22.7,1.8117131946325742,-1.4367283118284673,0.0014612928467531427
22.72,1.8043443158488839,-1.4363346882555508,0.0015829852541660028
22.74,1.7979710361205234,-1.436014895998427,0.0011228006107649735
22.76,1.791390046056261,-1.435773931365945,0.0009767429486269574
22.78,1.784026261429323,-1.435268341607394,0.0016555159551053245
22.8,1.777698063005569,-1.4348521857433434,0.0012706692279637333
22.82,1.7708616746178727,-1.4345661573739936,0.0010572737259338938
22.84,1.7637481492816443,-1.434061205410237,0.0015402174953317027
22.86,1.7567239024351606,-1.433640893763357,0.001443311536955122
22.88,1.750108258478029,-1.4332715575863755,0.001184239838719292
22.9,1.7433522149268836,-1.4328247586323963,0.0013040861199238307
22.92,1.7360252924362038,-1.432265494659086,0.0016844438391036554
22.94,1.7297807115341035,-1.4318362825801119,0.001062158318706069
22.96,1.722877566762919,-1.4314711401915632,0.001077477742164601
22.98,1.7157204055413686,-1.430875825061744,0.0015582737197492869
23.0,1.7088413509296403,-1.430499563458639,0.0013916970827776154
23.02,1.7025112847082164,-1.4302481953602728,0.0011203130629546254
23.04,1.6955076145977257,-1.4296568624981556,0.0014735619202906614
23.06,1.6885930521984611,-1.4291397344342527,0.0014940176276974637
23.08,1.6820860119456134,-1.4286948781137259,0.0009044075845175692
23.1,1.6751799280572777,-1.4281548395408261,0.0012531945019232937
23.12,1.6679093282600705,-1.4275207887176111,0.0014721722663161574
23.14,1.6612121083600375,-1.4271621785655322,0.0011987168698331385
23.16,1.6546778745670376,-1.4267273929708155,0.0010978863855070353
23.18,1.647535473537521,-1.4259894563706084,0.0015411280232135172
23.2,1.6408875779368288,-1.4254359537557981,0.0012926204751688986
23.22,1.6341037473322397,-1.424913700236691,0.000942362922831147
23.24,1.627039378686057,-1.4241984448268457,0.0013472949789741506
23.26,1.6202316727233619,-1.4235915467502773,0.0013478232215917985
23.28,1.6135943840618872,-1.4229902137114296,0.000832565688558301
23.3,1.6066981452466451,-1.4223992470044269,0.001092111914094529
23.32,1.5994668074641312,-1.4216421338147416,0.0013671242934030492
23.34,1.5926336157214487,-1.4211295060035851,0.0011084321937916142
23.36,1.586109962965387,-1.4205294243683007,0.000970047447999306
23.38,1.5790268714485718,-1.4197464695567912,0.001426243551387013
23.4,1.57201519835479,-1.4190188945349476,0.0012959813826736166
23.42,1.5654753452942636,-1.4184057862328494,0.0010760473349014366
23.44,1.5587848412742005,-1.4176517738296635,0.0012117287176672542
23.46,1.5515462309243615,-1.4168111677032238,0.001482709115179115
23.48,1.5452119507617903,-1.4161854089574024,0.0008432471950278464
23.5,1.5383264186914258,-1.415466079431163,0.0009160479889629425
23.52,1.5311689902138634,-1.4145759249051066,0.0014177965253083513
23.54,1.5246258136548934,-1.413905489182341,0.0011277713838214465
23.56,1.518279051541664,-1.413268446686093,0.0008438874364417037
23.58,1.511168307563704,-1.412355408308101,0.001336968621628326
23.6,1.5040191891940775,-1.4115566246200348,0.0012689973430425328
23.62,1.4978384417962314,-1.411033566822757,0.0007467337271385988
23.64,1.4910670506884052,-1.4101031200943637,0.0011797370046078282
23.66,1.4837123924486175,-1.409089546806857,0.001270238716598926
23.68,1.47731918592305,-1.4083289473732752,0.0009910916833434924
23.7,1.4710421406395426,-1.4075557307350137,0.0008040162088084057
23.72,1.4637487786625714,-1.406420717742097,0.0014628135036987289
23.74,1.4568289005359678,-1.4054486313076686,0.0011104184861638056
23.76,1.4505297098052023,-1.4046602472684124,0.0008359705630079373
23.78,1.4435900208756882,-1.4035368328078148,0.0013661914583975587
23.8,1.4366567645428074,-1.4024919361861736,0.0013932301788407986
23.82,1.430209645258339,-1.401561728909933,0.0007970701074048181
23.84,1.423397622322097,-1.400456640908705,0.0010607809121850054
23.86,1.416235666148388,-1.3992409057166204,0.0013289427097911144
23.88,1.4098679868449868,-1.398283518317554,0.001077983261223936
23.9,1.4035912583249814,-1.3973254084568234,0.00082408876158796
23.92,1.3964231851282451,-1.3959938799978506,0.001448126558912688
23.94,1.3895322902077303,-1.3948160931076268,0.001235039767392171
23.96,1.3833187853417224,-1.3938255348890576,0.0008969423075485816
23.98,1.3765401968851554,-1.3925628115911457,0.0013674387936713217
24.0,1.3693215587726697,-1.3912021589897035,0.0014794313925969582
24.02,1.3631744984285579,-1.3901584344605706,0.0008296187257443854
24.04,1.3564932863126502,-1.3889248232559257,0.0010147555068742709
24.06,1.3493489380504993,-1.3874698391128,0.0014389244982460359
24.08,1.3430804730442436,-1.3863344122573475,0.001145545680233312
24.1,1.336614398970343,-1.385150006531128,0.000985136768070799
24.12,1.329649558223685,-1.3836555708863765,0.0013997459238232202
24.14,1.3228919115788738,-1.3823313444547407,0.0013492796406366636
24.16,1.3165628450565037,-1.381099072729643,0.0009681968732812851
24.18,1.3098941614162631,-1.3796897468139744,0.001382930926598469
24.2,1.3026172604685191,-1.378114972240677,0.0015621177370467032
24.22,1.2964677425817726,-1.3769560931690452,0.0009778829889863783
24.24,1.2898043773960153,-1.3755737765145928,0.0009142323273539921
24.26,1.2827520431597692,-1.373930533386346,0.001647135741410538
24.28,1.276448201033158,-1.3725322056021423,0.001332389697601466
24.3,1.2697269138688723,-1.3711561114424597,0.0010549707279170206
24.32,1.2627876764575723,-1.3695390163161716,0.0014901349929391794
24.34,1.2558114297328984,-1.3679895359715455,0.0013529683400033965
24.36,1.2498346498231345,-1.3669273904085262,0.0009564014611011529
24.38,1.2432654429216867,-1.3654875671849191,0.001297919707008266
24.4,1.236058776972245,-1.3638264379242315,0.0014976773742697014
24.42,1.2297788803606486,-1.3625005001087949,0.0011096430401246193
24.44,1.223312799998929,-1.3610651090374741,0.0010334857923709195
24.46,1.2162883094635761,-1.3592972771956213,0.0016001031465665005
24.48,1.2093455106925433,-1.3576559164154876,0.0014166383284741624
24.5,1.2030521389471578,-1.3562903327283837,0.0013179480605785554
24.52,1.1965613060756848,-1.354692690717367,0.0014433603480217272
24.54,1.1895257978044054,-1.3529538095524618,0.0018236368441374717
24.56,1.1833697902914702,-1.3514622449584,0.0011230019712515638
24.58,1.1766948490821547,-1.349886298895277,0.0010675683461470742
24.6,1.169719669408053,-1.3480067810976655,0.0014581339300046847
24.62,1.1628059702379019,-1.3463001229797924,0.0011268232546278734
24.64,1.1564572914936913,-1.3448537440228057,0.001100748864436507
24.66,1.1495957561901877,-1.3429966052023863,0.0015929066947266979
24.68,1.1430879964623526,-1.3413058492656427,0.00150735309365288
24.7,1.1364003969330458,-1.3396905542090825,0.0010413569233037878
24.72,1.1294415040975232,-1.3378389364840435,0.0013338485623083374
24.74,1.122610028192193,-1.3360482287811453,0.0013413869861673977
24.76,1.1159072207871228,-1.3344644883623207,0.0010968431707034376
24.78,1.1096019215085966,-1.3330208036037596,0.0009657257766626792
24.8,1.102586886930486,-1.3311436536760541,0.0016205044633575139
24.82,1.0964729395940906,-1.3296439108705456,0.0011700141252276863
24.84,1.0898652030461726,-1.3280628621031727,0.0009347729087367806
24.86,1.0829581583711838,-1.3261685167773174,0.0015400596142818856
24.88,1.0763633518558342,-1.3244711544183656,0.0013800097183643
24.9,1.0701050534805423,-1.3229490958924084,0.000903437738335261
24.92,1.0633717102336877,-1.3211394619801828,0.0012345717414813384
24.94,1.0563653647575522,-1.3192363352625784,0.0013267255987488569
24.96,1.0499704461679724,-1.3176074246351863,0.0010498147271148783
24.98,1.0437080190147825,-1.3160071775423425,0.0009092414671863225
25.0,1.036620848455396,-1.3139821965370249,0.0014422944379112457
25.02,1.029980275278209,-1.3121948756863442,0.00119119428721709
25.04,1.0238483747750944,-1.3105639568062628,0.0008943985713132097
25.06,1.0171256639324826,-1.3085589401499067,0.0014439689892699892
25.08,1.0099890764795358,-1.3064601635963833,0.0013587483777980913
25.1,1.0039000061495968,-1.3047901941194837,0.0009349553491935225
25.12,0.9977124863095317,-1.3029838874396384,0.0010668598511378302
25.14,0.9905279467274931,-1.3007595120547057,0.0014345524447131608
25.16,0.9844082528689255,-1.298996998011003,0.0010096551574840795
25.18,0.9783421454283538,-1.2972151312196654,0.0007979549833696253
25.2,0.9713152791103251,-1.294911964066226,0.0013474831882941407
25.22,0.96486817136832,-1.2929333982670728,0.0011763650892049615
25.24,0.9587177696081621,-1.2910381071483499,0.0008680164945863156
25.26,0.9520823828097582,-1.2888338209800436,0.0012207692377597668
25.28,0.9453828034029366,-1.2866306867107715,0.0012203010382922097
25.3,0.9392652120799174,-1.2846838343481846,0.0007391016560666375
25.32,0.932793871925859,-1.282588691656319,0.0009665762148126089
25.34,0.9258911363998342,-1.2801600430064213,0.0013563852840891288
25.36,0.9194281039836891,-1.2780118900864164,0.0011685170051454752
25.38,0.9133818797806301,-1.2761002921812992,0.0010295991944197225
25.4,0.9067272478676193,-1.2737483781615475,0.0013660639875193448
25.42,0.9003466003783136,-1.2715777852801706,0.0012422431924132282
25.44,0.8939724094247501,-1.2693889733764365,0.0008750934214284412
25.46,0.8873352741813719,-1.2670075682934612,0.0011836318843709837
25.48,0.8807488687352396,-1.2646690741852544,0.001387204132389186
25.5,0.8747609318417496,-1.2626357367096557,0.0008541494434898267
25.52,0.8682768475995792,-1.260415219836297,0.0008476683358836778
25.54,0.8615125766951681,-1.2579131144242017,0.001311733071765464
25.56,0.8551196955560119,-1.255785357953323,0.0011937888063919266
25.58,0.8490214337176607,-1.2538206975149402,0.0010222070885159973
25.6,0.8423845777328873,-1.2513544103471184,0.0012804912190079731
25.62,0.8361755395204731,-1.2491464923054048,0.0012265192296807004
25.64,0.829654189048119,-1.246880737200075,0.0008899259877277188
25.66,0.8230418037209812,-1.2444571345806323,0.0011861407574942917
25.68,0.8163105764376011,-1.2419778860072583,0.0013698649883311098
25.7,0.8099334516260688,-1.239765890301602,0.0011978882576500482
25.72,0.8037632364234857,-1.2376380278588304,0.0011792504929076242
25.74,0.7971012761058984,-1.235125351674312,0.0015214670455399593
25.76,0.7908626581905867,-1.2328692386275824,0.0013439878892863855
25.78,0.7845843848329753,-1.2306463681484692,0.0010525851418635157
25.8,0.7779945984736985,-1.2281444712159832,0.0014115255388971737
25.82,0.7712370302645442,-1.2255620935560423,0.0013212663004237013
25.84,0.7649870241696588,-1.2232790927023471,0.0012039325323570937
25.86,0.7588126372726605,-1.221028142516454,0.0011955406115832512
25.88,0.7520903555592109,-1.2184068783948994,0.001718151947849772
25.9,0.7455347305007695,-1.2158884746061285,0.0014849103093403926
25.92,0.738991326125203,-1.2134970793655497,0.0011027807738538953
25.94,0.7323502943557744,-1.2108768616868353,0.0014332307730420824
25.96,0.7256924427574423,-1.2083846806823002,0.001244759122616873
25.98,0.7190189197756078,-1.2059202561698434,0.001044919289954871
26.0,0.712932729236307,-1.2036213435971594,0.0013132582837170614
26.02,0.7065433110675096,-1.2012271822598741,0.0014099077562260975
26.04,0.7001146048801139,-1.1988046838900446,0.0009527761852879679
26.06,0.6934904699542986,-1.196367289486244,0.0011255613828006494
26.08,0.6868202926678907,-1.1937499598577719,0.0015213083509447722
26.1,0.6805729264672418,-1.191556168674663,0.0013097078833816667
26.12,0.6744682099817536,-1.1893673965085854,0.0011791276553629604
26.14,0.6678759781370457,-1.1867700149352203,0.001552835821160281
26.16,0.6612506234163701,-1.1841804953800832,0.0014120242708465514
26.18,0.6552993285463823,-1.1820049768908423,0.0010319143855131163
26.2,0.6489256368949855,-1.1794892598083841,0.001387787655147854
26.22,0.6421707524911986,-1.1767728060437936,0.0015297562911131546
26.24,0.6361085404100847,-1.1744021710479098,0.0010238849236065273
26.26,0.6298318761542542,-1.1719681304204,0.0009787349528634637
26.28,0.6230718921135131,-1.1691040648700048,0.0016017527173024793
26.3,0.616554080893044,-1.166437764635572,0.001332678189055081
26.32,0.610556070657532,-1.1640852916363151,0.0012105210693708068
26.34,0.604159281216468,-1.161360898644756,0.0014568824729185026
26.36,0.5978507655972245,-1.15871753571233,0.00147196418817791
26.38,0.59171994761936,-1.1561807292840676,0.0009537126260926176
26.4,0.5852578896394,-1.1533944437329404,0.0012693982923349945
26.42,0.5786457730526554,-1.1505321410033975,0.0014649284630024462
26.44,0.5727662446512711,-1.148089867050011,0.0010947236736405797
26.46,0.566812118249559,-1.1456652770570983,0.0009020618421883009
26.48,0.560074803837547,-1.1426508756784364,0.0015381592139921685
26.5,0.5537557447732042,-1.1399065799606738,0.0013024731231102982
26.52,0.5478682750129131,-1.1374217580338493,0.0010444013195776702
26.54,0.5416200441125325,-1.1345457494478948,0.0014194170526427852
26.56,0.5351547083831798,-1.1316247716369177,0.001565461931633566
26.58,0.5293856583158087,-1.1289515793136555,0.0008361631129822356
26.6,0.5230710111973164,-1.1261062222382494,0.0010898317341688502
26.62,0.5164955557985503,-1.1230390771484182,0.0014679183570325827
26.64,0.5102802561105793,-1.120233809837974,0.0011453717419117881
26.66,0.5043501799509348,-1.1176259106498416,0.0010930457067689636
26.68,0.49796426447418884,-1.1145587764112628,0.001422487838140668
26.7,0.4918641796337984,-1.1117054956930847,0.001283549421185165
26.72,0.4859037055149532,-1.10898305824315,0.000909732185817469
26.74,0.47958244997812394,-1.1058803299553386,0.0012191907339501873
26.76,0.47319566863827306,-1.1027956356082735,0.0013328390142154645
26.78,0.4674900279879734,-1.1001614329817775,0.0008497369993920867
26.8,0.4615799970082897,-1.0974063622642145,0.0009598473335098445
26.82,0.4549457989480902,-1.0940813454050449,0.0014225912175513944
26.84,0.4489842006688907,-1.0912409918741932,0.0010731963941500722
26.86,0.44329699257284116,-1.0885610513798352,0.0008130860645222671
26.88,0.43690736488594495,-1.0852802978085518,0.0014243773898306722
26.9,0.43049423953350724,-1.0820460035366872,0.0012709947524058574
26.92,0.4248338703243662,-1.0793357216818071,0.0008434978550797834
26.94,0.41885087347104427,-1.0762320174816438,0.0012001098769040819
26.96,0.41240320376674483,-1.072893175525072,0.0014963856554866262
26.98,0.4068519357760761,-1.070092715060264,0.0008683754905031982
27.0,0.4008519045921269,-1.0670685566922553,0.0007267699090407753
27.02,0.3944512985911884,-1.0635455792004394,0.001437427880498443
27.04,0.38880764666539597,-1.0605843051577744,0.001107813416266784
27.06,0.3826920724207942,-1.0574573313726199,0.0009490969175130759
27.08,0.3764570233073987,-1.0540704781386474,0.0013075697215285398
27.1,0.3702975978225649,-1.0507818166650584,0.0013042866318691004
27.12,0.3645864829235715,-1.0478546642047912,0.0009854105370259991
27.14,0.35876142811129363,-1.0447815863287282,0.0010448036159048102
27.16,0.3522801895942991,-1.0411871345520272,0.0014556039646243246
27.18,0.3467024516590513,-1.0382390542151845,0.000976582365609352
27.2,0.34069426042608825,-1.0351116779139204,0.000937133443511845
27.22,0.3344275528164042,-1.0316010812534533,0.0014505911991760378
27.24,0.3287760900152088,-1.02853245276637,0.0012155178847665926
27.26,0.3227678857438996,-1.0253579685357357,0.00094532372415293
27.28,0.3165919057056156,-1.021904714946443,0.0013530813724347557
27.3,0.3106976273934119,-1.0186555848985381,0.001428906269872604
27.32,0.3048752005411255,-1.0154356263439037,0.0008419923688798014
27.34,0.29862249123544343,-1.0120471575320797,0.00103889572197563
27.36,0.2924156806993936,-1.0085700513100782,0.001425888679504994
27.38,0.28644948817592425,-1.0053378145515934,0.0012593927846748232
27.4,0.28064859238438705,-1.0022592448845262,0.0011632298061691748
27.42,0.2745289296609371,-0.998757833483837,0.0015927488694680303
27.44,0.2684539691761417,-0.9953489118016716,0.0016786181228660157
27.46,0.26308412677926474,-0.9924142871114905,0.001052823603037989
27.48,0.2570269332651126,-0.98901511764941,0.0012271066468038938
27.5,0.2507674467263432,-0.9854101662880461,0.001457212768833982
27.52,0.2449110627820923,-0.9823000924193179,0.0011740803839368763
27.54,0.23918970010919613,-0.979249906770932,0.0012175619019694772
27.56,0.23307549572374497,-0.9756880392068421,0.0017353677700868153
27.58,0.22707368722852733,-0.972209758670905,0.0016909650294157086
27.6,0.22108097648920946,-0.9688837647273408,0.0010779129977113167
27.62,0.2148187776889595,-0.9652742606518903,0.0014338249444340867
27.64,0.208708734741219,-0.961803754977377,0.0013385507403566588
27.66,0.20243482989464442,-0.9583402152837038,0.0010412425356878807
27.68,0.1966401069612269,-0.9551637057277507,0.0011918411549205477
27.7,0.19045595059985185,-0.9515557931721998,0.0015159232184135951
27.72,0.18466053255934065,-0.9483453571376186,0.0010900396990324024
27.74,0.17856057074486031,-0.9450034542539318,0.0010433152294456738
27.76,0.17238434651173384,-0.9413723724021725,0.0015751053103714718
27.78,0.16636870972171472,-0.9379582889248221,0.0013863250046194653
27.8,0.16061977730427587,-0.9347645524358987,0.0012691319590633354
27.82,0.15470369328867828,-0.9312763518727798,0.0014698820585083983
27.84,0.14843384117587172,-0.9276001710973851,0.0016277111307054781
27.86,0.14306745324731934,-0.9245995978303981,0.0009772173694836406
27.88,0.1371232586027175,-0.9211621282617036,0.0011678520262368708
27.9,0.13091822701136296,-0.9174531100717038,0.0015337576556627985
27.92,0.12538508541110335,-0.9142351843166145,0.0011046265078984707
27.94,0.11945697702949856,-0.9108006083672999,0.0010603945180321928
27.96,0.11334095356596777,-0.9070583748521256,0.0015221270361922834
27.98,0.1072632677111438,-0.9034554424599548,0.001349434676936101
28.0,0.10161771507754931,-0.9002114123063717,0.001193239223389736
28.02,0.0958368291099269,-0.8966901764644466,0.0013783365787189972
28.04,0.08951663168676421,-0.8928078684554159,0.0016118022245659447
28.06,0.08433796038032124,-0.8896780142155997,0.000862146045886053
28.08,0.07849040003678509,-0.8862442198212609,0.0010906173658208063
28.1,0.0724011542493686,-0.8823595264789023,0.00151471737289674
28.12,0.06686102320059065,-0.8789557523265935,0.001154055600671472
28.14,0.06134506379475591,-0.8756581592611136,0.0009711481211629736
28.16,0.055302647536610516,-0.871798849551061,0.0014993147532884887
28.18,0.04941256674411311,-0.8680612736911433,0.0013980160041726364
28.2,0.044135453266536825,-0.864843956976191,0.0008905738694494347
28.22,0.038247183627482396,-0.8610294850200233,0.0011732590498028939
28.24,0.032176931103124876,-0.8571900966976075,0.0013089850825953042
28.26,0.026696579289010605,-0.8537230000264499,0.00086492292167481
28.28,0.020920522365140568,-0.8500545683749903,0.0008760106288767666
28.3,0.014911599261141203,-0.8460182518877453,0.001500194997772375
28.32,0.00926732383519735,-0.8422960329804693,0.0011638342478829666
28.34,0.0037456690723123645,-0.8388133860538476,0.0011262080128202068
28.36,-0.001990563012817116,-0.8349364195703518,0.0013036739045218515
28.38,-0.007631432677605479,-0.8311548621659506,0.001415496573308972
28.4,-0.013264563616412463,-0.827419873034542,0.0008693961436693209
28.42,-0.019317966789009853,-0.8234402839324924,0.001014707728615033
28.44,-0.025125258605835997,-0.8194239633660965,0.0013856587947048415
28.46,-0.0309418706572835,-0.8156400081645717,0.001028848620988787
28.48,-0.03642674630265192,-0.8121420377170852,0.0009602934465520185
28.5,-0.04220340064177649,-0.8081879322880652,0.0014860193476939065
28.52,-0.04775909361329993,-0.8044550020026913,0.0012765321685453412
28.54,-0.05328762170132481,-0.8008946611356089,0.0009975865421724406
28.56,-0.05916426495064146,-0.7968573756526967,0.0012114996778165021
28.58,-0.06490862745611187,-0.7929706526435251,0.0013387639927269213
28.6,-0.07017105419115521,-0.7895215399224939,0.0008008008575653425
28.62,-0.07597472258397359,-0.7856840452917194,0.00098248057131059
28.64,-0.08191428524091224,-0.7816091829085632,0.0014273967851066993
28.66,-0.08727244925366957,-0.7780257798398044,0.0010345290443715127
28.68,-0.09271827305278729,-0.7744692837598034,0.0008648654918067822
28.7,-0.09863185510404474,-0.7703604916157605,0.0015107278288286896
28.72,-0.10433174874132625,-0.766444244556882,0.00145533453461702
28.74,-0.109435161065391,-0.7631028109990065,0.0010191887469623018
28.76,-0.11505068778925806,-0.7591963966885493,0.0011830357028577987
28.78,-0.12103829611690148,-0.7549942586158841,0.0014343898575552572
28.8,-0.1263054369237026,-0.7513552391901649,0.000987836623021987
28.82,-0.1317303412595538,-0.7477025980517397,0.0010315473801990604
28.84,-0.13764902731510348,-0.7434372854635232,0.0016051927577166447
28.86,-0.14319706783294103,-0.7395105758689517,0.0014261967446684842
28.88,-0.1489109199359529,-0.7355809219094573,0.001044345651066536
28.9,-0.15475632042303517,-0.7313761140882247,0.001351596780581804
28.92,-0.160510767189255,-0.7273246249275797,0.0012082733861867867
28.94,-0.16630003508465255,-0.7233535299244958,0.0010170783698850716
28.96,-0.17183703878427795,-0.7195140880829914,0.0011542887919807343
28.98,-0.17749788968476932,-0.7154630302422937,0.0014248243610588962
29.0,-0.1828147109679563,-0.7117795617696439,0.0009728934365165476
29.02,-0.18849433966552795,-0.7079214994263225,0.0009074984317179458
29.04,-0.1943483647627957,-0.7036783513930023,0.0016161053853018525
29.06,-0.19980771454713664,-0.6997878758843176,0.0013192290928714656
29.08,-0.20513939255891286,-0.6961529914076948,0.0011012179994062399
29.1,-0.21077867661279032,-0.6920092223418626,0.0014904572079809386
29.12,-0.21628609088689607,-0.6879903039934023,0.0016138986050277804
29.14,-0.22173335833969648,-0.6840764423846913,0.000997316947746546
29.16,-0.2276200215453913,-0.6799811354958338,0.0010589147681350497
29.18,-0.23334714921612876,-0.6757598181811648,0.00157660014434427
29.2,-0.239142382267995,-0.6716828298229051,0.0011536044014062719
29.22,-0.24454133510251835,-0.6679782454599017,0.0011164077299445074
29.24,-0.25020005913659277,-0.6638508595677585,0.0015799474367899635
29.26,-0.25546375452568626,-0.6600677783316443,0.001312510846384507
29.28,-0.26106029089064786,-0.656188319135045,0.0011157765095728966
29.3,-0.2667824851066375,-0.6519894669596292,0.0014360545084636245
29.32,-0.2725380995404734,-0.6478089473959031,0.0014567212213233982
29.34,-0.27780552352475296,-0.644068209031353,0.0010380529217837442
29.36,-0.28321886226988213,-0.6402662717903923,0.0011311767279400808
29.38,-0.28912668836060196,-0.6358207552962404,0.0016072751233974503
29.4,-0.2942592035545832,-0.6320860017269284,0.0011690661183186568
29.42,-0.2998255079688249,-0.6281391086702147,0.0010460541525181832
29.44,-0.30555649551728375,-0.6238286671260006,0.00158609477754465
29.46,-0.310826859650547,-0.6198751983700478,0.0014390398833943052
29.48,-0.31642512283385665,-0.6158026507143163,0.001073988793500874
29.5,-0.32215283271368833,-0.6114625570403617,0.001397329058905411
29.52,-0.32781641006982504,-0.607231149432902,0.0015574043056077458
29.54,-0.33285194211479063,-0.6035738515518427,0.0010658354579273221
29.56,-0.338202773084991,-0.5997749251369868,0.0010330475183731036
29.58,-0.34405164590007825,-0.5953327985107618,0.00155908860303694
29.6,-0.34932868576865894,-0.5914187256432313,0.001225479226435594
29.62,-0.35449310989129423,-0.5877061078697858,0.0009643129253878169
29.64,-0.36024047326494113,-0.5832595461838807,0.0014358025246070383
29.66,-0.36596546628859544,-0.5789306346441977,0.0013710298793678244
29.68,-0.3711217638841477,-0.5750488603291978,0.0010194131917722893
29.7,-0.37645940727756105,-0.5709226447239428,0.0012882588744571877
29.72,-0.3822520235118989,-0.5663749189635212,0.0015715843377117067
29.74,-0.3872099835060253,-0.5625381139430952,0.0009795669905211801
29.76,-0.39257315428982625,-0.5584813357083235,0.0009592147916763494
29.78,-0.39821575880936466,-0.5539174930315427,0.0015112257471295854
29.8,-0.4034688006162816,-0.5497448283320789,0.001208066879639258
29.82,-0.40857241523447246,-0.5458189330824886,0.0009785181723325764
29.84,-0.4140262461308658,-0.5413877910603044,0.0013447741018873804
29.86,-0.4195666521148242,-0.5368864785735842,0.001285535533477461
29.88,-0.4245941414169321,-0.5328582791065475,0.0009004301917084345
29.9,-0.42972536970885344,-0.5286901470333619,0.001142223156733957
29.92,-0.43551184773113705,-0.5238774142113528,0.0015210412145025554
29.94,-0.44053620555349493,-0.5197022166745124,0.0010980891805385806
29.96,-0.44552573028561343,-0.5156921516782108,0.0010253176650222018
29.98,-0.4508878311407898,-0.5110393847655293,0.0015105443685333175
30.0,-0.456016474271144,-0.506663219537161,0.0014807561680274806
30.02,-0.46082975871784265,-0.502582697915533,0.0009514592671848454
30.04,-0.4661775810822163,-0.4979961897747948,0.0011435439234497857
30.06,-0.47161308787267725,-0.4933225783963481,0.0011717200683043216
30.08,-0.4766643377275684,-0.4890182812484368,0.0008595929463807994
30.1,-0.48176893503611345,-0.484747710934496,0.0008939941226408787
30.12,-0.48711349603598225,-0.48004852251903496,0.0014845116430148575
30.14,-0.4920968023546872,-0.47570356602716724,0.001075902610013807
30.16,-0.49753630458559905,-0.47113350160957956,0.0009922963378464489
30.18,-0.5029016262471314,-0.46639724522083886,0.0013635542595043793
30.2,-0.5081984360855405,-0.4618173155039575,0.001103755217333191
30.22,-0.5132054883059867,-0.4578851405597655,0.0010729650897357834
30.24,-0.5183390708863329,-0.4535522969308676,0.0010784776740325186
30.26,-0.5236952429202308,-0.4488605168156412,0.0015255885203044328
30.28,-0.5283280738125817,-0.4448290970055988,0.0009548971962334007
30.3,-0.5336459740232712,-0.4403767171432361,0.0009641317990863041
30.32,-0.5391394061070109,-0.43554767600031763,0.0012856183334400695
30.34,-0.5443124199548727,-0.4311343972959216,0.0011642249799872495
30.36,-0.5492565418163061,-0.4269935707028393,0.0009958907700679809
30.38,-0.5544904939916662,-0.4223294653845706,0.0014729515013310879
30.4,-0.5598239614730584,-0.4175919044848654,0.0015811608722928472
30.42,-0.5644068715520176,-0.41357780281393175,0.0009625561174661512
30.44,-0.5695824524140725,-0.40907946357309577,0.0009658787124395829
30.46,-0.5749325772463412,-0.40419478960288624,0.0014454165537984287
30.48,-0.5801444280430443,-0.39968493719116593,0.0011592893651928837
30.5,-0.585042493294142,-0.3955637975339883,0.0012136466939629553
30.52,-0.5901202752320647,-0.39095263499914396,0.0015378442790767444
30.54,-0.5951814388928643,-0.3863647287484401,0.0014574232753180594
30.56,-0.5999506627057968,-0.3821563623991238,0.0011225636759377988
30.58,-0.6051929326317722,-0.3773705804326997,0.001325393909557715
30.6,-0.6104699078927005,-0.37253501572246545,0.0014176179405969436
30.62,-0.6153592107994351,-0.3682101218746259,0.001194913104327816
30.64,-0.6203765009175447,-0.3637825350311818,0.0012473467389559068
30.66,-0.625447193733729,-0.35910292401168287,0.001609802105025343
30.68,-0.6303098640385122,-0.3546541000408369,0.0012362902189890501
30.7,-0.6355061957403734,-0.35008532179148766,0.001205798084505827
30.72,-0.6407785463716326,-0.34523687896623856,0.0015491715060499123
30.74,-0.6460143218368298,-0.3404687998812632,0.001339819876666537
30.76,-0.6511495717427718,-0.33600461044726077,0.0014099281979274292
30.78,-0.6561758933783902,-0.33152364698541253,0.0013056598940084652
30.8,-0.661317105074729,-0.32675209662364496,0.0016270550480725066
30.82,-0.6661513205076619,-0.32232037190189206,0.001010027664827079
30.84,-0.6715646650381643,-0.3175452721341055,0.0011389256595476793
30.86,-0.6767547360966369,-0.3127272319721963,0.001525141110175543
30.88,-0.681835763584601,-0.3082563635640381,0.0013397393831120208
30.9,-0.6867898503021234,-0.30406076103943686,0.001274401805796993
30.92,-0.6919794394821769,-0.29926654027205724,0.001596023881025893
30.94,-0.6969475473809156,-0.29471237193455757,0.001686299331286556
30.96,-0.7018737797420824,-0.2902646312076893,0.001059211227276563
30.98,-0.7073193967584072,-0.28538746201058107,0.0012678912448863822
31.0,-0.712464284848025,-0.28059381569028924,0.0014930759579577235
31.02,-0.7176396646380603,-0.2760276043213292,0.0011968095209663465
31.04,-0.7226326968596785,-0.27167796850943904,0.0011516890102493682
31.06,-0.727776378405492,-0.2668927797291452,0.0017195731012643323
31.08,-0.7326309866456817,-0.2624512212727608,0.0014717682042594826
31.1,-0.7373670729981388,-0.2582596274424415,0.001224065801277513
31.12,-0.7425873838697573,-0.2534618879868309,0.0014546043822035726
31.14,-0.7477873070902483,-0.24869925661847564,0.001460873550849423
31.16,-0.7525214826917203,-0.24447622085725162,0.0010894189089833972
31.18,-0.757484580546864,-0.23992236609154005,0.0012554715599977506
31.2,-0.7628807463064855,-0.2348877836932559,0.001695897227890042
31.22,-0.7674516830996783,-0.23063380370594497,0.001137144445340188
31.24,-0.772586496283742,-0.22600796576923537,0.0011689151771360484
31.26,-0.7777746692534449,-0.22112741044965661,0.0014397639465194845
31.28,-0.782997841035119,-0.21635978593474403,0.0012336899427273784
31.3,-0.787551692185227,-0.21230603040268892,0.0010127919602062607
31.32,-0.7926908604239313,-0.20749770642586354,0.0014007570384980128
31.34,-0.7977507333489693,-0.2027530940566612,0.0014534874701123968
31.36,-0.8024295154772381,-0.1984616174041211,0.0008927218298220851
31.38,-0.807475343769308,-0.19376367716941967,0.001069020255446057
31.4,-0.8127320358598322,-0.18874987240020602,0.0013831691542932067
31.42,-0.8175068287472559,-0.18430110337873495,0.0010993307153407128
31.44,-0.822277469604841,-0.17992082271517462,0.0009000522103045361
31.46,-0.8276090861923253,-0.17471991553472394,0.0015335332099131183
31.48,-0.8325709989168706,-0.16990131348633192,0.001323353438499597
31.5,-0.8372179454290489,-0.16554351466726136,0.0009245152821902303
31.52,-0.8422082008909837,-0.16063330544511578,0.001274112794203669
31.54,-0.8472674243088253,-0.15567078965183598,0.0013782870614307274
31.56,-0.8518215596480581,-0.151264069882877,0.000832162373523293
31.58,-0.856547005541181,-0.1466858395276219,0.0010126258807090227
31.6,-0.8618390716200846,-0.14141875449928298,0.0015070116260749444
31.62,-0.8665011679232724,-0.13676915251113952,0.0010652123160980742
31.64,-0.8711469546598523,-0.13228674375984617,0.0008231022260557774
31.66,-0.8762218075331571,-0.1270629487317803,0.001336992740103432
31.68,-0.8808217536617582,-0.12235799085403083,0.0011176502039172975
31.7,-0.8858158572054409,-0.11743002446023926,0.0008654772655245224
31.72,-0.890775252534859,-0.11233375355067515,0.0011366627730116374
31.74,-0.8957424405993549,-0.1072460312674261,0.0011770293065072879
31.76,-0.9003657038486456,-0.1028213952856259,0.000990393057705985
31.78,-0.9050616518084196,-0.09823186921716878,0.0009549900785097432
31.8,-0.9100439263986095,-0.09297297639639057,0.001488673496837567
31.82,-0.914577222559182,-0.0882716076768846,0.0012211802271138439
31.84,-0.9191454837446883,-0.0836503488727637,0.0010159243630293857
31.86,-0.9240249284196895,-0.07854483357407113,0.0012652725834321477
31.88,-0.9290153987094848,-0.07335973404501851,0.0011819773451083038
31.9,-0.9336577932629846,-0.06868516263759142,0.0010811932569541327
31.92,-0.9382789423362667,-0.06399846660101313,0.000964707133714271
31.94,-0.9432856368915684,-0.058628236269338704,0.001520515497612368
31.96,-0.9475285715561329,-0.05410431258266576,0.0010937114459672048
31.98,-0.9522014227668556,-0.049352561721496394,0.0009580058686958492
32.0,-0.9570539223625147,-0.04411452969009645,0.0013639158195652423
32.02,-0.961908772717962,-0.03909624615488838,0.0012586652250912156
32.04,-0.9663338042815153,-0.034738459445423434,0.001003847424286719
32.06,-0.9710834703905823,-0.02964390425262553,0.0013230238488620982
32.08,-0.9758310798913206,-0.02453405733844022,0.0014591450071612666
32.1,-0.9801985711649086,-0.01988514893292794,0.0008686034767116657
32.12,-0.9850265416880729,-0.014806935424309671,0.0010170006301035428
32.14,-0.9898188099844929,-0.009554127234622178,0.0016453332344139593
32.16,-0.9940550436315398,-0.004912548652868692,0.0012451486950054436
32.18,-0.9988256759342465,0.00013652164867298394,0.0011419264345228497
32.2,-1.0036950638114337,0.005428297808249355,0.0014472191227013764
32.22,-1.008457277871464,0.010556244177530833,0.0012323666830638957
32.24,-1.0129661616998782,0.015138397766465358,0.0011206804207225252
32.26,-1.0176871578976032,0.02018574359589907,0.001274385530084965
32.28,-1.0224514399781393,0.02531992543983057,0.0016448309533893535
32.3,-1.02664842132504,0.029909236830557236,0.0009516630279554905
32.32,-1.031587123812152,0.03502897641333616,0.0010715647071675438
32.34,-1.0363831162069719,0.04027150021336041,0.0016135236067894576
32.36,-1.0408686364357667,0.045111816464982385,0.001279360501782345
32.38,-1.0454586116998466,0.04982573331325038,0.0012138217521888706
32.4,-1.050211387433708,0.05498741321393914,0.0015591235225535516
32.42,-1.0548039175388426,0.05996824495177354,0.0016633836333005136
32.44,-1.0592784187565616,0.06479172453001958,0.0010246152160832966
32.46,-1.0642938122813712,0.07006270317072708,0.0012001227677995996
32.48,-1.0690423062302326,0.07526196079666761,0.0015254801694937759
32.5,-1.0738900674895546,0.0803417971752503,0.001114442554347006
32.52,-1.0784390327347402,0.08505471725998075,0.0010096800399179984
32.54,-1.0832890032930482,0.09042436447659186,0.00159048627253211
32.56,-1.0876285408923025,0.09511545054437284,0.0012807460244355917
32.58,-1.092488329289215,0.10011668453737879,0.001094094340883367
32.6,-1.097278244893781,0.10540989188604571,0.0015223786397982053
32.62,-1.102121846056018,0.11064725911376332,0.0014016356048698053
32.64,-1.1067313663087088,0.1154677349628214,0.0012530744412376227
32.66,-1.1113474300473458,0.12029195474629596,0.0012608324502025037
32.68,-1.1161549213087794,0.12566613411042493,0.0017053272255247443
32.7,-1.1205487293097909,0.13052848243529316,0.0013746373890866914
32.72,-1.1253485985350316,0.13562800237809944,0.0011716052934337695
32.74,-1.1301391892262533,0.14092992912966562,0.0014898769145856028
32.76,-1.134964353981429,0.1460877552596648,0.0012599863605731454
32.78,-1.1395356628590556,0.15097745924548975,0.0010951533663338953
32.8,-1.1441618940728777,0.15599122639841712,0.001420209152862395
32.82,-1.1488969617165257,0.16115901126941665,0.0015039933913260084
32.84,-1.1532087995539038,0.16577555096682567,0.0008814244903363189
32.86,-1.157992300583329,0.1708528380053603,0.0010637342580089582
32.88,-1.1628114573159913,0.17620637582876603,0.0014538132651241709
32.9,-1.167227775496486,0.18099189656500853,0.0011393930247143857
32.92,-1.171732057227188,0.1857883143109074,0.0009074061433520797
32.94,-1.176562753411437,0.19122955644179063,0.0014288076769692626
32.96,-1.181333084768361,0.19634516119602777,0.0013315235957498395
32.98,-1.1856688118997,0.2008510285936624,0.0009409014917257374
33.0,-1.1902612356120932,0.20599894612184744,0.0013039678648698871
33.02,-1.1951925576223144,0.21156520887796196,0.001295039971306089
33.04,-1.1996235745995611,0.2165267250679352,0.0010934794957059568
33.06,-1.204025547034568,0.2213310263085404,0.0010212924457152495
33.08,-1.208810115653411,0.22695369696932488,0.0016102441188979577
33.1,-1.2131799026579229,0.232036835106849,0.0014295490588202842
33.12,-1.2177729729056337,0.2371795225263945,0.0009711038107232672
33.14,-1.2224494598490936,0.24261885594947222,0.0012839362536315735
33.16,-1.2271424003978344,0.24789714945454322,0.0011402684582554612
33.18,-1.2317715988094586,0.25311579542326446,0.0008987929606638634
33.2,-1.2362374624699897,0.2581507835920318,0.0010551048334417334
33.22,-1.2408755545458108,0.2635772675269419,0.0013698606491271137
33.24,-1.2451686005839047,0.26850100421968875,0.0008761273650995383
33.26,-1.24973724215396,0.2735963773375761,0.0008003880252828444
33.28,-1.2543780963004196,0.2791416865207104,0.0013957771737704017
33.3,-1.258918128066627,0.2843814053011495,0.001186431260032872
33.32,-1.2632655064731915,0.2893002491824256,0.001032036570389555
33.34,-1.267703161971734,0.29458512330733905,0.0013321388713905535
33.36,-1.2723638823522545,0.30011314262953126,0.0014986354774924326
33.38,-1.2762068819472019,0.30465678602621016,0.0007983638252124503
33.4,-1.2806490095826464,0.3098278090941438,0.0010091213645063435
33.42,-1.285276870313745,0.31547311003670936,0.001367043825303782
33.44,-1.289742742489534,0.3207729636087065,0.0011491075696834774
33.46,-1.2940303755897393,0.32573687501317083,0.0011900235714259744
33.48,-1.298440455923476,0.33114571349937555,0.0013886820520222776
33.5,-1.3027157392717619,0.33639427567230307,0.0013754163521075558
33.52,-1.3071000618644775,0.3415964238608966,0.0009379479026984938
33.54,-1.3117044834035363,0.34719918988056025,0.0011783278277642528
33.56,-1.3161507237274654,0.35261037903300063,0.0012741079644238429
33.58,-1.3206134304665902,0.3578486265486938,0.0008788220862313845
33.6,-1.324955501998411,0.3629523013602033,0.0009508178137877521
33.62,-1.3294261898251114,0.36839505036135567,0.0013003645193928604
33.64,-1.3336354979198173,0.37338369741462435,0.0010323267638888134
33.66,-1.3381099090542057,0.3786737123423992,0.0009508113153083031
33.68,-1.3426003777237323,0.38420529657252406,0.0014549297385704207
33.7,-1.3470972463304334,0.38969815417387854,0.0012553383642209537
33.72,-1.351411331669179,0.3947674123865973,0.001234634544956037
33.74,-1.3556704164219067,0.3998569237757242,0.0010262074105106267
33.76,-1.3601229547300484,0.4054536047999967,0.001697956006824819
33.78,-1.3641980103345197,0.41055778797722764,0.0012744006809048691
33.8,-1.3686307611327826,0.41585809580076033,0.0010061067872720875
33.82,-1.3730619108476345,0.42141293826969417,0.0013694605625700351
33.84,-1.377604484032506,0.426898235375466,0.0011327631668534843
33.86,-1.3819024463769016,0.43204271690836504,0.0011204047174113996
33.88,-1.386189504920784,0.4373338623971822,0.001445966952779404
33.9,-1.3905202273890662,0.4427059111290418,0.001452010608185561
33.92,-1.394601489780345,0.4476178307778027,0.0009604089600850629
33.94,-1.3989409043669807,0.45298621136400685,0.0012790478399040406
33.96,-1.4035219155110732,0.4586785471304783,0.0015185240005697875
33.98,-1.4075386116254047,0.4636198008283915,0.0011355031662286241
34.0,-1.4116559976106766,0.4685642904993622,0.0009193132159628914
34.02,-1.416161963552786,0.4743761498328101,0.001579659767069197
34.04,-1.4204900553626467,0.4798493956392379,0.0013952863677273442
34.06,-1.424531226558595,0.4847641890187736,0.001187827067000824
34.08,-1.428730024558931,0.49017553593285584,0.0014789437871059186
34.1,-1.4331815619127963,0.4959520926209645,0.0016506142732334583
34.12,-1.4369106536891034,0.5007740809918668,0.000960195810571024
34.14,-1.4410750127007206,0.5062301356108049,0.0011727157181713743
34.16,-1.4454333415753247,0.5119532800772997,0.0014303593641849521
34.18,-1.4495306961722751,0.5172524827885717,0.001141877008394937
34.2,-1.4538673945282545,0.5227836471880071,0.001069865624156896
34.22,-1.4580949781305825,0.5285514295687739,0.001608167614328665
34.24,-1.4623759962040752,0.5342230852899931,0.0013725469042713268
34.26,-1.4665026129562666,0.5395310560944176,0.001410950858954374
34.28,-1.4705386613312148,0.5448027589394013,0.0012110482604439365
34.3,-1.4747141273074658,0.550554755741018,0.0017221153360116037
34.32,-1.478419516156926,0.5556055870675294,0.001089561616469975
34.34,-1.4828129076783614,0.561282835891343,0.0011686699878867834
34.36,-1.4870832035974575,0.5671152738465753,0.0014607321716318122
34.38,-1.4911660520800332,0.5724908773194267,0.0012281848502125325
34.4,-1.4951769112708022,0.5777129801598792,0.0011095735013325059
34.42,-1.4993335713584546,0.58333835988565,0.001590140307188237
34.44,-1.5034222214802413,0.5888483484648792,0.0014871200430123521
34.46,-1.5072370431479427,0.5938192705665732,0.001076376124984596
34.48,-1.511356137874271,0.5993759179472281,0.0012935862236569118
34.5,-1.5156268868177407,0.6051639167832562,0.0015678717487041804
34.52,-1.519300465113283,0.6101596069729384,0.0009816225601793627
34.54,-1.523523075785804,0.6156740245697684,0.0009255453755874221
34.56,-1.5277363323262536,0.6215164670373129,0.0016310671347274097
34.58,-1.5313567005332271,0.626563610048497,0.0013248462922174076
34.6,-1.5353250491675123,0.6318722756379601,0.0011366003047719453
34.62,-1.5395836245184211,0.6376980555611061,0.0013741794479417424
34.64,-1.5437505988729079,0.6433590810739106,0.0013352412918201384
34.66,-1.547821313992784,0.6487349523807319,0.0011811515359808622
34.68,-1.5518945166341442,0.6541337313972693,0.0012103061777530288
34.7,-1.5558683700591471,0.6596612438443985,0.001465809763177811
34.72,-1.559619500118491,0.6648283891418698,0.0009661114608756072
34.74,-1.5637062325747986,0.6702160946618786,0.0008034777423890083
34.76,-1.5679286557964924,0.6761314551482669,0.0013918547695992434
34.78,-1.571793279515353,0.6814436366842627,0.001150990762430415
34.8,-1.5757999452484601,0.6867929133232188,0.0009188207268004123
34.82,-1.579867947346558,0.6925373416600498,0.001321837663074532
34.84,-1.584002011812474,0.6983143082375216,0.0013934529156719444
34.86,-1.5876409345448572,0.7033354806817789,0.0008112455310736177
34.88,-1.5916043235427775,0.7088515546028397,0.0010024702884742498
34.9,-1.595828948320283,0.7148323215325681,0.0012990815039604364
34.92,-1.5996007161067294,0.7201079736345475,0.0009968053582631864
34.94,-1.6034875069823167,0.725482316280317,0.0009241706384199022
34.96,-1.6075399866182183,0.73136853266491,0.0013455443610640716
34.98,-1.6115880882343951,0.737150742396165,0.0012306207022961257
35.0,-1.615445852146355,0.7424923077235632,0.00112045876541636
35.02,-1.6192705254749606,0.7480231583428503,0.0011835886847904598
35.04,-1.6233306555874951,0.7539855473039254,0.0016284967601792322
35.06,-1.626792393316563,0.7591855622486938,0.0009704151556300666
35.08,-1.6309056753561764,0.7649732162930446,0.0009691229822572089
35.1,-1.6348649843540768,0.7708519493732284,0.001360905890592401
35.12,-1.6389371925703236,0.776648219737155,0.001033650195636976
35.14,-1.6427022291467213,0.7819418486077719,0.0009290708003359682
35.16,-1.6466880294955086,0.7878242583148631,0.0014074020227660688
35.18,-1.6503770479765025,0.793289667951537,0.001349769151438085
35.2,-1.654306286619585,0.7988708130502877,0.0009424448835247679
35.22,-1.6584387625927597,0.804876106070231,0.0011324303775314959
35.24,-1.662383636188514,0.8106479938345579,0.001441827749439295
35.26,-1.6661600060738018,0.8160956702616923,0.0010550124267643124
35.28,-1.6700838876078192,0.8215390642948333,0.0011374763325337212
35.3,-1.6740491589306528,0.8274660747096211,0.0014471535345542963
35.32,-1.6777720058516299,0.8329411078070462,0.0012387665334555042
35.34,-1.6817962203971881,0.8386454610697591,0.0010493128634865012
35.36,-1.6857972575609714,0.8446305700346587,0.0013071423155996409
35.38,-1.6898275792210544,0.8504256032701389,0.00126362221292739
35.4,-1.6935256084522237,0.85560482552767,0.0009307451535326972
35.42,-1.6976543186310658,0.8614812797499996,0.0011054994570911802
35.44,-1.7016165553793674,0.8672530217936736,0.0014956999475599364
35.46,-1.7051963257458023,0.8724367929542333,0.0010810203989609635
35.48,-1.7092770365624235,0.8780336072028532,0.0009868329525535846
35.5,-1.7132999454667859,0.8839571587567121,0.0015669112019684184
35.52,-1.7169885121296842,0.8893780938384714,0.0012946081188044412
35.54,-1.7208334349742618,0.8947581181540171,0.0010442476104808307
35.56,-1.7248004612893222,0.9005806595166544,0.001408691355146624
35.58,-1.7287677743356722,0.9063996785074491,0.0014925393840692358
35.6,-1.7323595474794773,0.9115652185312634,0.0008879360423219018
35.62,-1.7362194604990968,0.9171172377374168,0.0011441888713804305
35.64,-1.7403243464871387,0.9232122311318379,0.0013913331228409265
35.66,-1.7440905669868767,0.9285428182665167,0.0012366052365203606
35.68,-1.7477998119967315,0.9337697883642704,0.0010009671442290369
35.7,-1.75176821134836,0.9397974967433382,0.0016087340770225278
35.72,-1.755507919232583,0.9454962462730716,0.0014512245245208166
35.74,-1.7591379646485252,0.9508332900766978,0.0010627126824757915
35.76,-1.7629174512794723,0.9566611543764852,0.0013710216065859482
35.78,-1.766934097872148,0.9628156493203113,0.0013890087858904887
35.8,-1.7705795236274342,0.9683177139797264,0.0012216224077088444
35.82,-1.7742783383769996,0.9737464204062769,0.0011747116612206288
35.84,-1.77813039143151,0.9799051829226908,0.0016416347000876574
35.86,-1.7815842593081892,0.985414933066341,0.001354228382614342
35.88,-1.7854461866018652,0.9912401591663138,0.0012102930142556256
35.9,-1.7893025178933026,0.9973499554284599,0.001468933158021657
35.92,-1.7931160483295239,1.0032582505940009,0.0013196864941233677
35.94,-1.7967819605401483,1.0087096704817506,0.0010719588700299765
35.96,-1.8005834862102825,1.0144968391755735,0.0012805528543309297
35.98,-1.8043146172865288,1.02035818350958,0.0016501108953256849
36.0,-1.8077655396033108,1.0257981288747082,0.0010348298927543853
36.02,-1.8118596076344609,1.0318745577123818,0.0010294723182313892
36.04,-1.8156158713670651,1.0378416244248598,0.0015467800393165199
36.06,-1.8192228299990338,1.0434001874612853,0.0012977372284394273
36.08,-1.8229336897327864,1.0488732740811855,0.0010592805119997994
36.1,-1.8266973227735968,1.0548332533342821,0.0015192207023019544
36.12,-1.8305524406364306,1.0608826632142419,0.0016060644821366543
36.14,-1.8338102363425566,1.0659691899697692,0.0009822644541402359
36.16,-1.8374450923172905,1.0715944116250715,0.0011635464902233772
36.18,-1.8413473130319709,1.0778653473803994,0.0015313666672875925
36.2,-1.844632834733582,1.0831475608508865,0.0010007146598156325
36.22,-1.8484976259012957,1.0890737695437693,0.000974847483543928
36.24,-1.8522255956203553,1.0951453197368322,0.0014740281641338615
36.26,-1.8555864069845482,1.1006198410420034,0.0012255547677953726
36.28,-1.8593943860761406,1.1064533353280863,0.0009598534868588415
36.3,-1.8631561178429832,1.1125470550835221,0.0012905462444668947
36.32,-1.8668378709430533,1.1184334139955852,0.0012806531135116372
36.34,-1.8704268257746335,1.1240379163192977,0.0009135387653065874
36.36,-1.8740834118415746,1.129671678221259,0.00098749054070002
36.38,-1.8778909470757186,1.1359489124874995,0.0015101519047216738
36.4,-1.8811833725308431,1.1414264836165904,0.0010622416282204394
36.42,-1.8846837652924084,1.1468284556847195,0.0008857342573216354
36.44,-1.8883353097356896,1.1529750656836837,0.0014323373616074997
36.46,-1.89202374614784,1.1591210878933038,0.0012389181106293168
36.48,-1.8954416343045093,1.1645850924840684,0.0009832170878265323
36.5,-1.8988856503601033,1.170377099681703,0.0012101567032955785
36.52,-1.9025518889172883,1.1766226163116462,0.0015829468877229247
36.54,-1.9056262955271743,1.1819847217718444,0.0008676583113702563
36.56,-1.9092967165467278,1.1879181360662905,0.000982411480871609
36.58,-1.912838769951495,1.1941158640296343,0.0013599498979414149
36.6,-1.916488055021434,1.200172682899779,0.0011308985591997334
36.62,-1.9198217180340829,1.2055962352059804,0.0010622402374578233
36.64,-1.923207559895865,1.2114190140395933,0.0012777022771945645
36.66,-1.9266892301495913,1.2173858144506786,0.001226039311150423
36.68,-1.9301179303569727,1.2229679243792382,0.000932757104909393
36.7,-1.9336057076860003,1.2288504330759058,0.0011044943316697309
36.72,-1.937282261554421,1.2351809365037054,0.0014920191369075242
36.74,-1.9402746334454777,1.2405358249639127,0.0009437491722782687
36.76,-1.9436519960215288,1.2460689662573436,0.0008401233181665191
36.78,-1.9472446794893472,1.2524202720418762,0.0014257723759460161
36.8,-1.9505100450005641,1.2582393474705182,0.001162775328026222
36.82,-1.9537833981881945,1.2637290874138316,0.0008489388565417755
36.84,-1.9572148373273328,1.269926587229354,0.0012522868957204891
36.86,-1.9607936599709812,1.276118700948265,0.0012742638618832014
36.88,-1.964043666113283,1.2816604595922176,0.0008586121713795025
36.9,-1.9674500936207338,1.287605855038966,0.0010188027915467857
36.92,-1.9709482998835979,1.293985340226975,0.0014103755024975906
36.94,-1.9742812080063332,1.299958332687351,0.0011995331013705812
36.96,-1.977564129436854,1.3056565668016527,0.0011941546571721529
36.98,-1.9809039644483728,1.3118285306630577,0.001538586573934908
37.0,-1.984161465406755,1.317920418832598,0.0016525640097964922
37.02,-1.9870656017243775,1.3233539490481772,0.0010226688910156267
37.04,-1.9904672209943806,1.3295595316014364,0.001214077066946595
37.06,-1.9938518561123941,1.3358480780814836,0.0014408655507274215
37.08,-1.9970253595759138,1.3416967147235697,0.001091930215020409
37.1,-2.000352071579135,1.3475523518088122,0.0011454626165335047
37.12,-2.003663974902154,1.353904917542374,0.0016776223061324147
37.14,-2.0067088064498435,1.3596950380580641,0.0014742913341023178
37.16,-2.010094338729644,1.3657135053015448,0.001127028498013577
37.18,-2.013513977291227,1.3721043844596368,0.0014772815328293054
37.2,-2.0168307682290787,1.3782489525026849,0.0013311230254542672
37.22,-2.0201862858237614,1.3841340429867997,0.0011127159603926684
37.24,-2.0234667132304276,1.3900421642616108,0.001214464205831045
37.26,-2.026783506984196,1.3961954140518464,0.001376273529617389
37.28,-2.0300400895628803,1.4019021481391893,0.0011352143902403355
37.3,-2.033403306006283,1.4077409612620961,0.0010053416084822298
37.32,-2.036807446013133,1.414165013099648,0.001589597466463949
37.34,-2.0398570124418476,1.4199056429426578,0.0012974487194179762
37.36,-2.0431227297809134,1.4257215095151365,0.0011021345577162112
37.38,-2.0464075753988693,1.4320076196842797,0.0014947115142799339
37.4,-2.0497132744502524,1.4382349581490785,0.001464681375590915
37.42,-2.0528312756942984,1.443953488190086,0.0011201002626789192
37.44,-2.056022646049881,1.4498905409689655,0.001223364569499369
37.46,-2.0594388468840026,1.4564156888516653,0.0015090690571080423
37.48,-2.0624558535105475,1.4621782755977695,0.00111157462051098
37.5,-2.0657916730444223,1.4683108749125167,0.0010540017078904396
37.52,-2.0690432510709793,1.474691842994842,0.0015342993860607002
37.54,-2.0722406851181168,1.4807879728740683,0.0013746907058024838
37.56,-2.0753879064478418,1.4866223767404356,0.0011431144210736488
37.58,-2.078514444767925,1.4928441820788885,0.0015096669295863174
37.6,-2.081770989470222,1.499266388252002,0.0017577462958604517
37.62,-2.084306249939845,1.5045438982271344,0.0009067022867873531
37.64,-2.0875650363890226,1.510644970531263,0.0011572263383519965
37.66,-2.090778432262052,1.517086086689297,0.0015208998276272645
37.68,-2.093887935813652,1.5232448420155353,0.001296966196192989
37.7,-2.096988401937221,1.529135419828083,0.001331117852237107
37.72,-2.100044492067106,1.5354086022292706,0.0015163088167215455
37.74,-2.102938670284863,1.5414993837795996,0.0015729999993776833
37.76,-2.1058862719997826,1.5474205502652907,0.00097953448947935
37.78,-2.1091441320020636,1.5539020022916434,0.0012324271152501787
37.8,-2.1122726290405027,1.5601666252677637,0.0012879131261480659
37.82,-2.1152487933642186,1.566126787378417,0.0010087707680264957
37.84,-2.1182853128886037,1.5719905670477403,0.0010019785952182225
37.86,-2.1214575784568037,1.5784801620214166,0.0015762903964451347
37.88,-2.1241071977728723,1.584035371877137,0.0012010307400243947
37.9,-2.1271885110021933,1.59008928948661,0.0010812248033587324
37.92,-2.1303363165710913,1.5964926515047946,0.0013276656150278954
37.94,-2.133301151143524,1.6025354787287562,0.0012557856203131434
37.96,-2.136344133758362,1.6084331674089272,0.0008772186721789921
37.98,-2.1394244250399095,1.6146653971702671,0.001153697483036481
38.0,-2.1426479007959163,1.6211758053832475,0.0012492245326863327
38.02,-2.1456012742850135,1.6268803732186887,0.0008836125243150417
38.04,-2.148708505556099,1.6329933049671623,0.0009052615520035168
38.06,-2.1517531428558545,1.6395101567977683,0.001411870648206498
38.08,-2.154768016150457,1.6457596551308131,0.0012249388429708408
38.1,-2.1577255869398813,1.6516021951445334,0.0011498015728544642
38.12,-2.1606844976533734,1.657816335149354,0.0013025797069786405
38.14,-2.1636455001102433,1.6641520833002668,0.0015799833658616536
38.16,-2.166357111210141,1.6699652831445864,0.0008225531095504279
38.18,-2.169587905843806,1.676426005408658,0.0008797336261194
38.2,-2.1725135321758895,1.6828402573311538,0.001279233685016562
38.22,-2.175569196636256,1.6891145271496701,0.000987678444771406
38.24,-2.1784272393016133,1.694893397501918,0.0009400890963420505
38.26,-2.1814548886592022,1.701379338896439,0.001346469813910789
38.28,-2.184217660981619,1.7073264399672796,0.0011691279538020571
38.3,-2.187364632070358,1.713605600604339,0.0008911109189746746
38.32,-2.1904203011918955,1.720084012253744,0.0012607615556229634
38.34,-2.1934594752964656,1.726443196900358,0.001255161754441514
38.36,-2.1963207359217614,1.7323206844573884,0.0009475139796876475
38.38,-2.1993326836797964,1.738313293596577,0.000935636092277925
38.4,-2.202374831087838,1.7448940918788562,0.0014724234010621007
38.42,-2.2050537694781815,1.7507173600778017,0.0011046333599901148
38.44,-2.20814952133138,1.7569627986112315,0.0010192056871723976
38.46,-2.21115493071068,1.7634361685634057,0.0013502705043661745
38.48,-2.214228224965136,1.7698004615365222,0.0011953414563598552
38.5,-2.217113161033082,1.7754028393945511,0.0010481367602901415
38.52,-2.220040651777268,1.781535922491041,0.0011963321595200305
38.54,-2.223070558017622,1.7879710438396155,0.0014728522592188653
38.56,-2.2256985083235987,1.793634377410023,0.0009270244283556273
38.58,-2.2287130335079177,1.7997644230352503,0.0009063892629530834
38.6,-2.231692157884509,1.806233154451289,0.0014315555227061016
38.62,-2.234510836388852,1.8122472215787502,0.0011272646120009666
38.64,-2.2375975647427686,1.818563964068444,0.0010489871470224787
38.66,-2.2405852877680847,1.8250473805379053,0.0014101314372763352
38.68,-2.243536331036048,1.8313597347392754,0.001337360496782486
38.7,-2.2464515578822732,1.837262395851522,0.0011521189214087346
38.72,-2.2493821913603815,1.8433362473524977,0.001135148952234516
38.74,-2.252439534791957,1.8499981117504973,0.0016825841781118178
38.76,-2.254904131432787,1.855623893751411,0.0012275540503214888
38.78,-2.2578410707832246,1.8617413201624198,0.0011490795761631978
38.8,-2.260803327889734,1.8682280700819336,0.001531600963899371
38.82,-2.2637919050492723,1.8746208261388317,0.0013428672623758686
38.84,-2.2667372885349564,1.8806170746761677,0.0014232424397663812
38.86,-2.269607437761175,1.8867616837392707,0.0013254284129449456
38.88,-2.2725153271077145,1.893222098450956,0.0017898104458128339
38.9,-2.2752565102980453,1.8992354661558286,0.0012720378105893493
38.92,-2.278357220992893,1.9056447854107186,0.0011054563586316846
38.94,-2.2812472193132853,1.9120424373377696,0.001463143032031794
38.96,-2.2843015516662466,1.9184458371974478,0.0011181567593846198
38.98,-2.2873051172259875,1.9247314716996693,0.0012174082719565438
39.0,-2.2901919112871827,1.9310916999938152,0.0014636203245221857
39.02,-2.293149421133414,1.937451547597714,0.001340534770892049
39.04,-2.2960712860354198,1.9435479114596117,0.0010895525705978681
39.06,-2.298973742655288,1.9499951258706654,0.0014261975787101533
39.08,-2.3019649336504058,1.9565478637525748,0.001508486974956702
39.1,-2.3046317205536093,1.9624101361582227,0.0011188138926420954
39.12,-2.3075001517396294,1.9683775434622226,0.0010772076121009222
39.14,-2.3104536510873213,1.9750727891593034,0.0016348351425319874
39.16,-2.3129680797614247,1.9808967433282425,0.0012047504303331902
39.18,-2.3158961180057793,1.9871305335764684,0.0010933885089371986
39.2,-2.318765717769788,1.9936544926342992,0.0015713682982768373
39.22,-2.3213781632999138,1.9996391895054428,0.0015031414750610872
39.24,-2.324140429169372,2.005630803835804,0.0010211837742374885
39.26,-2.327047511479431,2.0122096146962165,0.0013343361925046981
39.28,-2.3298961707605734,2.0186227218487804,0.0016039023649771778
39.3,-2.3323094025161115,2.024140546522951,0.0009902227333325742
39.32,-2.3352615089474904,2.0304215694153593,0.0009654105673806979
39.34,-2.3381331391962084,2.0369990931095447,0.0015443646310251136
39.36,-2.3406499652375463,2.0427776811443237,0.0011645437768779687
39.38,-2.343558029579468,2.049059550528105,0.0010361854393104442
39.4,-2.346421780002341,2.0555552520483014,0.0014324068612401042
39.42,-2.3491937960324187,2.0618583755731286,0.001399764052816943
39.44,-2.3518371428017897,2.0676597240642467,0.0009177784174826675
39.46,-2.3546130169837554,2.0739720100316172,0.0012120241161145129
39.48,-2.357565913209948,2.08071368116122,0.0014283414925378435
39.5,-2.360121298796779,2.0866166200071823,0.0010626426133803213
39.52,-2.362838995376013,2.0925508840187477,0.0008249124489211335
39.54,-2.3656932022223236,2.0993587718355657,0.0014089173508398112
39.56,-2.3682377922212297,2.1054045746629155,0.0011756986189500052
39.58,-2.371014340117606,2.111668478394504,0.0009488560367154064
39.6,-2.3737636282884576,2.1181931162346856,0.0012518184677467736
39.62,-2.3765732886317426,2.1247456032557706,0.0012511466101050028
39.64,-2.3792081619115306,2.1306332237471715,0.000840164536736604
39.66,-2.381913052023813,2.1368149203203934,0.0009944979305893942
39.68,-2.3847249389481626,2.1435987392637035,0.0014181444562050005
39.7,-2.3871045976657075,2.149493918781338,0.0010420170458766698
39.72,-2.389735617069184,2.1554567970915377,0.0007777299216539246
39.74,-2.3924568255491128,2.1623072880355747,0.0012868845193688694
39.76,-2.3951168878040705,2.1687342636590237,0.0012410761304729179
39.78,-2.3976316628206,2.1746807445975636,0.0008962213108589245
39.8,-2.400127314169871,2.181067284776359,0.0012552776217098494
39.82,-2.402871401060405,2.188001392429889,0.0013136433270668213
39.84,-2.405263707992322,2.1940876883522034,0.0009769553487714577
39.86,-2.4077411065505725,2.200080160224353,0.0009386314130697959
39.88,-2.4103191677214872,2.206902805193884,0.0014470698733401455
39.9,-2.412493905373717,2.2129164216956214,0.0011314941814360435
39.92,-2.414996011347259,2.2191926088000677,0.0009364470007120484
39.94,-2.417497254542842,2.2258974898638364,0.0013530306752726762
39.96,-2.4198909275584493,2.2323066405193486,0.001289521368770974
39.98,-2.422229411903664,2.2382524762271006,0.0008876739126330857
40.0,-2.42464765890999,2.2447005959952686,0.0011587057088626174
40.02,-2.427173774263027,2.2515064605623825,0.0013380924101949465
40.04,-2.429426926342519,2.257563538603549,0.0009448013418032197
40.06,-2.431799601742942,2.2636061363126965,0.0007745046796528987
40.08,-2.4342745894522055,2.270560524895622,0.0014878572094398912
40.1,-2.4365675971228904,2.277061801582633,0.0012475634405040847
40.12,-2.4389067768311894,2.283153387555654,0.0011782235822547782
40.14,-2.441184510258876,2.2896342564301544,0.0013747713600424094
40.16,-2.443492897775476,2.2962428919110245,0.0016854150735194084
40.18,-2.4457452802694877,2.302580876089402,0.001042007834849229
40.2,-2.4483371705715666,2.3094722776326853,0.0010050705062523424
40.22,-2.4506718961828766,2.3162089283191993,0.0013754541740801096
40.24,-2.4531372644941074,2.322889311025066,0.0009867406336457052
40.26,-2.455486442475247,2.3292279952264,0.0010474614467832766
40.28,-2.4576961409200684,2.335592166663388,0.001392680102990984
40.3,-2.4600799788291297,2.342024668320369,0.0013066037178372514
40.32,-2.4624536576093976,2.348183075954907,0.0011673679430399542
40.34,-2.4647978139644233,2.354781769961289,0.0014033971659954403
40.36,-2.4672001009122035,2.361550426641871,0.0016244554262063449
40.38,-2.4691129219145163,2.3672147124677987,0.0010161793911510897
40.4,-2.4714220320005724,2.373479107242109,0.0011049909890633869
40.42,-2.4738401434946544,2.3804553319099298,0.0016034085110022411
40.44,-2.4758127447747276,2.3864659007925466,0.0011545498882838956
40.46,-2.4780964980135076,2.392639354563314,0.0009591975929001129
40.48,-2.4804318861995958,2.3996576576453483,0.001342635002394732
40.5,-2.4826730668369983,2.4060630279959883,0.0013416659551427346
40.52,-2.484944140007899,2.4124761565004356,0.0010871921300708576
40.54,-2.4871758759469116,2.4191548778113177,0.0014021564413065346
40.56,-2.489480057103197,2.426000110192359,0.0015135509899872335
40.58,-2.49154679258836,2.432222766474487,0.0012216666568545809
40.6,-2.493801423975072,2.4385244322268567,0.001258518759203131
40.62,-2.495952184284453,2.445147623908418,0.0017810245986414341
40.64,-2.4980445921693057,2.4516407023807822,0.0015955960588827367
40.66,-2.499919592416661,2.457352412181633,0.0011081684142905113
40.68,-2.502076123403775,2.4641079556131906,0.0015134749309178575
40.7,-2.5043655698826344,2.471034576574405,0.0013718452170264905
40.72,-2.506513134826422,2.477272220180904,0.0012582873609649492
40.74,-2.5086053896274323,2.483629648149751,0.0012258604181252242
40.76,-2.5107898756640274,2.4906161346159577,0.0017013304855943712
40.78,-2.5124452354132525,2.4964378586047715,0.0010771148429648547
40.8,-2.5147022911010457,2.5031211221263088,0.0012495762983980585
40.82,-2.5167782491369617,2.5099700024378597,0.0015489023833124282
40.84,-2.5187042564855364,2.516258240891681,0.001314274331546128
40.86,-2.520771925160983,2.522425924242927,0.0010741223826934987
40.88,-2.522852289664693,2.529195030978415,0.001500116307744187
40.9,-2.5248470738651307,2.5357652048464754,0.0015644368408120612
40.92,-2.5267316088865566,2.541824197723132,0.0009932230238748063
40.94,-2.5288217158896806,2.54848233309754,0.001179536031671119
40.96,-2.5309135620305616,2.5553952659356107,0.0015440242714450658
40.98,-2.532768023780944,2.561586262526512,0.001179382938314405
41.0,-2.5348234650766197,2.567867977755639,0.0011063378038738692
41.02,-2.5368224179320102,2.5747294256544033,0.0015594683574499113
41.04,-2.5386290314403754,2.5810480226773715,0.0014148069353561443
41.06,-2.5405567315966815,2.587336939926861,0.0011235261905798433
41.08,-2.5426363263907517,2.594280794738256,0.0012204818119350147
41.1,-2.544654697588032,2.6010060719079933,0.0012879401340877838
41.12,-2.546574698611592,2.6072651484357015,0.000983686214039936
41.14,-2.548669072976346,2.6137139580865383,0.001034782407378726
41.16,-2.5506928203112826,2.620672376099181,0.00158904834597276
41.18,-2.5523872259481344,2.6268267155417697,0.0012850583377728153
41.2,-2.554164630693949,2.6328803032821617,0.0011275131380988068
41.22,-2.5561586928306195,2.6396736704670993,0.00137387602309047
41.24,-2.5581468206674045,2.646472412236455,0.0012972347188660305
41.26,-2.5599969823462163,2.652618243054886,0.0010780659517432012
41.28,-2.561866676829357,2.6589963396103546,0.0011095348862734666
41.3,-2.5638263778808565,2.6657608417517125,0.00128349699957514
41.32,-2.565676713188709,2.672020478697018,0.0008715475028751862
41.34,-2.56769368128211,2.6784396333040656,0.0007575519124357888
41.36,-2.5696269796457454,2.6854826347328316,0.001495551154567537
41.38,-2.5713638028157257,2.6918787908776536,0.0010900076302041706
41.4,-2.5732587659658255,2.698127236502579,0.000883387850648093
41.42,-2.575152484070912,2.7049988603417385,0.0013312550812896728
41.44,-2.5768581470723224,2.7114288321861344,0.0012263523446581492
41.46,-2.5788140364586623,2.7180367204088003,0.0008532845175402981
41.48,-2.5807068940289692,2.7248732006245335,0.0010754553510795295
41.5,-2.5826154457535617,2.731722307542994,0.0011955457270726721
41.52,-2.584488150801474,2.7381657754262054,0.0010587159616242403
41.54,-2.586398622615942,2.7445625303932553,0.0010103588199814884
41.56,-2.5882213084572387,2.7514988054461105,0.001496724780783526
41.58,-2.5899307598168018,2.7580789380146777,0.001431397567662085
41.6,-2.5913974979723524,2.7637009949455185,0.0009271464961515818
41.62,-2.593194275038117,2.7704415491511774,0.0012830109419202373
41.64,-2.595108361913965,2.7775947477139846,0.0011966712807324476
41.66,-2.5968792922921233,2.783704960357143,0.0010640339447521296
41.68,-2.598656027668251,2.79007756891327,0.0009778558209973809
41.7,-2.600330870288165,2.796840731108194,0.001527812480116908
41.72,-2.6018227099650075,2.8030874262252197,0.0010909807141555594
41.74,-2.603597437459693,2.809617408938022,0.0011492643134469183
41.76,-2.605313485799157,2.8165433671190963,0.001372322310587204
41.78,-2.6069679231424345,2.8231172008800347,0.001272587202839237
41.8,-2.608710194744784,2.8293991090858652,0.0010703595327505866
41.82,-2.6104114547856643,2.8361240285025096,0.0012762683071663172
41.84,-2.6121382093477803,2.8429979273998933,0.0014644167007294706
41.86,-2.6136663322300984,2.8491828131509647,0.0008733998398205434
41.88,-2.6154878042600114,2.8559026909926226,0.0009955358327404795
41.9,-2.6171949503548566,2.862906255371749,0.0015613292264073375
41.92,-2.618767932563266,2.8694155401233665,0.0012690695908520178
41.94,-2.6205197971811724,2.8758521754575446,0.0012555737831711489
41.96,-2.622133099847417,2.882511513439142,0.0015245145313243502
41.98,-2.6237968202644097,2.889368581347513,0.0015751944296723275
42.0,-2.6251937663453795,2.895302145396664,0.0011304813651571988
42.02,-2.626836020843836,2.9019487456218718,0.0012846027714500663
42.04,-2.628561035025925,2.909085533829474,0.0015812049742979783
42.06,-2.6299589846907367,2.9153681603980055,0.0012064906013737609
42.08,-2.6316331507421955,2.9218158974919515,0.001228070752249788
42.1,-2.633170225892615,2.9285766071353154,0.0016706124371408115
42.12,-2.6346644107649966,2.935196896406008,0.0014850113269622711
42.14,-2.636112818715965,2.9412803629159874,0.0011642586679321276
42.16,-2.637689273245839,2.9481538564872363,0.001547655939286352
42.18,-2.6393066562074425,2.9551953549979966,0.001549503034611488
42.2,-2.6407260998277513,2.9613540673785823,0.0011455312610051116
42.22,-2.6422724986372206,2.967975225724386,0.0012462209182529105
42.24,-2.643767796139401,2.9748183917597455,0.001671476792774268
42.26,-2.6451663665176226,2.9812987036739944,0.0011457906601348156
42.28,-2.646892221862542,2.9882924288582893,0.0012493547550903872
42.3,-2.648431792109056,2.9952791291546816,0.0015847937214260033
42.32,-2.6500207633282935,3.00206285660868,0.0013057191791317757
42.34,-2.651615328120578,3.0082425340932293,0.0013252316511244977
42.36,-2.653162780315998,3.0149383381031716,0.001404676009094108
42.38,-2.6546980827731668,3.0217301229352356,0.0016937312514903602
42.4,-2.6559204226566835,3.027632574150636,0.0009918544347974345
42.42,-2.657644954704383,3.0345568879637486,0.001036639451193977
42.44,-2.659149083287805,3.0415398048088034,0.0015743926220765647
42.46,-2.660626626969069,3.047989235803504,0.0012328183242959478
42.48,-2.662271580875861,3.0544552496328805,0.0011671325709320113
42.5,-2.6637995428254024,3.061412922219114,0.001629279896927599
42.52,-2.665295409673694,3.0682585389309103,0.001600989650686474
42.54,-2.6665559758637563,3.0741357805561216,0.00106848774662896
42.56,-2.6680474086471637,3.080892612387466,0.00140301552043956
42.58,-2.6696438841640306,3.0881284602650036,0.001514518873430598
42.6,-2.6708772578788222,3.0942803887332806,0.001058340769355598
42.62,-2.6724263379729303,3.100742029250321,0.000974252193972347
42.64,-2.6738469309026858,3.107854211329659,0.0016872378018094047
42.66,-2.675105604192756,3.1142995817704735,0.00138256724046798
42.68,-2.676646676557435,3.1210321842017037,0.0011083788807788875
42.7,-2.6781284269195864,3.128106214589792,0.0013695937577622719
42.72,-2.679624747421295,3.134927946789649,0.0011997128541324786
42.74,-2.6811524861148843,3.141604365470795,0.0010080913219792653
42.76,-2.6826189850553903,3.1482532407456643,0.001125110702924259
42.78,-2.6840580540962833,3.155051635311642,0.0013832795766837158
42.8,-2.685408975371447,3.1614009464562347,0.0009341415791530583
42.82,-2.6869440884683042,3.168013167740279,0.0008647000651630932
42.84,-2.6884074025031985,3.1751348371174766,0.0013891049404682887
42.86,-2.6898885443717693,3.1817657880201584,0.0011906103560315462
42.88,-2.6913722560689948,3.1881300873613005,0.0010387556626167693
42.9,-2.6927418081918475,3.194987681610939,0.0013436331460146556
42.92,-2.6941388630713314,3.201962480655149,0.0014047400820423883
42.94,-2.69536099204263,3.2081545312746993,0.0008479915056059939
42.96,-2.6967802665481226,3.2149246122064663,0.001027281154927312
42.98,-2.6982018879749994,3.2220370905486875,0.0012045188973496823
43.0,-2.6995116947382507,3.228397859862513,0.0009501231331431881
43.02,-2.7009401067351693,3.23474602501621,0.0007706547494915617
43.04,-2.7022893174218092,3.241909017880325,0.0013184571855735516
43.06,-2.7035376616549702,3.248473553462325,0.001103420926232307
43.08,-2.704916197064041,3.255107358490466,0.0009117447618875729
43.1,-2.7061872500744797,3.2620654394914705,0.001251797118361736
43.12,-2.707520657116383,3.2690932501445094,0.0012487014655016004
43.14,-2.7087387843250306,3.275474199363393,0.000927394318436553
43.16,-2.7101215288246863,3.2820243170913788,0.000941465842675987
43.18,-2.711412391758968,3.289193184186655,0.0014155443963983216
43.2,-2.7124090832652494,3.295432012901886,0.0009581969964633785
43.22,-2.7138113544594367,3.3022095413208037,0.0008085159752556359
43.24,-2.715069789988239,3.309246470622811,0.0013225267206734004
43.26,-2.716218199156446,3.3157827300937166,0.001166229392722845
43.28,-2.717560743955809,3.322565745942101,0.0009293223560229158
43.3,-2.7188132737313464,3.3295594530055945,0.0012181281018580348
43.32,-2.7200860120951025,3.336568310472859,0.001336394414359926
43.34,-2.72121762607269,3.342936068137439,0.0010370220100066052
43.36,-2.7225590848744203,3.349524290289647,0.0010134882107434295
43.38,-2.723761102345327,3.3566367265821113,0.0015305981120772305
43.4,-2.7247319111225803,3.362943354220434,0.0012458212466429641
43.42,-2.725983574699874,3.3696340583048494,0.0010969516391863554
43.44,-2.727202192022728,3.376689274181357,0.001383244682270579
43.46,-2.7284445025882866,3.383637395445099,0.001249730755709999
43.48,-2.7296654448572655,3.3899474122638353,0.0011816208349126889
43.5,-2.7309382262597497,3.396596162714739,0.0011149213884626974
43.52,-2.7321016647627436,3.4034810256606955,0.0014728562739614315
43.54,-2.733176944332348,3.409785795469057,0.0009941252557343072
43.56,-2.7345251928419207,3.4166085542362605,0.0010211325517962277
43.58,-2.735719829933728,3.4236590566134595,0.00149696622242243
43.6,-2.7369190579811327,3.4304171999595736,0.001304147283866297
43.62,-2.7382039623851933,3.436938660513224,0.0011642333494815693
43.64,-2.739390405306948,3.4438170437461277,0.0015083729682917602
43.66,-2.7406252459220055,3.4510092034924402,0.0016679113718605365
43.68,-2.7414684922788806,3.456906357244306,0.0011008152882470146
43.7,-2.7426589122671428,3.463411113017365,0.0011112001543159
43.72,-2.7438507156588674,3.470691259073355,0.0016131263557923325
43.74,-2.744727275646762,3.4769788009898,0.0011621240422134693
43.76,-2.7459171871925694,3.483445119709204,0.00092339635387087
43.78,-2.7470215507719966,3.4907248054750997,0.0014730487731005049
43.8,-2.748094357477319,3.4974424490345877,0.0013495519578054505
43.82,-2.749219966868393,3.5040674732551835,0.0010664141597502563
43.84,-2.750250890911259,3.5110451698858176,0.0014781288225260425
43.86,-2.7513429762104726,3.5181641118503997,0.0015961837571679127
43.88,-2.7522087925643626,3.5243949827838517,0.001104826729780739
43.9,-2.7533492137071844,3.53098101003674,0.001047382649643519
43.92,-2.754365210778222,3.538241488427072,0.001565053715863074
43.94,-2.7551442657942142,3.5444815441073763,0.0012003931406356638
43.96,-2.7562249142091226,3.5512441941672725,0.0010770549332371482
43.98,-2.7571726752209558,3.558327206295893,0.0016123832730131626
44.0,-2.7580734684917916,3.5651152213365704,0.0015302757052865767
44.02,-2.7589683130739746,3.571327394584696,0.0009835423596355752
44.04,-2.759934729684038,3.5783184770946566,0.0013076909770811662
44.06,-2.7608824655841393,3.5852224987767656,0.0014389979205614578
44.08,-2.761837519748528,3.5917650108447057,0.0009921203676792612
44.1,-2.7628782146444255,3.598564168320433,0.0009476643127430406
44.12,-2.7637897464084245,3.6057436419451085,0.001546007148982148
44.14,-2.7647682716330992,3.612564574476032,0.0013652794341005026
44.16,-2.765766197405653,3.6189604356461333,0.0012567917760619163
44.18,-2.7666266102244665,3.625898174455566,0.0014660228558946997
44.2,-2.767408964412957,3.63265039459168,0.001640415271575102
44.22,-2.7682913819577903,3.639202031670628,0.0008623085710983136
44.24,-2.7693467980203157,3.6464662651496833,0.0011346585272077325
44.26,-2.770230756403991,3.653368321057461,0.001433167466347085
44.28,-2.7712831166373673,3.6603129047349343,0.001051151180578469
44.3,-2.7722520608662946,3.66688153812578,0.0010018822831853458
44.32,-2.7731730114158686,3.673979317774456,0.0014246212244841405
44.34,-2.7739307310668497,3.6803606854916207,0.0011573338748041007
44.36,-2.7749773809880947,3.6872711996413754,0.0009691012910185148
44.38,-2.7758979057830153,3.694311321666863,0.0013555782028158436
44.4,-2.776845054959727,3.701390721106705,0.0012126306459487868
44.42,-2.777772374746156,3.707693769808634,0.0010388601962752486
44.44,-2.7787825123342498,3.7143872983035493,0.0010229287351912197
44.46,-2.779606898835466,3.721545678754361,0.0015797827148635313
44.48,-2.780264046158319,3.7278167805687037,0.0011676230422948408
44.5,-2.7812425298294654,3.7346572613951605,0.0010348176872498616
44.52,-2.7821541564680903,3.7417387497638197,0.0013951854022840882
44.54,-2.783100622214011,3.74866368329948,0.0011297364576004498
44.56,-2.784045355657605,3.754996887426458,0.0010843332803278094
44.58,-2.784973964578667,3.761909558657441,0.0011517424874257776
44.6,-2.7858427038068303,3.768780413177763,0.0015105858869461919
44.62,-2.786730512184029,3.7753129300467667,0.0009077303023792838
44.64,-2.7878601968330394,3.7826616942673876,0.0010236889499490864
44.66,-2.788755977243555,3.7898766143817237,0.00137280467778364
44.68,-2.789790183560628,3.7968255270243985,0.0010987218080731609
44.7,-2.7907855731098894,3.8033186354314767,0.001154547017749169
44.72,-2.791650488829211,3.8101162034030303,0.0013384486504381399
44.74,-2.792545066247602,3.8169096429543945,0.001365826936560427
44.76,-2.793380983971542,3.8231138126608935,0.0008964805731807024
44.78,-2.794331973165985,3.830133194965028,0.0011420621571240908
44.8,-2.7952886496134615,3.83714918565222,0.0013156168209711994
44.82,-2.796120835357212,3.8434676503355556,0.0008923595683256458
44.84,-2.7971376134413264,3.85003845243333,0.0008488899253994986
44.86,-2.7980699779855853,3.857302610424975,0.0014177063650462896
44.88,-2.798953577233918,3.86411866339869,0.0011721247050701378
44.9,-2.7999166857825046,3.870594463522983,0.001053415177538125
44.92,-2.800790356861426,3.877535469472693,0.0013395416722019604
44.94,-2.801637296947778,3.8846149155398604,0.0013466904442763217
44.96,-2.8024638728962596,3.89099137326244,0.0009940562242403972
44.98,-2.803304647432995,3.8976720915519687,0.0011246032179366428
45.0,-2.804173890455781,3.9050084882982814,0.0014763966804584305
45.02,-2.8047799323056375,3.911277803670359,0.0010099478205749246
45.04,-2.8056741147570223,3.917778442366629,0.0008083897932175677
45.06,-2.8064489779119848,3.925124257554504,0.001562022835127519
45.08,-2.807061268077951,3.93180994166954,0.0013271656332437265
45.1,-2.8078332345335664,3.9381934577586417,0.0009797167778977378
45.12,-2.8085370312585893,3.945242305740263,0.0013663237240087445
45.14,-2.809173986509365,3.9521087552347014,0.0013854887979398434
45.16,-2.8098206780687356,3.9586875142712246,0.0009279366914587417
45.18,-2.8105957131553696,3.9655903552473895,0.0011137008993920838
45.2,-2.8112996483746318,3.9727881581671287,0.0015778339508111805
45.22,-2.811869817690422,3.979388958490649,0.0012320609167129348
45.24,-2.8126525209134976,3.986029536275098,0.001142702022572939
45.26,-2.813296483247708,3.993134898115076,0.0015975578021032166
45.28,-2.8137958618997745,3.999725156745643,0.0015507630402006312
45.3,-2.814474748871575,4.006372698586846,0.0010971815055391687
45.32,-2.8152065396913715,4.013623547231886,0.001299913048214224
45.34,-2.8158869775797615,4.020586483480686,0.0013985576828378365
45.36,-2.8166018745039567,4.027140305293947,0.0011291969991944484
45.38,-2.817384548101246,4.033847790776972,0.0011752664940312407
45.4,-2.8180295867683234,4.0409687654271504,0.0016933406045759325
45.42,-2.8186142126070344,4.047497627381037,0.0014312911099879366
45.44,-2.8194524874843503,4.054361894481189,0.001225396636882009
45.46,-2.8201644346863155,4.061602324933017,0.001474820697614343
45.48,-2.8208862360174116,4.068526147124505,0.0012935452306104545
45.5,-2.8216678891472977,4.075136599838471,0.0010742467282205126
45.52,-2.8223934489402973,4.082109957585112,0.0012859420913194086
45.54,-2.823081742166234,4.088946563409285,0.0015080280710237925
45.56,-2.823858184256239,4.095741304811046,0.001036848195524409
45.58,-2.824756145471531,4.102860697474611,0.0010003731860097342
45.6,-2.8254041430343944,4.109944792927643,0.0016174975351373744
45.62,-2.8260790286353714,4.116620875087546,0.0013329467508350068
45.64,-2.8269008153510162,4.123207025895687,0.001217914003985049
45.66,-2.8275729647628616,4.130195147235848,0.0014886883453003874
45.68,-2.8282901204854136,4.137351853588375,0.0015737450857525592
45.7,-2.8288760529974843,4.1436216043001775,0.0010960875278223925
45.72,-2.8295887003309894,4.150412322943423,0.0012056143543781317
45.74,-2.830222510029447,4.1574091321462125,0.0016221494932100733
45.76,-2.830884742463352,4.164071095362724,0.00108510024270278
45.78,-2.8317554893841472,4.171270964151361,0.0011151989972269516
45.8,-2.8323658108262046,4.178390730330688,0.0015147805471862619
45.82,-2.8331175139234706,4.185283546714643,0.0013198874851466924
45.84,-2.833872769926878,4.191530814273384,0.0011640470936877256
45.86,-2.834584099098511,4.1985175054531165,0.0013551975529975946
45.88,-2.8352644533683455,4.205370420762681,0.001625871448224514
45.9,-2.835980315858027,4.211905612370836,0.0009221079981386604
45.92,-2.836885950932209,4.219129817174925,0.0011276318383761919
45.94,-2.837544481872562,4.22619607638797,0.0014488512537145781
45.96,-2.8383964664444474,4.233151598673118,0.001053875873800597
45.98,-2.8391685221450667,4.239632572681302,0.000940208958192218
46.0,-2.8398862642867857,4.246732370014304,0.001426310422234317
46.02,-2.8404703446394493,4.253147144241953,0.001200766895892491
46.04,-2.8413628079446993,4.260057365908174,0.0009194619183705843
46.06,-2.8420911101411503,4.267195237914521,0.0012572051648480909
46.08,-2.8428491421341566,4.2741719421136235,0.0014244839639347695
46.1,-2.8434352982640063,4.280349408379041,0.0008680032247495861
46.12,-2.8442907832957043,4.28709067540331,0.0009129328665597736
46.14,-2.845037695943982,4.2943328395088045,0.0013519437535923218
46.16,-2.845714847833089,4.300993118471446,0.0011197974448216297
46.18,-2.8465141582406,4.307561616155096,0.0008361055095797154
46.2,-2.8471937114471664,4.314738474497125,0.0013229528911777588
46.22,-2.84794701027512,4.3218287050471575,0.0012597867380658434
46.24,-2.8486728779188955,4.328239126448692,0.0009805045164280879
46.26,-2.8493439848743014,4.334967089881521,0.0011016744579292193
46.28,-2.84999179272975,4.342317828768341,0.0014742044938595433
46.3,-2.850340933004224,4.348473381295284,0.000888742454280389
46.32,-2.8510491487320344,4.355052014637798,0.0007397721647247335
46.34,-2.8515945763842843,4.362409883966267,0.0012910347637286046
46.36,-2.85222392941069,4.369302788219693,0.0012254501798668327
46.38,-2.8528807454537897,4.375829967156962,0.0009997063185450128
46.4,-2.8534224548537344,4.382784774143339,0.00138095407686048
46.42,-2.8539446116224974,4.389942810023744,0.001548110133205105
46.44,-2.8542391285539894,4.396026216164563,0.0008589287840276572
46.46,-2.8548706972613793,4.402980466883295,0.0009732023621929486
46.48,-2.8553591809221346,4.410156668048737,0.0014114243787656522
46.5,-2.855757920766867,4.416723289914345,0.0011330923794807268
46.52,-2.856382465842184,4.423351498120402,0.0010923941723870456
46.54,-2.856842492898068,4.430433095035416,0.0014630441742720102
46.56,-2.8571879402898688,4.437069310435488,0.0013491789243515184
46.58,-2.857769295931804,4.443748753459669,0.0010012230899830998
46.6,-2.858290783348257,4.45092789857433,0.0012252445877895257
46.62,-2.8587903966182933,4.457956024526502,0.001310301285596227
46.64,-2.8593170606498926,4.464606851588543,0.0010801709865832232
46.66,-2.859894765376519,4.4712643223826305,0.001073338442251548
46.68,-2.8603189967638247,4.478367794734027,0.001606583696112357
46.7,-2.860772141263841,4.485011901649077,0.0013915672187452821
46.72,-2.8614451420212883,4.491849229215165,0.00107625291662089
46.74,-2.861967437994127,4.49902534127046,0.0014166340135953748
46.76,-2.862526946893249,4.5059976439179055,0.0012566778508812104
46.78,-2.863133906314482,4.5126535760034825,0.0011019680458261294
46.8,-2.863685297945331,4.519472220538311,0.0012066772995350805
46.82,-2.864214398946368,4.526416521868222,0.00139924534329397
46.84,-2.8648103148203745,4.533254130746582,0.0011583530289898114
46.86,-2.8654916245511974,4.540092134535207,0.0011336688528310601
46.88,-2.865984427025539,4.547243117819786,0.0016304734740348048
46.9,-2.866372370699857,4.55386491477564,0.001437943958971899
46.92,-2.866898583504732,4.560236266934976,0.0010660630021663842
46.94,-2.867396946230624,4.56732973977012,0.001554419635603932
46.96,-2.867803015800409,4.574184504007133,0.001606865197686519
46.98,-2.8682126892076263,4.580573658527745,0.0010132903033477636
47.0,-2.8687366509857917,4.587598228807106,0.0012905013513381247
47.02,-2.8692407714503974,4.59477394106586,0.0016055814942207147
47.04,-2.8695753018889514,4.601144828587411,0.0011799021671337062
47.06,-2.8701674817012197,4.607789970805328,0.0010169634280912387
47.08,-2.870554806281124,4.61505140073885,0.0015860214063586064
47.1,-2.870959027760672,4.621937034087128,0.0013660526189079314
47.12,-2.871487217916071,4.628527427293518,0.001124871699535901
47.14,-2.8718479600888913,4.635510215755149,0.0015416855667717555
47.16,-2.8722637878023476,4.642835306226908,0.001614249167937426
47.18,-2.8724824456924356,4.64910466968598,0.0010309676971629878
47.2,-2.8729474457078727,4.655830572391334,0.0011569273835427274
47.22,-2.873283016429746,4.663114731454077,0.0017087380660129048
47.24,-2.8733448320356856,4.669205712723468,0.001126012872353338
47.26,-2.8738564980752472,4.676318515802648,0.0010908282911923917
47.28,-2.8741634557842866,4.6834335521884976,0.0015419632824418272
47.3,-2.87437138525007,4.6898012227199475,0.0012930309675376062
47.32,-2.874809259492746,4.696559619834471,0.0010425902289633304
47.34,-2.875138852827512,4.70364676766667,0.0013643980209099016
47.36,-2.875473558566276,4.710686091092779,0.0014440199835886736
47.38,-2.8757854006628425,4.717171149861534,0.000996581685713066
47.4,-2.876194284561117,4.723970168717808,0.0010956797548398733
47.42,-2.876491654312342,4.731283294921276,0.0016765388159275252
47.44,-2.876617109652281,4.737719872031055,0.001207242159050742
47.46,-2.876975703312677,4.744346632796391,0.001042191438354767
47.48,-2.877233677210792,4.751457945085703,0.0014291688726026097
47.5,-2.877462266572017,4.758358003405927,0.0013536306173164148
47.52,-2.877815411463782,4.764957055200258,0.0010499493466224197
47.54,-2.878083721591227,4.771823902432528,0.0012216789725655042
47.56,-2.878343566102497,4.7791668687884785,0.001351613264031687
47.58,-2.8785643317978833,4.785778756734709,0.0010849221522885033
47.6,-2.8789013193214252,4.792394424289565,0.0010089212409459813
47.62,-2.8790349063950544,4.799658854760922,0.0015066592805254297
47.64,-2.879077816536549,4.806388476492301,0.0012243823658309172
47.66,-2.879342265423767,4.812887937872103,0.0009476601094545456
47.68,-2.8794551143947857,4.81995050761585,0.0014438129850437298
47.7,-2.879564764005398,4.827149965687125,0.0014640539470394953
47.72,-2.879606286691701,4.833398550414384,0.0008946279106600563
47.74,-2.8797182440478584,4.840220736116236,0.0011277665514948798
47.76,-2.879728574936781,4.847392722186581,0.0015487899934159277
47.78,-2.8796884645810046,4.853737372267965,0.0009047815766248524
47.8,-2.879945268040634,4.860940301498081,0.0009488605283680396
47.82,-2.8799424862263043,4.868068627269205,0.0014015911841883666
47.84,-2.880045458944188,4.8748906157687495,0.0011830983336923173
47.86,-2.8802561817078454,4.881537314460669,0.0011024548561014424
47.88,-2.8803181456089066,4.888442979422796,0.0011898230409110033
47.9,-2.8803466083307048,4.8955463337969105,0.0013849584432710227
47.92,-2.880316046822588,4.901877240205995,0.0007368020281720566
47.94,-2.880489025303093,4.908864151300989,0.0009467511870250023
47.96,-2.8804531330963314,4.916057114062682,0.0014134988950674776
47.98,-2.8804792876305405,4.922738839481043,0.0011229656301599555
48.0,-2.8806232364764393,4.929390787715138,0.0010478378893028495
48.02,-2.880602871574268,4.936466261081324,0.0014376348496391578
48.04,-2.8805068269885403,4.943129435946258,0.0014250918260322043
48.06,-2.88064791265908,4.9497857351647125,0.0008978243674964415
48.08,-2.880681845570657,4.9569734250218955,0.0011245820333704581
48.1,-2.8806872963201737,4.964034935538554,0.0012490098201403677
48.12,-2.8807946300290035,4.97100472459354,0.0009415824857063881
48.14,-2.880910453600092,4.9776666253815955,0.0009773256728359547
48.16,-2.880833901265095,4.984644423730774,0.0013182124121225436
48.18,-2.8809293928644104,4.991426621735717,0.0011265637415294738
48.2,-2.8810632824960956,4.99815055153641,0.0008399152445438818
48.22,-2.881025322845433,5.005334590711495,0.00142330676539551
48.24,-2.8810757678652004,5.012601715910896,0.001256333489328132
48.26,-2.8811295497458835,5.018755118857547,0.0010495206266219193
48.28,-2.8811299818246647,5.025523876668899,0.001153678432718297
48.3,-2.8810524439940206,5.032677066806363,0.001555412823747021
48.32,-2.880938600822083,5.0390185263322005,0.0009762429770421022
48.34,-2.8810517074984623,5.046021140868267,0.0008798469872858539
48.36,-2.8809363582646843,5.05317927155402,0.0015126753173386187
48.38,-2.8809042365782966,5.059812456172138,0.0012684785265971998
48.4,-2.8809720853463037,5.066368744662228,0.0010317469828595716
48.42,-2.880867653646604,5.073413381633525,0.001440963478998497
48.44,-2.8807491196208117,5.080613446475793,0.0014323949971881134
48.46,-2.880702709897826,5.087160702654246,0.0011466230785026066
48.48,-2.8807102172757677,5.093835912263744,0.0011230167582518824
48.5,-2.880532728173761,5.101209050467053,0.001714118670790854
48.52,-2.8802667732338736,5.10746855180617,0.001250259159482403
48.54,-2.8802311913227836,5.114216482954318,0.001200059967717354
48.56,-2.880043830828842,5.121335011144577,0.0015073433171399753
48.58,-2.87993964487326,5.128444299011241,0.0013318012235429555
48.6,-2.8799735230618264,5.134649694047332,0.0011409739279567566
48.62,-2.8798063974881543,5.141611518648523,0.0014048409156230957
48.64,-2.8795915105239875,5.148582383332358,0.0015661822981601348
48.66,-2.8794146340064524,5.155091357486879,0.0009434278332895174
48.68,-2.879356905174705,5.162163815488516,0.0011230300550510441
48.7,-2.8791188905555067,5.169323701790105,0.0015930606504068745
48.72,-2.8790097792223954,5.176009954394131,0.001322961214370283
48.74,-2.8789651978154094,5.182598935216413,0.001188485807282591
48.76,-2.878699485142188,5.189699805811346,0.0015700493732891119
48.78,-2.878438899267144,5.196390545688796,0.0014571841938283425
48.8,-2.8783676188685434,5.2032469390839236,0.0010768068472982173
48.82,-2.878104487216218,5.210409751129999,0.0013652993284934967
48.84,-2.8778522938822255,5.217506830888358,0.0015159986877180953
48.86,-2.8777258235178724,5.223998274606123,0.0011721312307145237
48.88,-2.877622307059812,5.230643297125503,0.0011706049771633975
48.9,-2.8773191642859945,5.2378865324956365,0.0015377067829554225
48.92,-2.877048147396902,5.244545496981773,0.0012319866382052846
48.94,-2.876870226713798,5.251305462672591,0.0010347129293669655
48.96,-2.876501301928259,5.258418504584112,0.001492544218877706
48.98,-2.876209873412211,5.265419480271357,0.0013614355691413949
49.0,-2.8760074432799203,5.271989157648836,0.0010845264061663806
49.02,-2.875701048040873,5.278755328923475,0.0012350628712874956
49.04,-2.875310708336247,5.286131111977062,0.0015350977212921502
49.06,-2.8749706800371806,5.292313082346202,0.0009990094714801556
49.08,-2.874706298180015,5.299238394603002,0.000992758993518278
49.1,-2.874226545770205,5.306397830983921,0.0015029157602647614
49.12,-2.873946722933268,5.312886380990342,0.001221693868513507
49.14,-2.8736877505853613,5.319354808265751,0.0009117088923958072
49.16,-2.873212403592467,5.32648999373698,0.001397887464890335
49.18,-2.872797611499155,5.333819343189544,0.001294452436156751
49.2,-2.8724971541318363,5.340251761375871,0.0009416564914577763
49.22,-2.8721033099781934,5.346982309829171,0.0010990665375196496
49.24,-2.8715801186989904,5.354345001762728,0.001536801684613287
49.26,-2.871154087362553,5.360506164201959,0.001024275992290824
49.28,-2.8707858034512714,5.367167919126913,0.0009308444491026857
49.3,-2.870190572202944,5.374314174728269,0.001409591779434921
49.32,-2.8697210124609103,5.381216754733759,0.001217457029905139
49.34,-2.8692924713980266,5.387696959994245,0.000961971560518804
49.36,-2.8687207383595665,5.394590016417619,0.001268914624293127
49.38,-2.8680789515222505,5.401948768731902,0.0012870744740748064
49.4,-2.8675730614733235,5.408388069149506,0.0008399876729315303
49.42,-2.867083106539645,5.414941878590554,0.0009709435377148745
49.44,-2.86632905745123,5.422301502228051,0.0014250163326827436
49.46,-2.8657803736585827,5.428817219407813,0.0010971764298292053
49.48,-2.8652528144155296,5.4352170715124535,0.0008646974615908742
49.5,-2.864450062981342,5.4423160667262165,0.0014352131271761215
49.52,-2.863747582398408,5.449353480672734,0.0013530474560398964
49.54,-2.8632185189884596,5.455495736997914,0.0008051504192067016
49.56,-2.8624070944153575,5.462360278781445,0.0011492582306558141
49.58,-2.86160007417251,5.469629124444151,0.0012430862349677996
49.6,-2.8608878284548567,5.476105412175373,0.0010041877700315283
49.62,-2.860252697770875,5.482503998008663,0.0008382061281930753
49.64,-2.8592902819133728,5.489806145638328,0.0014464379993908982
49.66,-2.8585485747044475,5.496446734743927,0.0010789679573113276
49.68,-2.8578220756352812,5.503013940725824,0.0009034339264154534
49.7,-2.856863950483276,5.510028576678387,0.001334416979829528
49.72,-2.8560239688204696,5.516821383332815,0.0013208261685870026
49.74,-2.8552993695994404,5.523207225645232,0.0008624705677383604
49.76,-2.854395043632187,5.530000820753696,0.0010778474696674367
49.78,-2.853373001131277,5.537221844102537,0.0013191234794447948
49.8,-2.8527683034979443,5.543701003997123,0.0010925754516239172
49.82,-2.8520803431095456,5.550016642462811,0.0009976407352680905
49.84,-2.851014790134303,5.557124998675863,0.0013608655736987718
49.86,-2.850188067059983,5.563745605668707,0.001211901057435183
49.88,-2.8493608476668513,5.570227084325286,0.0009771116265102076
49.9,-2.848277360545486,5.577151132708743,0.0013600922968499685
49.92,-2.8472417973236483,5.5841007493491395,0.0014550960825992776
49.94,-2.846352972051121,5.590485609283122,0.0008251395626460156
49.96,-2.845346240769908,5.597363301566144,0.001079498630363579
49.98,-2.8441779240346805,5.6044935315081705,0.0016016239611299776
50.0,-2.843339266160303,5.610696094740819,0.0011419417861490422
50.02,-2.8424931725591436,5.6170960106584715,0.0009701547840764435
50.04,-2.841276446122207,5.624181491415118,0.0015052290077272323
50.06,-2.840228121351449,5.630914715895784,0.00131647693783854
50.08,-2.8392917632195527,5.637348819226224,0.0010301710691282273
50.1,-2.838103013428841,5.644169809878421,0.00136600588563901
50.12,-2.8368976021373156,5.651243100033768,0.0016028405121714384
50.14,-2.83593565242297,5.657480504853833,0.0009785947791026428
50.16,-2.8348807304721735,5.664271758925748,0.0009478234047842204
50.18,-2.8335420932486097,5.671400236780369,0.0016404702660189063
50.2,-2.8325693996879555,5.677638936462645,0.0012645541400143068
50.22,-2.8315800315364386,5.6842245323217595,0.0011123710212138926
50.24,-2.8302756117852144,5.691194762429652,0.0015883142901249037
50.26,-2.8290843057667083,5.697984288334649,0.0016074535201640039
50.28,-2.828099104727698,5.704174752828293,0.0011091310801572551
50.3,-2.826885433509999,5.71097426945189,0.001233776256979402
50.32,-2.825512840447107,5.718106099537917,0.0015274514303601494
50.34,-2.824506251261312,5.72477235014356,0.00117873025893242
50.36,-2.8235961205884204,5.731032240149945,0.0011210801861774033
50.38,-2.8221489239903024,5.7381100203029085,0.0016221050240657897
50.4,-2.8209925321339235,5.744605288495192,0.0013868281625034617
50.42,-2.819775008772231,5.751230947478089,0.0011780053890655673
50.44,-2.8183492333888522,5.75815622621571,0.0014498500683486348
50.46,-2.8169314412016337,5.765239465669273,0.001352859176232457
50.48,-2.816092383290391,5.7715226832737265,0.0010300874210218691
50.5,-2.8148583502179525,5.778048837332565,0.0012037033395549124
50.52,-2.8133381832724726,5.785227161982623,0.0017138563924775085
50.54,-2.812221260035235,5.791351387581794,0.0012226826230850307
50.56,-2.8109688623958804,5.797883355138898,0.001210053923210913
50.58,-2.809481646160902,5.80483295074095,0.0015029618380672793
50.6,-2.8080275593346156,5.811923537243078,0.0012680875907764844
50.62,-2.8069633353999275,5.818110791603631,0.0010547271777858191
50.64,-2.8055903282826913,5.82436429595751,0.0013209669486842213
50.66,-2.804253458280988,5.830533375574517,0.0014767768184609509
50.68,-2.8031508913896697,5.836001938858085,0.0010862304863345218
50.7,-2.8019528811000227,5.841788182142967,0.0011371202838479644
50.72,-2.8006150302234336,5.847394928180958,0.0010365986997211696
50.74,-2.7993234680587213,5.852770954363758,0.0011209900510210924
50.76,-2.7980507622478754,5.858265772579315,0.0010235057624042587
50.78,-2.796783002980013,5.863801204169025,0.0012913187584433772
50.8,-2.795400258292296,5.868966765122484,0.0011977025496767713
50.82,-2.7939107499257325,5.874408955595328,0.0007923095216690323
50.84,-2.7925182613585253,5.87995813049215,0.001090632724845969
50.86,-2.7910255401967516,5.8854838845723565,0.001319564507850507
50.88,-2.7895485275005854,5.890674489659453,0.0012982459882763253
50.9,-2.78793178258448,5.895975452859072,0.0007921496489294855
50.92,-2.7864938605758645,5.901217347066897,0.0008212285136456055
50.94,-2.785014878488009,5.906098647325071,0.0011352465077928142
50.96,-2.7836773873659166,5.910529433289109,0.0011482760805345271
50.98,-2.7824032289924916,5.914506014529863,0.0009953099864604409
51.0,-2.781336939291294,5.917839859009923,0.0010007764836865163
51.02,-2.7802520149518775,5.921031279149001,0.0011261092132332506
51.04,-2.779265616903374,5.923847896209555,0.0011409898570195198
51.06,-2.7783253769862055,5.926421806912585,0.001068061362395123
51.08,-2.7774006391492994,5.928803734537961,0.0009205244656936284
51.1,-2.776486012399703,5.930978539962543,0.0006880407424773305
51.12,-2.7756872007678854,5.933080341022919,0.0006393536889051643
51.14,-2.77483383475998,5.935099492265174,0.0008034698310265542
51.16,-2.773974661016755,5.937091133542384,0.0008557637360147863
51.18,-2.7730496350896314,5.939106486491518,0.0008444181964807895
51.2,-2.7721837000954124,5.941136184803699,0.0007924428287908181
51.22,-2.771318493852358,5.9431437372143465,0.0006658329335283708
51.24,-2.7704217458405442,5.9451204078028015,0.0005596070271203235
51.26,-2.7695725825895607,5.947150043728281,0.0007573192039910803
51.28,-2.768688253744699,5.949057159406784,0.0009014018568250792
51.3,-2.76773334048203,5.951055019182124,0.0009645498304138855
51.32,-2.76673801260645,5.9530324517224065,0.0009461323319382431
51.34,-2.765702687930753,5.954986776367654,0.0008425029228235903
51.36,-2.7646670169520355,5.956853483972155,0.0006644482969010157
51.38,-2.7637155332668915,5.958678318419339,0.0007939831373461881
51.4,-2.762713686886485,5.960486741670659,0.0009632684479596865
51.42,-2.7616309886485473,5.962404492608669,0.00104779127925686
51.44,-2.7605012734877765,5.9643092247550795,0.0010508846941121308
51.46,-2.759332993378123,5.966188976436821,0.0009690112680536822
51.48,-2.7582127016840734,5.967909894121684,0.0008176440977721022
51.5,-2.757133871555679,5.969656239517846,0.0008117947917945234
51.52,-2.756057614606919,5.971300827795806,0.0009859470699908057
51.54,-2.7548968733452575,5.973007556707472,0.0010808845060188144
51.56,-2.753646723686291,5.974817260064768,0.0011041050735144664
51.58,-2.7524046318229205,5.976552195975189,0.0010428953582733436
51.6,-2.7511748537040246,5.978161320740069,0.0009182804152943203
51.62,-2.7499341884097066,5.979779869647451,0.0007834823162421733
51.64,-2.7487370922085494,5.9814441646598056,0.0009551131678638969
51.66,-2.7475170534104976,5.982972095275081,0.0010693051995220026
51.68,-2.7462276869414195,5.984577002795507,0.0011135137061729916
51.7,-2.7449014721236686,5.986158164317612,0.0010733896639489593
51.72,-2.743561507743439,5.9876879805620895,0.0009600748829125538
51.74,-2.7421919663447065,5.98918420720766,0.0007661520521018705
51.76,-2.7408847868501254,5.990778267609488,0.000875165270542072
51.78,-2.739554734349494,5.992221532110053,0.0010131690272969784
51.8,-2.7381575289117634,5.993713732138308,0.0010716337517526764
51.82,-2.7366479200668334,5.995280161772689,0.001046181020425918
51.84,-2.7351834867191065,5.996738065641571,0.0009545509109212813
51.86,-2.7337078660366814,5.998142811998046,0.0007772175517735402
51.88,-2.7322759635469147,5.9996136314774935,0.000745679972743718
51.9,-2.7308199591721434,6.001006824039061,0.0009050460990474296
51.92,-2.7292799086342683,6.002449441227659,0.000981113884627155
51.94,-2.727654438388863,6.003941511023957,0.000983270690504523
51.96,-2.7259897719717996,6.005398511753572,0.0009002015095475047
51.98,-2.724345980070289,6.006769308372722,0.000733791084266272
52.0,-2.7227844244919774,6.008071876732501,0.0005732398750028789
52.02,-2.721060140770052,6.009580625918924,0.0007348229621583213
52.04,-2.7188567579268126,6.0114230058047555,0.0008125782414187543
52.06,-2.716329431567993,6.013460763505784,0.0007327321055771718
52.08,-2.7135239370012565,6.015766608921567,0.0006783384429450978
52.1,-2.710473972375393,6.018299372664659,0.0006851799688359361
52.12,-2.7071065354281845,6.02104956432829,0.0010061124472487692
52.14,-2.7036795031448926,6.023754720964607,0.0011062801330451733
52.16,-2.6996826444618933,6.026758044109822,0.0009313124616589508
52.18,-2.695541165154999,6.029942748467386,0.0009073281234309727
52.2,-2.6910627677666135,6.033182610959461,0.000836465518373658
52.22,-2.686651484279449,6.036366091240328,0.00099245772512635
52.24,-2.682301013149782,6.039486146232743,0.0008237983889410327
52.26,-2.6777627815011202,6.0428601831994495,0.0011231552407799106
52.28,-2.6732749508500033,6.045958455045531,0.0011218211084405572
52.3,-2.668690883696518,6.04907627747424,0.0007897836972003136
52.32,-2.663976639540842,6.052248471580069,0.000760411595997712
52.34,-2.6593343396939217,6.055477408430181,0.0011649962643092426
52.36,-2.6545506321675143,6.058626475359296,0.0012301751724295706
52.38,-2.6504652608562767,6.061228323273364,0.0009522347461646263
52.4,-2.645837920160277,6.064337764637708,0.0008613162271267349
52.42,-2.6409946399082878,6.0673903875206845,0.0011323940395030763
52.44,-2.636435910161172,6.070365819561335,0.0011992665986415574
52.46,-2.631753848366521,6.073276915773467,0.0009557813235846202
52.48,-2.626993272788636,6.076344997705188,0.001162749226817611
52.5,-2.622312036698722,6.079124726261687,0.0010712304934258343
52.52,-2.617461453841968,6.081981711178682,0.0010674150054461873
52.54,-2.6127094707392517,6.084916200930913,0.0011922313824035968
52.56,-2.6079114333133115,6.087751914310342,0.0013984908810917296
52.58,-2.6032294791809396,6.090382002659853,0.0013014492346337392
52.6,-2.598271461702909,6.093149921278657,0.0008535732774384575
52.62,-2.5933047848872457,6.09597692508559,0.0010681259353844397
52.64,-2.588297896983298,6.09877737565337,0.0013828040040560208
52.66,-2.5832719565474545,6.101508607145895,0.0013551069657948278
52.68,-2.578994750969181,6.10372178727896,0.0010553990369495392
52.7,-2.574203445480449,6.106309701583303,0.0011370382770061194
52.72,-2.5692564316829483,6.108821149802153,0.0013824714484723943
52.74,-2.5643893010946943,6.111304046616533,0.0012592005306205356
52.76,-2.5594116125070197,6.113901802787474,0.0013683858481804423
52.78,-2.5543095592670166,6.116438405593534,0.0014277454362588982
52.8,-2.5494908940214773,6.118723889262456,0.0012294293944274115
52.82,-2.5443465297343058,6.121099867451801,0.0010356572649934392
52.84,-2.5392890102459016,6.1236660475243525,0.0015175961622811984
52.86,-2.534164627899775,6.12599956821284,0.0016273796469960244
52.88,-2.5295080666614123,6.128027970168978,0.001356341034345454
52.9,-2.5244209887409275,6.1303498517496715,0.001015897687582673
52.92,-2.5191964367149793,6.132691893215407,0.0013951532171181669
52.94,-2.5139448101384985,6.135040911850856,0.0014885114995338289
52.96,-2.509156443891821,6.136991387911409,0.001394000500158199
52.98,-2.5041519918558173,6.1391911113918844,0.0014305612941199475
53.0,-2.4988686871284282,6.141376935652451,0.0013258267767699283
53.02,-2.493821762899364,6.143355434199572,0.001306804333441075
53.04,-2.488780390993854,6.145454596509216,0.0011383678297407496
53.06,-2.4835204741313492,6.147734071975189,0.001453051665199212
53.08,-2.4784118845520147,6.14969634451714,0.0014701263744347215
53.1,-2.47310090206854,6.151741111428607,0.0011164745419021405
53.12,-2.4677744539807405,6.153782080223158,0.001080889248170569
53.14,-2.4624918907272604,6.155808177415231,0.0014283603759170094
53.16,-2.457206479533816,6.157783056390999,0.0014842069140223457
53.18,-2.4526510432061817,6.159329885131999,0.0011795769895544261
53.2,-2.4474915070690457,6.161273302444248,0.0011094662665333266
53.22,-2.442070420944284,6.1630885017325125,0.0012900522870454845
53.24,-2.4369317457482413,6.1648493104405615,0.0013275352497408577
53.26,-2.4316143499468654,6.166644180598174,0.001137107738416382
53.28,-2.4262655962885895,6.168505659211723,0.0013289693855593754
53.3,-2.4210651640284118,6.170156981551274,0.0011888486538650656
53.32,-2.4156616768964834,6.17181414751884,0.001073170482475183
53.34,-2.4103030331625255,6.173596016311555,0.001269225205028146
53.36,-2.4049778456696718,6.175243811096848,0.0014953132453027485
53.38,-2.3999206077551953,6.176713588149997,0.00134932659766418
53.4,-2.394643377500178,6.178251521764537,0.0007969778361190671
53.42,-2.389227495938278,6.179873042702032,0.0010560518623397575
53.44,-2.38381011228845,6.1814441886886735,0.0012946559584204598
53.46,-2.3784754534884454,6.182906025752854,0.0012865155205072643
53.48,-2.373665980335543,6.1841856024305315,0.001030960458735769
53.5,-2.3681923733763703,6.185668786563675,0.0010330073526043926
53.52,-2.3629094901364764,6.186919404058805,0.001107880103581288
53.54,-2.357627668791035,6.188289424298095,0.001031490181734429
53.56,-2.3522441370788987,6.189739950274209,0.0012117324294192433
53.58,-2.346773455489351,6.191042471239896,0.0012533129755142036
53.6,-2.3415277892795014,6.192253793653671,0.0009542610066999857
53.62,-2.3360032335675145,6.193442986566127,0.0007144063472513118
53.64,-2.330526281094589,6.19483227044135,0.0011569167950869208
53.66,-2.325127793542054,6.19593264007409,0.0013093055592343084
53.68,-2.320012582501945,6.196951862698023,0.0010382043891501436
53.7,-2.3145176303983233,6.198125659754851,0.0008111125886605397
53.72,-2.308931269039352,6.199224476381892,0.0010892746122457553
53.74,-2.3033296285309937,6.200335560576018,0.0011549233444675677
53.76,-2.298441068185861,6.201205621905275,0.0009668879970826383
53.78,-2.2929617391560586,6.202288392826747,0.001061683519578277
53.8,-2.2875416625346787,6.203171065064012,0.0009665505134004715
53.82,-2.2819856218434835,6.203986730477895,0.0008972623529278079
53.84,-2.276514279384943,6.204912910214846,0.0008175611287863094
53.86,-2.270939026053262,6.205875264462717,0.0011484743626312133
53.88,-2.265614758513062,6.206598871329739,0.0011309844316170214
53.9,-2.260053954316154,6.207367407026382,0.0007485907805081515
53.92,-2.2544847283563407,6.2081724939540255,0.000733848408545873
53.94,-2.2488796443528223,6.20893905248028,0.001100915730177121
53.96,-2.2432914185413266,6.209651645531042,0.001131872325870198
53.98,-2.238348904390491,6.210119031707458,0.0008904638364636841
54.0,-2.233068892624015,6.210801528799223,0.0008669045528157671
54.02,-2.2274473016828114,6.211285796483901,0.0009998651609098574
54.04,-2.2219945891147668,6.211880624010352,0.001005757359044901
54.06,-2.2164099500789565,6.212468287428533,0.0009642719454363013
54.08,-2.2107799640960506,6.213027022307516,0.0011222269321918
54.1,-2.2053992452820688,6.213447491430332,0.0009742604088466555
54.12,-2.1997370132490106,6.2137910671732355,0.0007759589608319906
54.14,-2.1940993379200564,6.21435438640266,0.001162286853968908
54.16,-2.1886126739820138,6.214756003611308,0.0012896881523971337
54.18,-2.1833508196755593,6.215020004505147,0.001156978517181606
54.2,-2.1778155571231594,6.215318406059211,0.0006123102353358667
54.22,-2.1718131501476723,6.215725507025319,0.0009853595797479908
54.24,-2.165528329506457,6.2160791868785,0.0012351771086757668
54.26,-2.1595679209669973,6.216301216818821,0.00103387909670824
54.28,-2.1529797649888183,6.21666838136787,0.0010189980057353776
54.3,-2.146091707758713,6.216892249866541,0.0012592354204717382
54.32,-2.139264603703628,6.217062872985703,0.0014840153303568027
54.34,-2.1329798279243484,6.2172099066328474,0.0009988612596557866
54.36,-2.1258841708349503,6.217533442195714,0.0009735085234150176
54.38,-2.1187439347861914,6.217665490665701,0.0015449517335231755
54.4,-2.112434337900918,6.217813869836906,0.001253314762755392
54.42,-2.105472320847063,6.2181982199795325,0.0011556113889948927
54.44,-2.0982828855039286,6.218413118311815,0.0013832690542073811
54.46,-2.0915875162965474,6.218641649591055,0.001294851975716077
54.48,-2.0851366683177868,6.218996358060987,0.0010483836132861302
54.5,-2.0781928264002816,6.219203124587255,0.001191710672481111
54.52,-2.071335364803746,6.21942837485595,0.0013190088486900453
54.54,-2.0645967389636457,6.219736668080356,0.0010121067070392453
54.56,-2.057693264400594,6.220049679209808,0.0009990372232272227
54.58,-2.050421514261739,6.220227213373598,0.0013457672876773241
54.6,-2.04380186141384,6.220524111175968,0.0011685909126115668
54.62,-2.0371683856563965,6.220870475688905,0.0010746673308564547
54.64,-2.0299566486894314,6.221017144597839,0.0013315955700136106
54.66,-2.0230760831758636,6.221204169371245,0.0013499780060245714
54.68,-2.016318629151978,6.2214622979580545,0.001163660285928042
54.7,-2.009290830618759,6.221640640385676,0.0011997863781906537
54.72,-2.002175476312519,6.2217970247564285,0.0015015425838100505
54.74,-1.9957888187497848,6.221890626682422,0.0010212057407114339
54.76,-1.9889561227675718,6.222155463156723,0.0010571922910853904
54.78,-1.9818299584686832,6.222248728682709,0.0014458231996125614
54.8,-1.9751894981114002,6.222371595035362,0.001312431967156552
54.82,-1.968594531999978,6.222616225071382,0.001144453384228472
54.84,-1.9613969656792654,6.222651240356155,0.001317753669819649
54.86,-1.954452783766153,6.222768530951075,0.0013775631881448314
54.88,-1.947593423125063,6.2229449753041015,0.0011793594669736174
54.9,-1.9405571147383027,6.223101630555611,0.0011018892263602587
54.92,-1.9333831230364165,6.223129630290777,0.0015665826137732652
54.94,-1.927273182895775,6.22313225284504,0.0010925006076510368
54.96,-1.920284167118459,6.2233546786646015,0.0011842737412044169
54.98,-1.9131958925118775,6.223387473392524,0.001553965001192148
55.0,-1.906496140921815,6.223471259072666,0.0014702108424220206
55.02,-1.8995842618210979,6.223709406724248,0.001319101273003831
55.04,-1.8922780572764366,6.223841893987581,0.0012231268314869814
55.06,-1.8852483298880816,6.223901336208019,0.0014693411278808854
55.08,-1.8787770789882718,6.224093835929976,0.00123126479795585
55.1,-1.8719956613136566,6.224280293237995,0.001261792843812115
55.12,-1.8653464979800818,6.224256694257068,0.0015278805618250957
55.14,-1.858724470668271,6.224382322610634,0.001197477573108785
55.16,-1.852019465475724,6.2246605142934355,0.0012543694412061324
55.18,-1.8451678992185967,6.224719339998478,0.0014535889185575968
55.2,-1.8383467622650682,6.224807535537318,0.0014624704550973422
55.22,-1.8319798836287076,6.225005020855065,0.0012225272408503407
55.24,-1.824854214092477,6.225163483986446,0.0011003787384629427
55.26,-1.8178401997419433,6.22519386345886,0.0016610336491394706
55.28,-1.8114840568903456,6.2252916534014355,0.0012214911878965229
55.3,-1.804388008020128,6.225536641705556,0.0011251321580510454
55.32,-1.7972622030759684,6.22561270256283,0.0014600831482070309
55.34,-1.790629078529445,6.225744482852179,0.0012085482515338808
55.36,-1.7843609466950756,6.2259830210218325,0.0011338097423403415
55.38,-1.7773686293526516,6.226078854163895,0.0013575194975945226
55.4,-1.7702505419437853,6.226152849017872,0.0015525195550084858
55.42,-1.7644335750326232,6.226120899465784,0.001047735733209404
55.44,-1.7578245011459916,6.2262353909708334,0.0010134625515729467
55.46,-1.7504221585557662,6.226278887130107,0.001443377168115878
55.48,-1.7439183288612388,6.226157057352417,0.0009777763496683356
55.5,-1.7373201346484288,6.226327744183424,0.0010819244750974455
55.52,-1.7302219563734051,6.226301498447112,0.0014356414966628928
55.54,-1.7235990723273447,6.226185801526545,0.0013600506515283328
55.56,-1.716801700174192,6.226336789595439,0.0010688628198026462
55.58,-1.709593095067725,6.226344850104991,0.0011059780262477337
55.6,-1.7025506008148115,6.226347252925357,0.0012028150891430223
55.62,-1.695871411095697,6.226522640815668,0.0010913842110563676
55.64,-1.689020909637277,6.2266295138450545,0.0011116527582024915
55.66,-1.682321270330424,6.226575581210786,0.0013582755259992918
55.68,-1.675837484978033,6.226672936466653,0.0009019601218254736
55.7,-1.6690097591902469,6.226847309456392,0.0009084406022187297
55.72,-1.6620011104887702,6.226760511966896,0.001327887070915884
55.74,-1.6553820732778695,6.2267680146717,0.0011202913091996614
55.76,-1.648692102596572,6.22689433815361,0.0010417404753962356
55.78,-1.641707346649045,6.2268630757606545,0.0011702667036743442
55.8,-1.6345434347924548,6.226811642349792,0.0015342761378321634
55.82,-1.6284594845650802,6.2267051948585745,0.0008923930909428557
55.84,-1.6214447747754899,6.22687449183954,0.0010899550036258254
55.86,-1.6143019708888788,6.226768002295318,0.0014743817334807452
55.88,-1.6076303913424748,6.226741004650723,0.0013023966323817138
55.9,-1.6015468602374148,6.226813575033234,0.0011187319558689235
55.92,-1.5945768695653102,6.226727193499079,0.0013972890351912348
55.94,-1.5873617098494348,6.2266419982299315,0.0015601679156566906
55.96,-1.5813486520117643,6.226486200823629,0.0011216618601383455
55.98,-1.574685801762968,6.226437423102556,0.0010990341118473912
56.0,-1.5673115746654902,6.226311647297149,0.0016116648426572344
56.02,-1.5610891226136498,6.226019490062024,0.001083292414791076
56.04,-1.5541547755699552,6.226044497752632,0.0011953306097858274
56.06,-1.547033038805948,6.225889556560001,0.001518500622190666
56.08,-1.5401612154014876,6.225779709102113,0.0014196087778189093
56.1,-1.5339599224053793,6.2257835810270885,0.0012901585658889325
56.12,-1.52709738882095,6.225615685053343,0.001332957051649708
56.14,-1.5201492527308893,6.2254020468113485,0.001657008894544676
56.16,-1.513471166867234,6.225302262112403,0.0010522095752011074
56.18,-1.5063131778389596,6.225308928594358,0.0010939804787891416
56.2,-1.4991937810709242,6.225064945032956,0.0015193055587777726
56.22,-1.4922124738714604,6.225006767149892,0.0011686917285476661
56.24,-1.4855052544140137,6.225024785761511,0.0013193467185272367
56.26,-1.4787471953923657,6.224814670394661,0.001535015553796204
56.28,-1.471977902025958,6.224698210747003,0.0014014908872941878
56.3,-1.4654014796530888,6.22471996089695,0.0012923422270920137
56.32,-1.4583098302326292,6.224551133343262,0.001341203220076831
56.34,-1.4512554178272576,6.224354437054615,0.0017634918007226608
56.36,-1.4452333073797305,6.2242280048675,0.00111384617363669
56.38,-1.4383218907239113,6.22422054117595,0.0012165751109847467
56.4,-1.4311584387881275,6.223961711681848,0.0016328469300417592
56.42,-1.4244732362051202,6.223821453402458,0.0013324295876083747
56.44,-1.4181254069196354,6.223807730575106,0.0013385149584374811
56.46,-1.411106317987018,6.223577092889318,0.0015713873813043289
56.48,-1.4043429438737027,6.223302309893239,0.0016813196237620842
56.5,-1.3977444870784541,6.2231777165598725,0.0011759692743601724
56.52,-1.3905308531415501,6.223045205715971,0.0012183930017002353
56.54,-1.383426528788337,6.222747363042628,0.0015832026439306923
56.56,-1.3771478845437706,6.222696540503551,0.0011161314587098126
56.58,-1.370507797773151,6.22262905854711,0.0012288297216492272
56.6,-1.3633200222834703,6.2223225345913535,0.0016895284555491497
56.62,-1.3567798889786604,6.222038738714298,0.001560495194286693
56.64,-1.350041718207653,6.22194600371359,0.0012449183275102804
56.66,-1.3428686576258422,6.221680145916021,0.0013796979121852848
56.68,-1.3357807960884998,6.221442400969888,0.001345616101734115
56.7,-1.3290592686774119,6.22136476572519,0.0013857385917721565
56.72,-1.3222927171187917,6.221206785611048,0.0012572631309093196
56.74,-1.315524263516308,6.220838099500874,0.0016091283859832883
56.76,-1.308990307554352,6.220670078917415,0.0011177716326395137
56.78,-1.3020693835520476,6.22059409972119,0.0012968288742784828
56.8,-1.294944178597601,6.220305110397462,0.0015125181169261814
56.82,-1.288253925067375,6.220139905198276,0.0015335645598219816
56.84,-1.2814511014994652,6.220042514281639,0.0011614558377481543
56.86,-1.2741796271531478,6.219811157405392,0.0012232359899563838
56.88,-1.267153887031157,6.219563989383649,0.001429065978701488
56.9,-1.2602700714375612,6.219455186212119,0.0012508825059464324
56.92,-1.253387754979369,6.2193268402044755,0.0014018149938908875
56.94,-1.246925711215843,6.21906900897715,0.0014129596928489085
56.96,-1.2402156058252638,6.2188768697908285,0.0010715780901189298
56.98,-1.2333570036990165,6.21882922949452,0.0011807707420113112
57.0,-1.2263465642496318,6.218555109073208,0.0014593537699586767
57.02,-1.2194035381019108,6.218340280730719,0.0014403578668180095
57.04,-1.2131155307132064,6.2183157869893,0.001172997951585264
57.06,-1.2060959772416195,6.21815903909453,0.0010613744820986148
57.08,-1.1989572258701466,6.217857421235794,0.001419253579032942
57.1,-1.1928671360292231,6.217730842564345,0.0009368045554601079
57.12,-1.1858945219040151,6.217609179105536,0.001018268073534473
57.14,-1.1788651333515623,6.21730847019442,0.00145168139524679
57.16,-1.172143918551609,6.217110332858786,0.0012674823931909662
57.18,-1.1651617894936892,6.217003958891734,0.0011091231953484215
57.2,-1.1579756546736524,6.216719801116986,0.0012429146917338207
57.22,-1.150952842875832,6.216484286095616,0.0010990932617976346
57.24,-1.1443198234052048,6.216543283924209,0.0011853507786423467
57.26,-1.1376745107814303,6.216380294731547,0.0009766037502367264
57.28,-1.1306136346677844,6.216051830663851,0.001336756829286495
57.3,-1.1241550087366319,6.215936040024495,0.0009057763461274015
57.32,-1.1174674696302958,6.2158074825770955,0.0009608991460925143
57.34,-1.1102743953389262,6.2154226780509925,0.0014217190747039254
57.36,-1.1037121124455056,6.215121424787261,0.0012529455739332396
57.38,-1.09767466544207,6.2149487004993995,0.0009494645428774484
57.4,-1.0905530885801065,6.214563424965945,0.001186302916118237
57.42,-1.0833899472038182,6.214247176979628,0.0012032101533683837
57.44,-1.0767758965092569,6.214020123524417,0.00111943259155034
57.46,-1.070044126209797,6.21369526990795,0.0010389290837978238
57.48,-1.0627888572120494,6.213241606226157,0.0016823373419776189
57.5,-1.0564160673888334,6.2128757867657605,0.001308876489592381
57.52,-1.0495590284213476,6.212647478108136,0.0011366318959628863
57.54,-1.0424237899847613,6.212200398396691,0.0013787272800935835
57.56,-1.0353276861355274,6.211799757963579,0.0010659838588470139
57.58,-1.0285085574159478,6.211625518468499,0.0013356854647102734
57.6,-1.022052328384066,6.211302902558839,0.0011205620773213631
57.62,-1.0152871431743904,6.210796329577912,0.0012888202194576703
57.64,-1.0086471033635738,6.210568070324658,0.0011302428418338006
57.66,-1.00181111133227,6.2102464390270535,0.0009986133904959227
57.68,-0.9947328093433601,6.209743991704433,0.0015905507154365395
57.7,-0.9879127119794774,6.2093586589496645,0.0013119797553652057
57.72,-0.9808963963725703,6.209078652809914,0.0012247233590546303
57.74,-0.973725288803427,6.208571104973459,0.0014111270515211327
57.76,-0.9666819153673339,6.208149986721497,0.0011733881910568345
57.78,-0.9599333391925258,6.208028573492644,0.0012856669950152
57.8,-0.9533948525356938,6.207669885657139,0.0011632386683634865
57.82,-0.9461660943374441,6.207171037138494,0.0013907791326477625
57.84,-0.9395183180727239,6.2068788086201865,0.0010640962117933195
57.86,-0.9326042501890028,6.206517876601469,0.0010450121929342637
57.88,-0.9254931455415087,6.205987132899018,0.0016550453277755506
57.9,-0.919089102606464,6.205671754403712,0.001287899430523376
57.92,-0.9122468000114976,6.205357263417896,0.001381856548970939
57.94,-0.9051204407954759,6.2048305002275805,0.0014517375661864673
57.96,-0.8981224748980458,6.2043596318218395,0.0016292892881618337
57.98,-0.8920545265632549,6.204159335988125,0.0012120857258133833
58.0,-0.8851753115729059,6.203776888053404,0.0011293007165049662
58.02,-0.8779475188614878,6.203198815747124,0.001489294877015379
58.04,-0.8715990681542372,6.2028735800014285,0.0010309595455595677
58.06,-0.8646831838955498,6.2025177157992415,0.0012386306327339391
58.08,-0.8575448394238926,6.201885563230839,0.0016892329037333509
58.1,-0.8508968562598399,6.201486486371264,0.0017127912610582496
58.12,-0.8441010564827766,6.201107270603316,0.001221969272712592
58.14,-0.8369160576577243,6.200572492561172,0.0013338229552780356
58.16,-0.8298649047910756,6.200085129696848,0.0013124365528870696
58.18,-0.823154980784635,6.199784482658635,0.001216863326125972
58.2,-0.8164364778897537,6.199363057931421,0.0011261871436427928
58.22,-0.8093378524589486,6.198803948202771,0.0016354281771586154
58.24,-0.8029645191827222,6.198432938747659,0.0011342586229591278
58.26,-0.7961289410683294,6.198133420256175,0.0012627736252042998
58.28,-0.7890362460350675,6.197545108324038,0.0015615179830959225
58.3,-0.7823706086665779,6.197133137049965,0.0014974388048106524
58.32,-0.7759094492239601,6.196796051832081,0.0012515346889493129
58.34,-0.768927857283165,6.19624651481599,0.001291887696266869
58.36,-0.7617994007060616,6.195685391666273,0.0016168356304749332
58.38,-0.7557399956744056,6.195369975562071,0.0010729531087427246
58.4,-0.7489191038130615,6.19495303287436,0.0011911720386588165
58.42,-0.7417740088017009,6.194320733802386,0.0015778176731719995
58.44,-0.7351939555900366,6.193879444221509,0.0013524311601154915
58.46,-0.7287466975770371,6.193504383873222,0.0012717455171183667
58.48,-0.721767083515024,6.192876416138251,0.0013833327243131521
58.5,-0.7147424811189852,6.192308576906587,0.0014579144731255156
58.52,-0.7085152309522833,6.19197805920439,0.0011956801042255771
58.54,-0.7016318117044821,6.191426914985157,0.0010622749181594116
58.56,-0.694481373347931,6.190737569410536,0.0015473381864357927
58.58,-0.688131918089642,6.1902308225348115,0.0010835514568771354
58.6,-0.6812128107128813,6.189738240128606,0.0011141268360085055
58.62,-0.6741119875534958,6.18903768595293,0.0014159535424004832
58.64,-0.6673271661050388,6.1884698960851745,0.001178187681237064
58.66,-0.6610733403196911,6.188120048853869,0.0012621789784643678
58.68,-0.6542696602146244,6.187450570423047,0.001260614710724195
58.7,-0.6473487534449192,6.186843902299663,0.0014651762986608863
58.72,-0.640759085962228,6.186244698593591,0.0009876699605607386
58.74,-0.6337455038815055,6.185663630979582,0.0009289665258851998
58.76,-0.6266281704198843,6.184877505944107,0.0014088100423261807
58.78,-0.6199446648880045,6.184266998527508,0.00094720890121755
58.8,-0.6133255695704017,6.1837667376678525,0.001385533997272509
58.82,-0.6067138184404882,6.183067090210006,0.0013510288922138625
58.84,-0.5998727499467095,6.18238451573609,0.0014096033658199947
58.86,-0.5933078966643559,6.181784815048583,0.0010467351391245938
58.88,-0.5862624630885642,6.181039962258116,0.0011103241220958016
58.9,-0.5791713107148029,6.180279045091872,0.0010995461300855047
58.92,-0.5726187012892644,6.179888553752491,0.001008459626690772
58.94,-0.5659884061118959,6.17926714038321,0.0008593272797099427
58.96,-0.5588729189667587,6.178433337558859,0.0015962163823463882
58.98,-0.5524892557189649,6.177846965988251,0.001228109030606439
59.0,-0.5458850492116054,6.177225667756141,0.0011222845848024021
59.02,-0.5388651995369781,6.176367353357737,0.001315601424497742
59.04,-0.5317422372673091,6.17555605886726,0.0011931158310426737
59.06,-0.5254278014738764,6.175060940454521,0.001281381392585823
59.08,-0.5188789939127176,6.174358571865669,0.0009891827284472243
59.1,-0.5117695806699236,6.173454321393989,0.0017262145624205583
59.12,-0.5053948651023286,6.172810665487527,0.0013274832414842397
59.14,-0.49881368526643677,6.172146003412158,0.0010997735676741283
59.16,-0.4917406342717934,6.171229559741374,0.0013379166744757198
59.18,-0.4846741334777652,6.170432630359656,0.001036759211728605
59.2,-0.47808530190850923,6.169780040416111,0.0011362738371455128
59.22,-0.47142876898988034,6.168960926069441,0.0013941807651313143
59.24,-0.46458174991436374,6.168119620952808,0.0013369947027401519
59.26,-0.4580850171336533,6.167467956336133,0.001215765671349095
59.28,-0.45113423917169426,6.166599983846084,0.001079280958120321
59.3,-0.44415740309489504,6.165681839670995,0.0016361745569201946
59.32,-0.4374311446526268,6.164833434947872,0.0012484878006304156
59.34,-0.4303548334241843,6.164087950210642,0.0012073649386940832
59.36,-0.42328640781189075,6.16315083893098,0.001403567014012036
59.38,-0.4163364845821542,6.162339205077973,0.0011825201056937795
59.4,-0.4097981014106668,6.161762288940317,0.0012195214004052102
59.42,-0.4031118089721557,6.160928447457314,0.0014668297389157925
59.44,-0.39601291740059136,6.159998683005201,0.0014994693787400981
59.46,-0.38991178279453803,6.1594576805143575,0.0012389546239336413
59.48,-0.38334840515479723,6.158672722424669,0.0010891632077087154
59.5,-0.3760870809702272,6.1575653706174185,0.0016181640607392245
59.52,-0.369805737829227,6.156840663832855,0.001259724312344973
59.54,-0.3631412884262283,6.156060572018826,0.0013223564719970216
59.56,-0.3561384084248014,6.154985356511872,0.0015146766336709139
59.58,-0.34925583630653134,6.154056571140448,0.0014206909852340077
59.6,-0.3429066148137527,6.153369269957042,0.0013960045275004662
59.62,-0.33606436814060714,6.152397597390782,0.0012925688655653356
59.64,-0.32904786551453735,6.1513084284874715,0.0016778302057394445
59.66,-0.3228108773904843,6.1504604048801,0.0010744356473914307
59.68,-0.31595096061174727,6.14958713877024,0.0011651418184467077
59.7,-0.30884391259105837,6.148409423355378,0.0016032278154397839
59.72,-0.30222408956718927,6.147498236497581,0.0012052958918014334
59.74,-0.2956990915440749,6.146706972399725,0.0013714033120781066
59.76,-0.2887559276717556,6.145548221294146,0.0015735377636799386
59.78,-0.28193520895115287,6.144545407838211,0.0017285272003717544
59.8,-0.27532678323682697,6.1435646349539415,0.0012198997728150862
59.82,-0.2683176074824243,6.142533296642512,0.0011051666927502368
59.84,-0.2612577270637633,6.141310864811441,0.0015459051644996225
59.86,-0.25429024881961104,6.140268348701113,0.0012942582597131047
59.88,-0.24755885950470496,6.139262351063516,0.0015797870684996218
59.9,-0.2412865928888118,6.138313330430284,0.0014603716144040713
59.92,-0.23429464014695894,6.137175122148809,0.0012974092085112077
59.94,-0.2279162699580891,6.136312204967662,0.0012273147130372752
59.96,-0.22105393683411012,6.135092975103473,0.0015177091272461918
59.98,-0.21386942412617552,6.133862206733413,0.0015936413613874267
60.0,-0.20795606559349825,6.133124259671557,0.0011668729395288846
60.02,-0.20163144512546902,6.132007657385465,0.0011327257853458728
60.04,-0.19422909367930638,6.130615528164435,0.0014739896742738678
60.06,-0.18789741872514307,6.129612693435717,0.001076259546469338
60.08,-0.18172477821796018,6.12862997281054,0.0011696438237133455
60.1,-0.17480850851626467,6.12720208074218,0.0014846096421380628
60.12,-0.16791952565673302,6.12589708755113,0.0013640970154343846
60.14,-0.16199097870155565,6.124959400138209,0.0011434084182408155
60.16,-0.1554053691057088,6.123563065215421,0.001312465346914815
60.18,-0.14817262163111458,6.122052015932488,0.0014276687425752999
60.2,-0.14198535260728548,6.120934286611889,0.0011642328755284703
60.22,-0.13552426087135944,6.119593666745019,0.0010231652103239453
60.24,-0.12842938575260604,6.1179402594222765,0.0014469469888997999
60.26,-0.12215863355943674,6.116669616739523,0.0011096526411774055
60.28,-0.11594659302002377,6.115437058499772,0.0009942307405439443
60.3,-0.10869165334668227,6.113689297918891,0.001306449023036227
60.32,-0.10189983710366862,6.11218341466933,0.001064825919659368
60.34,-0.09547322976940535,6.110799960216756,0.0011555052313132197
60.36,-0.08881510546112323,6.109166406635526,0.0011936386677568744
60.38,-0.08194207545623466,6.107513134721823,0.0015012835156173188
60.4,-0.07577423411775727,6.106024508570824,0.0009884954089014464
60.42,-0.0689901907168935,6.10444368297078,0.0009806834638247663
60.44,-0.062066668915677914,6.102633358492902,0.001368886303350969
60.46,-0.055980034377895706,6.101214075383895,0.0010175146675352187
60.48,-0.04933402618169656,6.099685710036426,0.001251138259385609
60.5,-0.0424798721311337,6.0979054191968425,0.0012762009562856669
60.52,-0.03577783585574633,6.096226319523559,0.0015177586744784255
60.54,-0.029862501529927914,6.094897675549353,0.0010575213296058206
60.56,-0.023121025502068217,6.093242520049239,0.0009888171739404483
60.58,-0.01620532892379315,6.091378878086284,0.001342199074910927
60.6,-0.009999841747476208,6.089864718255831,0.0009713675681442269
60.62,-0.0031792658603354146,6.0882239276930745,0.0010460063205044168
60.64,0.003715931817316824,6.086329729356093,0.0014177182552350676
60.66,0.009956929715425562,6.084806138613543,0.0012433129376699936
60.68,0.01651527946691183,6.08319890002158,0.0011755580064274351
60.7,0.0234027262657083,6.081397168451717,0.0012157539573522114
60.72,0.030177369357674382,6.079653329415585,0.0012270316746253451
60.74,0.036196553972995184,6.078312063000546,0.0011284434285661893
60.76,0.042747244785591464,6.0766129590809905,0.001027104660135808
60.78,0.04958472776612297,6.074826117776302,0.001473440145396604
60.8,0.055902484526720427,6.073200283274246,0.0009292240702336307
60.82,0.06281343280841346,6.071513052826531,0.0012444861155732345
60.84,0.0697096858954023,6.06963173176655,0.0013835000492833927
60.86,0.07630559364707597,6.067906049504067,0.001233509113473974
60.88,0.0824253139120269,6.066463072161163,0.0013127534814114106
60.9,0.08901850835049302,6.064675241352683,0.0012821271891722275
60.92,0.09579880925692523,6.062843497279504,0.0016768835090631429
60.94,0.10233589120169542,6.06105544713513,0.001149055110467756
60.96,0.10929209536182422,6.059299529635108,0.0011582363908541893
60.98,0.11613290027647147,6.057367592733152,0.0015064843861504473
61.0,0.12290788729626319,6.055540779264458,0.0010385598656211248
61.02,0.1296439215802295,6.0538597474209155,0.0016208210390156463
61.04,0.1355646837376474,6.052396351769304,0.0012806232843970422
61.06,0.14252136893162892,6.050459015931292,0.0013044484547704571
61.08,0.14888382839230752,6.048885988754934,0.0012737699517347267
61.1,0.15551329764114286,6.047011724444641,0.00132841733348682
61.12,0.1625044702177946,6.045054745479103,0.001718611058674352
61.14,0.16838241002187124,6.0434937549820935,0.0010977569777472773
61.16,0.17499607711387605,6.041729971620549,0.0012520989709598473
61.18,0.1818705713754509,6.039698413503531,0.0015699500816047374
61.2,0.18822114355363928,6.037958798715134,0.0012816153561371335
61.22,0.1946396082653701,6.036252339172417,0.001443875591593563
61.24,0.201375158962623,6.034262567364686,0.0014825449641171495
61.26,0.2078668213215352,6.032422218125997,0.001679488745592983
61.28,0.2141905014987437,6.030614536584016,0.0012137554351492608
61.3,0.22106918026624184,6.02864986843148,0.0012011670695164234
61.32,0.22788847834375203,6.0266067282960245,0.0014018632052789637
61.34,0.23435159140798517,6.02484004420209,0.0012916641420505914
61.36,0.24078926123967911,6.023037319203485,0.0012670950517963409
61.38,0.24754034937139863,6.020905812262528,0.0016851038900387583
61.4,0.2541532810182448,6.018915371081366,0.0016556878261803076
61.42,0.26081309766283767,6.017042467482283,0.001276082299846354
61.44,0.26772270059665176,6.014967106501546,0.0014097431424187623
61.46,0.2744920878109487,6.012943110806188,0.0014435767677178912
61.48,0.28085614318673724,6.011205790785443,0.0015086108836933065
61.5,0.28736810661871126,6.009346880386911,0.0014686832766044045
61.52,0.29362073067874517,6.007483140014459,0.0015945787154288404
61.54,0.2999818948089376,6.005620700143075,0.0011371709309832279
61.56,0.3063749760693737,6.0038861224331255,0.0012020483089119904
61.58,0.3131908594466515,6.00174177264777,0.001505112236236117
61.6,0.3195659264771509,5.999862355487349,0.001381071631777725
61.62,0.3261471554256038,5.9979490346151145,0.0013065359274400112
61.64,0.33295446740007806,5.995855366576945,0.0012809889951679032
61.66,0.3397683480674581,5.993768643790944,0.0014635920043650497
61.68,0.34566840085760836,5.992181527692281,0.001190929932672502
61.7,0.3519851247268722,5.990333245281803,0.0010337571038138704
61.72,0.3589365865441905,5.9881127329986725,0.0016282865420148285
61.74,0.3651396442427519,5.986249309287159,0.0014109368286269741
61.76,0.37161290330487634,5.984325747524018,0.0011988392553213267
61.78,0.3783647610209591,5.982159997675636,0.0013252669721501575
61.8,0.3851804616384067,5.980024801946047,0.0011263917525012046
61.82,0.39159694047639865,5.978176238400987,0.0014288757467898483
61.84,0.39778752106964704,5.976335717291607,0.001127758134705642
61.86,0.404315938116644,5.974219756832588,0.001377899164613866
61.88,0.4105505944032458,5.972379440849967,0.0011136043039801924
61.9,0.41702377384047523,5.970410250523024,0.0010994617470503343
61.92,0.4238013503876584,5.9681726734133225,0.001538909343776873
61.94,0.4300135258225175,5.9661893147360185,0.0014300283069383357
61.96,0.4365669913477078,5.964157536178355,0.0011360604972434074
61.98,0.4434328613480534,5.961927832965509,0.001233520311912678
62.0,0.45012483981524476,5.959773482094138,0.0012177120337738545
62.02,0.45650860706879737,5.95787608635769,0.0013369060774679753
62.04,0.46295011463721525,5.955899868719744,0.0012266757143214735
62.06,0.4692685162921383,5.9538537044458035,0.0013550119204492894
62.08,0.4753654062951096,5.951984758291191,0.0009246438444215632
62.1,0.4817733950360082,5.950053539139404,0.000962724983033264
62.12,0.48859186062229987,5.9477635750956175,0.0014366045986606013
62.14,0.49478382329649573,5.945823614123718,0.001287232950002437
62.16,0.5008575910335642,5.943992882170651,0.0010988737987932817
62.18,0.5074441993656135,5.941761671362646,0.0012249629852279509
62.2,0.5140619033613383,5.939590089985095,0.0013685849174798204
62.22,0.5202574553600028,5.9376851053133395,0.0010504844294038362
62.24,0.5268929658244622,5.935549003841699,0.0009046887310203144
62.26,0.5336850624538518,5.933179204099042,0.0014010777049753842
62.28,0.539620224027651,5.93128154726196,0.0008883013744242496
62.3,0.5460766810070636,5.929255274020723,0.001163535981217656
62.32,0.552769937750325,5.926888418539975,0.001390351030209458
62.34,0.5591291219268854,5.924777467585219,0.00137011475394333
62.36,0.5651286892773075,5.922899974332081,0.0011991098809578937
62.38,0.5717121229314425,5.920642825582154,0.0011393762475994385
62.4,0.5784902101470787,5.918282141763587,0.0013989506053200262
62.42,0.5841990706370399,5.9165343005454885,0.0010342157105770189
62.44,0.5903960145284217,5.914439288967538,0.0009570862796514368
62.46,0.5973777153402428,5.911941558794183,0.0014852029225599639
62.48,0.6033108837087334,5.909938721966882,0.0010696558854302596
62.5,0.6096994621776459,5.907777378918727,0.001250817858594877
62.52,0.6163085792275335,5.905326309468019,0.0014516060230037042
62.54,0.6228552497369542,5.902990845220778,0.0015549362230132258
62.56,0.6286863122418219,5.901036069867174,0.001197774365269938
62.58,0.6352490587201554,5.898700348651442,0.0011596768217876086
62.6,0.6419948506556347,5.896190355921165,0.001453354419689662
62.62,0.6478614388205676,5.894209567992751,0.001112165606590082
62.64,0.6543699496776667,5.891906002850371,0.0012038116107764008
62.66,0.6609857277189327,5.88935532398452,0.0016232032244732075
62.68,0.6672484180359469,5.887085912252649,0.001486634432925238
62.7,0.6737911372657068,5.884786483014137,0.0013004867298006817
62.72,0.6805897611468771,5.882227851221882,0.0014066796206713417
62.74,0.6871732198600329,5.879796845208654,0.0014430869754702147
62.76,0.6931383354009019,5.877787566267017,0.0013385201718962292
62.78,0.6995125497382034,5.875532283904037,0.001083370626515201
62.8,0.7061341681635317,5.872924127964586,0.0017760500868956586
62.82,0.7126257350518277,5.870535548240521,0.0015027276679800694
62.84,0.7192872268566441,5.868208413957648,0.001261084740616758
62.86,0.725994465897498,5.865636241656572,0.001555725652258061
62.88,0.7325943752757818,5.863197840863525,0.0011600468950098142
62.9,0.7390944932043856,5.8610583584555656,0.0015932463872531388
62.92,0.7450845990343415,5.85900231180812,0.001294329193005539
62.94,0.7513688844133719,5.856623747065604,0.0013344173519501124
62.96,0.757848886374688,5.854480461845612,0.0013342753672969387
62.98,0.7642288505546463,5.852230743734165,0.0011760707639440482
63.0,0.7705792898484719,5.849833633046226,0.0015879040731325011
63.02,0.7770147917614886,5.847482948937315,0.0011468728064826517
63.04,0.7835453462740051,5.845204564063858,0.0015106057296021547
63.06,0.7896770467918778,5.842964870569384,0.0015303292890493647
63.08,0.7962446781347495,5.840519812120755,0.0014173329215947938
63.1,0.8023640162376977,5.838436951222174,0.0014530363885785769
63.12,0.8088118284472398,5.836101308577187,0.0012137066677936903
63.14,0.8153834504947396,5.833613537865795,0.001743059154236698
63.16,0.8217523297433209,5.831240651601278,0.0013364403385377754
63.18,0.8285038906330291,5.8288782098484875,0.0012077202929525188
63.2,0.8351649818791753,5.8263520997349305,0.0013968003690333353
63.22,0.8418371238927874,5.823967387128449,0.0010713624788494247
63.24,0.8482453919425977,5.821774177330615,0.0012351157219353814
63.26,0.8546551375625089,5.819388193196656,0.0014283816453621312
63.28,0.861459824620356,5.816859802772976,0.0013313384472658785
63.3,0.867557728901528,5.814779097921099,0.0012488609840404508
63.32,0.873842253229368,5.812398672094541,0.0011820024015953834
63.34,0.8805773590899189,5.809847905319273,0.0016167800475180294
63.36,0.8864942261003467,5.807593354372513,0.0010366649766790637
63.38,0.8929709685102931,5.805236959565247,0.0011570401962010257
63.4,0.8996189277926327,5.802621978572401,0.001465580677640077
63.42,0.9061068901309164,5.800133241405224,0.0012568030374940364
63.44,0.9120489499805564,5.798021498975428,0.0014331086452411546
63.46,0.9182732971186713,5.795586353706718,0.0012151907793732097
63.48,0.9247906127131333,5.793045322130186,0.0016759096696375986
63.5,0.9310173186648026,5.790578804996697,0.0012028583849600927
63.52,0.9376657284657527,5.78809747941874,0.0009894763121618688
63.54,0.9442312692855587,5.785431957786926,0.0012416058129423313
63.56,0.9508691154905846,5.782925490999565,0.0009253709297765422
63.58,0.9571880752008356,5.7806150439935005,0.0011382399512415986
63.6,0.9636437587110068,5.778034534766894,0.0012889873080145497
63.62,0.9702740323271696,5.775417714679818,0.0010362075645929392
63.64,0.9764267002620559,5.773137087475457,0.0010972164386805205
63.66,0.9828685790367927,5.770523293298167,0.0012347856768996635
63.68,0.9893946855377043,5.767916186733142,0.0014459422116409049
63.7,0.9952355496700885,5.765683065508533,0.001044757591598
63.72,1.0015874176979234,5.7631674603349206,0.0009797624172188102
63.74,1.0082086318064507,5.76031814746797,0.0014062710613811369
63.76,1.014304359788782,5.757866866419609,0.0010280926307520977
63.78,1.020402374824332,5.7555463800964874,0.0010582624474164137
63.8,1.0269533066783312,5.752717829343669,0.0014372866585219968
63.82,1.0332924402631058,5.750097117984605,0.0015700569035884404
63.84,1.0395436080238099,5.74756136838123,0.0010188092038012908
63.86,1.0461114653787809,5.744797546527455,0.0010528054050993885
63.88,1.0526433745844455,5.741998253264948,0.001197537906580809
63.9,1.0590653609775047,5.739469522160477,0.0011566181105998052
63.92,1.0652822372999284,5.736923211000976,0.001208078486460873
63.94,1.071173315378532,5.734359005517961,0.0012942997936725709
63.96,1.0774561898467148,5.731731415108492,0.0009966975280183699
63.98,1.083824916591776,5.729170010376406,0.0012601132603385634
64.0,1.0899234885660345,5.726558367491015,0.0013329111034951213
64.02,1.0963238157805426,5.723803705285505,0.001270538548827499
64.04,1.1021113083063332,5.721508098777192,0.0012275788550386857
64.06,1.1083418108360106,5.718835221793399,0.0010943643481723664
64.08,1.1150690682545863,5.7158930328874975,0.0015129670857641497
64.1,1.1205703822139266,5.713627142047747,0.0009905632346396687
64.12,1.1267995990655744,5.711041337632683,0.0012809593170387268
64.14,1.133269997005457,5.708117525871056,0.0014934394877855195
64.16,1.1393821834289375,5.705468784105626,0.0014319111158335451
64.18,1.145440220845363,5.702803280161027,0.0012595980862544764
64.2,1.1519107664635293,5.699880797287532,0.0013246073711110085
64.22,1.1584511877797574,5.696949625104968,0.00146419898488237
64.24,1.1643516207833877,5.694486150320497,0.0013710175884818487
64.26,1.170470131854989,5.691824021333953,0.001288028688315429
64.28,1.1767773588242563,5.688947384375274,0.0016884264315705222
64.3,1.182814408835096,5.686262697864492,0.001379501355919549
64.32,1.1888921650494526,5.683646094768262,0.0013087144043088805
64.34,1.195318468159705,5.680652384583253,0.001518368646030166
64.36,1.2017428901864189,5.677729521708335,0.0014604917311192012
64.38,1.2074566350070446,5.675309428988427,0.001383965109638008
64.4,1.2135558444029118,5.672476071131581,0.0013326660375641286
64.42,1.2200004595063687,5.669462043127257,0.0017987097747190761
64.44,1.2257040195883928,5.666823991975882,0.00117173333042081
64.46,1.2321699484952031,5.663939799784736,0.0012584601720431743
64.48,1.2386091199911273,5.660805765868986,0.0016128614956438247
64.5,1.244584431769927,5.658040943504556,0.0013418171149179592
64.52,1.2503969687162748,5.655498454563878,0.0012967551488928253
64.54,1.256722227633555,5.652405668799824,0.0015608550333740812
64.56,1.262813522359571,5.649559311920448,0.001681418879162927
64.58,1.2689490058719433,5.646693371541827,0.0012825397527253535
64.6,1.2754931552122433,5.643635075556302,0.0012072419690043468
64.62,1.2818669418754438,5.640480083990824,0.001501808957236478
64.64,1.2879071153930377,5.637729578498344,0.0013535094678732151
64.66,1.2940959625845496,5.634873556347114,0.0014268930117781464
64.68,1.2999056323970068,5.632108242959445,0.0015822151361533643
64.7,1.3060919735318703,5.6291498143237915,0.0013146407600821142
64.72,1.3120651915319954,5.626472946161139,0.001420036032040689
64.74,1.318239834514144,5.62352106808861,0.0014603240437614518
64.76,1.3246572277235937,5.620414762351886,0.0015581512773896466
64.78,1.3301884823774341,5.617958370606797,0.001250449577433338
64.8,1.3362380242126182,5.61507108970752,0.001110041345314644
64.82,1.3427339866024832,5.611879473042812,0.0015123033483965265
64.84,1.3484932705350894,5.609051591203662,0.0011001858771154949
64.86,1.3547761978148694,5.6060959107777935,0.00117972827633403
64.88,1.3611594375716813,5.602889522780728,0.0015924157878363654
64.9,1.3671021550775504,5.600012516370148,0.0015339137784414203
64.92,1.3727988618078304,5.5973621774603135,0.0012981212577568846
64.94,1.3790960795721008,5.594282308123219,0.001220891332004398
64.96,1.3854769503145685,5.591109226289457,0.0015443461635833433
64.98,1.3910056799737134,5.588500779489641,0.0011288043008519932
65.0,1.3972069065878983,5.5855622032472665,0.0010721587698548363
65.02,1.4036284794461753,5.582297610011985,0.0015042282463803291
65.04,1.4092816463963855,5.579548411770536,0.0011684702371279332
65.06,1.4154462526452498,5.576579810938427,0.0012523539371440684
65.08,1.4217705875718656,5.573367961585286,0.0013730293595384802
65.1,1.4277684989751915,5.570377019055047,0.0014186459117912775
65.12,1.4338250372125356,5.567405333248787,0.0011623625492510614
65.14,1.4403205582922027,5.564185574602654,0.0010797366969526323
65.16,1.4466021480631428,5.560999793684556,0.001338934936053554
65.18,1.4521386820618336,5.558388232981812,0.001117793938206435
65.2,1.4581560867852446,5.555479516999853,0.001007986398975258
65.22,1.464453857400987,5.552239578571281,0.001518616065199846
65.24,1.4705619902484517,5.5491567223860585,0.0013985134790934495
65.26,1.476860428334042,5.546125082903808,0.0011359660444949515
65.28,1.4833029391688979,5.542855563803345,0.0012148094767834294
65.3,1.489555358300456,5.539678359129259,0.0011100125736015487
65.32,1.4957822792479536,5.536713904386936,0.0013317024476648676
65.34,1.5016377339361806,5.533912709332534,0.001156713177378338
65.36,1.5077621279684603,5.530818783057711,0.0013595783448256404
65.38,1.513791183174697,5.5278797226900105,0.0010068505489211066
65.4,1.5197994839577476,5.524967455815695,0.0010303230830435717
65.42,1.5261451306865916,5.521619547511981,0.001393273174326165
65.44,1.5319363540599422,5.518739930968596,0.0012091936590748753
65.46,1.5380069496527675,5.5157426112171875,0.0011671690816598412
65.48,1.5443008279351664,5.5124637592270895,0.0011937091315100679
65.5,1.550428584138896,5.509335306769097,0.0013108760811568754
65.52,1.556104146522527,5.50657806529485,0.0012003685366143435
65.54,1.5623087017903612,5.503477049116946,0.0009747433506309411
65.56,1.5684754451003442,5.500227054116625,0.001508703937696032
65.58,1.574127091098284,5.497370440031637,0.0010479903073117025
65.6,1.5799671273841809,5.494562642989792,0.0010901439992949402
65.62,1.586285120770686,5.491231605049192,0.0014423400730346203
65.64,1.5920945325290132,5.488275860058757,0.001345991266342772
65.66,1.5981096049664092,5.48527589616707,0.0012587489790696071
65.68,1.6044123525037564,5.4819794315969625,0.0011919621344258224
65.7,1.61072822549803,5.478654233725219,0.001471096840546221
65.72,1.6162584068733288,5.475901926983098,0.0012221064572512375
65.74,1.6221590884445285,5.472903109282263,0.001159757238736292
65.76,1.628460561061576,5.469516819181688,0.0016209358677831687
65.78,1.634443922779412,5.46634683312901,0.0014849120959660733
65.8,1.6406176015570215,5.463181504204659,0.001248039538800566
65.82,1.6469317382305397,5.459778185394689,0.001337608299560783
65.84,1.653197833608133,5.456493266122432,0.0011113309349238265
65.86,1.6592957985893837,5.453454286611804,0.001311658128189258
65.88,1.6649736432122613,5.450461257208161,0.0012202733933814602
65.9,1.671076758957317,5.44715943283426,0.0013512032206803304
65.92,1.6771530173442097,5.444088234251068,0.0013994792018800495
65.94,1.683259637718096,5.44091622472101,0.001383837533847715
65.96,1.6890103534782759,5.4378266394435615,0.0014879752478397512
65.98,1.6948543595657903,5.434723400925972,0.0011248258195497574
66.0,1.7007909380089077,5.431732635190682,0.001346751100199245
66.02,1.7068582261770122,5.42847484273837,0.001609638064178659
66.04,1.7131473768006196,5.425076501442859,0.0017548306051255735
66.06,1.7185037731187172,5.422337161216141,0.0012585955402657223
66.08,1.7246787259261516,5.41914101955316,0.0012062132259806624
66.1,1.7309788765226657,5.415647958160245,0.0015773120901025062
66.12,1.736449867773825,5.412750812794886,0.0010995309230071304
66.14,1.7422212559156225,5.40979830723825,0.0011311589415626822
66.16,1.7486271573198302,5.406193788190835,0.0014571445330926192
66.18,1.7543477693522402,5.403094026455432,0.001142101433162207
66.2,1.7604642796262406,5.399877769470995,0.0013987984926231711
66.22,1.7666141326908362,5.39639160990047,0.0014374641186553905
66.24,1.7725506166556537,5.393112846192568,0.0017356661320057365
66.26,1.7781939012529588,5.389929543248228,0.0012163794943706174
66.28,1.7846004676588016,5.386517275846653,0.0011621586835942055
66.3,1.7907760905573147,5.383012120891655,0.0014542107795967874
66.32,1.7964430671216347,5.379988216173591,0.0011560030821312628
66.34,1.802406103309461,5.376808445361156,0.0011577270064145606
66.36,1.808513733287934,5.373286939649557,0.001526597199202534
66.38,1.8143783686499146,5.370033067263847,0.0013476482941900125
66.4,1.8204663461468762,5.366723644148261,0.0014232834501010094
66.42,1.8267660507961598,5.36322321083174,0.0012353653175556367
66.44,1.8329363397236442,5.35975955796128,0.0015974259300915727
66.46,1.8382858682597498,5.3568897257605474,0.0011656220431823794
66.48,1.8444440545400984,5.353577194012325,0.00124832651578774
66.5,1.8505450776159824,5.3501629874827765,0.0016885329823290995
66.52,1.8565135193054916,5.346859524648676,0.0015236408313572813
66.54,1.8619610375911702,5.344040833135271,0.0012126756366888924
66.56,1.8680600487858188,5.340595189044355,0.0014004014423315836
66.58,1.8740924619256702,5.337252765066092,0.001455780931741868
66.6,1.8798327368769776,5.334157552780602,0.0012909489269029017
66.62,1.8859972600093267,5.330769446534992,0.0010439767946568979
66.64,1.8920956174927008,5.327276777032786,0.0015790611857704473
66.66,1.897962599981619,5.323994831095335,0.001169639364321573
66.68,1.9043338239288639,5.320583549250001,0.0011705186220414832
66.7,1.9105475006278076,5.317051963203314,0.0013926195162771993
66.72,1.9164697978994756,5.313767061074558,0.001154751022969358
66.74,1.9222701177342825,5.310714448802439,0.0014140105268169167
66.76,1.927944520470634,5.307596263636111,0.0011784063243556464
66.78,1.9340290652513548,5.304134972408753,0.0013036069981360865
66.8,1.9397417383757634,5.301088838973624,0.001224329070733443
66.82,1.9457141481665654,5.297826407920318,0.000922270425886329
66.84,1.9518791690498525,5.294278800591142,0.0015781971192493915
66.86,1.957770850066512,5.290924887357693,0.0013422115907323617
66.88,1.9639590979291446,5.287600863670953,0.0011088144548971335
66.9,1.9701893088807343,5.284051655540009,0.001245400050598089
66.92,1.976272401493198,5.28066814072646,0.000990223334254331
66.94,1.982352758932338,5.277447376077454,0.001446471603030658
66.96,1.9879430212080982,5.2744609269846805,0.0010456966453886163
66.98,1.9937512663940544,5.271135339879278,0.001228125557338644
67.0,1.999663105491622,5.267956658085275,0.001287752003485354
67.02,2.0057798376400617,5.264626238986162,0.0012327435101323336
67.04,2.011563514543065,5.2613220493800545,0.0014592552381648416
67.06,2.017458960407056,5.258033884535254,0.0011633235073564008
67.08,2.023171351311713,5.255022499372998,0.0011903542601486572
67.1,2.0292629003157074,5.25150601532104,0.001313505098578166
67.12,2.0351735118041168,5.248207079456814,0.0013943157862965905
67.14,2.041153925365326,5.244940190586444,0.0011238231635502527
67.16,2.0474617892932314,5.241386180228213,0.0010715313024164674
67.18,2.053577450336086,5.237921548375055,0.0013158397411344724
67.2,2.058957649908373,5.235053765282548,0.0011322444621610916
67.22,2.064657498069672,5.231966647347454,0.0009915072754940746
67.24,2.070356890009204,5.228657119172184,0.0014416373280294048
67.26,2.0754059599388492,5.2258222046508624,0.0011946804688980628
67.28,2.080696761934235,5.2229388109658945,0.001337038014703501
67.3,2.0861587722465074,5.219838767286746,0.0010938387214214362
67.32,2.090704693931028,5.217104344123212,0.0011704314387557813
67.34,2.095134916511959,5.21461412827527,0.0010223143219769693
67.36,2.100077284422011,5.211840085447249,0.0012643379939549504
67.38,2.1046106723466194,5.209052980958874,0.001289515358773058
67.4,2.109395103793351,5.2061435908642695,0.0008481142283930099
67.42,2.1143157616832484,5.203199137854874,0.0009311795035978621
67.44,2.1192040210714658,5.20020806591825,0.0012803871482787166
67.46,2.124063744832123,5.1971701147515486,0.001288561740375338
67.48,2.1281761189043045,5.194601688470898,0.0009559694800773677
67.5,2.132959469228201,5.191677342897894,0.001027120883738103
67.52,2.1376383194626083,5.188546077867741,0.0012335771411483842
67.54,2.1422855385765587,5.185555271051415,0.0011674375497127132
67.56,2.1469880273471733,5.182500830565821,0.0011753094439757583
67.58,2.15171123622921,5.179326168607944,0.0012783141246562324
67.6,2.156135036177596,5.176291032255925,0.0010946797862994295
67.62,2.16079995150191,5.172960277099261,0.0009336188301869719
67.64,2.165530805373284,5.16980968163372,0.0013786394005677327
67.66,2.170116742170436,5.166573010031147,0.0014971966732463815
67.68,2.1744545628808427,5.163393484687167,0.0014194442840743948
67.7,2.1788123181716026,5.160239918253092,0.0007744240938594993
67.72,2.183553760763177,5.156808627373592,0.0011620683479919847
67.74,2.188135093058098,5.153473832574391,0.001306668325156718
67.76,2.1924492506064777,5.150251409173435,0.0012212012299721853
67.78,2.196807774371029,5.147054744268981,0.0011766921079331971
67.8,2.201354161095552,5.14355614116363,0.0011173030517133975
67.82,2.205655936071813,5.140124280319758,0.0011605182585182894
67.84,2.210068951684179,5.1367127303968365,0.0010014642426899034
67.86,2.2145450547891596,5.133308890204685,0.0012863489461788502
67.88,2.218829864545606,5.12983831884242,0.001339233296377751
67.9,2.2230569900808295,5.126366430730491,0.000997005553677377
67.92,2.2274108734609577,5.122702696939697,0.0008424978811079065
67.94,2.2317864216131946,5.119130941567449,0.0012764250622334106
67.96,2.236097055571661,5.115477686813709,0.0013390508609557317
67.98,2.23981103048914,5.112275650692678,0.0010914661633937839
68.0,2.243956075215135,5.108795032369508,0.0009928526022750517
68.02,2.2482296894577063,5.104985554124099,0.0012119841147995025
68.04,2.2523405265490704,5.101374959122341,0.0012219148574025562
68.06,2.256484698049161,5.097623681777175,0.0010012632706432045
68.08,2.260752940876117,5.093896784422501,0.0012042884334466097
68.1,2.2647189427148033,5.090185624711712,0.0011007553750225496
68.12,2.2687889579988494,5.086259241026021,0.0009975530443717684
68.14,2.2729343707395313,5.082489426708696,0.00112445801303368
68.16,2.2769509506205274,5.078678573339244,0.0013636818156936847
68.18,2.280786283667074,5.074906036678654,0.0012807104505121458
68.2,2.2847501696307315,5.0710407385675955,0.0008160721353095701
68.22,2.2887860721118507,5.067102723842098,0.0009493401610036201
68.24,2.2927890723327837,5.063151922708931,0.001251741275078544
68.26,2.2967455168599504,5.059150728273545,0.0012432165354330782
68.28,2.300071243790868,5.055700776475887,0.0008880804887729243
68.3,2.304098789952982,5.051738190299609,0.0010308205921335245
68.32,2.3078373999369792,5.047715381974507,0.001202097407196706
68.34,2.311563491744689,5.043826237331399,0.0011579909035690228
68.36,2.3152937480417974,5.039948387850366,0.0011204610017217231
68.38,2.3191118250025564,5.035813341296572,0.0012595460775318978
68.4,2.32264127468758,5.031925811252284,0.0010693804881434232
68.42,2.326230783075453,5.027852014870095,0.0008371006866740027
68.44,2.3301070441419602,5.023737969290868,0.0012417464190714045
68.46,2.333769261919002,5.019542351379407,0.0013945774306835246
68.48,2.3371939618168462,5.015596262895296,0.0011865910844500172
68.5,2.340857579626937,5.0113646953361215,0.0008620510884946586
68.52,2.3445615798100783,5.007044327298183,0.001183630701755728
68.54,2.3482432888683125,5.0026618399088045,0.0012960620150901103
68.56,2.3516415054654343,4.998795398091963,0.0012184332561251676
68.58,2.355078238769009,4.9947481037197825,0.0011577713680664958
68.6,2.358592319963415,4.99036198020512,0.0011122975445092553
68.62,2.361899407987415,4.986102646723402,0.0011179205664216263
68.64,2.365312335761175,4.98177354409493,0.0009612546819035839
68.66,2.3688286187850593,4.977448516332148,0.0012966941302900437
68.68,2.372101297116122,4.973114028394328,0.0013333181612609768
68.7,2.3753958596293425,4.968681210491951,0.0009999882949203731
68.72,2.378758810231521,4.964150285360147,0.0008736462266567824
68.74,2.3821376841856137,4.959634967039537,0.001277592701239505
68.76,2.385461369204068,4.955087709919572,0.001357781523441376
68.78,2.38844383565326,4.95087724485154,0.0011945505127998468
68.8,2.391452501625938,4.946755934720105,0.0011338173065837676
68.82,2.394617720868633,4.942173603817228,0.0012790083987595235
68.84,2.397609496078817,4.937849607481538,0.0012667722944628423
68.86,2.4007425621562004,4.933331930147458,0.0010709764050001735
68.88,2.403980874223809,4.9286796122924414,0.0012910077598785319
68.9,2.4069555972123786,4.924200999177395,0.0012019518100776783
68.92,2.410028470838312,4.919454289633007,0.0010279674915007198
68.94,2.4132459402755373,4.914761389851387,0.0013003407363877673
68.96,2.4163018384969193,4.910159623492516,0.001453878068243486
68.98,2.419034542443098,4.905714338030915,0.0013933657323263737
69.0,2.4219617227463908,4.90103462856612,0.0008816965257620324
69.02,2.4250277408613647,4.896222225375174,0.0010852120477556904
69.04,2.428081453619324,4.891350912874601,0.0013476489030192773
69.06,2.4308903902049197,4.886691624474021,0.0013745296409617969
69.08,2.4336287410535724,4.882181933982848,0.0011171592645450867
69.1,2.4365798737095528,4.877268607031784,0.0011942349314965628
69.12,2.439313095361468,4.872434666328574,0.0011904303019956985
69.14,2.442115622412776,4.867602400966629,0.0011541847053559984
69.16,2.444932468621414,4.862811050338609,0.0013084941683199625
69.18,2.447707632308576,4.857835552492967,0.001366680927559344
69.2,2.450224173888407,4.853170794510152,0.0011412777814107933
69.22,2.4528859133967735,4.84812839291845,0.0008150493765615996
69.24,2.4557150984634415,4.8431272156104725,0.0012206387736317381
69.26,2.4583993442346648,4.83806275757793,0.001391204663209189
69.28,2.4607086627505925,4.833506568790567,0.001202793853452927
69.3,2.4632956887213164,4.82858145730197,0.0009567073306751273
69.32,2.4658682420034777,4.823431302776889,0.0011505410961232254
69.34,2.4684135864718058,4.818368309944715,0.001326750890651457
69.36,2.4707641547612527,4.813520429937335,0.0010986595055866022
69.38,2.4732967149247145,4.808484836746949,0.001245914869748288
69.4,2.475709259197922,4.803319189729436,0.0011650148898357526
69.42,2.477966022927633,4.798375951021545,0.0010105462029366408
69.44,2.4803425572976514,4.7933121340175715,0.0008935161477461873
69.46,2.4827361844338416,4.788279390731068,0.0012558632828323923
69.48,2.4850127336920482,4.783132117315588,0.0012764951337284336
69.5,2.4872665259740168,4.77790469143197,0.000912748295796989
69.52,2.489542739453359,4.772678973349703,0.00078395439458806
69.54,2.4918146960424723,4.7674323665941865,0.001178751287007923
69.56,2.494025354229397,4.762149697043025,0.0012179279994569692
69.58,2.495922317153822,4.757331486913708,0.001004348371700825
69.6,2.4978894861649352,4.7525449481548945,0.0009334949736566622
69.62,2.4998615891789733,4.747367207470031,0.0010194107697231447
69.64,2.5019285005206284,4.742125380052101,0.001068953737947076
69.66,2.5038848145122663,4.737081816543066,0.0009602041851287935
69.68,2.5059065097695448,4.731784397057165,0.0011563146044469563
69.7,2.5077985490898325,4.726563450650304,0.0010100579921338004
69.72,2.5096402343035424,4.721175025097123,0.0007372095084678676
69.74,2.511660686577705,4.7158571122316,0.0010527719492151866
69.76,2.5135279028362243,4.710494694103117,0.0012134460496667776
69.78,2.5151411418825225,4.705544366874596,0.0010933790754203698
69.8,2.51684854209684,4.700236580405243,0.0005940960387875727
69.82,2.518687251173532,4.694851740965024,0.0008562004388647793
69.84,2.520401650554964,4.689374368669945,0.0010700617452834849
69.86,2.5220722927141326,4.684324491922834,0.0010158716088906339
69.88,2.523757561656458,4.679048053943647,0.000948536353910262
69.9,2.5253955732951803,4.673617401031716,0.0009232140701687097
69.92,2.526854069878397,4.668354693993148,0.0008767792389276219
69.94,2.5283202943564422,4.663180892412553,0.0007883259670259934
69.96,2.5299553478152004,4.657812836846764,0.0010968194615491589
69.98,2.531409535215163,4.652414243439877,0.0011775414107298432
70.0,2.5326661418791745,4.647308853454933,0.0008576721806756726
70.02,2.5339990045338094,4.641847848203309,0.0004547314058029328
70.04,2.535499657183444,4.636371622010379,0.0009846588197345851
70.06,2.5368849802179616,4.630924242183686,0.001135500341541612
70.08,2.538085730228464,4.625765581381598,0.001057178636031747
70.1,2.5392659950091687,4.620911510163666,0.0008536232694666968
70.12,2.540524645473324,4.615343078932869,0.0008973579214383853
70.14,2.541710937491819,4.610061793864115,0.0010108485305146686
70.16,2.542933881685817,4.604597960914791,0.0008777274898841003
70.18,2.544252421486933,4.599099402349242,0.0010658777455386237
70.2,2.5453409018254294,4.593682258707565,0.0010213045378613117
70.22,2.5463872825461467,4.588186809850248,0.0007977851434059213
70.24,2.547531675224278,4.582620508875145,0.0008700502032697732
70.26,2.548627299955322,4.577217595943176,0.0012254390078807464
70.28,2.549585044179359,4.571938156633737,0.0011947650350201122
70.3,2.550545843385537,4.566441180844276,0.000831338351854477
70.32,2.5515800142946428,4.560907048871022,0.000786029686977302
70.34,2.5525109740314647,4.5552800647803116,0.0011683429023661984
70.36,2.5534417608210402,4.549728848169059,0.0012154031878214011
70.38,2.5540714324861185,4.544893290198603,0.0009143205366169138
70.4,2.5550376822386425,4.539344678188657,0.001082396876666336
70.42,2.5556127836575624,4.5339972370962585,0.0010312741753905064
70.44,2.556412597947678,4.528528357928134,0.0010678635877578446
70.46,2.557132241015891,4.523201378627788,0.0011617149510727842
70.48,2.557873953159738,4.5175795872452555,0.0013169237786520849
70.5,2.5584697909479153,4.512232910403881,0.001175604278464748
70.52,2.559057073866168,4.506572426955867,0.0008155740512424403
70.54,2.5597970043542504,4.500964335867947,0.001228630967639116
70.56,2.5603922260995664,4.495333189485295,0.0014045074330059637
70.58,2.560830470599834,4.4901186387069885,0.0013991214819299713
70.6,2.5611961259666893,4.484986276116756,0.0008663925002978523
70.62,2.56179153233387,4.479263197102857,0.0011099789827409556
70.64,2.5622467830315308,4.47357784341929,0.001392214785835677
70.66,2.5626434362124604,4.4682242666640475,0.0013233757167811222
70.68,2.5630668608238154,4.46265659068995,0.0013399814360984252
70.7,2.5634257953684827,4.457021127187262,0.0013144865883520374
70.72,2.5636284898505513,4.45163512395707,0.0011445953747844517
70.74,2.5638855300729366,4.446043463113085,0.0011454149454772078
70.76,2.564258346026366,4.440511818886799,0.001430990948552785
70.78,2.5644098846537866,4.434979352654001,0.0015118612676832677
70.8,2.564554069580345,4.429332835317702,0.0012617882344427012
70.82,2.564686755251371,4.423710032459184,0.0008753382765599727
70.84,2.564845315941358,4.417982838862593,0.0013842386480100166
70.86,2.5649444984508585,4.4122738532384975,0.001520538656357151
70.88,2.564938912701867,4.406810656685327,0.0014240942742501927
70.9,2.5648934905850402,4.402046372067087,0.0012025181095166038
70.92,2.5647605181134927,4.396258303215836,0.0012811944719587076
70.94,2.5646622421910545,4.390296248845324,0.001396877357229126
70.96,2.564605783414821,4.3839240111067985,0.0012748766770928621
70.98,2.5645920680331074,4.37735155088694,0.0013849066968777413
71.0,2.5642289832329053,4.3708911776590655,0.0013386933983989546
71.02,2.5640577245819833,4.363951056073946,0.0012701528057589562
71.04,2.5640646653073675,4.356973297668631,0.0017244030790424802
71.06,2.5639717864071754,4.350294929781444,0.0014435296781129814
71.08,2.5637018693127906,4.343895755109284,0.0015605449852685582
71.1,2.563667130591461,4.336944113686794,0.0014620785559576743
71.12,2.5636743068456895,4.330082991350968,0.0017820180814603348
71.14,2.563600145608628,4.323505375601842,0.0012666091952036607
71.16,2.563398832305135,4.316204051000579,0.001264046636085453
71.18,2.563398133943382,4.309106423824645,0.001571353005003412
71.2,2.563261977050413,4.302554928807872,0.0012388202423933015
71.22,2.563075840738892,4.29573032268197,0.0015421053823480024
71.24,2.5630730077453183,4.289073673088361,0.0015213415762784788
71.26,2.5630054844521206,4.282157403224778,0.0014756658011039758
71.28,2.5627848885259206,4.275817219647867,0.001363888449332079
71.3,2.56272255283378,4.268992686830432,0.0012326954870316986
71.32,2.5626810021081425,4.261953233741075,0.0015678675799841446
71.34,2.562545801054805,4.255698852008001,0.0011190714786289968
71.36,2.562387006239936,4.248930511168451,0.0010238497066263896
71.38,2.562411286079699,4.241715515834892,0.0015113994598096037
71.4,2.562526647452535,4.2353661429384974,0.0012053058970719344
71.42,2.5624266215022744,4.229119457109324,0.0009617115665795095
71.44,2.5624815017255527,4.221916139529585,0.0011987287285132042
71.46,2.562499831936168,4.215068931565511,0.0010989457539792025
71.48,2.562382961423544,4.20837417330334,0.001150518926683497
71.5,2.5624340766635227,4.20154218357322,0.001093687346559069
71.52,2.5624730276210683,4.194450935183309,0.0014397147039763303
71.54,2.562475219241808,4.188250144578445,0.0009289384809435808
71.56,2.5623292747030937,4.181236173899434,0.0011364169441212268
71.58,2.5623793373460577,4.17412642809293,0.0012267719194872517
71.6,2.562391661542139,4.167560597363165,0.001057614995938816
71.62,2.5622326780994595,4.160566971710106,0.0011071037515884008
71.64,2.5622690543472304,4.153364667929591,0.0010611237413952201
71.66,2.5622559734045454,4.1465897899095685,0.0011702578166120081
71.68,2.562095247111381,4.140257472133013,0.001019499639860394
71.7,2.5620079301653416,4.1332358827773765,0.0007265201578244007
71.72,2.5621085861685633,4.126257015553816,0.001356773985855264
71.74,2.562059890379047,4.119550180622526,0.001003611234918128
71.76,2.56186256227658,4.112430137789724,0.0010235885016256219
71.78,2.561891426890141,4.1052510205266,0.001148338855940234
71.8,2.561833798961641,4.098507375475749,0.0009955566149837392
71.82,2.561658152235746,4.091976972605169,0.001232413100321239
71.84,2.5616535795771846,4.08546520968456,0.0009988040785125218
71.86,2.5616735997131457,4.078626916684677,0.0012916655450799508
71.88,2.561525930582192,4.072047342405816,0.001114418574937992
71.9,2.5614144691764698,4.065153060660797,0.001169412666874814
71.92,2.561507283623941,4.05857859653084,0.001211485219780678
71.94,2.561471818940466,4.051775073664489,0.0008481869899908123
71.96,2.5613065334177354,4.0449114559912,0.001199859618654875
71.98,2.561350667186625,4.038152407054358,0.0013315858433048944
72.0,2.5613412016104777,4.03119587813257,0.0013279789691904575
72.02,2.5611724357104424,4.02499032528233,0.0011526017467357874
72.04,2.561134532352037,4.018123311195931,0.00104116480365124
72.06,2.5612045648107093,4.011107769616831,0.0014966928141726121
72.08,2.5612377629928993,4.004656810342742,0.0009560381733693668
72.1,2.5610705288598656,3.9975979613727373,0.0011117629111254967
72.12,2.5611328499374,3.990464884146736,0.0013873164084331202
72.14,2.561144833966245,3.9839651128025206,0.0010096455219886225
72.16,2.5610007576897327,3.9774611399430957,0.0012157166089666327
72.18,2.5610634767736675,3.970396646333806,0.0013894246303591817
72.2,2.561190435870619,3.9637200370946544,0.001407049181772535
72.22,2.561116638201709,3.957005856328831,0.0013898582400540815
72.24,2.561051778774263,3.949821140140633,0.0012059578270910976
72.26,2.5611348889673917,3.942919086351651,0.0016683656791675328
72.28,2.561055957239997,3.9365720928807746,0.001160964315320312
72.3,2.5609025095272377,3.9299383166156803,0.00135019973921649
72.32,2.5609841914986995,3.922807605874799,0.0016194585660967153
72.34,2.5611236931248875,3.9163215664585924,0.0014383714325779395
72.36,2.560987668838737,3.9095526942960066,0.001431954848169159
72.38,2.5610621479570455,3.9024373498893756,0.0014962464003803744
72.4,2.561105424845077,3.8954550041539426,0.0017085888915251146
72.42,2.5610636650654386,3.8891892924520546,0.001418730595447476
72.44,2.5609958082069717,3.881967487708158,0.0013645971484635977
72.46,2.5610741255168272,3.8750504137253277,0.0017954113303363106
72.48,2.5610168077111153,3.868633553715659,0.0013994224822356238
72.5,2.5608399153135957,3.861938436980519,0.0013959119442187584
72.52,2.5609290502370974,3.8547163789153607,0.0017035458498945721
72.54,2.5610148930652694,3.847920914186375,0.0016493075193232398
72.56,2.560897768453241,3.840988006422443,0.0015294339830779768
72.58,2.56091556734773,3.833760541406116,0.0014094153692857658
72.6,2.560978407857013,3.8266869695542822,0.0015696977532751732
72.62,2.5608909766980705,3.8204358853873197,0.0014454019954734942
72.64,2.560854112314743,3.8136791333774127,0.001191224032224436
72.66,2.5610163419475422,3.8065050540148286,0.0017820329723755024
72.68,2.5611010800191347,3.799937271145322,0.001423822769385935
72.7,2.560969510947365,3.7928483972160287,0.001448643550367057
72.72,2.561073823938495,3.7856651305165494,0.0015533802672772767
72.74,2.5610895802520792,3.7789341143974537,0.0014744001472718482
72.76,2.560975793188699,3.7726350821060604,0.0013404762535624282
72.78,2.56111863517964,3.7656910766486833,0.0013360203803357285
72.8,2.5611886526260395,3.75869988548159,0.0014483893686849658
72.82,2.56114473105367,3.7519688840158936,0.0012771167794638494
72.84,2.561160365155618,3.7449525660725778,0.0011093855914738049
72.86,2.5613176625999152,3.737886967360495,0.0015799477754412927
72.88,2.561377689796244,3.731360150361244,0.0011611418131686202
72.9,2.5612754825979405,3.7242671044273683,0.001405718160962549
72.92,2.5613857200704264,3.717077981669169,0.001392316493764173
72.94,2.561430467726319,3.7101547649765654,0.00148386711084042
72.96,2.5613364322324155,3.703926230774292,0.00126295113302205
72.98,2.561307700119462,3.6968918568868325,0.001028422342251617
73.0,2.5614599002976735,3.68988296720576,0.0015293723994374564
73.02,2.5614870773044447,3.683250606398437,0.0011186042163317256
73.04,2.5613918211634794,3.676057728597725,0.0010816902361189817
73.06,2.5615047870212733,3.6689483492274118,0.0013070824529012315
73.08,2.5614863143166255,3.662455295985178,0.0009625620064530327
73.1,2.561367071332198,3.655810454053957,0.001093686493886914
73.12,2.561496048331005,3.6487655450988026,0.0012240829924985985
73.14,2.561570208616616,3.641921695634398,0.0013724010208119308
73.16,2.5615063054185923,3.6351058984934514,0.0010071513987481018
73.18,2.561439666813705,3.6278487891402897,0.0009186096855090808
73.2,2.5615703091024047,3.6207808817265255,0.001257229649575753
73.22,2.561540827716748,3.614423219183357,0.0008838606919563119
73.24,2.561413758706821,3.6077921321229662,0.0010561278134880725
73.26,2.5615282577202536,3.6007181929323466,0.0012343363795352669
73.28,2.561684738818802,3.5941757724876027,0.0011747898047881067
73.3,2.5615863113292545,3.58730915500842,0.0010162973344689241
73.32,2.561669030668274,3.580099121306171,0.0009691252434080311
73.34,2.561723185579938,3.57319561847693,0.0011706786083340304
73.36,2.561644185657559,3.566920951210457,0.0009863627456848656
73.38,2.561619266053335,3.559898641353781,0.0008237961024760154
73.4,2.5617577494695567,3.5530225402732674,0.0013905846993403914
73.42,2.5617543107472454,3.5464505238813775,0.0010489369310006658
73.44,2.5616431086283926,3.5400361731070893,0.0010677325350736677
73.46,2.5617606451388006,3.533043395253541,0.0011607551599650268
73.48,2.561917306845788,3.52633090249903,0.0012019475062115537
73.5,2.5619413276258722,3.5197948280862152,0.0010960410165012091
73.52,2.5619934789507424,3.512711500121489,0.0009183942421431557
73.54,2.5620949345930835,3.5057801474653343,0.0013408709856533307
73.56,2.5621362223899045,3.4993166308679737,0.0008008486872650433
73.58,2.562025273364649,3.4920378276490602,0.0010810960743273534
73.6,2.5621605037290096,3.4849071804717107,0.0012716490287166815
73.62,2.562151151010692,3.4784279550824144,0.000983019442665517
73.64,2.5620459326569853,3.471784459076501,0.0011544426491789384
73.66,2.562124262147157,3.4648324723783053,0.0013730995970533677
73.68,2.5622188667227332,3.4577463641361676,0.0014831971918150277
73.7,2.5621901064029684,3.4516517446604578,0.0011196146066281554
73.72,2.562261618562228,3.444872803937116,0.0010527803936727365
73.74,2.562425060809631,3.4376494466753704,0.001508162007045788
73.76,2.5626151534066453,3.431357727711886,0.0009558867897654366
73.78,2.5625444372940276,3.4243396442002276,0.0012788810167364273
73.8,2.562728887004762,3.417211745958192,0.001489520505664671
73.82,2.5628376281005187,3.4105261702875658,0.0014178258050890347
73.84,2.5628413231167593,3.404351735402821,0.0012607726987481638
73.86,2.563019590812713,3.397362399703341,0.0014269005179111671
73.88,2.563231828502788,3.390400909386246,0.0016103968721827844
73.9,2.563354486012947,3.3838671905144584,0.0013046044454575467
73.92,2.5634425735983535,3.37677897697004,0.0011309337901078131
73.94,2.5637074552298014,3.369625680368386,0.001595039830120687
73.96,2.563805196887923,3.3632846665674543,0.0011881167392108483
73.98,2.5638163211855987,3.356105237047347,0.001471275766228991
74.0,2.5639832514279104,3.3490415147638335,0.001691030449415598
74.02,2.5641498600063524,3.342065614481134,0.0016144219942260674
74.04,2.5640829570030315,3.33578481513605,0.0014950243734253021
74.06,2.5642357250142838,3.328999184390518,0.0014174571577647843
74.08,2.564447085245974,3.3218828640462967,0.0018077198739348543
74.1,2.564522487821343,3.3156234460482064,0.001338257002925003
74.12,2.564572829801447,3.30862976870362,0.001494641027379201
74.14,2.5648069482552645,3.3015016509759074,0.0016852421105888193
74.16,2.5649407376107454,3.2950036708552974,0.0014465171050487557
74.18,2.5649910957600306,3.2879318534588187,0.001493582409545724
74.2,2.5652163828953882,3.2807522979037036,0.0015837167714272404
74.22,2.5653341089656734,3.273992429025323,0.0015992143960791294
74.24,2.5653020317996624,3.267868535904472,0.0014290109671486473
74.26,2.5655200503550177,3.2609528754507764,0.001374709549397779
74.28,2.5657637902214967,3.2538871084476337,0.0016879174513036443
74.3,2.5659208259242643,3.24757694943746,0.001366522717985652
74.32,2.5660224708376482,3.240810630735563,0.0013996731881925073
74.34,2.5662865510127584,3.234210323677037,0.0016514655000506862
74.36,2.566378156061296,3.2282670407091545,0.0015079338769133088
74.38,2.5663696234861,3.222574712781644,0.001393009015573321
74.4,2.5664503290002565,3.217022396945656,0.0010870707579681838
74.42,2.566701413644438,3.2110102519388533,0.0016917346826542667
74.44,2.566704405613071,3.2055681821110573,0.001558004815036762
74.46,2.566642867826015,3.2006728268691442,0.001025811430401008
74.48,2.5666892443435896,3.195164328497324,0.0010297573598097576
74.5,2.5667096380576813,3.189441323249593,0.0013645806797115967
74.52,2.5665751577468643,3.1839379424500933,0.0013835611929922387
74.54,2.5664433675257294,3.178158348614322,0.0008824864884375283
74.56,2.5665037843518066,3.1717484260462188,0.0009543261525620239
74.58,2.56628687188364,3.164847106671275,0.0015526489281391387
74.6,2.565939657314211,3.1589287817116123,0.0011445374626566918
74.62,2.5658750121607325,3.152390714355316,0.0010789239807385276
74.64,2.5656481000065092,3.14535717929572,0.0013502838958091012
74.66,2.5653672418977655,3.1386900402808653,0.001359867850325408
74.68,2.565244845497178,3.1319675611213516,0.0010503067173670833
74.7,2.565099343108301,3.1248482497472496,0.0008815928218305347
74.72,2.564749290325486,3.1177224901560705,0.001416022422515928
74.74,2.564638914405428,3.1114974684147096,0.0008712973480924646
74.76,2.564581900174288,3.104995857766367,0.0009361527193052499
74.78,2.5642408401310273,3.0978380791376385,0.0013461813246345156
74.8,2.5639350387965316,3.0909134433795726,0.0012129756441816575
74.82,2.5637984920723835,3.0845905859348655,0.0010602886194726602
74.84,2.563495325020173,3.077757254153988,0.0011497196471713655
74.86,2.5631345380747157,3.070869646260849,0.001463868846411115
74.88,2.562856873216627,3.0641997259578835,0.0008507753431674925
74.9,2.562693792220249,3.05702521521569,0.0008623248683893303
74.92,2.5622741055679614,3.0499345192342058,0.0012192144021620777
74.94,2.5620762634995073,3.042966778464524,0.0008986788481067098
74.96,2.5619899382165223,3.0363530358930695,0.0009971095461353552
74.98,2.561655739451037,3.0295264003377134,0.001210512728193669
75.0,2.5614078203900346,3.0228017084007166,0.0011307558628732006
75.02,2.5612433375678743,3.0162072829854316,0.0009624567324230671
75.04,2.560975037167784,3.0091423837107834,0.000945453934002416
75.06,2.56057357114455,3.0020040931566156,0.0012805020144393553
75.08,2.5603949951244123,2.995858781319972,0.0007099083028580255
75.1,2.56024068870934,2.98938619302923,0.0009090384175433619
75.12,2.5598555848019378,2.9821921207410607,0.0012196976775684654
75.14,2.5594708409143854,2.97560273084143,0.0008782437677792299
75.16,2.559261072414376,2.969084931812245,0.0007778723291998746
75.18,2.558778064321724,2.961848837711239,0.0010688352473630647
75.2,2.5584395311086126,2.954761800176445,0.001005492545465475
75.22,2.5581674535343937,2.947803070652887,0.0009078306390687685
75.24,2.557732034580662,2.9407528674224195,0.0010154606243459874
75.26,2.557259392342974,2.9336135930831295,0.0013825788778515369
75.28,2.5570340311440862,2.9276491295521665,0.000829316185699841
75.3,2.556770243857522,2.9207840755494145,0.0010833876010480359
75.32,2.5562441246583205,2.9136789170935677,0.0014087932242164702
75.34,2.555927986025841,2.9071413558210293,0.0013964329380529994
75.36,2.5556334138693995,2.9003412426786994,0.0010696005012621745
75.38,2.5551487823123766,2.8931344031939505,0.0012324486963231351
75.4,2.5546979351540906,2.886109415366785,0.001246429131778165
75.42,2.5544582033784575,2.8794044244668227,0.0012465778378848436
75.44,2.5541227570538902,2.8726453662629137,0.0011499011758057953
75.46,2.5536187323184563,2.8658744112192798,0.0016666364746797113
75.48,2.5532542845292836,2.859163827979519,0.0013280754912499138
75.5,2.553074786371497,2.852881492380989,0.0012643220692209467
75.52,2.5525368641492867,2.8458630450264724,0.0015497105489206409
75.54,2.552059391101155,2.8387723774508684,0.0015560890592077048
75.56,2.5517454613751314,2.832688580693391,0.0012858218611415673
75.58,2.551237321253934,2.825971839393312,0.0014192358414508444
75.6,2.5506518216012264,2.818586878319254,0.0017019359557627622
75.62,2.550208025724123,2.8125818519900334,0.0011525007442361734
75.64,2.549806811557477,2.806196615206334,0.0010962727339962341
75.66,2.5491281687597827,2.798782357613865,0.0016787098057151617
75.68,2.548534742715286,2.7918964475837056,0.0014144498814286088
75.7,2.5481035784195396,2.7853225581736947,0.001519404549588238
75.72,2.5474306273667375,2.778906266870131,0.0015175369571766295
75.74,2.546830083921475,2.77211450569974,0.0014119106640760604
75.76,2.5463318819844427,2.7652778371627007,0.0013138423793602194
75.78,2.5456375183999813,2.758289009014264,0.001462902479757805
75.8,2.5449173701272447,2.75117706552214,0.0019227328578511338
75.82,2.5444437392828667,2.7450383374644574,0.00135870101433469
75.84,2.5439010004276903,2.7381696614962814,0.0014252612451602642
75.86,2.5430908344866383,2.731055413764893,0.0016702652323099532
75.88,2.5424742131294447,2.72430558059262,0.0014224832184835945
75.9,2.5419728222921845,2.717778082943362,0.0014139961633023168
75.92,2.5411809089297956,2.7108508191292944,0.0016456873935695726
75.94,2.540517478527221,2.7039525299937712,0.0019414714797822696
75.96,2.5398426645055654,2.6972581550714962,0.0012760262289653046
75.98,2.539223433878924,2.6901703696858914,0.0012757762996219446
76.0,2.5383557896542155,2.6830663168533917,0.0015875544065233615
76.02,2.537674344926963,2.6759723388515155,0.0011621777958874813
76.04,2.537044817994343,2.6691378858773893,0.0012800691187832558
76.06,2.53621426245714,2.662141962112206,0.001559842186217908
76.08,2.535489106245855,2.655132734049537,0.0013139988797351287
76.1,2.5349048709905,2.648564522071825,0.0011808324265926706
76.12,2.534023523129375,2.6415142694968394,0.001385277946862079
76.14,2.533313667654347,2.6347364032557534,0.0013949353295643618
76.16,2.5326200676723456,2.6279415726278184,0.0010918363179031332
76.18,2.531822489682769,2.62099970113781,0.0010842454544724434
76.2,2.53084628160356,2.6138615929976052,0.001655212265590733
76.22,2.530219310374598,2.607628219258758,0.0012786223671762131
76.24,2.529554503195722,2.6010055943119688,0.0011908914637753232
76.26,2.5286282863913825,2.593968764903292,0.0013638302044672312
76.28,2.5277675380986415,2.5869672818955802,0.0011959926037099777
76.3,2.5271125234901595,2.580468257680739,0.0012194995361058947
76.32,2.5262599286340723,2.573810761247838,0.0011344151221804322
76.34,2.5253055866594663,2.5667642010072687,0.0016792652516222084
76.36,2.524411973254123,2.559858867008794,0.0012955955775441619
76.38,2.5235898850824903,2.552864115698883,0.0009503187140477987
76.4,2.5226026822915917,2.545833622035683,0.0011528749998431786
76.42,2.5217461087764903,2.5387910218089336,0.0008654922578046065
76.44,2.5210234567407466,2.531936349477875,0.0009656750908928202
76.46,2.5201337582838717,2.5251467534218293,0.0011387147044094603
76.48,2.51922944568345,2.518100143993868,0.0010140559072120692
76.5,2.5184702543271507,2.5114444149400863,0.0008785663115094544
76.52,2.5175165707514036,2.5045662517307887,0.0009733215600382372
76.54,2.5165775513970345,2.4975703121382735,0.0012865866606640852
76.56,2.5158468609857576,2.491330755026234,0.00068526864023985
76.58,2.5150187116941556,2.4843840868285945,0.0008784529773681327
76.6,2.513920615746159,2.4773653238170112,0.001333717336249457
76.62,2.5130350885056205,2.470746302799114,0.0012341039052919667
76.64,2.512184579067504,2.4639531674704367,0.0009044451103104034
76.66,2.5111620780223207,2.4568469973013505,0.0010582636892102204
76.68,2.5101913794844553,2.449887714410089,0.0009948519353901175
76.7,2.5096283828147246,2.4433508982622216,0.0009533276951170511
76.72,2.50881910579155,2.4367238591476332,0.0008406731472000717
76.74,2.507772200533366,2.429737194391682,0.0013421155420402509
76.76,2.5069476847285133,2.4233387140985534,0.000907650522072978
76.78,2.506103706466524,2.4164785917995997,0.0010127805420010738
76.8,2.505023547711439,2.4094362282428787,0.0012839351983002234
76.82,2.5040497376666826,2.4024982523689586,0.0011851250827063786
76.84,2.5034062368963683,2.396370360485236,0.0011382760132973013
76.86,2.5024612194610385,2.389756626906414,0.0010705483351390044
76.88,2.5014170574252628,2.3827626418759538,0.0015639840963832252
76.9,2.500510262496835,2.3762223759555434,0.0011058076893306068
76.92,2.4995967582369087,2.369305072334161,0.0009849795515565474
76.94,2.498428974009943,2.362259577735187,0.001297610217845413
76.96,2.49744151131586,2.355217539014341,0.0009413374283238352
76.98,2.496548962795863,2.3484678224271915,0.0011362241887756253
77.0,2.4955636218308195,2.3418289525188833,0.001316935460705243
77.02,2.4945699019530174,2.335028896830468,0.0011881821728031705
77.04,2.4936795323771923,2.328202918211654,0.0010978019153686236
77.06,2.4925996583352195,2.3213367838282117,0.0012852062790602303
77.08,2.4915119490877857,2.31439781605151,0.0015718448423196196
77.1,2.4907210684556125,2.3083385982172078,0.0010509203080216745
77.12,2.489767309072722,2.3014844783412767,0.0012403507429492866
77.14,2.4885512021082867,2.2944257625170534,0.0016214909365022123
77.16,2.487565394243277,2.28776047422251,0.0014996401065545117
77.18,2.4868537116946388,2.281785482181714,0.0012607953607798317
77.2,2.4856984853913695,2.274982488373309,0.0015313380850757452
77.22,2.4845649084889767,2.267903210264006,0.001633540677633577
77.24,2.4837237836251163,2.261632480903491,0.0013390462986787588
77.26,2.4826478009068094,2.254935895301981,0.001273944173032504
77.28,2.4812863082876437,2.247794496810314,0.0016814497104894743
77.3,2.480279112895408,2.24137862994559,0.0013062474099096444
77.32,2.47936849742114,2.235165655671261,0.0013974815989763467
77.34,2.4780587768214155,2.2282043438524313,0.001752606565143644
77.36,2.476846204232179,2.2213017099007377,0.0017449763063840662
77.38,2.475921592678313,2.215116217955658,0.0013772997495528627
77.4,2.474620852676726,2.2083472453322037,0.0014786271054074152
77.42,2.4733233454205097,2.20139839098349,0.001604776000256214
77.44,2.4722383946354984,2.1949373136048913,0.0012991165189768228
77.46,2.4709433128392835,2.1881748634337077,0.0012532089774320576
77.48,2.4695352431068325,2.1811240722040046,0.0018253197386087494
77.5,2.468409817962896,2.174989408862886,0.0013700844063268824
77.52,2.4671830116192592,2.168258444546304,0.0014758486967318685
77.54,2.4657766309845313,2.1612762140589052,0.0016446543449887552
77.56,2.4644227976272854,2.1544191580564065,0.0015954110650384379
77.58,2.4634731604301137,2.1484344043518733,0.0013900217418549576
77.6,2.46209166111932,2.1418334275280264,0.001426945956282899
77.62,2.4606398909771827,2.1347946909570137,0.001791110727587808
77.64,2.4594217347828478,2.1285536394841187,0.0011435956578654538
77.66,2.4581278178823442,2.121697332545166,0.001360643177362092
77.68,2.4565515433429557,2.1147082931519487,0.0016180148265983185
77.7,2.4551322960981357,2.1079200388352906,0.0013252877991156153
77.72,2.4539288972389772,2.1014677201997287,0.0015746399309585213
77.74,2.4525987885526552,2.09506339807038,0.0014564458157496907
77.76,2.4510748956362596,2.0881150204481616,0.0016463200857471938
77.78,2.4499034112712836,2.0819418348633048,0.0011484588948882934
77.8,2.448472776417084,2.075178745021643,0.001126719419767469
77.82,2.4468547972976795,2.068125469517841,0.0014457908279762732
77.84,2.4455694767764933,2.0617372671359497,0.0010715103829486705
77.86,2.4442194804813577,2.055257828906673,0.0011267160366362772
77.88,2.442658737680164,2.048457918268815,0.0015534809976147645
77.9,2.441222701424499,2.0419180541752837,0.0013150630021620258
77.92,2.4398052272288053,2.0353624594299538,0.0011447679943068223
77.94,2.4381690625817494,2.028478203199332,0.0012575921957303504
77.96,2.436530993575329,2.0214949565828704,0.001341728339002951
77.98,2.4353123541025754,2.015378290457222,0.001088234803708732
78.0,2.4339033809589927,2.0089788006162106,0.0009864537286882746
78.02,2.4321581843537112,2.001899375380339,0.0013826141113968682
78.04,2.430784908547201,1.9957154047582502,0.00101986893989231
78.06,2.4293311711310768,1.9891290310369345,0.0009859207941866621
78.08,2.427581933631508,1.9822516157580783,0.0012866468803554854
78.1,2.4259522789369985,1.975440056790266,0.0011259134100688462
78.12,2.4247291504472623,1.969447954761924,0.0010285023944914262
78.14,2.423094093310264,1.9629123333328145,0.0010613929556545776
78.16,2.421335438863653,1.955868861911136,0.0013405276682166845
78.18,2.420076480940758,1.9500005326660295,0.0008360915837949956
78.2,2.41851360812515,1.9434864926425377,0.0009519351939075438
78.22,2.4166199295672106,1.9365743865675655,0.0012652785686642631
78.24,2.4150920039797352,1.9302981578296832,0.0010179948334066713
78.26,2.4136435465728043,1.9240591195059076,0.0010095385230443066
78.28,2.411818771033898,1.9172997550471074,0.0011867562356615013
78.3,2.4100427333708576,1.9105410293304301,0.001255188008643826
78.32,2.4086255470409554,1.904482806298878,0.0008990034748259934
78.34,2.4068298402304618,1.8978125082161896,0.0009274599234280478
78.36,2.405056727987111,1.891140303844939,0.0012351422336963347
78.38,2.4033864004014163,1.8846881793883887,0.0008073344981523178
78.4,2.401614679818405,1.8776902003171019,0.0010110877827704812
78.42,2.399681506333918,1.8708380143259746,0.0012834720133901023
78.44,2.398023589202965,1.8644950311311013,0.0010615192821920583
78.46,2.3966208125332145,1.8585265478549893,0.001045604078991541
78.48,2.3947481381774938,1.8518672836997236,0.0012750993215459305
78.5,2.3928813393465997,1.8449778729304154,0.0014752982766658151
78.52,2.391325606366512,1.8389984571606675,0.0009576483886648279
78.54,2.389567144135561,1.8323839387760816,0.0008793394657125309
78.56,2.3874892447211913,1.8254277816268478,0.001345500874511435
78.58,2.385945309701475,1.8194448968480352,0.0008352313779015352
78.6,2.38425721003051,1.8129731039087724,0.0010411041214190564
78.62,2.382197522606498,1.8060959515730908,0.0015171066254215382
78.64,2.3804207013465257,1.7996461403316057,0.0014145605244010595
78.66,2.3787688729362455,1.7934622623390604,0.0012106782482342593
78.68,2.3767912791604604,1.7867894361909753,0.0013103291304498166
78.7,2.374720585939535,1.7798528397844002,0.0014801874828183903
78.72,2.373236332760974,1.7740245096222684,0.0011565759839294865
78.74,2.3714408034579537,1.7677776215668373,0.0010949884516254227
78.76,2.369239307426743,1.7606704094229721,0.0015969014556845018
78.78,2.3675599479354954,1.7546220181980872,0.0011308987293708883
78.8,2.3657529820485954,1.7482046682039347,0.0013528109378505848
78.82,2.3636006110050256,1.7414715191366859,0.0016084413011790144
78.84,2.36168237622493,1.7350562452547882,0.0016439787723460386
78.86,2.3597402051084924,1.728858180960315,0.0013382150878505916
78.88,2.357651107124943,1.7221217885395215,0.0013712248094885082
78.9,2.355438394588577,1.7152679633500243,0.0015630638034224431
78.92,2.353526156687417,1.7087394985434088,0.0014424104353956968
78.94,2.351584774081225,1.7022886411530755,0.0015721095204309365
78.96,2.349660070863937,1.6961804802417861,0.0016420061884688808
78.98,2.347641303257987,1.6897390813059021,0.0012842814880627829
79.0,2.345727492379516,1.6832610687919973,0.0013675317257760278
79.02,2.343493595150674,1.67651626539991,0.001709403263843584
79.04,2.3414496001726572,1.6700393165386087,0.0018118591505175974
79.06,2.339421712177556,1.6635937250721995,0.0013396448123123017
79.08,2.3372392606205743,1.6566596042310486,0.0013376381629871537
79.1,2.334955587415561,1.6499448248910606,0.0016085187888543462
79.12,2.332930104984526,1.6433831969659984,0.0013683072115331651
79.14,2.3309532608232764,1.6368657174903574,0.0015095284817397414
79.16,2.328904018417298,1.6305553869248757,0.0016854023098287485
79.18,2.3268429908219517,1.6241297964943997,0.0013471922981409812
79.2,2.3249343638264093,1.6177079895897974,0.0013259831205771622
79.22,2.322635808561409,1.610993050272916,0.0016561235716785194
79.24,2.3205730045068327,1.6045662822527755,0.0018647860778955305
79.26,2.3185741833762656,1.5983826267881072,0.001129319804030443
79.28,2.316456768822457,1.5914505984365392,0.0012064763902743525
79.3,2.3141337341510737,1.5847342397031405,0.0015369957894033337
79.32,2.312193381644033,1.5782512438182827,0.0012360559028092855
79.34,2.3103274790526105,1.571827879940055,0.0013552947173307572
79.36,2.3082430761739277,1.5655318591469758,0.0015844414682354424
79.38,2.306101153370809,1.5589849423762965,0.0013609144366617254
79.4,2.304238829448737,1.5527823925044688,0.0013089747116702966
79.42,2.3020062903761285,1.546135510438739,0.0013374161817488461
79.44,2.2997404878062877,1.539391453336873,0.0016476045059833078
79.46,2.2980131332629306,1.5337381727794857,0.0010114700239213514
79.48,2.2959801140054608,1.5272604492946074,0.001078686137733459
79.5,2.293584482472474,1.5204543807189304,0.001482078519859098
79.52,2.2916271163215116,1.51435236264592,0.001093615027763839
79.54,2.2896726181666263,1.5080730595889125,0.0012318005184906722
79.56,2.2873390302289884,1.5014279011555103,0.0013230054416986103
79.58,2.285198901356234,1.4950177796991266,0.0013014152050087324
79.6,2.283220383918697,1.488977188373404,0.0009988641891124361
79.62,2.280907806546697,1.4824171166899713,0.001178317085337749
79.64,2.2785045257783088,1.475564522373144,0.0012952427975647385
79.66,2.2766133464944693,1.4696422239463307,0.0009629558629845325
79.68,2.274550973524437,1.463477848669996,0.0009448451227663524
79.7,2.272021967908724,1.4565097775200093,0.0014341945644350262
79.72,2.269929098799138,1.4503508298239784,0.0012212065545433859
79.74,2.2677552925786535,1.444048741156052,0.0009373062812372546
79.76,2.2653262016166074,1.4373951937132714,0.0011169257889592776
79.78,2.2629635615421972,1.4306553197643272,0.000926214978727885
79.8,2.2607452191341832,1.4242155669380903,0.0009385861704021836
79.82,2.258566869589432,1.418008254697484,0.0009420073031959075
79.84,2.2560961942035065,1.411302990047852,0.0011118543562044503
79.86,2.253939003748763,1.4051040273479465,0.0007144102297671207
79.88,2.251722655598364,1.398791207692179,0.0007242435849290629
79.9,2.249153198651593,1.3919064794148266,0.0012195863564429532
79.92,2.247073673684132,1.3859325242801637,0.0008349647567916785
79.94,2.2448425604913926,1.3796016342050192,0.0008728868973645054
79.96,2.242288521556749,1.3730477327361528,0.0012031332885927837
79.98,2.239867522856049,1.3665559068593214,0.0012194599222619673
80.0,2.2377920944011382,1.3605998371975572,0.0008756829173233172
80.02,2.235313009801442,1.3541727707766555,0.0009702193783239499
80.04,2.2327422782661266,1.3475179388692382,0.0013659557067503825
80.06,2.230606439944884,1.341817254459116,0.0007443968026684677
80.08,2.2283175300580136,1.3353852369022534,0.0009936220399295592
80.1,2.2256526972903368,1.3287665015216623,0.0013547054575436535
80.12,2.223215173850134,1.3224106750217997,0.0011967267516343472
80.14,2.221143934012171,1.3165725282728056,0.0010459590518669681
80.16,2.218608173110557,1.3101490768741528,0.001262038653063291
80.18,2.216091186260328,1.303713448682231,0.001418775681682971
80.2,2.2136093063718896,1.2974254450109899,0.0009542074107210252
80.22,2.2110442158781534,1.2907420812655803,0.0009842205595385345
80.24,2.20829098513888,1.2841720271511605,0.0014100475165246817
80.26,2.205825911598236,1.2776847452469837,0.0011759014202698814
80.28,2.203589021342816,1.2715275360919482,0.0012878716524611922
80.3,2.20113426359657,1.2653984315278846,0.0014492238489995923
80.32,2.1986216177204834,1.2590733578257671,0.0012918887721188599
80.34,2.1962691408507578,1.2527900737496884,0.001130004049359673
80.36,2.193558488606363,1.246268970835062,0.001416111340793863
80.38,2.190987058521852,1.2398555647505705,0.0017087116218758858
80.4,2.1886930898898678,1.2341150349666075,0.001085349461051044
80.42,2.186155448564853,1.2274688733303614,0.0012919834772694427
80.44,2.1834109164082003,1.220873276183843,0.001640064872775543
80.46,2.180912826844787,1.2146293134503061,0.0012797537378985147
80.48,2.1785723835501987,1.2084139543752017,0.0014386431149719103
80.5,2.175863339994971,1.2019784675829714,0.0016165411543803687
80.52,2.173209039549044,1.1955476529095794,0.0018343224858915763
80.54,2.1706458475607104,1.1891741406498497,0.0011812990244843002
80.56,2.167949032900309,1.182435697711245,0.0013604207955937586
80.58,2.1652539117448764,1.1759199388962143,0.0015617239392646254
80.6,2.1627866825729756,1.16950652659852,0.0012314948347867394
80.62,2.1604036328994782,1.1632687730944011,0.0011709939377966827
80.64,2.1575621962225777,1.156617140567482,0.0018958178216306465
80.66,2.1550947461846226,1.1505765998718955,0.0017181777933906461
80.68,2.152538578816957,1.1442226798500337,0.0013970506670010763
80.7,2.1497369793443895,1.137520653473293,0.0015376418294454075
80.72,2.147038701452187,1.1310073218197736,0.0014597879922269574
80.74,2.1446528951914954,1.1246394644418223,0.0013463313502416474
80.76,2.1422532884154317,1.1184623922745234,0.0012099203931948965
80.78,2.1394562432669804,1.11188288968653,0.0016743166493962403
80.8,2.136927840926805,1.1055610853448223,0.0012367298070614097
80.82,2.1345200159304967,1.099321114356137,0.001214289335519786
80.84,2.1316600363054055,1.0927079093900536,0.0017636563795142002
80.86,2.129055870652442,1.086483636798734,0.0016663708292916912
80.88,2.1264691809029044,1.0800403831850007,0.0012809464033468887
80.9,2.1236383046987717,1.073356529210471,0.0014477340420089024
80.92,2.1208937172545417,1.066866298539408,0.001543306501274322
80.94,2.118394436433303,1.0605323538291465,0.001351087079930674
80.96,2.1158710445433866,1.0542407645211123,0.0014711949769483645
80.98,2.1131841100969937,1.0479382198476157,0.0017351299989945557
81.0,2.1106448048198145,1.0417985687038487,0.0015463879330869512
81.02,2.108234931615476,1.0357991228116903,0.0011768517271477374
81.04,2.105432803211836,1.0292588308551367,0.0014279370906836453
81.06,2.1026890140292567,1.0226437929006935,0.0012084863521447942
81.08,2.1004070605454075,1.016597024335895,0.0010673801264734772
81.1,2.097651450888401,1.0102137766400776,0.001273218916860247
81.12,2.0950119737285706,1.003895843291043,0.001427994224195095
81.14,2.092411148287579,0.997658969353596,0.0009192944616673859
81.16,2.089695667524033,0.9910096890229395,0.0009680925258706563
81.18,2.086797324260264,0.9845073886565208,0.0014183381586740373
81.2,2.0841260255589105,0.9781446101909289,0.0010580182407348704
81.22,2.081658798773694,0.9719681782987051,0.0012446103773958161
81.24,2.0789888715453304,0.9657783550573118,0.001333384922736297
81.26,2.076150733633601,0.959235947468666,0.0015020731637980789
81.28,2.073836517055751,0.9535999393862619,0.0008278646612043528
81.3,2.071153028741444,0.947244980129556,0.0009951192096329387
81.32,2.068232058162149,0.9406220918284804,0.0011785823092461123
81.34,2.0658595794239547,0.9345780608929501,0.0008113130319647721
81.36,2.06343493896643,0.9285492548135091,0.0008423806707531789
81.38,2.060500457190367,0.9220443564406021,0.00140093885586004
81.4,2.0577933387220244,0.9158974731455751,0.0012266731566596967
81.42,2.0550792754974223,0.9095266561623909,0.0009115270004370901
81.44,2.05215315344434,0.9029686616893455,0.001083883975475236
81.46,2.049301342579808,0.8965482245952984,0.0009374093320297094
81.48,2.0466915901960068,0.8902920615335909,0.0008581864799433458
81.5,2.0440599102187647,0.8841035574074855,0.0008009489477559528
81.52,2.0410984057941106,0.8776503822233883,0.0013371755975253863
81.54,2.038631596961632,0.8719596057565118,0.0008290221914062368
81.56,2.0359782153075274,0.8657032614063955,0.000911058190382813
81.58,2.033012161833674,0.8592207580831284,0.001314528420958666
81.6,2.030195607820743,0.8528633253785243,0.001138556775029026
81.62,2.027837844550213,0.8471550552269048,0.00103248498128361
81.64,2.025047106225458,0.8409668707540393,0.001095903305033924
81.66,2.022166444934241,0.8345235741232037,0.0013326445596814895
81.68,2.019641770052136,0.8287714086699307,0.0008337016102665518
81.7,2.016866321226963,0.8224191994999788,0.0008846268149629022
81.72,2.013824150723273,0.8159060231006584,0.0012683632435719627
81.74,2.0111120528062165,0.809834165176554,0.001049344703227012
81.76,2.008508710303506,0.8038475822330393,0.0011105953223616294
81.78,2.005531036180041,0.7975035585015958,0.0014433884507284167
81.8,2.0027372477711207,0.7913672136093509,0.0015590770419915134
81.82,1.9998832487969849,0.7853765629268945,0.0009601128588890839
81.84,1.9968921190390678,0.7788220629799568,0.0011410390561293893
81.86,1.993820269196853,0.7724324711372254,0.0013484844630059223
81.88,1.9909024391741668,0.7659608349295376,0.0009308998016679115
81.9,1.988098101701116,0.759720229151951,0.0011907596345120952
81.92,1.9850708161041046,0.7533066600110984,0.0013585553438381914
81.94,1.9822149272335123,0.747096499397232,0.0011187400353949994
81.96,1.9793190763042687,0.7406961526872344,0.0011120403528296907
81.98,1.9762427720394151,0.7342769794122996,0.0015417390081850224
82.0,1.9733501247590592,0.7281138960528003,0.0014861750681562647
82.02,1.970782702266182,0.7222951155347699,0.0011481157264892072
82.04,1.9678363034383373,0.7161156485179734,0.0013679646558771852
82.06,1.9647322449564455,0.7096846758648085,0.0016664821778629713
82.08,1.9622172041009154,0.7041781011806763,0.0010789127630077555
82.1,1.9594870067923902,0.6981529625385203,0.001071243804516453
82.12,1.9562042111592843,0.691518318812745,0.001622468575871644
82.14,1.9533714483838842,0.6855015698159098,0.001414012633224132
82.16,1.9507298486242608,0.6797256036923706,0.0012415118345432963
82.18,1.9476134904483433,0.6734379000207508,0.0016657868274567722
82.2,1.9444574561382735,0.6670371865835885,0.001745000168569405
82.22,1.941721523089459,0.6613151893156246,0.0012981597925950106
82.24,1.9387315884664773,0.6551701067404548,0.001245954088698098
82.26,1.9353502383724215,0.6487168946924906,0.0018203290447913745
82.28,1.9323638990569585,0.6427483620926969,0.0014579883464487797
82.3,1.9296783088840728,0.6370821037401363,0.0014732570859571914
82.32,1.9264196699763207,0.6308764521412937,0.0017175746723884777
82.34,1.923341485633119,0.6248217044630557,0.0017330039714436862
82.36,1.9202683990798055,0.6187902077339116,0.0013115887796843473
82.38,1.9169721083039837,0.6124031574277053,0.0014623555966870316
82.4,1.9137012199968808,0.6061075955973244,0.0015122457894393981
82.42,1.910804424972431,0.6001604342061544,0.0012086483240995594
82.44,1.907875500114618,0.5941568192292657,0.0012326120645751448
82.46,1.9045485762745045,0.5878711055928907,0.0016711200477873
82.48,1.901664456029917,0.5822232436575767,0.001224689065363771
82.5,1.8985828820207562,0.5760457211953891,0.0011799016508665106
82.52,1.895174745664769,0.569753357616558,0.001681011008687866
82.54,1.8921762226697303,0.5639400183910326,0.0016017033883894416
82.56,1.889162059278079,0.5581783671820222,0.0012223702936772773
82.58,1.8858605936539565,0.5518408748715513,0.0012934455108496168
82.6,1.8824897208436617,0.5455555317949867,0.0015688562299626951
82.62,1.8794980388298956,0.5397299913427565,0.0011244136187329723
82.64,1.8764919613496989,0.5336981392126872,0.0013009018399645633
82.66,1.8733174493812463,0.5277138134164003,0.0015820883941899677
82.68,1.87024642983684,0.5218659521165041,0.0013055805392404307
82.7,1.8673012534473092,0.5159817966289088,0.0012032987923189797
82.72,1.8639485721413442,0.5097180191300282,0.001318749285175752
82.74,1.8606153955470959,0.5034377320673687,0.0012109784691752556
82.76,1.8576268463300913,0.497517319484176,0.0012038224859355073
82.78,1.8545788869501494,0.491663610154993,0.0009665348791463579
82.8,1.85104218227028,0.4853292062432452,0.0015306086720839607
82.82,1.8480259484137211,0.4797263083493936,0.0010163589406480822
82.84,1.8448183405272987,0.4736064671971372,0.0009870623974420345
82.86,1.841326004479995,0.4673818902153435,0.0012993157694116408
82.88,1.83798051752457,0.4610897396128293,0.0010119317788416793
82.9,1.835063344006235,0.45530902638063997,0.0009771889829030267
82.92,1.831842873589158,0.4494452435501222,0.0012036933066134625
82.94,1.8284466060989475,0.4432474056594648,0.0012090342388896003
82.96,1.8255403167083002,0.43761728347431306,0.0008129833856696245
82.98,1.8222937044849306,0.43168272595890345,0.0008974574259513479
83.0,1.8188044785009283,0.42538033873619363,0.0012715401253465264
83.02,1.8157950896813928,0.4198386083909643,0.0007493790114252441
83.04,1.812568086175987,0.41376905061881236,0.0007621099956686139
83.06,1.808988359564062,0.40757116848027847,0.0012487359401643638
83.08,1.8058666347460737,0.4018955650704371,0.0009528117079105891
83.1,1.8027034758814224,0.3959668113312623,0.0008424393989669987
83.12,1.7992108750247326,0.3899017036750402,0.0011139808197445644
83.14,1.7957652442377072,0.38378691960954703,0.0013262798068317816
83.16,1.792820679468092,0.37841128737280005,0.0007597259747910423
83.18,1.789500095688992,0.3723256335160291,0.0008264574334405084
83.2,1.7858574777913496,0.36613250246221757,0.0012610155371999832
83.22,1.7827131879571076,0.36051269664826546,0.0008987948991550365
83.24,1.779603727022279,0.35474480480589626,0.0008148447416809201
83.26,1.7759893774494877,0.34861630884771955,0.0013560702277238823
83.28,1.772696730825286,0.3428559593403052,0.001401075643041677
83.3,1.769307676885257,0.33706067602559386,0.0008744687213225744
83.32,1.7657069170944968,0.33078556398967207,0.0010161938133913806
83.34,1.7621315735771437,0.324718574926567,0.0012488293721920618
83.36,1.7588305438414409,0.31874328329466084,0.000914853809486027
83.38,1.755640677338485,0.31290473405721614,0.0009596385169451382
83.4,1.7520664272275286,0.3068617253591533,0.0014276826306117707
83.42,1.7488476739265992,0.3012324680817687,0.0010482608047416575
83.44,1.745552455675276,0.2952664477070142,0.0010408448890319721
83.46,1.741942901138626,0.28916602256581064,0.0013248323905775405
83.48,1.7386765127346009,0.283474876050017,0.0012797492469653615
83.5,1.7353922127692099,0.27761869204258377,0.0010254305001118347
83.52,1.731854875231241,0.2715696001933183,0.0011909519621036702
83.54,1.7281672389027476,0.26536741144299664,0.0016113978405649931
83.56,1.7251994631453367,0.26016242079172314,0.0010620438907752716
83.58,1.7219042589783282,0.2543115982165268,0.0013325744070964152
83.6,1.718253022840159,0.24822448034135147,0.0015759231726011902
83.62,1.7148525770083802,0.24242918481524162,0.0015785017441637683
83.64,1.7117959725339027,0.23705316036850343,0.0012700197676764335
83.66,1.7082108997457581,0.23101186161514917,0.0013961650024127414
83.68,1.704539172134672,0.22485171719898847,0.0015372589814288962
83.7,1.7014206277786914,0.21938485023108983,0.0012269130973167897
83.72,1.698086161456441,0.21366425776261685,0.0012397683930560066
83.74,1.694316420322947,0.20751970215595522,0.0019527437117885793
83.76,1.6910113547178054,0.20196490648712356,0.0015966079448704595
83.78,1.6877601873444623,0.19634528009115015,0.001371399073629681
83.8,1.6840398410520936,0.19029146700766802,0.0015971796821419304
83.82,1.6803330327122616,0.18411845405067434,0.0014522006214985894
83.84,1.6773733110898388,0.17862797166093475,0.0013839973653342608
83.86,1.6738209306077654,0.1728152644874666,0.0014827562571558262
83.88,1.6701591975612842,0.1668341356534957,0.0018404271264336192
83.9,1.6666317472265757,0.16119503120451684,0.0012726112509914567
83.92,1.6630341479624637,0.15508063133645167,0.0013365636013690785
83.94,1.6592001986543228,0.1490385928489003,0.0016981139722700156
83.96,1.6555195811543288,0.1429453642465488,0.0013407344935099097
83.98,1.652269786198248,0.13734170589607075,0.0013731724922561028
84.0,1.6486559313924947,0.13153342921237063,0.0016862837864027591
84.02,1.6449697662667102,0.12556586347475054,0.0017006208529604938
84.04,1.6419048866425632,0.12030880109249907,0.0012635011775286586
84.06,1.638333044768969,0.11456172133832875,0.0014207261317568387
84.08,1.6343706839564607,0.10827828023887104,0.0017248579637664518
84.1,1.6310495125244833,0.10287822601388136,0.0011837325254351883
84.12,1.6277523449607039,0.09734453629258222,0.0012071982123734448
84.14,1.6238178250326416,0.09127100531541638,0.0016846337861022298
84.16,1.6203249834174975,0.08576706654168742,0.0014488040095660126
84.18,1.6167585324099694,0.08014365053222462,0.0013096363027065017
84.2,1.6129112933193919,0.07425259467578676,0.0014380515250844716
84.22,1.6089589818342593,0.0681919765170622,0.0014691134557315577
84.24,1.6053204007944322,0.06238086105966673,0.0013329883074726656
84.26,1.6017485493317951,0.05673029710911566,0.0013958504289788842
84.28,1.5980412873112397,0.05111555334283402,0.0016257137478262185
84.3,1.5943809548032855,0.045519559465500334,0.0012603461459930465
84.32,1.5908292754379982,0.03984174099192524,0.0010843780166292227
84.34,1.5868751034874349,0.03391371701473089,0.0014275402105771162
84.36,1.5833120859866163,0.02843874900694831,0.0011643240768956509
84.38,1.5797543423649119,0.022798694544318786,0.0010116673007109223
84.4,1.5758156539729005,0.016980798389989442,0.0012633436037350065
84.42,1.5719826729282904,0.01119140895475891,0.001385063728598812
84.44,1.5685888751195902,0.005898187175778037,0.000846753452218435
84.46,1.5647828637519663,7.537392574641366e-05,0.0009385286197133857
84.48,1.5607754558110383,-0.005800718142543043,0.0014107470941731037
84.5,1.557190011236915,-0.01102852652881435,0.0008854253123109224
84.52,1.5533565341302604,-0.017015504944362825,0.000919727506219381
84.54,1.549322986624483,-0.02291090429562242,0.0013328589193300489
84.56,1.5455197009886545,-0.028634824404648866,0.0011692268081932022
84.58,1.5421855240373563,-0.03387572920105068,0.0009245001785871398
84.6,1.5383651814890085,-0.03956416716845147,0.0010844855762472683
84.62,1.5344417571453652,-0.0454015755432621,0.0014686492632655368
84.64,1.5309090893600197,-0.05054965842920184,0.0007945179593832064
84.66,1.5271140705185564,-0.05642902568860574,0.0008573200102403034
84.68,1.5230448441008173,-0.06239030282372469,0.0011632275464033004
84.7,1.5191857012720187,-0.06826496384223664,0.000897070498814545
84.72,1.515785150039461,-0.07359996592357998,0.0007163994850120925
84.74,1.5117039215698564,-0.07942437627779617,0.0012131812147140875
84.76,1.5079734163543128,-0.08492142566519156,0.0010713461340041974
84.78,1.5041563749526943,-0.09073301397870501,0.0008259935958622733
84.8,1.500097788928701,-0.09662102116725657,0.0010012885822570095
84.82,1.4961888649748611,-0.1023618060702157,0.001277007904374794
84.84,1.4926953183558445,-0.1075723575083148,0.0007110507343170425
84.86,1.4888812475733522,-0.11346540777430832,0.0007760788923657225
84.88,1.484807714550032,-0.11932279439351587,0.0013143356140818685
84.9,1.481245907058406,-0.12457557044827682,0.0009527356848193225
84.92,1.4774747930493164,-0.13032690861576518,0.0008680932123396601
84.94,1.4734310837956686,-0.1361590014264932,0.0012810927598013722
84.96,1.4697140331265284,-0.14164668150143198,0.0013343925804288614
84.98,1.4660256970368732,-0.14713552744703418,0.0009304060371925771
85.0,1.4619773142515602,-0.15323838575157936,0.0009188608631482131
85.02,1.4579640631809847,-0.15900820271270677,0.0014068597598485
85.04,1.454544662779079,-0.16416030206622517,0.0009353641421251113
85.06,1.4508981726947645,-0.1698093645622069,0.0008792209420856734
85.08,1.4468404778907713,-0.17568640019152404,0.001519246556956927
85.1,1.4431652121721625,-0.18112206103612793,0.0012822083964849906
85.12,1.439575192294935,-0.18666242167683925,0.0010957832274411383
85.14,1.4355437918529785,-0.1924679542232789,0.0013801457719896104
85.16,1.4317306584626166,-0.19807448674898437,0.0016201457461575142
85.18,1.428129887070316,-0.20324596150514346,0.0009960745132308046
85.2,1.4241608561980772,-0.20927253148191502,0.001111101783668078
85.22,1.4200964116073092,-0.21507288336809846,0.0015745561344690517
85.24,1.416287634482022,-0.22085387682308855,0.0012959342010972208
85.26,1.412830091694556,-0.22633286864032381,0.0014434783375820437
85.28,1.4089870915258977,-0.23197771756151106,0.0016527750089176951
85.3,1.4050421092536975,-0.23773809707693197,0.0017678624666768727
85.32,1.4016971351277918,-0.24278205126727043,0.001188002039625713
85.34,1.397749626888501,-0.24855815200393513,0.0013956173027179775
85.36,1.3936145910272284,-0.2545056054740149,0.0015294013279419372
85.38,1.3898791463391995,-0.2600479070479763,0.0012437359649013213
85.4,1.3862502242897208,-0.2655593318714285,0.0012973451449431184
85.42,1.3820198592107196,-0.27148640635297216,0.0017964345563692974
85.44,1.3783763167910492,-0.27676172208700656,0.0015535957860183247
85.46,1.3745477260799217,-0.28234006985773064,0.0013643552461904962
85.48,1.3703937023174104,-0.2881625311449891,0.001638605611131827
85.5,1.3662767728964518,-0.294018173490124,0.0014733196639216961
85.52,1.3626414230614765,-0.29954340862880846,0.001323081358286543
85.54,1.358838233560354,-0.3050669892446837,0.0014234849202704736
85.56,1.3546797970462017,-0.3108624702554225,0.0017858395467593158
85.58,1.3510946085171915,-0.3159629815978395,0.001178132693106071
85.6,1.3471362470200368,-0.3218296084130029,0.0013145752413415979
85.62,1.342948588644677,-0.3276298828148436,0.001717542051848514
85.64,1.3391549008006143,-0.3330357877798732,0.0014401012237056643
85.66,1.335580040495451,-0.3383916195253371,0.0013160419422029446
85.68,1.3314866973216046,-0.3440314109398849,0.0016316423667707969
85.7,1.3272922906739282,-0.34988806294095676,0.0017526853551158572
85.72,1.3238287713564492,-0.35489626028569665,0.0011677715733191263
85.74,1.3198989567935748,-0.3604623768738092,0.0012384743189183811
85.76,1.3155365263704153,-0.36633250529660727,0.0016654714776151713
85.78,1.31183093304385,-0.3714807053360158,0.0011839103522101324
85.8,1.3081210218496673,-0.37682721301194533,0.0011335144832059774
85.82,1.3037852704696948,-0.38259487693261757,0.0016812034617692262
85.84,1.2999166080279405,-0.3878674552670225,0.001576191296959073
85.86,1.2959673643581051,-0.3932143931706809,0.001140351842995213
85.88,1.2916682475048162,-0.3989558440916528,0.001311420147201009
85.9,1.2874143584018176,-0.40463927093913243,0.001320679470277114
85.92,1.2835865703709628,-0.4100479575551229,0.0009934248532930123
85.94,1.2797262870843686,-0.4155294098829968,0.0010014940098360126
85.96,1.275441354976891,-0.4211939408840482,0.0015756755800532263
85.98,1.27163763237614,-0.4263272349477431,0.001138138761746954
86.0,1.2676202561318053,-0.43186249340430743,0.001073726434751121
86.02,1.263280259803267,-0.43755180998914894,0.0013370028772115017
86.04,1.259120182592955,-0.44314148752250354,0.0011352990290547649
86.06,1.2552758724981812,-0.4485757311170628,0.0011793395386219818
86.08,1.2512971541121662,-0.4539791287560888,0.0010271876318246886
86.1,1.2469409438731076,-0.4595982183922588,0.0014825542905375078
86.12,1.2428590956560104,-0.4649964610859415,0.0010053866518527632
86.14,1.2386732343024467,-0.4707742570664144,0.0008703176759801978
86.16,1.2343508799351444,-0.47639293505336927,0.001231229040781573
86.18,1.2302080347102076,-0.48208195384669117,0.0009272457279141666
86.2,1.2265049137380974,-0.4873223864729399,0.0007506587087504624
86.22,1.2222025892768404,-0.4930209722043931,0.0011997198410856336
86.24,1.2182795453339232,-0.4982528217035215,0.001045778481159082
86.26,1.2142512042470324,-0.5038003099861965,0.0007658244982687579
86.28,1.2099906934605527,-0.5094340676303964,0.0009960505267598563
86.3,1.205667447306696,-0.5151196814385339,0.0012695644683081708
86.32,1.201808148326394,-0.5203180094948419,0.0008576055339871436
86.34,1.197971909945618,-0.5256379050100584,0.0009000576624161316
86.36,1.1935998981364146,-0.5313107855945937,0.001271500827709715
86.38,1.1895352490624396,-0.5366081930303166,0.0011164065617813856
86.4,1.1854248422493403,-0.5421639464381462,0.0009076813752242896
86.42,1.1810397818941492,-0.5478836303974822,0.0011024800486439668
86.44,1.1767904779516978,-0.5534636546060386,0.0010933104384972803
86.46,1.1730532969294394,-0.5588055058362822,0.0009285223977827106
86.48,1.1690608853177278,-0.5642297878167231,0.0009566370040795802
86.5,1.1646731527541567,-0.5699144709561692,0.0014613397236855619
86.52,1.1606247136529937,-0.5752152354217615,0.001082412574130942
86.54,1.1564916773717937,-0.5808224323775886,0.0009288921066161748
86.56,1.1521453776376265,-0.5864714716031725,0.0012675215722850741
86.58,1.1479472008503617,-0.592131226490021,0.0010306414354669946
86.6,1.144135546704138,-0.5974228571496701,0.0009020969962775238
86.62,1.1398073216376583,-0.6030641813567603,0.0012331467850359157
86.64,1.1356685616921207,-0.6085280922318437,0.0013835266580023986
86.66,1.1318745283707201,-0.6136269423958851,0.000783309916893099
86.68,1.127734408978228,-0.6192963579661783,0.0009759491633334061
86.7,1.1233253127300882,-0.6249612017742621,0.0014555879453799214
86.72,1.1194816744048677,-0.6301306820751789,0.0011332236606911572
86.74,1.1156825042197358,-0.6353763645966096,0.000989393897687818
86.76,1.1112722426554755,-0.6410273675411778,0.0015065726646351085
86.78,1.1071691612200303,-0.646402927700316,0.0013513657159343329
86.8,1.10327998014454,-0.6516866593162227,0.0010525653757494091
86.82,1.0989751575908446,-0.6571735132923925,0.001419609976570757
86.84,1.0945735494909232,-0.6628244103261904,0.0016759964952802742
86.86,1.0909207776986376,-0.6676181862471764,0.0009850585375308918
86.88,1.0867139523491605,-0.6732161201840772,0.0010455584195521728
86.9,1.082221331350484,-0.6788133064336387,0.0017006263399547417
86.92,1.0782742386906576,-0.6838303623322117,0.001336073452419012
86.94,1.07400927858274,-0.6895104591514161,0.0012386384201349965
86.96,1.0695541275765177,-0.6951517185492682,0.0016282017533333637
86.98,1.0653255739238263,-0.7005910963179228,0.0015210706392318474
87.0,1.0614119908333213,-0.7058229557060266,0.0012992270345964785
87.02,1.0572486070450828,-0.711185730410473,0.00141253762330254
87.04,1.0527529527641746,-0.7168360222646524,0.0019150553101736079
87.06,1.0488119276103771,-0.7218045790173199,0.0013681257204057329
87.08,1.044561907392171,-0.7273179091229984,0.0013072346985032457
87.1,1.0400672692475952,-0.7328871861844038,0.0016618114157726793
87.12,1.0357174249296315,-0.7385241093165569,0.0014068638926588717
87.14,1.0317399939035796,-0.74380719015179,0.001213093680651367
87.16,1.027350852094319,-0.7493509289448667,0.0016669170753506324
87.18,1.0230762131696811,-0.7547947555305998,0.0016400853861369136
87.2,1.019270096799928,-0.7598335860042709,0.0011166616103842064
87.22,1.0150335936384076,-0.7652295297916886,0.0014109369444071374
87.24,1.0104585120856069,-0.7710112050322526,0.001650419376190232
87.26,1.0064242014220945,-0.7761856018758696,0.0013893950147473577
87.28,1.0025371538479448,-0.7812696530939672,0.0012358579527742553
87.3,0.9979784230972482,-0.7868767337748211,0.0016526529857773253
87.32,0.993722740133713,-0.7921833835181358,0.0014185990327569842
87.34,0.9896574586465664,-0.7973916442880222,0.0011598834595541452
87.36,0.9851943021016408,-0.802764802780601,0.001510084474363016
87.38,0.9805204333264154,-0.8084449954621193,0.001466621355632497
87.4,0.9765043467462916,-0.813437253030203,0.0011048348504564542
87.42,0.9724011082922736,-0.818586345359846,0.0011257131675822263
87.44,0.9676944202393326,-0.8241277487298545,0.0016762163656913742
87.46,0.9634586614514757,-0.8291467426416659,0.0012143203767320532
87.48,0.9590356780375346,-0.8346345462676039,0.001100933842777596
87.5,0.9543784642595841,-0.8400616248220052,0.0015188608332035725
87.52,0.9498394315607046,-0.8455110238065309,0.0012477952055043318
87.54,0.9459363501939186,-0.8505582699749492,0.0011751756032846172
87.56,0.9416222611233152,-0.8557814401880819,0.0011391652724659918
87.58,0.9371045503449693,-0.8611450366683973,0.00147518462092186
87.6,0.9327871019857722,-0.8662570573962631,0.0008601943009060031
87.62,0.9282333098553882,-0.8718959972706963,0.000936224432597832
87.64,0.9236010672529158,-0.8772514863082032,0.0014136214836878713
87.66,0.9192356688088101,-0.8826214619249391,0.001132209426538383
87.68,0.9153882329842605,-0.8876178235768973,0.001036246867073598
87.7,0.9108755268081364,-0.8929994109390825,0.0012576471816672374
87.72,0.9065668912224651,-0.8980889566686419,0.0012643989233081798
87.74,0.9022680683341664,-0.9033261156404392,0.0007755764893218609
87.76,0.8976238288653056,-0.9088101966511793,0.0010545873942728323
87.78,0.893064920364737,-0.914185606814309,0.0013144535298005022
87.8,0.8889767007055708,-0.9191282187466813,0.0008606801018898602
87.82,0.8848783863697034,-0.9242381120915335,0.0007688337833801628
87.84,0.8801586275472391,-0.9297628682187471,0.001296074156521665
87.86,0.8759454305611248,-0.9347352179938928,0.0009370608130133407
87.88,0.8717430708487888,-0.939894639021569,0.000740230053219465
87.9,0.867131334887056,-0.9452211589968996,0.0011654680894180591
87.92,0.8625126588864303,-0.9505950515037769,0.0010706178492923546
87.94,0.8584125288767941,-0.9555308909351125,0.000675134820332074
87.96,0.8540368981907541,-0.9606161149243563,0.0009270367694146076
87.98,0.8491464489504696,-0.9662133342065103,0.0011505102592870853
88.0,0.8449681542651503,-0.9710771181782932,0.0008162392925748219
88.02,0.8406699256046127,-0.97612476985412,0.0007699030925722161
88.04,0.8358590914439528,-0.9814450089960781,0.0012434684270400675
88.06,0.8313817678354319,-0.9865116616790681,0.001055662024827736
88.08,0.8272268748017622,-0.9913828841331878,0.0007055517746694384
88.1,0.8225294586466703,-0.9965742856051497,0.0012262477196816335
88.12,0.817688291444453,-1.0019261584190469,0.0012644943790284524
88.14,0.8135345298762731,-1.0066044439289643,0.0006620029982442599
88.16,0.8090146279915511,-1.0116006233398875,0.0009448406861565506
88.18,0.8039805674297988,-1.0170684752244934,0.001220527762870155
88.2,0.7996317775692862,-1.0218816699119215,0.001006108425850638
88.22,0.7952613568351776,-1.0267541503368243,0.0008469987558006598
88.24,0.7903151356370794,-1.0319255724686098,0.0013474117521367068
88.26,0.7855425383703084,-1.0370467778303452,0.0012294976006560765
88.28,0.7812720637782127,-1.0417938909629598,0.0008980677395857839
88.3,0.7765490389723569,-1.046772847282851,0.0012847654060296476
88.32,0.7714826760755067,-1.052081392283273,0.0014700396893901624
88.34,0.7671616820286002,-1.0566593228280732,0.000976885454754245
88.36,0.7628159607256227,-1.0613433132930636,0.0010063943498744565
88.38,0.7575817148818571,-1.0666924917527099,0.0015601188399677612
88.4,0.7527606506050752,-1.0716725003540013,0.0013254698472867088
88.42,0.7485075748656925,-1.0761758183330872,0.0011365721886545943
88.44,0.7439521879248083,-1.0806839555352667,0.0015124065519889485
88.46,0.7394168924855955,-1.0852183063940775,0.0015419184291664556
88.48,0.7355244870424603,-1.089158092879026,0.001129541797512651
88.5,0.7315273597731994,-1.0932152486510018,0.0011206469173793976
88.52,0.7270633415219933,-1.097510410380375,0.0013053213447731526
88.54,0.7227637409737777,-1.1017100448731367,0.001342612583170949
88.56,0.7184597185690379,-1.1059758625158929,0.0013492062700166119
88.58,0.7136980251451447,-1.1105142111197808,0.0013024046982105797
88.6,0.7089277334081253,-1.114953619269519,0.0013386411960409905
88.62,0.703973069937046,-1.1197293260434538,0.0012531834256974128
88.64,0.6990568305285555,-1.1245099608417637,0.0014374688659642143
88.66,0.6940819578609151,-1.1289766244411585,0.0013557993717191186
88.68,0.6889770912117082,-1.1337210720222506,0.0012997111407521966
88.7,0.6840614372851895,-1.1385150322790216,0.0016706489393200907
88.72,0.679330459948679,-1.1430216245577203,0.001317544451414021
88.74,0.6742646072891055,-1.1476076957776309,0.0016676373868877714
88.76,0.6690854440889136,-1.152548537634318,0.0014268969045721225
88.78,0.6641298248992055,-1.1572823047531444,0.0018365520863632967
88.8,0.6593268162699581,-1.1618197963089014,0.0012991183301993559
88.82,0.6538459182275302,-1.166807984407057,0.0013574636296622422
88.84,0.6487251512769203,-1.171724566653774,0.0017007201576378084
88.86,0.644108550478699,-1.1760507848054078,0.0013108315227119138
88.88,0.6387246747581911,-1.1808516959885702,0.0015715421093658866
88.9,0.6335371041433454,-1.1856968316045138,0.0016427082934318271
88.92,0.6285404665885083,-1.1903394163912417,0.001589101543968574
88.94,0.6237323538328093,-1.1946058414570595,0.0016142635540109251
88.96,0.618623528951584,-1.1992133392057225,0.0013453827004462626
88.98,0.6136323618943764,-1.2039461492466383,0.0017099337366248968
89.0,0.6089347545618901,-1.2082149299128333,0.0012654818090802045
89.02,0.6038692979865603,-1.2127427745139527,0.001181563044879319
89.04,0.5986705032960891,-1.2176617086897565,0.0016771689070205487
89.06,0.5938517381938223,-1.2221496874443232,0.001431909019270483
89.08,0.5885654647959436,-1.226887143623137,0.0013906738117914208
89.1,0.5832515146649694,-1.2318432423496208,0.001352144260759719
89.12,0.5781813425158171,-1.2365218369550466,0.0012941601307101813
89.14,0.5734377688651103,-1.2406651067337657,0.0014360988548729192
89.16,0.5684065224025427,-1.2452094490344732,0.0010393630849850066
89.18,0.5632947653660005,-1.2500312016073456,0.0016626216156197249
89.2,0.5586135969997597,-1.2543674293657454,0.0012011238708419247
89.22,0.5537267984835551,-1.25867335161106,0.0011432546474824945
89.24,0.5484754321404686,-1.2636502164061314,0.0013678025366643531
89.26,0.5435502894419786,-1.2682669347672733,0.0011101247429416983
89.28,0.5388932685387895,-1.272401652087226,0.0011157717976532922
89.3,0.5338659757460326,-1.277263548520009,0.0011765693024341495
89.32,0.528715853356195,-1.2821652318183836,0.0011602982700764375
89.34,0.524153433533015,-1.2863639194714156,0.0010878702270158414
89.36,0.5192537954268414,-1.2910668769564602,0.0008371722004726634
89.38,0.5141265848390274,-1.2961080059647303,0.0012703373638219273
89.4,0.5093606988252218,-1.3006673579556096,0.0009331236680860389
89.42,0.5041574556243769,-1.305596473792676,0.0010663947234925142
89.44,0.4990704421047094,-1.3106117914835136,0.0012224771919946698
89.46,0.49441849504432134,-1.3151344385737567,0.0011421814507047712
89.48,0.48932729802177993,-1.3198773168525364,0.0011075281766771972
89.5,0.4839938757987499,-1.324997939886355,0.0009487287303373559
89.52,0.4791567621778718,-1.3296627398897967,0.0012653952966986959
89.54,0.47447728396455485,-1.3340489853192175,0.0009542180436914183
89.56,0.4690251782255915,-1.339063759053212,0.0009312949286994221
89.58,0.46414897530919874,-1.3437671934742823,0.0011961202811752447
89.6,0.4593447337371218,-1.3482566563711722,0.0009127570487780512
89.62,0.45415875125073085,-1.352916984847586,0.0014553452549324608
89.64,0.44936639615468477,-1.3572974340403332,0.0009637621987342582
89.66,0.44452483768085416,-1.3619326709793271,0.0010511600943563792
89.68,0.4395603431735928,-1.36644406399608,0.001155808359634275
89.7,0.4345533286374134,-1.3710050260880293,0.0008182422403509859
89.72,0.4296305859443317,-1.3757764973581388,0.0011726114146783373
89.74,0.42487703820115874,-1.3800811495627427,0.0011301751873439292
89.76,0.4197593669436242,-1.3847281534538958,0.001152597484865736
89.78,0.4147680859989774,-1.3894347383289813,0.0014429249009951517
89.8,0.4098158103160199,-1.394050807186995,0.00138170309206051
89.82,0.4053599108978412,-1.3980291650357535,0.001091891056598293
89.84,0.40030555953418956,-1.4028030417711064,0.0011619256101689512
89.86,0.3951249965819943,-1.407654845678856,0.0011510827307008586
89.88,0.3904625758632243,-1.4117977764474963,0.0012150752082168426
89.9,0.38558005849150495,-1.4163901995947206,0.0010016277378742111
89.92,0.38046459279796946,-1.4212803944897783,0.0015006927305729334
89.94,0.37577032543621725,-1.4258122509945945,0.0009917096891299548
89.96,0.37040279420898087,-1.4306828818039614,0.0012849458666054636
89.98,0.3652431038868569,-1.4356646770865387,0.001400226654242609
90.0,0.36035401414849927,-1.440315263594116,0.0012505620296230924
90.02,0.35558529016018525,-1.4446145673820163,0.0013806497659892003
90.04,0.3507750106798462,-1.4491699714070938,0.0013376650893572317
90.06,0.3457099047731015,-1.4540095249344425,0.0014987778510621996
90.08,0.3412311024007547,-1.4581442428861806,0.0013045138299588033
90.1,0.336278347479143,-1.462767446656739,0.0010254746618557908
90.12,0.3311147196950182,-1.4678333159029409,0.0016359504552808102
90.14,0.3266654446697279,-1.4721135062607698,0.0011755678996861474
90.16,0.3215702228088747,-1.4768023856998584,0.001462703257195358
90.18,0.3164598312173459,-1.4817532249352772,0.0015367577025888202
90.2,0.3117472606652716,-1.4862868288041078,0.0014974345821925361
90.22,0.30691960388860895,-1.4908336516729577,0.0015304281820395782
90.24,0.3017812208894593,-1.4957240149934934,0.001365490079071885
90.26,0.2968042386417913,-1.5005701057011003,0.0018396903687113442
90.28,0.292213529609679,-1.5049435161646443,0.0014089510700700802
90.3,0.2872076624553617,-1.5095672372033562,0.0014945631309197516
90.32,0.28236655281015866,-1.5142542711893494,0.0016690721569304623
90.34,0.27748684225286724,-1.5189820450224443,0.001350316754215708
90.36,0.2725145514974546,-1.523522414908163,0.0017621143343775902
90.38,0.2676442644664132,-1.5281882898327606,0.0015746839537479074
90.4,0.262609435364584,-1.5330697341470927,0.001784371020755099
90.42,0.2580805202036752,-1.5373144461414114,0.0015207154567307979
90.44,0.2531171899032683,-1.541986637394914,0.001295849748548239
90.46,0.24799278953202847,-1.5470537700476341,0.0017330329682817003
90.48,0.2434962530813055,-1.5514482853498135,0.0012143623193003328
90.5,0.2383051725546161,-1.5562413241639081,0.001467844975264948
90.52,0.23320512978413277,-1.5612573808798431,0.0016791059913645878
90.54,0.22853939524690048,-1.5657762925222047,0.0015017848440029291
90.56,0.22376437634504548,-1.5703078440454006,0.0014855136832138127
90.58,0.21870828712490892,-1.5752730876960215,0.0014436754627653037
90.6,0.21375870971479594,-1.5800751867145142,0.0016429889401444464
90.62,0.20881225933875813,-1.5847542305211144,0.0013541820855532405
90.64,0.20344903110040044,-1.5897856459955422,0.0011704417806593925
90.66,0.1985642835407686,-1.5945961811918683,0.00173992662777106
90.68,0.19376625233704498,-1.599198670932785,0.0012153540480463465
90.7,0.18871852299326874,-1.6037893073020575,0.00160584031768235
90.72,0.18400590748682694,-1.608299204124514,0.001387373084583865
90.74,0.17906577219762,-1.613045301081669,0.0012397318365258425
90.76,0.17398203094509468,-1.6177002102178422,0.0015994523032725194
90.78,0.16908418857529567,-1.622258779683572,0.001362349082680403
90.8,0.16446592800709656,-1.6267383822035955,0.0012016592112309987
90.82,0.15918388930459254,-1.6315436919122763,0.0012047491400287713
90.84,0.15409674756438674,-1.6362787056754091,0.001063325179142316
90.86,0.1489534560815712,-1.6412520025245527,0.0013365176504396281
90.88,0.1437314243692161,-1.6461205175580027,0.0010465520769123715
90.9,0.13868203683486396,-1.6507868066163767,0.0014180287295448013
90.92,0.1340804340341887,-1.6551857127147453,0.0011793906009314459
90.94,0.1290960540186371,-1.6599625515361547,0.001027639022696647
90.96,0.12419373983637103,-1.6644966838723623,0.0013383361908754776
90.98,0.1193019150682218,-1.6690478852466872,0.0010166289858943023
91.0,0.11451511012464774,-1.6737085876416935,0.0013033035527590664
91.02,0.10974556256682819,-1.6781215056969692,0.0010793944353945928
91.04,0.10464305809400805,-1.6828169844448597,0.0012354800055984216
91.06,0.09971520361632595,-1.6875484302244648,0.0013003267945543018
91.08,0.0948860362325219,-1.6921494944341449,0.0011731004682394852
91.1,0.09027253994637241,-1.696369458087158,0.0009267648236923609
91.12,0.08520993339247226,-1.7013088421026925,0.0010527703521740206
91.14,0.08034958205730172,-1.7059459154247,0.0009594478107094739
91.16,0.07518765979211603,-1.7107243273140225,0.0010931823609767466
91.18,0.06997704729648954,-1.715637634812109,0.0008618076294529264
91.2,0.065059043739648,-1.7204012843973069,0.0014934979936643555
91.22,0.06031897212178512,-1.724905191392991,0.0009738989211797999
91.24,0.05542859790586433,-1.7293552543186037,0.0012327146870243222
91.26,0.050498894264702485,-1.7340606766948252,0.0011800983998641879
91.28,0.04550975574652766,-1.738808066791103,0.0011414969968603361
91.3,0.04067452509126162,-1.7432286971074866,0.0010634619743027929
91.32,0.03554163649952185,-1.7481375197903655,0.0010373849491759624
91.34,0.030614278434655605,-1.7528042578549463,0.0012203323616272743
91.36,0.025658307997916095,-1.757392212127575,0.0010512165422520703
91.38,0.020247528580205752,-1.7623704593697842,0.000927326053626637
91.4,0.015169730179244015,-1.7672754159926114,0.0012831323022002294
91.42,0.010800221775507622,-1.7714031186395227,0.0008264813918472114
91.44,0.005594323160852989,-1.7761103109998555,0.0012243644265809983
91.46,0.0005406437733242661,-1.780867393220138,0.0013112923083359318
91.48,-0.00442897585001268,-1.7855361164964252,0.0012436417696164992
91.5,-0.00902498668157738,-1.7896818965526773,0.0011828086259319248
91.52,-0.014057293920914801,-1.7944401179826415,0.001121476499211349
91.54,-0.0191816300023551,-1.7992563635885361,0.001439159671355661
91.56,-0.023750309662437068,-1.8034585103884127,0.0011391234667291195
91.58,-0.028947142893157148,-1.8081995352540532,0.0011425681024802847
91.6,-0.033954592286567505,-1.8129980083666184,0.0016388461025957368
91.62,-0.03884304986607692,-1.81761738391241,0.0014093421983824295
91.64,-0.04347016599984334,-1.8218105861663518,0.0013496506366047767
91.66,-0.04851147579989328,-1.8266374606268838,0.0014039452100675087
91.68,-0.05346961825171025,-1.8313267031124931,0.001573239230294149
91.7,-0.05824155089063032,-1.835748781126576,0.001324684748380739
91.72,-0.06346945772113029,-1.8406236465582817,0.0011747589322176344
91.74,-0.06850466145702967,-1.8454878758841948,0.0016610079899161134
91.76,-0.07307582412372403,-1.8498383829108083,0.0011230464769571569
91.78,-0.07848328270429875,-1.8547044830515664,0.0014233736257437124
91.8,-0.08366667139304723,-1.859668794887853,0.0016244837849543614
91.82,-0.08838007968150019,-1.8641074551863541,0.0014304233016536605
91.84,-0.09333081232194271,-1.8686046489027317,0.0015131917407421314
91.86,-0.09844862803760385,-1.873404653596374,0.0015082643562286113
91.88,-0.10351409204263487,-1.8781618596822143,0.0016025973284883865
91.9,-0.10818801878350404,-1.8823960697464444,0.0015119430426140668
91.92,-0.11318801400561584,-1.8869602887716383,0.0012938512434017557
91.94,-0.11816732609962341,-1.8917113190887305,0.0017081026451827575
91.96,-0.12284363294896296,-1.8960612129034893,0.0013684044438466991
91.98,-0.1278319510322559,-1.9005536325935097,0.001599141595358261
92.0,-0.13294502473938874,-1.9054311894391922,0.0016922983858009832
92.02,-0.1378147579853975,-1.9100060864096322,0.0017541445079428397
92.04,-0.14280693986406945,-1.9146321485466846,0.0014549921376623975
92.06,-0.14810933543120713,-1.919638823365657,0.0014341729521014646
92.08,-0.15317868695773942,-1.9244231197478552,0.001650647377565262
92.1,-0.15780073959287635,-1.928612363484614,0.00147498962915954
92.12,-0.16308602582666146,-1.933433238429891,0.001418108973911092
92.14,-0.16795990037745007,-1.938064422296986,0.001745420971309003
92.16,-0.17275989496422708,-1.9425491519634017,0.0013173707327216455
92.18,-0.17775160257386563,-1.9470038720693679,0.0014708889864818164
92.2,-0.18273772728944845,-1.9516868417009168,0.0016213582234501367
92.22,-0.1878429845478384,-1.9564640626641356,0.0015348247890033806
92.24,-0.1925215472131725,-1.9606607228465591,0.0014621488398130766
92.26,-0.1975666455109204,-1.9653561838106852,0.0012516463869365058
92.28,-0.20272008079383483,-1.9701931164202362,0.0017163556237105027
92.3,-0.2076795856729492,-1.9748082182187539,0.0012213190581138456
92.32,-0.21312248033068165,-1.9796470729304714,0.001339469835703988
92.34,-0.21833689595849293,-1.9845786249379904,0.0014987635958964296
92.36,-0.22310873533931594,-1.9890031782642197,0.0012113693112997537
92.38,-0.2281194171659243,-1.9934567119530948,0.0012241963052472826
92.4,-0.23318958221790376,-1.9982420091222972,0.0013842563617784687
92.42,-0.2382540562499108,-2.002964710797259,0.0012654151458538765
92.44,-0.24320131427906655,-2.007367163324992,0.001340497616006714
92.46,-0.24837726019535855,-2.0120979642059624,0.000920701699431925
92.48,-0.25349688031448114,-2.017005178029247,0.0015568333608916574
92.5,-0.2579108637400931,-2.021165940185978,0.0010603947598196717
92.52,-0.26307197974331864,-2.025824391012212,0.0011306101095839294
92.54,-0.26824016271569384,-2.0307394206727434,0.0013506236262577631
92.56,-0.27299927013770264,-2.0351836862634034,0.001161057453529346
92.58,-0.2780878744227704,-2.039845837258218,0.001142682198315148
92.6,-0.2833491819541677,-2.0447904084663837,0.0011417563312539625
92.62,-0.28833202392049634,-2.049428193163568,0.0013630578266446702
92.64,-0.2929038741896165,-2.0535745244375456,0.001067967679746512
92.66,-0.29822418716826327,-2.0583759418187353,0.0009141299161465333
92.68,-0.30331698701352805,-2.063205870194268,0.0012887003048792645
92.7,-0.308158293862193,-2.0676792026862847,0.0009236776606943997
92.72,-0.31364701077692503,-2.07256060526627,0.001120170318377356
92.74,-0.31889941937619887,-2.0774055862985197,0.0012252357341524522
92.76,-0.32390214365520065,-2.081988695077206,0.0010958909391998728
92.78,-0.3289484996697143,-2.0864229829276653,0.0012843098982898427
92.8,-0.33398238916001194,-2.0909007280290464,0.0010486068872794796
92.82,-0.3387558978817122,-2.095319590434232,0.0009915901927639859
92.84,-0.34400760259132845,-2.099890377432846,0.0011647705779360973
92.86,-0.34915502912087637,-2.104452319086942,0.0011373082753771135
92.88,-0.35381503161426753,-2.108724492837875,0.001025925421877738
92.9,-0.3590675688127365,-2.113316221458016,0.0008469929118471442
92.92,-0.3643702342614047,-2.1179532010762454,0.0009544227964870255
92.94,-0.3694193367794977,-2.1225614145160816,0.0011194287305592299
92.96,-0.3746021544167197,-2.1271937658174322,0.000916886297031072
92.98,-0.3797752987185327,-2.131660317219166,0.0012395154924960128
93.0,-0.38459414792258123,-2.1359576344569264,0.0009436775881893067
93.02,-0.3896910328901822,-2.140612336282265,0.0012366060056704653
93.04,-0.39463344166759834,-2.144930354311071,0.0012014432062354696
93.06,-0.39985528057323,-2.1495106873533607,0.0012690340701347058
93.08,-0.40464245411991795,-2.153864126736545,0.001352565497283964
93.1,-0.4096611250315151,-2.1584009282992502,0.001081120441881328
93.12,-0.4147218335451701,-2.162762836026769,0.0013351265415452729
93.14,-0.4196607897368257,-2.1671981198778205,0.001190070624986883
93.16,-0.42480073954043385,-2.171841440255862,0.0011937964635309328
93.18,-0.42967077013920835,-2.1759940287993205,0.0013789254418778707
93.2,-0.4348018793037418,-2.1805049737852507,0.0011234820193192774
93.22,-0.4398528946191555,-2.1851148187719533,0.0015877393526916028
93.24,-0.4446473700394974,-2.1894360339132417,0.0011112943516676521
93.26,-0.4497567854793511,-2.1938423214046168,0.0012760059197390317
93.28,-0.4548747908194416,-2.198496762951458,0.0015495896322354208
93.3,-0.4598912349162088,-2.203031953824515,0.0014199216937385573
93.32,-0.4649170699097627,-2.2074390235994477,0.0014630716191029458
93.34,-0.4702284094458275,-2.2122557590562297,0.001298842791648519
93.36,-0.47531947547789194,-2.2168668651268524,0.0016446970377162196
93.38,-0.48035248834399846,-2.2213176634281955,0.0013116958310272209
93.4,-0.4859429309716615,-2.226191706759427,0.0012563594037954817
93.42,-0.4910419686445272,-2.230822893439381,0.0017297470404270543
93.44,-0.49602558533026614,-2.2352679432524107,0.0012843820465050781
93.46,-0.50129200204425,-2.2397111251848414,0.00182067594210103
93.48,-0.5061449007231911,-2.2439410373602,0.0014154594215866068
93.5,-0.5111809019603077,-2.248485986190186,0.0013227662360799364
93.52,-0.5163796247225059,-2.25294873360723,0.0016997704970833083
93.54,-0.5214434906752362,-2.2573060462816077,0.0013304273191037108
93.56,-0.5264138736904936,-2.2617866271925653,0.0015895937847305586
93.58,-0.5315923276021778,-2.2662250007081344,0.00164517768717376
93.6,-0.5369580242631472,-2.270825889027797,0.0017915053020049199
93.62,-0.5415051372302769,-2.274835375238921,0.0014925066808841592
93.64,-0.546733695711198,-2.2793219817012087,0.0012713383357708385
93.66,-0.5521995905348642,-2.283933159463302,0.0015162739210603793
93.68,-0.5573045895208237,-2.2884044224209257,0.001516583572810759
93.7,-0.5626642748595132,-2.2930717669499474,0.0013378951765158353
93.72,-0.5679555712048073,-2.2974812048480464,0.0016705622227115857
93.74,-0.5729595730733482,-2.301734268264652,0.00129154849595281
93.76,-0.5780231916641658,-2.306251841329642,0.0015642659727479191
93.78,-0.58310979721538,-2.310567743948801,0.0015399522872784066
93.8,-0.5884315799480521,-2.315103696540193,0.001673514172169821
93.82,-0.593272514412914,-2.3193272188757743,0.0015391758009339895
93.84,-0.5983892459398659,-2.323789191304869,0.0012675623926284019
93.86,-0.6037683083911323,-2.3282655331839393,0.0016364165539376752
93.88,-0.6087614001151224,-2.332561226830631,0.0012787925306400605
93.9,-0.6138934610888832,-2.3370733768760776,0.001258554284644442
93.92,-0.6193707770820978,-2.341631559800493,0.0014764968358325636
93.94,-0.6246086899829649,-2.346112702956324,0.0013240504757790206
93.96,-0.6299475263055956,-2.350845386816492,0.0014121889424208445
93.98,-0.6354110365160364,-2.3555038043004854,0.0013159291836730702
94.0,-0.6406065908571904,-2.3599379852166105,0.0015978739246982343
94.02,-0.6455893503252785,-2.3643223235249065,0.0014067302173443041
94.04,-0.6508427165556631,-2.3689572250670365,0.0013945976573674634
94.06,-0.6557133468002201,-2.3730929236537044,0.0012796928696858778
94.08,-0.6608455877895216,-2.377584167949721,0.001178012969171749
94.1,-0.6661577819217953,-2.3822810661425007,0.001394388280998582
94.12,-0.670972532966315,-2.386383839695809,0.0011670262280009114
94.14,-0.6763584524297722,-2.3909864064681865,0.0010304728962386434
94.16,-0.6814255712567887,-2.3955208132038175,0.0014578024929835787
94.18,-0.6864833697262647,-2.399968756177398,0.0010556005951265768
94.2,-0.6916520425469579,-2.4043174761924293,0.001340216822944107
94.22,-0.6966019183158737,-2.4086510344081002,0.00111004836783124
94.24,-0.701713958366559,-2.413162623538096,0.0010140205966031601
94.26,-0.7069011387882126,-2.417514004572252,0.001188180195090982
94.28,-0.7121005759315175,-2.4220213957123073,0.0009540026608471086
94.3,-0.7172209761894376,-2.4265673688248524,0.0012406066701294294
94.32,-0.7220839104724983,-2.4306589133234486,0.0011477966771831494
94.34,-0.727361899121222,-2.4351269033592375,0.001198996882199016
94.36,-0.7322957100901785,-2.4394615717478962,0.001215005548831305
94.38,-0.737374424138252,-2.4438970253698455,0.0009795450802682626
94.4,-0.7426632203843822,-2.4483112912080154,0.001232289802020392
94.42,-0.747661915480515,-2.4526558968548127,0.0010371269481161682
94.44,-0.7528695264771236,-2.4572322806097606,0.0010383405910308618
94.46,-0.7581127020656226,-2.4616331717584456,0.0012892926942424943
94.48,-0.7632688679342573,-2.466032635581753,0.0011297374108047986
94.5,-0.7680242066065952,-2.470253545432502,0.0011176178763729616
94.52,-0.7733359077001609,-2.474734068328147,0.0010642403555962687
94.54,-0.7785197361603136,-2.479141828428446,0.0012634443201472445
94.56,-0.7836648074804975,-2.483602837417292,0.0010659652769127725
94.58,-0.789145698736605,-2.48838107571078,0.0008003302903827891
94.6,-0.7946134258976083,-2.492866490279191,0.001241658416390734
94.62,-0.7992527132538441,-2.4968787820534777,0.0009553028580699119
94.64,-0.8043463895949416,-2.50132099362211,0.0009276720407595807
94.66,-0.8097675012787202,-2.5058201788068786,0.0012559179319400482
94.68,-0.8148210909462369,-2.5100885557434927,0.000942625152807991
94.7,-0.8201054605213708,-2.514765585236432,0.0012381951549890746
94.72,-0.8253958174669159,-2.51924223564701,0.0011945858097898998
94.74,-0.8306294810640424,-2.5236456940849075,0.001443082157838671
94.76,-0.8356976494841247,-2.5280915847919796,0.0013809368810455414
94.78,-0.8409525437011234,-2.5327091937643456,0.0015060587010649884
94.8,-0.8455771024561182,-2.536631005330095,0.0012405309618649385
94.82,-0.8507315633568192,-2.541169105108592,0.0011332258002682005
94.84,-0.8560168012743492,-2.5458370103042034,0.0013818455664718066
94.86,-0.8610428341426323,-2.5501721382294225,0.0013204346723370564
94.88,-0.8664170721367233,-2.5547972956196063,0.0011591252525875728
94.9,-0.8717178044471694,-2.5595879942492736,0.0015154837741466753
94.92,-0.8764202793597238,-2.5637548634112393,0.001229528795677004
94.94,-0.8818606277737807,-2.5683474812472022,0.00148044820505161
94.96,-0.8870924368208776,-2.5729701408663104,0.0014630463895953794
94.98,-0.8921967515184958,-2.57745352668751,0.0014668711985485194
95.0,-0.8974307669984949,-2.581853701917398,0.0017340246312747554
95.02,-0.9027447419696957,-2.586376335080972,0.0016488804077294528
95.04,-0.9074398925499894,-2.5905091027332103,0.0015249664058068213
95.06,-0.9127462605245906,-2.594957530416973,0.0014929838158832809
95.08,-0.9181208985114933,-2.599478880255077,0.0017706992260030918
95.1,-0.9230087142029754,-2.603679777450868,0.0014649760681189894
95.12,-0.9283899376386205,-2.608333233985245,0.0011590810665300932
95.14,-0.9339057884795215,-2.6128141939104546,0.0017826094935869952
95.16,-0.9388338655197797,-2.616937967920275,0.0013406757805179692
95.18,-0.9442852344954613,-2.6217410434650548,0.0014517712497207347
95.2,-0.9497548696671958,-2.626340533152084,0.0016626698702701947
95.22,-0.9545988530327035,-2.630429537862645,0.0014331396337500801
95.24,-0.9596973662600876,-2.6349070068148244,0.0015629737766196528
95.26,-0.9650003419916219,-2.6394174153466006,0.0015596447899600685
95.28,-0.9703164916530941,-2.6439446147831687,0.0016996839406621667
95.3,-0.9749162102944522,-2.6479855527808103,0.001513889595876533
95.32,-0.9800582459838242,-2.6524919640394073,0.0012270598485822348
95.34,-0.9855501196497743,-2.657075422861793,0.0017831122578113312
95.36,-0.9904348326319092,-2.661209401796189,0.0013250259177340906
95.38,-0.9957591273487493,-2.665930892518401,0.001495514372496426
95.4,-1.0010978303182887,-2.6704245075349293,0.0016221276069029456
95.42,-1.0063413775927625,-2.674897407872048,0.0014503240056430444
95.44,-1.011308940429485,-2.6792918880356003,0.0015810096236559268
95.46,-1.016203352204508,-2.6835339882500286,0.0012817112089530958
95.48,-1.021429118542048,-2.6878800518720527,0.0014216788580811157
95.5,-1.0265938369789502,-2.6924206390464587,0.0016330671669440577
95.52,-1.0318422813741337,-2.6970198072338083,0.0016537704193438363
95.54,-1.0364574523418524,-2.7009042986663836,0.0014062910345570279
95.56,-1.0415532709832263,-2.70536723364389,0.0011854025941158697
95.58,-1.0469840202593295,-2.710198640306524,0.0015748837229971058
95.6,-1.0515290601218956,-2.714110230077896,0.0011882139747042553
95.62,-1.0565352244693695,-2.7184920727348563,0.0010503246310746561
95.64,-1.0618684988742595,-2.7233407967492274,0.0013438192855913522
95.66,-1.0667637290070209,-2.727708218036436,0.001043262422485397
95.68,-1.0721688912349356,-2.732346429503462,0.0012711600330990447
95.7,-1.0774001157235888,-2.7370897749958143,0.0013534679503439673
95.72,-1.0825369092538037,-2.7416795757607573,0.0013939822151835535
95.74,-1.0871913292281454,-2.7456729409897513,0.0012376107782473833
95.76,-1.092281983435118,-2.750143531412642,0.0009430598949387303
95.78,-1.0975168989587023,-2.7548951356127755,0.001461616230207352
95.8,-1.102277771718211,-2.7591312386239144,0.0010206889805807473
95.82,-1.1072937793037885,-2.763466785941485,0.0010601161267616566
95.84,-1.1125234110094002,-2.768273489873711,0.001285916767524764
95.86,-1.1173814151242356,-2.7726891402627105,0.001132556792588224
95.88,-1.1225741425855515,-2.7772582733686457,0.0011228067563716082
95.9,-1.127860370064684,-2.782101606702029,0.0010382380744512199
95.92,-1.1328341198385803,-2.786593294466152,0.001170595374338751
95.94,-1.1379534908622035,-2.791079806406675,0.001094041633713294
95.96,-1.1434466830622685,-2.7959022173557804,0.0008425281350863678
95.98,-1.148446306890426,-2.800495409700281,0.001276205144567999
96.0,-1.1533336709609359,-2.804793288971379,0.0009963415070308734
96.02,-1.1586163469509692,-2.809309398899738,0.0013149828966889099
96.04,-1.163314233882134,-2.8134990557322204,0.0010300902852635185
96.06,-1.168381264365659,-2.8180266827646037,0.0008095227586614462
96.08,-1.17378720210553,-2.8226094468533622,0.0014067499778571135
96.1,-1.1787675326223108,-2.826901809605257,0.001028723753075278
96.12,-1.1838240913185978,-2.8314530135011013,0.0010833038956941654
96.14,-1.1891041422359865,-2.8359886534716607,0.0012333797749071729
96.16,-1.1943640977673702,-2.8405570341987283,0.0011667592423728335
96.18,-1.1991458463662035,-2.8448416806633405,0.0012278054658951265
96.2,-1.204177455100395,-2.849314289811295,0.0008333054103994153
96.22,-1.2095430343571485,-2.853824926355732,0.0013429909715075294
96.24,-1.2142689322738571,-2.857983645955057,0.0010465245117393107
96.26,-1.2192968359594532,-2.8624604535011775,0.0008986637621479221
96.28,-1.2247825136347632,-2.8670428350235544,0.0014072173456354253
96.3,-1.2297985054298533,-2.8713405894261324,0.0011669042540250474
96.32,-1.2351063927899466,-2.876095240060592,0.0012129543263631748
96.34,-1.240642132875408,-2.880804385047206,0.001241355868367433
96.36,-1.2458475801832356,-2.885294764173133,0.0013595368266893226
96.38,-1.2503931166338982,-2.889360384146295,0.0012742243934567299
96.4,-1.2554732289061767,-2.893781746828175,0.0010884678874055753
96.42,-1.2608687080725383,-2.8984141431612613,0.0016290773201294295
96.44,-1.2657063952303982,-2.9025580343404807,0.001096022616746073
96.46,-1.2706238063356503,-2.906985214210003,0.0011541698148435087
96.48,-1.276106194179255,-2.9116138018625084,0.0015013720055787882
96.5,-1.2810275881864175,-2.9157733820474077,0.00134387146899545
96.52,-1.2861789748304595,-2.920287245848261,0.0013341522088007596
96.54,-1.2916039654181775,-2.924905803956143,0.0014059410933113248
96.56,-1.2967567772495139,-2.9292983650262,0.001542295916557912
96.58,-1.3017505185710454,-2.9336602976129176,0.0013669580284917104
96.6,-1.307140123173898,-2.9383662147990846,0.0011147309953282447
96.62,-1.312461334681367,-2.942812038065621,0.001726411407883599
96.64,-1.3173392005535927,-2.946979808320527,0.001246524331817489
96.66,-1.3223830764443332,-2.9515129173253247,0.0015607285974061913
96.68,-1.3274957264603602,-2.9558790974757496,0.0016106111670201595
96.7,-1.3327872993304388,-2.960398649683961,0.0014748916003592405
96.72,-1.337746318139301,-2.9647921092247915,0.0016343921490452606
96.74,-1.3426895015995963,-2.9690554042435906,0.0013587504923961158
96.76,-1.3479487103876457,-2.9735022351485916,0.001525118817429616
96.78,-1.3531193231759928,-2.978053951261682,0.0017394986325189044
96.8,-1.3583517440011192,-2.982642267190483,0.001793931686346284
96.82,-1.3629901098909225,-2.9865401914595977,0.0015454014575725095
96.84,-1.3681328951167542,-2.9910672438229353,0.0013519369202534548
96.86,-1.3734304812207607,-2.9957480490552353,0.0017339605800363866
96.88,-1.3785764614682576,-3.000202614339472,0.0014340509374437815
96.9,-1.3840938152252023,-3.004922874498235,0.0013883735402849262
96.92,-1.3893060815602372,-3.0095666379690202,0.0017542165506991558
96.94,-1.3944319617178182,-3.01405978633871,0.0013957806573687004
96.96,-1.3996772375823432,-3.0184356065251423,0.0018574021534485674
96.98,-1.404543498812392,-3.0225846793236872,0.001375159345822663
97.0,-1.4094977816676522,-3.027020512177041,0.001373042709106903
97.02,-1.4150145674537704,-3.031602524379276,0.0017326778686798106
97.04,-1.4200937232742563,-3.035918560738274,0.0016225136730931566
97.06,-1.4253303515020677,-3.040532013861666,0.0014447611673445715
97.08,-1.430828232638427,-3.045222043813265,0.0014421885184697225
97.1,-1.4360625031176353,-3.0497023557537752,0.0014820735564448073
97.12,-1.4407510482035184,-3.0538547209631592,0.0014193275763632884
97.14,-1.4459527187229488,-3.0583147697253406,0.001190999515119362
97.16,-1.4513618381522781,-3.0628914450955578,0.0016046559674258165
97.18,-1.4562810767165948,-3.0670973578266487,0.0011963196035445767
97.2,-1.4617366110640717,-3.071901661131765,0.0012274521749775502
97.22,-1.4670249517022789,-3.0763349223623533,0.00158344757019796
97.24,-1.4722194357810396,-3.0807919017603242,0.0012429203743417605
97.26,-1.4773172291298673,-3.0853286294585707,0.0015620070908062555
97.28,-1.4821924893380136,-3.0896144518005912,0.0011761071289292935
97.3,-1.4871850968524292,-3.0938293666846053,0.0011072915761089486
97.32,-1.4925007655132054,-3.098625747006346,0.0012555528051314824
97.34,-1.4975586495710247,-3.1030998099710145,0.0010303093264370233
97.36,-1.5029684068277676,-3.107707529115035,0.0012631935681216844
97.38,-1.5082875327895187,-3.1124183699028802,0.0011495824068674387
97.4,-1.5134842978313445,-3.117016288634936,0.0013463118188576095
97.42,-1.5180789634532232,-3.1209313728351833,0.0011191819676316939
97.44,-1.5232322553690572,-3.1253659336846287,0.0008264479233709432
97.46,-1.5285186552187466,-3.13016188688587,0.00129568801351293
97.48,-1.5336463335274302,-3.1346731170201783,0.0009449153907447605
97.5,-1.5391906062410083,-3.1393308171510155,0.0011870859665044364
97.52,-1.5445894808033465,-3.144139843133943,0.0010972757369926978
97.54,-1.5495153452499406,-3.1484511963351056,0.001064402286711591
97.56,-1.5545200737180604,-3.1526865045630577,0.0011699913619639957
97.58,-1.5596697894284146,-3.1571250875410786,0.0008724894080993084
97.6,-1.5647958919271645,-3.1616639816139878,0.0011415148838108402
97.62,-1.569913248977829,-3.166022427052357,0.0012593687800758202
97.64,-1.5752391182152068,-3.1705689001364297,0.0013381858683631787
97.66,-1.5798021164532834,-3.174578002733113,0.0010347421681701774
97.68,-1.5849620184402984,-3.17901596071487,0.0008423015652199717
97.7,-1.5904004804599143,-3.18359061065072,0.0011956268140172754
97.72,-1.5953503065641383,-3.1878821512033926,0.000961343049751956
97.74,-1.6007548022397284,-3.1925869321725338,0.0008631057276643206
97.76,-1.6059713241168168,-3.1969203380788795,0.0014110192694681833
97.78,-1.6111620403074125,-3.2013430651128187,0.0010579056723530877
97.8,-1.6160978118737375,-3.2057230098423153,0.0012975392114816797
97.82,-1.6210913377071345,-3.2100382489663066,0.0009932125206781328
97.84,-1.6263370660689898,-3.214492055598985,0.0010743292526184944
97.86,-1.6311896265723864,-3.218773201366479,0.0011810421731137666
97.88,-1.6362887662981926,-3.223242395530071,0.0008407515658206688
97.9,-1.641610916507152,-3.22765327578169,0.0015840545845912657
97.92,-1.646625020801973,-3.231920732850354,0.001189800895024573
97.94,-1.6516463925910205,-3.236428308222154,0.0013038275191633308
97.96,-1.6567306497184857,-3.2407281453582066,0.001241426947276525
97.98,-1.6621553635834987,-3.2453272257913564,0.000986564178932836
98.0,-1.6673940650512795,-3.2499898509185496,0.0014523378190230973
98.02,-1.6723976604385486,-3.254332900848526,0.0011325553461040694
98.04,-1.6779675893672366,-3.258999680948531,0.0012434213719538234
98.06,-1.6832038917252556,-3.2635356055423586,0.0013855920878373396
98.08,-1.6883413644227854,-3.267955286737831,0.001095578999312563
98.1,-1.6939149158117748,-3.272451041829854,0.0016339466915700485
98.12,-1.6989011167447126,-3.276592228924157,0.0014135392678210623
98.14,-1.7042412532629532,-3.28121186397417,0.001337707111984221
98.16,-1.7098503567086154,-3.285813894240174,0.0014158943003947932
98.18,-1.7148705779396873,-3.2900221276186343,0.0013236322817616608
98.2,-1.720000268195794,-3.2944663549251354,0.0014020603971584555
98.22,-1.7252865547910896,-3.298894851352766,0.0013396127236365851
98.24,-1.7305752631912463,-3.3033471301259887,0.0014904831485133274
98.26,-1.7354659925748201,-3.3075821749416607,0.0015939786562583214
98.28,-1.7407253272437353,-3.3121290493400557,0.0014782016014311394
98.3,-1.7456780121766982,-3.3162403305150154,0.0016492072274024439
98.32,-1.750912621884974,-3.3206541597737824,0.001283629470806319
98.34,-1.7561399293696633,-3.325250191608885,0.0018277770007480154
98.36,-1.7609992624670117,-3.329440327485849,0.0013538182846519198
98.38,-1.7661399628207466,-3.3337018805572267,0.0014844125693845578
98.4,-1.771474413227481,-3.338417021626633,0.001634702046038411
98.42,-1.77644982205436,-3.342765942187267,0.0014506674473339365
98.44,-1.781846392179841,-3.34726648368269,0.0015584846717558165
98.46,-1.7872451968806173,-3.352010305246328,0.0015535222950933125
98.48,-1.7923249120438716,-3.356431756280386,0.0017277107954939974
98.5,-1.7973596307885569,-3.3607618475345373,0.0015164127054099752
98.52,-1.8029007022282975,-3.3654544158372075,0.0012557076998211403
98.54,-1.808060753389432,-3.3700236216649566,0.0017507054175271985
98.56,-1.8129818716766788,-3.3742079224482184,0.0014429943688703262
98.58,-1.8182699662273047,-3.3786173045883365,0.0016471153715125475
98.6,-1.8233740278978667,-3.383038774767835,0.0016863514856350625
98.62,-1.8286754082127805,-3.3876182857896446,0.0015881691251658225
98.64,-1.83360003063642,-3.391702636568477,0.0015634353307862892
98.66,-1.8387828592642665,-3.3961536603559974,0.0013820526930863886
98.68,-1.8441509985223365,-3.4008248402129224,0.0016700743730804213
98.7,-1.8489068527917778,-3.404837256136529,0.0013830653879423338
98.72,-1.8540525855768333,-3.409208592831591,0.0011217885527692872
98.74,-1.8593596320491292,-3.413936585628677,0.0015003451979201388
98.76,-1.8645035811765978,-3.41839712978144,0.0012052018414603904
98.78,-1.8700345612732416,-3.423091314694052,0.0013676774494739419
98.8,-1.8754194607969685,-3.427847531888765,0.0014581438242700917
98.82,-1.880390402602833,-3.432142961893193,0.001424032450462298
98.84,-1.8857277817155422,-3.4366254882160887,0.0013395526686241777
98.86,-1.8911288120887635,-3.4412416968107356,0.0011691514033354833
98.88,-1.8962394507542009,-3.4456575237812763,0.0013180164689400309
98.9,-1.9014969972716607,-3.4500115959212216,0.001460936781636335
98.92,-1.9069190906007942,-3.4545272600076045,0.0014929101517162091
98.94,-1.911617750804596,-3.458548930924694,0.0013108610617622307
98.96,-1.9167904480811915,-3.4629173563342293,0.0009921023940051288
98.98,-1.9223052091322226,-3.4673683752016826,0.0015183248133882332
99.0,-1.9275002958604235,-3.4716541650853,0.0010867135387400417
99.02,-1.9329763058465952,-3.476378948494964,0.0010437678415555762
99.04,-1.9385361389589926,-3.480862821486354,0.001288430469685381
99.06,-1.943392814220251,-3.4848815779132485,0.0009609812601362178
99.08,-1.9487683101167885,-3.4895450846973977,0.0011268324836850863
99.1,-1.9540748023763705,-3.4938980559580464,0.0011390679240270152
99.12,-1.9594170482523154,-3.498348518789235,0.0010306177909206182
99.14,-1.964780529071478,-3.5030209073896237,0.0013628791750536773
99.16,-1.969657433699834,-3.507211387038906,0.0012561135376160104
99.18,-1.974980453422163,-3.511620269508365,0.0010530743652985841
99.2,-1.9805123466792194,-3.51636608234404,0.0010462516194326421
99.22,-1.9856121564588771,-3.520682143593899,0.0010877870232121611
99.24,-1.9907629331164405,-3.5249196571072337,0.0011190628571014771
99.26,-1.9963471838620626,-3.529515146277742,0.0007993893874163882
99.28,-2.001519691755094,-3.5339689613431666,0.001343108398133952
99.3,-2.006497674249093,-3.53811316803493,0.0009190567796961424
99.32,-2.011850732448545,-3.542441461882193,0.001126614244737395
99.34,-2.0168371306255004,-3.5466325015069846,0.0011756016570548533
99.36,-2.022047365613453,-3.5510258369587437,0.0009173022683053034
99.38,-2.0274911768693156,-3.5554321100206607,0.0012643271542631673
99.4,-2.0325306750390517,-3.55958315613035,0.0009297325263223077
99.42,-2.037775106004621,-3.564021407218874,0.0009113906943872818
99.44,-2.043246646506331,-3.5683497105935706,0.00117646148687231
99.46,-2.048294072753252,-3.572461400000594,0.000889880976949281
99.48,-2.053715093108312,-3.5770665130208834,0.0012194565010235636
99.5,-2.059097908389905,-3.5814851539870105,0.001130885979424484
99.52,-2.064405085313373,-3.5858224380534156,0.0013832408391885043
99.54,-2.0694718496376283,-3.5900842841277196,0.0013035787130205034
99.56,-2.074758102943116,-3.594549896648455,0.0013298165315647759
99.58,-2.0796129415673494,-3.598490736646243,0.0013013982697397675
99.6,-2.0848624770840685,-3.602901035463396,0.0010738297770286065
99.62,-2.090200839853136,-3.607442226228514,0.0014785901493030162
99.64,-2.095268926897162,-3.611690495197906,0.001110016275697484
99.66,-2.1008485846998965,-3.6162629598897276,0.001026522606662389
99.68,-2.106226947630677,-3.620911916664057,0.0014542272672449508
99.7,-2.1110897796242925,-3.6250365210716793,0.0010774236486992828
99.72,-2.1167294246659636,-3.629579364231297,0.001335610386505981
99.74,-2.1219529569079385,-3.6340113252136446,0.0014299209688702352
99.76,-2.127148321022707,-3.6383551144468282,0.0012607044278878377
99.78,-2.1325045635768873,-3.6426028131064636,0.001715822949521939
99.8,-2.137850276073054,-3.6469386347067805,0.0015966483088210304
99.82,-2.142627144639447,-3.6509520007793874,0.0014721382832854346
99.84,-2.1480438087249025,-3.6552951696085314,0.001421870767318284
99.86,-2.1534080472261476,-3.659601406182004,0.0016141095466200295
99.88,-2.1586939408517867,-3.6639560464318923,0.0014606196107392055
99.9,-2.1642636108609508,-3.6685606774031365,0.0011232527031413697
99.92,-2.169885819042872,-3.672930858911944,0.0016130900105855717
99.94,-2.1746904094121486,-3.676844217698093,0.001400747131038993
99.96,-2.180159963002965,-3.681392694115676,0.001450829469138909
99.98,-2.1853043744818312,-3.6854571982912194,0.0016355839584205611
100.0,-2.19061813122781,-3.6897734733546397,0.001275939769328882
100.02,-2.19596574285259,-3.694330361808579,0.0018272086450366876
100.04,-2.201109114496968,-3.6986296169239705,0.0015385313313227011
100.06,-2.2067010869762074,-3.7031202672861503,0.0015315668100260582
100.08,-2.212243082611684,-3.707763930965969,0.0015803918863185884
100.1,-2.217377857262636,-3.7120118505566326,0.0013510993404305394
100.12,-2.222671082550087,-3.7161923168090705,0.001562354078422451
100.14,-2.2280047204446296,-3.7206334680152904,0.001575983088676125
100.16,-2.2334545296529194,-3.7251762063245377,0.001806195041211489
100.18,-2.238268056502215,-3.7290762773671364,0.0015062061750683309
100.2,-2.2437636051550784,-3.7335108914661563,0.0014583643154038595
100.22,-2.2490888458912726,-3.7380049449697235,0.00179183444159986
100.24,-2.2542965947391185,-3.7423399869995557,0.0014976151477285315
100.26,-2.2594477361754124,-3.746450368322783,0.0015766491752408907
100.28,-2.264643362743148,-3.7507673691677055,0.0015941210757233204
100.3,-2.2700403750200455,-3.7552806576138202,0.0015550073910389206
100.32,-2.2750479826596766,-3.7593083905039713,0.001465535489813874
100.34,-2.280246728152592,-3.763640954730573,0.0013377078377806162
100.36,-2.2857097326453477,-3.7682289457402924,0.0016374034888484434
100.38,-2.290621369826023,-3.7722405836537427,0.001297216485788566
100.4,-2.296106264352929,-3.7766894637403903,0.0012170707577971174
100.42,-2.3012714672733794,-3.7810866129554053,0.0015479533695154923
100.44,-2.3064086344580104,-3.7854233502188577,0.0011211845003428755
100.46,-2.3118125760390695,-3.7897590143554623,0.0015099951732387706
100.48,-2.3167103846269397,-3.793847060149631,0.0012175923453721094
100.5,-2.3221106945365815,-3.79838163657775,0.0011182424148594161
100.52,-2.3274780751047834,-3.802729259716038,0.001576669033042627
100.54,-2.3327190604178423,-3.8070158049081555,0.0013293505872010447
100.56,-2.337692133399577,-3.8112217920705542,0.0013971405075573207
100.58,-2.3428046522879766,-3.8154000261786565,0.0011743240261956056
100.6,-2.3482283934533035,-3.8198191932641063,0.0011983899404811038
100.62,-2.353237242159425,-3.8240312055113312,0.0013353672529024807
100.64,-2.358457967998885,-3.8284012251662705,0.0010000691965234287
100.66,-2.363800980516056,-3.8326849404257843,0.0014721900866871418
100.68,-2.3688315229681973,-3.836775719154246,0.0009529849937864043
100.7,-2.373987148707587,-3.8411455691791834,0.0010226630139899273
100.72,-2.3793704467772328,-3.845495643247726,0.0013325433328613412
100.74,-2.3846770434595137,-3.849794506012775,0.0011808810711518292
100.76,-2.3895394017861498,-3.8538864397261188,0.0011189367188994548
100.78,-2.3948899279992633,-3.858211068860469,0.001135844685569154
100.8,-2.4004719046334895,-3.862719396759612,0.0013916569296421877
100.82,-2.405106389067684,-3.8664997534110506,0.000971193255213082
100.84,-2.410238073935464,-3.870721979840045,0.000733942846690816
100.86,-2.41604440101076,-3.8752448988296835,0.001091713965708424
100.88,-2.4209867774108496,-3.87926566146672,0.0009559965968749806
100.9,-2.4263350402202897,-3.8836328403616593,0.0010961864096130092
100.92,-2.4317197281797776,-3.887814797878375,0.0012754180172893925
100.94,-2.4371683133289452,-3.892126765834778,0.0012813986908032093
100.96,-2.4419355530710836,-3.8960131835110516,0.0011218542870765347
100.98,-2.447297032330367,-3.900273296069345,0.0009182402996502359
101.0,-2.452858326170067,-3.9045572728314544,0.0012893100303965621
101.02,-2.4581774661638645,-3.9088091833840317,0.0009686165814941083
101.04,-2.4638345590180037,-3.9134087669038657,0.0008669526763819546
101.06,-2.4692719187691847,-3.9175868733286965,0.0013221171996627146
101.08,-2.4744771639451804,-3.9217131162073104,0.0008984020531521142
101.1,-2.4798029347535184,-3.926142742672362,0.0013613431114973262
101.12,-2.484745019292712,-3.930080217926129,0.0010811101974166348
101.14,-2.4900730207252177,-3.934302889749788,0.0010366273701325757
101.16,-2.495373598275765,-3.938685017864325,0.0014438095830069941
101.18,-2.5005821004333293,-3.942954333188804,0.001219079461407091
101.2,-2.5055862691152337,-3.946881850353055,0.001211705626571219
101.22,-2.5109343895308585,-3.9513448328547778,0.0012479812315397965
101.24,-2.516168072868852,-3.9556510868544628,0.0013796937744371407
101.26,-2.5215132719686415,-3.9600208343714693,0.001273292651065877
101.28,-2.527172158593695,-3.9645838131461266,0.0009631309399143473
101.3,-2.5324389707795447,-3.969046653831794,0.0014844092031148504
101.32,-2.537502630525373,-3.9732197835555123,0.00104760712103813
101.34,-2.5433121728389083,-3.977785284128627,0.001313585063151601
101.36,-2.548651425109518,-3.982196496175091,0.0014629518806688613
101.38,-2.5539074456819066,-3.9864643282434535,0.0011047531822460932
101.4,-2.55942309344097,-3.990693622115095,0.0017218597236394184
101.42,-2.5645061210074984,-3.994665901737292,0.0013180169341696635
101.44,-2.56991711402723,-3.9990880691563424,0.0014361087687106977
101.46,-2.5754613038411867,-4.0033694223726615,0.001586053577725538
101.48,-2.580906412885499,-4.0076523923318454,0.0015309664853062066
101.5,-2.585922193853443,-4.011736910469737,0.001560685498163239
101.52,-2.5911639612163664,-4.015870578461413,0.0014166626193855558
101.54,-2.596738505206879,-4.02017859084744,0.001717861169170054
101.56,-2.601711441612186,-4.024167054259438,0.0014715408541315644
101.58,-2.607034919045172,-4.028445598422868,0.0012306213239837716
101.6,-2.6126898211698037,-4.032738019492983,0.001839973472916534
101.62,-2.617875179606565,-4.036740998145953,0.0014640677923834777
101.64,-2.6231979912583943,-4.041064894854109,0.0015038145742246323
101.66,-2.6288867599175125,-4.045396118517273,0.00163087423426031
101.68,-2.634102646438931,-4.049457502942987,0.0016330116195719113
101.7,-2.639282202011068,-4.053612267932713,0.0015765269060200315
101.72,-2.644872326291404,-4.058039244880368,0.0014028648701864543
101.74,-2.6503730968437,-4.062258514190926,0.0018406684046853028
101.76,-2.655544032219982,-4.066377520890864,0.0015174389334602634
101.78,-2.6609475053953453,-4.070749397291056,0.001605797645226309
101.8,-2.6661153698147357,-4.074720942050079,0.001665554525452001
101.82,-2.6715099485942866,-4.0789527933722045,0.0013507420086471544
101.84,-2.6768372829760714,-4.0833087928279745,0.001756509626100744
101.86,-2.6819806391132497,-4.087377106917393,0.0014306943851256082
101.88,-2.687389613590508,-4.091538796232023,0.0014736621412201334
101.9,-2.6927113082303613,-4.095866899159151,0.00160523993384859
101.92,-2.6978776003456897,-4.100040918348502,0.0013263511293814811
101.94,-2.7031958205195106,-4.104137188853426,0.001362719729447348
101.96,-2.708725520999568,-4.108727746991777,0.0014019238350317098
101.98,-2.714169914375088,-4.113136161116986,0.001413365684510809
102.0,-2.719775310519017,-4.117471452839116,0.0014568979340467136
102.02,-2.7254455734890697,-4.121953791650875,0.0010440112628753717
102.04,-2.7307460119401292,-4.126356265323207,0.001632192588697956
102.06,-2.7358372892592087,-4.130398920450492,0.001266715560744952
102.08,-2.7412977121015834,-4.13465055491778,0.0013894497318208965
102.1,-2.746265423051662,-4.138665385845675,0.0012878306523931293
102.12,-2.751645905490762,-4.142972225900536,0.001049196110096795
102.14,-2.757244808232247,-4.147309553837414,0.0014851496672370068
102.16,-2.762087627842646,-4.15112908090081,0.0010685900373511303
102.18,-2.76728992785572,-4.155364539861178,0.0009874779432264835
102.2,-2.7729531184645766,-4.159687433232021,0.001366684542289276
102.22,-2.7781379080356117,-4.163712245078496,0.0010777168888415345
102.24,-2.783556757761866,-4.168104753161794,0.001268348290679927
102.26,-2.78910849722126,-4.172468772367406,0.0011537564842524495
102.28,-2.794554663869714,-4.176699100942955,0.0014982596132110115
102.3,-2.7994724363772368,-4.180615307629647,0.0011075889896966784
102.32,-2.8047826103345206,-4.184938257353705,0.001013937139934279
102.34,-2.8101619135611053,-4.189114209711609,0.0013334919819757707
102.36,-2.8153770326367273,-4.19317424845203,0.0008842663390339345
102.38,-2.82055497121466,-4.197413826647377,0.0010656666295065509
102.4,-2.8261837045257954,-4.201719612975698,0.0012300588943347235
102.42,-2.8314741194998385,-4.205823078695345,0.0013305128150948309
102.44,-2.836763044413159,-4.210073070756238,0.00104222453881761
102.46,-2.8424956258103293,-4.2146402424182225,0.0008755662020126509
102.48,-2.848075267775973,-4.218893099604308,0.001140496368917887
102.5,-2.8529910272989727,-4.222869460750272,0.0010479183078790921
102.52,-2.8582632421188943,-4.227118396970083,0.0009136844592882998
102.54,-2.8635760376830284,-4.231218173483596,0.001249649251783863
102.56,-2.868688662600624,-4.235206088648371,0.0007914994599627911
102.58,-2.873922248670444,-4.239489832721992,0.00104057400257479
102.6,-2.8792993484156324,-4.243722108560919,0.001257878070648255
102.62,-2.8847634019485735,-4.24798637629821,0.0013095625268821631
102.64,-2.88964514077973,-4.25187402641222,0.0011359903476262923
102.66,-2.8951581476269355,-4.256307621731541,0.0008717800784006635
102.68,-2.900676664583666,-4.26052994036458,0.0013402896524322971
102.7,-2.905857512605739,-4.26457537147604,0.000931154179217103
102.72,-2.9115124702689084,-4.269218514634571,0.0010440798694416886
102.74,-2.9170396197787825,-4.273492527378578,0.0013763446493505194
102.76,-2.922354943375209,-4.2777199761900615,0.001061576324445257
102.78,-2.9276597198684837,-4.282111122903679,0.0014956333205231875
102.8,-2.9326798933735723,-4.286197704661872,0.0011478667191832104
102.82,-2.938071214576666,-4.290452535443662,0.0011399653729481374
102.84,-2.9433395996215137,-4.294797869210323,0.0013252870302446762
102.86,-2.948611458333473,-4.299114440103586,0.0011011354804277562
102.88,-2.9540308155714357,-4.303349499414509,0.0015626071455617785
102.9,-2.959255097613868,-4.3075003221924195,0.0010978415195177504
102.92,-2.9643822433676,-4.311798226852785,0.001473430228938949
102.94,-2.9692047103323738,-4.315594323102586,0.0013890791305591066
102.96,-2.9741105520693525,-4.319509479038478,0.0013181540142671588
102.98,-2.9784611641760623,-4.3231688065940705,0.0013607968959360728
103.0,-2.9826589282028864,-4.326674056196196,0.0010669953571101343
103.02,-2.9872380841514383,-4.330282376036856,0.001696744515936044
103.04,-2.991521286114575,-4.333784183287601,0.0015797232317284193
103.06,-2.995768879220864,-4.337503205548997,0.0009858808935045982
103.08,-3.000114581373235,-4.341224134798982,0.0010650021209051563
103.1,-3.0044385169339396,-4.344972586826691,0.0014049696152989566
103.12,-3.0086178987310364,-4.348638643378541,0.0015210842896791754
103.14,-3.0123727124245,-4.35201572074508,0.0011280571942285933
103.16,-3.016663395643585,-4.355713152211815,0.0011205450598576472
103.18,-3.020859225591063,-4.3596613123403,0.0013647023169628403
103.2,-3.024867242579731,-4.363204468187262,0.001371601986452503
103.22,-3.0289447529589713,-4.366983004771723,0.0012620418418855528
103.24,-3.0331248759580465,-4.370838624643094,0.0014155318571476838
103.26,-3.0369995514544783,-4.37463963805522,0.001272928444208371
103.28,-3.041044314649149,-4.378678241202212,0.001138371754438816
103.3,-3.045192921819191,-4.382568838726459,0.0013402270106456782
103.32,-3.04905145291232,-4.386453388936748,0.001548970661800264
103.34,-3.053055942693321,-4.39048950103521,0.0014292769384811888
103.36,-3.05699638157756,-4.394571448068371,0.0009307790295691454
103.38,-3.061021651296571,-4.3986659062586915,0.0012609398015939743
103.4,-3.0650300958260086,-4.40278878936352,0.0014973891241063797
103.42,-3.0686938778312363,-4.406668641537128,0.0015064623042584935
103.44,-3.072282475766462,-4.410446944345266,0.0012685280529150522
103.46,-3.0761638915915306,-4.414628744448554,0.0012800658495778772
103.48,-3.079804478145649,-4.4186690529913335,0.0012989932572111118
103.5,-3.0835232601400255,-4.422754404019845,0.0012508885751319199
103.52,-3.0873721204559033,-4.426899343524226,0.0015138867106881948
103.54,-3.091133917627102,-4.431174883407283,0.0014697129438415169
103.56,-3.0947025681336515,-4.435289315801339,0.0011946080424890815
103.58,-3.098389066736695,-4.439641294658318,0.0009500880496523256
103.6,-3.102184658763589,-4.4438511047942875,0.0013995390031210642
103.62,-3.1058288240772516,-4.4482127665899345,0.0015046140448588818
103.64,-3.108960832901727,-4.45203612735318,0.0012792665992733265
103.66,-3.112560769112876,-4.456280191116922,0.0010793124735433979
103.68,-3.1161855207573974,-4.460733279861543,0.001352382536148694
103.7,-3.1197716847565298,-4.465152213466711,0.0014518443831277872
103.72,-3.1229281865145735,-4.469104506019009,0.0011735658238417324
103.74,-3.1264474045320414,-4.473413796755598,0.0012893025585423434
103.76,-3.129818560044886,-4.477869515248073,0.0012051255608287736
103.78,-3.133097812341075,-4.482271164791473,0.0011045772695570388
103.8,-3.136463075453316,-4.486663306672341,0.0010853706537462815
103.82,-3.1398510560208632,-4.491108535975836,0.0013690906348613752
103.84,-3.14296576799642,-4.495464234240132,0.0013061256519218412
103.86,-3.1462175316342584,-4.500015103711319,0.0008935949900545637
103.88,-3.1494900147318403,-4.504572884736661,0.0009135212831934136
103.9,-3.152761927938873,-4.509143065900667,0.0012592480508029635
103.92,-3.1559850657438773,-4.513758000420036,0.0012664154981407993
103.94,-3.158738581412275,-4.51784815707327,0.0010313238760907562
103.96,-3.1617414999277558,-4.52208456738694,0.0009450911928393646
103.98,-3.1648431394808205,-4.526850197861332,0.0011118373763177036
104.0,-3.1678237124795645,-4.531368184033498,0.0010685712416738102
104.02,-3.1709505081026417,-4.536024675890852,0.0011018873436151877
104.04,-3.1740074278665453,-4.540794148518146,0.0011749092548684337
104.06,-3.1767949547439858,-4.545257413266496,0.0009684448088227993
104.08,-3.1797465852115847,-4.550077559337573,0.0007617257496410068
104.1,-3.182883328374703,-4.554805651249445,0.001227638981497331
104.12,-3.185740664741543,-4.559551350577349,0.0013011047519825847
104.14,-3.1882969158913927,-4.564019779313522,0.0010692092769081785
104.16,-3.1911680295616294,-4.56877240873678,0.00062367196583199
104.18,-3.194094698239769,-4.573648169233337,0.0009923835226110789
104.2,-3.1970169566111917,-4.578580799154999,0.0011044802319725433
104.22,-3.1994666165624355,-4.582959662437149,0.0010014777029646593
104.24,-3.2022135109620367,-4.587658110067643,0.000997856247709178
104.26,-3.204973672331926,-4.592611603964945,0.0009406916777603413
104.28,-3.2075605326229977,-4.59740715320675,0.000946455197459728
104.3,-3.2102355175550654,-4.602233609930093,0.0007970149530930337
104.32,-3.2130393724735797,-4.607174610821779,0.0011368055449124392
104.34,-3.2155402489365725,-4.612020344060831,0.0011135584404839138
104.36,-3.2180952465987875,-4.616996721242802,0.0007952653434586399
104.38,-3.2206824385846717,-4.62206441019616,0.0006634271973333383
104.4,-3.223308970149155,-4.627083912864164,0.00105775612417347
104.42,-3.2258743278796094,-4.632194597019239,0.0011446563790072084
104.44,-3.227981892128206,-4.636626655069753,0.0008905040161817923
104.46,-3.2304907460960557,-4.641545563279809,0.0008283807988210268
104.48,-3.2329304489400865,-4.6467304640916955,0.0010183514625232981
104.5,-3.2353105584417032,-4.651733965060693,0.0010740159320839493
104.52,-3.2376007440763104,-4.656762510810008,0.0008182859053773861
104.54,-3.2400538998132102,-4.661850638890516,0.0010571538687497162
104.56,-3.2422827071016838,-4.666911464323713,0.0009709709820151791
104.58,-3.244520048498259,-4.672171808475496,0.0008368747828192968
104.6,-3.2468776585845784,-4.677304451884213,0.0010124699440552387
104.62,-3.249147832656775,-4.682453730720264,0.0012164240955152006
104.64,-3.251110142251064,-4.687380309835944,0.0011350504710777587
104.66,-3.253259620251353,-4.692630158298543,0.000708445486704401
104.68,-3.255469743222756,-4.6979162002058965,0.0008927599675068731
104.7,-3.2576482402558824,-4.703231143583656,0.0011724789381541423
104.72,-3.259740873644128,-4.708569887512258,0.0011551722523466534
104.74,-3.2613741598777897,-4.713066690762231,0.0008692562018887684
104.76,-3.2634338125578144,-4.718245476486383,0.0009877310608917
104.78,-3.265284027009733,-4.723436898430304,0.0011151566457605622
104.8,-3.267156611738443,-4.728574059793154,0.0010208175516795148
104.82,-3.2691236693640007,-4.733845771002731,0.0011431172258364597
104.84,-3.270996805618151,-4.739257363387782,0.0012479177480511083
104.86,-3.2727110541255344,-4.744322438281597,0.001053979112089598
104.88,-3.2744681194661687,-4.749753275752791,0.000758620840420221
104.9,-3.2764191304217913,-4.75516121180546,0.0012058073379367928
104.92,-3.2781437753347697,-4.760530509649131,0.0014050278626886181
104.94,-3.2797563477202316,-4.765611339473384,0.001179565217122036
104.96,-3.281476855922513,-4.771060015097348,0.0008754405501923412
104.98,-3.2831729119084057,-4.776565887210543,0.0011679947199959573
105.0,-3.2848113497936215,-4.782060273800875,0.0012533180974379776
105.02,-3.2862815045629583,-4.7869301874536765,0.0011766723295811854
105.04,-3.2878607489070655,-4.792196436536252,0.0011851226862468478
105.06,-3.289362467453079,-4.797741640381139,0.0011731295717381796
105.08,-3.2906770968806156,-4.802967299439016,0.0011394085858078273
105.1,-3.2921317365868337,-4.80845913544597,0.000981276830900768
105.12,-3.2936492904420955,-4.813820321917317,0.0014246373120905265
105.14,-3.2948862898582147,-4.819202040829192,0.0014244393142656686
105.16,-3.2961387282308015,-4.824534308853752,0.00103233494830543
105.18,-3.297464911743245,-4.830092413030425,0.0009203363639747053
105.2,-3.2987940017758786,-4.835695165894807,0.0012907918389608863
105.22,-3.300071496517443,-4.8412862748015435,0.0013610786994441015
105.24,-3.3011633333124006,-4.846567663808515,0.0011917710396204817
105.26,-3.3022057202070223,-4.85139174981447,0.0010403060437696177
105.28,-3.3032465317647652,-4.856848209944666,0.0011808082536122477
105.3,-3.304366325420348,-4.862249091991685,0.0012428430172857774
105.32,-3.3054295659165125,-4.867712257616196,0.0010693621318181024
105.34,-3.306565086224296,-4.873271023287417,0.0012960152870609698
105.36,-3.30749927722214,-4.878645934774032,0.001201057621398327
105.38,-3.3084247833397917,-4.884205017895595,0.000984611360402704
105.4,-3.309466043216891,-4.8897889915923995,0.001257335897160261
105.42,-3.3104210850412046,-4.895392952872458,0.0013972197572114375
105.44,-3.310989195676151,-4.900424686766718,0.00131658191322917
105.46,-3.3117895914072424,-4.905903031876906,0.0008630679835842647
105.48,-3.3127370948014447,-4.911542878114852,0.0010190525537849549
105.5,-3.313581772544718,-4.917230676716276,0.0013094680131200132
105.52,-3.31431316240649,-4.922762121336233,0.0013574451086429407
105.54,-3.3148939939006405,-4.9276558707850215,0.0011192654765564136
105.56,-3.315671859437016,-4.933390150696741,0.001139923315180258
105.58,-3.3161228725688967,-4.938819944818494,0.001122001797647959
105.6,-3.316774768157155,-4.944360127696052,0.0011225733478950894
105.62,-3.317456675355585,-4.949959442374775,0.001270729644361701
105.64,-3.3180067809129956,-4.956104456624998,0.001364660266288148
105.66,-3.318521243174905,-4.961954060662257,0.0009316840677001947
105.68,-3.3191202519329894,-4.968704876697809,0.0010171754640694308
105.7,-3.319847581928945,-4.975327335538827,0.0014110230287790737
105.72,-3.32016787695442,-4.981756085542431,0.001317732129727217
105.74,-3.320523199434017,-4.988076485502584,0.0007785247147547025
105.76,-3.321255632980108,-4.995243436086875,0.0014232247137047072
105.78,-3.3218556615257717,-5.002492711212571,0.0013061117417249024
105.8,-3.3223482029960394,-5.008775168895584,0.0008424104643014463
105.82,-3.322954498156852,-5.015671911340532,0.0011401565054510732
105.84,-3.32363586167585,-5.02291517753846,0.0013220280373271165
105.86,-3.3242051456140316,-5.029562707467405,0.0011487685564072203
105.88,-3.324678975987439,-5.035961405130004,0.0008794644129094809
105.9,-3.325456548602793,-5.043107079778221,0.0013670789384721826
105.92,-3.325980088827314,-5.049788530588426,0.0012795239391069635
105.94,-3.3264774738187186,-5.056281743429096,0.0008296644980447521
105.96,-3.3272415999522615,-5.063328832916353,0.0013257356699513667
105.98,-3.327930443746316,-5.070479124070707,0.0013022293308833643
106.0,-3.3284816243664768,-5.076785177879954,0.0009362531310348754
106.02,-3.329066089892587,-5.083170776458344,0.0011287497091852505
106.04,-3.3298829792227833,-5.090570334606153,0.001300717537329299
106.06,-3.3305478461828852,-5.0972649132892,0.0011548495079986842
106.08,-3.3310783228796157,-5.1036537198178165,0.0008782594300620894
106.1,-3.3319434168093025,-5.110762486425216,0.0013833963985996067
106.12,-3.3325525816742854,-5.117598178666965,0.0013191716319231883
106.14,-3.3330618820577893,-5.123983585316327,0.0007739265263739525
106.16,-3.3339255761841016,-5.130957904858702,0.0012237780438842105
106.18,-3.3347271447612736,-5.138118531046948,0.0012777720623970146
106.2,-3.3354513589753383,-5.144794069863717,0.0010409897895383158
106.22,-3.336021628460129,-5.1508240167546955,0.0009436097768812657
106.24,-3.3369002177866984,-5.157662178223357,0.0012391024798996952
106.26,-3.337585657882588,-5.16389051800622,0.0011935890650809078
106.28,-3.3380903952798846,-5.169315738293472,0.0007057887141534713
106.3,-3.3387402796223493,-5.175113852585244,0.0010651343007946623
106.32,-3.3393727660168375,-5.180878853898152,0.0012680201836767768
106.34,-3.339880349994922,-5.186328336414587,0.0013107832891013083
106.36,-3.340262422878834,-5.191471670206479,0.000795880731544879
106.38,-3.3409533649590903,-5.197165873556432,0.0008975009319947824
106.4,-3.341391071345344,-5.202895087197817,0.001317063814349484
106.42,-3.34175825347083,-5.208334007884735,0.0012475499184956829
106.44,-3.342239163848117,-5.213967937695674,0.0011483178137021988
106.46,-3.342657271970538,-5.2203556770499295,0.0011211785075842529
106.48,-3.342904802194559,-5.226579050406517,0.0011703267440725529
106.5,-3.3432122760431726,-5.233244399220975,0.0009623339630789318
106.52,-3.3437532150204436,-5.239924273173631,0.0014960454100176879
106.54,-3.344087126062021,-5.246455753867936,0.0010559914046103236
106.56,-3.34436829160339,-5.25341243956751,0.0014022689136800326
106.58,-3.344755337649642,-5.259898120881967,0.001359321824955878
106.6,-3.3451968669925143,-5.266848647428145,0.0011592873052566899
106.62,-3.3454214244839995,-5.27358810542062,0.0013944883432449318
106.64,-3.345754929414447,-5.2802381715288815,0.001179665644922917
106.66,-3.346227514110065,-5.287207247016245,0.0014509152585601426
106.68,-3.346448542720987,-5.293520205780682,0.0011199579305592178
106.7,-3.3467860853346365,-5.300521778249416,0.001180269625196878
106.72,-3.347292076542466,-5.307649337522046,0.0015074461836755426
106.74,-3.3475950814579094,-5.314145206924259,0.001301265713887223
106.76,-3.347806580633774,-5.320637995620563,0.0013064350494000343
106.78,-3.348292355162328,-5.327667744001452,0.0013740906642117079
106.8,-3.3486569767440084,-5.334421677589539,0.001574259911971243
106.82,-3.3489515483092456,-5.340793851102856,0.0011290344090808258
106.84,-3.349375703369246,-5.347767954395617,0.0011447969156082871
106.86,-3.3498889624664727,-5.354943343030867,0.0014028914902818601
106.88,-3.350138296966036,-5.361433219618762,0.0011514592117273237
106.9,-3.35049753861395,-5.3680843068034925,0.0011427032209048449
106.92,-3.3510551269645,-5.374919477825206,0.0015722319484400282
106.94,-3.351425550873707,-5.38148659299688,0.001325077331819885
106.96,-3.351780438541877,-5.388164635951523,0.001272822079063568
106.98,-3.352320364697672,-5.3952104219877866,0.0013325972078316317
107.0,-3.3528360839136577,-5.402324175946131,0.0013750763539254751
107.02,-3.353058658418832,-5.408494624196357,0.001319650607491868
107.04,-3.353478308822931,-5.415073098076652,0.0010769638043641727
107.06,-3.354100273129086,-5.422256559863345,0.0016346153508020322
107.08,-3.354585800990666,-5.428704138158285,0.0012379389921863826
107.1,-3.3550347666792724,-5.435698905576258,0.001219105762869599
107.12,-3.3556679719913842,-5.44281287684469,0.0014599327565459619
107.14,-3.356229021337889,-5.44979634055386,0.0011712387002622837
107.16,-3.3565994476554835,-5.4564664507386125,0.0013915430263348738
107.18,-3.3571093579530764,-5.462887005858654,0.0012614428253164833
107.2,-3.35770908448018,-5.469839343749372,0.001365593766571055
107.22,-3.3580568946798355,-5.47629665231611,0.0012096081844346351
107.24,-3.358562223381485,-5.483070381471245,0.0010225542744315974
107.26,-3.359273062984829,-5.490174527559783,0.0016494940073062125
107.28,-3.359790919419612,-5.496764812645685,0.0013546669424013835
107.3,-3.3602736180380672,-5.503747470685968,0.0012385392105272175
107.32,-3.360946755864695,-5.5106301034145355,0.001373660484677297
107.34,-3.3615011552687526,-5.517139922300418,0.0011676814549676229
107.36,-3.361832363405095,-5.5231776749418255,0.0010223890771909327
107.38,-3.3623189764189294,-5.52900739859028,0.000987327720034098
107.4,-3.362807116290079,-5.53500135671834,0.0012768093773770084
107.42,-3.363163999213847,-5.540863076217775,0.0013110280957070453
107.44,-3.363394299874652,-5.546456111165843,0.0006858115148998811
107.46,-3.3638525446880276,-5.553004458591949,0.001181375563381104
107.48,-3.3642718013989854,-5.5598588687034765,0.0013337976044577315
107.5,-3.3645339290933234,-5.565979195524524,0.0010458228811930093
107.52,-3.3648606000899677,-5.5726579086929595,0.0009134626339229179
107.54,-3.3653182242892727,-5.579776607991323,0.001323766911767471
107.56,-3.365742308669386,-5.586883214842556,0.001213039101381097
107.58,-3.3659328179245698,-5.592854555153719,0.0006118314708941641
107.6,-3.3663244497197056,-5.599714126344354,0.0012008010666885727
107.62,-3.3667621117527533,-5.606801376455356,0.0013052888452040334
107.64,-3.3671120888516564,-5.613523466764807,0.0010722736324218496
107.66,-3.3673920124451753,-5.619732542564585,0.0010621993782639616
107.68,-3.367834848296913,-5.6268343410071955,0.0013291302196987154
107.7,-3.3682304541687005,-5.633713349790039,0.0012143527590471326
107.72,-3.3684529647303463,-5.639792538913568,0.0007917854186179352
107.74,-3.368917352711632,-5.646919483446012,0.0012845037119848524
107.76,-3.3693759692763368,-5.654006732468571,0.001244611810039764
107.78,-3.3696606385789285,-5.660315637285954,0.0008031027752200826
107.8,-3.3700307697283085,-5.666912924014709,0.0011687803076453895
107.82,-3.370494069384275,-5.674103974849226,0.0013111943878107435
107.84,-3.370846944456829,-5.680702358332121,0.001101501542316613
107.86,-3.3711836755438918,-5.686955275669403,0.001055913437705558
107.88,-3.3716785593060323,-5.694200230123531,0.001330929635605993
107.9,-3.3721525528534597,-5.701181561224424,0.0012088522947471259
107.92,-3.3723715606791465,-5.707215815075296,0.0007227551188114245
107.94,-3.372894452223619,-5.713814527099931,0.001216470036713574
107.96,-3.3733116042118034,-5.720086629297757,0.0013039867465006738
107.98,-3.3736362120718035,-5.725973604629576,0.0011024101962026078
108.0,-3.373883064227531,-5.731275008420048,0.0007786565491832431
108.02,-3.374244500896045,-5.7374426280464546,0.0012190653253949246
108.04,-3.3745541068021954,-5.743762582088573,0.0013531621310841346
108.06,-3.3746901004891656,-5.749483992439187,0.0008854624026475577
108.08,-3.3751343093219903,-5.756064809140135,0.0009307620333210698
108.1,-3.3753600785255196,-5.76333255627576,0.0014641704621153329
108.12,-3.37544197111266,-5.769668883773498,0.00113280401312299
108.14,-3.375816087739042,-5.7765619467448595,0.001059104482939499
108.16,-3.376054940905473,-5.783666565571671,0.0014156067599717936
108.18,-3.3763302075617667,-5.790746702884846,0.0013310626049685692
108.2,-3.3766568083441313,-5.797088728781277,0.0011217141825935195
108.22,-3.3769438834298025,-5.803948093918789,0.0011529498271666272
108.24,-3.3771014744554497,-5.810982081994805,0.0015499571651969024
108.26,-3.3773163999274907,-5.81757133783134,0.0009763522061551066
108.28,-3.37771062485868,-5.824809531220289,0.0011459236506285442
108.3,-3.3778986335457257,-5.831934552742037,0.0014961809406214
108.32,-3.3781797572855337,-5.838713903251557,0.0012015065589623397
108.34,-3.378446424578548,-5.844754879391891,0.001119514895047996
108.36,-3.378634248677633,-5.850714634240222,0.0011995860901080901
108.38,-3.3788106594234155,-5.8563787091619846,0.0014207766093108642
108.4,-3.378982292971179,-5.861316911810363,0.0012479594839415464
108.42,-3.379074427105982,-5.866037718151399,0.0008413558727507764
108.44,-3.3792709593161163,-5.8704029689166966,0.0008950245696583148
108.46,-3.379356840855341,-5.87437577098644,0.0010697365754022137
108.48,-3.379515526054649,-5.878112846998813,0.0012293218334041567
108.5,-3.3795757533369786,-5.88137982355634,0.0012687755388908206
108.52,-3.379662089818593,-5.88463906740006,0.0011739304002048034
108.54,-3.379711138233151,-5.8876664194476644,0.0009632965247149128
108.56,-3.37980661649015,-5.890560046959621,0.0010704280721199333
108.58,-3.3798141029639295,-5.893180113103903,0.0011931193454894629
108.6,-3.3797816246542145,-5.895690716669394,0.0012299872101018128
108.62,-3.3796980581967335,-5.898015202514886,0.0011898792503299005
108.64,-3.379567499501859,-5.900243859713104,0.0010676803736101304
108.66,-3.3793904794377605,-5.902450484643644,0.0008531550690853429
108.68,-3.379304477125072,-5.904689066879961,0.0008431207608478875
108.7,-3.379138875751783,-5.906896504569713,0.001003156480586409
108.72,-3.3789392409179873,-5.909027609125235,0.0010649072287336747
108.74,-3.378708487889904,-5.911231549138845,0.0010512853230353336
108.76,-3.378422152887514,-5.913429441913633,0.0009471799886816012
108.78,-3.3780918897284677,-5.915624635026666,0.0007519571137141745
108.8,-3.377787063832647,-5.917830608261599,0.0006084268084532996
108.82,-3.3775472033441747,-5.920051427601051,0.0007649710645237229
108.84,-3.377340261783079,-5.9221411432916655,0.0009044760667619445
108.86,-3.3770956603016544,-5.924326317649171,0.0009636161246209807
108.88,-3.376805998112355,-5.926503364124264,0.0009513850778017363
108.9,-3.3764815493821643,-5.928662533562459,0.0008424214249677098
108.92,-3.3761076354045385,-5.930820943606101,0.000655728369440528
108.94,-3.3758030622083885,-5.933028086646527,0.0008349920702034053
108.96,-3.3754385949022443,-5.935088623097848,0.0009976206786022623
108.98,-3.3750321981489657,-5.937259467185089,0.0010826590444525386
109.0,-3.374572237890345,-5.939427492765785,0.0010844258912013072
109.02,-3.374067393138568,-5.941584277041146,0.001001483343053583
109.04,-3.373523305814514,-5.943714551108901,0.0008359306021680779
109.06,-3.3730871514402967,-5.945743785100456,0.000861147510146959
109.08,-3.3725614274143525,-5.947781367371506,0.0010364477986468945
109.1,-3.3719994722540214,-5.9499084504650375,0.0011412848900322903
109.12,-3.371410627585147,-5.952012298403066,0.0011618855263780259
109.14,-3.370780599659848,-5.954111849820681,0.0011024033778521403
109.16,-3.370115568490435,-5.956160905737394,0.0009627853823292454
109.18,-3.36946700735847,-5.9581037872542195,0.000871553138724529
109.2,-3.3688673053907463,-5.960081697627737,0.0010287977411562454
109.22,-3.368200340124408,-5.961970706585146,0.0011479415778292978
109.24,-3.367450052047937,-5.964039538433189,0.0011914216137003386
109.26,-3.3666534539984188,-5.966105587441812,0.0011490752916377411
109.28,-3.365844718575147,-5.968075976594873,0.0010305739356639976
109.3,-3.3650250647602915,-5.969938459616542,0.0008356525018277661
109.32,-3.3642829350438923,-5.971854965142403,0.000964884186461068
109.34,-3.3634933834024854,-5.973666035057412,0.0011031196737749105
109.36,-3.362607349593481,-5.975655614582834,0.0011582387884854495
109.38,-3.3616704566099345,-5.977649829791902,0.0011437761555443404
109.4,-3.3607187506469725,-5.979582040144969,0.0010415849204784555
109.42,-3.3597706270382166,-5.98138500130073,0.0008641451801880973
109.44,-3.358898043132357,-5.983253169998068,0.0008627633536478774
109.46,-3.357964675025041,-5.984995874936346,0.0010117020301667057
109.48,-3.356953781552855,-5.98685412243694,0.0010867842614801226
109.5,-3.355882091707302,-5.988782157984654,0.0010834416510049627
109.52,-3.3547716700775325,-5.990683075591233,0.0009993644590109985
109.54,-3.353679541948663,-5.992459043066373,0.0008373553742200002
109.56,-3.3526229609316345,-5.99420588798488,0.0007069358641156043
109.58,-3.351576086756962,-5.995958132296876,0.0008554791515569538
109.6,-3.35044580156731,-5.9976884830020385,0.0009556135705633961
109.62,-3.3492503863572294,-5.9995462853742945,0.0009784888394575308
109.64,-3.3480104342470662,-6.00138323578611,0.0009120327712103804
109.66,-3.3467297031146677,-6.003189432630943,0.0007558635155818227
109.68,-3.3454739968797464,-6.004870449896779,0.0005241193569878178
109.7,-3.344313875994176,-6.0066435252177754,0.0006534119082657608
109.72,-3.343063083551534,-6.0083636897200225,0.0007814682270726181
109.74,-3.3417333201042005,-6.010116791953728,0.0008189681956098649
109.76,-3.3403745230496082,-6.011856104215003,0.0007718630791186398
109.78,-3.3389754831483156,-6.013566886644041,0.0006405508908040036
109.8,-3.33758560457923,-6.015270910273262,0.0004448660113839653
109.82,-3.336472697847776,-6.016840309044236,0.00046902589651123816
109.84,-3.3355878381533306,-6.018109403451433,0.0006057578982726908
109.86,-3.3348907262407157,-6.018974997661474,0.0006971817573865058
109.88,-3.3343820596107405,-6.019524359049297,0.000796785595828492
109.9,-3.334111136976712,-6.0197465917546795,0.0008822458720307014
109.92,-3.33408446224983,-6.019664827647991,0.0009592045860210285
109.94,-3.334329667933234,-6.019257047932383,0.001024403938000129
109.96,-3.3348677687358137,-6.018532805469446,0.0010741526780136956
109.98,-3.335742176644007,-6.017448647149492,0.0010952672705086541
110.0,-3.336919241065546,-6.0160820825920025,0.0010554599852375945
110.02,-3.3381954345175937,-6.0146521652275675,0.0009489744755842022
110.04,-3.3396426734313214,-6.013115916857591,0.0007473771783738647
110.06,-3.3411418450892856,-6.011361921871718,0.0009173096408353898
110.08,-3.3428329902152285,-6.009542000161843,0.0010628890851429595
110.1,-3.3448218306170485,-6.007437868844299,0.0010929806656410357
110.12,-3.3469038750940143,-6.005398193113716,0.0009118295613923522
110.14,-3.348940452051918,-6.003405729244969,0.0008573234341255065
110.16,-3.3510211121204776,-6.001455093775808,0.0010410270183205672
110.18,-3.353245018133886,-5.999451163730372,0.0011097118301643394
110.2,-3.3555198172504745,-5.997544727736205,0.0009425550426946094
110.22,-3.3575116797429088,-5.9958956779426185,0.0007992946499341402
110.24,-3.359117402621803,-5.994476489075625,0.0009971455707757093
110.26,-3.3606152302052874,-5.993175155635334,0.001136413722047258
110.28,-3.361806288071362,-5.992235844413767,0.0010577948379725532
110.3,-3.362606329116324,-5.991636093182989,0.0009354191089400166
110.32,-3.3630698475716247,-5.991279406681979,0.0007260441178404686
110.34,-3.3631615748172083,-5.991082449348095,0.0005846140344033246
110.36,-3.362971012369177,-5.990892512526838,0.0005665828624960012
110.38,-3.3626536798415363,-5.991018785951923,0.0007660816309300322
110.4,-3.361985143263998,-5.991299477798503,0.0009736183353549477
110.42,-3.360898850065413,-5.991782453635714,0.0010844584989475048
110.44,-3.3592486493257816,-5.992467148830057,0.001083157229150311
110.46,-3.357421258094379,-5.993179602626373,0.0009539050626924672
110.48,-3.35525270025946,-5.9940521945632375,0.0008526662498582471
110.5,-3.3526601048588343,-5.995156505863275,0.0010485097947235678
110.52,-3.3498066127575763,-5.996237419662406,0.0011154932465748946
110.54,-3.3463617427715837,-5.997414231775925,0.0009553177986699746
110.56,-3.3427411393932056,-5.99869926902306,0.0009108645682604777
110.58,-3.3387874129660973,-6.000053330033649,0.001008992955411847
110.6,-3.3348504042792144,-6.001142827846772,0.0009291370138440891
110.62,-3.330389646771201,-6.002365684474771,0.0005186590106573963
110.64,-3.325734971543697,-6.003784222389195,0.0007580600089229228
110.66,-3.320850319347009,-6.005203205897902,0.0010457647738162379
110.68,-3.316027886561383,-6.006476668331159,0.0011206165245137845
110.7,-3.3113888792666213,-6.007694676831171,0.000840427958778478
110.72,-3.3060132464438445,-6.009112708613477,0.0010090827348820386
110.74,-3.300724178741668,-6.010375775541687,0.0008518211824489474
110.76,-3.2952103578164555,-6.0116424669462525,0.000808104587850994
110.78,-3.2897311490844414,-6.013047130210146,0.001041871551229645
110.8,-3.284246267318094,-6.014276648258633,0.0011945793084530976
110.82,-3.2787668752765855,-6.015475572242329,0.0010694981605142984
110.84,-3.2731934285650808,-6.016634632048696,0.0005454609865620241
110.86,-3.26762332189516,-6.017860026155562,0.0009587012106934134
110.88,-3.2620241209986918,-6.019033466004391,0.0012110330921795143
110.9,-3.25640919733303,-6.020140656036121,0.001124563166952669
110.92,-3.2517352549980525,-6.020940977034232,0.0009167653638663675
110.94,-3.2458586815983255,-6.021987552812745,0.0009525530323202802
110.96,-3.2394415922050843,-6.023039304552138,0.0011857456205434103
110.98,-3.2332561935060267,-6.024107801986062,0.0009765860202301802
111.0,-3.226871137835697,-6.0253029172397365,0.0011161887050168129
111.02,-3.2202632643505176,-6.026327317480668,0.0011389030754680451
111.04,-3.214144412947372,-6.027260842157857,0.0011582294736451615
111.06,-3.208227811024387,-6.02829071076329,0.0011761660724902423
111.08,-3.202338607678926,-6.029261933011807,0.001283512792880026
111.1,-3.196914949403715,-6.030020051203691,0.0009965718810197033
111.12,-3.191339581820234,-6.030794405620039,0.0009482114954323939
111.14,-3.185709599745531,-6.031722054519116,0.0012498759886170607
111.16,-3.180234310056097,-6.032441534982574,0.0013900245156646396
111.18,-3.1745805165125103,-6.033156840189419,0.0011978652716324312
111.2,-3.168912237856656,-6.033845119242743,0.0007136133354097296
111.22,-3.1631970791856188,-6.034605805350198,0.0011942528863916613
111.24,-3.157491961098352,-6.035274630423446,0.0013815820443071614
111.26,-3.152000223586094,-6.035810179407629,0.0013311776478019122
111.28,-3.146953818907766,-6.0362956795435405,0.001202015302309789
111.3,-3.141310784003611,-6.036846887239983,0.0011414016500805035
111.32,-3.135826798199757,-6.037283858422681,0.0012730089227792618
111.34,-3.130423881754507,-6.037711719665879,0.001105934645553558
111.36,-3.1247862189494566,-6.038267101561962,0.0013308267333556334
111.38,-3.1191872981282427,-6.038626088754435,0.0013480121647325427
111.4,-3.1136307267073073,-6.03894954852795,0.0009852949141619105
111.42,-3.1079260897930343,-6.039316272833225,0.0010333786675287004
111.44,-3.102272653839285,-6.039728955402634,0.0013600986380086777
111.46,-3.0969819445809423,-6.039810506473847,0.0014328218860365782
111.48,-3.0914745573148186,-6.039985068391513,0.00110969866282426
111.5,-3.085803733042171,-6.040300149807867,0.0009847255180209513
111.52,-3.0800540841186,-6.04046965295858,0.0013329829520929704
111.54,-3.0745447171694176,-6.04062601178811,0.0014067711115113568
111.56,-3.0692066921923287,-6.040678997527238,0.001080786749391771
111.58,-3.06348538140329,-6.040922414114239,0.001217686459682038
111.6,-3.05796611531795,-6.040852627093575,0.0011043437860818739
111.62,-3.0523205946907055,-6.0408160129016775,0.0011279947627712006
111.64,-3.046867569979726,-6.040876840139984,0.0012185517291235515
111.66,-3.0412294268663205,-6.040822707089267,0.0013881263628552076
111.68,-3.0358844447695725,-6.0407081505551785,0.001282067025252992
111.7,-3.0303019194080174,-6.040533825906244,0.0007866232478845048
111.72,-3.024610962226894,-6.04042600720475,0.0010975984304346376
111.74,-3.018982787109985,-6.04026058738001,0.0013669723016009327
111.76,-3.013355018674965,-6.040037613287578,0.0013148452687165302
111.78,-3.0085930012009894,-6.039656730187646,0.000963838125431854
111.8,-3.0029706256025173,-6.039443032042202,0.0009898481322986874
111.82,-2.997408395262561,-6.039068250589012,0.0012430015536731287
111.84,-2.9919738993783995,-6.038710293535575,0.0011760900543633657
111.86,-2.9863439574389603,-6.038415016549522,0.0012646013670222223
111.88,-2.9807055911841416,-6.037993271337916,0.0012478114169474086
111.9,-2.975328595856069,-6.037507500881007,0.0009814678817324507
111.92,-2.9697395796289547,-6.036999843271997,0.0008650178081909266
111.94,-2.9640707217017406,-6.036645740695284,0.0013521331389318159
111.96,-2.9587615102116067,-6.035970754578916,0.0014006567379772072
111.98,-2.953431123150524,-6.035383210963531,0.001132165800066559
112.0,-2.9478497524217055,-6.034817927648734,0.0007459814578234525
112.02,-2.9422008058618436,-6.034193544230655,0.001159694988037363
112.04,-2.936586894617478,-6.03356682615743,0.0012888633982793274
112.06,-2.93160092945701,-6.032813575457888,0.0011267378921970272
112.08,-2.926152795881881,-6.032158688207779,0.0011458147374851513
112.1,-2.9205649461658134,-6.031351242238751,0.0010152286751914097
112.12,-2.9149504259279984,-6.030522565175852,0.0011399866634075884
112.14,-2.909590787549782,-6.029756851812234,0.0009717365108089515
112.16,-2.90414589816868,-6.02900859262495,0.0012308303947104193
112.18,-2.8987805256903063,-6.028108259248261,0.0012494376327075174
112.2,-2.893582730267449,-6.0271361847623455,0.0008277924755968336
112.22,-2.8880366650161107,-6.026211968420506,0.0009556721058203155
112.24,-2.8824602256705716,-6.025259816296919,0.0012542409751875316
112.26,-2.877080801641989,-6.024247308993224,0.001385168740825199
112.28,-2.8721810214848684,-6.023175223359653,0.0009574330711193957
112.3,-2.8666286105299177,-6.022202619724414,0.0008710136723875384
112.32,-2.8610310596851614,-6.021028035726937,0.0012227648391627266
112.34,-2.8556905676448516,-6.019946481623663,0.001240202486142289
112.36,-2.8504099650452517,-6.0187466669815395,0.0010015860322143133
112.38,-2.8448648042227656,-6.017642146084907,0.001167299314539183
112.4,-2.8395445125302734,-6.016371674922087,0.0010353401331754108
112.42,-2.8341145552656184,-6.015034263167802,0.0010020588761933402
112.44,-2.8288674890495273,-6.013906499179409,0.001108917792412567
112.46,-2.823403182732037,-6.012570917955213,0.0013104516035797598
112.48,-2.818254079266726,-6.011251296917758,0.001191105484534577
112.5,-2.8128091760571676,-6.009804681008895,0.0006808017148352274
112.52,-2.8072874101680436,-6.008422335246732,0.001026876248653552
112.54,-2.801748018666722,-6.006952755407595,0.00128873259659823
112.56,-2.796280079349251,-6.005433669526659,0.001224534981875941
112.58,-2.791751364585563,-6.004172193891613,0.0010214475666663059
112.6,-2.786297904876338,-6.002727177470236,0.0010278070002655848
112.62,-2.7809464057326005,-6.001079439517141,0.0013795363665089766
112.64,-2.776029647569107,-5.999651079151633,0.0010888981347185744
112.66,-2.770659622792896,-5.998180705206138,0.001189393956752438
112.68,-2.765234030477663,-5.996453434402413,0.0012717362507617402
112.7,-2.760024557549546,-5.9947658500640415,0.0009975791676093138
112.72,-2.754593655438234,-5.992936678687224,0.0008128113039069518
112.74,-2.749150721477495,-5.991291367374895,0.0013635245726210943
112.76,-2.7439491026353107,-5.989501207648435,0.0014390152139267809
112.78,-2.738950362119336,-5.987741481674155,0.001123060295717404
112.8,-2.733568774982014,-5.985885051575803,0.0008839080429554891
112.82,-2.72816369876125,-5.9839232226200245,0.0012136394270829964
112.84,-2.72275405991632,-5.981980816858877,0.0012843937861423682
112.86,-2.7179417582943026,-5.980237267715105,0.0011243116807236608
112.88,-2.712727550109438,-5.978345312373069,0.0012402835099117604
112.9,-2.7074466060145177,-5.976252646985638,0.0011024302248135442
112.92,-2.7022001543863174,-5.974123715416101,0.0011183456370041367
112.94,-2.697005133092749,-5.97206821664023,0.000979769130113689
112.96,-2.6917072347813313,-5.970033442088842,0.001256150629546704
112.98,-2.68660601406095,-5.967817662700219,0.0012736581153169613
113.0,-2.6813858099528396,-5.96555299990637,0.0008675282856063504
113.02,-2.676102533304622,-5.963287350637234,0.0009704362458096416
113.04,-2.670838203822811,-5.960995993163629,0.0012759576037777998
113.06,-2.665606181293612,-5.958658406295967,0.0012912131552798856
113.08,-2.661257753264709,-5.956735822444802,0.000936395373811183
113.1,-2.656105607793804,-5.954480342324094,0.0010468162101374967
113.12,-2.6509023413464385,-5.952000992064586,0.001285245891643333
113.14,-2.6461423990359347,-5.949785440552306,0.0011751758397788026
113.16,-2.641125976876202,-5.947437162816449,0.00104961479570842
113.18,-2.6359982287487513,-5.9449476935643775,0.0011871391169223644
113.2,-2.6311416072239164,-5.942540064687124,0.0010180306044025589
113.22,-2.6261359016317005,-5.939934322734123,0.0008816245844159021
113.24,-2.6210244867443726,-5.937446289516135,0.0011758170194221818
113.26,-2.616083408810495,-5.934891120151198,0.0013687085986931191
113.28,-2.611259870535733,-5.93233824277641,0.001140142898004154
113.3,-2.606269018438517,-5.92962646175073,0.0005888097677315129
113.32,-2.601178912780274,-5.9269404111871795,0.0010312169830204443
113.34,-2.5961287550619643,-5.924213334427403,0.0012029935961737626
113.36,-2.5912419299330436,-5.921494521290521,0.0011768957910429367
113.38,-2.586818652092202,-5.919094979986681,0.0009954882515669505
113.4,-2.581915845129795,-5.916308351490691,0.0009567218626437279
113.42,-2.577085467430936,-5.91343117050622,0.0010465080696679951
113.44,-2.5722902581667744,-5.91063767688542,0.0009131633471004819
113.46,-2.5674662659553613,-5.907892291617038,0.001106305149025516
113.48,-2.5625881846140377,-5.9049056821112185,0.0011547877782629168
113.5,-2.558135342782638,-5.9021378745064155,0.0008497333239522731
113.52,-2.553335746244537,-5.899064171937275,0.0006128628455863427
113.54,-2.548474316480063,-5.8961780391200325,0.0011937318125851692
113.56,-2.543711532062523,-5.893094097108303,0.0012419631469905712
113.58,-2.5394115690296046,-5.890341876508303,0.0009510673227942079
113.6,-2.5346471703458326,-5.887327812670241,0.0008154369041336595
113.62,-2.5298755112080453,-5.8841475486724235,0.0011103011279410824
113.64,-2.525183261902732,-5.8810600020771275,0.0011868836912251879
113.66,-2.5208478684093514,-5.87821042750277,0.0009064005213008097
113.68,-2.5161345795765753,-5.875103981501699,0.0011010844051746183
113.7,-2.5115740450528317,-5.871852019067714,0.0009746103995903477
113.72,-2.5071544137541366,-5.868657999624339,0.0009361114059487363
113.74,-2.502633496275503,-5.865540149007666,0.0009237639688242372
113.76,-2.498107083508703,-5.862272840046874,0.0011682223720308194
113.78,-2.493842535612858,-5.859125973816867,0.001135050955007072
113.8,-2.489390072514096,-5.855745669270801,0.0007188225679317373
113.82,-2.4848978757935107,-5.852356681726181,0.0008336976342579738
113.84,-2.480411880736761,-5.848972112219504,0.0011657485760784847
113.86,-2.475968402013047,-5.845525944798082,0.0011735827247352504
113.88,-2.472161592516317,-5.842534267148566,0.0008607856697835925
113.9,-2.467799427014215,-5.839239476099346,0.0009712915665975042
113.92,-2.4634791140545778,-5.835709842796607,0.0010814338477571905
113.94,-2.4589339552382037,-5.832104372442812,0.001071146958032343
113.96,-2.4540083595242415,-5.8282105213486695,0.0012339839965754273
113.98,-2.448975188630183,-5.824081475527874,0.0011270155826222927
114.0,-2.44410214303306,-5.819864615462715,0.0011891667034395204
114.02,-2.4389077365151794,-5.815603935627969,0.0010640574899718758
114.04,-2.433646692537763,-5.81134137487257,0.001374794674264962
114.06,-2.428513714877332,-5.80697104150066,0.001068802889351128
114.08,-2.423238834597854,-5.802432661070414,0.0012682009765522806
114.1,-2.4180879072650563,-5.798257511267729,0.0015122777915775043
114.12,-2.4128160499963323,-5.793925761600151,0.0012592274624901034
114.14,-2.4078794831551438,-5.789704723012847,0.0014621140938422539
114.16,-2.40260347824778,-5.7853279793961025,0.0013325862653611742
114.18,-2.397140446873808,-5.7808624916086835,0.0017215979670900383
114.2,-2.3924528722425245,-5.777066008654814,0.0010733810548200773
114.22,-2.387159688175317,-5.772517394170218,0.001200388274223807
114.24,-2.381605133142759,-5.76800476748694,0.0016349913239482872
114.26,-2.376699192741272,-5.7640182846638375,0.0012597897658312152
114.28,-2.371780266419457,-5.759752866799612,0.0011931800587504926
114.3,-2.365961276167403,-5.7550910170287555,0.001434494506540679
114.32,-2.360740526895841,-5.7508672466352015,0.0012364030457433228
114.34,-2.3553438694029367,-5.746318347322994,0.0013409186885699198
114.36,-2.3497758243890567,-5.741866482326357,0.0013758409371326108
114.38,-2.344503136511063,-5.737614781158306,0.0016027099695538616
114.4,-2.3393153694178213,-5.733327106798907,0.001288799571198429
114.42,-2.333622840798603,-5.728585544421569,0.0013291113275809008
114.44,-2.3280149247171678,-5.724162846512795,0.0017159445152123698
114.46,-2.3231190264913057,-5.720175487074946,0.001460012679806555
114.48,-2.3181233288984036,-5.7159574185494515,0.0014078702795139175
114.5,-2.3125385231940685,-5.711472587581962,0.0015356514541640665
114.52,-2.3073597515462776,-5.707239304496271,0.0016905648081984581
114.54,-2.3022640027104453,-5.702964358383066,0.0013261070275274178
114.56,-2.2965932524776327,-5.6981700738092025,0.0011862830838281213
114.58,-2.2911354245150917,-5.693758613319556,0.0015693259081124289
114.6,-2.286397205537709,-5.689784662585234,0.0012755904664052686
114.62,-2.2812449444701106,-5.685357990050851,0.0013318935893006922
114.64,-2.2759163792656145,-5.680982343280903,0.0017668409092380655
114.66,-2.27062584151737,-5.676620602459132,0.0017151892238749245
114.68,-2.2661812385401694,-5.672827200122555,0.0012370448503850884
114.7,-2.2608029121463904,-5.668406496942649,0.001397089152437192
114.72,-2.25518234761379,-5.663797537478502,0.001357469882248219
114.74,-2.2502382952591566,-5.659613405494331,0.0013149206636446642
114.76,-2.2452331361292597,-5.655486115994469,0.0011342552725545907
114.78,-2.2396972873050136,-5.651076545076678,0.0017311440858854277
114.8,-2.234651106463279,-5.64701594052391,0.0012511510756911814
114.82,-2.2295959988233385,-5.6427652210451695,0.001121453667306399
114.84,-2.2239098571952094,-5.638240463623612,0.0015364478776166701
114.86,-2.2185979120911323,-5.634000035090942,0.0014605794093632274
114.88,-2.21325178175704,-5.629580316130576,0.0012212694021863923
114.9,-2.207611387538349,-5.625075905368365,0.0011940267873722932
114.92,-2.2022751366381836,-5.620820190420647,0.0013790495335181119
114.94,-2.1974609771625992,-5.616856170215432,0.0012650219157409048
114.96,-2.192936364530353,-5.613123057018402,0.0013639597973452156
114.98,-2.188438482701981,-5.609563025062911,0.0014653142008301534
115.0,-2.183705817542806,-5.605784719789003,0.0015506919266705388
115.02,-2.1799596103108474,-5.602732961725411,0.0007608958240839792
115.04,-2.1757441755261753,-5.599196317829662,0.0008236944174397354
115.06,-2.171220502207218,-5.595546160433249,0.001178421767857346
115.08,-2.166985868837132,-5.591918100294509,0.0012453865877201098
115.1,-2.163063312915777,-5.588588276802665,0.000856739905009396
115.12,-2.158591810615539,-5.584869554273176,0.0007106840721651242
115.14,-2.1537905258101735,-5.580639933398111,0.0011912536460718104
115.16,-2.1490694918422406,-5.576628910191028,0.0011985330177285147
115.18,-2.1446348451595467,-5.572795373385624,0.0008561686917841482
115.2,-2.1399254944492183,-5.5686775696097515,0.0007500079819267313
115.22,-2.134653669203314,-5.563770574652959,0.0014890967228557705
115.24,-2.129808090840172,-5.559273610411543,0.0011599555295045416
115.26,-2.124530701067764,-5.554617524910404,0.0010522864040747593
115.28,-2.119272452691832,-5.549742594045486,0.0011438921085829834
115.3,-2.1140799958685266,-5.544993733979269,0.0009875374282918292
115.32,-2.1090588694583934,-5.54059305549989,0.0009103299754875949
115.34,-2.104112933141605,-5.536033565867115,0.0010683529565596872
115.36,-2.0989429342735653,-5.531244191091128,0.00128538781639001
115.38,-2.094188208041508,-5.526955059875477,0.0008475499562261013
115.4,-2.089129842584277,-5.522421905907913,0.0008147519290604976
115.42,-2.08393483109785,-5.517520963384444,0.001518737345980875
115.44,-2.0791480197414267,-5.513060110085921,0.0012148329061095475
115.46,-2.074194447863232,-5.508564771835082,0.001088661625050863
115.48,-2.0689620844716954,-5.503673421055484,0.0011546352628344914
115.5,-2.063866743002569,-5.498952342563076,0.0011722333101424065
115.52,-2.058987334137236,-5.49459977740864,0.001183354272420667
115.54,-2.0540367545729694,-5.490105038491921,0.0009327636286250163
115.56,-2.048905901260592,-5.485200043818425,0.0015688126923262546
115.58,-2.0441422430550866,-5.480672387785042,0.001201089788805343
115.6,-2.0388475708399945,-5.475952374809751,0.0011407781150082341
115.62,-2.033617894363986,-5.471017046295908,0.0013076827105325817
115.64,-2.0284160552607315,-5.466258161030333,0.0011124626762837875
115.66,-2.0234970282310734,-5.46187872980853,0.0011158758545881664
115.68,-2.018487253335441,-5.45718248867978,0.0013730245332370106
115.7,-2.0133779221620207,-5.452420453541877,0.0015426123158980842
115.72,-2.0088797681835713,-5.448347979861872,0.001098391188609632
115.74,-2.0037794458479534,-5.44370670116213,0.000991243564132549
115.76,-1.9985528700982444,-5.438709804634505,0.0015416836952349966
115.78,-1.9940994097594604,-5.434545369784857,0.0010885175930311353
115.8,-1.9890018888030498,-5.429950941317426,0.0012563335028712985
115.82,-1.9838677720669233,-5.4250576357620774,0.0015635097378763063
115.84,-1.9789048030552316,-5.420399975568177,0.00163541562143793
115.86,-1.9738862555704542,-5.415836588553653,0.0012230347387687523
115.88,-1.968455070718867,-5.410808015875893,0.0012745609516163492
115.9,-1.9633700817582456,-5.406034420586391,0.001478627334769278
115.92,-1.9583566635301617,-5.401518902894259,0.0012938113751200797
115.94,-1.953272894133037,-5.396948950401461,0.001336984357517168
115.96,-1.9482039220842975,-5.392196054068788,0.0017515370112081707
115.98,-1.943390586993354,-5.387704586083452,0.0014539222911578997
116.0,-1.9385246253842363,-5.3833712290591125,0.001393386567547339
116.02,-1.933350550216533,-5.378507380835336,0.0015363422217259393
116.04,-1.9282556087638865,-5.373758507918522,0.0015742106615025397
116.06,-1.9236386097382705,-5.369570399258316,0.001362107806546775
116.08,-1.9184733713145454,-5.364822005464963,0.001262388998466285
116.1,-1.913424792272603,-5.360028796717804,0.0017949791807262416
116.12,-1.9087195269380293,-5.355547470568491,0.0013133290191817137
116.14,-1.9033928192950222,-5.350745037433897,0.0013666528715539361
116.16,-1.89815248412073,-5.345823256655983,0.0016436398012906195
116.18,-1.893145661285067,-5.341194273467494,0.001366932352472372
116.2,-1.888115782993658,-5.336804016176083,0.0015917522177700816
116.22,-1.8832738066811177,-5.332373629650801,0.0013979121334959654
116.24,-1.8781914338252892,-5.327599227763609,0.0015227786419722
116.26,-1.8735161402417946,-5.32339657900912,0.0012475727245761237
116.28,-1.8684569242706426,-5.318754534348949,0.001195333081998623
116.3,-1.863202812306098,-5.313782109524147,0.0016650576559958663
116.32,-1.8588469955980957,-5.309683880717722,0.001096189336649206
116.34,-1.8538462672341256,-5.305184673332634,0.001389768086972748
116.36,-1.8487092234903726,-5.3003025410793665,0.001561865124073969
116.38,-1.8437168059339175,-5.295608369829058,0.0015641401224162632
116.4,-1.8393674634155683,-5.291683165004795,0.0011537637580172344
116.42,-1.8343700674231787,-5.286936853850539,0.0013811475469242551
116.44,-1.8292052169416249,-5.282005884251144,0.001578767733623282
116.46,-1.8247950993800124,-5.277846858148277,0.0011084590905723335
116.48,-1.8198313723575712,-5.273254304286251,0.0011413184417146671
116.5,-1.8146797170169808,-5.268191617969919,0.001508756826179375
116.52,-1.8101358825136384,-5.263781093465176,0.001135497197742058
116.54,-1.8051308170053908,-5.259070932063492,0.0011295193358667743
116.56,-1.8000454838734743,-5.254071695910776,0.0013924293486949069
116.58,-1.7951472131105863,-5.24931403642297,0.001309879775059447
116.6,-1.790544523823223,-5.245037515954044,0.0010736054156602615
116.62,-1.7856987358710275,-5.240316587005919,0.001243195104907141
116.64,-1.7805635032415503,-5.235277788196978,0.0015660975769142826
116.66,-1.7762562640250934,-5.231028487102122,0.0008944397092654488
116.68,-1.771154450257471,-5.226226800585032,0.00111610008588095
116.7,-1.7660955947523318,-5.221200797239189,0.0013083780797335243
116.72,-1.7614151300671301,-5.216626674831706,0.0009471388168211803
116.74,-1.7565570426085473,-5.2120986041377435,0.0010081815044255815
116.76,-1.7516000270065173,-5.207143806711942,0.0012673332002216542
116.78,-1.7467984603561737,-5.2024181743929665,0.001300151880158723
116.8,-1.7422290991854164,-5.19799624415528,0.0009771511743851269
116.82,-1.7371774507406037,-5.1930949608981765,0.0009233585302434177
116.84,-1.732148399797251,-5.1880221637838915,0.0012192630087009548
116.86,-1.7275099078492386,-5.183462714074359,0.0008459104404126561
116.88,-1.7226750199081786,-5.178886084719233,0.0009436024881317173
116.9,-1.7176522675759445,-5.173780234536409,0.0013862146621019533
116.92,-1.7129575659465555,-5.1690448528949515,0.0012865957352344304
116.94,-1.7080012465805356,-5.164259840872149,0.0009966758557272137
116.96,-1.7028480349817787,-5.159132845982086,0.0010974689294928341
116.98,-1.6979144587578903,-5.154206644649833,0.0010978965810566899
117.0,-1.692959510450213,-5.14951148488514,0.0009159216689828831
117.02,-1.6881654786415952,-5.144848946466061,0.0008057949549926946
117.04,-1.683300030087243,-5.139906477001903,0.001198163797489521
117.06,-1.678531431765913,-5.135243031201158,0.0009375458044477147
117.08,-1.6736773881887843,-5.1306078901576955,0.000968028842967178
117.1,-1.668688917547475,-5.1255172774891875,0.0013661401590991107
117.12,-1.6640775454477554,-5.1208675129649865,0.0012389876963493363
117.14,-1.6594572380595474,-5.1163624096418845,0.0011776969145627925
117.16,-1.6544639562977608,-5.111369730361364,0.0010802623149443469
117.18,-1.6495323395023258,-5.106346663605363,0.0013732804884424854
117.2,-1.6451793421088186,-5.102002087732567,0.0009664870632342948
117.22,-1.6400864851931296,-5.097080110602249,0.0010230467842782531
117.24,-1.6351191630278257,-5.091975448137016,0.0014952352442563765
117.26,-1.630738932831751,-5.087540053011656,0.0011402248863292275
117.28,-1.6258995278390453,-5.082872046068307,0.0012191722411528105
117.3,-1.6208784347724647,-5.077776899376696,0.0013759807233923727
117.32,-1.6162123377178599,-5.0731105315597675,0.0013567517281621588
117.34,-1.611509215713126,-5.068492883790101,0.0012327046737984348
117.36,-1.6063064973176104,-5.063364789407218,0.0011455206815251529
117.38,-1.6013888584257876,-5.058385866399653,0.0015516968639058826
117.4,-1.5972627393025163,-5.054236849132244,0.0009191952751493315
117.42,-1.5921936632146008,-5.049459677807488,0.0013005337016850083
117.44,-1.5871628569849543,-5.044386285136753,0.0015795029695346297
117.46,-1.5827254658567926,-5.039954940417353,0.0013978612659060197
117.48,-1.5780268302752498,-5.035374884285756,0.0013276634133752019
117.5,-1.5729432020263043,-5.030307356229672,0.0014359672297880877
117.52,-1.5680497433927845,-5.025466350630027,0.0015541963574548234
117.54,-1.5635468033311029,-5.0211738581704575,0.0011974485596859263
117.56,-1.558628601560207,-5.0163017622545105,0.001263040428063883
117.58,-1.5536058801204344,-5.011297898445379,0.0017192775803784588
117.6,-1.5492349059344381,-5.0069032534811635,0.0011103969849082518
117.62,-1.5441505824094348,-5.002008292255859,0.0013410040244578036
117.64,-1.5391283124475004,-4.996924920876871,0.0016562835874229798
117.66,-1.5343732475135388,-4.99218790782456,0.0014938515168237965
117.68,-1.5298212706655967,-4.987827115914683,0.0012813828791873316
117.7,-1.5249092613781472,-4.9828643427499895,0.0015534257121892492
117.72,-1.5201376602185008,-4.978080643136142,0.001760817178231261
117.74,-1.5155948483155903,-4.973467007975685,0.0011731218638842966
117.76,-1.5103582163860791,-4.968459451298365,0.0012741640195665649
117.78,-1.505386441130989,-4.963379151914393,0.001652149011861087
117.8,-1.5006197622566708,-4.958647317266844,0.0013262824484289726
117.82,-1.4957273453397808,-4.9539684196616625,0.0015673310158444698
117.84,-1.4911270926266162,-4.949307610192081,0.0015704776687776867
117.86,-1.4862069042482426,-4.944357260675959,0.0014919106556182948
117.88,-1.481638228185104,-4.939928100330538,0.001251972096710935
117.9,-1.4767375114215398,-4.934962139583049,0.0013817606645620817
117.92,-1.4717392938666227,-4.92991331628095,0.0016095423075421222
117.94,-1.4674167107534175,-4.925632091238272,0.0010371401880694686
117.96,-1.4625764679034532,-4.920795925269893,0.0009984581150437877
117.98,-1.4576983536025514,-4.91571699583293,0.0014844109006660888
118.0,-1.4531611772118664,-4.911127036655187,0.0011246685452381
118.02,-1.4481087004282749,-4.906205662532006,0.0011616238822027558
118.04,-1.443150956073552,-4.901075563737542,0.0015038873427134225
118.06,-1.4383522252610668,-4.896161629185251,0.001436858971625321
118.08,-1.433896135885027,-4.891805952843592,0.0011276826328701361
118.1,-1.429128457286236,-4.886875002917506,0.001235191891794829
118.12,-1.4242794517776618,-4.881873335586634,0.0016577814373809063
118.14,-1.4196307319923394,-4.877072030613351,0.0011371604098195098
118.16,-1.4145535327767986,-4.872003313927406,0.0011728086670745874
118.18,-1.4095941847831372,-4.866830703767098,0.0013700001951222895
118.2,-1.4046460940176078,-4.861836084026419,0.0010698150834755338
118.22,-1.3999291214249228,-4.857248719620081,0.0011197243620044983
118.24,-1.3951511610659357,-4.852312107209147,0.0013213354551896428
118.26,-1.3903209535415193,-4.847347768285187,0.0014541353013293457
118.28,-1.3860049194446884,-4.843004061748192,0.0010027095360158889
118.3,-1.3809229084424062,-4.837914278617807,0.0010553670566846307
118.32,-1.376018053086924,-4.832778886651704,0.0013093505053024257
118.34,-1.3716741805930983,-4.828334183117993,0.0008400301077236827
118.36,-1.3669061003169463,-4.823677630959967,0.0007906719761477943
118.38,-1.361906670792359,-4.818393628067173,0.001243278389320368
118.4,-1.3573892749480496,-4.813737899355486,0.0009916421414854493
118.42,-1.3524968727088118,-4.8089350817633925,0.0009375411672929712
118.44,-1.3476073282155379,-4.80383530117591,0.001155613853580456
118.46,-1.3427143517797133,-4.798743422863905,0.0012219052136954456
118.48,-1.3382979188619497,-4.794297423986569,0.0008656059456967069
118.5,-1.3336750503471622,-4.789574624767619,0.0008441905369850067
118.52,-1.3286250821395689,-4.7842225778057665,0.0013122710714386088
118.54,-1.3243730202985895,-4.779734197873602,0.0008705276414729679
118.56,-1.319812559713977,-4.775105264525306,0.0007752881535253164
118.58,-1.3148317262730633,-4.769652466914571,0.001083811766629611
118.6,-1.310183590349109,-4.76467523021627,0.0010098733463167475
118.62,-1.305321280458649,-4.759616691307837,0.0009164998118166567
118.64,-1.3005079286896613,-4.754387959639523,0.0010847728805719326
118.66,-1.2958989668641936,-4.749423975401039,0.0012746603590679806
118.68,-1.2913907933367996,-4.744652881263336,0.000828415996842774
118.7,-1.2864648522237336,-4.739502834635899,0.0008251559746626225
118.72,-1.2816788951450921,-4.734269505128886,0.0013762452292287453
118.74,-1.2774902082572623,-4.7297263375505,0.0009402820088478259
118.76,-1.2727102453578745,-4.724831237504933,0.000994321209929816
118.78,-1.267902214078359,-4.71961941225214,0.0012852062678241627
118.8,-1.263378860467295,-4.714731094702676,0.0012349131226964127
118.82,-1.2588615863269066,-4.710036931419602,0.0010071291331799626
118.84,-1.254191066417002,-4.704944372609797,0.00112260873393627
118.86,-1.249314919017283,-4.699637327313692,0.0015050024321009436
118.88,-1.2452350125004925,-4.6951498470984365,0.0009007272197491534
118.9,-1.2404078032550423,-4.690137048825724,0.0012184309870029164
118.92,-1.2356282629874196,-4.684847947628001,0.001484091161297607
118.94,-1.2312305728578143,-4.680054384313968,0.0013386604629803123
118.96,-1.2266219465911528,-4.675141587899351,0.0011991983432720899
118.98,-1.2217536209244053,-4.669807311463569,0.0013325620776394043
119.0,-1.2171607272432707,-4.66481422718746,0.0014902467755589788
119.02,-1.212803385296985,-4.660218042469267,0.0011091063269160761
119.04,-1.2080017742534268,-4.655073411530107,0.0011212064728284288
119.06,-1.2032259836507073,-4.649846281285,0.0015730085974440255
119.08,-1.1988828926351078,-4.645087878058402,0.0011030685573873988
119.1,-1.1938146578956896,-4.639832682878638,0.0011794776362810677
119.12,-1.1890019564072787,-4.634557512551955,0.001654530586970765
119.14,-1.1846296463785189,-4.6298436478202145,0.0015449729747079866
119.16,-1.180302166802943,-4.625298529126489,0.0013461882749307985
119.18,-1.1753811578497617,-4.620037573558705,0.0013313294442552914
119.2,-1.1708038242797558,-4.615094312440017,0.0015944187305144686
119.22,-1.1662487530400114,-4.610303213990931,0.0011455190650187241
119.24,-1.1610904097171257,-4.604966527524988,0.001237262129320682
119.26,-1.1562847714160156,-4.599776206504384,0.0016739699873534464
119.28,-1.151994556663327,-4.595221367135486,0.0012710961551958
119.3,-1.1472680971663096,-4.590445774057679,0.0012015041659181047
119.32,-1.1426579926180394,-4.585507833740263,0.0015786115047083382
119.34,-1.1378505308587348,-4.580454242791994,0.0014362187458695774
119.36,-1.1331449937811193,-4.575644838286655,0.0013334190963686376
119.38,-1.1284606184153327,-4.5706305620309555,0.001405174167164125
119.4,-1.123469538039464,-4.565278639005374,0.0017202996681832394
119.42,-1.1194208292745076,-4.560902764811948,0.001040699260378114
119.44,-1.1146539676784193,-4.55600204782123,0.0012276066398708152
119.46,-1.10981728972779,-4.550674995367467,0.0016833568362893958
119.48,-1.1053485665251277,-4.545802412524232,0.0014427844151794766
119.5,-1.1010378215747185,-4.541269791683946,0.001292748227143925
119.52,-1.0963455594684122,-4.536104712358271,0.001585915611967914
119.54,-1.0916301391624919,-4.530901217798775,0.0017394931905091726
119.56,-1.0875933490083367,-4.52650544771922,0.001173839940252358
119.58,-1.082935634545786,-4.521485967853969,0.0011324199564023696
119.6,-1.0781268386911989,-4.5160385189015395,0.0015530027707673089
119.62,-1.0740011651904793,-4.5114524173453034,0.0010462907270078758
119.64,-1.0694423861528877,-4.506651520920755,0.0009985115996578586
119.66,-1.0646615024569392,-4.501168842998649,0.0014922609900639983
119.68,-1.0602466074807633,-4.496178708294198,0.0011555443811646915
119.7,-1.0553567211463952,-4.490915095478608,0.0010888002997026247
119.72,-1.050757203628545,-4.485648671699035,0.0013871419512752337
119.74,-1.0461603966629316,-4.480487181971936,0.0012801650904134265
119.76,-1.041726162642712,-4.475731258805005,0.0011404125974729395
119.78,-1.0370945547009527,-4.470705383877656,0.0010363560919483816
119.8,-1.0324537348377094,-4.465346463839736,0.0015306353959035623
119.82,-1.0280651852970866,-4.460404328733204,0.0011521920897738236
119.84,-1.0232876999500289,-4.45522758067044,0.0011563502699975803
119.86,-1.0185136904198624,-4.449809320964861,0.0013402200617897708
119.88,-1.0138659561002479,-4.444613689341531,0.0010715272331699444
119.9,-1.0092808526933048,-4.439825255073513,0.0012325707780724005
119.92,-1.004715619794582,-4.434846195465167,0.0011128303345497859
119.94,-1.0002084447720276,-4.4297080494425165,0.0014143286003164557
119.96,-0.9960933278484713,-4.425077158068617,0.0008232003264969368
119.98,-0.991252629444994,-4.419848902816125,0.001094783852632869
120.0,-0.9865451085186435,-4.4145058676505515,0.0012810380753769945
120.02,-0.9824389665950465,-4.40987810929135,0.0009045135714648711
120.04,-0.9776961118252543,-4.404890503531981,0.0009502353455810852
120.06,-0.9729884491011926,-4.399565878367299,0.0012703471287214552
120.08,-0.9685846203441912,-4.394651609451911,0.0012051698262989519
120.1,-0.964039550918997,-4.3897244320530495,0.0009494241103822632
120.12,-0.9591906299856434,-4.3843461753932225,0.0009655609524457376
120.14,-0.9545146393425139,-4.379115480304812,0.0012010341815386627
120.16,-0.9502968801219628,-4.374481321815448,0.000739948447656319
120.18,-0.9455789041000702,-4.36948067801994,0.0007876762585085906
120.2,-0.9408329774253276,-4.364086656492982,0.001366136193363926
120.22,-0.9366573334205632,-4.3593979794971585,0.0010873405264491265
120.24,-0.9319680303233281,-4.354354117062252,0.0010868781981193398
120.26,-0.9271360927353046,-4.348943231769912,0.0011459141650654037
120.28,-0.9224930126714205,-4.343793224021642,0.0011979657664458465
120.3,-0.918148127278893,-4.339146364852367,0.0010325222824772995
120.32,-0.9136048559046185,-4.334209212787499,0.0009432621653439055
120.34,-0.9088851876670947,-4.32889362812963,0.001524860076111051
120.36,-0.9047219963457591,-4.324210261091695,0.0009860780111837497
120.38,-0.900145755646483,-4.3193389986475195,0.0011378754885053022
120.4,-0.895433756588369,-4.314028383647589,0.0013175766399590172
120.42,-0.8908334653036114,-4.308883878058498,0.0011561588677660717
120.44,-0.8863359090959039,-4.304052939263169,0.0011776498141601865
120.46,-0.8818064516852413,-4.298927664057646,0.0012591094290758664
120.48,-0.8771871778634285,-4.29371251239464,0.0016042475138675905
120.5,-0.8728772578208869,-4.288779221296756,0.00098875152713232
120.52,-0.8679635945697757,-4.28349259829244,0.001109985051615081
120.54,-0.8632889552354481,-4.2781379203598355,0.0014450481831614626
120.56,-0.8586960655616139,-4.273022588856485,0.0011891329841876852
120.58,-0.8541080334740644,-4.2680903235905046,0.0014048686452280412
120.6,-0.849528696284356,-4.262831816410717,0.0014307155746983713
120.62,-0.8449005753399166,-4.257611445390111,0.0015874750530298076
120.64,-0.8403661229494143,-4.252621607195007,0.0011445778086068004
120.66,-0.8353929298083989,-4.247197404845213,0.0011984970777267068
120.68,-0.8307700642099546,-4.241935535949609,0.0014657702010734963
120.7,-0.8261598319675875,-4.2369203546953,0.0011241836472566102
120.72,-0.821560825471957,-4.231953924757484,0.0011343363539813855
120.74,-0.8169034293427909,-4.226650078830659,0.0015954091643815005
120.76,-0.8123524850809414,-4.22157835165662,0.0013051830674965514
120.78,-0.8077712604981333,-4.216689038455425,0.0012620548854982705
120.8,-0.803087243289164,-4.211361332694984,0.0015765936114237322
120.82,-0.7986131097857467,-4.2063251052517705,0.0015231671957382786
120.84,-0.7939542193811008,-4.201246210546967,0.001229096712083405
120.86,-0.7891347697835182,-4.1958158650856605,0.0013509300949564595
120.88,-0.7844624678519267,-4.190560579082335,0.001652489089347342
120.9,-0.7803474259127179,-4.185985254722371,0.001147242654691627
120.92,-0.775763607480186,-4.181104877266267,0.0011527190542386379
120.94,-0.7710092079826976,-4.17564361650684,0.001728518856293132
120.96,-0.7668348423697673,-4.170882956183374,0.0014634128157309523
120.98,-0.7623625720563103,-4.165981812898883,0.0013162644639166665
121.0,-0.7577025316268536,-4.1606426955552855,0.001498631643897158
121.02,-0.7530948480907305,-4.155412887549738,0.0015081433936375843
121.04,-0.7487770260173384,-4.150678212999449,0.0011296662029130211
121.06,-0.7442491179575358,-4.145509540353358,0.0013005276274354605
121.08,-0.739484554700912,-4.1400221890111935,0.0016237869052440346
121.1,-0.7352940138516351,-4.135223219287407,0.001122795144176958
121.12,-0.7307768691724232,-4.130239844192532,0.0011697540518242344
121.14,-0.7261432372639698,-4.124757469313217,0.0016308854994124544
121.16,-0.7216553501277095,-4.11949507818432,0.0013725168748697225
121.18,-0.7173511393396211,-4.114691159057607,0.0012205467978610718
121.2,-0.7129027303648786,-4.1094317031233665,0.0014267758405631936
121.22,-0.7083833642328715,-4.104059879952661,0.0016170035040479203
121.24,-0.7042783788871935,-4.099217013202689,0.0010747497102697456
121.26,-0.699651741450328,-4.093940354481527,0.0010901576783760858
121.28,-0.6950871725646357,-4.08840817106109,0.0014957688455208562
121.3,-0.6907954209907563,-4.083314539429677,0.001177877920094772
121.32,-0.6864266356367114,-4.078307676476109,0.0011297102730264408
121.34,-0.6819302828602974,-4.072803203838234,0.0015218454362660172
121.36,-0.6776717115386844,-4.067621512354343,0.001526484507203496
121.38,-0.6733350210916987,-4.062498582860723,0.0010637072215731735
121.4,-0.668593335640758,-4.056913819901169,0.0010198104118435414
121.42,-0.6641673089370287,-4.051454472549963,0.0013470337716943726
121.44,-0.6597763460478054,-4.046255728045028,0.0009579914219127739
121.46,-0.655293956125577,-4.0411212745048894,0.001155058142032872
121.48,-0.650847004386031,-4.035651062230987,0.001459528741719035
121.5,-0.6465235362508003,-4.0304390594553485,0.0012740850170193385
121.52,-0.641997216560437,-4.025189495661813,0.0010542474747368968
121.54,-0.6373769050652115,-4.0195784973435735,0.0012120073169029633
121.56,-0.632929614708156,-4.014245829408542,0.0010512613399212556
121.58,-0.6286642516132871,-4.009440755465432,0.0009660276826142233
121.6,-0.6242304924774181,-4.004185520743799,0.0009943945695245482
121.62,-0.6197634136048711,-3.9987732666483993,0.0014639036061149802
121.64,-0.6155011133274577,-3.9936683947211185,0.0009846576932641127
121.66,-0.6108132596736178,-3.9882694118341138,0.0010406932467761643
121.68,-0.6062522494518938,-3.9827522299968168,0.0012206437442577878
121.7,-0.6016893008250419,-3.977419329715217,0.0009914038047480755
121.72,-0.5974143464101762,-3.9725902224429834,0.0009557311359263132
121.74,-0.5930043063462346,-3.9673093339515453,0.0012146629063952696
121.76,-0.588522918257676,-3.9619660212700865,0.001272972465753086
121.78,-0.5845044718473162,-3.9572935775170794,0.000782262459596561
121.8,-0.5800838219841585,-3.9519781242810916,0.0008968593844111417
121.82,-0.5756285859922606,-3.9466209206803056,0.0011094937991438514
121.84,-0.5712323866767551,-3.941453550385621,0.0008271566341465642
121.86,-0.5665968088510738,-3.9361252674534883,0.0008700089521651855
121.88,-0.5620954150674087,-3.9306127601154204,0.0013315525530211147
121.9,-0.5578335190560851,-3.9254663234817935,0.0011221570638144107
121.92,-0.5536170377260703,-3.9205726502507874,0.0009507138540878479
121.94,-0.549249590626912,-3.915228377253818,0.0012354691069538792
121.96,-0.5447693681334167,-3.909770720451717,0.0015120014981839514
121.98,-0.5408508272853438,-3.9049348703849622,0.0008278628967081925
122.0,-0.5362419198279724,-3.89953107251663,0.0009206599995862097
122.02,-0.5317862288723154,-3.8939789483316454,0.0013454307834699364
122.04,-0.5275453156569686,-3.8888434608532223,0.001086361470705205
122.06,-0.5232651131889428,-3.883836284008966,0.0010514496520113714
122.08,-0.518846521562605,-3.878333899461775,0.0014006697487996822
122.1,-0.5145803085924652,-3.873044662410825,0.0013442045045510276
122.12,-0.5104481842767251,-3.8681112677135854,0.001019627331134365
122.14,-0.506327610223836,-3.862973866128544,0.0011214682534191889
122.16,-0.5024856617624245,-3.8581935250297983,0.001361927178969935
122.18,-0.49883003840382945,-3.8537198392540075,0.0012160354223667846
122.2,-0.49504699437745553,-3.849227567572853,0.0011010534809936523
122.22,-0.49154559734594466,-3.8447192047185146,0.001037291373452015
122.24,-0.48816306898387746,-3.8403387027714024,0.0011729278599340587
122.26,-0.48474327877467843,-3.836024886417495,0.0010532472923820424
122.28,-0.4811596303335647,-3.8315284505945915,0.0013524092237092722
122.3,-0.4779380056012249,-3.8272241173025647,0.0013047889888390396
122.32,-0.47460677132787676,-3.8227158741814335,0.0008865255183725662
122.34,-0.4711598354138423,-3.818157677937247,0.001131966240358634
122.36,-0.46780835531941906,-3.8135903346359736,0.00138394020830801
122.38,-0.4645209686783767,-3.8090680145980316,0.0014547623827154688
122.4,-0.46180586235300464,-3.805162195402355,0.0010400054985784113
122.42,-0.45841873689951224,-3.800619093556911,0.0010884240159903802
122.44,-0.45513666332951674,-3.7959089876818046,0.0014180361003570674
122.46,-0.45216421564061315,-3.791589801056843,0.0013511379044314487
122.48,-0.449017731926712,-3.7869817202422467,0.0012608739740448127
122.5,-0.4458293535140824,-3.782287895929745,0.0013780149428903044
122.52,-0.44285686451116024,-3.7777273088514214,0.0011871018037315217
122.54,-0.43977723318171147,-3.7729079063322244,0.0011224363071256627
122.56,-0.43653201753460624,-3.768245899711861,0.0013986918801784654
122.58,-0.4336108117278803,-3.7636395956275845,0.0015195927591547809
122.6,-0.4306052816069776,-3.758821657516006,0.0013671087550733985
122.62,-0.42768017113173246,-3.754003483529224,0.0008314053466043636
122.64,-0.42464488080765117,-3.7491247862101287,0.001299014243648755
122.66,-0.4216515487934839,-3.7442260363950894,0.0014961306054979973
122.68,-0.41894483488469336,-3.739605883819008,0.0014689953917202125
122.7,-0.41623656605348736,-3.7351370731482745,0.001264882091345454
122.72,-0.41336280907019257,-3.730164662375972,0.00122122927859028
122.74,-0.4106109643691453,-3.7252295367402284,0.0013812984668526707
122.76,-0.4079164080945893,-3.7204258889478394,0.0012333510736937947
122.78,-0.40509048906138995,-3.715547157022682,0.0014492909405483811
122.8,-0.4024621355103903,-3.710590917489901,0.001475999249549137
122.82,-0.3998322920149649,-3.7056581547295853,0.0011346602583494347
122.84,-0.3972021847918916,-3.700569535589316,0.0009221188373199629
122.86,-0.3944248318091841,-3.6956138233483666,0.0014527560477627932
122.88,-0.3918926809390565,-3.690606527136866,0.0015934892825961722
122.9,-0.3895939597245737,-3.6860789274578623,0.0012111460451705858
122.92,-0.38698722408785763,-3.6810451732291782,0.0010653463114253248
122.94,-0.38445350880299206,-3.6758713429987866,0.0013655260989359763
122.96,-0.38192671766958547,-3.6707508730273712,0.0014257747320773895
122.98,-0.37979294636806393,-3.666111924595109,0.0011420962719732308
123.0,-0.37721979241183257,-3.6610128175441616,0.001249714199858698
123.02,-0.37495515028495274,-3.655967567363672,0.0011669705086579385
123.04,-0.37270177756884615,-3.6509145433084407,0.001110155523620121
123.06,-0.3703413039718445,-3.6458637859007705,0.0011292041516602902
123.08,-0.3679356139890612,-3.6406642487933834,0.0013626018446925015
123.1,-0.3658091110329773,-3.6357204492411936,0.0012812776200425702
123.12,-0.36361487275767895,-3.630503480611818,0.0008243186256183255
123.14,-0.3613456534822683,-3.625232188186451,0.0009672092700157009
123.16,-0.3591307176867486,-3.6199507883154416,0.0012852483004194837
123.18,-0.35696225183405,-3.6146543802472486,0.0012496381372482102
123.2,-0.35526939671327784,-3.6101757996014103,0.0008327863025188453
123.22,-0.35300398313768017,-3.6049269450425476,0.0009379521019098613
123.24,-0.35102561009477906,-3.599662039668844,0.0012049505676754724
123.26,-0.3491373517787507,-3.5946721072526135,0.0010578503792171845
123.28,-0.3471002356659225,-3.589438334275828,0.0010678668122252044
123.3,-0.3451190529981261,-3.584113735599712,0.0011291306586327376
123.32,-0.34327376852457897,-3.578923058871831,0.0009080253042041408
123.34,-0.34141151388580293,-3.5735161629352827,0.0007558240967764085
123.36,-0.3393993062312105,-3.568216261732777,0.0011866331494061189
123.38,-0.337605651119257,-3.5629894905873885,0.001280303857754156
123.4,-0.33594460731663417,-3.557986985239281,0.0010040918485998973
123.42,-0.3340529142659675,-3.5525133184601443,0.0005775504848687663
123.44,-0.33202471908175946,-3.5465022698547064,0.0009775047167261963
123.46,-0.32998581859811715,-3.5403271971694146,0.0011034854771723723
123.48,-0.3282685752514231,-3.534826087022911,0.0007924917839040868
123.5,-0.32611971510035254,-3.5285639365949226,0.0008313123093376673
123.52,-0.32400468500711627,-3.5217045362076895,0.0012091687416036778
123.54,-0.3221831857902376,-3.5154828874441026,0.0009845723603505996
123.56,-0.3200675082564884,-3.5090020054019457,0.0008252257586395251
123.58,-0.3180238553926892,-3.5022570561269424,0.00108138475336797
123.6,-0.31592420923070713,-3.495411033042755,0.0011440900230688944
123.62,-0.31402939292854626,-3.48918961995359,0.0007619022391542052
123.64,-0.31189659555555627,-3.482830926304576,0.0008504562548730388
123.66,-0.3098947043750462,-3.4759403320891393,0.001302391410711451
123.68,-0.30823959681210567,-3.46996132034309,0.0008828393186348371
123.7,-0.30609404218317776,-3.4633989113063732,0.0008835616869408702
123.72,-0.30406583547027144,-3.456588361420371,0.0011780837037771719
123.74,-0.30219220834006955,-3.450149559300568,0.001060615748520316
123.76,-0.30017894905798104,-3.443936876037326,0.0008430702295884884
123.78,-0.29823092342440577,-3.4373067221913365,0.001069740743385228
123.8,-0.2962194784124109,-3.43046639862396,0.001331593432611966
123.82,-0.2945454051743389,-3.424524669598003,0.000748745743534257
123.84,-0.29255301635212333,-3.4182410778905803,0.0007142484234673729
123.86,-0.2909080213036919,-3.4122759221110224,0.0011783421561450125
123.88,-0.2892615646636636,-3.406742209069977,0.0011464583307782827
123.9,-0.2876123779421068,-3.401272701712259,0.0009263771463260684
123.92,-0.2860297001529839,-3.3957598178008817,0.0009686779488059238
123.94,-0.28455442625968896,-3.3902228048857883,0.000984291993530173
123.96,-0.2831701957309132,-3.3850677811338765,0.0009379442933920845
123.98,-0.28153466694681745,-3.3795628607579733,0.0011422229993990063
124.0,-0.28014810311755095,-3.374176376276452,0.0012350214820113226
124.02,-0.27871942223995416,-3.3685095995211367,0.0009808634623490742
124.04,-0.2772384587453164,-3.3624390040155268,0.0007671994193911569
124.06,-0.2755981334978689,-3.356347910295999,0.0012208247425005148
124.08,-0.2740349677487827,-3.349785007537801,0.0012973506192203998
124.1,-0.2728862706351587,-3.34434606159947,0.000849468094101774
124.12,-0.2713012810529825,-3.3377077038380523,0.0011447035836242014
124.14,-0.26960247902923906,-3.330743818046888,0.001391409462738885
124.16,-0.2682083014051173,-3.3245295269383552,0.0011444522644371846
124.18,-0.2665883585990177,-3.3179641917285863,0.0009450543842837722
124.2,-0.2649391284296628,-3.311087112513008,0.0013990299876419088
124.22,-0.2632733127373985,-3.3041801768678543,0.001319977247152243
124.24,-0.26171250095033516,-3.2975285870257167,0.0008645823325388324
124.26,-0.26012768050563334,-3.290825733515676,0.0013478880298032625
124.28,-0.2585097466882131,-3.2841020859923584,0.001509415606554071
124.3,-0.2569591887705413,-3.277606597266001,0.001061032917146959
124.32,-0.2553318642282352,-3.2709478210529976,0.001177559188047378
124.34,-0.2537851256750326,-3.2645765733070027,0.0015069301973055227
124.36,-0.2523146023499789,-3.258399040621332,0.0013867510251978077
124.38,-0.2510032393536196,-3.2526129712770446,0.0009882982566735976
124.4,-0.24966271249216618,-3.246907415070069,0.0013663368529305553
124.42,-0.24848291437347086,-3.2415395555556734,0.001519792360761496
124.44,-0.24730702255417017,-3.236081129640849,0.0014055315647757693
124.46,-0.24605518778918234,-3.2305601862807967,0.001343585988213547
124.48,-0.24490542182946543,-3.224956419504285,0.0012622468614922056
124.5,-0.24387155566962207,-3.2195209154932223,0.001436067865823648
124.52,-0.242808765909887,-3.214001953927834,0.001249312352199633
124.54,-0.24157352562511433,-3.208089718616912,0.0015318511575605764
124.56,-0.24050474652084214,-3.201781565988753,0.001472713436894979
124.58,-0.23947296884981373,-3.1955910750663032,0.0012493342687533993
124.6,-0.23816205424547687,-3.1885199703270364,0.0014239593194363964
124.62,-0.23694092612395704,-3.1819679793384332,0.001612074868189206
124.64,-0.23600777553060953,-3.1758069666447573,0.0011528037360768184
124.66,-0.23493134911610047,-3.1690272415191174,0.0011090028903332216
124.68,-0.23355778485282477,-3.161910690450923,0.0017385512777429724
124.7,-0.2324074952681393,-3.1551367420313836,0.0014278114706190725
124.72,-0.2314339945798795,-3.1487156696509024,0.0013013931057210548
124.74,-0.23014875376562038,-3.1418802082357926,0.0015246775849341865
124.76,-0.2289624062682545,-3.135140513098484,0.0015247124890821473
124.78,-0.22785152843162113,-3.128558524644391,0.0010167280646979637
124.8,-0.22653670183580807,-3.1216817652647615,0.001331837444450007
124.82,-0.2252044818132907,-3.1146988922807326,0.0016065353013700046
124.84,-0.22406778068894764,-3.1083787035785586,0.0010561275254881708
124.86,-0.22286764096934314,-3.1015866044195883,0.0009880754222688637
124.88,-0.22141477632613638,-3.0945487041687896,0.0014591756993093397
124.9,-0.22027908311611905,-3.0877671390834234,0.0012532865393251047
124.92,-0.21926105268203594,-3.0813657458791,0.000988924297525423
124.94,-0.21781723196622546,-3.074498249345136,0.0013373496729072731
124.96,-0.21640949468944437,-3.0674673467369558,0.0012937727740111316
124.98,-0.21519975784369513,-3.061123730531415,0.0008398768930113765
125.0,-0.21394940002367632,-3.0547237500301576,0.0010311169767585893
125.02,-0.21242524627204434,-3.047645130559727,0.0013962148205519387
125.04,-0.21117363402880482,-3.0414560911550574,0.001101609555309857
125.06,-0.2100523252708805,-3.0358740869762473,0.0007837316047563103
125.08,-0.2087113837917665,-3.029921085926871,0.001152608427399504
125.1,-0.20751067247551236,-3.0241095144874928,0.001256672969372069
125.12,-0.2064548611719471,-3.018946557046735,0.0009927507502065502
125.14,-0.20539298511330512,-3.013557675960321,0.0004787196049765574
125.16,-0.20423593368050177,-3.0079480478943323,0.0009058353842201494
125.18,-0.20310862811388727,-3.0023374295006215,0.00110239993001629
125.2,-0.20223111547813286,-2.9972254946192,0.0009460820958905325
125.22,-0.20119660002268422,-2.991846941045605,0.000911488094148899
125.24,-0.20021841283792,-2.9861946518692237,0.0008057329945941327
125.26,-0.19939262353380813,-2.9808602921234537,0.0009200019874194831
125.28,-0.19846741782582347,-2.975464489774428,0.0007733365622819566
125.3,-0.19744753897376743,-2.969890636165428,0.0009835900916251583
125.32,-0.19666064159563101,-2.964476448298163,0.001008651923404158
125.34,-0.19586572073939368,-2.9588783873889497,0.000652238448803133
125.36,-0.195072317877421,-2.953238870155504,0.000674411408680492
125.38,-0.19423911850215475,-2.9476674105274396,0.0010380882729954244
125.4,-0.1935846316296434,-2.9422080450206503,0.001152824752614412
125.42,-0.19296511378835074,-2.936954078805587,0.0007483661783249385
125.44,-0.1921025919478141,-2.9308681961052,0.0006540002222631403
125.46,-0.1914059972014296,-2.924296035720539,0.0011077072123918952
125.48,-0.19069411637276856,-2.917872913508848,0.0011251797638949512
125.5,-0.19000014215231628,-2.911748732505473,0.0007489758268811875
125.52,-0.18932661869088072,-2.904909129741908,0.0009686817836837003
125.54,-0.18864649080207,-2.8976391062580156,0.0010995332814984493
125.56,-0.18799334157793052,-2.8909930989651396,0.0009103303337270052
125.58,-0.18721804618485224,-2.8844131054925044,0.0008600322132646943
125.6,-0.18664919261160384,-2.877240114185013,0.001420580810329336
125.62,-0.18618940444870774,-2.8704828987103026,0.0012905840844092686
125.64,-0.1856873501347313,-2.8643634799580906,0.0009749193526172595
125.66,-0.1851601016983631,-2.857458273702324,0.0012363313411797305
125.68,-0.18457526274635963,-2.8500913913308747,0.001151489124061461
125.7,-0.18402615919376308,-2.8435825206991368,0.0011116783376734496
125.72,-0.18342229560461307,-2.8369529618637888,0.0010485086902862484
125.74,-0.1830008043666046,-2.8298398732178174,0.001639553542990585
125.76,-0.1826388806551828,-2.823313467331843,0.001350410984950312
125.78,-0.18201657716828173,-2.816433851605994,0.0011460174350345909
125.8,-0.1815141222358718,-2.8092377190620463,0.0013392869364615423
125.82,-0.18092358641766296,-2.8022208712703103,0.0011739899254767094
125.84,-0.18040128127358765,-2.795646326297899,0.0011602717062435541
125.86,-0.17987682969652355,-2.788733966102438,0.0013271612951516742
125.88,-0.17935717625050668,-2.781708426062762,0.0015725560213830647
125.9,-0.17901001245271514,-2.775610169204747,0.0009758850486076831
125.92,-0.17832119396911986,-2.768767578757708,0.0010135639286295295
125.94,-0.17789202017638636,-2.761622800415037,0.0016417598883533835
125.96,-0.17756643525262156,-2.7553045904427105,0.0011956031059927597
125.98,-0.17686255255871705,-2.74821283922355,0.0012506279188168046
126.0,-0.17638851092913202,-2.7410757117683975,0.0015605497052282868
126.02,-0.1759354615238244,-2.7342691631848774,0.0015046296900075862
126.04,-0.17537438688627421,-2.727678255706784,0.0013550377507798028
126.06,-0.1748721267868002,-2.7207659470425867,0.0013767349387443228
126.08,-0.17437500353877666,-2.7135280057220768,0.0018158380428817122
126.1,-0.17419153669483323,-2.7075468065351758,0.0011655669426071658
126.12,-0.1735964164445288,-2.7006771296151344,0.0013813707741015258
126.14,-0.17315190452172669,-2.693541394488028,0.0016970345389309138
126.16,-0.17279249381473816,-2.6869583062304314,0.001402978625715423
126.18,-0.1722201718790661,-2.6803690925960058,0.0012537747105815789
126.2,-0.17178990235171912,-2.673283800719727,0.0016842553748293854
126.22,-0.17139963996527788,-2.6663204018742466,0.0017800090038342375
126.24,-0.17106127426841808,-2.660140737807088,0.0012473905537819796
126.26,-0.17060990282718255,-2.6532355834956376,0.0013628571443776438
126.28,-0.17022422659651998,-2.6461276755869463,0.0016602297961340329
126.3,-0.16990435780078694,-2.639597132781589,0.0011915573181509598
126.32,-0.16937426931974275,-2.632612600210466,0.001221162528196873
126.34,-0.16902453104330828,-2.6254617044671527,0.001666620180175049
126.36,-0.16869584976732757,-2.618713320649649,0.0014594184483416872
126.38,-0.16818406643207173,-2.6120475479809984,0.0013587489902762706
126.4,-0.16783031822161767,-2.605070811418036,0.0015229560188878832
126.42,-0.16751969534666858,-2.59814156185521,0.0017258898964891967
126.44,-0.16720006216023267,-2.5917556080347013,0.0011360937552153116
126.46,-0.16662997418147582,-2.5845085402995265,0.001281549423902656
126.48,-0.16630284744124801,-2.577400179398578,0.0015448643988897337
126.5,-0.16590681163952065,-2.5705561952666227,0.001294101690223537
126.52,-0.16539478344684416,-2.5637524861713983,0.0014400342300746605
126.54,-0.1650537924107633,-2.556881697143584,0.0015442384908833373
126.56,-0.16469096866726454,-2.5499214545625573,0.0015462204702152427
126.58,-0.16437639275169982,-2.5438719151782596,0.0010606365551580066
126.6,-0.16402133379536968,-2.536918679949207,0.0013187001090159411
126.62,-0.16363189368569628,-2.5296328529981666,0.0014214434407449628
126.64,-0.1633916507017672,-2.5231783845879803,0.0010162533752015035
126.66,-0.16291800703871914,-2.5164718572389524,0.0010609687153634861
126.68,-0.16266922826733202,-2.509653758501005,0.0014262650918764885
126.7,-0.16240190912399532,-2.503072524734098,0.0010514754019616823
126.72,-0.1618819558045584,-2.4963239376742967,0.0009432431224499493
126.74,-0.1616099725037214,-2.489225169668151,0.0013195617883278443
126.76,-0.1613762401465415,-2.4823420658806055,0.0012055925000221124
126.78,-0.16100686343601278,-2.4758592340242482,0.0009454249420151883
126.8,-0.16072979693257192,-2.4689985597141284,0.0010927712315570992
126.82,-0.16045501982049384,-2.4617740201870695,0.00137809616527651
126.84,-0.1603634434669475,-2.455511903981222,0.0007333563324521397
126.86,-0.15995036811192043,-2.448555122634811,0.0007274501789931442
126.88,-0.1597568940851028,-2.4413921324307273,0.0012559230364017349
126.9,-0.1596053238001206,-2.434857225137,0.001026301354768444
126.92,-0.15919711836712974,-2.4282473722314384,0.0008869666616352634
126.94,-0.15900113699421098,-2.4212228917667793,0.0011640947528206713
126.96,-0.15883449241831785,-2.4141911287829556,0.00118638989285616
126.98,-0.15861881706214775,-2.4077667759524157,0.000842049127425637
127.0,-0.1584175238980785,-2.4009979817992027,0.0009340701598569146
127.02,-0.15823296156559666,-2.3936651943871903,0.0013457920982496152
127.04,-0.15832924249171448,-2.3875682049277205,0.0007594882568315309
127.06,-0.15800879730733067,-2.3809811247603214,0.0006785048165350027
127.08,-0.15793620466813482,-2.3736319192790294,0.0010755484368754897
127.1,-0.1577902002319171,-2.366795308131302,0.0010513563365228962
127.12,-0.15755663702916783,-2.360195944336227,0.0008139376234916063
127.14,-0.157507469756623,-2.3531502985782975,0.0011607766795493635
127.16,-0.15743612568272422,-2.3458564174389593,0.0011135937728767586
127.18,-0.15731423991383275,-2.3392123504756994,0.0009670294225605225
127.2,-0.15714605461966752,-2.332532338560945,0.0008595718351994408
127.22,-0.15718113926218572,-2.3254097363036363,0.0014082959326627287
127.24,-0.15711611941632464,-2.318556882659517,0.0011102832979331123
127.26,-0.15688919373671664,-2.3114934395982774,0.0010700744623858838
127.28,-0.15688089953992368,-2.3043037617076894,0.0012235076862612548
127.3,-0.1567845004677163,-2.2972665537078503,0.001097136067576443
127.32,-0.15660092288646674,-2.290536377172384,0.0009233069642958225
127.34,-0.15661208039221283,-2.283734226653975,0.0011934838833878025
127.36,-0.1565747429107377,-2.2767403101421317,0.0012385572032003744
127.38,-0.15647314960889327,-2.2698821902515083,0.0010086195647416862
127.4,-0.1562747339206574,-2.2629850084959613,0.0010763415271257404
127.42,-0.15630642949671225,-2.255813255953116,0.0015924610168548958
127.44,-0.1563518957699116,-2.2493380726028747,0.0013536211922760277
127.46,-0.15616263359620358,-2.2424875092812853,0.0012362772951439172
127.48,-0.15613081777720478,-2.235232988204677,0.0013847010110902003
127.5,-0.1560757009016914,-2.2282207305470307,0.001335665767858929
127.52,-0.15591822692394994,-2.221358516886765,0.0014031590396371973
127.54,-0.1557767822794091,-2.21442126440677,0.0013610766533309615
127.56,-0.15581928123552452,-2.2076812097380336,0.0016565804189277167
127.58,-0.15571265045136745,-2.201206162343083,0.001196291676374861
127.6,-0.15547830120471506,-2.1945259507175168,0.0013104499991884733
127.62,-0.15545774867171416,-2.1872604597493206,0.0016298644435638332
127.64,-0.15554791091063946,-2.1805551576970696,0.001429069130970101
127.66,-0.1554265663784285,-2.1740907113571906,0.0012237432514086155
127.68,-0.15546670482550703,-2.16705357272821,0.0015843913194739656
127.7,-0.15553249145870837,-2.1599111454979236,0.0016255660563340435
127.72,-0.1555126874072347,-2.153428774849343,0.0013070840055742772
127.74,-0.15555029304305956,-2.1468211564819852,0.001316511107031848
127.76,-0.15562537399637655,-2.1395078006909687,0.0017471550600964558
127.78,-0.15577037809374225,-2.1330655027762777,0.0012413973714951732
127.8,-0.15572056012519866,-2.1263290845577396,0.001154117666083615
127.82,-0.1558789237424044,-2.1190818485000755,0.0015633708606634378
127.84,-0.1559574435711556,-2.1124302983014154,0.001396482073782207
127.86,-0.15592573879990934,-2.1054794161813843,0.001355559989702243
127.88,-0.15607046115701947,-2.0983734834780807,0.001515020838713771
127.9,-0.15618285641273322,-2.091210961597146,0.0016187427819347733
127.92,-0.1562121850649722,-2.0847948990481657,0.0012572460187485757
127.94,-0.15623547103602892,-2.078075700466883,0.0011618681412677023
127.96,-0.1564746218660637,-2.070841701468676,0.0018119050972864592
127.98,-0.15669276411911698,-2.064479721156183,0.0014047356898141405
128.0,-0.1566541871170685,-2.0574651961388133,0.0014290495134819114
128.02,-0.15683968372226711,-2.050258745751477,0.0015072054225921117
128.04,-0.15695708715000561,-2.0431953510890577,0.0013585792952050257
128.06,-0.15684697855088767,-2.036672817913296,0.0013423692007438759
128.08,-0.1569874972150025,-2.0299686553986196,0.0012728377927425372
128.1,-0.1571611477148532,-2.0229893675670545,0.0014963944759738002
128.12,-0.15725681226167523,-2.0162722912285713,0.0011228373820950932
128.14,-0.15725595111391363,-2.0094293249588553,0.001211924791147928
128.16,-0.1574566929391615,-2.002250143521584,0.0015972475425688748
128.18,-0.15764536036801935,-1.9958121300839378,0.0013482198622390418
128.2,-0.157659648827274,-1.9889000078715795,0.0011915894505752922
128.22,-0.15786990741756335,-1.981715917114299,0.001373809763658168
128.24,-0.15800290405939965,-1.9747753165763935,0.0013415735953397068
128.26,-0.15796410576702558,-1.968426766057039,0.0010490442064455818
128.28,-0.15813938457868496,-1.961591267016601,0.0011458708498876813
128.3,-0.15835124567771763,-1.954514037021564,0.0016206421474094512
128.32,-0.1585337009062314,-1.948002880700866,0.001083052500431586
128.34,-0.15851949965751835,-1.9408788987832037,0.001078926158590482
128.36,-0.15875455664519353,-1.933732250982728,0.0013026705526340554
128.38,-0.15885966151021802,-1.9267379843953512,0.0010810412987650175
128.4,-0.1587990143969572,-1.920249938187048,0.0011189449088001013
128.42,-0.15899023537444984,-1.9134348314472471,0.0012046684145209652
128.44,-0.15916535221400815,-1.906427030994138,0.0014249878907284241
128.46,-0.1591946639834614,-1.9004106834047287,0.0008514748796104865
128.48,-0.1592149375141397,-1.893472950982746,0.0009442378162718701
128.5,-0.15946899363630374,-1.8863294871078653,0.0012128822310798482
128.52,-0.15959418420461752,-1.8796851225114193,0.0008960646217150425
128.54,-0.15958620292217793,-1.8730213940864187,0.0009513635012503574
128.56,-0.15984887311387416,-1.8659359216500009,0.0012820093932179033
128.58,-0.16011262876084623,-1.8593397757080616,0.0012116428589340755
128.6,-0.16018958250336227,-1.8525744543088578,0.0008996948184785969
128.62,-0.1604203391564665,-1.8453971244774459,0.0009830283395410033
128.64,-0.16065176469762643,-1.8383527666799588,0.0010668045106454749
128.66,-0.16064004214379196,-1.8318218365935346,0.0008421044690032076
128.68,-0.16075343308060278,-1.825051742279457,0.0008454708757509033
128.7,-0.1610651211602858,-1.8180230828083084,0.0013362869007451927
128.72,-0.1612531342820589,-1.8111523356444075,0.001090498460407402
128.74,-0.1613015220744635,-1.804122674859746,0.0009948360085535457
128.76,-0.16156409286997658,-1.7969351039152355,0.0011320557952461952
128.78,-0.161749934344657,-1.7899111287758191,0.001004595963470023
128.8,-0.1617386210836864,-1.7831778750666922,0.000826609177418336
128.82,-0.16199135447320792,-1.7764334632925973,0.0010407473187914185
128.84,-0.16223324584888485,-1.7694501178843427,0.0011326500627360792
128.86,-0.16236663262236853,-1.762773242077381,0.0008695196880238731
128.88,-0.16244361173754587,-1.7560104142577742,0.0009038794616439416
128.9,-0.16276741900808683,-1.7488099817779303,0.001410752221878836
128.92,-0.16302110296804334,-1.7423390610509357,0.0011157904992488976
128.94,-0.16309807453705613,-1.7356978002345538,0.0010956699740126141
128.96,-0.16338138663731872,-1.7286450454602404,0.0012839686320968713
128.98,-0.16359564917987926,-1.72197458451803,0.0013196951345436359
129.0,-0.16371510959623056,-1.7154062107667614,0.0009833989746518002
129.02,-0.16397771247502618,-1.708316546009516,0.00118004071169589
129.04,-0.16422184264550876,-1.7014154688643879,0.0015755458629141683
129.06,-0.16442309880963835,-1.6950082022026167,0.0009934440877920336
129.08,-0.16457181127858828,-1.6878422231793702,0.00117135933805107
129.1,-0.16490753845163234,-1.6807282618222983,0.0014955469988850445
129.12,-0.16505644144122122,-1.6741334910847263,0.0012676737004248817
129.14,-0.1651766946153116,-1.6675387011461005,0.0011622901613398129
129.16,-0.1655025794090241,-1.6605243238369432,0.0014840564761865183
129.18,-0.16580463660957165,-1.6535352017139915,0.0015685910727386565
129.2,-0.16601420151487498,-1.647131230450797,0.0010864659581872604
129.22,-0.16630917832439135,-1.6402031392770817,0.0012664282069958233
129.24,-0.166661150139881,-1.632985686661609,0.001720130382570767
129.26,-0.16691551948825709,-1.6268328819290934,0.001179654225053589
129.28,-0.16708450149622184,-1.6199455391884265,0.001236231557599915
129.3,-0.16749778540110893,-1.6127990627094275,0.0016405836288425624
129.32,-0.16776654108639422,-1.6062042316389493,0.0013775716100203617
129.34,-0.16799608382927825,-1.599372531392507,0.0012759299030783156
129.36,-0.16839747189036147,-1.5923393518737694,0.0015183226304283926
129.38,-0.16878311453668865,-1.5851744176654678,0.0016427238194227645
129.4,-0.16902594313121852,-1.578816617863509,0.001236253226116174
129.42,-0.1692748439533378,-1.5721770641874793,0.0011257822487044378
129.44,-0.16981886243006888,-1.5648721557582952,0.0018637228441213127
129.46,-0.17021706222305535,-1.5585186564672908,0.0014741774281749609
129.48,-0.17047308475022654,-1.5516182591434746,0.001432549965739549
129.5,-0.17095182840042056,-1.5444627288081372,0.0015967002022976295
129.52,-0.17138130714904065,-1.537353708131231,0.0014303666220793487
129.54,-0.17148524900407577,-1.5308412360276202,0.0013746351783989752
129.56,-0.1718916025623884,-1.5242221597745966,0.0013539139595795946
129.58,-0.17237118654810193,-1.5171507614631048,0.0015451401692182232
129.6,-0.17271780646971047,-1.510564459810579,0.0010857836628549444
129.62,-0.1730369552072441,-1.5036073128753928,0.0011054888199429347
129.64,-0.17359628822778045,-1.4964142523530177,0.0016183570736767183
129.66,-0.1739342739321039,-1.4898554991667958,0.001330847771600363
129.68,-0.17422708461512618,-1.483343847468102,0.0011409241290528116
129.7,-0.17478057296195115,-1.476265222786483,0.0015382424444036202
129.72,-0.17527901737714396,-1.469322036477252,0.0014499277265415944
129.74,-0.17567101048063613,-1.4627873032242877,0.0010878837481600179
129.76,-0.17619220751123643,-1.4559237868577912,0.0012515446698581068
129.78,-0.1767710252281628,-1.4487477796969555,0.0015866580571984312
129.8,-0.17718336522462746,-1.4424964691321311,0.0010116940034333721
129.82,-0.17757944938745038,-1.4356668393776555,0.000977162111647778
129.84,-0.17826747091867928,-1.428495275120779,0.0014970660673238045
129.86,-0.1787259898802336,-1.4220654963679968,0.0011874603263541672
129.88,-0.1791666892916006,-1.415462110687989,0.0010140291652602496
129.9,-0.1798368340086281,-1.408483776732369,0.0013358835094552934
129.92,-0.18046446138398,-1.4013863758983034,0.0013537709680527532
129.94,-0.18089100306510575,-1.3951140749578441,0.0008418408448693793
129.96,-0.18155340650062862,-1.3882922915800966,0.0009714902781355617
129.98,-0.18222454640832894,-1.3813052291765575,0.0012171363589828788
130.0,-0.18281877659551665,-1.3746567125056885,0.0008952829284117059
130.02,-0.18336936337443907,-1.3677508872001136,0.0009207826396813723
130.04,-0.1841571522229317,-1.3606727028935053,0.0013391733444129694
130.06,-0.18486663208162438,-1.353655519356101,0.001061228260883118
130.08,-0.18537511482254965,-1.347102531051909,0.0010766355122582283
130.1,-0.18606071151034553,-1.3406254169867502,0.0010663546201008234
130.12,-0.18684003643333272,-1.3335539041794935,0.0013131092825982849
130.14,-0.1874110027541877,-1.3272878511326935,0.0007437307179175012
130.16,-0.18800299634590423,-1.320366856554083,0.0009333580739384895
130.18,-0.1888561257672742,-1.3132799086273146,0.0011966797618091496
130.2,-0.18946187325011682,-1.3064528512883573,0.0009764837829528417
130.22,-0.189834289475294,-1.3002505118883256,0.0008928811708661943
130.24,-0.19067994631217822,-1.293295785042811,0.001237800432745878
130.26,-0.19135102405053256,-1.286614795300684,0.0012820336814173272
130.28,-0.19198189455842055,-1.2801636993593233,0.0008360410832224385
130.3,-0.19272175754388196,-1.27317238773949,0.0008876187542040392
130.32,-0.1936316224019789,-1.2660817452737925,0.001110992820642115
130.34,-0.19424285655105922,-1.2593595768377097,0.0008696972374112322
130.36,-0.19481564327606818,-1.2529319407829391,0.0006944259617158444
130.38,-0.1957297648874864,-1.2458947063249965,0.0013250227449512209
130.4,-0.19652864818345556,-1.23920386919588,0.0010082034021510478
130.42,-0.19719785766676337,-1.2321690343890228,0.0009495475587285584
130.44,-0.1981234756490089,-1.2250794968091991,0.0011785237203722765
130.46,-0.19896899005456428,-1.218068971203289,0.0010780890467327053
130.48,-0.19932558785975202,-1.2119412674995242,0.000864598654949672
130.5,-0.2001410635582441,-1.2052685365646723,0.0010019702487144566
130.52,-0.20108233930822428,-1.1980521892502811,0.0013250847072477923
130.54,-0.20176979367680575,-1.191631363677416,0.0008713213853220325
130.56,-0.2024914244459376,-1.1847837466270936,0.0009411301487529944
130.58,-0.20350044009561472,-1.1776930669423455,0.0013692576098053577
130.6,-0.20423807928656681,-1.1712837059086865,0.0010989015078004538
130.62,-0.20497719272253068,-1.1645174999730779,0.0010351619375644217
130.64,-0.20595797203180358,-1.1575596730596058,0.0013434920195713462
130.66,-0.20692076673949494,-1.150495235852939,0.0014582249349945064
130.68,-0.20756262635826378,-1.1443345527155073,0.000961194695558748
130.7,-0.2084677902647871,-1.1375724018728712,0.0010930657965436963
130.72,-0.20948233519759116,-1.130538544955986,0.0016713856268120442
130.74,-0.2104137462248459,-1.1238463720404341,0.0013269356615902839
130.76,-0.21126454535810074,-1.1168487049459859,0.0012878292823103599
130.78,-0.21231970071379036,-1.1097301272639282,0.001520595439079231
130.8,-0.213317050850887,-1.1027495115123032,0.001295986308987307
130.82,-0.21400453058583566,-1.0960530800428483,0.0012695585610993099
130.84,-0.2148758662041024,-1.089443248736754,0.0013459406001294916
130.86,-0.2158669258766939,-1.0825340528016345,0.0015192115478001034
130.88,-0.21673410294191184,-1.0758581171955075,0.0010444186743849282
130.9,-0.21760881221319706,-1.0688832931226928,0.0011234122514827416
130.92,-0.21872963226954045,-1.0617869672005278,0.0016584411509075192
130.94,-0.21965661104571704,-1.0549968747287721,0.0014498212040772174
130.96,-0.22045116837253875,-1.0485423243582626,0.0015171892831667144
130.98,-0.22150467181144723,-1.0417705278837366,0.0016146074042289738
131.0,-0.22251719270699005,-1.0348214884370417,0.0018249486318606123
131.02,-0.22338775775105696,-1.028526188007891,0.0012354088194310997
131.04,-0.22431827281828326,-1.02164892369778,0.0012501212570179832
131.06,-0.22553119196647914,-1.0145106843056388,0.0016404456838234882
131.08,-0.22643399769984507,-1.0077491779696606,0.0013307997901902957
131.1,-0.22722526054733524,-1.001132098261073,0.0014770408233121257
131.12,-0.2283491900961599,-0.9941970418094839,0.0016943209912428092
131.14,-0.22943973106322474,-0.9873659426966623,0.00144542161938932
131.16,-0.23046378638996612,-0.9804734608593629,0.0014129115786157276
131.18,-0.23167551992816848,-0.9734451971293789,0.0015074557526801313
131.2,-0.23285832045806787,-0.9663966113371931,0.0014344681712002427
131.22,-0.23361115247005912,-0.9600018511376515,0.001319581298056427
131.24,-0.23456860609642458,-0.9533893627994201,0.0012013455819176733
131.26,-0.23582604677512614,-0.9463431593505223,0.0018135830331857394
131.28,-0.2369645009138108,-0.939555234187501,0.0015096160191619412
131.3,-0.23798831550516977,-0.932582760132895,0.001286473203066879
131.32,-0.23923095553823095,-0.9255182811660405,0.0015164133520720324
131.34,-0.24036967658988673,-0.9185375824481286,0.001272880809880833
131.36,-0.24130887200292572,-0.9118403591150764,0.0011510508673656106
131.38,-0.24242566619614886,-0.905155892856887,0.0013673524632591139
131.4,-0.24360662031356928,-0.8982195921338549,0.0013621091218629644
131.42,-0.24457373388740805,-0.8916926219968039,0.0011592447570805131
131.44,-0.24560159395127137,-0.8851568811075351,0.000978436434472596
131.46,-0.24695485330309308,-0.8779579808068255,0.001618539264347435
131.48,-0.2479343849654415,-0.8717101814694931,0.001305059759792837
131.5,-0.24896492637223017,-0.8651510242946163,0.0011923299279717747
131.52,-0.25025364655616916,-0.8582193746260501,0.0012769376385242948
131.54,-0.25150265518423187,-0.8511385844564713,0.0011218445060427462
131.56,-0.2524188820441187,-0.8447631257105158,0.00089901266443701
131.58,-0.25373566256743646,-0.8378640524441088,0.0011105637593517015
131.6,-0.2549383426606753,-0.8310312176795586,0.0012460642340653416
131.62,-0.2561450957824374,-0.8241865875058046,0.0007336203706838906
131.64,-0.25727572967158907,-0.8172641082133199,0.0008181918724758652
131.66,-0.25864491403709367,-0.8102548381579926,0.0013456664537355445
131.68,-0.25976326341584866,-0.8038491660785081,0.000970627078362235
131.7,-0.26081273368332264,-0.7973793724672851,0.0009712096505977985
131.72,-0.2622003800746772,-0.790513303514485,0.0012624612499925192
131.74,-0.26349765252803115,-0.7837391335079378,0.001444501365672174
131.76,-0.2647744200826318,-0.7770502315644044,0.0006748901448272171
131.78,-0.26595366563888495,-0.7699030287983752,0.0008334010041351481
131.8,-0.2673650920134459,-0.7629983129669364,0.001147195582233057
131.82,-0.26860314841047594,-0.7560142546018133,0.0007038309809661025
131.84,-0.26977165586815827,-0.7493221248042485,0.0007543941419172195
131.86,-0.27118039834643065,-0.7423143774828398,0.0011591595972271773
131.88,-0.2724383974887484,-0.7355154228461789,0.0009736863952305719
131.9,-0.27356287132729473,-0.7291047284645847,0.0008337170488066648
131.92,-0.27496094018326933,-0.7222726521783788,0.0012293178462049748
131.94,-0.27639881827735857,-0.7151443716175979,0.0012717088411710875
131.96,-0.2773450537747922,-0.7091920816219259,0.0008130293618506257
131.98,-0.2786189498616231,-0.7028922092785168,0.0008691195813131658
132.0,-0.2801971454022624,-0.6955697572016967,0.0012376599083880335
132.02,-0.281515811550926,-0.6890315331696089,0.000962375201654847
132.04,-0.28271171285851693,-0.6827795663415968,0.0010301945837165871
132.06,-0.284280114575898,-0.6759507961322487,0.0013714051324411614
132.08,-0.28572292986641556,-0.6693206532552256,0.0014758590863657994
132.1,-0.2871955290009422,-0.6626801986286897,0.0008932383412329215
132.12,-0.2887713092797985,-0.6557237729522649,0.0010837875702686406
132.14,-0.29038297908560995,-0.648815884684302,0.0011629782513772058
132.16,-0.29181413767891956,-0.6420057754018651,0.0009037883310001327
132.18,-0.29318295347211937,-0.6355189162289876,0.0008843191732387512
132.2,-0.29485432362248565,-0.6285548551254855,0.0013191499492689052
132.22,-0.29627194399597007,-0.6220192624400624,0.0009916789861370845
132.24,-0.29770865301108973,-0.6153182482559952,0.0010768800168063086
132.26,-0.2994041758796652,-0.6084303909660641,0.001443971263110494
132.28,-0.30104237707084713,-0.6015293011419909,0.0013435463856311114
132.3,-0.30237710969989084,-0.5952535792514801,0.0012654625582045609
132.32,-0.303934557418278,-0.5888162337084589,0.0012031783104038685
132.34,-0.3056117274671819,-0.5819100626413797,0.001726754778439088
132.36,-0.30723279679829935,-0.5752752523688944,0.0013177584977283885
132.38,-0.30880517224748105,-0.56838561361034,0.0012604137501755208
132.4,-0.31058614248177085,-0.5614643170023814,0.0014992920423585743
132.42,-0.31223986286145444,-0.5545541871675205,0.0012399284317064496
132.44,-0.3138103936167435,-0.5478081320155169,0.0013301810015945992
132.46,-0.3154036861290337,-0.5413189914887357,0.00143356305048023
132.48,-0.31715402668311354,-0.5343028037341797,0.0014190988116325742
132.5,-0.318611983329913,-0.5278380889633697,0.0012280184936802607
132.52,-0.3202778504877053,-0.5212816927740459,0.0013542817412921515
132.54,-0.3221225380377819,-0.5141603908334569,0.0017731807803315902
132.56,-0.32352920127768714,-0.5081900884382828,0.0012187812926779118
132.58,-0.3250537156564718,-0.5017004475070472,0.001477787833439631
132.6,-0.3269108373110006,-0.4948863315076164,0.0016619730135478683
132.62,-0.32864775142511876,-0.4881728885747857,0.0015790432181553016
132.64,-0.32999697509074133,-0.48221065302231925,0.0013421019697150982
132.66,-0.3318024768312266,-0.47561638197483724,0.0015555418637672458
132.68,-0.33371475494195024,-0.46858195463777375,0.001700833290388254
132.7,-0.3351830447837463,-0.4625583887061529,0.0012441517120271306
132.72,-0.33691982291263717,-0.45614174848660033,0.0011478363508633793
132.74,-0.3390151940296637,-0.4490795320743743,0.001787515854674182
132.76,-0.3406332506394603,-0.4430609554786471,0.0014142638588993117
132.78,-0.34234077888964715,-0.43668953745381567,0.0014000729810408619
132.8,-0.34435380357375733,-0.42991859069319327,0.0016428332652686783
132.82,-0.34634415436564914,-0.42305305164754703,0.001527337390417327
132.84,-0.34783297734306184,-0.4169843258780018,0.0013793831807037138
132.86,-0.34971264771208777,-0.4105681883788451,0.00138149127110751
132.88,-0.3517863253259852,-0.40360216864412274,0.0017557486095270414
132.9,-0.35357254226289814,-0.39761709849558635,0.0010882205552514013
132.92,-0.35541701866565184,-0.3910427019878693,0.00124492451749042
132.94,-0.35758086537432765,-0.3841922474337912,0.0015803066390612797
132.96,-0.3595407632530281,-0.37764120014680624,0.0012768192587533367
132.98,-0.36133606828500237,-0.37133547353034757,0.0013656548057230378
133.0,-0.3634171761929637,-0.3647279549193672,0.0014604089274795895
133.02,-0.3654138835175351,-0.35819942522399534,0.0015779926790359666
133.04,-0.36743419638290836,-0.3517511922467814,0.001101148187030887
133.06,-0.3694957641194258,-0.3448762520834718,0.0011020942886973417
133.08,-0.3716968269933374,-0.3381289936502814,0.0013890351532978296
133.1,-0.37362947558057247,-0.3315974768186745,0.0011109215254019034
133.12,-0.3754633688107519,-0.3251859678920973,0.0011951689645903207
133.14,-0.3775132766400736,-0.3187106669772144,0.0014034608402916648
133.16,-0.3795873422191358,-0.31213154920269964,0.001095821170432859
133.18,-0.3815152854396782,-0.3056758836629226,0.0010751924891241327
133.2,-0.38372327011456925,-0.29900398938432715,0.0012301194703728258
133.22,-0.38587620395635436,-0.2923158687890021,0.0012691264580109163
133.24,-0.3876777494215644,-0.2862549897285496,0.0009521651265582964
133.26,-0.38970159365065377,-0.2800135844714585,0.0010041986190766627
133.28,-0.3920060074410864,-0.2731239181431064,0.0013791661620601026
133.3,-0.3939096396386097,-0.2672156426204529,0.0008118907153987776
133.32,-0.3959180857151525,-0.26070551264514946,0.0010812125595570654
133.34,-0.3982156629534999,-0.25401201075981505,0.0012357887371372556
133.36,-0.40032875898723835,-0.24759325334139365,0.0011650898651681396
133.38,-0.40210700026302315,-0.24167727157512525,0.0009527010271926928
133.4,-0.4043522052830623,-0.23516414272772446,0.0010697669515968844
133.42,-0.40665768054793955,-0.22838893182408354,0.0012479003967152957
133.44,-0.4084830442693599,-0.22250584380318134,0.000845302241586271
133.46,-0.4106320860517839,-0.21605341079126678,0.0008789269839818148
133.48,-0.4130679069613191,-0.20929224510352573,0.0012356677991228748
133.5,-0.4150365851077823,-0.20334771952620112,0.0008601963934727896
133.52,-0.41710096337593744,-0.19690622393756596,0.0010000926895026019
133.54,-0.4194800622573238,-0.19023695192893933,0.0011508085525309408
133.56,-0.4216995493919435,-0.18380542310640247,0.0010828930808970683
133.58,-0.4236243330223389,-0.17778164306147187,0.0008868954002811957
133.6,-0.42590235348350725,-0.17138517836682354,0.00104866149397162
133.62,-0.4283265675801174,-0.16459602457530917,0.001277309420487066
133.64,-0.4303440442238831,-0.1586706439016991,0.000811939872791323
133.66,-0.43251569284793595,-0.15231512598460073,0.0008253241564263603
133.68,-0.4350868033144287,-0.1455441139369958,0.0013672773987039033
133.7,-0.4371929443096247,-0.13961933503857105,0.0011247085815025426
133.72,-0.4394450101363814,-0.13323463214115516,0.0010695600927657645
133.74,-0.4419264774018507,-0.12658105312974566,0.0012326975119893169
133.76,-0.44436357212931465,-0.11999547236568557,0.0012240820181439183
133.78,-0.44637391730496184,-0.11400760711896926,0.00103079629178221
133.8,-0.4487180335737538,-0.10771189587249898,0.0010581510914980663
133.82,-0.45123895639797235,-0.10102975295753999,0.0015885209161106972
133.84,-0.45351686865008245,-0.0950416140979598,0.001062198692933447
133.86,-0.45585044491126675,-0.08845790407035614,0.0011586316071564018
133.88,-0.4584224770310482,-0.08181351913909637,0.0013871197567143778
133.9,-0.4608592991665526,-0.07520371959521482,0.0012221182735906444
133.92,-0.4628053733983301,-0.06925646457720958,0.0012246295320330058
133.94,-0.4652932272860035,-0.06279838148205609,0.0013629522331091992
133.96,-0.4677307401703907,-0.05635942935995249,0.0015816644884911468
133.98,-0.4701364233436036,-0.050096919251646624,0.0011086148677573182
134.0,-0.4725902242115734,-0.04330236012351815,0.0012207732778736768
134.02,-0.4752181187259919,-0.036689941308893366,0.001537083005370532
134.04,-0.47753401825602965,-0.03025940359696256,0.0012240433429657749
134.06,-0.47962767404540946,-0.024058238898922002,0.001303296314040303
134.08,-0.48212256378287743,-0.017616750564692016,0.0016096669819085918
134.1,-0.48446158073916357,-0.011426657728230316,0.0014650356419129151
134.12,-0.48678296046999775,-0.005014688076526323,0.0013936435283194715
134.14,-0.4893482525670328,0.0016875246630520604,0.001369698905054395
134.16,-0.4919371679806225,0.008313570245609261,0.0015535920624217825
134.18,-0.494032149122163,0.014137619146302245,0.0011745581600334787
134.2,-0.4964354105345305,0.02051410282038326,0.0011148585887826024
134.22,-0.49911000547196976,0.027238556114594636,0.0016002986437857747
134.24,-0.5016269102479574,0.033811288236847675,0.001271092187541345
134.26,-0.5041058335030408,0.04041898886343223,0.001342731793031876
134.28,-0.506775862343597,0.04705378941962272,0.0016741553572723888
134.3,-0.5092569495765249,0.05343778667669164,0.001668063320625579
134.32,-0.5112891614817507,0.05916149314229919,0.001290390470926439
134.34,-0.5137972873170564,0.06549687633056207,0.001450632134927271
134.36,-0.5164610246271112,0.07221404969037365,0.0018157465209264756
134.38,-0.5186535141933819,0.07787540741569503,0.0010974644520168053
134.4,-0.5210570618478801,0.0842874857287477,0.0014871565156577837
134.42,-0.5237691550764452,0.09086884123060626,0.0016732467034606124
134.44,-0.5263353860492282,0.09725525563117576,0.0015390631001388488
134.46,-0.5284540310357307,0.10295659239958985,0.0014133517479968105
134.48,-0.5310475590467446,0.1092466554926528,0.0015348902876294035
134.5,-0.5338106912491096,0.1159500554187797,0.0017137642779384565
134.52,-0.5360039209545167,0.12164822643613281,0.0012098242405085835
134.54,-0.5385325417657075,0.12790147577925431,0.0011254109788925715
134.56,-0.5414562968210792,0.1346137761652922,0.001546372676929475
134.58,-0.5437871778424166,0.14033477744528228,0.0010695663253932064
134.6,-0.5463289965519934,0.1466922316347566,0.0012147255362157106
134.62,-0.5491968780221992,0.15321743447857122,0.0015610124979314743
134.64,-0.5517203225494284,0.15925400597648243,0.001495618303040236
134.66,-0.5542649685940786,0.16541177901595436,0.001200174430626949
134.68,-0.5570885811537342,0.17202185760907085,0.001242007907224868
134.7,-0.5598969792273745,0.17852494477222935,0.0013748918652024544
134.72,-0.5623830870014276,0.18463719416303934,0.0011595600154857277
134.74,-0.5649423114684246,0.19082054061811726,0.0011857414891112694
134.76,-0.5675993032949865,0.19692940746585802,0.0014309284445120918
134.78,-0.5702052285877944,0.20305172545350475,0.001024388196961462
134.8,-0.572767754528401,0.20933338589247474,0.0011385884613147323
134.82,-0.5754972814443233,0.2156120240870315,0.001397616725585471
134.84,-0.5782130538172527,0.22190644927627556,0.0013828533410358557
134.86,-0.5805035928127555,0.22763932461276448,0.0010331132201656656
134.88,-0.5832496879009685,0.23402230375618743,0.0009841609781857663
134.9,-0.5861787839221295,0.24060478365636398,0.0011727970885336558
134.92,-0.5885599008148252,0.2464182054008125,0.000828924575414558
134.94,-0.5911012651737353,0.2524409800636856,0.0006964866798916947
134.96,-0.5941186481914552,0.2590972057760321,0.0013115551013656856
134.98,-0.5967389835594643,0.2649941523305508,0.000910525249373989
135.0,-0.5994642131726868,0.27140479440255727,0.001040267811968032
135.02,-0.6024202199405073,0.27787034271282723,0.001144158636176007
135.04,-0.6053042385021086,0.28430149497343726,0.0011003161625589009
135.06,-0.6077421580589162,0.2901561322298265,0.0010381027472566584
135.08,-0.6103457437537191,0.2961358050210193,0.0008421075579700121
135.1,-0.6133158759823446,0.3025283866532824,0.001354195123121238
135.12,-0.615906188609777,0.3083384306837146,0.000780475661057406
135.14,-0.6186172419626613,0.31470139289575216,0.0010174160989368242
135.16,-0.6216133385745853,0.32114980710478913,0.0012375169779752504
135.18,-0.6243995396286401,0.3273084207513165,0.0010853802900738785
135.2,-0.6268280700734414,0.3329957278819142,0.0009954960214851871
135.22,-0.6297274215289828,0.33925028441887456,0.0011372398659698357
135.24,-0.632614859361316,0.34547091537854374,0.0013532466448355485
135.26,-0.635439317143556,0.35154719287978564,0.0008610527205522578
135.28,-0.6383295079367658,0.3581485724677754,0.0009461228858619053
135.3,-0.641380367256919,0.36455386093118997,0.001258910326239454
135.32,-0.6442045450149665,0.37090493773710503,0.001028850044793722
135.34,-0.6467982305273398,0.3770042035121061,0.0012107301592209907
135.36,-0.6495014662156368,0.38288830305171667,0.0012323563771853008
135.38,-0.6524017756494805,0.38918712208216955,0.001082667354138922
135.4,-0.6550558635352746,0.39540005977855586,0.00110910164972422
135.42,-0.6580213475909081,0.4016840373842724,0.0011879517140510332
135.44,-0.6609255295072256,0.4079634480935531,0.0014546037721658023
135.46,-0.6637714218216201,0.4140145017710787,0.0009620523797383429
135.48,-0.6666888824401029,0.4206594487517664,0.001165475383498038
135.5,-0.6697565655258864,0.42708143451709796,0.0014799724296910843
135.52,-0.6725875349831507,0.4332331887028251,0.001130691704440634
135.54,-0.6752829756649136,0.4393793065120086,0.00146478466711214
135.56,-0.6781296327130997,0.4455004470418573,0.0014619136489131268
135.58,-0.6811436618799118,0.4519005148281716,0.0017261835286960237
135.6,-0.6836958678875237,0.4575063323051583,0.0011336215306531616
135.62,-0.6866135603160247,0.4639695338300756,0.0011760253611657612
135.64,-0.6897287339821139,0.470406593272703,0.0014851771193574725
135.66,-0.6925249900806578,0.47648367824322896,0.0011660059222661223
135.68,-0.695243051090324,0.482619401260811,0.0013945765508862618
135.7,-0.69833033473206,0.48898579601569875,0.0017529950724776144
135.72,-0.7013363269313325,0.4953278442525892,0.0018071579501270918
135.74,-0.7041843758895453,0.501577568759612,0.0012584275203188777
135.76,-0.7073141110622264,0.5081364730105822,0.0014681372413843374
135.78,-0.7103227493991192,0.5144732139089147,0.0013542926013731527
135.8,-0.7131318514189229,0.5208022729064834,0.0012423753633099277
135.82,-0.716094601926343,0.5270382829108397,0.0013059798130615197
135.84,-0.7191405380348352,0.5334105691659867,0.0015225918670517535
135.86,-0.7218249229953908,0.5394121006916431,0.0011718527942329582
135.88,-0.7246531837620147,0.5457051029729946,0.0012828081377581069
135.9,-0.7278086698492767,0.5521445199757667,0.001724977324831234
135.92,-0.7306035517006169,0.5581115764441126,0.0014809836415456135
135.94,-0.7333365732983257,0.5640606835525063,0.0014662584347557017
135.96,-0.7363938176718413,0.5703638119085357,0.0014951728060996483
135.98,-0.7394941904949712,0.5767939906064061,0.0017593034098788984
136.0,-0.7419780496228217,0.582235198259671,0.0012607891696184426
136.02,-0.7448314613610337,0.5884720748980466,0.0013275733556966374
136.04,-0.7480455933879661,0.5949206935666599,0.0016312803244498963
136.06,-0.7507487488661568,0.6005545976951047,0.0012507372150075136
136.08,-0.7536197845355405,0.6067443654579016,0.001458161367577454
136.1,-0.7567920887691109,0.613118116342746,0.0015451542962715836
136.12,-0.759838786395763,0.6193936183828868,0.001479213108645655
136.14,-0.7624772105973373,0.6251679321805189,0.001415916606965828
136.16,-0.7653897682928954,0.631121538018654,0.001357206522755533
136.18,-0.768609541846629,0.6375795647391453,0.001778703327506126
136.2,-0.7713063313088601,0.6431510317630812,0.0011659247224546365
136.22,-0.774158431115842,0.6492261047642524,0.001196288264312395
136.24,-0.7774117135988577,0.6556156727373473,0.0014880536457888005
136.26,-0.7802827162285894,0.6614732389002187,0.001141702244892906
136.28,-0.7830744968590876,0.6673859816668869,0.0010660248203474276
136.3,-0.7863570308523984,0.6737125955355867,0.001431254039867963
136.32,-0.789544082637264,0.6799857585558043,0.0014497710199145586
136.34,-0.7926004481675178,0.6862355753432066,0.0011190620747469626
136.36,-0.7958374174850144,0.6927189132352782,0.001025137262035486
136.38,-0.7990873512807998,0.6989767538476798,0.0013056142393196024
136.4,-0.802099417605902,0.7050483571048831,0.0010573838855281459
136.42,-0.8050191817616339,0.711123617112247,0.0013516035070646748
136.44,-0.808043136971594,0.7170373844121238,0.0013866248893529831
136.46,-0.8112184716926054,0.7232415038882878,0.0012307903149997024
136.48,-0.8139223550706313,0.7288751732414188,0.001059569377280356
136.5,-0.8171073798038813,0.7349985572866744,0.0011675862197091658
136.52,-0.820416336725379,0.741419297780278,0.0012384714296007904
136.54,-0.8231244818656439,0.7469649773462568,0.0009673753550475672
136.56,-0.8261396228835043,0.7527975244885928,0.0008725292260704787
136.58,-0.8294680761036191,0.7591445014174394,0.0014256823612383562
136.6,-0.8325564325894077,0.7649551520974908,0.0009695288742856689
136.62,-0.8357146424072044,0.771264190700554,0.000973117260980344
136.64,-0.8390993146173016,0.7775469623096858,0.0012323991915662857
136.66,-0.8423848401630311,0.7837426471723445,0.0009721919816511604
136.68,-0.8453593128230892,0.7896917360020604,0.001126769570198638
136.7,-0.8482921531574106,0.7953719312688846,0.0009357396059447021
136.72,-0.8517189482774541,0.8017537775853769,0.0011479552741898158
136.74,-0.8545950490398744,0.8074154680835258,0.0008216027201619347
136.76,-0.8576856168820743,0.8132791641559207,0.0007702568342493332
136.78,-0.8612101117308996,0.8197282451725766,0.001250173359524459
136.8,-0.8641916848918387,0.8253579692869293,0.0008894127724163314
136.82,-0.8671584276031447,0.8311285092221679,0.0009157195890148462
136.84,-0.8705592645514469,0.8372468332929119,0.0012892030780328467
136.86,-0.8739074970075174,0.8432899629775819,0.0013389678893165335
136.88,-0.8771536508885132,0.8493719533318768,0.0009577321425356666
136.9,-0.8805746389238371,0.8557836498523969,0.0008630138605142113
136.92,-0.8840589899950204,0.861906553374625,0.0012021908497785727
136.94,-0.8872379361427938,0.867928794801611,0.0008472395153853174
136.96,-0.890330761800811,0.873888697127089,0.000995614131609368
136.98,-0.893706980616482,0.8799269274849629,0.0013844337552794406
137.0,-0.896967182158211,0.8858409756296554,0.001061939288153263
137.02,-0.8999359117506354,0.8915877223857605,0.0010233786297581537
137.04,-0.9034305622470079,0.8976787264047873,0.001378864860087342
137.06,-0.9068073028097684,0.9036879873919688,0.001500592769711706
137.08,-0.9097851970436781,0.9091556035760343,0.0010789421633665974
137.1,-0.9131010895861941,0.9151827582350904,0.000976466901584816
137.12,-0.9167569613255334,0.9214403430731128,0.0014390226180172605
137.14,-0.9198540612373521,0.9270009578989711,0.0010305917564513711
137.16,-0.9230038881563801,0.9328216696278828,0.0011762031954986873
137.18,-0.9265592786729789,0.9389198020651662,0.0016491829776095757
137.2,-0.9299942528028365,0.9448727756462991,0.0016935952901721008
137.22,-0.9333357769212843,0.9508154661307738,0.0012055830094588327
137.24,-0.9369795681478884,0.9571433039971801,0.0013013118369358256
137.26,-0.9405003281750637,0.9632120897430874,0.0013283717704849207
137.28,-0.9437975098293269,0.9692832409534841,0.001245458512145886
137.3,-0.9470836925124105,0.9751791103841879,0.0011612060859818307
137.32,-0.9505733890342754,0.98113268205123,0.0015449561071605167
137.34,-0.9539221657585577,0.987094149148128,0.0012664659061299988
137.36,-0.9571820831450458,0.9930528191124538,0.001350582601489736
137.38,-0.9606516001806252,0.9990343248152109,0.0017092183083564638
137.4,-0.964116533324346,1.005011405771441,0.0016233095128769526
137.42,-0.9671233760489882,1.0105494256995575,0.0014905968189231622
137.44,-0.9705766910296948,1.0166616378625444,0.0012630896768892064
137.46,-0.974223306561846,1.02276260098485,0.0017005730935580332
137.48,-0.9772481471792316,1.028021305993967,0.001249232760166863
137.5,-0.9806122012809758,1.0340838209342418,0.0014169882481963325
137.52,-0.9842801911644641,1.0402329925207627,0.001716165150522364
137.54,-0.9875109374404122,1.04582873830672,0.001438251044586919
137.56,-0.9906452212855732,1.051535603208972,0.0015386684921101512
137.58,-0.9942481329887608,1.057614353824536,0.001577212275398976
137.6,-0.9976101075683464,1.0634185276352859,0.0017835795613461158
137.62,-1.0009177587035536,1.0690682718307127,0.0012790852112348483
137.64,-1.0044905111309952,1.0754643973649616,0.0011981368557429095
137.66,-1.0081178135068254,1.0815009223633996,0.0016190843342001049
137.68,-1.011354845262877,1.0871779698549386,0.0012187459910569798
137.7,-1.0146895434857006,1.093168567551054,0.0014066001340875267
137.72,-1.0180116173347975,1.098816859402591,0.0016286326534628859
137.74,-1.021466781237927,1.104700509539098,0.0012919467835142973
137.76,-1.0247820895404096,1.1106609135491936,0.0013876908624697593
137.78,-1.028163801523328,1.11644991084478,0.0014718663459893921
137.8,-1.0317039878957968,1.1224596987167006,0.0014983886074329267
137.82,-1.0347790502734575,1.1279839162711776,0.0012442379789653346
137.84,-1.038205383506346,1.1338524683798363,0.0011393540076150288
137.86,-1.0418787657163735,1.1399961639433065,0.0016436457295308515
137.88,-1.045197301789348,1.1455306750687249,0.0011488699567876737
137.9,-1.048658681477238,1.1516507106210379,0.0012761598071123204
137.92,-1.052355807386809,1.1577871670005728,0.0014268685911308643
137.94,-1.0559131886589037,1.1638101321344667,0.0011970049831008245
137.96,-1.0591449709978185,1.1695473257709914,0.0013953698966811257
137.98,-1.0624040595889854,1.1752061517182382,0.0010496731925970504
138.0,-1.0660417928080956,1.1811735121973321,0.0013638554937041025
138.02,-1.069213121712697,1.186688753482307,0.0010233060779243908
138.04,-1.0727430203372148,1.192823914364723,0.001074630829307005
138.06,-1.0764553915374444,1.1989107300286272,0.0013999036982801083
138.08,-1.0796199335127188,1.204255429672635,0.0011015000894872562
138.1,-1.0830233236045128,1.2102192668233516,0.0010588220001302162
138.12,-1.0867284314970294,1.2163367487787746,0.0012122381887466616
138.14,-1.090036694586477,1.2219756498087717,0.0010741330180029651
138.16,-1.093364965965149,1.2278409405569515,0.0009658058490669974
138.18,-1.0969529242658569,1.2338484791834776,0.0010761331398666807
138.2,-1.1005560297181638,1.239846761886954,0.0012932649674709529
138.22,-1.103438018282039,1.2449762553725816,0.0007984584090837965
138.24,-1.106688872967762,1.2507244969050657,0.0007358849267686263
138.26,-1.1104848121471504,1.2569515745581223,0.00129496366781362
138.28,-1.1137822350724456,1.262529725055359,0.0009417598558011941
138.3,-1.1169298062932989,1.2680568619506194,0.0009748856987823185
138.32,-1.1205700686374893,1.2739754062765316,0.0011888072009867134
138.34,-1.1242280931229804,1.2800267779770544,0.0012634903146750143
138.36,-1.1273024222980503,1.2853665053662822,0.0009338947746644344
138.38,-1.1307829732104804,1.291236895720759,0.0007841447686837144
138.4,-1.1346471976318755,1.2973628848214196,0.0012476240275253736
138.42,-1.1378018670893508,1.302556335581914,0.0007167391297172032
138.44,-1.141333336701954,1.3086204438979199,0.0010684549182749248
138.46,-1.1451034837818375,1.314633514995751,0.0012944950272090472
138.48,-1.148647190304693,1.3204346960006825,0.00132030568541891
138.5,-1.1520783924715194,1.3262476907928824,0.000978190814424268
138.52,-1.1558787776990935,1.3324666263574123,0.0010683978607535782
138.54,-1.1595027005397784,1.3383974115176005,0.0010538425371412752
138.56,-1.1626397798874948,1.3440762895654652,0.001056766117699115
138.58,-1.1660374724068152,1.3498857452926143,0.000994555344491499
138.6,-1.1696572489595247,1.3557325337857575,0.0013761536148312048
138.62,-1.1729271440256641,1.3611744628812874,0.0008545043726871926
138.64,-1.1763596983056792,1.3671140047468022,0.0010029754625276166
138.66,-1.1801463564265913,1.3731564493104207,0.001389109989060222
138.68,-1.183497709228197,1.3786953640917996,0.001245860771086238
138.7,-1.1869161067173477,1.3844940730174662,0.0012703847449022365
138.72,-1.1906454520063292,1.3906452333968096,0.0011326690090646963
138.74,-1.1944067365799922,1.3966521937165388,0.0014912564694028185
138.76,-1.197470597310368,1.4017980520737865,0.0010483705116008935
138.78,-1.2009990733541118,1.4077875208426516,0.001261535164543942
138.8,-1.2047420750346816,1.413768522971048,0.001540174688634821
138.82,-1.2082567776636113,1.4194368882765445,0.0013101156894297639
138.84,-1.2118148133856836,1.4255728244316104,0.0012930661355306239
138.86,-1.21561625288446,1.4317303699838706,0.0014763397430108405
138.88,-1.2190813513143344,1.4374585069010415,0.0014834261793097159
138.9,-1.2222474767050278,1.4430214344351153,0.0013712846269157697
138.92,-1.2258164816831976,1.4490643968389998,0.0012045819370132271
138.94,-1.2295053502765962,1.4549948229479237,0.0018043518856785679
138.96,-1.2326927425716825,1.4603353352786308,0.001274751373515931
138.98,-1.2358775188614222,1.4658791645935159,0.0012838262411501156
139.0,-1.239665228862119,1.4719908286774726,0.001702184993089162
139.02,-1.2432071197917116,1.4778191117944461,0.0014810541050525317
139.04,-1.2462298329660229,1.4830758070478003,0.0014201574068880285
139.06,-1.249846660176747,1.4888842303478267,0.0015521974612228984
139.08,-1.2536696921460098,1.495040056758612,0.001681483492738528
139.1,-1.2567150431330374,1.5001952365968225,0.0013680555994494414
139.12,-1.2601515419741485,1.5056651235317269,0.0013172815955816986
139.14,-1.264191640199677,1.511957596585463,0.0016865558237388334
139.16,-1.2674794381946188,1.517185963528464,0.0011843803269704356
139.18,-1.2709533968060118,1.5228481431414778,0.0014648593081708905
139.2,-1.2748421464042499,1.528745392166964,0.00170449126249414
139.22,-1.2786239954486163,1.5345821518709362,0.0016726995715446724
139.24,-1.281978124566861,1.539967070005086,0.0014245479000000172
139.26,-1.285844643102969,1.5458500984937684,0.0014091976108890902
139.28,-1.2896405474096766,1.55158268524971,0.001677419367732469
139.3,-1.293321463547034,1.5572248631388583,0.0012281100911782639
139.32,-1.2972490049271737,1.5634340391524681,0.0012980417953356027
139.34,-1.3011945315244875,1.5693465410801413,0.001681109380002016
139.36,-1.3048165000143264,1.5748956068858158,0.0013588484485362318
139.38,-1.3081470241133255,1.580344050972503,0.0016726059796812187
139.4,-1.3119183114578374,1.5861159951769643,0.0014336407866158973
139.42,-1.315770793109315,1.5919362956826926,0.0017758194539293781
139.44,-1.3194173164605134,1.5975202086508073,0.0011308019786470669
139.46,-1.3233035659717183,1.6036989253954252,0.0011659745082652218
139.48,-1.3271585272192195,1.6095414475664218,0.0013621839998190777
139.5,-1.3307958142496903,1.6153981943630817,0.0010740806094933775
139.52,-1.3343679815815896,1.621130379301384,0.0010308858817860977
139.54,-1.3383188412300817,1.6271219066251092,0.0014639310024806562
139.56,-1.3420666841356859,1.6329727042594988,0.001118213053372813
139.58,-1.3455975600348873,1.6386743255081797,0.0011475033458756
139.6,-1.3493530460004624,1.6443725553425785,0.001434855055417683
139.62,-1.353203760592086,1.6502343523549616,0.0014389476772986853
139.64,-1.3564730354344972,1.6554776030565075,0.001113855282030618
139.66,-1.3602301635135066,1.6613646148490577,0.0009841647646195162
139.68,-1.3641999165623968,1.6672440835915054,0.0013518454350924802
139.7,-1.3675808211760265,1.672399473808931,0.0007690599814451915
139.72,-1.3712756118513734,1.678346400187074,0.000995474558014714
139.74,-1.375250886162021,1.6842593216459905,0.0013769890951796926
139.76,-1.3787465691367693,1.6896032805450214,0.001219380989456148
139.78,-1.3821977889513684,1.6950294513067194,0.0010069148053806487
139.8,-1.3861303708691481,1.7009188643264272,0.0011294010206103489
139.82,-1.38981350053594,1.706532600493019,0.001188835759074608
139.84,-1.393406960393732,1.7120691136336659,0.0009449413897698322
139.86,-1.3973272969529302,1.7182086929002875,0.0008627516295466597
139.88,-1.401233056803236,1.724045761964201,0.001190210409451442
139.9,-1.4046157083147688,1.7292833179432037,0.0007441697615525877
139.92,-1.4083219629447743,1.7352524948103087,0.0008132748770149634
139.94,-1.412067454762459,1.740889908373672,0.0011738451690269935
139.96,-1.41575956576783,1.7466835273128454,0.0009944305362103723
139.98,-1.4191966946212216,1.7523316398356146,0.000994105690568986
140.0,-1.423036478350403,1.7581373633799782,0.0010964408298579642
140.02,-1.4267613746220489,1.763832966858354,0.0013864863169981145
140.04,-1.4303361419396952,1.7691470092602033,0.0006805825402534382
140.06,-1.4341458208206588,1.775277141580173,0.000973167156102378
140.08,-1.4380776716410286,1.78116943850748,0.001247543802031681
140.1,-1.4418129336843557,1.7869961087530886,0.0009758483561508047
140.12,-1.4453237808821666,1.7926467079518715,0.0012661232364407915
140.14,-1.448842592940458,1.7980584596419273,0.0012180895462829966
140.16,-1.452667091530023,1.8038516549540178,0.0011642878145204372
140.18,-1.456069601009017,1.8093105584778462,0.001020216231521237
140.2,-1.4599260750596812,1.8151600895840314,0.0010794537323468023
140.22,-1.4637362539048184,1.8209507400791207,0.0013841772455349122
140.24,-1.4672791357198012,1.8262441864515937,0.0008933726849729151
140.26,-1.4711177290910575,1.832268172860306,0.0009278210872102344
140.28,-1.4750981169468167,1.838162426421787,0.0014969960592982612
140.3,-1.478567949944474,1.8434672789398454,0.0011748942444271548
140.32,-1.4820165294698604,1.8489508067385654,0.0013053381881949766
140.34,-1.4859385440943051,1.8548406848088592,0.0013025922928979472
140.36,-1.489652051776812,1.8604977301593886,0.0015132279170788077
140.38,-1.493296902361919,1.8661095713457623,0.0010925125966644023
140.4,-1.4972625880648551,1.8723362993259132,0.0011137813649529371
140.42,-1.5011740005163594,1.8781718517293196,0.00151040173641373
140.44,-1.5046401259935287,1.8835894956021662,0.0010807702907952854
140.46,-1.5082584184513446,1.8894283978054764,0.001244808963343863
140.48,-1.5119552451515021,1.8950433399566229,0.0015925393209869632
140.5,-1.5155372162932808,1.9005370237842132,0.0012681160436398276
140.52,-1.5191662022459993,1.9063623330536177,0.0012812448020748657
140.54,-1.5230254831076782,1.9121999110270325,0.001556480828783957
140.56,-1.5268378065862116,1.9180084801839892,0.0017067611772093871
140.58,-1.530079871210555,1.9231154256075518,0.0012710933394328994
140.6,-1.533856914428872,1.9290516148949794,0.001324372977049404
140.62,-1.53784744039664,1.9350079536172273,0.001666810265353924
140.64,-1.5412047505197606,1.9402059616895024,0.0012633704225926412
140.66,-1.5449876282761685,1.94618808030676,0.0013775820023248786
140.68,-1.5490050860164026,1.9522035725842284,0.0017020077793593047
140.7,-1.5526338764683039,1.957693891670759,0.0016175043756282426
140.72,-1.5563210141541346,1.9634175635635651,0.0014561894759990701
140.74,-1.560324485111284,1.9695815811856263,0.0014094465715990268
140.76,-1.5641919974586795,1.975436175057065,0.0016531334103062345
140.78,-1.567577775553261,1.9808667086562985,0.0014152178733600473
140.8,-1.5712319692191532,1.9866125889196262,0.0014549484337839924
140.82,-1.5750019725792375,1.9923206848417039,0.001750028716310914
140.84,-1.5785537114646628,1.9977699267264628,0.0013992008813920043
140.86,-1.5821017843868568,2.0034973327129,0.001465216697735472
140.88,-1.5860522661400598,2.009431270943091,0.001589996832587287
140.9,-1.5896589628420243,2.0150039405160767,0.0016500894814935607
140.92,-1.5932356073751506,2.020610764476491,0.0013023709297765862
140.94,-1.5971992163621351,2.0266794976229767,0.0013272983674070815
140.96,-1.60107025841918,2.032574841710263,0.0015876506469004181
140.98,-1.604340062038021,2.0377467140451335,0.0011664120108716147
141.0,-1.608091156425345,2.04370129223556,0.0012387910983626127
141.02,-1.6119500460715013,2.0495167118181974,0.0016711713670667094
141.04,-1.6155221768931565,2.055022116525138,0.0013540187348240196
141.06,-1.6190474130242014,2.060644472053163,0.0013715626920514645
141.08,-1.6228787013283263,2.066525734825199,0.0014614563733355013
141.1,-1.6267012116504393,2.0723852542768952,0.001623784135810491
141.12,-1.6298687064144841,2.077462771486634,0.001154173451780316
141.14,-1.6334388369852626,2.0831643496583867,0.0010084449556504171
141.16,-1.6374443701728254,2.0891638425876873,0.0014792276346729805
141.18,-1.6409238211304946,2.094398427163201,0.0009121887601617473
141.2,-1.644648007854305,2.1003600446259028,0.0011846513590582919
141.22,-1.6486059371912647,2.1062921256707523,0.0014582721428764989
141.24,-1.6521986426890076,2.1118060830999217,0.0013379711681235362
141.26,-1.6555641182345535,2.1170798836869786,0.0010808322744052246
141.28,-1.6594316231376045,2.122928655942815,0.0012032063382828029
141.3,-1.663257574436461,2.1287522186564756,0.0013998153217123777
141.32,-1.6665762375948707,2.1338884129835987,0.0009949894189468789
141.34,-1.6703557741031074,2.1398229890638674,0.0010451840928483447
141.36,-1.674340170488591,2.145738771871197,0.001337209143344592
141.38,-1.677776083316688,2.150990647227636,0.0009805592420165654
141.4,-1.681315796258726,2.15662789374092,0.001004697005961036
141.42,-1.6852679000070137,2.162522670508423,0.0012573194488123829
141.44,-1.6890382705190725,2.168237482792115,0.0012229896364140402
141.46,-1.6922016200696433,2.173295588566685,0.0009811916991335212
141.48,-1.6959558869158449,2.17894144351488,0.0010434295721647169
141.5,-1.6999045292588615,2.184871258052883,0.0013214612018667415
141.52,-1.7033472923112294,2.1900645256600044,0.000822688436649871
141.54,-1.7070877438469607,2.195904192574458,0.000946641518293101
141.56,-1.7111307270810938,2.2017812113792488,0.001279231259452035
141.58,-1.7148252189828561,2.207266907099094,0.001011164053192376
141.6,-1.718126052938997,2.212498976149334,0.0009807644345974642
141.62,-1.722084440212943,2.2182375220817314,0.00118643330335938
141.64,-1.725870372403824,2.2238297280515167,0.0012554070402219508
141.66,-1.7296499949504593,2.2294293657081723,0.000926667231434003
141.68,-1.7336732706738294,2.235453561900224,0.0008861005379890152
141.7,-1.7376960782287538,2.2412242947764627,0.0012258169423227383
141.72,-1.7413836417836879,2.2467326657611397,0.000975204350200265
141.74,-1.7450979243568832,2.252396800113419,0.0012169934070767607
141.76,-1.7487837587617778,2.2577404025273458,0.0013083526625906061
141.78,-1.7526464835997448,2.2633672596124126,0.0010801580490497342
141.8,-1.756078291306015,2.2686259124982513,0.0011042762760447578
141.82,-1.7600468936324694,2.274320890665719,0.0012204540234921901
141.84,-1.7641497386669078,2.280248243128806,0.0013436610358867618
141.86,-1.7673885458360168,2.28516225333458,0.001054892858262324
141.88,-1.7710387540225343,2.2905251508271802,0.0008911836693151487
141.9,-1.7753461116001863,2.2965447671309134,0.0013959769391517218
141.92,-1.7788569675101527,2.301579996173354,0.0009256886170320999
141.94,-1.782326908696497,2.3067502237880304,0.001022852228606208
141.96,-1.7865394723103316,2.3125491589213483,0.0015407335365957286
141.98,-1.790620735730036,2.3182137897438126,0.001472868258103971
142.0,-1.7939384111383059,2.323063755439691,0.0012280114577890855
142.02,-1.7978683360979657,2.328404770460833,0.0013338367271516216
142.04,-1.8023399819350827,2.3344390290586214,0.0015193398371947109
142.06,-1.8058777080027413,2.3393919115660813,0.0012025884935718267
142.08,-1.809576543819811,2.344566975585846,0.0011678727148466683
142.1,-1.8141544270272174,2.3505059510403012,0.0017045474939748617
142.12,-1.8181302135510784,2.3557872241562534,0.0014939495977028538
142.14,-1.8220632444437153,2.3611636960896405,0.0013825920797038427
142.16,-1.8264069827926983,2.3667864692776264,0.0015542806707778412
142.18,-1.8307440264497947,2.372452121309706,0.0013971327636717323
142.2,-1.8346294218452215,2.377734757471411,0.0015008400126375887
142.22,-1.8386274372623976,2.3830205356545267,0.0013664627142695729
142.24,-1.8430100730238417,2.3886263514578814,0.0017346569964085679
142.26,-1.8467868322029504,2.3935272572917357,0.001062680717161646
142.28,-1.85095237287668,2.399209150108554,0.0014265386108967548
142.3,-1.8553783061151186,2.4048276354566087,0.0017135242051538047
142.32,-1.8594359526374369,2.4100738741267924,0.0014632779258910433
142.34,-1.8632352227441606,2.415191530351367,0.0014296662603967003
142.36,-1.8675846556745754,2.4207036806610898,0.0016859172680578627
142.38,-1.8718109814644948,2.4260933285953388,0.0018216693792109662
142.4,-1.875922377514603,2.4313918095747336,0.0012643787019130104
142.42,-1.8802664328980818,2.4372001474854113,0.001266050684975012
142.44,-1.8846854814904865,2.4427359299395275,0.0016073287155170257
142.46,-1.8888828868729715,2.4483100806242164,0.0012743031593086263
142.48,-1.892872573504651,2.453720648662419,0.0013646162795036831
142.5,-1.8970014604840593,2.458962768506279,0.0016144599246691038
142.52,-1.9012334828643567,2.464475312175448,0.0014073439246417296
142.54,-1.9052864965933582,2.469912114018068,0.00144845350810624
142.56,-1.909626768667475,2.4753792262178687,0.0015181369144502965
142.58,-1.9139063115824682,2.480862814073282,0.0016563229803450985
142.6,-1.9178019359543081,2.485883745452795,0.0011891270364203788
142.62,-1.9220658171246165,2.491476786860037,0.001193207901732496
142.64,-1.926549882637726,2.4970747425445374,0.0015469708093948653
142.66,-1.9306580216754516,2.5023661049345027,0.0012480109992393518
142.68,-1.9346624076628594,2.5076592782301526,0.0014007812789749996
142.7,-1.9389431559038515,2.5130243552780858,0.001647087749152093
142.72,-1.9432499027161514,2.518431440415812,0.0016054547342259362
142.74,-1.9470298585960066,2.5233582175575275,0.0011102462781447109
142.76,-1.9514054808993588,2.528850860173468,0.0012950530453109121
142.78,-1.9559137660776156,2.5344902073127287,0.0012505623617746486
142.8,-1.959978872065796,2.539767680939425,0.0011788437275427888
142.82,-1.9640551812886005,2.544994842230848,0.0010790197820318426
142.84,-1.9686766305970265,2.550610124306276,0.0016732073883947984
142.86,-1.9729004723209707,2.5558362198552853,0.0013646023056594625
142.88,-1.9770938527813238,2.561158966311974,0.001016519748144512
142.9,-1.9816177669802415,2.5667027172183015,0.0012417788637902327
142.92,-1.9860090929602043,2.5722617063973825,0.0010687158746129355
142.94,-1.9902076761455603,2.5776353803386667,0.001001307363131948
142.96,-1.9943829987264308,2.5828310401999772,0.0010621792630976234
142.98,-1.998691173285557,2.5881609207026943,0.0010987156378458873
143.0,-2.002861921685678,2.5934861102397675,0.000764589063150134
143.02,-2.007205279363568,2.5990921217108482,0.0007342279354948245
143.04,-2.0117477856343573,2.6045782616764224,0.001334784044087517
143.06,-2.0157577033798266,2.609592639025531,0.0008856693593169984
143.08,-2.019741642608051,2.6147751302391673,0.0007788800308545507
143.1,-2.0243289411514036,2.620263960892989,0.0011987408074883854
143.12,-2.02853854066147,2.6254333694782477,0.0009931995661132953
143.14,-2.03274475570872,2.630711119731526,0.0008076872413903258
143.16,-2.037203751785693,2.6361170056718675,0.0010228996143095137
143.18,-2.0417310352967584,2.6415959476259583,0.0011801954786669067
143.2,-2.045680656461936,2.646506603179078,0.0007272149049574739
143.22,-2.049746725405356,2.6516495215452083,0.0006685998448091868
143.24,-2.054505196585325,2.6572532392757138,0.0012360209722082904
143.26,-2.058549921896132,2.6621083637144958,0.0008677448370346952
143.28,-2.062776913955482,2.6673144135675395,0.0007838183848436486
143.3,-2.067399500811242,2.6726817238535387,0.001199442876718415
143.32,-2.071951892166754,2.678054359127614,0.0011093011300676858
143.34,-2.0760332667444397,2.6830602207950105,0.0008928315402651765
143.36,-2.0803391240122204,2.688114705632104,0.0010028485784965568
143.38,-2.08518456136886,2.6936965760030107,0.0014134454610224279
143.4,-2.0891752157849024,2.69829907440879,0.0008198421179659576
143.42,-2.0934371951894684,2.7034543006294216,0.001014562632001531
143.44,-2.098164345350295,2.7087622698163285,0.001390546211644833
143.46,-2.102771524693476,2.7139949548101328,0.0012095533606726605
143.48,-2.1068557305921853,2.7188268692267177,0.0010919508428310354
143.5,-2.1113928862764006,2.7239090292589005,0.0012643912408845936
143.52,-2.1160909694886287,2.729176382199005,0.0014877040834761213
143.54,-2.1201857231916166,2.7338248426675626,0.0009743570780972322
143.56,-2.1246766166082853,2.7390410304809745,0.0009811755138607325
143.58,-2.1295780068410903,2.7443561147599094,0.0015360687166403875
143.6,-2.1338462711114694,2.7490599141992202,0.0011353591107249872
143.62,-2.137997727943036,2.7538948681437745,0.0011263814390021498
143.64,-2.1428084427603293,2.7591061354089543,0.0015151375633365993
143.66,-2.1474499315723383,2.764167973593298,0.0014327710992825538
143.68,-2.1515717912168864,2.7688699993989716,0.0011304041697935419
143.7,-2.1562278998132376,2.7738659390838074,0.0014333181206258316
143.72,-2.161144832959814,2.779120003421381,0.001717652544489301
143.74,-2.1653469533935286,2.783593319413623,0.0010188795397077233
143.76,-2.1699537306602728,2.788749323246212,0.0012610500474735387
143.78,-2.174934787344136,2.793926570064531,0.001676346291828279
143.8,-2.1794970088863113,2.7987293338713046,0.001362031572902267
143.82,-2.1838434597420053,2.803520698390848,0.0012318258869819243
143.84,-2.18880357827931,2.8086109247053406,0.0016562716942398192
143.86,-2.193566905063103,2.8135740941939864,0.0017580286442245574
143.88,-2.1981729682761184,2.8184589695394173,0.0012405337422247698
143.9,-2.203113548202405,2.823721887639536,0.0013132706224409652
143.92,-2.208055262488305,2.8288104172816317,0.0016415579828166493
143.94,-2.212714686843575,2.8338599276791783,0.0013941679625963377
143.96,-2.217166693541941,2.838771752520138,0.0014798116088750035
143.98,-2.2218038528038218,2.843574909613557,0.0016663684821275893
144.0,-2.22633759332678,2.848330966179264,0.0013492362815961945
144.02,-2.231031984396179,2.853437637567911,0.0012460097423790117
144.04,-2.235994649307816,2.858537132932546,0.001647771550568361
144.06,-2.2406939116307014,2.863439359155306,0.001734589393616287
144.08,-2.2450483080399883,2.868092778004974,0.0013133478506803242
144.1,-2.2499311019028885,2.8733458275934356,0.0013367240228381871
144.12,-2.254873808317667,2.87839706462238,0.0017289249595788259
144.14,-2.2593336769675285,2.883018391497102,0.0012969113291923795
144.16,-2.2641098130699264,2.8882610079638456,0.0013815268125574875
144.18,-2.2691131923919383,2.8934525874899255,0.0016032692202154752
144.2,-2.2738495709851616,2.8984417824574473,0.0013651697977839772
144.22,-2.2783249478097924,2.9034220646718945,0.0014531464272788397
144.24,-2.282955459704429,2.908340560102926,0.0013690327138745073
144.26,-2.2879278217859134,2.9134558013414398,0.0017018405558246186
144.28,-2.2921371966778707,2.917833101196248,0.0010166209335709664
144.3,-2.2967799909667943,2.9229680851298148,0.0011948733152640223
144.32,-2.3017583288569026,2.9281089693922273,0.0015650665610022485
144.34,-2.3062511981214473,2.932801051410305,0.001217123224490163
144.36,-2.310632828876436,2.9375962567255534,0.0011717467737661635
144.38,-2.3155635489822073,2.942659396580478,0.0014951102784020454
144.4,-2.3202433005970953,2.947529733467429,0.0015156385755388246
144.42,-2.3249024177449824,2.952476727608651,0.0010336326870200307
144.44,-2.3299251363938507,2.9578345669960964,0.0010943682643020924
144.46,-2.3348128080371287,2.962858151744914,0.0013573340838638204
144.48,-2.339386426019343,2.967794218517608,0.0009537860114418317
144.5,-2.3438525578585825,2.9727400175319456,0.0010103901976552532
144.52,-2.3487927373104567,2.9778242678340785,0.0014415059166824895
144.54,-2.3535000908535633,2.9827793921913948,0.0012267924320830959
144.56,-2.3581925254434597,2.9879185179044714,0.0010429574150817578
144.58,-2.363226905856006,2.99318424743554,0.001187883307454396
144.6,-2.3680110338840423,2.9982214019928004,0.0011024181220689322
144.62,-2.3723596394827258,3.0031126577499547,0.0010729005497277788
144.64,-2.376943154825191,3.0080746177733353,0.0010910138427878968
144.66,-2.3815649072840337,3.012883822522547,0.0012641634467383533
144.68,-2.386116650046447,3.017724881637603,0.0008015708972480273
144.7,-2.3907126879667304,3.0227911245620507,0.0008189910493839048
144.72,-2.395689491596716,3.027932739689531,0.001345050864249825
144.74,-2.4001614607532216,3.032632774210042,0.0011338660554617852
144.76,-2.4047830996908157,3.0376819378997943,0.0009445819196256255
144.78,-2.409807717154891,3.0429553370370295,0.0010701194384241663
144.8,-2.4145912306427775,3.048013267703425,0.0011350456364237482
144.82,-2.4191031968355006,3.0529607839815984,0.0009659750437771841
144.84,-2.4236845961325546,3.0579484530369623,0.000981768064451688
144.86,-2.428517163634834,3.062945411072455,0.0014372419473120401
144.88,-2.4330092568118693,3.0676793512730858,0.0010917552237664219
144.9,-2.4374004320257523,3.0724450159882903,0.0009687475928682743
144.92,-2.442315499091941,3.077566912046475,0.00117623860112126
144.94,-2.4470219493760053,3.082575930621036,0.0010426877367284704
144.96,-2.4514070670172927,3.087425927146593,0.0009048372787764936
144.98,-2.4561938902122855,3.0923657854985187,0.0011576726864397924
145.0,-2.461278079612867,3.0976167499633678,0.0012290292484721799
145.02,-2.465653195767219,3.1022358059770854,0.0008472321267279648
145.04,-2.4701771158854515,3.1070082186521066,0.0008866568408201769
145.06,-2.4753009442178735,3.112215754348031,0.0014313926667944565
145.08,-2.4797178625343204,3.1166950177217387,0.0009553241550162017
145.1,-2.4844879424369135,3.1217651399867794,0.0009021167716964651
145.12,-2.4895344716046823,3.126809644480728,0.001379524966392487
145.14,-2.4940408225192248,3.131352634095455,0.0011972073938182892
145.16,-2.4985956811488785,3.136225116327757,0.0009751983813071352
145.18,-2.503555349628507,3.141213267829271,0.00124947040744805
145.2,-2.5084973546919787,3.1461952476080364,0.001533101858911673
145.22,-2.5128253055491143,3.150585424891423,0.0009357781314990044
145.24,-2.5175749507167033,3.1555745791186323,0.0009735304781890997
145.26,-2.5226106071870693,3.1605297821159337,0.0016526290500681884
145.28,-2.527089270661078,3.164996539315134,0.0012637163145390318
145.3,-2.5317656982461436,3.169823915626932,0.0012019447875484535
145.32,-2.536816509454952,3.1748130212625933,0.0014820769769811892
145.34,-2.5415062083688067,3.17949292560372,0.0014851200183604307
145.36,-2.546281080559338,3.184434074434996,0.001142127346721894
145.38,-2.5513603285684234,3.189564295216011,0.0013005076831698603
145.4,-2.556219811394932,3.1944179994606983,0.0017021181878277558
145.42,-2.5608966656377965,3.1992006498758765,0.0012932479242973305
145.44,-2.5656351834249898,3.204193172199849,0.0014610354004159498
145.46,-2.570501181747906,3.2090490957774573,0.0016956126493312962
145.48,-2.575206662446679,3.213765837104181,0.0015231207317499829
145.5,-2.579879909316409,3.2186281297620196,0.0013575711583214412
145.52,-2.584987988881865,3.223738364349207,0.0014943332382220675
145.54,-2.5897530662225794,3.228556996872662,0.0015992058585227176
145.56,-2.5942375979564782,3.233229884504738,0.001178116620101366
145.58,-2.5991050575304424,3.238244081320314,0.0013147038512825726
145.6,-2.6042057848411018,3.2433610867262055,0.0016841846599970345
145.62,-2.6088978662455973,3.248148722354927,0.001407863362582168
145.64,-2.6134567987092527,3.2529012493982177,0.0013641431559099915
145.66,-2.618529818615913,3.2578882974708785,0.0017163831698037701
145.68,-2.6231937203550615,3.262505387579897,0.0016124021598528104
145.7,-2.627869424511562,3.2673284150453625,0.001313820293702861
145.72,-2.632971113110842,3.272393579014125,0.0014171281800976765
145.74,-2.638012054082426,3.2773873474520614,0.0014852641298989666
145.76,-2.642369811595677,3.2819763436719263,0.001146181953307679
145.78,-2.6470303710249157,3.2868017164523837,0.0011652564110440355
145.8,-2.6522250022381373,3.2918293011857505,0.0016912946374893212
145.82,-2.656762278563433,3.296262145021615,0.0012485915937617276
145.84,-2.661604298952061,3.3012130349630744,0.001141066129871443
145.86,-2.666731915205,3.306175859063534,0.0015330698013377164
145.88,-2.671448442047567,3.3108403060356575,0.00134351084195386
145.9,-2.676226490116885,3.315683332691804,0.0011095181706100576
145.92,-2.6812841609052294,3.3206149884640013,0.001290803352398201
145.94,-2.686408683588405,3.3256258169087447,0.0014571830538217256
145.96,-2.690953411527323,3.3301388652932773,0.00104792814690996
145.98,-2.695552495213812,3.334824350302261,0.0010107344874860091
146.0,-2.700831434766026,3.339849228982368,0.0014928529340385854
146.02,-2.7056017650135256,3.344435914587907,0.0011970552255989308
146.04,-2.710137644444173,3.348982510371523,0.00101079452291708
146.06,-2.7152256988815546,3.3538056834596213,0.001415338687478257
146.08,-2.7204333543667443,3.3587240430744263,0.0014355798442746703
146.1,-2.7248125591949965,3.3629721209847507,0.0008987517361639108
146.12,-2.7296855164242695,3.367538966799718,0.001127174371958084
146.14,-2.7351551600081834,3.372625789804512,0.0013804556849325578
146.16,-2.739648110798909,3.3767895580974576,0.0008702667886449356
146.18,-2.744366336842566,3.3812948763796347,0.0007347787372376513
146.2,-2.7499204148811427,3.386283386331784,0.00116068227347782
146.22,-2.7546740056332553,3.390674651986412,0.0010162881762477427
146.24,-2.759353333415876,3.395065232085267,0.000820779218260459
146.26,-2.763974744970472,3.3992109696411488,0.0010588835996300228
146.28,-2.768688489110468,3.4034683866187545,0.0011006371715445162
146.3,-2.772570106465979,3.4072181516779283,0.0009837648797015042
146.32,-2.776571740200906,3.4109869182388644,0.0003882799467958553
146.34,-2.780748198527525,3.41482595067495,0.00090194891988013
146.36,-2.784868703105388,3.4187585308488946,0.0010847785585376968
146.38,-2.788877327943473,3.4226414185203775,0.0010329853795546795
146.4,-2.7922860866509045,3.4259447588762613,0.0007043012320023523
146.42,-2.7963221988960427,3.4298657230736347,0.0007044513512480532
146.44,-2.8002258141048704,3.4338085729163024,0.0010331908038977988
146.46,-2.80405300414055,3.4376314176972045,0.0008732918934300504
146.48,-2.8080121058210357,3.4415591666761074,0.0009751048054992828
146.5,-2.8119225903160077,3.445605935271347,0.0009853301954808324
146.52,-2.81567800451095,3.4495553991895673,0.0006543652214593965
146.54,-2.819563284983225,3.4537241903694373,0.0006043872997205102
146.56,-2.823512526066967,3.4577309595188157,0.0011897098587099753
146.58,-2.8270396652552776,3.4615423491257995,0.0011569034003755807
146.6,-2.830682604786078,3.465557919010263,0.0008362021675975551
146.62,-2.8344649955715018,3.469685968109165,0.0005414391559787068
146.64,-2.83826473278675,3.4739431152504925,0.0009676415446305542
146.66,-2.8420499812371323,3.478184438384656,0.0010924998894270566
146.68,-2.845306295991268,3.4819544283475525,0.0009042084207134815
146.7,-2.8489839315832515,3.4860475081142326,0.0009498354097445261
146.72,-2.8525073147819753,3.4902854116058113,0.0008086630954696195
146.74,-2.8561164311480933,3.494602375929319,0.000981484057551163
146.76,-2.8595901128864427,3.498764254862173,0.0007755286480576606
146.78,-2.863267638398702,3.503027487149505,0.0011463371820752133
146.8,-2.866724470453911,3.507319136187015,0.0011045371789709935
146.82,-2.8702286612302808,3.5117836743208,0.0006770991482249744
146.84,-2.873815870770344,3.5161953228747076,0.0009703160947707734
146.86,-2.877319417764534,3.520619682177764,0.001257064324726831
146.88,-2.8805562617680818,3.5248422446018393,0.0013046455650058963
146.9,-2.8836581439888747,3.5289956091959125,0.0008570617986989881
146.92,-2.8871462969352435,3.533446621809138,0.0008139156030027295
146.94,-2.890493433308403,3.5381277059550227,0.0012113728607223984
146.96,-2.893789728615166,3.54251499854316,0.0012465353447992933
146.98,-2.897036465697695,3.5469028266806455,0.0010778198909082992
147.0,-2.900400387614885,3.551490563582154,0.0011977204487647053
147.02,-2.9035366765816732,3.555969532764085,0.001017201105197263
147.04,-2.9067143371022506,3.5606060889850784,0.0010090132824585318
147.06,-2.9099827928541493,3.5651042239976807,0.0012785727674907155
147.08,-2.913025354971592,3.569632548230067,0.0014080186122694127
147.1,-2.9161520672099006,3.5743050155100375,0.0012611902097879601
147.12,-2.9192596396673696,3.579079817084761,0.0007131629124551564
147.14,-2.9224312923394757,3.583831107199395,0.0012057208029046529
147.16,-2.925565259641167,3.588632349241839,0.00143820267514716
147.18,-2.9286032052342668,3.59341737246095,0.0013443362880754262
147.2,-2.930985844564885,3.597216342367958,0.001138660063622926
147.22,-2.933924670405099,3.601940391176949,0.0011296481310482664
147.24,-2.9368306614965385,3.606754833035953,0.0013790403542040253
147.26,-2.939711712669952,3.6115257560790455,0.0012517648000111292
147.28,-2.9426884948785985,3.6163279083472197,0.0014753707946582595
147.3,-2.9455358541729146,3.6212676517088704,0.001426452598263045
147.32,-2.948199563849844,3.6258774508359837,0.001125341789554063
147.34,-2.951012513076523,3.630863050891139,0.0009886841433548177
147.36,-2.9539414143301244,3.6357117012731757,0.0015238527593577356
147.38,-2.9564501652364275,3.640429213568006,0.0016647704665003205
147.4,-2.9589602802031623,3.6450873997426347,0.0012817185246434826
147.42,-2.961706817639612,3.650013867486084,0.001052817094894798
147.44,-2.964390193687102,3.6550901830733475,0.0013959125464294564
147.46,-2.9671042601867756,3.6601423530342756,0.0014846383788779116
147.48,-2.9693029402240234,3.6645395928235667,0.0012690742040215308
147.5,-2.9720023342114064,3.669524282389813,0.0013696418331533844
147.52,-2.974483162396762,3.6745788640588524,0.0012746028261406694
147.54,-2.9767838074266564,3.67938018911174,0.0012611862686036646
147.56,-2.9792118481133465,3.6842492463631342,0.0012393438718725225
147.58,-2.981743388626152,3.689334148073364,0.0014835994164807131
147.6,-2.984110098188925,3.6943238364997226,0.00142203850956224
147.62,-2.986504724994051,3.699520072074529,0.0009698475783186666
147.64,-2.988927823638999,3.704669858612104,0.0011892044268530522
147.66,-2.9912836733470134,3.70981474662507,0.0014623360563464638
147.68,-2.993587010425445,3.7149619220731194,0.0014451271081340478
147.7,-2.9954466954833454,3.719406987689402,0.00106044011862233
147.72,-2.9978118227633166,3.7245591758378733,0.0011166574719026767
147.74,-3.00003752604611,3.7298468011364836,0.0014651134605397353
147.76,-3.002010695295145,3.734621304279912,0.0013141918292269572
147.78,-3.0042340714047815,3.7397808689954997,0.0012474028007137816
147.8,-3.00639918551715,3.7450320912800934,0.0013151587198372838
147.82,-3.0083513068444883,3.74999942614726,0.0010754725843158397
147.84,-3.010362799352951,3.7553271671744595,0.0010132277224957353
147.86,-3.0125625519684593,3.760530595241891,0.001272160674496231
147.88,-3.014482412990012,3.765620216996058,0.001384927267159053
147.9,-3.0164190616510638,3.7708585555612473,0.0011919830717067037
147.92,-3.018323412858108,3.7761269365782044,0.0006750811914951194
147.94,-3.020291888020258,3.781432683660062,0.0010904412764800864
147.96,-3.022211252843596,3.786734597979576,0.0012894352440687151
147.98,-3.0239851406237337,3.791917433476005,0.0012656981971017334
148.0,-3.025455956519473,3.79627455729641,0.0009712216083574421
148.02,-3.0271772762400064,3.801559677765943,0.000988188747738733
148.04,-3.028837298731032,3.80684566644163,0.0010715989014411786
148.06,-3.0305040082820445,3.812064903031035,0.0009570031012809121
148.08,-3.0323081204067224,3.8173946295213192,0.0011889254333540267
148.1,-3.0338994019865786,3.822701930820234,0.0011723010049530802
148.12,-3.035442247840778,3.8279452318864826,0.0008034450707051777
148.14,-3.0370310126612883,3.833388188477881,0.0007697649647825655
148.16,-3.0386838365878672,3.838783363725869,0.0011449537729071035
148.18,-3.040145336931412,3.844056736791403,0.0012453039042783498
148.2,-3.041477632486178,3.849112058780498,0.0009015913498476025
148.22,-3.043018346723171,3.854501492403621,0.0007314098053628759
148.24,-3.044458525106379,3.8600410597415973,0.0011417928229630336
148.26,-3.0458874126609716,3.8654234510599568,0.0011238509112078687
148.28,-3.0471519909066287,3.8705284046602455,0.0008408401341629956
148.3,-3.048653875049428,3.8760206924011675,0.0009820283497471993
148.32,-3.049920498909803,3.881443980253981,0.0008765168305120696
148.34,-3.051139533018131,3.8868879843326947,0.0008989128340570474
148.36,-3.052491247333268,3.892182160243687,0.0009734806387838024
148.38,-3.0537312017006384,3.8976278927057577,0.00114249428616911
148.4,-3.0548215265026304,3.9029605517510864,0.0010464313670227599
148.42,-3.0559533166935737,3.9085354566286017,0.0005701083432192999
148.44,-3.05713189933688,3.914092434377511,0.0008133724732164449
148.46,-3.0582642495339316,3.91966249585051,0.00111199247457755
148.48,-3.059326506175115,3.9252033568539244,0.0010792570583515182
148.5,-3.0600105941465,3.929800796482331,0.0006814230342892247
148.52,-3.061112096041002,3.9355211122938494,0.0008155622140476049
148.54,-3.0620752463490404,3.9414774274923126,0.001025463298732987
148.56,-3.063138416626338,3.947701697570846,0.000942110619103903
148.58,-3.064328148528296,3.9542071398370777,0.0011065373095251463
148.6,-3.0653851120581934,3.960886836100655,0.000915415012019194
148.62,-3.066388244328114,3.9677410230415835,0.0010733995370104943
148.64,-3.067511911687043,3.9743421590009245,0.0010012527844298347
148.66,-3.0685976489907225,3.981120944380712,0.0010249998529362203
148.68,-3.069565103238207,3.987814090757657,0.0010851114689787444
148.7,-3.0707278021670192,3.9947074324826963,0.0009311480676629513
148.72,-3.0719427646708946,4.001558843494405,0.00113142436934624
148.74,-3.072900228075592,4.008145111436009,0.0010296352220438842
148.76,-3.073998366588618,4.01496317615419,0.0010272580013426236
148.78,-3.075282539731712,4.021723270178639,0.00132444719546998
148.8,-3.076391140367661,4.028351441411486,0.0011608828190697584
148.82,-3.077446453579755,4.035150323376997,0.0013304316910965064
148.84,-3.0786400437766055,4.042127889661393,0.001111397609079745
148.86,-3.0798691096291795,4.049044194662256,0.0015047134071923263
148.88,-3.0807801345584926,4.05531284799481,0.0012227894428223085
148.9,-3.0818975045566495,4.062257767710409,0.0013624749946297976
148.92,-3.0831015491970915,4.069112062542158,0.0015452806749684245
148.94,-3.084245976279883,4.075880904074494,0.0014744694851995532
148.96,-3.085064416725572,4.082104374207257,0.0013739166393244295
148.98,-3.0862998867852465,4.088895168103044,0.0013437399093784441
149.0,-3.08743482103526,4.0957074332873,0.0015675086311928987
149.02,-3.088543447773887,4.102436499609467,0.001352668913348648
149.04,-3.0896785294541034,4.1095109821789215,0.001123307776118132
149.06,-3.0910046369188247,4.116522708963056,0.001527460852219109
149.08,-3.091950910527475,4.122765680267334,0.0012837055954193488
149.1,-3.092956049287377,4.129299013665706,0.001274103145109201
149.12,-3.094260080575809,4.136052813695268,0.0015187700529880055
149.14,-3.0953754745478093,4.142395510048543,0.0014195188441105677
149.16,-3.096389789838697,4.148644041218021,0.0015088016238176127
149.18,-3.0973780008532867,4.154512940921429,0.0010733383720670786
149.2,-3.0985736444542025,4.160559671632554,0.0016862558394123983
149.22,-3.0995343743621393,4.166480271629539,0.0014274048736695188
149.24,-3.1000892159508466,4.171394210504578,0.0013098094287002093
149.26,-3.1009113305576963,4.176335605004577,0.001250721498582047
149.28,-3.1018686176800268,4.181994051039241,0.001536901938848645
149.3,-3.102620792158069,4.1873953192161535,0.0014229121943237222
149.32,-3.103373687294397,4.192865561049722,0.0009485924523127132
149.34,-3.1042369797344413,4.19848968925637,0.0011200163926354534
149.36,-3.105034076976843,4.2041731554359805,0.0013712479235882535
149.38,-3.105693345807584,4.2095816772431895,0.0014382322419163318
149.4,-3.106268252862798,4.214683616516649,0.0011621806768577214
149.42,-3.10700923511628,4.220625657157542,0.001209457646440204
149.44,-3.1075451850717166,4.226510172376694,0.0013327965463692804
149.46,-3.108170180590571,4.232746940087416,0.0012349935286511127
149.48,-3.1089719284145394,4.239209345865536,0.0015129789487971501
149.5,-3.1096210121161647,4.245894354210335,0.0013040262157323346
149.52,-3.11005259962569,4.252386641571269,0.0012798429816794632
149.54,-3.110804052469254,4.259272434891318,0.0014401535093423734
149.56,-3.111580928241914,4.26635046751747,0.0015477411998019164
149.58,-3.11202146368292,4.272521486293203,0.0011964053971737776
149.6,-3.1126918726543478,4.2794772151040315,0.0012848577332142397
149.62,-3.113535325298169,4.286529558178159,0.0015857487662261915
149.64,-3.114193834603344,4.292992862991624,0.001290708505446353
149.66,-3.1148391746867268,4.299941974254612,0.001324697559326321
149.68,-3.115661949802502,4.307087063688378,0.0013956317578115718
149.7,-3.116406667948952,4.314015273589491,0.0012598261618305406
149.72,-3.1169114011588794,4.320555267321008,0.0013610831001962809
149.74,-3.11759424746554,4.327185190166876,0.0011626900017506214
149.76,-3.1184337810217633,4.334284497117317,0.001592792726685277
149.78,-3.1190659523359496,4.340585014174633,0.0010138228304768238
149.8,-3.119719560174257,4.347489435379879,0.0011132563869226397
149.82,-3.120610866927361,4.3545804133544195,0.0013997265869449271
149.84,-3.1212556395395765,4.361077839977857,0.0009849372128941103
149.86,-3.121865321377438,4.367611580369557,0.0010288989105614044
149.88,-3.122801491043763,4.37472800165475,0.0013061940811857076
149.9,-3.1235547134429282,4.381450765123208,0.0012420326533306436
149.92,-3.1242505422769042,4.388275261607839,0.0011475194251791554
149.94,-3.125073085563936,4.395288234505573,0.000988915424400022
149.96,-3.1260089810158944,4.402367829724341,0.0013390356828142658
149.98,-3.1266642324359086,4.408739615155188,0.0009303309848764374
150.0,-3.12733146841552,4.415362442987775,0.000985017955509787
150.02,-3.128258675572648,4.422274376020661,0.0014977584484205109
150.04,-3.129051495199288,4.428912598868552,0.0013012344714860846
150.06,-3.129715443761462,4.435266760572691,0.0011341512987998181
150.08,-3.130662327180376,4.442109033816638,0.0011407264238373627
150.1,-3.1316548760626737,4.44932249123151,0.0010884856132271359
150.12,-3.1324096324563144,4.455776908694415,0.001136732502199117
150.14,-3.1331776445073776,4.461837489793829,0.0009070996229853245
150.16,-3.1341125947494497,4.468169291776219,0.0015226280196731223
150.18,-3.1348644766867797,4.474060070928528,0.0012204673153435042
150.2,-3.1354652035421506,4.479424898725957,0.0008696002812998982
150.22,-3.1362187003818405,4.484753648012484,0.001065510100509759
150.24,-3.1370423612962512,4.490657147716055,0.0012078802718962778
150.26,-3.137669515562823,4.496252109247675,0.0011377962500900562
150.28,-3.1380208223811934,4.500855047086221,0.0006986903877372885
150.3,-3.138703921701486,4.5064706360502225,0.0008348830641965455
150.32,-3.1393167353460223,4.512056096266271,0.001176914481299085
150.34,-3.1398729160029557,4.517513661069445,0.001119268598697848
150.36,-3.140423450833701,4.523098701836605,0.0009450825377263494
150.38,-3.140967992841825,4.528761632368469,0.001036652094320939
150.4,-3.141345993618343,4.534250392313242,0.0009875320400073162
150.42,-3.141808448427245,4.53981139479051,0.0009384237870471435
150.44,-3.1422892614514426,4.545344083495514,0.0011753253891085003
150.46,-3.1426142536277695,4.550962542719021,0.001258880594042583
150.48,-3.1428914475920853,4.556510641044657,0.0010425418760220961
150.5,-3.1431349430502755,4.562198739816384,0.0006540904844309081
150.52,-3.1435870223632127,4.568155618296345,0.0011364821778859224
150.54,-3.143882441406594,4.574472768194217,0.0013050775808477744
150.56,-3.143921395071361,4.579845943787123,0.0010344026189535172
150.58,-3.1441885788116624,4.586082567149705,0.0008534065968201499
150.6,-3.1443772181868432,4.59315595884746,0.00135893209617588
150.62,-3.1446623095206703,4.599996713415449,0.0013106798050804003
150.64,-3.1448941815321065,4.60642808351503,0.0008169044030705286
150.66,-3.145050097893054,4.61346800118449,0.0013064870307439302
150.68,-3.1452720578882984,4.620791395001054,0.0013574873519780484
150.7,-3.145347931896923,4.626998959664015,0.0009596808983054483
150.72,-3.1455272212933028,4.633779646407888,0.0010067498366968797
150.74,-3.1456180864067798,4.640952122666281,0.0013709980759746276
150.76,-3.1457827073810423,4.647780738381798,0.0013496219612448845
150.78,-3.145994801401119,4.65441799375183,0.0009848729368437947
150.8,-3.1460381236144177,4.661563655010023,0.0015796170591693415
150.82,-3.146115096249019,4.668938378199436,0.0013065171547944898
150.84,-3.1462828894319808,4.675360284786784,0.0010411241743328026
150.86,-3.1464104764834575,4.68215743515175,0.0012366049736983742
150.88,-3.146378987371548,4.689374265010671,0.001608926822970147
150.9,-3.146328484443323,4.69582859758704,0.0010657959592399735
150.92,-3.1464720887847264,4.702861119994901,0.0009307588270159595
150.94,-3.1464299800015634,4.709997840248102,0.0014048368425390312
150.96,-3.146532825178376,4.716995426119942,0.0013703896300828744
150.98,-3.146621013711514,4.723007616020158,0.0009447771009404027
151.0,-3.1465813796925177,4.730119802485566,0.0015334056606072788
151.02,-3.146531830073431,4.737183254818401,0.001531059855539002
151.04,-3.1465140586385387,4.74361885178759,0.0009565074711064547
151.06,-3.1465507658651433,4.750420234002049,0.0012647480367410369
151.08,-3.146510803070891,4.7578351337492375,0.0014735324262136473
151.1,-3.1465107463994064,4.764486682898148,0.001238458072486237
151.12,-3.1465376767629776,4.770902353189272,0.0009853230053177287
151.14,-3.1464370978499483,4.7780689037517465,0.0014491328056106811
151.16,-3.1464528859697527,4.784929839803591,0.0014030566243797282
151.18,-3.1464640742821155,4.791358834172504,0.0009666020462005265
151.2,-3.1463883852456447,4.798425857664847,0.001393906289802127
151.22,-3.146322620771761,4.805629443166804,0.0013906416182983827
151.24,-3.146360980650689,4.811971456571838,0.0011011217464982903
151.26,-3.146398416451655,4.818578560010853,0.0010668813639827524
151.28,-3.146250528191673,4.825915677868566,0.001613283513343472
151.3,-3.1460717467922388,4.832646314365782,0.0013506389527427332
151.32,-3.146076179780715,4.839163696820917,0.0011331143163178514
151.34,-3.145875431105803,4.846205000751306,0.0014739688205195334
151.36,-3.1456652526757782,4.853285553848484,0.0013711687040121046
151.38,-3.1455672426709897,4.859797335780755,0.0009108902969172938
151.4,-3.145410168312623,4.8667039561674255,0.0013080399537770127
151.42,-3.1451893331930774,4.874091341709129,0.0013109431716889774
151.44,-3.145099385075148,4.8805154501834105,0.0011046792558917218
151.46,-3.14501260882171,4.887028164908812,0.0008558768936660632
151.48,-3.1446881826396913,4.894364234449791,0.0014299368438924487
151.5,-3.1444567976444993,4.901159249334522,0.00128851675799449
151.52,-3.144284363386534,4.907679567090905,0.0009176428750901078
151.54,-3.143962389945964,4.914776808793292,0.0013660318216721645
151.56,-3.143717894708498,4.921991617102127,0.0013240924565615098
151.58,-3.1434855431424404,4.928346364988192,0.0007620407324134826
151.6,-3.1432309598639336,4.935188208868025,0.0011654279364367581
151.62,-3.1428531285847483,4.9425520925703585,0.0012746501880228356
151.64,-3.142675687505265,4.949012061258159,0.0010188762586133548
151.66,-3.1424616279119246,4.955393368719228,0.0008139678245521753
151.68,-3.1420203436513545,4.962771996209243,0.001445745333642362
151.7,-3.1416503003332505,4.969815803211407,0.001263504169058266
151.72,-3.141330979896396,4.976337841056312,0.0009678039057978149
151.74,-3.140883177519257,4.983225272746875,0.00134045017021181
151.76,-3.140402571551226,4.990567737280845,0.001403778607820455
151.78,-3.140017722109933,4.996936102869314,0.0009022501719430365
151.8,-3.1396336749580196,5.0036397923169895,0.0010285301044567208
151.82,-3.1391238860838366,5.010776372923709,0.00147563607810558
151.84,-3.138648403314391,5.017549937577013,0.0010031890790205
151.86,-3.138301929858446,5.024611545592833,0.0007808977562184516
151.88,-3.1377137638775254,5.031696763428513,0.00132451715078441
151.9,-3.1373198607461537,5.038673712959871,0.001186925264050398
151.92,-3.137017345970945,5.045066770441142,0.0008082089560497718
151.94,-3.1364710075052002,5.052146684467075,0.0012329633409222385
151.96,-3.1359313002603946,5.059261583226538,0.0012292689906201748
151.98,-3.135521550386403,5.065937741868144,0.000998632318676751
152.0,-3.1351423988850113,5.07254799696013,0.0008670073503048992
152.02,-3.134471686343802,5.079872986777159,0.001503763422357779
152.04,-3.1339765409686287,5.086488713758967,0.0010858817431625145
152.06,-3.1335903288487508,5.092928994216009,0.0007772323284694349
152.08,-3.1329300051818336,5.10034615823183,0.0014533656711334941
152.1,-3.132318679845688,5.107482220368117,0.0012968389165013416
152.12,-3.1318014876248044,5.113819197598684,0.0008077451431788563
152.14,-3.1312033294153263,5.120728022302692,0.0012830386501020974
152.16,-3.1304828917548875,5.1281419185863,0.001299272743192248
152.18,-3.130027563344726,5.134623209757667,0.0010774839945156545
152.2,-3.12947921206756,5.141109095991784,0.0008725007746784863
152.22,-3.1286416657522644,5.1484705195223235,0.0014735176924281224
152.24,-3.1279669035398454,5.155326107416858,0.001273559778013883
152.26,-3.1273386127259424,5.1616932632520705,0.0009157531985598821
152.28,-3.1264999555786104,5.168771850960437,0.001432096547955397
152.3,-3.125723340839649,5.176043790456245,0.001369836868205021
152.32,-3.125119963315913,5.1823776597812845,0.0008423975194159494
152.34,-3.1243367986999733,5.1891276177022805,0.0012144524522718914
152.36,-3.1234267291704465,5.19648482622302,0.001360905543844243
152.38,-3.1227934585698285,5.202855634071568,0.001041117593682278
152.4,-3.122097837908409,5.209536194778293,0.0009501444780437296
152.42,-3.121070880988118,5.216693350139582,0.0014426880402434727
152.44,-3.120316969720082,5.223564395505886,0.001294358259769618
152.46,-3.1195388254576333,5.230061259666718,0.0009361140278499325
152.48,-3.118532148121714,5.2370828406941365,0.001438603595206589
152.5,-3.1175880266948677,5.24423827026914,0.0013869236935301343
152.52,-3.117022323429393,5.250359610974772,0.0009580322403252572
152.54,-3.116282432457966,5.256811830046555,0.0012047935873390203
152.56,-3.1152469964384992,5.264197603292601,0.001404723635025945
152.58,-3.114517924062551,5.270701341755267,0.0012501267012834105
152.6,-3.113649012021903,5.277212543245242,0.00101358232913637
152.62,-3.112551520735391,5.284274970557557,0.001494640549925097
152.64,-3.111616200886798,5.291273024082582,0.0013727494497561277
152.66,-3.110862130471115,5.297560826449375,0.0009234912529594852
152.68,-3.1098722027016827,5.3045996688715515,0.001343247512954282
152.7,-3.1088981647306,5.311667345492712,0.0014267623760134684
152.72,-3.1082046140406367,5.3179372140447745,0.0010056481030719377
152.74,-3.1073186236635064,5.324787680840248,0.0010669083262191403
152.76,-3.1062249660970793,5.331890098449082,0.0014378853966113547
152.78,-3.1053891096803112,5.338670840368943,0.0012853521698159287
152.8,-3.104557830759214,5.345146232298424,0.0009910266303018722
152.82,-3.103493741837844,5.352179449190145,0.0013745444566037601
152.84,-3.1025195820438727,5.359207391110516,0.0013565504960589836
152.86,-3.101793755492355,5.365313927683604,0.0008947209523118838
152.88,-3.100799890330647,5.372237459868718,0.001249183791310421
152.9,-3.0997591015682926,5.3793726906899515,0.0013926160355005046
152.92,-3.0990969295593587,5.385574994641297,0.0010604648841757436
152.94,-3.098262867918946,5.392230344838891,0.00096877917309382
152.96,-3.0971096759401666,5.399338368503659,0.0015098615229930945
152.98,-3.0961966585089598,5.406027722462338,0.0012878929895626112
153.0,-3.09533469129747,5.412390497368358,0.0008695122697680857
153.02,-3.094225536911531,5.419454941363284,0.0014670268157666866
153.04,-3.0930921961443314,5.426677504341786,0.001387003859970426
153.06,-3.0921696009775825,5.433009909359672,0.000993107730596604
153.08,-3.0912082046160987,5.439351761536004,0.0011196649860756303
153.1,-3.089935918497455,5.446751103886791,0.0014900250227932732
153.12,-3.08891438093465,5.453374461652425,0.0011365676163924976
153.14,-3.0879455646455134,5.459582121805473,0.0008502641964236723
153.16,-3.0866018128701644,5.466773347266619,0.0014624421424279666
153.18,-3.085394854526253,5.473713262330496,0.001280926992856396
153.2,-3.0843155350030993,5.479926893687553,0.0008649352196488103
153.22,-3.083005109051964,5.486724778672649,0.001354734727340906
153.24,-3.081567363908352,5.494026275176816,0.0013605042736391237
153.26,-3.0804061659275948,5.500346438856657,0.0009830702424188098
153.28,-3.0792511991352605,5.506568963251641,0.0009998859214700173
153.3,-3.0776832855146106,5.513936667278013,0.001462576012293909
153.32,-3.076503045163803,5.520308262087053,0.0010461177139516609
153.34,-3.075222912299413,5.526786956701243,0.0008381295577799264
153.36,-3.073631288712959,5.533793379285466,0.00128458038702714
153.38,-3.0721953388356917,5.540731842947532,0.001228660099501011
153.4,-3.0709743659244495,5.54681961689746,0.0007570550420453181
153.42,-3.0694641305336288,5.5537117059559975,0.0011906784314633934
153.44,-3.067907078341539,5.560690316253348,0.0012282618303070258
153.46,-3.066858961002991,5.566936681951355,0.0009817503075071343
153.48,-3.0656144714695315,5.573275726195431,0.0008242037029077554
153.5,-3.063906882960468,5.580455776745275,0.0013620558328960586
153.52,-3.062454464794963,5.587157306446096,0.00119791658770374
153.54,-3.061263316249257,5.593227605770866,0.0008023520876694334
153.56,-3.05960110713102,5.600190636884019,0.0014310394156425432
153.58,-3.0579046532699468,5.607306106251807,0.0013303863844248143
153.6,-3.05650757528187,5.613488754352778,0.0008913509385529705
153.62,-3.0549798566257174,5.6198542580599105,0.0011511190523889603
153.64,-3.053117881251798,5.627114056754384,0.0014875359485340134
153.66,-3.051745164404932,5.633167787859848,0.0009353991212754653
153.68,-3.0501476027710446,5.639694344145902,0.0008058014466405528
153.7,-3.0481799940497183,5.646719783682789,0.001377564594062769
153.72,-3.0465144499987544,5.653377596073813,0.0013007050459654668
153.74,-3.0449820138469224,5.659549479710595,0.0009508658897292022
153.76,-3.0431481954979693,5.666250947792168,0.001385848117381433
153.78,-3.041179920139532,5.6733913432911605,0.0013795456912205906
153.8,-3.0395739701833424,5.679557062830921,0.0009364735771947574
153.82,-3.037917657234251,5.685813794768499,0.001151047727063842
153.84,-3.035824910646243,5.6930647692812295,0.001549613808344008
153.86,-3.0341779561915465,5.699218287482728,0.0011195556545975371
153.88,-3.03251393299297,5.705283092316286,0.0008002828548518137
153.9,-3.0303258787954497,5.71235668812499,0.0015908497763184593
153.92,-3.0283424879634997,5.719068501406484,0.0013591457353688274
153.94,-3.026643106612553,5.725058512770904,0.0008620206503623662
153.96,-3.0245568191361683,5.731716336518962,0.0014500343633867263
153.98,-3.022294611641167,5.738826354517356,0.001471634570730046
154.0,-3.020445160575258,5.74492407438708,0.0009998916599822105
154.02,-3.0185416481332807,5.751022980770282,0.0011256353144414588
154.04,-3.0161568923842292,5.758215845712375,0.001472574777954705
154.06,-3.0141131685248985,5.764689531906609,0.0013258502466607092
154.08,-3.0122099256274395,5.770645712150316,0.0010128451543755523
154.1,-3.009844268668086,5.77741006962807,0.0015569839717474998
154.12,-3.007515374413258,5.784136849847949,0.0014088556219929438
154.14,-3.0056491203199642,5.789723256016434,0.0008707659773103116
154.16,-3.0036462189346835,5.795489970867169,0.001101420569847189
154.18,-3.0015781772012633,5.801281239038307,0.0013305030681398933
154.2,-2.9995656081147937,5.806786406821202,0.001277432583176391
154.22,-2.997860989677472,5.811710455541635,0.0012212026717516589
154.24,-2.9958810503433155,5.817085919486002,0.001197487235459982
154.26,-2.9938419844344715,5.8221546245122635,0.0011470893997692078
154.28,-2.9918952483525127,5.827341072460283,0.0010587048238203112
154.3,-2.989941138627144,5.832623455943101,0.0013336193249218475
154.32,-2.9878681822530693,5.837731975902051,0.0013567368149225434
154.34,-2.985724552836258,5.842895863001637,0.0010419164336079312
154.36,-2.9834809291112494,5.84813530157559,0.0008618609380092734
154.38,-2.9813973283271866,5.853394973450948,0.001270271005272522
154.4,-2.979133786127397,5.858589903556811,0.0013801324776171742
154.42,-2.9771447655281205,5.863121681915987,0.001123021485595177
154.44,-2.9749495215712565,5.868224718745051,0.0009891292694983733
154.46,-2.9725260051457525,5.87342059579231,0.0012273481713287737
154.48,-2.970330531906833,5.87852119128408,0.001252397809126976
154.5,-2.967993981746824,5.883494290303553,0.0010446274583731097
154.52,-2.9656851717574977,5.888660507745391,0.0012356349490973417
154.54,-2.9632624156644436,5.893602870585104,0.0011655595211924052
154.56,-2.9608301245733193,5.898446781570963,0.0010366311495107194
154.58,-2.9584833405816338,5.90349603252389,0.00109916208828445
154.6,-2.9559949042204043,5.908480940670925,0.0013368597830658302
154.62,-2.9536225641232234,5.913075761521736,0.0012872235607034599
154.64,-2.951326452556884,5.9173913848145565,0.0009622333989484644
154.66,-2.949249333826342,5.921411755065292,0.000735809198073395
154.68,-2.947269774255419,5.925101911794165,0.0010737468217825452
154.7,-2.945528958257929,5.9283550432445615,0.0012452951724873373
154.72,-2.94400662719501,5.931124645841494,0.0013189404456830367
154.74,-2.9426791257897857,5.933442840928584,0.001176782784367142
154.76,-2.9413308171494044,5.93568815754822,0.0009870823626668135
154.78,-2.9401274078208393,5.937870251952401,0.0011480319854550725
154.8,-2.9390108143672222,5.939708527472446,0.0012733764958644256
154.82,-2.937907060572632,5.941436369647956,0.0013231442075100075
154.84,-2.9367839459858565,5.943133686967789,0.00129797041479085
154.86,-2.9356223326196695,5.944801301078778,0.00119252561394248
154.88,-2.934424768305335,5.94644981846127,0.0010060619116488978
154.9,-2.9332972611988546,5.94817881356772,0.0010252913956151355
154.92,-2.9321329182135036,5.949745376401905,0.0011654080181593696
154.94,-2.9309244915682933,5.95137252289836,0.001236100850793731
154.96,-2.9296839930991254,5.952986052063656,0.0012299767290955277
154.98,-2.9284114352897315,5.954557800217069,0.0011425281644709684
155.0,-2.9271009314134346,5.956120957732538,0.0009725097032858565
155.02,-2.925818329900615,5.957720303025623,0.0008747471958922837
155.04,-2.9245225140117173,5.95930843844327,0.0010148625356331542
155.06,-2.9232145862374157,5.960781895261004,0.0010989814968158929
155.08,-2.9218632488586223,5.962301186897845,0.001106631026263044
155.1,-2.9204792592278914,5.9637990859929095,0.0010363939345312823
155.12,-2.9190623410388614,5.965269562354274,0.0008843714266179581
155.14,-2.917616865576492,5.9667055706861865,0.0006487458123127232
155.16,-2.916257943226451,5.9682581072654415,0.0008024192361501536
155.18,-2.9148126192917894,5.9696500247518705,0.000914541448267997
155.2,-2.9132532389746,5.97121058282512,0.00096047948249528
155.22,-2.9116072785837095,5.973017756196057,0.0009849751318595223
155.24,-2.90968330797699,5.975021524805075,0.000924138544969616
155.26,-2.907545003005955,5.977236395294464,0.0008767097127248547
155.28,-2.905062351339496,5.979794535279211,0.001159116616391842
155.3,-2.9024664253267347,5.982355807288965,0.001331773062363678
155.32,-2.8993302638888383,5.985286078136097,0.0012922919934601484
155.34,-2.895846815521776,5.988460851380742,0.001046223169891336
155.36,-2.8922356693812,5.991873137337104,0.001235928221794913
155.38,-2.8884641974306478,5.995135784579566,0.001123857774436271
155.4,-2.884261693011213,5.998736813301976,0.0010197518584487697
155.42,-2.880216266430098,6.002433518011213,0.0012103683693157896
155.44,-2.8759630767069657,6.006057228449673,0.0014031861220417108
155.46,-2.8719282404352415,6.0094311889961025,0.001316184178930896
155.48,-2.8675838057256913,6.012966251751119,0.0008499860046931318
155.5,-2.8632430622864034,6.016582022264657,0.00112154479919932
155.52,-2.8588431107973893,6.020178069456665,0.0013668726141769505
155.54,-2.8544596573185785,6.023664765433999,0.001379144279709199
155.56,-2.850714728948523,6.026627900669861,0.0011367854660635779
155.58,-2.8463303248282212,6.030093342686915,0.001193399772696141
155.6,-2.8418719786391136,6.033427356272838,0.0012697203316585082
155.62,-2.83742321765191,6.03683226473054,0.0012023942320260328
155.64,-2.83308378526396,6.040211023512633,0.00136243318529225
155.66,-2.8285796725299486,6.043513341496695,0.0014155406774507273
155.68,-2.8240445893948505,6.046816077238167,0.0011732480699039316
155.7,-2.8193759680351684,6.050083702968659,0.0009188567740353037
155.72,-2.8148598499423843,6.05349164129261,0.0013590608783246305
155.74,-2.8101757378616328,6.056767938507883,0.0014803974073552273
155.76,-2.805994215707118,6.059686762054405,0.0012758714281291272
155.78,-2.801398309208806,6.0629039177991855,0.0010313927496259645
155.8,-2.796638909770859,6.066124962154746,0.0013586782214265458
155.82,-2.791857945946526,6.069342312364839,0.0014087695404371992
155.84,-2.787431083884279,6.072276677570333,0.0013402355890186346
155.86,-2.782982941171511,6.075209732375523,0.0012511218890317033
155.88,-2.7781490847990153,6.078283453593104,0.0012381019269312177
155.9,-2.773595361777371,6.081049095368023,0.0012131084328481367
155.92,-2.768951771687099,6.083967418821699,0.001071656392586634
155.94,-2.7641991696250416,6.087019465295694,0.0013914989825110358
155.96,-2.7594595721446087,6.089827550417373,0.0014050514401914849
155.98,-2.7545384014738397,6.092712956578455,0.0010178141836523213
156.0,-2.7496309282062645,6.0956128155326486,0.0009499466219372588
156.02,-2.7447003562595116,6.098523484283008,0.0013323911826613466
156.04,-2.7397276210433485,6.1013814836319655,0.0013567928451595213
156.06,-2.735051893085729,6.103977583945597,0.0012073453548050728
156.08,-2.7307852424754757,6.106428379905631,0.0010521916305079593
156.1,-2.7258753499957713,6.10900257506758,0.0011778662671457218
156.12,-2.7210675624199063,6.111661492926267,0.001198212248773478
156.14,-2.7161249003117196,6.114334725447734,0.0011134576633825555
156.16,-2.711127624375771,6.117038011695892,0.0012889087460089266
156.18,-2.7061536700403015,6.119548541427082,0.0011613842676519992
156.2,-2.701119114584077,6.12203230073758,0.0009094460586114572
156.22,-2.6960784522251524,6.1247126335871895,0.0011997590096396726
156.24,-2.6910847009448746,6.127160686069222,0.001389128497858022
156.26,-2.686259343530875,6.129422120106479,0.0012366695445065745
156.28,-2.6811911508777544,6.131832250222253,0.0006727188159724729
156.3,-2.6760471358683664,6.134344282127929,0.0010359083252957368
156.32,-2.6708508505202926,6.1367880809702084,0.0012082355427880664
156.34,-2.665911916215302,6.139034800803898,0.0012131013209956965
156.36,-2.661238754877191,6.1411385536120315,0.0010119089482874821
156.38,-2.6559427507445443,6.143536319663095,0.0009774710163646672
156.4,-2.6509241758009954,6.14566779061218,0.0009880317243601555
156.42,-2.6458275698706513,6.147887398414681,0.0008691615170912936
156.44,-2.6406989464727353,6.150190256329147,0.0011654290165576953
156.46,-2.6355854645964056,6.152281739853609,0.0011638107758809302
156.48,-2.6304663202472436,6.154346702761941,0.0008674886728829989
156.5,-2.6251614014865665,6.156414783641764,0.0005099116009527893
156.52,-2.6199568950937624,6.158646481258014,0.0010050938976352286
156.54,-2.614618836068621,6.160712056412479,0.0011428583028636197
156.56,-2.6098349696257745,6.162454484260236,0.0009209728937468187
156.58,-2.6047026295360314,6.164453549971907,0.0007585554778255232
156.6,-2.5993282886224867,6.16639261215811,0.0009253402963405877
156.62,-2.5941267228867897,6.168328378391531,0.00105493795762579
156.64,-2.5891178727473405,6.170104907621933,0.0008157151756329473
156.66,-2.5838484617232207,6.172088481682494,0.0009926232979886873
156.68,-2.578585066043558,6.173833379361705,0.0009335859865114426
156.7,-2.573346604456692,6.175537561796474,0.000762423383077554
156.72,-2.5680281149520594,6.177408385334333,0.0007829316192932423
156.74,-2.5628078520509554,6.179137690820445,0.0010695207576897625
156.76,-2.5575131442285897,6.1808258385118044,0.0010563358713964466
156.78,-2.552150640958281,6.182465838058497,0.0006590117334751844
156.8,-2.5467692722514936,6.184163587359777,0.0007070841856453847
156.82,-2.541293541969492,6.185845091538353,0.0010258510772296892
156.84,-2.535877547289143,6.187443310737701,0.0010602251455268108
156.86,-2.5311368548152373,6.188713588450884,0.0007298300706416461
156.88,-2.525694621828744,6.190394176904069,0.0008441863542354711
156.9,-2.5203866709149434,6.191754569124319,0.0009568597570961401
156.92,-2.515113425957239,6.193235551024615,0.0009398294556914599
156.94,-2.509853571531741,6.194724239634115,0.0009932730223966568
156.96,-2.5043531858668553,6.196174532847581,0.0010950910151908966
156.98,-2.4991522787168052,6.1974407981908675,0.0009426058142265326
157.0,-2.4936503152983205,6.198725570967979,0.0006867883480501658
157.02,-2.4881890139789746,6.200174716398004,0.001118451901010925
157.04,-2.482690391156137,6.201462758518544,0.0012171447607113861
157.06,-2.4778548188548477,6.202535030568499,0.0010993672874762273
157.08,-2.472462983145854,6.203730198528737,0.0007059843880672934
157.1,-2.466909417418554,6.205015006993046,0.0009881629671183723
157.12,-2.461306462037363,6.206208889607506,0.0011591946344332582
157.14,-2.45611859965092,6.207276901979648,0.001179727451636664
157.16,-2.450863114774027,6.2083844286316365,0.0011717056906991596
157.18,-2.4451471082463105,6.2095353046464865,0.001143157851659582
157.2,-2.43997785343915,6.210432841225617,0.0009889948391447745
157.22,-2.434517075728286,6.211483063981759,0.0009383999029762835
157.24,-2.4291146609345153,6.212587476472433,0.001315465090584944
157.26,-2.4238050511378986,6.213475952523629,0.001357770229157118
157.28,-2.418226348516418,6.214413927196086,0.001068559336890318
157.3,-2.412598969632692,6.215320119635198,0.0008173011270869446
157.32,-2.4070161594071235,6.216291941626913,0.0012626101092887143
157.34,-2.401431677490994,6.217169427172351,0.0013922477025916091
157.36,-2.3962118801657093,6.217868003634539,0.0013029504220981591
157.38,-2.391175268718199,6.2185794040167,0.0011286608120347486
157.4,-2.385617030585214,6.2192298036705616,0.0012128441695003767
157.42,-2.3800415266258104,6.219963404547591,0.0013532480044418094
157.44,-2.374531312813892,6.220602106357994,0.001149001893473195
157.46,-2.369003879388632,6.22139105855008,0.0013741877924532686
157.48,-2.3634980903793568,6.221952473289852,0.0013309329961564142
157.5,-2.35790844736647,6.2224460730100635,0.0011227470937477113
157.52,-2.3522537491739373,6.223108857794723,0.0012789907788721688
157.54,-2.346633769821393,6.223727893650168,0.0014785509796012009
157.56,-2.341338700314853,6.224034047961343,0.001647330586663831
157.58,-2.3360918265063257,6.224446330805361,0.001101291925165282
157.6,-2.3304251590158533,6.22497410220132,0.0011240017595741947
157.62,-2.324705736431574,6.22536882333049,0.001471753758725991
157.64,-2.3191572757729193,6.225752043553985,0.0015609082572090038
157.66,-2.3141220522080035,6.225912444276428,0.0011457082447153821
157.68,-2.3083999289214683,6.226375500923516,0.0012992179186415431
157.7,-2.3029348676841073,6.226461807382495,0.0013088882098934718
157.72,-2.297093288035689,6.22670655390494,0.0013784899958272367
157.74,-2.291344898777901,6.226986634228379,0.0014893743080279243
157.76,-2.28498034835945,6.227185827112212,0.0014997985053629426
157.78,-2.2788258504752728,6.22732207147756,0.0010913545747460451
157.8,-2.271612972072594,6.2273976866229805,0.001179716939425618
157.82,-2.2647846791170574,6.22768514085094,0.0017188881994932292
157.84,-2.258724523554938,6.227747484652509,0.0013005345494721543
157.86,-2.2517918115815148,6.22768637635223,0.001226741279386212
157.88,-2.244660710505219,6.2279147882596115,0.0016152979883213014
157.9,-2.2375867079609497,6.228077613447636,0.0015091162360257315
157.92,-2.2308841367246544,6.22816929595679,0.0013632957253459643
157.94,-2.2241335078781725,6.228291029953158,0.0012642090236283376
157.96,-2.2168802676551995,6.228581584584798,0.0017046839370390698
157.98,-2.210582981427042,6.228839002249314,0.0011001787201621593
158.0,-2.2035492210141294,6.228877098678743,0.0011238540580002232
158.02,-2.1964140819870623,6.2291741771645235,0.0015440828356262648
158.04,-2.189527669669756,6.229362629615818,0.0013503690176734917
158.06,-2.182852812004689,6.229484739875409,0.0011538384012282354
158.08,-2.1758510527419337,6.229784268887362,0.0014282267918960534
158.1,-2.1688075021455,6.230070541782297,0.0014133846498194658
158.12,-2.162294017551809,6.230297984528379,0.0008926812381102323
158.14,-2.1553704237467537,6.2305325113706775,0.0011275950250304867
158.16,-2.148121656871382,6.230862826688603,0.001384368619895715
158.18,-2.141543328007798,6.23101577917803,0.0010752473253508033
158.2,-2.1349633192108843,6.231159598061758,0.000977942452178887
158.22,-2.1278051524845343,6.231550509930832,0.0013708284077505184
158.24,-2.1210646290833863,6.231889603397228,0.0011379226845874557
158.26,-2.114390989113449,6.2320822019192255,0.0008561297763353681
158.28,-2.107371070263988,6.232483443219902,0.0012139805256451974
158.3,-2.100255126803378,6.232863391409809,0.0012037603881813463
158.32,-2.093782431253302,6.233167489050042,0.0007790116436849348
158.34,-2.0871315153672136,6.233455512895583,0.0008694259319685926
158.36,-2.0797804455886757,6.233932516257686,0.0013225210341200333
158.38,-2.073149094327682,6.234316688312241,0.0009801555541380513
158.4,-2.0666778967104786,6.234600652996273,0.0008231364146416842
158.42,-2.059871439442244,6.2351201336000495,0.0012058321420064522
158.44,-2.0532822080521265,6.235553893738875,0.0011244974838488242
158.46,-2.047604056325727,6.235923241304151,0.0005971578986354587
158.48,-2.0417873794443295,6.236303032547996,0.0008079107990642265
158.5,-2.0355808401613635,6.2367595686436,0.0010571133318524883
158.52,-2.030162650001045,6.237024582800582,0.001102928725228547
158.54,-2.0250497203330546,6.237186954324703,0.000681157775930058
158.56,-2.0194375191422367,6.2375146505797145,0.0006464463660418585
158.58,-2.013762726664012,6.237776432666403,0.0009947535450148814
158.6,-2.008086203393847,6.238010397611978,0.0010171897486462578
158.62,-2.00331164416725,6.237979434080001,0.0006666278528440761
158.64,-1.9973125222961157,6.238267569525731,0.0008204852069277624
158.66,-1.9909971520563714,6.2383011658792675,0.0011636124318576413
158.68,-1.9847100349549216,6.238312945350232,0.0010304453796895485
158.7,-1.9783215332913362,6.2384433303545945,0.0011644230283562318
158.72,-1.9715480031611314,6.238599387572251,0.000890626954025614
158.74,-1.9645970949816376,6.238592834818684,0.0014078106460096163
158.76,-1.9581970979053904,6.238673509962796,0.001022943957526501
158.78,-1.9516290859201886,6.238884268127818,0.0010463957167231863
158.8,-1.9446070114960687,6.2388996563880665,0.0012054197758495089
158.82,-1.9378161510944725,6.238928847606387,0.0010852327839011855
158.84,-1.9313450388521074,6.239089541330809,0.0011651056237297897
158.86,-1.9242887677401002,6.239079606141203,0.0009928589342093896
158.88,-1.9173787280541623,6.239043853291168,0.0011279732325595038
158.9,-1.9103326209030458,6.239220345816394,0.0012659537515160024
158.92,-1.9031033139431541,6.2393452470161,0.0009947747964228204
158.94,-1.8962101208099629,6.239285293298403,0.0014585676262313385
158.96,-1.889685785806621,6.239380745821748,0.001148803265168169
158.98,-1.883082874985283,6.239566174656657,0.0013500271439199074
159.0,-1.8760635034987228,6.239529877665205,0.0013766912271289122
159.02,-1.8691610491506931,6.239521598469016,0.0016813271693914833
159.04,-1.8623845866965545,6.239650345025643,0.001266529418602752
159.06,-1.855094644624366,6.239796850166721,0.001028171935194666
159.08,-1.8480636129624206,6.239760080276507,0.001403490244329758
159.1,-1.841470351950523,6.239939115882814,0.0013797166203602385
159.12,-1.8342874044207838,6.240078366572587,0.0013343518191509807
159.14,-1.8274787812481263,6.2400601705473315,0.001731708026805251
159.16,-1.8205975818865334,6.2401295522620694,0.0015181676478319694
159.18,-1.814054149946925,6.240383240818999,0.0017056598042918536
159.2,-1.8074761039351532,6.240458739119925,0.0013574688295630855
159.22,-1.8008288613810857,6.240428658359129,0.0014149177342818176
159.24,-1.7937114142390445,6.240650814445473,0.0016620996971692392
159.26,-1.7870048549626885,6.240815533908146,0.0016430997639606537
159.28,-1.780008046787548,6.240872289389951,0.0015173630351430212
159.3,-1.7727542702525565,6.24105548861387,0.001414645546172405
159.32,-1.7658232389551751,6.241196438682111,0.0015991706038860354
159.34,-1.759592823731742,6.241151490989656,0.0014094856143922474
159.36,-1.7526521910081876,6.241309476172132,0.00125280341670575
159.38,-1.7456007706512586,6.2415537937858945,0.0014270105322704285
159.4,-1.738726476788071,6.241606352397491,0.0013336909403531272
159.42,-1.7317356461006026,6.241670420902242,0.0012984825650234066
159.44,-1.724639846192368,6.2419264746775545,0.0015561037345491746
159.46,-1.7180670057025087,6.242041529564835,0.001256852215304527
159.48,-1.7111228659689315,6.242030289767407,0.0014848547702096537
159.5,-1.704155315593413,6.242242448063486,0.0014803130357509964
159.52,-1.6971004422208005,6.242451539867268,0.0016476287564161918
159.54,-1.6909561160236393,6.242410291022213,0.0014010537147475521
159.56,-1.6842011881496468,6.242527911704458,0.0012355661382463523
159.58,-1.6769940321518,6.242829559220035,0.0017498815030430048
159.6,-1.6706301157867054,6.243097771282164,0.0014943100514432373
159.62,-1.6636946301874855,6.243187097217767,0.0014856799653004127
159.64,-1.656495840288573,6.243445337227996,0.001404704270722923
159.66,-1.6496731659651767,6.243617163300997,0.0015000491667692128
159.68,-1.6427544083094936,6.243667055678552,0.0013836470054311711
159.7,-1.6354542097131919,6.243818507207855,0.001119494909558011
159.72,-1.6285907606594328,6.244045494825935,0.0015015492475847214
159.74,-1.6220701084985347,6.24409405449886,0.001170559815961425
159.76,-1.61486018559891,6.244185466044435,0.0011407441165505183
159.78,-1.6079065806517308,6.244404503640581,0.001584304182481594
159.8,-1.6011328821220376,6.244541153206119,0.0013042327899824568
159.82,-1.594699118957623,6.244493170876791,0.0013943383067386572
159.84,-1.5879452614797724,6.244690623147241,0.0012401088789107395
159.86,-1.5808797716359746,6.244911908409631,0.0014499107470909156
159.88,-1.5747557757145774,6.244907770278244,0.0010614081107017115
159.9,-1.5678697953286795,6.245084935145111,0.0009094932487145879
159.92,-1.5608500650172041,6.245333023987159,0.0012275727952107962
159.94,-1.554167605078452,6.245453758087679,0.001044046497632456
159.96,-1.5469896826423515,6.245589615179519,0.0010733293867422056
159.98,-1.5400145079298055,6.24582953929194,0.0014589747233664796
160.0,-1.5330694372945899,6.246037790394476,0.0012748703519045723
160.02,-1.5268663626828307,6.245981484009226,0.0012000850500639426
160.04,-1.520044825182926,6.246159211413779,0.0009409608187789242
160.06,-1.5129545509759676,6.246402622672934,0.001292622746448091
160.08,-1.5060477621738784,6.246537045280281,0.000962492059653347
160.1,-1.4988389170168754,6.246625182619902,0.0009058805083825561
160.12,-1.4917474153333319,6.246913342252154,0.001242262863018484
160.14,-1.4852091862305743,6.247034732776167,0.000856097706340847
160.16,-1.4785242049122176,6.2470856917649975,0.0011215656586046618
160.18,-1.4719094696716426,6.2473633237258825,0.001202259486455498
160.2,-1.464971502749916,6.2475818870180495,0.001162499831935171
160.22,-1.4586106620701957,6.247611568132928,0.0010523557061245248
160.24,-1.4518665722980835,6.247832440679063,0.0010007466139991816
160.26,-1.4447536621008361,6.2481007487232425,0.0013510317027667362
160.28,-1.4386645655525219,6.248195085263169,0.0009047013675433646
160.3,-1.4320703825609378,6.2483233437082815,0.000811430911426575
160.32,-1.4248073661716398,6.24867691483008,0.00125001897667118
160.34,-1.4182963836436566,6.248990863465121,0.0008869892143921476
160.36,-1.4118196591518546,6.249134457422673,0.000978402957956953
160.38,-1.4046771727755345,6.249540323250329,0.001074041257200259
160.4,-1.3979663120562762,6.2498801391390835,0.0009748662058799429
160.42,-1.3909514962422755,6.25010727649617,0.0011528696916461023
160.44,-1.3838489224564012,6.2504709359562485,0.0009695029534343147
160.46,-1.3769971355511934,6.25077877658378,0.0012626827351945868
160.48,-1.3703377444293492,6.250975489281249,0.001060120441570278
160.5,-1.3631972859334618,6.251230133352164,0.0010501549595353377
160.52,-1.356112844417696,6.25164553079086,0.0014377100679940635
160.54,-1.3495043673268752,6.251908111730979,0.001320752910632439
160.56,-1.3424892556055172,6.2520999313440715,0.0012599761565579015
160.58,-1.3353382134427325,6.252425956370037,0.0013265386638677268
160.6,-1.3284202672326708,6.252742280729831,0.001541046717090433
160.62,-1.3218608511488992,6.252858518683603,0.0013927410198323054
160.64,-1.3150497471092437,6.253079361125037,0.0013678225806688094
160.66,-1.3085349564330795,6.253422697948889,0.0013901980146178161
160.68,-1.3016853396805517,6.253618311680091,0.001269603027234445
160.7,-1.2947034971972458,6.253835778732848,0.0013953497052413
160.72,-1.2882071036516038,6.254127144119483,0.0014923682767331303
160.74,-1.2813150320274,6.254428507146703,0.0011714319890039626
160.76,-1.2743843018917937,6.254564901746202,0.0017405878608516279
160.78,-1.2677839208725203,6.2547402616054155,0.0014644145127435115
160.8,-1.261018771660285,6.255059473780568,0.001511626459673343
160.82,-1.2541964068841587,6.255207641634864,0.001529174936901495
160.84,-1.2471524461863663,6.255404234764741,0.0014442216602339464
160.86,-1.2404204985662848,6.255701733389627,0.001745508092564213
160.88,-1.233843497867477,6.255899935018517,0.0013379945790520653
160.9,-1.2271949133165923,6.2559828173570375,0.0014646962234210192
160.92,-1.2203119725649287,6.256302398546992,0.0017259725155683303
160.94,-1.213310371384422,6.2565810631038605,0.001726193824406197
160.96,-1.2071862265549445,6.256605713469364,0.0014701843027686567
160.98,-1.2003858798504243,6.2569073294893345,0.0013694773473932331
161.0,-1.1931361854973048,6.257250222831225,0.0017047010048441003
161.02,-1.187003318465825,6.257489735787248,0.001386964318823708
161.04,-1.1803404261061576,6.257753178301397,0.0012472167452858007
161.06,-1.1730419561879488,6.2582117815429275,0.0015739012512657469
161.08,-1.166371963741567,6.258551177676296,0.0011918597045466883
161.1,-1.159335569943345,6.258761530177897,0.0013945823220916365
161.12,-1.1525559045428468,6.259202544869188,0.001609080938834273
161.14,-1.1460748647042929,6.259542542954274,0.001573422873419883
161.16,-1.1402548430726323,6.259693710904372,0.001419829728009192
161.18,-1.1344909683702626,6.259937165718225,0.0012039605641734341
161.2,-1.1283621287955607,6.260355453900346,0.001715861471088126
161.22,-1.1229035187413308,6.2605029335397155,0.0015144667324379912
161.24,-1.1175154108870802,6.26062322007768,0.0010310351564042364
161.26,-1.1119399856709535,6.260823617612676,0.001021509109936286
161.28,-1.1062339397279946,6.261042220051804,0.0013806175462718617
161.3,-1.100922978161519,6.2611167343195815,0.0014229877587912387
161.32,-1.095146752971425,6.261185167029455,0.001072189988946426
161.34,-1.089053006764429,6.261363742635313,0.0009640302661116373
161.36,-1.082369918421113,6.261377075360144,0.0014147354011240787
161.38,-1.0760604652426886,6.261466210934185,0.001336374917661809
161.4,-1.0698541011187128,6.261506401543834,0.0010744372848865424
161.42,-1.0631048395293874,6.261480648762338,0.001195653960411075
161.44,-1.055950274765347,6.2613418297502745,0.0016079493602131345
161.46,-1.0497416047724026,6.261121420885027,0.000896883487260941
161.48,-1.0427534153683973,6.261192615781398,0.0010790177588380634
161.5,-1.035624000874457,6.261071472793455,0.0014491367544089417
161.52,-1.0287726698691104,6.2609775410705355,0.001172244091214386
161.54,-1.0222563373797273,6.261023080911364,0.0011489777019497716
161.56,-1.015349599869589,6.260866046866219,0.0012676605151145937
161.58,-1.0084325637767595,6.260661678674201,0.001590352053847277
161.6,-1.0020824049603942,6.260512101193566,0.000874396944798933
161.62,-0.9949847709034364,6.260546366996864,0.0008832541524357862
161.64,-0.9878793540798854,6.260318661723923,0.0012460699238362183
161.66,-0.9809413219935872,6.260295169799863,0.0009778692584863358
161.68,-0.9743578556588031,6.260339518531539,0.0010106999714579734
161.7,-0.9674900169469292,6.260169418303728,0.0012512415275887923
161.72,-0.9608748826311414,6.260097395338905,0.0010444638260019568
161.74,-0.9541386853201431,6.260100197248573,0.0008972915208091126
161.76,-0.9470651375013205,6.259953638768796,0.0010750461365685582
161.78,-0.9402857825876566,6.25985986993086,0.001262619999503084
161.8,-0.9335548018011063,6.259827359726592,0.0007615568110071191
161.82,-0.9263207274976862,6.259821654469888,0.0008276289939566916
161.84,-0.919261234751715,6.25962868598697,0.001194210549559177
161.86,-0.9125207418209704,6.259590207510431,0.0009476791187661426
161.88,-0.905791146416613,6.2596084955379405,0.0010370808733073389
161.9,-0.8987699967747409,6.259407836190433,0.001217623556720393
161.92,-0.892061927079195,6.259208685263782,0.0012966733647784556
161.94,-0.8852759483348438,6.259199777018911,0.0008508967106550247
161.96,-0.8780325879702344,6.259105265800372,0.000964348251252134
161.98,-0.8709935767705372,6.258899816836142,0.0012636918942060538
162.0,-0.8642141800931642,6.258896974642586,0.0009222478699144332
162.02,-0.857401481930091,6.258973103621271,0.0011574988406908016
162.04,-0.8507461391463694,6.258734008305496,0.0012735740799039719
162.06,-0.8438968352759877,6.25862517409463,0.001000170655349436
162.08,-0.8372224945951006,6.258656472595009,0.0009396710356368854
162.1,-0.8301365916837303,6.258443088508152,0.0013363124942212534
162.12,-0.823372419401226,6.258282927463674,0.0014716715375157619
162.14,-0.8170842826755059,6.258211727198513,0.0009725272604301782
162.16,-0.8099206837914775,6.258146712592653,0.0009558546973749693
162.18,-0.8028281658457389,6.2579210023544345,0.0014237988675462054
162.2,-0.7965915473263214,6.257863677378339,0.0009062084321366515
162.22,-0.7896200735489772,6.257869663300038,0.0010559197916251706
162.24,-0.7824719241269631,6.25762896463819,0.001548594629687955
162.26,-0.7759576080027447,6.257487834257746,0.0014483469527835635
162.28,-0.7692170922474678,6.25747545626001,0.0011877899578172368
162.3,-0.7619705297163855,6.257335937007976,0.0013043953115496332
162.32,-0.754937521668475,6.257186561511576,0.0013748828974326777
162.34,-0.7482282301682731,6.257172824724678,0.0013346912198515248
162.36,-0.7414213564946003,6.257127989259679,0.001386232949642352
162.38,-0.7344961181293214,6.256922558516414,0.0017679778156075576
162.4,-0.7278838561956059,6.256823040348173,0.0014969869235287037
162.42,-0.7212344396716119,6.256813744037911,0.0012917144768224975
162.44,-0.7140862191456743,6.256572317368447,0.00152302816365546
162.46,-0.7069477222546354,6.256455047007746,0.0013772463764674392
162.48,-0.7005654895036875,6.256500151049626,0.0014111455657842553
162.5,-0.6936799372467969,6.256349261974434,0.0014054672179155958
162.52,-0.6865605452234372,6.256195882593963,0.0018674611463355695
162.54,-0.6796761166959145,6.256064715467038,0.0013680961667955072
162.56,-0.6725521550353052,6.256018660617381,0.0013120372800442814
162.58,-0.6654273605051195,6.255788433873346,0.0015794560601221919
162.6,-0.6583032573669072,6.255712422456866,0.0013093774907162459
162.62,-0.6516594597348897,6.255723399562762,0.0011963176029914646
162.64,-0.644682739931803,6.255495136551787,0.0015704506352070824
162.66,-0.6376791799258493,6.255394792686462,0.0015011750298238868
162.68,-0.6309006674308615,6.255340442552121,0.0013005998195023682
162.7,-0.6239153635545925,6.255138453852661,0.0014151126765050148
162.72,-0.6167150511277063,6.254944668401176,0.0016064682782751805
162.74,-0.6102397548468291,6.254793047385852,0.0012119252107137546
162.76,-0.6035873104687617,6.254739154898935,0.001145801556275472
162.78,-0.596296185168,6.254397760146869,0.0018316737844315534
162.8,-0.589619998855505,6.2540928554525745,0.0016459146297732319
162.82,-0.5833494655467212,6.2539433783208835,0.0013740558138482517
162.84,-0.5763361005416264,6.253646009595489,0.0015106735543496674
162.86,-0.5690842829269158,6.253344648490411,0.0015855105811554138
162.88,-0.5630294501140701,6.253204764695573,0.0012744498870232435
162.9,-0.5564594940092736,6.253011460201612,0.0011526996593498873
162.92,-0.549108628636601,6.252622659607086,0.001701538799598501
162.94,-0.542578653221882,6.2522505139830225,0.001345168432000693
162.96,-0.5364566010834976,6.252048279019551,0.0011917250760117015
162.98,-0.5293434709482843,6.251640401005565,0.0015648740874315281
163.0,-0.5220189088844943,6.251211966355052,0.0013154408091042291
163.02,-0.5154316235690303,6.250923582559674,0.001386448034096377
163.04,-0.509166459247626,6.250527150893447,0.0012009772636735194
163.06,-0.5022602685902782,6.250032127045417,0.0013587647849233886
163.08,-0.4956471982731988,6.2497784780388335,0.0010786833014249375
163.1,-0.48888228275492746,6.249452371305883,0.0010090794754747945
163.12,-0.4816578973748892,6.248881985677004,0.0015549258548922529
163.14,-0.47519774925609004,6.248533186237309,0.0012921514802096967
163.16,-0.46837826439946234,6.248224948232258,0.001077221255985139
163.18,-0.4612608185571337,6.247718108098017,0.0012821325357696978
163.2,-0.45417736357604666,6.2472513348783,0.0010378721322732154
163.22,-0.4475913432704579,6.247083541821456,0.0010143229511656582
163.24,-0.44075953104442506,6.2466241735521155,0.001058198582823494
163.26,-0.4336615672802961,6.246128764702085,0.0015449882303329165
163.28,-0.4268262252836958,6.245683457557944,0.0010721475316586848
163.3,-0.4197428543382298,6.245347647397062,0.0009469451621817171
163.32,-0.412649441909778,6.244813414149772,0.0012596548049612077
163.34,-0.40560063608374386,6.244396311958882,0.0008712519113320827
163.36,-0.3987671469940104,6.244204044670011,0.0007972503690288901
163.38,-0.391923240945676,6.24374882002223,0.0011821121680120616
163.4,-0.3849898844868713,6.243317428533093,0.0010466511105962084
163.42,-0.3783872180172627,6.243013319153948,0.000871756367826354
163.44,-0.3715893908789335,6.242511281525855,0.0009826446833214597
163.46,-0.36439723964857645,6.24196942446654,0.0014053788323490912
163.48,-0.3580914610164121,6.2415314951208485,0.0008202372870375618
163.5,-0.35116908350686343,6.2411621514585915,0.0009276341320554049
163.52,-0.3440805735914242,6.240596113245325,0.001206636441900888
163.54,-0.337074246827556,6.240093830991333,0.0010084636748826648
163.56,-0.3304466173651668,6.239710942695113,0.0011663270453019237
163.58,-0.32367203138430223,6.23916089462219,0.0010832230441361057
163.6,-0.3167435894180045,6.238595229013219,0.0014953918914619724
163.62,-0.3100262968756339,6.238072751074851,0.0009609982520531468
163.64,-0.30297689225059005,6.237631126877902,0.0008471887937029909
163.66,-0.2959033735974306,6.236936939805606,0.0011735316451891575
163.68,-0.28881981855381,6.236417185729653,0.0008197541139171594
163.7,-0.2819545736585582,6.23597432724974,0.0010344346227355583
163.72,-0.27502066902803474,6.235316435897537,0.001272602182985444
163.74,-0.26807923883589274,6.234774475792817,0.0010801627312611584
163.76,-0.26127637842869456,6.234339520616495,0.0009803516782508348
163.78,-0.2543155844171311,6.233714300289387,0.0013417492183310231
163.8,-0.2472555821844786,6.2330768366534315,0.0015679833590796222
163.82,-0.2412112479011817,6.232694560897974,0.0008531631008506235
163.84,-0.23435688354172596,6.232235538911566,0.0011423192191741816
163.86,-0.22722681572647208,6.231496791526349,0.0014963693433294734
163.88,-0.22053973467569887,6.230968167142072,0.0011875263421508575
163.9,-0.2142044856144016,6.230561044066876,0.0011728545531179413
163.92,-0.2072457595858128,6.229816807136946,0.0015314815216050104
163.94,-0.20026026313909348,6.229173872815642,0.0016701070785982153
163.96,-0.19422213478790468,6.228693690531837,0.001189520178613318
163.98,-0.187401053989734,6.228034948390831,0.0012372506455338994
164.0,-0.1801599011987587,6.227183411648097,0.0015807772284380794
164.02,-0.1741325068690725,6.226727129852089,0.0010052804251654834
164.04,-0.16773041893127572,6.226208125440226,0.0010319324767519844
164.06,-0.16033031474477938,6.225325200544444,0.001583405488522427
164.08,-0.1537513864985175,6.224696317442202,0.0012976168547899347
164.1,-0.147171559252671,6.22404167355844,0.0012260604958478916
164.12,-0.1401478250865109,6.223146140548939,0.0016212318519264746
164.14,-0.13334011597616166,6.222391960565911,0.0016550666997091623
164.16,-0.12685307411750696,6.221712830917021,0.0012994694253261052
164.18,-0.11994902798056331,6.220921283496001,0.0012032643181488778
164.2,-0.11277396855867872,6.219896124410801,0.0017236431425881327
164.22,-0.10636053859093575,6.219211692278344,0.0012025552003775974
164.24,-0.09987340748060711,6.218550439479135,0.0013199673966242942
164.26,-0.09274522561345303,6.217568746719282,0.0017023920322878083
164.28,-0.08616344709821654,6.216790813109822,0.0015456987922515264
164.3,-0.0794618620877213,6.216016364339574,0.0014020479211407921
164.32,-0.07248362200465983,6.215055407722541,0.0014800816487705315
164.34,-0.06538597846427374,6.21407777725621,0.0015565191083097285
164.36,-0.059005467799295275,6.213371428730873,0.0013480630562909823
164.38,-0.052478035244729174,6.212548180417156,0.0011931769748962096
164.4,-0.045387287965945336,6.211435107112614,0.0018580858995665972
164.42,-0.038667271281785855,6.210503179405601,0.00160618312436972
164.44,-0.031701668566944424,6.209619824286233,0.0012975460117132243
164.46,-0.024624880472076463,6.208531221450787,0.0015159205468009695
164.48,-0.01758215332668432,6.207553020500942,0.0013319814852050527
164.5,-0.010895564136276667,6.206683056971143,0.001267252192489604
164.52,-0.004304948731341206,6.20576254397824,0.001346808244680947
164.54,0.002884979894075733,6.204660360911374,0.001458877155252336
164.56,0.009437024598255773,6.203803258489629,0.0011364957970721734
164.58,0.01598326363244411,6.202910938515792,0.0009995384344482217
164.6,0.022976525873476372,6.201766579809489,0.0016394204249728928
164.62,0.02948514867608158,6.200846181994656,0.001234174468763699
164.64,0.03583457721473598,6.200039322020499,0.0011580075149442148
164.66,0.0427602688043383,6.198843010905365,0.001429625508215182
164.68,0.04983693877098995,6.197719679069391,0.0014119792606642478
164.7,0.05597638247155845,6.196941081812406,0.001097417496749492
164.72,0.06247876691285368,6.19583815666369,0.0011540921508663704
164.74,0.06963588087966238,6.194629379977532,0.0016495125099684482
164.76,0.07586984135923691,6.1936512136083035,0.0010724864638373133
164.78,0.0825375697617011,6.192579087983766,0.0009963713076303893
164.8,0.08958589635692579,6.191259139421482,0.0014014928080053057
164.82,0.09647897489922638,6.190045222491532,0.001112682276753818
164.84,0.10280178372471024,6.189114352583788,0.0011076998105504499
164.86,0.10951608404765528,6.1878360223719815,0.001215832958315316
164.88,0.11632200893485731,6.186634390513794,0.0015100654107035316
164.9,0.12300664734717195,6.185384923512539,0.0008717082303308088
164.92,0.13008181799525914,6.184202664047563,0.0008855731883136986
164.94,0.13703648338365515,6.1827886929917995,0.0012301672107764838
164.96,0.14401051661764697,6.181563075698665,0.0007555406054660097
164.98,0.15062459198851658,6.180621392814933,0.0007585819154312112
165.0,0.15756592120163793,6.179286815755536,0.001105100088696881
165.02,0.16426656122047673,6.178102045721211,0.000924090385608145
165.04,0.17108937312334868,6.176923611646053,0.0009059890988040997
165.06,0.17797917632219568,6.175527624280242,0.0010914612480021069
165.08,0.18504434058882555,6.174152323542617,0.0011617331635489503
165.1,0.19104943941849944,6.173243823896011,0.0008063818764219022
165.12,0.19748314267276845,6.172054209786579,0.0007906630519990132
165.14,0.20470215726129,6.170524938728092,0.0013457198008763882
165.16,0.2109290241383192,6.169378836066403,0.0010043813476865726
165.18,0.21751420162470314,6.168139673191853,0.0009956418530083222
165.2,0.22441100945654943,6.166681740202144,0.001175965698260395
165.22,0.23148978985931012,6.165241758323706,0.0010067091477193868
165.24,0.2377219656598703,6.164328909818922,0.0011116912758449005
165.26,0.24415838679662288,6.1630406666814945,0.0009889736556219497
165.28,0.2512101974264616,6.161515214677908,0.0015138084035821175
165.3,0.25737965317417877,6.160328434076817,0.0010051775640135263
165.32,0.2639575198849189,6.159072500753533,0.0009788768464924769
165.34,0.27093568108039373,6.157469671746517,0.001363488260325757
165.36,0.2776268447190152,6.156064922009486,0.001053790624123918
165.38,0.2840524101871962,6.154808889578752,0.0010925689024781082
165.4,0.29070980991193796,6.153319252517256,0.001414405285093484
165.42,0.2975031686255362,6.151821043761345,0.0015380416413597608
165.44,0.30379260100852257,6.150501487966868,0.0010408709784386905
165.46,0.3106904177038641,6.149022341962358,0.001056006090779743
165.48,0.31765763692980015,6.147323538585443,0.0014528702112672487
165.5,0.3244204045111241,6.145821938200318,0.0011255368645436692
165.52,0.3309796289552843,6.144462580116639,0.0015036394977016587
165.54,0.3373761376823129,6.142997266434178,0.001542287818576571
165.56,0.34422531405730794,6.141402720754981,0.001567881234166596
165.58,0.3504623378437271,6.1401530816697045,0.0012374968551445709
165.6,0.35731029811250375,6.138525189862596,0.0013802433055907226
165.62,0.3642117058115365,6.136892179908198,0.0015992054818887713
165.64,0.37021953579670686,6.135653638944151,0.0011997251107024876
165.66,0.3769001407456501,6.13416192592691,0.0012151543480196925
165.68,0.383919824602514,6.132363402553344,0.0016588926604437504
165.7,0.3901003844053322,6.131010165509374,0.0012577578269912237
165.72,0.3965478552068051,6.129618031482243,0.0014272393128614558
165.74,0.40339602239959527,6.12788350432017,0.0016201183766172411
165.76,0.41016707010718956,6.126259168877392,0.001624853427273587
165.78,0.4162567532426523,6.12495578462025,0.001442635448341445
165.8,0.4229363025347452,6.123330856228249,0.0013753923680536184
165.82,0.4298627205769814,6.121507136446708,0.001800769023642873
165.84,0.4359666338752881,6.119983775027026,0.0012293768795621218
165.86,0.442722374875913,6.118401216039458,0.0013297276970336558
165.88,0.4496554139920568,6.116534425796107,0.0017282562962859238
165.9,0.45627177750670955,6.11489057674865,0.0014041458969443754
165.92,0.4626715285371847,6.113444167535445,0.0015587950902334335
165.94,0.4691577338099922,6.1117729547005055,0.001663668271561003
165.96,0.47597182466281884,6.110012917780827,0.0018876254305927043
165.98,0.48210736340184757,6.1085296650354,0.0012570402992634344
166.0,0.4888989210189313,6.106846974479355,0.0012811904569035026
166.02,0.49585930759503016,6.104978298848656,0.001579610368691281
166.04,0.502489045784345,6.103439610412014,0.0012452490516104142
166.06,0.5089590091885966,6.101921501284823,0.00144384650169338
166.08,0.5155287975335129,6.100169689592483,0.0017166464360065803
166.1,0.5221284211963051,6.098433955816402,0.0015696975198840613
166.12,0.5283628726679261,6.0969579958505085,0.001359041993214738
166.14,0.5351561615616467,6.095102610604287,0.0014138982969699732
166.16,0.5419466681221937,6.093263546158961,0.0015286295532187522
166.18,0.5480674835582549,6.09178050506543,0.0012041902748234357
166.2,0.5547426019792161,6.090049443051616,0.001014793808696679
166.22,0.561706895881773,6.08801687441127,0.0016486689333788662
166.24,0.5676873014924935,6.086487563066897,0.0012672801593727467
166.26,0.5742409578923264,6.0848139020197705,0.0012435792958611636
166.28,0.5810949438207998,6.082889631057502,0.0014136675663635467
166.3,0.5878056091569057,6.08106206226256,0.0012378775797185215
166.32,0.5941408556957805,6.079503292810478,0.001227588719767525
166.34,0.6004205191974755,6.077793702596891,0.0012497275798036
166.36,0.6072893338950689,6.07585313482223,0.001433862636215394
166.38,0.6133006381887423,6.074343475765914,0.001003503783255727
166.4,0.6199615177542439,6.07256190304721,0.0010667058134391227
166.42,0.6268363038124903,6.070548114957476,0.0013962216105941894
166.44,0.6330730300328528,6.068855198803235,0.0010808872910641476
166.46,0.638957281574543,6.067391975338327,0.000914805794594048
166.48,0.6457825896433897,6.06538846766876,0.0013104865911900687
166.5,0.6526463980754506,6.063404292582013,0.001213941936632712
166.52,0.6586480370852585,6.061874591859143,0.0010433131077757507
166.54,0.6649226847580864,6.059985956536455,0.0010580929591449129
166.56,0.671838686707283,6.057910041811958,0.0015790456674749376
166.58,0.6780917235818643,6.055944920389726,0.001103660166698578
166.6,0.6846779964039246,6.053960155550465,0.000907414689378494
166.62,0.6914639482331385,6.051772532271166,0.0011882255663275276
166.64,0.6982734755527327,6.0497285531787,0.000794465895275237
166.66,0.7049060357391037,6.0478317389745255,0.0009425230725339795
166.68,0.7112305756600874,6.045891885378243,0.0010991745415049603
166.7,0.7178780454385184,6.043851262159346,0.000979217067196031
166.72,0.7241750745994826,6.042096490180747,0.0008095449711190972
166.74,0.7307722752032642,6.039946466269761,0.0009460420644315237
166.76,0.7377223550872289,6.037721128313944,0.0010572053962535077
166.78,0.7439387611835041,6.035791275636762,0.0007135682710897873
166.8,0.7502318451438762,6.033869902641894,0.0007320458901959037
166.82,0.7573073179848759,6.031492970110107,0.00111774104018586
166.84,0.7635345164050236,6.029533995988313,0.0008805420987679224
166.86,0.7700525457795795,6.027452708702537,0.0009327675354432186
166.88,0.7767090042501202,6.025166799102404,0.0012211568620225932
166.9,0.7833651263857085,6.022940014758506,0.0013073194039754932
166.92,0.7891747539183196,6.0211941302108825,0.0009176232295377562
166.94,0.7955456855423447,6.019040385212504,0.0009780801803032368
166.96,0.8024666629905735,6.01657936815782,0.001424516905164791
166.98,0.8082662047827885,6.014709901698783,0.0009753580054467359
167.0,0.8146488057682912,6.012652087457908,0.0010908849232780238
167.02,0.8213542640676238,6.010215306451166,0.0013951308530991136
167.04,0.8277187388465883,6.008033877823254,0.0013385984522596428
167.06,0.8336785857739571,6.006128595081847,0.0011964310767374475
167.08,0.8401516502689381,6.0038272557037144,0.001224162777229254
167.1,0.8470253678813081,6.001305447569171,0.0014599227107079948
167.12,0.8527231014966761,5.999448643158772,0.00106404721048739
167.14,0.8587943329095797,5.997359511491023,0.0009914299795245884
167.16,0.8656691688208609,5.994720345020825,0.001677467430425711
167.18,0.8717738062410029,5.9925691760330455,0.0013568434148760466
167.2,0.8779327919133649,5.990397160288815,0.0013005434678763916
167.22,0.8844780069563591,5.98788702191753,0.001485735280484679
167.24,0.8912212201256091,5.9853308036961606,0.0013964082015328338
167.26,0.8973056423825836,5.9832007950080515,0.0013513077126824091
167.28,0.9033737824474104,5.980900231840467,0.0014014134296337633
167.3,0.9100713715949469,5.9782558613900365,0.0018444921923017055
167.32,0.9159188117546695,5.976084123245792,0.0012528207697981297
167.34,0.9224032101029395,5.973699400699903,0.0014323799237196677
167.36,0.9290331118904915,5.971012202483442,0.0016345316878787763
167.38,0.9351871567668026,5.968659883536863,0.0014397022794008507
167.4,0.9413322297642132,5.966459246116403,0.001497351327253954
167.42,0.9479100023761065,5.963860477598859,0.001537089696421079
167.44,0.9542444487609685,5.9613677277633785,0.0017475523680695326
167.46,0.9604836051126996,5.95900024461181,0.0012844352417360483
167.48,0.9673343456983772,5.956433208212809,0.0012355870868302754
167.5,0.9738775845633864,5.953776546156683,0.0016153755993316699
167.52,0.9802623089214865,5.951338171692632,0.0013593265102267715
167.54,0.9866103562135679,5.949009388959478,0.001623851564784895
167.56,0.9928427403924516,5.94654055165794,0.001793898871839117
167.58,0.9994266706525645,5.943928818631192,0.0018215337876306692
167.6,1.005068753792335,5.941908196658871,0.001270510037213124
167.62,1.0114577353909688,5.939330063581225,0.001531540789546454
167.64,1.018364273921679,5.936540173398427,0.0015266591000253904
167.66,1.0244018313837622,5.934244861922727,0.0013804751448946162
167.68,1.0304852422658168,5.931878088758373,0.0012114300413290091
167.7,1.0370309510735987,5.9291264230280225,0.001867505202062053
167.72,1.042997625518074,5.926741466814749,0.0015542067459533848
167.74,1.049071350558189,5.924327350849902,0.0013304936240963738
167.76,1.0555618882429125,5.921540204932062,0.0015223637769065101
167.78,1.062257648971676,5.918727514829366,0.0013075085074419346
167.8,1.06829409215614,5.916392969883279,0.0014361592493431219
167.82,1.0743334369738438,5.9139090444911675,0.0012303838998169447
167.84,1.0808822342654276,5.911074082370233,0.0015818438781286248
167.86,1.086683186907863,5.90857181585048,0.0009645901310574856
167.88,1.093187053526388,5.905946718156585,0.0011633766753640085
167.9,1.0997343176707228,5.9030795381004735,0.0015212972548649117
167.92,1.1060425362872233,5.900405539936849,0.0011883756777947008
167.94,1.1119688766548992,5.898066508988029,0.0013419397064727556
167.96,1.118278472365679,5.895338261396432,0.0013361155476261655
167.98,1.1248136396926436,5.89254469587716,0.0016751111498601312
168.0,1.1310926415975475,5.889866076349919,0.0010281487085581908
168.02,1.1377678360379107,5.887096243282508,0.0009669668018556787
168.04,1.1441953909550078,5.884263619173301,0.0011225290579914282
168.06,1.1506456288777467,5.881571095128322,0.0008095033130473828
168.08,1.156899229788736,5.879048771374893,0.0010125147372946341
168.1,1.1631509107512785,5.876311481905618,0.0012925204754104525
168.12,1.1694107315954014,5.873639067775409,0.0009224407358788544
168.14,1.1755751925790745,5.8711391565757625,0.0008853613066045485
168.16,1.1819872421744704,5.868274209736829,0.001145614301219594
168.18,1.1882937840981738,5.86554131930384,0.0010702945876227554
168.2,1.194451354825954,5.8629866060096445,0.0009028713849921766
168.22,1.2007460261634422,5.860235171647682,0.0008988618327267495
168.24,1.2073416940942823,5.857222848061851,0.0013760080669187325
168.26,1.2130064107109018,5.854792985185189,0.000919524416980233
168.28,1.219252943146464,5.852126174390326,0.0009944662252787673
168.3,1.2257082897688711,5.849149099359812,0.0012175258880506024
168.32,1.2319797410973239,5.8463691966794595,0.0011247894684578985
168.34,1.237557317393217,5.84408274816196,0.0010075173659574999
168.36,1.2437004019181126,5.841284123791225,0.0010613085283025792
168.38,1.250332364836206,5.8382574616769976,0.0012873456100591096
168.4,1.2559557095297422,5.835881596269001,0.0008574437347837194
168.42,1.2621381292812779,5.833147951418514,0.0008979779931011234
168.44,1.2686010471882119,5.830056201455071,0.001350821160427479
168.46,1.2745437574369216,5.827340578914152,0.001087619309092125
168.48,1.2809303923328041,5.8245164972931,0.000988819868659091
168.5,1.2874004107503865,5.821424165681566,0.0012549434381075308
168.52,1.2936058146287455,5.818566519643418,0.0011891273773521338
168.54,1.29928751566502,5.816119761308999,0.00101299869595739
168.56,1.3054888686321087,5.81321376257008,0.0011010023832178917
168.58,1.3118783595517027,5.8102596276325915,0.0013877820026526044
168.6,1.3177234510714944,5.807600688734973,0.0009342742228473921
168.62,1.3241612994968308,5.804702788794167,0.0010770636382670673
168.64,1.3305848861747653,5.8015636059421345,0.001485419924505682
168.66,1.3364710700119782,5.798852419181178,0.0012505567837407527
168.68,1.342366448914889,5.796233642694676,0.0011569429748942983
168.7,1.3487171438132781,5.793157585701627,0.001372061663136831
168.72,1.3548678330878579,5.790281032689215,0.0015349136699855104
168.74,1.3606647001363792,5.7876484829816315,0.001156877290724223
168.76,1.3671185989870058,5.784672219400445,0.001068493854489011
168.78,1.373532634244211,5.781540739856968,0.0014658851540238493
168.8,1.3792297605625186,5.778942846147959,0.0010128351154632953
168.82,1.3853096800425198,5.776186011925476,0.0010730460748514248
168.84,1.3917848534787807,5.773009312842879,0.0015954626725465937
168.86,1.3981022899574806,5.770005608008184,0.0014243104224587189
168.88,1.4045224909955023,5.767076298527071,0.001401187850133434
168.9,1.411071869193488,5.763925826797522,0.0014158599649757853
168.92,1.4174172716977933,5.760836256578977,0.0016273665174374452
168.94,1.4233285575247203,5.75815510415627,0.0014565299905043572
168.96,1.4294674655123818,5.755319319733949,0.001576300372442302
168.98,1.4356197763367669,5.752347985292226,0.0017714114081189558
169.0,1.4415492303084032,5.749510476952237,0.00154233733383774
169.02,1.4477678876316389,5.746583807195497,0.0013609242002216582
169.04,1.4542060460812734,5.743392298527473,0.0016265180617096864
169.06,1.4603445418202852,5.740462179404347,0.0015110818748028665
169.08,1.4662092285875261,5.7378084208213345,0.00141240642692525
169.1,1.4722941815874777,5.734838864131537,0.0015689526678450694
169.12,1.4788141060611892,5.731643831984328,0.0019008936711069624
169.14,1.4843036855128824,5.7290589562221905,0.001274414546268171
169.16,1.4905294144345747,5.726165891982053,0.0014673880706244091
169.18,1.496925012016647,5.722946864939607,0.0016892341827818569
169.2,1.503138021679144,5.71992475095836,0.0014264821927043592
169.22,1.5089033692933655,5.717278228827375,0.0016088006102292218
169.24,1.515009585394793,5.714207849999871,0.0015642434349175116
169.26,1.521194408246089,5.711152360230968,0.0017877857504653427
169.28,1.5270989270254745,5.708140905072415,0.0012258213371107163
169.3,1.5335801266056093,5.705000995136918,0.0012487580601638903
169.32,1.5399010181463557,5.701773084460724,0.0015103958974179987
169.34,1.5460298290426857,5.698877453130166,0.001183139362351815
169.36,1.5521727039165298,5.695999984250433,0.0012624006834084656
169.38,1.5581957645268678,5.692945434801907,0.001657826005871027
169.4,1.5641952504685948,5.689963912859197,0.0013237708218502842
169.42,1.5702075072836514,5.6870728410014815,0.0013191795564355957
169.44,1.5765191228220932,5.683863959210086,0.0014158959778384494
169.46,1.5825502692741853,5.680834363602484,0.0015989558472852272
169.48,1.588188666260368,5.6780118284695735,0.0011100269509959904
169.5,1.5945236998997547,5.674891973325044,0.0010851025026858696
169.52,1.6008770186629062,5.671572946938136,0.001501760224361659
169.54,1.6064755489757732,5.668824482215394,0.0009371922987287118
169.56,1.6124080874095739,5.665990215202189,0.0010397265647060505
169.58,1.6187657714747756,5.6626559880429745,0.0014909867770958318
169.6,1.6246237281534728,5.659719586411617,0.0013839502692686023
169.62,1.6303209803349876,5.65690697933286,0.0011052678327362064
169.64,1.6364970370417595,5.653704773254082,0.001186713084109059
169.66,1.6429392005270864,5.650349883735527,0.0011876393282343467
169.68,1.6486756463477616,5.64753526117953,0.0010657520838485701
169.7,1.6544622791737584,5.644609851756739,0.0008917975416763146
169.72,1.6606274490260293,5.641304552672595,0.001375079145283259
169.74,1.6662680066698372,5.638381223560144,0.0008305302868842623
169.76,1.6719464940284816,5.6355816001772725,0.000841518731308194
169.78,1.6782247106882515,5.632145337738051,0.0013710018235502663
169.8,1.684466158754182,5.628814219527124,0.0012617553776952672
169.82,1.6897613189326477,5.6261886294147905,0.001031904045012605
169.84,1.6955420731045467,5.623045642847337,0.0010149340261617623
169.86,1.702043317883229,5.619476487007704,0.0011946815619038875
169.88,1.7075724557757612,5.61658707715394,0.0008505506893558834
169.9,1.7132324281007862,5.613508988671637,0.0007480296578656898
169.92,1.7195053215187557,5.609946152048757,0.0014288896492007097
169.94,1.7252721947569667,5.606657004227461,0.0010968317066893107
169.96,1.731407573269531,5.603288166349749,0.000966447260044162
169.98,1.737619292412016,5.599699253743654,0.0011427548175962365
170.0,1.7437681549692934,5.596228628131233,0.0009596505108394326
170.02,1.7495313564622506,5.59324678322973,0.0010449870066064904
170.04,1.7553334497685311,5.590024076860226,0.0009750169001628284
170.06,1.7614324284733127,5.586488931841272,0.0014518645211237524
170.08,1.766895171645969,5.583439162061632,0.0008914099938473752
170.1,1.7724937553083056,5.5804433924565675,0.0008118215841047272
170.12,1.7787587223889691,5.576730211711714,0.0012543102439823706
170.14,1.7847013093019088,5.573366081577017,0.0010174774756787908
170.16,1.7903251033259953,5.5702687634212635,0.0009473336798289655
170.18,1.7963800813704491,5.566707192269352,0.0013442358321720527
170.2,1.802247389781376,5.563295217333789,0.0014951778278339822
170.22,1.808034564135346,5.55992433020539,0.0009425360941866523
170.24,1.814278607693536,5.556366243448805,0.0009727003391094002
170.26,1.8203481819062206,5.5526562044250385,0.0013901836831893
170.28,1.8264167520029133,5.549182596690456,0.0010408245306096353
170.3,1.8322816282673215,5.545908950237306,0.0012354674810133581
170.32,1.837893088690035,5.542597372261813,0.0013085350565831266
170.34,1.843783969238925,5.539229355302296,0.001163913313067616
170.36,1.849754035201832,5.5358513089181995,0.001146762101697535
170.38,1.8558065301356355,5.532177663032598,0.001406531900307345
170.4,1.8616754628565677,5.528719695600305,0.0016083705951490668
170.42,1.8672669599527296,5.525449741700711,0.0010949661641808939
170.44,1.8736002158156302,5.521830365415964,0.0012120910645719296
170.46,1.8796651189327798,5.51811296861295,0.0015925613985398324
170.48,1.8852618704095871,5.514861207644329,0.0012117230023774017
170.5,1.8911033185172754,5.511589923492098,0.0013326714462553735
170.52,1.8971419025486875,5.507947723132216,0.0016371776947754768
170.54,1.9031287106214136,5.504379367663402,0.0017328685714993741
170.56,1.9090782334840632,5.500971412623573,0.0012716080041677846
170.58,1.9154003172759158,5.4972840527255675,0.0013588746927508388
170.6,1.9214245173272357,5.4936654550804205,0.00163073226200533
170.62,1.9273223031677162,5.490281704720203,0.0013544361453178555
170.64,1.9332595990383394,5.486891168294249,0.0015424821217425444
170.66,1.938969020393369,5.4834769937016805,0.0017996080208227683
170.68,1.9448420805878712,5.480003451670666,0.0016253868071016142
170.7,1.9501636726533262,5.477045189270103,0.0013541428299861102
170.72,1.956148545091291,5.473396005189278,0.001658505897238871
170.74,1.9624654109997919,5.46960532227538,0.001567901807134342
170.76,1.9679907821295817,5.466481122390172,0.0014280128062279518
170.78,1.9736714014442254,5.463072259232271,0.0013502253702431244
170.8,1.979805756558817,5.459309999400423,0.0019624688261025702
170.82,1.9857422789675068,5.455698889289823,0.0016299267673910711
170.84,1.9918237482064025,5.452141837022336,0.0013321849813659192
170.86,1.9979008392609463,5.448363665369484,0.001600191131890416
170.88,2.0039751860325885,5.444730771931455,0.001333655736399486
170.9,2.0098696956043045,5.4413262823554405,0.001344667181122583
170.92,2.0156126520487487,5.437823708866088,0.0014781101038086608
170.94,2.0215658375842875,5.434203557159634,0.0014389282722688246
170.96,2.0273325823261894,5.430851807259835,0.0013159642982872866
170.98,2.0331085981306254,5.427394533759181,0.001178048181605107
171.0,2.0392843320638003,5.423481721401861,0.001713814770734401
171.02,2.0445627634076198,5.420275008449539,0.0012347946646628083
171.04,2.0503876746823484,5.416773567426299,0.001272751109333059
171.06,2.0564164199118644,5.41298926029753,0.0015133068482161838
171.08,2.062173738371208,5.409440268683628,0.0013474533395619326
171.1,2.0677762778358013,5.406114204726385,0.0012421743999245782
171.12,2.073505128314635,5.402520291489669,0.0012495565041972245
171.14,2.0789098225136913,5.399137908058792,0.0014968226749015046
171.16,2.083803785220393,5.3961160230580285,0.0009302157299686531
171.18,2.0893906103089566,5.39279641384275,0.0011197926257835167
171.2,2.0942945338051344,5.389609075767426,0.0011452259020467703
171.22,2.098676196124434,5.386880841516022,0.001038956611285169
171.24,2.1034059495469073,5.38398764985518,0.001124195765859759
171.26,2.1082110502856373,5.380904278459856,0.0012018910239740832
171.28,2.1126165991598365,5.378002927810386,0.0009710946366636719
171.3,2.1173257665958443,5.37480801441188,0.0007271360876654476
171.32,2.122096848668701,5.371783396676612,0.001153131013880787
171.34,2.1267568465217597,5.368596156717139,0.0011968374012765737
171.36,2.1309281117229775,5.365783187843004,0.0010482059261043841
171.38,2.135481777393242,5.362626737967921,0.0006680092653185699
171.4,2.1401614900948145,5.359385732315686,0.0009776371428600883
171.42,2.1448308907418965,5.356057307218088,0.0010682479168739323
171.44,2.1490779250783927,5.353115265828917,0.000989184036613272
171.46,2.1535534761813544,5.349978138508084,0.0009691479550733573
171.48,2.1581253841679997,5.346590031040472,0.0009160829931777748
171.5,2.162393681194385,5.343312322980102,0.0008781244026865587
171.52,2.1668598241317714,5.339983312027207,0.0007648068593587298
171.54,2.1712376918242113,5.336774400596121,0.0010325212587705412
171.56,2.1755239731828957,5.3334593974323266,0.0010835036064400505
171.58,2.179931129133567,5.329970297521529,0.0007649555512371509
171.6,2.184360927599614,5.326418069818196,0.0006281276948581771
171.62,2.1887998301573894,5.322893191405825,0.0010356440250576249
171.64,2.193201895514045,5.319327601709246,0.001094440157557497
171.66,2.197118333006557,5.316098528834532,0.0008766073023186993
171.68,2.201212493935919,5.312805437140418,0.0008739696642753036
171.7,2.2055634258024575,5.309099108034739,0.0009613603504785573
171.72,2.2097392250284837,5.305581947606925,0.001064507734171688
171.74,2.213951512915821,5.301988438868665,0.0007504573582465257
171.76,2.218346703162349,5.298330642852612,0.0010273388291221763
171.78,2.22244263645923,5.294700290912501,0.0009533649961970536
171.8,2.2266456393419114,5.290874590922812,0.0007550859413868738
171.82,2.2309335844412947,5.287164723349345,0.0008974102167987608
171.84,2.2350293676183313,5.28342557105011,0.0011605233464183073
171.86,2.239166591258752,5.279603766154098,0.0011125801295788218
171.88,2.2433018287083217,5.275697176923405,0.000673162752930001
171.9,2.2474792839774653,5.271844276794884,0.0008683260291096895
171.92,2.2516579563880637,5.267905475891349,0.001149134939283869
171.94,2.2557125544932086,5.2639954008436085,0.0011852131918924091
171.96,2.259270525809464,5.26054253429406,0.0009079963196237661
171.98,2.263413486619359,5.256546911490581,0.0010124201140981337
172.0,2.2672250844292816,5.252566390636397,0.0010246973987519392
172.02,2.271210136400387,5.248619896348559,0.0009903783790589926
172.04,2.2751552805232427,5.2447171665130075,0.0011284262474814677
172.06,2.279096613680264,5.240622752166326,0.0012466787189990003
172.08,2.2828099340666324,5.23669185258063,0.001058884382845654
172.1,2.286654361726073,5.232504221897263,0.0007177921193257941
172.12,2.2906393538643464,5.22841163372411,0.0011759363120401323
172.14,2.2945179444024313,5.2241740135982315,0.0013307363510846326
172.16,2.2979502249677273,5.220376872406798,0.0011803062563392752
172.18,2.3016825028405257,5.216296388786799,0.0009030030033685132
172.2,2.3055151168317374,5.212000432347758,0.0011107194720686164
172.22,2.3092684354061555,5.207809615748608,0.0013316674114208227
172.24,2.3128308857532316,5.20378191105684,0.001133510474463112
172.26,2.316585907033117,5.1995607524754766,0.0012415467672901859
172.28,2.3202407971556402,5.195176210968923,0.0012380406306251313
172.3,2.323647257226019,5.190955624251118,0.001080042075900317
172.32,2.3272688445777816,5.18660955393282,0.0009363211164709895
172.34,2.3309506802651754,5.182289676100976,0.0013503738921121222
172.36,2.334359214414883,5.177959113713707,0.0014005864668482637
172.38,2.3378667506974815,5.173492506295288,0.001080782608056663
172.4,2.341385107873805,5.169033450432645,0.0009171403084542173
172.42,2.3449362599631383,5.164518132488904,0.0013128153553844946
172.44,2.3484378178656593,5.159966541671349,0.0013966974837063828
172.46,2.3515869621636356,5.155736187700759,0.0012493168891203055
172.48,2.354610787689581,5.151797890588387,0.0011217851817811875
172.5,2.357845930313454,5.147311652437058,0.0011829638083517835
172.52,2.361138168940509,5.142821532463165,0.0012743797733920093
172.54,2.3643877204696064,5.1383091945140364,0.0011501239066021018
172.56,2.3677245202233217,5.133729317319946,0.0013880437582877991
172.58,2.3707785488675444,5.129303991184749,0.0012763154235063412
172.6,2.373921053944007,5.12462554631881,0.0009912762800940444
172.62,2.3772233809439487,5.120001759682914,0.001305886331047279
172.64,2.3804223505386495,5.115326999444661,0.0014608777799886008
172.66,2.3832340473146303,5.110991143494931,0.0013732489152314398
172.68,2.38622591805087,5.106352699834422,0.0009291484919524418
172.7,2.389396152843687,5.101621781967607,0.0010854490492951951
172.72,2.3925027011343483,5.096784114376093,0.001345730055027694
172.74,2.3953471372182547,5.092332533322043,0.001331193889934884
172.76,2.3982817349105883,5.08773109198351,0.0011901629241326817
172.78,2.4012962201017527,5.082914930887861,0.0012214766615432915
172.8,2.4040801301200214,5.078235439960952,0.0011345446165856032
172.82,2.4069337918567832,5.073472796341446,0.001114056825289922
172.84,2.4097971344650158,5.068859391021732,0.0013408797771898018
172.86,2.4125268597096423,5.064068826280171,0.0014002505642177476
172.88,2.4152354661721778,5.059282350920042,0.0011534093867959228
172.9,2.4179325918600205,5.054369920467342,0.0007145413952774071
172.92,2.4207867635782443,5.049474464349299,0.001202270991300547
172.94,2.4235126498189263,5.044543724686777,0.0013708925751411971
172.96,2.425995345716619,5.0398997741048355,0.0012888966903925325
172.98,2.42840868649928,5.035437511662253,0.001040989823965749
173.0,2.4310088603183253,5.0304446830982075,0.0010739071882361617
173.02,2.433468844895167,5.025645945073832,0.0012183644317995679
173.04,2.435998044634336,5.020766589650551,0.0010884324952606939
173.06,2.4386641167468235,5.0157862768296635,0.0012721984562141797
173.08,2.4411295059748443,5.010799475997563,0.0011961232528444332
173.1,2.443508062729956,5.005866259787806,0.0009303806887373256
173.12,2.4460164830900837,5.000842170049089,0.0009482169210683622
173.14,2.448496066194263,4.9959467417150405,0.0013069062411233678
173.16,2.4507707392325617,4.9910490089272175,0.001307072482996413
173.18,2.4531160636968403,4.985959234511316,0.0009613020713864773
173.2,2.4555296173615804,4.980877360768818,0.0007941117691920296
173.22,2.457873651235983,4.975737870362387,0.0011956696786238619
173.24,2.4601772397050388,4.970603410975851,0.0012652948546652831
173.26,2.4620338511897346,4.966160701697458,0.0009858709695513834
173.28,2.464385887816506,4.961065325669892,0.0010805737260060344
173.3,2.466475506763667,4.955982615758173,0.0010021560517876615
173.32,2.4686314309317545,4.950809859543128,0.001100515792979484
173.34,2.47076574503019,4.945790426550595,0.0011092681929464054
173.36,2.4729352664499835,4.9406061273570865,0.001275572169246425
173.38,2.4747860551061986,4.935666495240943,0.0011277679696957699
173.4,2.4767706330907377,4.930412245162035,0.0007301264888393
173.42,2.478902986369034,4.925177362149171,0.0010860855545862524
173.44,2.4809068200242197,4.919892729994266,0.0012968300023947221
173.46,2.4825871737548155,4.915203165026524,0.0012071143516868277
173.48,2.48437537744366,4.910146512078888,0.0007626701609371178
173.5,2.486401021760975,4.904817164055902,0.0009346203182001855
173.52,2.488280758516647,4.899406285165168,0.0012777798382129224
173.54,2.49006454728334,4.894251886771121,0.0012469758986807522
173.56,2.491827524989664,4.889101863812212,0.0011093434770272914
173.58,2.493598424999,4.883774196394305,0.0011394347148061812
173.6,2.4951604331651946,4.8786341263475475,0.0009605073383231189
173.62,2.4968511452481748,4.873229439677631,0.0008878600668277004
173.64,2.49862112728041,4.86798115046797,0.00132586981069846
173.66,2.5001315882454236,4.86276398608578,0.0013746093299441264
173.68,2.501601494057453,4.857559271852964,0.0010755218550814183
173.7,2.5031589517011796,4.852093624273222,0.0006377655558920114
173.72,2.5047641692978666,4.84661792985416,0.0011541794162297503
173.74,2.5063156032147873,4.841103716807887,0.0013022553001550974
173.76,2.5077641858488073,4.835676563331878,0.0011745125592341477
173.78,2.508939266720339,4.831109203540158,0.001059280584520761
173.8,2.510288827558081,4.825657120825702,0.0009656247184164357
173.82,2.5116380698425913,4.82013286462484,0.001168044718792477
173.84,2.512967296004301,4.8146362531037825,0.0010069046513527802
173.86,2.5143973791705947,4.809157831577983,0.001201668694459812
173.88,2.515610301840081,4.803722267028174,0.001224710828552189
173.9,2.516793353034771,4.798228082639858,0.0008723803850738676
173.92,2.518071239143945,4.792660668470119,0.0010315575713580327
173.94,2.5193372118116013,4.787134151966337,0.0013212150577677217
173.96,2.5202128031255064,4.781906705658577,0.0013918916555831218
173.98,2.5212773710861787,4.776572750158415,0.000955651841673899
174.0,2.5224701487551036,4.7709721517770545,0.0008396933817653163
174.02,2.5235115127702117,4.765332999096136,0.001247877091881705
174.04,2.5245925753503875,4.759690252107109,0.0012687157409404792
174.06,2.5253108001723077,4.754867850327833,0.000948406978457994
174.08,2.5263947248687924,4.74924895337895,0.001141651038393865
174.1,2.527184511123283,4.7438528401303905,0.000970915142503942
174.12,2.528043307956476,4.738182262296241,0.0010353870709990387
174.14,2.528981413498627,4.732750429292742,0.001150551166166941
174.16,2.5297970881385154,4.727122885523502,0.0012946741345744306
174.18,2.5305105708576225,4.721740182208075,0.0011700041093683777
174.2,2.5312103405377893,4.716078859080069,0.0006288647641416734
174.22,2.5319745728762153,4.710380609103228,0.0011130921017145634
174.24,2.532660508192967,4.704669325097845,0.0013039998791509744
174.26,2.533222104019003,4.699237656121022,0.0013164914850644638
174.28,2.533644925123893,4.694244205249267,0.0008503090588527218
174.3,2.5343340987932312,4.688483195497319,0.0008827172561636509
174.32,2.534840063573543,4.682818818473977,0.0012985363343529233
174.34,2.5352213631387355,4.677643248697326,0.0010845854820524248
174.36,2.5357815707377624,4.6720346953065715,0.0011560332209503699
174.38,2.5362333802904238,4.666345032207947,0.0011428587615173735
174.4,2.5365352383080273,4.660978942242058,0.0008469392725361236
174.42,2.5368778199324655,4.655355283961768,0.0007657226052755206
174.44,2.537400803962532,4.6496892224295365,0.0012301328182424964
174.46,2.537638841569528,4.64427607846674,0.0013362327696058995
174.48,2.5378967485998944,4.638852631302885,0.0009894020771616385
174.5,2.538173859434651,4.63319321403596,0.0006315935188348221
174.52,2.538406974300908,4.627479995603861,0.0010569522559989442
174.54,2.5386555263602024,4.621748130737794,0.0011992326605696213
174.56,2.5387015482822743,4.616596644023899,0.0010089475825135752
174.58,2.5389099844724514,4.611118688931742,0.001025597255683297
174.6,2.538945827487926,4.60546654198709,0.0008762099472230389
174.62,2.5389438897843926,4.599675411133438,0.0010725096587453353
174.64,2.5389665123937766,4.593829248154216,0.0009265263229223386
174.66,2.539091441921441,4.587498042224424,0.0011333485080125272
174.68,2.538910356605541,4.581344895407337,0.0008898896701817205
174.7,2.5388068396205687,4.574378372543347,0.0008916922153391071
174.72,2.5388534191247247,4.567674792609076,0.0013303805272043834
174.74,2.538800158438709,4.56088663699427,0.0011668551305518693
174.76,2.5385064807808804,4.554395614865713,0.0010674864267082862
174.78,2.538508855850113,4.547493364848299,0.0011386008122602764
174.8,2.538527766169736,4.54044272104365,0.0014629074064154979
174.82,2.538516930013115,4.534441671656312,0.0007891862886688639
174.84,2.5383611385561244,4.527424033730097,0.0011051510587115343
174.86,2.538417018716066,4.520296977087637,0.0014220402993642967
174.88,2.538438589985952,4.513894226225058,0.0012184390394159028
174.9,2.5383369609777424,4.507524093805038,0.001167011533985629
174.92,2.538348998583054,4.500433062509016,0.0012978321441406426
174.94,2.538368071103317,4.4934425476043875,0.001409636311810153
174.96,2.5383194878647077,4.487417917051362,0.0009790319990239937
174.98,2.5383337992990413,4.48060466111528,0.001138918607166639
175.0,2.5383755472961025,4.473259594134514,0.0014092557196605515
175.02,2.5385375738902027,4.4669409900835335,0.0010629135424164438
175.04,2.5384619426648136,4.460319530565061,0.001026692058388956
175.06,2.538614194128399,4.453111210405364,0.0015238006002610827
175.08,2.5388579824661144,4.446636514537542,0.0012843166917316517
175.1,2.538815400535641,4.439835836499544,0.0012472130233113499
175.12,2.5389232690467574,4.432676395334358,0.001287344011491054
175.14,2.5390394705322263,4.42557887632333,0.0014175267880905673
175.16,2.539037817579742,4.418882683451098,0.0012198028011866091
175.18,2.5390083130211303,4.4120695096294575,0.001264036733287649
175.2,2.539201526592141,4.405173216095172,0.0016218714753398755
175.22,2.539264526824332,4.398624837065759,0.0012694335196824225
175.24,2.5392332458234645,4.391726965211993,0.0012685279310430675
175.26,2.5393979598379084,4.384565923779125,0.0014512328729614499
175.28,2.5394626920202383,4.377498833412086,0.0012996697125004786
175.3,2.5393848754500965,4.371192753649428,0.0012270816089602898
175.32,2.5395263506990733,4.364257878766062,0.0013751157959338567
175.34,2.5396864647956736,4.35730992586364,0.0017367179157649903
175.36,2.539758014564509,4.3506285717092785,0.001170141641687411
175.38,2.539736080651157,4.343477731317887,0.0012540405555133138
175.4,2.5399095180221853,4.336351582674429,0.0015472718533164065
175.42,2.5399635792600783,4.32926421469697,0.0012285676699938797
175.44,2.5399142914147377,4.322554893299739,0.0013396032399628777
175.46,2.540107242797469,4.315845187221227,0.001462620425286304
175.48,2.540217454536802,4.3088060618698165,0.0014010038288545246
175.5,2.5401835797576644,4.302145864900006,0.0012898196958135988
175.52,2.540314391313904,4.295279597786558,0.0012450088607824372
175.54,2.540501736522604,4.2881475911442335,0.0016377432420821847
175.56,2.540666011786226,4.281826279015176,0.0010307814440201624
175.58,2.540657871699733,4.274704451889506,0.001184186631156936
175.6,2.5408552373407383,4.267580974558406,0.0015529808904010955
175.62,2.5409398104066856,4.261125157739149,0.0012771075499437567
175.64,2.5409228364642744,4.2541821218426215,0.0012035317486197572
175.66,2.541121811298614,4.247038505718157,0.0014301806120667337
175.68,2.5412239477551255,4.240260993548545,0.0014406806887984347
175.7,2.5412439334350596,4.233753330485458,0.0011123395331199548
175.72,2.5413566817480047,4.226842001578695,0.0011566472546891415
175.74,2.5415517643927044,4.219588535496658,0.0014919849945110586
175.76,2.5417037421406015,4.212945834058632,0.0011982596354174202
175.78,2.5417559959025535,4.2063196825311415,0.0012885591873746383
175.8,2.5420172024208365,4.199258053854804,0.001518684073885529
175.82,2.5422556754336996,4.192544876991369,0.001460961552641249
175.84,2.54230590559967,4.1856524364413845,0.0011438775288674652
175.86,2.5425366913709344,4.178424502638962,0.0012322299353192123
175.88,2.5427503106230374,4.171377462606295,0.0012888320866528413
175.9,2.5427583875693265,4.164767624848125,0.0009361935322355075
175.92,2.542812859173314,4.15804471885864,0.000937619535376577
175.94,2.5431040156551266,4.150958666126596,0.001541891964577935
175.96,2.5432134327605542,4.144685788104177,0.0010484384512801925
175.98,2.543279308784698,4.1377318634321325,0.0012087477512090494
176.0,2.543547736568722,4.130581844365604,0.0013503474688688344
176.02,2.543667837302736,4.123961733984734,0.0013823925853033159
176.04,2.543748415487682,4.117163120905448,0.0010277193444720445
176.06,2.5439574756192807,4.109903506601111,0.0011119209624380344
176.08,2.5441610298145285,4.102895790050923,0.0012522271585659328
176.1,2.544255087590679,4.096230112660491,0.0010132117564558007
176.12,2.544329247490064,4.089457482345851,0.0010411546769672486
176.14,2.544603184150907,4.082281713304129,0.0014857992686407306
176.16,2.544832681597439,4.075893554948253,0.0012801991395831602
176.18,2.544867389596957,4.069075372879795,0.0010899451909232027
176.2,2.545097747023009,4.061874437209285,0.001235793250943723
176.22,2.5452971748196376,4.054831771498287,0.0011657447111195762
176.24,2.5452689372409427,4.04814423568837,0.0011691367913322925
176.26,2.5453944788503766,4.04132777489334,0.0011569003521496868
176.28,2.545719042538972,4.034607556882049,0.0014198963505634432
176.3,2.5458492147742144,4.028212636792693,0.00088931539991155
176.32,2.545858781208595,4.021737717056916,0.0009466068730064892
176.34,2.546142744044158,4.014551416713968,0.001320865419230155
176.36,2.5463679015991763,4.007539405828351,0.0011424265331447525
176.38,2.546481204785077,4.000872268253817,0.0011903216708242514
176.4,2.5467777601144577,3.9939804484387786,0.0012409988588110987
176.42,2.547058583179716,3.9871263839150552,0.0014637250211002595
176.44,2.547265614436594,3.980469709870828,0.0008762891449665133
176.46,2.547420269697886,3.973265906610658,0.001017382319825455
176.48,2.5477681426805328,3.9661837172264223,0.0013027866425895651
176.5,2.5479090518488663,3.959345241956229,0.0010468002217764727
176.52,2.547975080379257,3.952814449270554,0.0009806068538879276
176.54,2.548308587997182,3.9458393033412125,0.001502327248617319
176.56,2.5485288695747514,3.93910790134496,0.001348601704076302
176.58,2.5486216167004496,3.9327617814247655,0.001195678877057793
176.6,2.54888076450967,3.925785131017809,0.0011614516371938333
176.62,2.5492083396243865,3.9186842237916077,0.0014023915059867553
176.64,2.5493909011190587,3.912423196086754,0.000977644746365386
176.66,2.549545586295857,3.9054625235414084,0.0010344396061116035
176.68,2.5499447325635214,3.8982864963000146,0.0015466115014219073
176.7,2.550172064315925,3.8920965756793318,0.0011518506793739558
176.72,2.5503427719716916,3.885678537881109,0.0011980267011584556
176.74,2.5506939880921173,3.8791836368336314,0.0013842799825346808
176.76,2.5509726381214683,3.872670768783674,0.0013023552926548776
176.78,2.5510037695763987,3.8672369267441473,0.0009872586361605873
176.8,2.551117139821487,3.8618752444873015,0.000980272920616504
176.82,2.5514457272562496,3.855944557408947,0.0013464911138743874
176.84,2.551541279077011,3.850387571776337,0.001428343637384255
176.86,2.551631149162063,3.8452379582631333,0.0011253760649340416
176.88,2.5517399758565915,3.839664630794435,0.0009156570494098237
176.9,2.551766787723808,3.833963143994599,0.0012707186077581256
176.92,2.5518288317568425,3.8280137894077373,0.001354982514323172
176.94,2.5516251623434263,3.8229273307639873,0.0010871980592360442
176.96,2.551681748596279,3.8168523828461827,0.0011543921909997479
176.98,2.5514170023027627,3.810499872385681,0.0014529554920917342
177.0,2.5512518761913627,3.8037135840109633,0.0014487787375583039
177.02,2.5511820808537182,3.7974276753967318,0.001334175096536716
177.04,2.5510313770993154,3.790531006258126,0.0011285765298359451
177.06,2.550820751683866,3.7834218094396044,0.0014284081728637155
177.08,2.550755476660051,3.7766375644716357,0.001218768750540583
177.1,2.5506774493634206,3.7695511951896528,0.0012371017007749008
177.12,2.550457350980982,3.762722520883033,0.0015568692217871882
177.14,2.5503511562195205,3.756063142196593,0.0012790106917721644
177.16,2.550390909087239,3.749532760666559,0.0014340711412543505
177.18,2.5501966161557768,3.7427155437845636,0.0014108412698398132
177.2,2.550010108043902,3.7356395842385544,0.0016725372570630948
177.22,2.550000568329149,3.7294500267449036,0.0012849341767004474
177.24,2.549935591195754,3.722425726416509,0.0013205231816595941
177.26,2.549700932229001,3.715315609014858,0.0016139293722781667
177.28,2.549570034267595,3.7086643821479566,0.0013929352725107758
177.3,2.549527435819124,3.701568516669417,0.0013886181238202122
177.32,2.5493106377182704,3.6943576887766074,0.0014754005557249816
177.34,2.5491904803896963,3.68754018549195,0.0015741934964330906
177.36,2.5492182413472464,3.6814768850406954,0.0012549127249399106
177.38,2.5490086548154776,3.67447383890618,0.0011609370036975708
177.4,2.548776783955002,3.6674795045954838,0.0012769400018927124
177.42,2.5487639731198475,3.660478791778707,0.0011914762821320368
177.44,2.548585533320204,3.6534044473451046,0.001089838266726234
177.46,2.548337689674128,3.6463553719617092,0.0013676194879321812
177.48,2.5482045408670353,3.6396533009666667,0.0010109011116332667
177.5,2.548157960619556,3.6324450431057884,0.0013524985884436624
177.52,2.5478886459231216,3.625209089838327,0.0013409882646427396
177.54,2.547777291166918,3.6185361971979093,0.0015846450999166817
177.56,2.5477173908279593,3.6118906843746816,0.001134410534430197
177.58,2.5476715529769396,3.6045720226783975,0.000964971111116153
177.6,2.547427296752888,3.597550168814481,0.0013940655601536456
177.62,2.5474510553424103,3.591328172062845,0.001056605147346068
177.64,2.5474025009047665,3.5842450982361904,0.0012295174158680755
177.66,2.54724677901635,3.5774078701649303,0.0014742367779136678
177.68,2.5471119489153953,3.570555379727016,0.0012986203975437483
177.7,2.5471787154772003,3.5641503900449045,0.0013169346891914735
177.72,2.5470520317244874,3.5573607679496564,0.0011310254669897324
177.74,2.5468653246235116,3.5503049286469115,0.0014500791242609556
177.76,2.5468623787364026,3.5440435197774636,0.0011045714140700547
177.78,2.5467911390807383,3.537329773092287,0.0009472038685092443
177.8,2.546534635330047,3.530080555004681,0.0014036296477032695
177.82,2.5462869946331823,3.5237219549221837,0.0010347636621382827
177.84,2.546235396991055,3.5167180388063644,0.0011311216220562526
177.86,2.546034271886178,3.509701522836907,0.0014061947964627564
177.88,2.5458373754681567,3.5026986461497227,0.0013677929878588568
177.9,2.5458550455821776,3.4964211670715173,0.0011858579087103693
177.92,2.545713494357907,3.48965354777073,0.0009981757705854188
177.94,2.545388772869089,3.482459309487804,0.0014846286103108175
177.96,2.5451497591963848,3.4760507651862698,0.0009639437271271867
177.98,2.5450721599610224,3.4689488889783435,0.0010336906220728137
178.0,2.5447850127767557,3.4618343182285516,0.0012955999686616038
178.02,2.544632923224982,3.455229529780644,0.0009747087828007039
178.04,2.54456085546934,3.448586876502209,0.0011685845249606308
178.06,2.544262396882474,3.4420144832434048,0.0013370149098447526
178.08,2.5440153906014302,3.434973628149902,0.0013449760034713598
178.1,2.544020445854716,3.428796996910401,0.0012098429566721192
178.12,2.543861408908856,3.4221005166491474,0.0008649641602190561
178.14,2.5435026043756706,3.4148829865471213,0.001524639100109082
178.16,2.543216439389347,3.4084856372003594,0.0011000864824800283
178.18,2.543086301719344,3.4015262046264794,0.0011039298534873399
178.2,2.542743859421884,3.3944039035256606,0.0013957435955425368
178.22,2.5425256752392955,3.387641064687274,0.0012604247539717006
178.24,2.5424352570115496,3.3813130702649614,0.0012425507617807863
178.26,2.5421196508060233,3.3743962688697455,0.0012460448985995576
178.28,2.5418463968501266,3.3673677279360756,0.0015036517541624494
178.3,2.54163490992431,3.360421324440393,0.0011835092260352176
178.32,2.5414077416202154,3.3532428572148536,0.0010502286288204266
178.34,2.541018272128969,3.3461395496754514,0.001429403774381277
178.36,2.5408375367151015,3.339485827171012,0.001212138774544902
178.38,2.540653104110503,3.3327607405598663,0.0015203205036958822
178.4,2.540266613708543,3.326324376244963,0.001443177719921196
178.42,2.5399229162098957,3.3193369589362076,0.001434678626348107
178.44,2.5397957586367776,3.312853995336458,0.0014437703257202117
178.46,2.5395222641005963,3.306102098643714,0.0012109358855618702
178.48,2.5391243567390798,3.299048651369636,0.00170736685533876
178.5,2.5389169570391816,3.292627264860702,0.001190147203527031
178.52,2.538739781293607,3.2859951397436498,0.0012184717479835905
178.54,2.5382895009127036,3.278791005724499,0.001585900483787206
178.56,2.5379309252364854,3.2722148358369756,0.001351470117297221
178.58,2.537689017398586,3.2652443097433372,0.0013350664030346293
178.6,2.5372070952902566,3.2581154032774244,0.001518434435961974
178.62,2.5369019244170934,3.25137889184715,0.0016069812296894415
178.64,2.5367011481958506,3.2449258040719116,0.0014206396140901412
178.66,2.536358276662398,3.237861377216778,0.0011847708068341012
178.68,2.5359489126138284,3.230918064760725,0.0015985507698150492
178.7,2.5356690579097583,3.224299676552844,0.001249198040993743
178.72,2.535387925675957,3.217110984143182,0.0013449944695913263
178.74,2.5349241752227547,3.2099837546813044,0.0015378101526649923
178.76,2.5346437622038067,3.203465029076099,0.0012546772274366624
178.78,2.534407013010243,3.1965482489903345,0.001472015048062214
178.8,2.5339452436608294,3.189420391120155,0.0014410859732563452
178.82,2.533622525096072,3.182653997650427,0.0016194293525377546
178.84,2.5333756773734613,3.176047238370076,0.0013418656692490427
178.86,2.533064356187578,3.168891287149948,0.001134003374977599
178.88,2.532549852031951,3.1617670821852357,0.0016163366911357835
178.9,2.5323390650636983,3.1555262085145603,0.001136654565662809
178.92,2.532103772449228,3.1485224714374853,0.0013591820489396444
178.94,2.5317204653086214,3.1416634878177505,0.0016117207592164784
178.96,2.531346918768538,3.1347256464878894,0.0014075434134401543
178.98,2.5311866458622125,3.1282529768488283,0.0014494647695906526
179.0,2.5307858675739516,3.1213562937959645,0.001322986038889723
179.02,2.5304066771863476,3.114271365562161,0.0017549451870506605
179.04,2.5300374398194214,3.107395994002107,0.0012424455072302942
179.06,2.5297674505887078,3.10021698397332,0.001137812406847627
179.08,2.529296056849768,3.093134275007266,0.0014272346760162424
179.1,2.529013096575936,3.0863302202129033,0.0011979075486441837
179.12,2.528714162647254,3.0795010790532795,0.0014595590753333498
179.14,2.528281458610483,3.073079210702304,0.001454573444856111
179.16,2.52786397453923,3.0661166645559614,0.0014008388997111543
179.18,2.527701052067697,3.0597780553534433,0.0013057374627662433
179.2,2.5273084379721653,3.0530034848630443,0.0011622068350300163
179.22,2.526843341046688,3.045913555514293,0.0016263081314037697
179.24,2.5265594650430523,3.039553484581613,0.0010929500295817351
179.26,2.5262829717377793,3.0329597576279532,0.0011046899467699878
179.28,2.525701389725963,3.025801464463012,0.0014712044489653964
179.3,2.5252655224234406,3.019247743180249,0.0012487849676227347
179.32,2.5249048404089285,3.0124285360942067,0.0012017341564972417
179.34,2.5243645669463395,3.0053437898590643,0.0012107539870591377
179.36,2.523919414818854,2.9984478390692773,0.0011647933208902839
179.38,2.5236551553169027,2.992130152490059,0.001164754673534385
179.4,2.5231122769041137,2.9852627813374317,0.000995512858560088
179.42,2.522564715341817,2.9781266049053348,0.001338096484796908
179.44,2.522109564010738,2.971127415858656,0.0010073335266147232
179.46,2.521648378816628,2.9639676546265905,0.0010407435884215166
179.48,2.5210648889668597,2.9568869897046217,0.0013530979473060367
179.5,2.520659544950856,2.950379447276039,0.0010772053248073732
179.52,2.5203384956082444,2.9437228387172936,0.0012422505451616661
179.54,2.519821542991837,2.936873562290156,0.0012075114069287352
179.56,2.5192618764331516,2.9298898895699224,0.0013644369363049191
179.58,2.5189757260474193,2.923500655820522,0.0010758928735070394
179.6,2.518491076589901,2.916570187663259,0.0009063059320594535
179.62,2.5178833539888124,2.909456420772051,0.0013077669949681237
179.64,2.517520563203542,2.9030470815151466,0.0009584928951793525
179.66,2.5170820701305416,2.8961015951054914,0.0010407622412959838
179.68,2.516401617007917,2.8889932545712087,0.0014239059208779048
179.7,2.515948909139306,2.88242948410408,0.001399918103846487
179.72,2.5155213660395237,2.875631600011742,0.001121054162433105
179.74,2.514922979571137,2.868474168716338,0.0011526830761649787
179.76,2.5143539476734356,2.86142969190768,0.0012595381170397713
179.78,2.5140986984252836,2.8552651387614394,0.0011634252578288373
179.8,2.513629610570552,2.8486423503655423,0.000860604519711955
179.82,2.512971710396191,2.841442393193981,0.0015994469880325768
179.84,2.5124649729389077,2.835018882022538,0.001302669298982928
179.86,2.5119979891630857,2.82812955210918,0.001240802558704679
179.88,2.5113453684287084,2.8210363410886523,0.0013312064215372788
179.9,2.510743690142291,2.814006657956963,0.0012301185763436695
179.92,2.510356400471698,2.8075629059774454,0.0013839044834680903
179.94,2.509804733598075,2.8010300823536256,0.0011795901875159553
179.96,2.5091073177057144,2.793998864212135,0.0016033122605359496
179.98,2.5087040783115784,2.7877070410247624,0.0011103615474503947
180.0,2.508237111231891,2.781152659515322,0.001038811422078345
180.02,2.50749227261138,2.773896507180197,0.001429010673189124
180.04,2.5069566641076024,2.767374243038543,0.001065967539361029
180.06,2.5064480895825616,2.7606293236303623,0.0012894208916839622
180.08,2.5056899052502124,2.753616450331778,0.001489835565541553
180.1,2.5050934065702206,2.7468762714547568,0.0016155501978930842
180.12,2.504542000092337,2.7403766360978588,0.0012856594935720111
180.14,2.5038476852988834,2.733423545917181,0.0011557997095023587
180.16,2.503083399508165,2.726357342200004,0.0014967568605178394
180.18,2.5025504500974685,2.719853980438455,0.0012425206169950909
180.2,2.5018987898981853,2.7128298317967205,0.0012389906493762703
180.22,2.501147889362473,2.705878719254371,0.0017449164243455995
180.24,2.5004819764456285,2.6991537652741657,0.0015782330313645065
180.26,2.500021668449822,2.6927748219398397,0.001455843018302344
180.28,2.49925678014826,2.685788176991689,0.001364372202271591
180.3,2.4985120663529607,2.6788664355814014,0.0016762997848243366
180.32,2.4979541949115864,2.6724193562922034,0.0012913874389443025
180.34,2.4972812928418584,2.6653875098496163,0.0011327342684618602
180.36,2.4963931286036662,2.658260960783428,0.0016628224415660975
180.38,2.4958427790168494,2.651956750434464,0.0012664559721714819
180.4,2.4953420538997744,2.645618233045466,0.0012437778253110154
180.42,2.494480184690529,2.638458574696391,0.0015910345723359198
180.44,2.4938046824988196,2.6317651774435467,0.0014441493041451592
180.46,2.4931999444157165,2.625284790439877,0.001437265993882747
180.48,2.492354733255699,2.6184334205941053,0.0013509965762176224
180.5,2.491510467705249,2.6113406879240264,0.0015820003803118932
180.52,2.490975017265839,2.605140335065974,0.0012896567580118756
180.54,2.4902049402034603,2.598372938949344,0.0011079835107535019
180.56,2.4892323736399447,2.5912492709769905,0.0016948626653033039
180.58,2.488511530603676,2.584911054158827,0.0013376458341942121
180.6,2.4877506571235917,2.5780781743859897,0.001302814174704514
180.62,2.486808937585503,2.5710247039596092,0.0014693126838969117
180.64,2.485960105947879,2.564205355918223,0.0013220193705696381
180.66,2.4853654435855543,2.5579979383718947,0.0012826562317548307
180.68,2.4844071662131584,2.551185294726478,0.0012767162648396335
180.7,2.4835109298829625,2.5441854818588525,0.0015679787565397452
180.72,2.4827640777269733,2.5377959576125675,0.0011399337861348613
180.74,2.48188798177461,2.5308965486416644,0.0011616601856633546
180.76,2.4808154826681617,2.5238147451105517,0.00143103296667485
180.78,2.4800499134979708,2.5175200485072016,0.0010319175914959844
180.8,2.4792438951137448,2.51078698976591,0.0012434091668630798
180.82,2.4781428591445773,2.5038014866583893,0.0014005767499015442
180.84,2.4771978394171486,2.496986453612832,0.0016141321827997934
180.86,2.476284015058812,2.4902283932987648,0.0010732937130870646
180.88,2.475336073617398,2.483059249526878,0.0010122523642781822
180.9,2.474264565574627,2.476082451748704,0.0012400760070636896
180.92,2.4734553741802565,2.4693662893489385,0.0011567015872074593
180.94,2.4725565337821607,2.462640545468877,0.0011269533185100933
180.96,2.471590959538171,2.456001046862088,0.001521600949663221
180.98,2.4706194344812684,2.449208172402112,0.0013366624038701758
181.0,2.4699283525679268,2.4430572999811893,0.0011072286276176957
181.02,2.4688309583580748,2.4362587814977177,0.0012270964693016362
181.04,2.467759962066628,2.4291194729144006,0.0013493325392255617
181.06,2.4671112192330877,2.423109557063574,0.0010312569232798219
181.08,2.466066060321158,2.4165293821345952,0.0009116111478186528
181.1,2.464847610719233,2.409248821773888,0.0011239392368692647
181.12,2.463964022436754,2.4028723985620144,0.0009842756541090236
181.14,2.462963859514776,2.396488496860059,0.0009165257789093273
181.16,2.4616212995157074,2.3892859910640247,0.0013405266842842212
181.18,2.4605328893053047,2.3826390228984278,0.0011382365265215355
181.2,2.4594527101985006,2.375829202843563,0.001169629089506602
181.22,2.458195510646705,2.3689035328405756,0.001137381123885367
181.24,2.456910002939797,2.3618399435281003,0.0013675630309815945
181.26,2.4560435865491876,2.355838918629018,0.0010413230395670547
181.28,2.45490530775829,2.3490724288955445,0.0010893439096373858
181.3,2.4535582032012315,2.342045827645673,0.0013742056195117924
181.32,2.4524676802596304,2.335632769078449,0.0011574868062417532
181.34,2.4513238191553097,2.3288095158362307,0.0011730670128351495
181.36,2.4499830500265407,2.321807804245188,0.0012681767293633295
181.38,2.448767747213344,2.3150539861236386,0.0012632337748248734
181.4,2.447872676959763,2.308964310967864,0.001110372045021818
181.42,2.4465689120934204,2.3021571261395746,0.0011063732941269666
181.44,2.445340212572344,2.295315930883301,0.0013371631837092168
181.46,2.444146116710786,2.288473224807695,0.0011077199157547013
181.48,2.44288804830323,2.28143420559927,0.001075257764696913
181.5,2.4414855250891594,2.2744506100054567,0.0015190208166765418
181.52,2.4403788405941564,2.2681388990562934,0.0012697596655988352
181.54,2.4392932210489837,2.2615657124961435,0.001313751513219219
181.56,2.437940537086013,2.254625595488859,0.0012854922980743144
181.58,2.436712076711844,2.2479244101210463,0.0014175496831974332
181.6,2.4355258214413875,2.241370224828978,0.0012575370240717199
181.62,2.4342670624650182,2.2343752731210866,0.0009616294713505336
181.64,2.432839210880596,2.22737607194541,0.0016442062616884856
181.66,2.431784089644546,2.221273404968108,0.001281441227946989
181.68,2.4306729367133744,2.2146143011643837,0.0012088954799322205
181.7,2.4292730778548037,2.2076201989810524,0.0015318101450039479
181.72,2.4281240757151887,2.2011465000573818,0.0013736497691926863
181.74,2.4270098632329806,2.194577700955289,0.0014529454813173581
181.76,2.425670707320179,2.187670149162113,0.0012994389916708704
181.78,2.424320278699488,2.1807368736225934,0.0016171704791518582
181.8,2.4232101133959354,2.1745211932589843,0.0012604307404928128
181.82,2.421955254736255,2.167657987958335,0.0011400259109493882
181.84,2.420495259772365,2.160612297055162,0.0015936674624324187
181.86,2.4193571602021318,2.154362411476412,0.0012107691534564424
181.88,2.4181520733003925,2.1475701239510143,0.0013893143084190707
181.9,2.4167212615931826,2.140596422320444,0.0015166196164316526
181.92,2.4155175189749754,2.134086850512004,0.0014411968742427117
181.94,2.4143211984367943,2.1274914233925677,0.0013976002902593432
181.96,2.412923525338209,2.1205630528577117,0.0013519392725567236
181.98,2.4115256872561193,2.113684623908937,0.001776644232914154
182.0,2.4102678139890683,2.107470287316645,0.001190877912637417
182.02,2.409010874701275,2.1004707980893147,0.0013222355121207396
182.04,2.4075015297556575,2.093468450733373,0.0016237075662622613
182.06,2.406231594126456,2.0868492620197636,0.0013315338620606132
182.08,2.405159636093041,2.080545175864789,0.0014704198862269535
182.1,2.4037300493504308,2.0737545516752567,0.0014616547478841502
182.12,2.402445311398662,2.06706670209368,0.0015701362863819734
182.14,2.401197358964166,2.060455116879471,0.0013237452192297328
182.16,2.399799690313428,2.053516969576772,0.001206042054072043
182.18,2.398250967899656,2.0465131847049234,0.0015262049156479773
182.2,2.3971256948619866,2.040302012408369,0.0012833587867692453
182.22,2.3958662946207756,2.0338044320969506,0.0013053321723376643
182.24,2.394350079037282,2.026905415298398,0.0016366874916553809
182.26,2.3928991621525575,2.0199997848986087,0.0016356132002009194
182.28,2.3915537986919655,2.0131343259491166,0.0012479699098889852
182.3,2.3900148693194523,2.0060931149751626,0.001319814696564059
182.32,2.3885404981100162,1.999202872776864,0.0012383434258196602
182.34,2.387292583738174,1.9923972759809465,0.0014765781172478842
182.36,2.386054960128772,1.9859659653661366,0.0014285610248295222
182.38,2.3846909696915493,1.9795523373205495,0.0014505103033195799
182.4,2.3832513413116274,1.972685123324998,0.0010693098492972342
182.42,2.381941463982222,1.9660568212902383,0.0013053932910417343
182.44,2.3803760380110686,1.9591882625604091,0.0014486508435003487
182.46,2.378944126582583,1.9525282814303093,0.001496639175146336
182.48,2.3775590995610862,1.9457507417952493,0.0011525004589924281
182.5,2.3759563022483854,1.9386879561450387,0.0011697866081145647
182.52,2.374414977603594,1.9318220915920705,0.0013007767529392977
182.54,2.3731460973029783,1.9253580941636492,0.0012752074512678013
182.56,2.3717859573371287,1.9187734286217748,0.0012214594406938506
182.58,2.370375037031472,1.9123388461688453,0.0013567397661640168
182.6,2.3690066485336074,1.9059332147109767,0.000848383694779159
182.62,2.3677018311063223,1.8993471302928517,0.0011159657100308085
182.64,2.366087125486101,1.8924683891261604,0.0013325567560300566
182.66,2.3645698768234125,1.885739120053502,0.0013941289824458136
182.68,2.3631408073518365,1.8789566601361238,0.0010973440590070216
182.7,2.361561414440844,1.8718952873833767,0.0010237742716069642
182.72,2.3599974058176283,1.8650532246345783,0.0012345231984556282
182.74,2.3588428693565078,1.8590318638678367,0.0010142528489466562
182.76,2.35742511102594,1.852461951260791,0.0008633696355168363
182.78,2.35578574443956,1.8455078244740242,0.001294269318854152
182.8,2.3542797431520355,1.838851167737703,0.0009437734753583726
182.82,2.352823004744153,1.8318536440871422,0.0012082419817250611
182.84,2.3511583152969227,1.8248511879583005,0.001244769874474333
182.86,2.3495805695991976,1.8180018215889382,0.0012594121454600204
182.88,2.348441334016164,1.812038248212075,0.0011323324335320573
182.9,2.3469708345697464,1.805536106670299,0.0009902002801493448
182.92,2.34525973283033,1.7984878883745194,0.0014835043066269982
182.94,2.3438789422042547,1.7923120088801752,0.0009920887603738215
182.96,2.3424149607233855,1.7855972444374604,0.0010803946208761683
182.98,2.3407235844718857,1.77867866089338,0.001366559983991683
183.0,2.3392518929197097,1.772216418312505,0.0011417599068674344
183.02,2.3377926499245945,1.7656021967919313,0.001263689189267836
183.04,2.3361328249429296,1.7587377980041037,0.0011986521421534224
183.06,2.334597882667451,1.752165522391601,0.001427517888601848
183.08,2.3331453990083224,1.7456672416735577,0.001139223929680494
183.1,2.3315402543184938,1.7386239420267988,0.0010405770579454687
183.12,2.329809760889858,1.7317488431235648,0.0013775986952651864
183.14,2.3284121235741764,1.7255790648109186,0.000951911532611871
183.16,2.326920800294319,1.7187007889785482,0.0012399674934614469
183.18,2.3252146152402404,1.7117795853968627,0.001411868685418205
183.2,2.323702297418159,1.7053130885845151,0.0013748962699445533
183.22,2.3222147503324173,1.698553998159871,0.0013292379429158674
183.24,2.3205465513546497,1.6914876983264395,0.0012106844455820331
183.26,2.318919809048319,1.684689785557505,0.0015009828383812929
183.28,2.317658453032834,1.678590882223034,0.0011983532383816053
183.3,2.3161646104078026,1.6718225943137692,0.0010863103962384935
183.32,2.3144505158111466,1.6648728491937768,0.001584046382654386
183.34,2.312997440187546,1.6585179458074113,0.0012895086797419242
183.36,2.3115036712325745,1.6516741504719883,0.0013758887225513994
183.38,2.3098208303815855,1.6447118792103537,0.0014429394841271315
183.4,2.3082243118196004,1.6379033208653042,0.001418464469382652
183.42,2.306978166933338,1.6317661346899128,0.0015115342877094207
183.44,2.305477926545428,1.6252497746109662,0.0011925444498644966
183.46,2.3037564343849444,1.618309825272062,0.0017634384622413624
183.48,2.302157589484574,1.6116358165750921,0.0014009423529044995
183.5,2.3006192560806826,1.6046954784885785,0.00132549150795927
183.52,2.2988517425779604,1.5977461617948796,0.0015517755310799908
183.54,2.2972037814255146,1.5909037802932149,0.001143389251914012
183.56,2.295741893384253,1.5841904386671106,0.0017714411997105661
183.58,2.294399136163721,1.5780044136862443,0.0013788099299923695
183.6,2.292800232282203,1.5715685714277114,0.0014046688878784075
183.62,2.2913190816914306,1.5649218779037473,0.0015810923161566903
183.64,2.289742982802055,1.5581197385153296,0.0013895567090569383
183.66,2.2881171068357973,1.5515650979300573,0.001717072661101493
183.68,2.2865769403240326,1.5450878106657222,0.0013376297147248695
183.7,2.285152144310562,1.5385957280573668,0.0014262615394010358
183.72,2.2834262987509617,1.531767493020578,0.0015661194458296002
183.74,2.2817831986738697,1.5249336539439315,0.0015864391970653313
183.76,2.2802367191149666,1.518097017202459,0.0013605222749905888
183.78,2.2785129168224856,1.5110493970097845,0.0013050996378314583
183.8,2.276824437243733,1.5042248313597952,0.0014101182822975622
183.82,2.275424638301051,1.4978396954013786,0.0014137099452301571
183.84,2.2738798324016662,1.491233155356298,0.0012277481512635025
183.86,2.272188350411563,1.484487534215147,0.0017531941884521562
183.88,2.2707140507627126,1.4781750781340968,0.0014902277889385085
183.9,2.269253585324291,1.47175061818006,0.0012832820180277982
183.92,2.267469298426279,1.464886221643949,0.0014077485119846633
183.94,2.2658030977470998,1.458114795857282,0.001308972044556267
183.96,2.2644605858373117,1.4519513534254094,0.0013186151064656926
183.98,2.2627690128201534,1.4453668278750826,0.0012219864551386572
184.0,2.2610991771734925,1.4386748152629825,0.001555432427822162
184.02,2.259430882756909,1.4322661649146293,0.0010666549525590874
184.04,2.2577509556434254,1.425326807639065,0.0011699753600240004
184.06,2.2559020853768126,1.418446048831514,0.0014268243046919038
184.08,2.254261206569488,1.411945556690016,0.0010781382422834496
184.1,2.2527794990676298,1.4055725131852395,0.0013522287676833444
184.12,2.2510847119841992,1.3990485956788772,0.0013492367482675072
184.14,2.249287331107171,1.39224083762348,0.001525716664659782
184.16,2.2478606420404716,1.3861652866115348,0.0011098611985228823
184.18,2.246114340837435,1.379491265411863,0.0010073824013305532
184.2,2.2442014714673446,1.3724941925883465,0.0014137631015724295
184.22,2.2427335741114867,1.3664290977488414,0.0009541308426747608
184.24,2.2411608436225743,1.360137403288972,0.0009051476421394755
184.26,2.239141056633792,1.3531292887097335,0.00127797352613096
184.28,2.237413630510539,1.3467806174376367,0.0009142185164165706
184.3,2.2356440619722266,1.3400547032349017,0.00120673335265864
184.32,2.2336667962276304,1.3332442628939285,0.0012159657792618905
184.34,2.231752708079524,1.3264539642782953,0.0014231305168097008
184.36,2.2303832096464906,1.3207531751375718,0.0010466419576987407
184.38,2.2286228087967968,1.3144381807607965,0.0009250396664365335
184.4,2.2265807763335763,1.3073643208284118,0.00142396424737673
184.42,2.224847917647017,1.3011947441330334,0.0009568603411858612
184.44,2.223051735073284,1.2946306625406976,0.0010773758498408281
184.46,2.220946336427052,1.2878413956954782,0.0013395733239856822
184.48,2.219029074113105,1.2812245283130523,0.0012849528980656277
184.5,2.2174884020564813,1.2753215459068772,0.0011412240964375209
184.52,2.2155371691786447,1.2688963008587284,0.0011832226439648652
184.54,2.213443735685226,1.2619373125061033,0.001506200993129203
184.56,2.2117032974752364,1.2558641542058941,0.0010119529766617619
184.58,2.209810886711714,1.2493409175083798,0.0009920709397011063
184.6,2.2075871222482966,1.2424783170418923,0.0013740404715588406
184.62,2.20571803797517,1.2362429898512546,0.0009726131210007483
184.64,2.203802157376263,1.229737287634756,0.0012006337370876197
184.66,2.20162865979595,1.22302166878712,0.0013870859209924313
184.68,2.199650331432927,1.2166084661899184,0.0015454323264644798
184.7,2.197682427275138,1.2101792133830303,0.001145653023165244
184.72,2.195560122740727,1.2032550358743959,0.0010409781769258886
184.74,2.1933710537366107,1.1965388593093396,0.001333556393468549
184.76,2.1914910700612125,1.1901378279956716,0.0013102608854951292
184.78,2.1895181620962134,1.1836104342721843,0.0013764715894403479
184.8,2.1875963739341757,1.1775008304837078,0.0014785126868073484
184.82,2.1854968134175015,1.1708787066738788,0.0012187663026308748
184.84,2.183659795829586,1.16451083940047,0.0014263659065477108
184.86,2.1816572150598597,1.158128617730099,0.0013641744691787472
184.88,2.179490259397556,1.1513871232935604,0.001497896643026797
184.9,2.1777109205224425,1.1452376840738256,0.00138096359481385
184.92,2.175715860006059,1.1387867002716467,0.0011349309992057799
184.94,2.173514666763211,1.132093179543085,0.0017824569292969328
184.96,2.1715351093450326,1.125776943512376,0.0014634923586434867
184.98,2.1696625718866063,1.1194554961724554,0.0013596071974294466
185.0,2.167426912712745,1.112723089443358,0.0015140840975002845
185.02,2.1653916059197194,1.1063124728499933,0.0014435048954140606
185.04,2.1633420590304446,1.099798492199329,0.0013947548138084909
185.06,2.161112585897191,1.0930130268369105,0.001376224581683294
185.08,2.15889296487017,1.0862402881186157,0.001588623928169025
185.1,2.1571340086841295,1.0803689565338759,0.0013203403802773406
185.12,2.155065246856623,1.0737734628271136,0.001240487464623713
185.14,2.1527132832749585,1.0669605780004434,0.001652806098367987
185.16,2.150799267517765,1.0608746026896363,0.0013702875124021463
185.18,2.148752203110898,1.0542759502976669,0.0014103804200915893
185.2,2.1464297590705548,1.0475133691867915,0.0015450154561772456
185.22,2.1443143697351577,1.0409980820741966,0.0015943684645163547
185.24,2.1425594651574866,1.035004502140956,0.0014024699992828404
185.26,2.14038810107341,1.0283544683950163,0.0013145531064359395
185.28,2.138135748936507,1.0217044079488826,0.001770414926571956
185.3,2.1361324667966,1.0156496449876922,0.0011988456411872739
185.32,2.1339948262858464,1.008780689337465,0.001288431157373482
185.34,2.1316854062990633,1.0020334712718957,0.001565767439840965
185.36,2.1297380600562095,0.9959183437370457,0.0011726840716717035
185.38,2.1277112567931584,0.9893959857916195,0.00135081828313513
185.4,2.1255038237807846,0.9828262317331037,0.0015940455803687137
185.42,2.1233053139862488,0.9762051306561784,0.0016825641286825066
185.44,2.1216451196880772,0.970528169519607,0.0012286848002988904
185.46,2.1194623074349725,0.9640812958253311,0.0012268837629196838
185.48,2.1170817468502183,0.9570716713646144,0.0014618822799628839
185.5,2.115325057749237,0.9512283894415079,0.001137290777835892
185.52,2.1133225339669894,0.9451385924256651,0.0010210542601399863
185.54,2.1107808655331017,0.9381158526210001,0.0013889937796285334
185.56,2.108666046433833,0.9318320054264331,0.0010629843678790496
185.58,2.1066359883905776,0.9257184225044242,0.0011611482367026305
185.6,2.1041604605390294,0.9190414050503938,0.0012844295670367267
185.62,2.101826756358585,0.912495336986236,0.0011670686982698242
185.64,2.0996355799066517,0.9060388055380092,0.0012026028384751475
185.66,2.097253954127299,0.899522724678211,0.001000804256274218
185.68,2.0947610140271418,0.8929219327058405,0.0014917221141377834
185.7,2.0926535142983416,0.8869836926272696,0.0009920139831745278
185.72,2.0903172809791624,0.8802798820915827,0.0011675123934420661
185.74,2.087819690078076,0.8736131443835777,0.0013529875912079714
185.76,2.0856059234725013,0.8674817938935728,0.0011788517635486218
185.78,2.083311568138965,0.8609356858207284,0.0012199458997971813
185.8,2.0807844817436982,0.8541693475309537,0.0011644878441864348
185.82,2.078434828582247,0.8477265368163976,0.0014344514959944987
185.84,2.07645462655228,0.841899996985796,0.0010900624230751332
185.86,2.0741057316972893,0.8351755688405699,0.00104429867538669
185.88,2.0715650948948654,0.8285624538113245,0.0014150668434409486
185.9,2.069328851649288,0.8223897412159763,0.0011332596461489375
185.92,2.067046652497795,0.8157260710413724,0.0011187608259191073
185.94,2.0645124220059987,0.8089899279433503,0.0012875069691678231
185.96,2.06221156844145,0.8025724276783796,0.0012322448169377886
185.98,2.060307279777548,0.7967229725501009,0.0010819787996576291
186.0,2.057916503794625,0.7902107037526601,0.001069998080837603
186.02,2.055513670434675,0.7836231182851339,0.001348772823595329
186.04,2.053220982522189,0.7771259540214742,0.0009958429215518039
186.06,2.0508512780982686,0.7703512639065286,0.0009817126162062206
186.08,2.048297120629565,0.763693314945211,0.0013437585828234844
186.1,2.0461397266855226,0.7575930943052304,0.0010219376540633596
186.12,2.0440713108234334,0.7513609911564076,0.0011041150887209361
186.14,2.041604767153132,0.7447374369059373,0.0013383616273907606
186.16,2.0392054336943573,0.7381569626286816,0.0013966150264307364
186.18,2.037042350999145,0.7319753635287207,0.00116944449639661
186.2,2.0346944967901663,0.7254191194862619,0.0008710925064469299
186.22,2.032101913323518,0.7186959353116895,0.0014197320583292095
186.24,2.0299276160904647,0.7126433405738042,0.001118912684937634
186.26,2.02775044375272,0.7064523521839029,0.00123168975360749
186.28,2.0253202116178315,0.7000524719859313,0.0014867070250637882
186.3,2.0229319566763424,0.6936720264559416,0.0014160268651592645
186.32,2.020656993937013,0.6874116062299009,0.0012353438391550509
186.34,2.0181146157505947,0.6808106806742805,0.0012102412600879797
186.36,2.015597038837898,0.6742123212841155,0.0014047276106515239
186.38,2.013553472500233,0.6683905823052765,0.0012271478892662557
186.4,2.0111846736048866,0.6621350752892974,0.0010166413643580008
186.42,2.0085487431773776,0.6554219721384476,0.0015863093601085343
186.44,2.006176508490921,0.6493170918333175,0.0011366092113478388
186.46,2.003736072805297,0.6426807847560992,0.001310419475907737
186.48,2.001119616801299,0.6360408043232847,0.001445426154100038
186.5,1.9986284593671961,0.6295923851488381,0.0013855270881786563
186.52,1.9965004970868168,0.6236514574595506,0.0014758817916558087
186.54,1.9941162242611639,0.6174630864136603,0.0012854181809313636
186.56,1.9914456288652196,0.6107471164686332,0.0017979864218540254
186.58,1.9892351981716567,0.604918148391546,0.0012817319905741864
186.6,1.9868715672311263,0.5985699056693129,0.001324089248257998
186.62,1.9841878439995857,0.5919578096504333,0.0014927060580503804
186.64,1.9818518804386223,0.5859098893687679,0.0011780493905224343
186.66,1.9794481797558177,0.5794872208102705,0.0013593195905389488
186.68,1.9768560305819785,0.5730902575050031,0.0015798738320985384
186.7,1.9742719169812146,0.5666291487461357,0.0015874432942758199
186.72,1.972192382735473,0.5608981527718012,0.0013399751270986304
186.74,1.9696032826167575,0.5545586538953459,0.0012836415007103918
186.76,1.966845748770839,0.5478749830106562,0.001590861371392971
186.78,1.9645254516556334,0.54186568644118,0.0012898541452675272
186.8,1.961975191658498,0.5354065649613815,0.0012435229904732559
186.82,1.959209411487878,0.5288600617574393,0.001660679223279199
186.84,1.9566395079706498,0.5226700944041928,0.001494480304635365
186.86,1.9540810019356805,0.5160901863892907,0.0014352358631333773
186.88,1.9512765732898283,0.5093701799624228,0.001430630420934914
186.9,1.9486250565922818,0.502929679503539,0.0015454464748483332
186.92,1.9464768836723423,0.4971938597831087,0.0013578224629808011
186.94,1.9439150365656832,0.4908773080077624,0.0011804765533080797
186.96,1.9412236121478081,0.4843217869905608,0.0016933596338530865
186.98,1.9386703060770485,0.47805523735117567,0.0012488466362134687
187.0,1.9360734346366324,0.4713384026691158,0.001339954840443941
187.02,1.933299411775871,0.4647377543127164,0.0014796491138002466
187.04,1.9308928469089124,0.45874830988290327,0.0012392649359277974
187.06,1.9283841936438284,0.452314662434638,0.001353844042675273
187.08,1.9257482316000392,0.4458194354676716,0.0014222779136456032
187.1,1.9231121259900765,0.4393687213184278,0.0015750998446246722
187.12,1.9209616208432683,0.4336280709777324,0.001303108153213245
187.14,1.9184966083546104,0.4273618795031839,0.0011309115300851824
187.16,1.9156520415486662,0.42070048931407333,0.0016073418265378225
187.18,1.9133328889917909,0.4148367665340202,0.0013174331179907628
187.2,1.9109025197614384,0.4086979864158522,0.0012418065829756797
187.22,1.9081369126665633,0.4021832817400207,0.0013673053915103928
187.24,1.9054443609894758,0.3957045382680726,0.0011814532683767365
187.26,1.90312085424544,0.38972254288116887,0.0013260469017745413
187.28,1.9005616070043119,0.38363894875508536,0.0012739652429607506
187.3,1.897709098798857,0.3769733703059763,0.0017290097375409208
187.32,1.895347410680698,0.3712746404156105,0.0011875305545439863
187.34,1.8927702248497358,0.3649863018323418,0.0011278008646059268
187.36,1.8898856244937674,0.35844340068323793,0.001352496117267149
187.38,1.887267664407638,0.3522632695706253,0.0009752105631692376
187.4,1.884808634748852,0.34616209445504953,0.0012203446332767764
187.42,1.8820994533513267,0.339970858805863,0.0013854196397364849
187.44,1.8792896133860895,0.33354235578280295,0.001486643712144381
187.46,1.8769037951409129,0.3277401998288563,0.0011179277523483966
187.48,1.8741601303630473,0.3214119125929304,0.0009833482832726503
187.5,1.8711532545189582,0.31481960272795656,0.0013999322841135586
187.52,1.8687194244314198,0.30916320125077934,0.0008740294478073452
187.54,1.8660756423024973,0.3028463947287791,0.0010695103390742644
187.56,1.8631324830893206,0.29637602867379176,0.001332547268205475
187.58,1.8604700836363386,0.2903495282601874,0.0011500669572115374
187.6,1.857698312841756,0.2838640694427623,0.0011823615823714217
187.62,1.8546921010713961,0.27728203327375905,0.0011416506608541155
187.64,1.8518686969399771,0.2709882504329627,0.001270421342147221
187.66,1.8494514416954775,0.26516854125773126,0.0011710194015071007
187.68,1.8467031213728866,0.25878744554263317,0.0009952422406786787
187.7,1.8438249111121772,0.25251684645970396,0.001392499533661773
187.72,1.8412183070412278,0.24650368209529505,0.0009835325015054575
187.74,1.8385830390495483,0.240240311665442,0.0011460154665686728
187.76,1.835739558998571,0.2339211046797055,0.001466800832796128
187.78,1.8329175779429039,0.22758035179287983,0.0014722096517727212
187.8,1.8306597650057135,0.2220445788899175,0.0011164179741420255
187.82,1.827869755048924,0.21583734087027867,0.0011773463988275223
187.84,1.8248582781293137,0.20916578639218192,0.0013537570866692106
187.86,1.8225182743685509,0.2035209222418618,0.0011411454646131913
187.88,1.81992183726687,0.1976725683489774,0.000860170905565838
187.9,1.8167436572925675,0.1909579979346085,0.0013647933369647647
187.92,1.8141955590366945,0.18520514028922055,0.0009394036896889502
187.94,1.811680098234134,0.1794534102523473,0.0010166627340206513
187.96,1.8084055013878906,0.1728811979373206,0.001235019776279045
187.98,1.8055572207803026,0.1667994940018943,0.0010638654838335537
188.0,1.8027557115835613,0.16066869730164762,0.0011829377819936593
188.02,1.7996251404567498,0.15434788748730405,0.0011029822948639967
188.04,1.7965779911497015,0.14818411841555906,0.001305352630871448
188.06,1.793653520534189,0.14191682708795267,0.001249054378800435
188.08,1.7905596181676056,0.13534289380206177,0.001090707707767008
188.1,1.7874966927892841,0.1291542154636708,0.0017320985988814874
188.12,1.7845588196038251,0.12302799583606192,0.0014556752947643692
188.14,1.7820023904351987,0.11728475664227822,0.0014205740438477665
188.16,1.7790760243777146,0.11114679379958102,0.0014309314963557307
188.18,1.7759708081758372,0.1047175067468916,0.001687910937412579
188.2,1.7734100471590744,0.09907221603104438,0.0012629652427571247
188.22,1.7704500685583695,0.09273852369772301,0.0011022933836291882
188.24,1.767321881562829,0.08641172779202885,0.00162456008999326
188.26,1.7644462887588772,0.08040882579576515,0.0012254957905617203
188.28,1.7614750405215969,0.07391561921642813,0.0012826009253689707
188.3,1.7583277220660432,0.06749136636467351,0.0016268780782855152
188.32,1.7554682107004216,0.06146129800236364,0.0014827671802973286
188.34,1.7527689503365897,0.055531155707388445,0.0014949765454429775
188.36,1.7497944655034747,0.049268972284858284,0.0013893340957799594
188.38,1.746693281561661,0.04295019062506186,0.0016412643768461965
188.4,1.7441982910619138,0.03739664649375113,0.0012920582806429382
188.42,1.7413136065948154,0.03127571870774158,0.0010789536215264628
188.44,1.738153445230589,0.024835455046904473,0.0015804013589222343
188.46,1.7352793405226365,0.018870203917478776,0.0011734498622531508
188.48,1.7322896417962328,0.012411903214315206,0.001369957643609282
188.5,1.7291103139272876,0.00601116494493921,0.0015345359511931
188.52,1.726284874505056,0.00010439678345789544,0.001432208370743926
188.54,1.7234975246131687,-0.005965226500805207,0.001470483244977061
188.56,1.720536192470836,-0.012185323604309642,0.0013260340789302272
188.58,1.717507407028516,-0.0183800104318845,0.0015855416124520294
188.6,1.7147829084730912,-0.02430090386891528,0.0013721925157664516
188.62,1.7118657635170642,-0.0305435781856457,0.0013342240557933926
188.64,1.708938507432934,-0.036586683948152524,0.0016152895756456898
188.66,1.7061039215191058,-0.04252117634165924,0.001233276953924639
188.68,1.7033537340593545,-0.048634955148127865,0.0013380478742952007
188.7,1.7001591467252393,-0.05500120968361377,0.0014762000094282746
188.72,1.6971509765020485,-0.06115579944480973,0.0015583129625004744
188.74,1.69420833342801,-0.06735682673845468,0.0012756873432506755
188.76,1.6910552549929165,-0.07383183213355372,0.0011838847198963887
188.78,1.6878703342215104,-0.08017052791310669,0.0014580007906560555
188.8,1.6852690483007897,-0.08582079243710364,0.0012459753953541763
188.82,1.682395551910297,-0.09185304346858603,0.0011787334470177435
188.84,1.6791734479023366,-0.09825138602619281,0.0016272994118859962
188.86,1.6762587798174882,-0.10415207330231964,0.0015646994980542117
188.88,1.6732651534172427,-0.11032150182255945,0.001224387194845522
188.9,1.670052781578089,-0.11676968201471224,0.001266748914180299
188.92,1.6669205793976403,-0.12307811400769335,0.0012269482044785507
188.94,1.6640155016643567,-0.1292437189747614,0.001440853696577038
188.96,1.6611672226843328,-0.13521339904149687,0.001306761524883987
188.98,1.6583252578800067,-0.14084929380091193,0.0012461122258950463
189.0,1.6553440769059498,-0.14708815639660267,0.0012026415997101192
189.02,1.6522965133329897,-0.1533919541947092,0.0013201521558911244
189.04,1.6494344314061182,-0.15921170944617136,0.001316676235709885
189.06,1.6463908954911706,-0.16531996655913636,0.0010314026867457304
189.08,1.6435416889606813,-0.1713982006439957,0.001423717113769124
189.1,1.6406316038976365,-0.1774136558666961,0.0011027316664015963
189.12,1.6375036846028035,-0.18360096867635645,0.0014038980862058625
189.14,1.634761309821621,-0.18934577982550482,0.0011301773771942303
189.16,1.6318185454629706,-0.19545209641020725,0.0009566952985641808
189.18,1.6286579988825391,-0.2016967486062037,0.0013682727533651795
189.2,1.6258106569541104,-0.20742044079013056,0.000866997460261254
189.22,1.622786579334496,-0.21378405569985837,0.0011116444916603185
189.24,1.6196570934708643,-0.21997282039362337,0.0013778171988856336
189.26,1.616561846641026,-0.22615889444621926,0.001266702450809426
189.28,1.6139060776320655,-0.23185362087753564,0.0011496704436469718
189.3,1.6108839563294217,-0.2378718050621557,0.0011056615545920745
189.32,1.6076254152901759,-0.24425537934953864,0.0014603450957206277
189.34,1.604885690155293,-0.24989670631350447,0.0010210111890389117
189.36,1.6018605610982888,-0.25613194809829654,0.0010201892308012162
189.38,1.5986409158377173,-0.26233957665040325,0.001516235624921869
189.4,1.5955604813508313,-0.26844511615788447,0.0012741206533909144
189.42,1.592821668056829,-0.27417679040145215,0.00113931943598794
189.44,1.589581371589611,-0.2803575455962287,0.0013070832199854332
189.46,1.5864970620046095,-0.28646516425931673,0.001480697436598316
189.48,1.5835097719468443,-0.29247124350828224,0.0011373155900160081
189.5,1.5803303735484946,-0.29881793213165897,0.0009813207265478019
189.52,1.5770181424151348,-0.30513872135482206,0.001359750698733564
189.54,1.5741621129627246,-0.3109556529386616,0.001178232107202054
189.56,1.5711830950289631,-0.31695100348575767,0.0011786541647170745
189.58,1.5680165208681842,-0.3230016062075641,0.0015600867972812293
189.6,1.5649570597677103,-0.3289787706883656,0.001456017696987194
189.62,1.5620275068146432,-0.3349149180295293,0.0013010182967431172
189.64,1.5587604344845924,-0.3411756052731112,0.0012441265214285513
189.66,1.55546125770477,-0.34750357791032005,0.001454868838206974
189.68,1.5527724370814449,-0.3530201948702919,0.001295599800244629
189.7,1.5497688074230034,-0.3589279166387265,0.0009357026125407231
189.72,1.546362715465901,-0.36523559426406765,0.0016702267757355282
189.74,1.543125959654119,-0.371396861739596,0.0013966523686888
189.76,1.539948349727575,-0.3777247824138124,0.0012797062763287292
189.78,1.5365719865718497,-0.38405341280267313,0.0014046470587545934
189.8,1.5334655450979757,-0.3900267976680363,0.0011877594890234433
189.82,1.5304814745795594,-0.39606613927817064,0.0013902477026469795
189.84,1.5272285847200806,-0.4021575676860404,0.0014155913926898467
189.86,1.5238850459793318,-0.4084180218802601,0.0017121277988906003
189.88,1.521118610873671,-0.41391553888698684,0.0013054488308426038
189.9,1.5179667172399542,-0.4200539713660491,0.0012125824943347019
189.92,1.5145220331552314,-0.4263595895591244,0.001597739053996794
189.94,1.5115733013414714,-0.43197730052731076,0.0012755779170899872
189.96,1.5084248756887084,-0.43814549747966264,0.001440429114470343
189.98,1.505156665580709,-0.4441700047930781,0.001537433517321829
190.0,1.5018573500491637,-0.450318711071304,0.0014564377699519404
190.02,1.498823360154135,-0.45628472682982635,0.001612789701374101
190.04,1.4957566265465956,-0.46223654888987714,0.0013241793157556803
190.06,1.4924636330203023,-0.4682871619038282,0.0015428333124517801
190.08,1.489347783070148,-0.4742981475852414,0.0014527558805794982
190.1,1.4861422185611102,-0.4804742722605866,0.0014042034029795591
190.12,1.4829575324851603,-0.4863754488935414,0.0016311365248114773
190.14,1.4798414416723586,-0.49224793852257953,0.0012740025100815289
190.16,1.4767975098279738,-0.49832409985882997,0.0013245760934762207
190.18,1.4733761413075177,-0.5046128925713639,0.00149194195339869
190.2,1.4700638481125143,-0.5107744839781361,0.0013930171591230167
190.22,1.4672056747565059,-0.5164276447811932,0.0013397948905507218
190.24,1.4638199096993068,-0.5225438756580756,0.0011953394266292217
190.26,1.4605010737532353,-0.5286429578018426,0.0013500353854532243
190.28,1.4573782361965686,-0.5345732230555459,0.0013219203027663717
190.3,1.45408893225421,-0.5406874023791679,0.001101541793025046
190.32,1.4505774216560867,-0.5468447441219549,0.0015140176110884362
190.34,1.4473563224163688,-0.5527156748839803,0.0012283752357336308
190.36,1.444001809556199,-0.559076451522855,0.001374869066063683
190.38,1.4404808884632831,-0.5654093271827447,0.0013601674744506687
190.4,1.4373281367688586,-0.5712111421589776,0.0015294578210656717
190.42,1.434240265869412,-0.5770338949710728,0.0012383445464158038
190.44,1.4308467480828164,-0.5834613008882431,0.0010369857119149617
190.46,1.427504217344751,-0.589467154480952,0.0015760862038065038
190.48,1.424465355068443,-0.5951844272884236,0.0011671355009084117
190.5,1.4213316775843552,-0.6012519495026537,0.0014286641049119086
190.52,1.4181247794163705,-0.6071391914369797,0.0014627517126436507
190.54,1.4147767181305562,-0.6133113356993518,0.0014611156782882162
190.56,1.4119184828259383,-0.6188779035174916,0.0012972493105143368
190.58,1.4086450694327877,-0.6248646198074165,0.0011316446557002868
190.6,1.405228265745371,-0.6310499330451256,0.0014093412107983316
190.62,1.4021176530279902,-0.6368603286654467,0.0011280066091665097
190.64,1.3987935752117675,-0.6430621812903904,0.0009360306837245813
190.66,1.3952947652797991,-0.6492893825167623,0.0013254121398649787
190.68,1.3923434545660056,-0.6548145468302734,0.0009729969745410627
190.7,1.3890552370100335,-0.6609696142096653,0.0011763588672642766
190.72,1.3857700650259346,-0.666898593970199,0.0014089332472567717
190.74,1.3823796938388213,-0.6730090188236577,0.0012680508927160328
190.76,1.3794704846171162,-0.6786051324195295,0.0012934003098815094
190.78,1.3762095003596826,-0.6845965210249502,0.0009855555178420738
190.8,1.3726738424495226,-0.6907772920935964,0.0015157071922485832
190.82,1.3693817689176784,-0.6967549421968294,0.0011014767292675809
190.84,1.3660093891940612,-0.7031169158478372,0.0009998124808904274
190.86,1.362466327525072,-0.7092985822703615,0.00132216480992009
190.88,1.3593152488336515,-0.7150631358407126,0.0009630049718449829
190.9,1.3562388230898368,-0.7209595347012585,0.001213440680571637
190.92,1.3530224965081792,-0.7267901051263067,0.0013093853947164225
190.94,1.349566191077811,-0.7329895895063597,0.0013051950697859638
190.96,1.34663086391825,-0.7385830113096512,0.0011994232544653427
190.98,1.3433822883489515,-0.7445008421968918,0.0009652581245886971
191.0,1.339805898130066,-0.7506767162301708,0.001500626854481324
191.02,1.336479193600149,-0.7566227336295008,0.00112936720327092
191.04,1.3330702794568814,-0.7629506665658721,0.0010601819163411075
191.06,1.3295424060843128,-0.769138581935921,0.0013829167598710668
191.08,1.3262781499335536,-0.7749895893531896,0.0011981458194658123
191.1,1.3232609963752384,-0.7806937163440237,0.0013480191467624691
191.12,1.3200140954763777,-0.7864843673329166,0.001240622988457174
191.14,1.3165074894462225,-0.7926958481327724,0.001446921596775369
191.16,1.3135665476257106,-0.7982136029950919,0.0011676917302310685
191.18,1.3103312061324994,-0.8040552296253219,0.0009729936654125915
191.2,1.3066486970772277,-0.8104206270058085,0.0014932325135440239
191.22,1.3036765410004298,-0.8157676899395917,0.0010565822242106504
191.24,1.3004265462782505,-0.8217077016241344,0.0013143697293825918
191.26,1.2968762679440164,-0.8278034952413805,0.0014264773549468868
191.28,1.2934944654167289,-0.8337012127989242,0.0015026257603630577
191.3,1.2901334757935727,-0.8397481392919348,0.0012817414443278274
191.32,1.2865026344064636,-0.8460312688578594,0.001196400797244923
191.34,1.2829838136056473,-0.8521172447347192,0.0013468572520084487
191.36,1.2799338591445673,-0.8577198466806231,0.0014483998562887512
191.38,1.2766165672436354,-0.8636495902650088,0.001236666906036632
191.4,1.2732674268985578,-0.8694210914044559,0.001609711754117893
191.42,1.269990581310401,-0.8751502640121792,0.0012254414308500994
191.44,1.2666731683999932,-0.8811985572143146,0.001469954447706201
191.46,1.2631655588155681,-0.8872102938710944,0.0014816521923023962
191.48,1.2596534051401165,-0.8932707873851234,0.0015146873455571253
191.5,1.2565618675241366,-0.8988840057390319,0.0015184106037104683
191.52,1.2532776265736743,-0.9047408560056924,0.001217781618601893
191.54,1.2497565564649995,-0.9107214384475439,0.0016729978730458117
191.56,1.2465617093699752,-0.9164110130563284,0.0012813940165066484
191.58,1.2432737133230134,-0.9223071506204826,0.0012666802336843974
191.6,1.2395903130712052,-0.928420379571517,0.001655514675086206
191.62,1.236263448933202,-0.9341397333634204,0.0014916823859575379
191.64,1.2328166603232629,-0.9402803808736103,0.0014479946752790074
191.66,1.229120543212629,-0.9465223181216751,0.0014365623488730161
191.68,1.2255878253520478,-0.9525552880893209,0.0015461460945120908
191.7,1.2226476742921684,-0.9579282733423108,0.0014023407117251807
191.72,1.2192467393637283,-0.9638069087310596,0.0011918719738436279
191.74,1.2156316755914263,-0.9699215327366303,0.0017025818727246234
191.76,1.212196469281644,-0.975780550942197,0.0012633546568153464
191.78,1.2087006173731363,-0.982033478226158,0.0013639581165267312
191.8,1.2050110588623215,-0.9881841426090681,0.0015575845657333498
191.82,1.2015812529118255,-0.9940959060633663,0.0013879361793579792
191.84,1.198464682354867,-0.9997491852346956,0.0015126933195404035
191.86,1.1951606241110753,-1.0054635054414052,0.0013763944914463866
191.88,1.1915398475774466,-1.0115910242369042,0.0015484122285128743
191.9,1.1884630391182123,-1.0170987643485572,0.0013302301180364295
191.92,1.1849623914228076,-1.0231972365700028,0.0011663129347249668
191.94,1.1813703163752611,-1.0291985963962347,0.0016865726467415187
191.96,1.1780092260632988,-1.0349421592736594,0.0012877026206654651
191.98,1.1747289755924697,-1.040848523299175,0.0013059198916430814
192.0,1.1712056647243505,-1.0468446721837625,0.001462938293415067
192.02,1.1676300581104861,-1.052846434049705,0.0012139012974103358
192.04,1.1645981457524501,-1.0582464359521786,0.0014413410382772274
192.06,1.1613994454527892,-1.0636181050996065,0.0010331879559478674
192.08,1.1582820012316992,-1.0686286630136723,0.0013709405119312346
192.1,1.1555036921326631,-1.0732276322275454,0.0010466728455996999
192.12,1.1524284482393377,-1.0784825926601291,0.0013372018731447333
192.14,1.1494664848262066,-1.0831725950939366,0.0012053124859670583
192.16,1.146550166070035,-1.0877524581428384,0.0007851516879851805
192.18,1.1436080313598036,-1.092615309033018,0.0010814910256425059
192.2,1.1405204753608778,-1.097470946604417,0.0012781522854918292
192.22,1.1377081124321016,-1.1018666054489559,0.00118088023975918
192.24,1.1346040738086418,-1.1065457570756958,0.0006889420729322415
192.26,1.1315203689101176,-1.1113641809386727,0.000911561941690564
192.28,1.128322309769856,-1.1161348711199433,0.001201691988796355
192.3,1.1255392069391905,-1.120553908801052,0.00107144969329373
192.32,1.1224642816152064,-1.1251656991419532,0.001011410008140895
192.34,1.1192023225219483,-1.129822089629744,0.001033675430862857
192.36,1.11608593273011,-1.1342333994470841,0.0008801749351325105
192.38,1.1128751168475282,-1.1387921074306402,0.00082432286772538
192.4,1.1096997739588628,-1.1434141583047503,0.0011644069192557338
192.42,1.1063263206597729,-1.1479794438221609,0.0012322029870917295
192.44,1.1031770756479253,-1.152217614629988,0.0009170284629046732
192.46,1.0997265681311448,-1.1567365584786187,0.000522568445390198
192.48,1.0963071464917884,-1.1613101861851975,0.0009984888611442866
192.5,1.0928351917153583,-1.1658570388058127,0.001138631467407919
192.52,1.0895076323250934,-1.1701246285863005,0.0010431724827240085
192.54,1.0864708070174418,-1.1740990362614234,0.0009055050459408909
192.56,1.0828865757314121,-1.1785660298136735,0.0008798684068384577
192.58,1.0794680875869722,-1.1828122939959922,0.0011080906705344673
192.6,1.0760605610746536,-1.1870319509637084,0.0008251043796240198
192.62,1.0725529470988102,-1.1914700119744426,0.0010171439591804554
192.64,1.0689867467104983,-1.1956965159023343,0.0010231354262367764
192.66,1.065336877680738,-1.19992877387851,0.0007134119175560838
192.68,1.0616528281393367,-1.2042972677112487,0.0008505972444990684
192.7,1.0580782017607948,-1.208573151516223,0.0011238937728238196
192.72,1.0544959497517064,-1.2126071525754616,0.0012633331224285171
192.74,1.0509533905923802,-1.216630436924599,0.0007706744898105244
192.76,1.0472703535165058,-1.2208925015024445,0.0006277178900642721
192.78,1.0434343693808112,-1.2251096285018908,0.0010392061551987297
192.8,1.0396437254752597,-1.2292772734016326,0.0010994400049050557
192.82,1.036412202761171,-1.232755608278253,0.0008292651113647187
192.84,1.0327338381082418,-1.236870774232761,0.0009736595705208129
192.86,1.028951015630148,-1.2407380851124576,0.0008798982777447895
192.88,1.0251560309749579,-1.2447155990383485,0.0009159651204077024
192.9,1.0214771691856162,-1.2486628157067925,0.0010738346882162575
192.92,1.0175722409286183,-1.2527111182934842,0.0012187230366978163
192.94,1.0137909862989474,-1.2564492885034733,0.001054592821049416
192.96,1.009730579163648,-1.2604137361745549,0.0006199964508298572
192.98,1.0057660429391417,-1.2644525526909844,0.0010757455521621662
193.0,1.0017145095927604,-1.2683932616820672,0.0012707011494472176
193.02,0.9978388399801486,-1.2721319397104147,0.0012517116453193144
193.04,0.9941733094171759,-1.2756402017063324,0.0008424793029529198
193.06,0.9900886502321135,-1.2795867401515302,0.0009242003483535544
193.08,0.9858992033567917,-1.2834786124690198,0.0012000738783178588
193.1,0.9820298770469018,-1.2870553782701333,0.001171903075564612
193.12,0.9779439498320075,-1.2908290413623191,0.0012157870318904307
193.14,0.9737498664178702,-1.2945531943567552,0.001206029710729084
193.16,0.9696899307869178,-1.2981070191099389,0.0009294380974418648
193.18,0.9653717678280109,-1.301782109750261,0.0009402664194170796
193.2,0.9612624104195986,-1.3055036027938876,0.0012834343619345656
193.22,0.9571196835204143,-1.3090056823629321,0.0014107716707266182
193.24,0.952844910926711,-1.3125605478016273,0.0011684680198338626
193.26,0.9485427018387949,-1.3161616475971367,0.0007900493967407662
193.28,0.9441205242937669,-1.3197775508364795,0.001273327169059646
193.3,0.9397482590061221,-1.3233640539460692,0.0014312703132467741
193.32,0.9357753770296094,-1.3265190077396551,0.001301624782550137
193.34,0.9315620518142856,-1.3299639511150982,0.0013071197785296251
193.36,0.9271024302507458,-1.3334481240867395,0.0011970638554873736
193.38,0.9227949261563716,-1.3367497830588155,0.0013496634118636275
193.4,0.9185403606571922,-1.3400231107723624,0.0011457099887013933
193.42,0.9140935314690172,-1.3435546700897816,0.0014477183233085889
193.44,0.9096683434653653,-1.346797412716521,0.001400757332883168
193.46,0.9050778658275251,-1.3501475726763763,0.0010008969654452249
193.48,0.9004827457210569,-1.3535399243780455,0.0012685668128734062
193.5,0.8959624515956868,-1.356915719696855,0.0014832882132958802
193.52,0.8917270537227455,-1.3598146963074507,0.0015414078566708678
193.54,0.8872355375366572,-1.3629113784107054,0.0011572842076620626
193.56,0.8826480693028945,-1.3662219525571386,0.001084609701667183
193.58,0.8778824773478598,-1.3694486089056015,0.001574144795970872
193.6,0.8733745480350975,-1.3725925809780117,0.0015356059148364243
193.62,0.8690340666072461,-1.3755285278059282,0.0012339399788709182
193.64,0.8643141530982916,-1.3787901156581077,0.0013649947733193613
193.66,0.8597035297976314,-1.3817615800326049,0.00119626531827563
193.68,0.8549917690402088,-1.384790372074369,0.0012247748788436208
193.7,0.8503756518104761,-1.387887203581134,0.0014031237869646385
193.72,0.8454227584706214,-1.3909927728311886,0.001602923246802973
193.74,0.8403489206388587,-1.3941637167033765,0.0013121796846659595
193.76,0.8347901746093445,-1.3975053265849013,0.000935706165500344
193.78,0.8292662898317051,-1.401031501188212,0.0014331834385570008
193.8,0.8233283779383938,-1.4046487774264522,0.001469936534784888
193.82,0.8178777845843368,-1.4079269282345097,0.0011845370333190275
193.84,0.8125898469275068,-1.411097539158384,0.0012668484570481642
193.86,0.8065366386316202,-1.4148372387207633,0.001461457700304758
193.88,0.8007202054156196,-1.4183770558297164,0.0013010248055515816
193.9,0.7954555175265491,-1.4215416558021308,0.0009415268130523458
193.92,0.7894165307844645,-1.425260617632329,0.0013743971716589087
193.94,0.7833608251491577,-1.4289828531230322,0.0012914388758856477
193.96,0.7780052065849545,-1.4321727158797581,0.0008017828572295105
193.98,0.7721270292467638,-1.435725176343837,0.0012365310124234363
194.0,0.7660367432961982,-1.439500605904815,0.0013290485126427054
194.02,0.7606592473825743,-1.4427237087599973,0.0009041983479413929
194.04,0.7549579803591469,-1.446222597100474,0.0010109653800386975
194.06,0.7489143032389965,-1.4499303662641907,0.001283087784979542
194.08,0.7429926652401067,-1.453564315425206,0.001128095415298902
194.1,0.7378064245710022,-1.4566324758828917,0.000709945595802064
194.12,0.731786101607226,-1.4603560079119051,0.0011862542744782711
194.14,0.7257410757392116,-1.4640737768145908,0.0011431540806109697
194.16,0.7205859232082812,-1.4671471925648905,0.0005648728520899204
194.18,0.7147421993063405,-1.4707182717272764,0.0010207461785405603
194.2,0.70869661839209,-1.4744229320879663,0.0011653730545342633
194.22,0.703079629217704,-1.477848548613486,0.0008501380200282016
194.24,0.697501374616958,-1.481278150867775,0.0008235551483055381
194.26,0.6914458312575269,-1.4849927350903718,0.0011308258511641411
194.28,0.685717469964825,-1.4884783829793304,0.0010164725305788214
194.3,0.6802539856682714,-1.4917696850807711,0.0005127658524565759
194.32,0.6741832997992991,-1.4955207396626022,0.0010344692817821077
194.34,0.6681553313227956,-1.4992291581185375,0.0010276098064481431
194.36,0.6624687116306656,-1.5027185728009465,0.0006477482692793801
194.38,0.6568436744891273,-1.5061342940156497,0.0009481357887756448
194.4,0.6507585397990734,-1.5098585651647305,0.001088430621776132
194.42,0.6453421173011764,-1.5131395825430654,0.0008018725047504449
194.44,0.6396914463848765,-1.516588091321961,0.0006942011480852439
194.46,0.6336525960801196,-1.5203012468720605,0.001065637312752582
194.48,0.6276303273848088,-1.5240164024777971,0.0009316485334135427
194.5,0.622281798615319,-1.527262284472012,0.00037776263311350977
194.52,0.6164089475196948,-1.5308589453461061,0.0009956732582641348
194.54,0.6103767481122296,-1.5345810264449689,0.0010757295793083488
194.56,0.6051965566340887,-1.5377289879098344,0.0005880642282393433
194.58,0.5992721487450621,-1.541379968445765,0.0008694557100134559
194.6,0.593230575383888,-1.5450913628997884,0.001131225090660215
194.62,0.58732761282817,-1.548726177786619,0.000982102753224079
194.64,0.5821329603577378,-1.5518375656340995,0.0006648837071046021
194.66,0.5761206339055265,-1.5555603318058902,0.0011382789471707788
194.68,0.570092965884481,-1.5592869435750794,0.0010901720775138568
194.7,0.5650894907386135,-1.5623056767606542,0.00045276665956325846
194.72,0.5591366339650171,-1.5659607030790823,0.0010769508680522621
194.74,0.553106166537466,-1.5696882456645178,0.001222726683047487
194.76,0.5477033862260354,-1.5729763073769698,0.0008934718532916663
194.78,0.5419542125739002,-1.5764676807502411,0.0009530642736231276
194.8,0.5358898064324231,-1.5802142812732884,0.0012866471839163285
194.82,0.5301458587279723,-1.5837371035359984,0.0011762323905113448
194.84,0.5246893150882336,-1.5870719724038602,0.0007884775435561264
194.86,0.518629549109854,-1.5908362651686683,0.0012915961211316107
194.88,0.5125912717695729,-1.5945726239922093,0.001279007700740492
194.9,0.5070588228821328,-1.597953814475538,0.0008492103601688838
194.92,0.501371103513435,-1.601441215085406,0.001214865165905743
194.94,0.49533284072660233,-1.6051797618334156,0.0014098198203935097
194.96,0.4899361498661492,-1.6084673441373498,0.0010872054114696161
194.98,0.4841916576492684,-1.612007942365467,0.0010969956381462198
195.0,0.4781379641650221,-1.6157582585452093,0.0014531098795537434
195.02,0.47209765119872016,-1.6195031772579347,0.001311629655165153
195.04,0.46702852470442074,-1.6225577749060525,0.0008361880159165336
195.06,0.46103869446766005,-1.6262766078085247,0.001413190115698959
195.08,0.4549952987033895,-1.6300256513394484,0.0014620938913853243
195.1,0.4496192579639297,-1.6333050694303777,0.0010417844920292685
195.12,0.4440167524497998,-1.6367234372417103,0.001302787956857565
195.14,0.43796929811963625,-1.6404713762202152,0.0015398946785566414
195.16,0.4321156593892087,-1.6440827825676134,0.0013937140671035075
195.18,0.42700673232679653,-1.6471761267893628,0.0010968182032079499
195.2,0.4209694104216802,-1.650923805710948,0.00152958238392234
195.22,0.41492483106401595,-1.6546726425001517,0.0014352372997178675
195.24,0.4097738011691131,-1.65779265962253,0.0007910185012916515
195.26,0.40389804930438167,-1.6614429753872348,0.0014542956297813325
195.28,0.39783813849073363,-1.6651953440389133,0.0015395732522261174
195.3,0.39255741243354536,-1.6684190029119506,0.0010746358289499824
195.32,0.38669066884588177,-1.672051882158948,0.001250292826724203
195.34,0.3806348883015299,-1.675786824829952,0.0015365731111906256
195.36,0.37459025746539293,-1.679538092700599,0.0012959696475933202
195.38,0.3694358991708731,-1.6826484680857292,0.0009874349636898871
195.4,0.3634133319117214,-1.6863850562096772,0.0014619227570605298
195.42,0.35737459015736145,-1.6901364653454796,0.0014120208484525998
195.44,0.3521033001748259,-1.693328007729944,0.0008382462421212544
195.46,0.34631589633011417,-1.6969027193955908,0.0013140054788744748
195.48,0.34027545481580834,-1.7006576829182085,0.00145218590195334
195.5,0.3346460028348759,-1.7041328158768716,0.0011978338147068113
195.52,0.3294714064970386,-1.7073145881754364,0.0011036841258817986
195.54,0.32342450528669364,-1.711063601066131,0.0013981821572405517
195.56,0.3173861363420197,-1.714815195484139,0.0012104242652016262
195.58,0.3122754863882121,-1.7179068603057635,0.000767831919580575
195.6,0.30634092413681147,-1.7216176310090436,0.0012833289695622363
195.62,0.3003044522112061,-1.7253648182912917,0.0012886641675787236
195.64,0.2949979868600133,-1.7286129515887052,0.0007998022142852446
195.66,0.2894023649706082,-1.7320596367870855,0.0010980491401084147
195.68,0.28337047924090275,-1.7358077349757683,0.0012801774055274662
195.7,0.27743808478862164,-1.7394805557263708,0.0010346818104376432
195.72,0.27223425439850835,-1.7426356517065094,0.0008332859241275969
195.74,0.2662124731747555,-1.746377999859799,0.0012168893189527519
195.76,0.26018546960080946,-1.7501235917973261,0.0010789428244427357
195.78,0.2551555169038338,-1.7531506563438188,0.0004962662273837737
195.8,0.24919857156854053,-1.7568479714672356,0.0010836954862309955
195.82,0.2431751225457135,-1.7605908106963208,0.0011411721216457171
195.84,0.23791554420344777,-1.763787887457301,0.0006682211341168254
195.86,0.2321711340344441,-1.7674306774487183,0.000878406707348095
195.88,0.2261396674248923,-1.7711480512472548,0.0011313825201960115
195.9,0.22021204748369863,-1.7748193658610654,0.0009362410705880397
195.92,0.21508168496581617,-1.7779234801228936,0.0006176891934296103
195.94,0.20907696085064412,-1.7816502508225025,0.0010721549872108327
195.96,0.20306758924384014,-1.7853868879754284,0.0009963813028950885
195.98,0.19803460603730977,-1.7884538363964568,0.0003077221574744604
196.0,0.19210790843124448,-1.7921097998533666,0.0009459320104971969
196.02,0.18609636618600264,-1.795841156409612,0.0010667285524245118
196.04,0.1807587145690816,-1.7990979226390602,0.0006986521274560675
196.06,0.1750660993960006,-1.8026216236053056,0.0007750096197978451
196.08,0.16904216680508244,-1.8063426946389924,0.001080165832402391
196.1,0.16315988687233868,-1.8099798996554157,0.000969635179493028
196.12,0.15805037252979554,-1.813051280380956,0.00053294182687183
196.14,0.15206338836988614,-1.8167729043223761,0.0010384447830545096
196.16,0.1460442645855513,-1.8205026277239533,0.0010345197129725536
196.18,0.1410335339866611,-1.8235234790050736,0.00046332655316555504
196.2,0.13509769104699565,-1.827176384857234,0.0009474763538706299
196.22,0.12904316929629103,-1.8309286128482147,0.0011256579791218413
196.24,0.123529649726707,-1.834308514478606,0.0008110739839118086
196.26,0.11779573473559576,-1.8378243873933853,0.0008519904933897149
196.28,0.11169371484168289,-1.8416163865048714,0.0011650224587117786
196.3,0.10570680444661965,-1.8453309478966373,0.0010501816702606082
196.32,0.10065238624016751,-1.848384198067951,0.0005798044110312262
196.34,0.09465204700181705,-1.8521145303865612,0.0011506972654734826
196.36,0.08862342446692661,-1.8558595933650777,0.0011887895995753017
196.38,0.0834757522769057,-1.858975595187228,0.0006826518472380916
196.4,0.07777230399138457,-1.8625174841350072,0.001063330137187013
196.42,0.07173819894545083,-1.8662568825930501,0.001286596497902387
196.44,0.06582224965098231,-1.8699135870557684,0.0010758668901290347
196.46,0.060619911901239505,-1.8730847541068887,0.0009393766696125516
196.48,0.05461384073581814,-1.8768247491734116,0.0013259001154269368
196.5,0.04879829172057283,-1.880412015101866,0.0013719936277682698
196.52,0.04364124260806703,-1.8835077361795083,0.0006782803045893016
196.54,0.037593699181816514,-1.8872530831008179,0.0012944280565840016
196.56,0.031557513616416344,-1.8909987589648152,0.0013876445639786905
196.58,0.02602643857059439,-1.89438711373919,0.001087404456465657
196.6,0.020618151534928505,-1.8977001023836564,0.0011809783871701562
196.62,0.014582583801547852,-1.9014482917043734,0.001463961686000631
196.64,0.008602192813228854,-1.905156734746363,0.0012876652963452195
196.66,0.003481824314099373,-1.9082552711045215,0.0009819048489539128
196.68,-0.0025482392270269535,-1.9120046959167618,0.001465837761303962
196.7,-0.008594143692532787,-1.9157607407206323,0.0014282220570563664
196.72,-0.013574467653545714,-1.918786145030712,0.0007738528092421926
196.74,-0.019590629463335216,-1.9225232415514437,0.0013814971307358481
196.76,-0.025629572449740783,-1.9262824707849402,0.0015212834475666348
196.78,-0.031365952233488495,-1.9298275405058471,0.0012438603896355316
196.8,-0.03671748922885406,-1.9330997607994622,0.0012157792430129433
196.82,-0.042757853578672386,-1.9368617347220662,0.0015534091114419446
196.84,-0.04856298976093509,-1.9404658460393351,0.0014779909779885636
196.86,-0.05380465948730338,-1.9436824639395416,0.0009972889691157727
196.88,-0.059870664646321806,-1.9474711841175407,0.0014884680040267995
196.9,-0.06590139869219694,-1.951237976177987,0.0014851420363950762
196.92,-0.0712648637043792,-1.9545301480081951,0.0009799403628699133
196.94,-0.07692948581694159,-1.958052282476108,0.0013690468572834513
196.96,-0.08303422574414303,-1.961853508930905,0.00153545370760641
196.98,-0.08843347818662325,-1.9651728806411295,0.001163483266038573
197.0,-0.09421025940000946,-1.9687979594048823,0.001140486713318456
197.02,-0.10025859728536377,-1.9725669298885273,0.0014896406877724644
197.04,-0.10628650616069271,-1.9763430181498023,0.0013322520225453327
197.06,-0.11149155586484857,-1.979493129137849,0.0008181652052328681
197.08,-0.11741260277274657,-1.9832193241335783,0.0013822099737801352
197.1,-0.12343891679005536,-1.9869942088881314,0.001415536252683286
197.12,-0.12881191885803095,-1.9902832775419756,0.0009836997264902059
197.14,-0.13457707463258345,-1.9938312114010965,0.0012051723118327862
197.16,-0.14065532232250433,-1.9976237179215859,0.0014154857299478463
197.18,-0.14613401142138427,-2.0010088168494726,0.0011306132680512504
197.2,-0.15177191544757157,-2.004553867861598,0.0009648237738354715
197.22,-0.1578302301901252,-2.008319940652312,0.0013400127408385587
197.24,-0.16385229118983802,-2.0120903658481155,0.001204114723673877
197.26,-0.16901649262420634,-2.015230183067599,0.0005987632196364223
197.28,-0.1750742677065581,-2.0189928957559826,0.0011903635807654078
197.3,-0.18109877394066431,-2.022753064966429,0.001251631836496403
197.32,-0.186554425431651,-2.026096076720833,0.0008408197305811715
197.34,-0.19226576842229223,-2.0296330710782313,0.000993637610688658
197.36,-0.19832687293404277,-2.0334091878828056,0.0012286415690649088
197.38,-0.20410827875291912,-2.036998724745127,0.0010703750017900526
197.4,-0.20930249721223698,-2.0401836963698012,0.0007204942327746211
197.42,-0.2153146386161589,-2.0439261007803338,0.0011531920648850391
197.44,-0.22133012591019963,-2.04767747663409,0.0010520193509279407
197.46,-0.22635985571418443,-2.0507313225888897,0.0003985791374060965
197.48,-0.23212223208063706,-2.0542694478067953,0.001021146757663155
197.5,-0.23814525202548764,-2.058061302744822,0.0011111266881895232
197.52,-0.24343865539627815,-2.0613018608214753,0.0006830929832957466
197.54,-0.24911090949091683,-2.064833273866342,0.0008038266159302032
197.56,-0.2551105086282778,-2.0685784108892076,0.0010926971678137942
197.58,-0.2611108363165373,-2.0723242875437973,0.0008594664971212362
197.6,-0.2663517023850274,-2.075546846925384,0.0005639393230227885
197.62,-0.2723031064430956,-2.0792505403808152,0.0010441433172515557
197.64,-0.27825810859505545,-2.0829576503377534,0.0010887500957241225
197.66,-0.28332442239077704,-2.0860569752295453,0.000415700697879412
197.68,-0.28922674922160296,-2.089728803819059,0.000905754594927366
197.7,-0.29523053281796907,-2.093480878981722,0.0010661005970952764
197.72,-0.30110324392454624,-2.097140424725227,0.0007894268736534649
197.74,-0.3063852303932949,-2.1003899942319495,0.0007233208178532291
197.76,-0.3123907886143666,-2.104144051443229,0.0010914393154719815
197.78,-0.3182810033681262,-2.107821864402858,0.0010283536457573184
197.8,-0.3233916832813884,-2.1109885978954637,0.0005027312356949976
197.82,-0.32939092671896897,-2.114749100376383,0.0010542605301872565
197.84,-0.33541220701896207,-2.1185089378583055,0.0010941525246124795
197.86,-0.3406146401283096,-2.1216992175938554,0.000582952250054336
197.88,-0.3464270059208969,-2.125324691841699,0.0009366239334585302
197.9,-0.35243181317812244,-2.12908284912809,0.0011725906157248611
197.92,-0.35826910409560925,-2.132722411881951,0.0010388553652683763
197.94,-0.3633409572820283,-2.1358316813089124,0.0008370623175940339
197.96,-0.36930092073747234,-2.139559569227936,0.0012042872959201756
197.98,-0.3752108810114497,-2.1432564199472064,0.0012043022500943523
198.0,-0.3802778590895241,-2.146357704015459,0.0004646975033719969
198.02,-0.38626561160935596,-2.1501100458640416,0.001161984986997544
198.04,-0.3922764244448339,-2.1538801496164233,0.0012686030829323902
198.06,-0.39788676614769336,-2.1573663645800263,0.001021509185666819
198.08,-0.40325853598323413,-2.160689065388644,0.0010463108637830676
198.1,-0.4092677683259294,-2.1644599870439216,0.0013559874259987947
198.12,-0.4149444561051502,-2.1679952846735517,0.0012349381257606706
198.14,-0.42028726431555385,-2.1713298006764674,0.0008535293550901157
198.16,-0.4262902559021545,-2.1751019394311077,0.0013562854196467466
198.18,-0.43230870198269883,-2.178878380982732,0.0013247045808981728
198.2,-0.4377291745816367,-2.1822302199161503,0.0009119372327028585
198.22,-0.44334312078244975,-2.185695390015742,0.001295087683363838
198.24,-0.4494510713846437,-2.189559248034692,0.0014568457979833305
198.26,-0.4550171730256174,-2.1930218913479136,0.0012014554630344343
198.28,-0.46046947448404557,-2.19639400163088,0.0012034320602930804
198.3,-0.46651582374011513,-2.200206828144158,0.001499865581767179
198.32,-0.4723981169639245,-2.20388315558322,0.0014287837028517936
198.34,-0.4775517524001863,-2.2070724091335254,0.0009621642021976351
198.36,-0.48361289063821256,-2.2108642749295804,0.0014706317432715
198.38,-0.4896446870161878,-2.2146387181129352,0.0014732609108456252
198.4,-0.49506557524970557,-2.217984457924038,0.001090680713645209
198.42,-0.5005487156894078,-2.2213537593888795,0.0013623467033567205
198.44,-0.5065624336788579,-2.22513496929828,0.0015511720772945214
198.46,-0.5121811856151561,-2.228629583677987,0.0013171434385549075
198.48,-0.5176519191649933,-2.2320150209096385,0.0012225455516139683
198.5,-0.5237038689789963,-2.2358270008096177,0.0015389670502692354
198.52,-0.5297361381015353,-2.2396056378022258,0.0014029209712149437
198.54,-0.5348718654229935,-2.242788302042792,0.000841290230857189
198.56,-0.5407520767349308,-2.2464383230536495,0.0014526826722439934
198.58,-0.5467965120958842,-2.250240003278247,0.0014999737953652614
198.6,-0.552286871799619,-2.2536300557861075,0.0011565648614371427
198.62,-0.5576293166356431,-2.2569219530908766,0.0013051817987072
198.64,-0.5636252744513783,-2.2607123220410155,0.0015083539064681961
198.66,-0.5693199161754463,-2.2642581104737083,0.0013718818787653297
198.68,-0.5745261287110297,-2.26746946321261,0.0010906209597150718
198.7,-0.5806438299663989,-2.271312107968308,0.0014443556639075206
198.72,-0.5866617305996427,-2.2750852749680948,0.00135253060837634
198.74,-0.5917161421165553,-2.278200161844927,0.0006972385373329726
198.76,-0.5975094535400896,-2.2818252425017,0.0012898256736809943
198.78,-0.6035353306221604,-2.2856072680347066,0.0013800192853844762
198.8,-0.6093363523970139,-2.289237439976443,0.0010851128665265442
198.82,-0.614689507590628,-2.2925310451803997,0.0011428488859858976
198.84,-0.6206995439942953,-2.2963006674675035,0.0013488355484223002
198.86,-0.6262881554844872,-2.2997799885465398,0.0012065621601082543
198.88,-0.6317419585636517,-2.303226124111771,0.0008147346329387128
198.9,-0.6377688530129849,-2.3070123368312503,0.0012395284199761825
198.92,-0.6437867356492364,-2.3107856973285683,0.001183674326624945
198.94,-0.649498911778069,-2.3143375842414193,0.0007571861531420754
198.96,-0.6551610179612034,-2.3178539329930423,0.0010711700459488105
198.98,-0.6611350361221919,-2.3216325375710385,0.0012506594702871299
199.0,-0.6665182780283884,-2.3249982624447636,0.0008391153862148948
199.02,-0.6723297471525151,-2.32865583279656,0.0008236555650158739
199.04,-0.6783249577857314,-2.332431808991325,0.0011649649461045464
199.06,-0.6843257908086614,-2.336205618196017,0.0009479319310991552
199.08,-0.6900161971181485,-2.339771565274429,0.0004521066148966135
199.1,-0.6959788590221441,-2.343522671628323,0.0010644818990782345
199.12,-0.701634530354604,-2.3470613003421006,0.0010808137220262026
199.14,-0.707513305625421,-2.3507520592565743,0.0005125804996082284
199.16,-0.7135365035889852,-2.3544978022516565,0.0008980433323148296
199.18,-0.7195273860235253,-2.358299265939034,0.0010807632038584147
199.2,-0.7255128373500194,-2.362062128790531,0.0007414448210480429
199.22,-0.7311598151527684,-2.3655768777053865,0.000700855776451792
199.24,-0.7371538993244057,-2.3693564992079152,0.0010643698363602405
199.26,-0.7427616230216318,-2.372850404361022,0.001039608632469935
199.28,-0.748211807009095,-2.376255478669081,0.0003656991439638102
199.3,-0.7541886656386994,-2.380012604274306,0.000973149651541827
199.32,-0.7601839872155655,-2.3837823404480556,0.0010288319435730053
199.34,-0.7661656681913249,-2.3875436392619434,0.0005681259799092953
199.36,-0.7717776456534451,-2.391044647135308,0.0008221353792508268
199.38,-0.7777678996794208,-2.394811418780539,0.001108413416206544
199.4,-0.7831431958098662,-2.3981476377106556,0.0008578321191768934
199.42,-0.788875791005518,-2.4017306707921118,0.0006200266530523579
199.44,-0.7948601142994259,-2.4054968442408287,0.0010894844005148452
199.46,-0.8008552105905599,-2.4092731325976686,0.0010096326404798184
199.48,-0.8067319774784502,-2.4129668977167733,0.0004937139256696865
199.5,-0.8125595086174836,-2.416625627899467,0.0010146096403807758
199.52,-0.8182991407563136,-2.4202203098939523,0.001198204382911655
199.54,-0.8239882823397033,-2.4238077603921533,0.0007567850604179027
199.56,-0.8299566582984478,-2.427545563751168,0.0009199541605691974
199.58,-0.8359610028750856,-2.4313417976186606,0.0012182596241978039
199.6,-0.8419651141919922,-2.4351235554435675,0.0010163393126554066
199.62,-0.8475115127392056,-2.438586326111241,0.0006867194932572152
199.64,-0.8535021718270593,-2.442341677311649,0.0012165909784662976
199.66,-0.8592249764461946,-2.445925417910619,0.0012957507572392557
199.68,-0.86480030415468,-2.4494310820964786,0.0006682271045278243
199.7,-0.870773699759339,-2.453199570864868,0.0011452868705580932
199.72,-0.8767777951964161,-2.4569892065130006,0.001331885969067248
199.74,-0.8827761499546952,-2.460775231703076,0.0009918395243421474
199.76,-0.8884397997166181,-2.464324165168777,0.0009884675777780683
199.78,-0.8944380817376192,-2.4681104470095057,0.0014008691518339889
199.8,-0.9000415767648284,-2.4716190834187057,0.0012778702714287271
199.82,-0.9059505261009599,-2.4753605169020476,0.000768408632198514
199.84,-0.911943511869308,-2.4791485960834674,0.0013667188721240842
199.86,-0.9179542665839872,-2.4829474538186354,0.0014104269340597664
199.88,-0.9239159502484362,-2.486712632125551,0.0009710868380399806
199.9,-0.9295500547058592,-2.490224471142989,0.0012579127128992396
199.92,-0.9355585295383597,-2.4940458010172177,0.0015194831692691146
199.94,-0.9409422947641733,-2.497390397384427,0.0012507993705731524
199.96,-0.9466829676638745,-2.501046253208577,0.0010588485213950394
199.98,-0.9526861918309552,-2.5048440694862983,0.0015018196902782943
200.0,-0.9587003157934936,-2.508647148690231,0.0013958785765188775
200.02,-0.964538474587625,-2.512326411808644,0.0008999881410036159
200.04,-0.9704230448189152,-2.516037525712798,0.001425354399719192
200.06,-0.9762271559814346,-2.5196919083372618,0.0015937813984982507
200.08,-0.9818414410100869,-2.523264477616503,0.0010878242684712047
200.1,-0.987817973394847,-2.5270478705675723,0.0012613729987217825
200.12,-0.9938227772515692,-2.5308524055199,0.0015461598345816174
200.14,-0.9998269979120152,-2.5346564366889797,0.0012948981579041785
200.16,-1.0054596218768708,-2.5381951494078137,0.0009980572470994487
200.18,-1.0114512681521222,-2.5419921562175802,0.001495094925583279
200.2,-1.01718681206533,-2.545604772398394,0.001536120766052279
200.22,-1.022637576508158,-2.5490110795570455,0.0008280177727997828
200.24,-1.0286102725026955,-2.552797122498009,0.001351631899636191
200.26,-1.0346236723524156,-2.55661058438593,0.0014824054972832346
200.28,-1.0406262503292523,-2.5604164364033277,0.0010907487294997409
200.3,-1.0461473610547196,-2.5638715441867865,0.0011206586604267654
200.32,-1.0521450223307636,-2.5676706579445856,0.001468428902057367
200.34,-1.0577036251785186,-2.571185649274913,0.0013287916727290072
200.36,-1.0631839870452076,-2.5746913146180157,0.0008141352877464314
200.38,-1.0691683688577183,-2.5784972157028063,0.0013492304617462036
200.4,-1.075169157229036,-2.5823080632660274,0.0013248655606398485
200.42,-1.081081490439772,-2.5860569593557727,0.0008831844300396241
200.44,-1.0867417906635295,-2.589618455412374,0.00115477395728375
200.46,-1.0927145401034333,-2.5934099417939493,0.0013909840119958883
200.48,-1.0981038369111598,-2.5968359795455824,0.0010130813621433976
200.5,-1.103963856716462,-2.600597152081388,0.0009500389869321613
200.52,-1.1099689575885525,-2.6044277232413315,0.001268304590353042
200.54,-1.1159542718555933,-2.608248964603942,0.001099049349744502
200.56,-1.1216730290778472,-2.611889506800282,0.0005906823830173491
200.58,-1.1275742129944728,-2.6156523357210792,0.0011434060976944493
200.6,-1.1332535620879582,-2.6192342282103906,0.0012377646616052729
200.62,-1.13885920105794,-2.6228223938990505,0.0006705760307912645
200.64,-1.1447993217133026,-2.6266147087417386,0.0009434440007624056
200.66,-1.1507747605422634,-2.6304313153994476,0.0011572590184888432
200.68,-1.1567489606208043,-2.6342467874063007,0.0008476858983287594
200.7,-1.1624886735302271,-2.637897805854498,0.0006679564552804773
200.72,-1.1684474208851467,-2.6417067498415854,0.0011128634592928732
200.74,-1.1739997841142937,-2.645211278198017,0.0010281514640731737
200.76,-1.1798207362943567,-2.648926674792916,0.0003224858513854456
200.78,-1.185776156500602,-2.652724720275101,0.0009781600993820083
200.8,-1.1917432633748903,-2.6565310527775927,0.0010633011586086982
200.82,-1.197698855873558,-2.6603301637231063,0.0006328672320245476
200.84,-1.2031310545476086,-2.6637521871738854,0.0007771846534362081
200.86,-1.2090905389873834,-2.66755422029205,0.0010873968324937866
200.88,-1.2145801426540432,-2.6710324015494304,0.0008718907414984323
200.9,-1.220371048753397,-2.674741009080991,0.0005320349019391768
200.92,-1.2263242188865207,-2.6785431615646584,0.0010289581316008933
200.94,-1.2322939727490825,-2.6823526837545626,0.0009791082229226311
200.96,-1.2380714243090856,-2.686025361685881,0.0005700621007308782
200.98,-1.2437475498662,-2.6896241105232703,0.0009230725445230348
201.0,-1.249714555520424,-2.693432944498221,0.0011040452029595915
201.02,-1.2550478963790765,-2.6967808097382853,0.0007349824806097971
201.04,-1.2608593744622079,-2.700476367825,0.0007626176988418665
201.06,-1.266823133131942,-2.704286604269525,0.001115809377055632
201.08,-1.2727928959787942,-2.708099072795924,0.0009260320446124737
201.1,-1.2786070450102873,-2.7117898899084487,0.0005354553706749254
201.12,-1.2845840431910398,-2.715616555051412,0.0010940593556164058
201.14,-1.2902754713917963,-2.7192381480344774,0.0011372523399750811
201.16,-1.2961925539490269,-2.7230204275953733,0.0006024297609090179
201.18,-1.3021706409839173,-2.7268588249642747,0.0010036607278935128
201.2,-1.3081506035290211,-2.7306719777182353,0.0012198089144419832
201.22,-1.314119573495588,-2.7344896678845063,0.00091139056920575
201.24,-1.319653591308299,-2.7379913691223603,0.0008321018621433307
201.26,-1.3256198376511044,-2.7418105167983855,0.0012698164261138734
201.28,-1.3312592822173916,-2.745390365069577,0.0012456101732001013
201.3,-1.3367124631990432,-2.748827644148869,0.0005880151891934637
201.32,-1.3427823246285882,-2.752736652374631,0.0012334785437665419
201.34,-1.348760588885183,-2.756574552565271,0.0013138481670619262
201.36,-1.3546730977840278,-2.7603670292672913,0.000935477714648858
201.38,-1.3601869169025174,-2.763870201100114,0.0011157575482208804
201.4,-1.3661594151973024,-2.767706960722326,0.0014166771177411552
201.42,-1.3715945381212833,-2.771162475529468,0.0011735219995218094
201.44,-1.3773206667347098,-2.77480185870713,0.0009345685107089163
201.46,-1.3832875983501267,-2.7786405615015437,0.001419157989290959
201.48,-1.389269375444128,-2.7824839886530266,0.0013575474681393473
201.5,-1.395019509496146,-2.7861615159209605,0.0009397183130669118
201.52,-1.4007516418447683,-2.7898237763284346,0.0013489437648392666
201.54,-1.4067016736767124,-2.7936459166150827,0.001543536708580373
201.56,-1.412020977658592,-2.7970352020834865,0.0011014674701826377
201.58,-1.4178958164450748,-2.800831334653018,0.001195247795250709
201.6,-1.4238742336055799,-2.804677387926347,0.0015254732938357884
201.62,-1.4298567010186414,-2.808524248027298,0.0013212504488335775
201.64,-1.4353621171017252,-2.812021573522594,0.0009547090245549672
201.66,-1.4413207895198894,-2.815856780363839,0.0014924593349048276
201.68,-1.4471493847633563,-2.8195928661297147,0.0015787102351032534
201.7,-1.4525105338394197,-2.8230516415423015,0.0009233102772652491
201.72,-1.4584883877156043,-2.8269326968114883,0.0013758863036005264
201.74,-1.464473977728718,-2.8307716273343897,0.001541873388535231
201.76,-1.470444559550324,-2.834618572667382,0.0011979686070914264
201.78,-1.4757978864958163,-2.838018059407602,0.0011400971729915443
201.8,-1.481765931844293,-2.841865528995271,0.001524644029910427
201.82,-1.4876216843682106,-2.845632712045354,0.0014468498717239153
