timestamp,elapsed_time,slam_mode,num_points,density_3d,density_2d,coverage_2d,volume,bbox_x,bbox_y,bbox_z,z_range_min,z_range_max
5.6,5.6,rgbd,231,16.13953043646172,32.23363977248116,7.166426,14.312684,2.5787439346313477,2.7790374755859375,1.9971857070922852,0.0014994479715824127,1.9986851215362549
7.6,7.6,rgbd,687,20.899904211780395,41.74934249737637,16.455349,32.870964,4.279619216918945,3.8450498580932617,1.9975852966308594,0.0010998491197824478,1.9986851215362549
9.7,9.7,rgbd,800,24.296835998048515,48.53500069950599,16.48295,32.926098,4.279619216918945,3.851499080657959,1.9975852966308594,0.0010998491197824478,1.9986851215362549
11.7,11.7,rgbd,830,25.207967347975334,50.35506322573747,16.48295,32.926098,4.279619216918945,3.851499080657959,1.9975852966308594,0.0010998491197824478,1.9986851215362549
13.8,13.8,rgbd,898,21.60731004514394,43.162443434226475,20.805124,41.56001,5.401824951171875,3.851499080657959,1.9975852966308594,0.0010998491197824478,1.9986851215362549
15.9,15.9,rgbd,1072,23.638365065553902,47.219649012909194,22.702414,45.350006,5.894435882568359,3.851499080657959,1.9975852966308594,0.0010998491197824478,1.9986851215362549
17.9,17.9,rgbd,1197,20.166724487310415,40.284751360199,29.713476,59.3552,6.601734161376953,4.500859260559082,1.9975852966308594,0.0010998491197824478,1.9986851215362549
19.9,19.9,rgbd,1266,19.319650228459892,38.59264708379102,32.804176,65.52914,7.288425445556641,4.500859260559082,1.9975852966308594,0.0010998491197824478,1.9986851215362549
22.0,22.0,rgbd,1365,17.290715961296797,34.539679990162035,39.519764,78.9441,7.952277183532715,4.969615936279297,1.9975852966308594,0.0010998491197824478,1.9986851215362549
24.0,24.0,rgbd,1458,16.974940102311727,33.90888995272702,42.997574,85.89132,8.652091979980469,4.969615936279297,1.9975852966308594,0.0010998491197824478,1.9986851215362549
26.0,26.0,rgbd,1590,15.369150353519732,30.38737825261167,52.324356,103.453995,10.578929901123047,4.946091651916504,1.9771671295166016,-0.012700904160737991,1.9644662141799927
28.0,28.0,rgbd,1727,15.76705903675376,30.959082923991158,55.783306,109.53216,11.27769947052002,4.9463372230529785,1.963529348373413,-0.013480603694915771,1.950048804283142
30.0,30.0,rgbd,1965,16.476012029009333,32.34383082222342,60.75347,119.2643,12.227883338928223,4.968437194824219,1.9630861282348633,-0.022363364696502686,1.9407228231430054
32.0,32.0,rgbd,2145,17.146472454654,35.16860354972815,60.9919,125.09862,12.223165512084961,4.989861488342285,2.0510692596435547,-0.005108978599309921,2.0459601879119873
34.0,34.0,rgbd,2364,19.146920230199893,38.6174346033189,61.215874,123.46633,12.495183944702148,4.899157524108887,2.0169005393981934,-0.012887679040431976,2.0040128231048584
36.0,36.0,rgbd,2442,16.430919290722372,33.54842328780347,72.790306,148.62224,12.502559661865234,5.822032451629639,2.0417861938476562,0.0009012594819068909,2.04268741607666
38.0,38.0,rgbd,2589,11.71087957677789,23.911112451463694,108.27602,221.07648,12.950496673583984,8.360761642456055,2.0417861938476562,0.0009012594819068909,2.04268741607666
40.3,40.3,rgbd,2749,11.95722864970039,24.41410446929903,112.59885,229.90277,13.467535018920898,8.360761642456055,2.0417861938476562,0.0009012594819068909,2.04268741607666
42.2,42.2,rgbd,2981,12.111627472142759,24.729352993577564,120.545006,246.12712,13.467535018920898,8.950784683227539,2.0417861938476562,0.0009012594819068909,2.04268741607666
44.2,44.2,rgbd,3175,12.89983804899472,26.33871041751384,120.545006,246.12712,13.467535018920898,8.950784683227539,2.0417861938476562,0.0009012594819068909,2.04268741607666
46.3,46.3,rgbd,3426,12.949597427225454,26.440307966961146,129.57489,264.5642,13.467535018920898,9.62127685546875,2.0417861938476562,0.0009012594819068909,2.04268741607666
48.4,48.4,rgbd,3757,12.556375822566118,25.63743555206252,146.54352,299.21054,13.467535018920898,10.881242752075195,2.0417861938476562,0.0009012594819068909,2.04268741607666
50.3,50.3,rgbd,4161,12.257725759333585,25.027654888475414,166.25609,339.45938,15.119967460632324,10.995796203613281,2.0417861938476562,0.0009012594819068909,2.04268741607666
52.3,52.3,rgbd,4481,11.98230026100456,24.46529467807632,183.15741,373.96826,15.119967460632324,12.113611221313477,2.0417861938476562,0.0009012594819068909,2.04268741607666
54.3,54.3,rgbd,4766,12.744397019403646,26.021333281792398,183.15741,373.96826,15.119967460632324,12.113611221313477,2.0417861938476562,0.0009012594819068909,2.04268741607666
56.3,56.3,rgbd,5018,13.41826085019295,27.397219536639426,183.15727,373.968,15.119967460632324,12.113602638244629,2.0417861938476562,0.0009012594819068909,2.04268741607666
58.4,58.4,rgbd,5127,13.709729649051267,27.992336501464795,183.15727,373.968,15.119967460632324,12.113602638244629,2.0417861938476562,0.0009012594819068909,2.04268741607666
60.4,60.4,rgbd,5139,13.741817957182457,28.057853965482266,183.15727,373.968,15.119967460632324,12.113602638244629,2.0417861938476562,0.0009012594819068909,2.04268741607666
62.5,62.5,rgbd,5237,13.9990424533816,28.58305250969058,183.22046,374.09702,15.119967460632324,12.117781639099121,2.0417861938476562,0.0009012594819068909,2.04268741607666
64.5,64.5,rgbd,5446,14.440025488891091,29.483443677973295,184.71384,377.14615,15.243206024169922,12.117781639099121,2.0417861938476562,0.0009012594819068909,2.04268741607666
66.5,66.5,rgbd,5696,15.102905824004058,30.83690386108679,184.71375,377.14597,15.24319839477539,12.117781639099121,2.0417861938476562,0.0009012594819068909,2.04268741607666
68.5,68.5,rgbd,5911,15.671791193869792,32.00086705106812,184.71375,377.1745,15.24319839477539,12.117781639099121,2.041940689086914,0.0007467810064554214,2.04268741607666
70.5,70.5,rgbd,6005,15.916752530745649,32.50106370327303,184.76318,377.27545,15.247278213500977,12.117781639099121,2.041940689086914,0.0007467810064554214,2.04268741607666
72.6,72.6,rgbd,6122,16.226870773226455,33.13430674295379,184.76318,377.27545,15.247278213500977,12.117781639099121,2.041940689086914,0.0007467810064554214,2.04268741607666
74.6,74.6,rgbd,6170,16.354098770141658,33.394098759233074,184.76318,377.27545,15.247278213500977,12.117781639099121,2.041940689086914,0.0007467810064554214,2.04268741607666
76.8,76.8,rgbd,6295,16.685421678774997,34.07064046829372,184.76318,377.27545,15.247278213500977,12.117781639099121,2.041940689086914,0.0007467810064554214,2.04268741607666
79.2,79.2,rgbd,6459,17.11866061169493,34.95528978081153,184.7789,377.30756,15.248574256896973,12.117781639099121,2.041940689086914,0.0007467810064554214,2.04268741607666
81.3,81.3,rgbd,6678,17.719054327143457,36.186323312440905,184.54486,376.88242,15.271951675415039,12.083908081054688,2.042226552963257,-0.03717774897813797,2.0050487518310547
83.4,83.4,rgbd,6878,17.47440760785205,37.34456009374486,184.17676,393.6042,15.370035171508789,11.982845306396484,2.1371002197265625,-0.16160929203033447,1.975490927696228
85.3,85.3,rgbd,7097,14.577840118004566,39.059443275548425,181.69742,486.8348,15.859423637390137,11.456748008728027,2.6793711185455322,-0.39253148436546326,2.286839723587036
87.3,87.3,rgbd,7237,14.133680571283351,40.280937531954905,179.66315,512.0393,16.326614379882812,11.004311561584473,2.849996328353882,-0.49296334385871887,2.3570330142974854
89.4,89.4,rgbd,7308,14.272341801152237,40.67612152598127,179.66315,512.0393,16.326614379882812,11.004311561584473,2.849996328353882,-0.49296334385871887,2.3570330142974854
91.4,91.4,rgbd,7449,14.54771128582143,41.46092354228715,179.66315,512.0393,16.326614379882812,11.004311561584473,2.849996328353882,-0.49296334385871887,2.3570330142974854
94.1,94.1,rgbd,7652,14.327152954965195,40.83233558433801,187.4005,534.09076,16.326614379882812,11.478221893310547,2.849996328353882,-0.49296334385871887,2.3570330142974854
95.7,95.7,rgbd,7784,14.574301960461197,41.536709381663236,187.4005,534.09076,16.326614379882812,11.478221893310547,2.849996328353882,-0.49296334385871887,2.3570330142974854
97.9,97.9,rgbd,7933,14.527504668722976,41.403335491776666,191.60292,546.0676,16.326614379882812,11.735618591308594,2.849996328353882,-0.49296334385871887,2.35703301101.5,101.5,rgbd,8064,21.235227822848955,52.56194650218122,153.41898,379.74634,13.303110122680664,11.532564163208008,2.475224018096924,-0.4422319829463959,2.032992124557495
103.5,103.5,rgbd,8353,21.996262153305718,54.4456769757837,153.41898,379.74634,13.303110122680664,11.532564163208008,2.475224018096924,-0.4422319829463959,2.032992124557495
105.6,105.6,rgbd,8555,20.77516888842381,51.42319669745703,166.36461,411.78967,14.425639152526855,11.532564163208008,2.475224018096924,-0.4422319829463959,2.032992124557495
107.7,107.7,rgbd,8721,21.17828730285728,52.421005072884014,166.36461,411.78967,14.425639152526855,11.532564163208008,2.475224018096924,-0.4422319829463959,2.032992124557495
109.7,109.7,rgbd,8989,20.4187030036097,50.54086453163596,177.85608,440.23364,15.422076225280762,11.532564163208008,2.475224018096924,-0.4422319829463959,2.032992124557495
111.7,111.7,rgbd,9217,20.719314886980158,51.28494486305612,179.72136,444.85062,15.583816528320312,11.532564163208008,2.475224018096924,-0.4422319829463959,2.032992124557495
113.7,113.7,rgbd,9468,20.42981419810453,50.56836692157519,187.23167,463.44034,16.235042572021484,11.532564163208008,2.475224018096924,-0.4422319829463959,2.032992124557495
115.7,115.7,rgbd,9691,20.67034242483003,51.16372811878639,189.41153,468.83597,16.424060821533203,11.532564163208008,2.475224018096924,-0.4422319829463959,2.032992124557495
117.8,117.8,rgbd,9908,18.56274081395015,45.94694224566123,215.64003,533.7574,18.220157623291016,11.835245132446289,2.475224018096924,-0.4422319829463959,2.032992124557495
119.8,119.8,rgbd,10280,19.188626877050847,47.49614932334686,216.4386,535.734,18.220157623291016,11.879074096679688,2.475224018096924,-0.4422319829463959,2.032992124557495
121.8,121.8,rgbd,10475,19.55373624723452,48.39987859307565,216.42616,535.70325,18.220157623291016,11.87839126586914,2.475224018096924,-0.4422319829463959,2.032992124557495
123.8,123.8,rgbd,10581,19.751606991120617,48.889653020843284,216.42616,535.70325,18.220157623291016,11.87839126586914,2.475224018096924,-0.4422319829463959,2.032992124557495
125.8,125.8,rgbd,10605,19.79640791426464,49.00054534411143,216.42616,535.70325,18.220157623291016,11.87839126586914,2.475224018096924,-0.4422319829463959,2.032992124557495
127.8,127.8,rgbd,10721,19.996908470297306,49.496826118850606,216.59975,536.1329,18.234771728515625,11.87839126586914,2.475224018096924,-0.4422319829463959,2.032992124557495
129.9,129.9,rgbd,10911,19.88311476263164,49.21516306775075,221.69997,548.7571,18.664140701293945,11.87839126586914,2.475224018096924,-0.4422319829463959,2.032992124557495
131.8,131.8,rgbd,11228,19.88379817787612,49.216855743977014,228.13322,564.68085,19.205734252929688,11.87839126586914,2.475224018096924,-0.4422319829463959,2.032992124557495
133.8,133.8,rgbd,11404,20.18913064149443,49.97262196736482,228.20496,564.8584,19.211772918701172,11.87839126586914,2.475224018096924,-0.4422319829463959,2.032992124557495
135.8,135.8,rgbd,11584,20.50941234570036,50.765388602103414,228.18697,564.81384,19.21025848388672,11.87839126586914,2.475224018096924,-0.4422319829463959,2.032992124557495
137.8,137.8,rgbd,11620,20.573150160310615,50.923153967234256,228.18697,564.81384,19.21025848388672,11.87839126586914,2.475224018096924,-0.4422319829463959,2.032992124557495
139.8,139.8,rgbd,11676,20.67229787192657,51.168566757437794,228.18697,564.81384,19.21025848388672,11.87839126586914,2.475224018096924,-0.4422319829463959,2.032992124557495
141.9,141.9,rgbd,11729,20.76613409899167,51.40083243388043,228.18697,564.81384,19.21025848388672,11.87839126586914,2.475224018096924,-0.4422319829463959,2.032992124557495
143.9,143.9,rgbd,11845,20.971511501624718,51.90918749930205,228.18697,564.81384,19.21025848388672,11.87839126586914,2.475224018096924,-0.4422319829463959,2.032992124557495
145.9,145.9,rgbd,11823,21.28368503430025,52.21155260058747,226.44414,555.4959,19.241260528564453,11.768674850463867,2.453125476837158,-0.388041615486145,2.0650839805603027
147.9,147.9,rgbd,12141,22.07936012325131,53.38510079644969,227.423,549.88007,19.24109649658203,11.819648742675781,2.4178736209869385,-0.3070833683013916,2.110790252685547
150.2,150.2,rgbd,12277,22.326686783062048,53.98310538489522,227.423,549.88007,19.24109649658203,11.819648742675781,2.4178736209869385,-0.3070833683013916,2.110790252685547
152.0,152.0,rgbd,12462,22.66312378353989,54.79656750888362,227.423,549.88007,19.24109649658203,11.819648742675781,2.4178736209869385,-0.3070833683013916,2.110790252685547
154.0,154.0,rgbd,12595,22.904994708207745,55.38138081964285,227.423,549.88007,19.24109649658203,11.819648742675781,2.4178736209869385,-0.3070833683013916,2.110790252685547
156.0,156.0,rgbd,12665,23.032295194875037,55.68917729898981,227.423,549.88007,19.24109649658203,11.819648742675781,2.4178736209869385,-0.3070833683013916,2.110790252685547
158.1,158.1,rgbd,12912,23.48148405497248,56.77525916182839,227.423,549.88007,19.24109649658203,11.819648742675781,2.4178736209869385,-0.3070833683013916,2.110790252685547
160.1,160.1,rgbd,12980,23.362350205127726,56.92784723966382,228.00792,555.5948,19.242477416992188,11.849197387695312,2.436734676361084,-0.25233420729637146,2.1844005584716797
162.2,162.2,rgbd,13096,21.75548949654258,57.06170880731871,229.50592,601.963,19.253047943115234,11.92049789428711,2.6228647232055664,-0.34948107600212097,2.273383617401123
164.2,164.2,rgbd,13134,18.57567347863315,56.315324006349194,233.22249,707.0538,19.187570571899414,12.15487289428711,3.031670570373535,-0.5804368853569031,2.4512336254119873
166.1,166.1,rgbd,13161,18.61386010752938,56.43109328822611,233.22249,707.0538,19.187570571899414,12.15487289428711,3.031670570373535,-0.5804368853569031,2.4512336254119873
168.2,168.2,rgbd,13235,18.718519757096825,56.74838687559247,233.22249,707.0538,19.187570571899414,12.15487289428711,3.031670570373535,-0.5804368853569031,2.4512336254119873
170.2,170.2,rgbd,13308,18.821765087075523,57.06139271177821,233.22249,707.0538,19.187570571899414,12.15487289428711,3.031670570373535,-0.5804368853569031,2.4512336254119873
172.2,172.2,rgbd,13368,18.90662426240048,57.3186577826158,233.22249,707.0538,19.187570571899414,12.15487289428711,3.031670570373535,-0.5804368853569031,2.4512336254119873
174.2,174.2,rgbd,13452,19.02542710785542,57.678828881788434,233.22249,707.0538,19.187570571899414,12.15487289428711,3.031670570373535,-0.5804368853569031,2.4512336254119873
176.7,176.7,rgbd,13513,19.11170060276913,57.94038170380666,233.22249,707.0538,19.187570571899414,12.15487289428711,3.031670570373535,-0.5804368853569031,2.4512336254119873
178.3,178.3,rgbd,13628,19.274347355475296,58.43347308957871,233.22249,707.0538,19.187570571899414,12.15487289428711,3.031670570373535,-0.5804368853569031,2.4512336254119873
180.2,180.2,rgbd,13901,20.468660220881514,59.715603742051194,232.78673,679.1358,19.189212799072266,12.131124496459961,2.9174163341522217,-0.4897032380104065,2.42771315574646
182.3,182.3,rgbd,14385,21.198724823214167,61.67743238896974,233.22955,678.57855,19.160282135009766,12.172553062438965,2.909487724304199,-0.5028547048568726,2.406632900238037
184.3,184.3,rgbd,13838,22.4417984298586,58.317151664872455,237.28868,616.61725,18.89674186706543,12.557121276855469,2.598595380783081,-0.4304600656032562,2.168135404586792
186.3,186.3,rgbd,14092,23.7169944279015,59.277165083742105,237.73067,594.1731,18.893959045410156,12.582364082336426,2.4993538856506348,-0.4367947280406952,2.062559127807617
188.3,188.3,rgbd,14163,23.836488226111904,59.57582238724378,237.73067,594.1731,18.893959045410156,12.582364082336426,2.4993538856506348,-0.4367947280406952,2.062559127807617
190.3,190.3,rgbd,14105,24.03529115043097,59.331418488924605,237.73239,586.8454,18.874717712402344,12.595281600952148,2.468512535095215,-0.4261367917060852,2.0423758029937744
192.3,192.3,rgbd,14175,24.154572992368596,59.625867215916784,237.73239,586.8454,18.874717712402344,12.595281600952148,2.468512535095215,-0.4261367917060852,2.0423758029937744
194.3,194.3,rgbd,14284,24.340311860528608,60.08436594794747,237.73239,586.8454,18.874717712402344,12.595281600952148,2.468512535095215,-0.4261367917060852,2.0423758029937744
196.4,196.4,rgbd,14343,24.44084941301889,60.33254416069802,237.73239,586.8454,18.874717712402344,12.595281600952148,2.468512535095215,-0.4261367917060852,2.0423758029937744
198.4,198.4,rgbd,14376,24.49708228136091,60.47135570342291,237.73239,586.8454,18.874717712402344,12.595281600952148,2.468512535095215,-0.4261367917060852,2.0423758029937744
200.3,200.3,rgbd,14399,24.53627488656899,60.56810314229177,237.73239,586.8454,18.874717712402344,12.595281600952148,2.468512535095215,-0.4261367917060852,2.0423758029937744
202.4,202.4,rgbd,14432,24.59250775491101,60.706914685016656,237.73239,586.8454,18.874717712402344,12.595281600952148,2.468512535095215,-0.4261367917060852,2.0423758029937744
204.5,204.5,rgbd,14475,24.66578088638698,60.887790331597564,237.73239,586.8454,18.874717712402344,12.595281600952148,2.468512535095215,-0.4261367917060852,2.0423758029937744
206.5,206.5,rgbd,14517,24.737349991549554,61.06445956779287,237.73239,586.8454,18.874717712402344,12.595281600952148,2.468512535095215,-0.4261367917060852,2.0423758029937744
208.5,208.5,rgbd,14637,24.941833149156906,61.569228814065184,237.73239,586.8454,18.874717712402344,12.595281600952148,2.468512535095215,-0.4261367917060852,2.0423758029937744
210.6,210.6,rgbd,14743,25.122459938376736,62.01510831493906,237.73239,586.8454,18.874717712402344,12.595281600952148,2.468512535095215,-0.4261367917060852,2.0423758029937744
212.6,212.6,rgbd,14950,25.47519338524942,62.885835264758796,237.73239,586.8454,18.874717712402344,12.595281600952148,2.468512535095215,-0.4261367917060852,2.0423758029937744
214.7,214.7,rgbd,15154,25.82281475318192,63.743942983421725,237.73239,586.8454,18.874717712402344,12.595281600952148,2.468512535095215,-0.4261367917060852,2.0423758029937744
216.6,216.6,rgbd,15247,25.981289200327616,64.13513914928276,237.73239,586.8454,18.874717712402344,12.595281600952148,2.468512535095215,-0.4261367917060852,2.0423758029937744
218.5,218.5,rgbd,15267,26.01536972659551,64.21926735699482,237.73239,586.8454,18.874717712402344,12.595281600952148,2.468512535095215,-0.4261367917060852,2.0423758029937744
220.6,220.6,rgbd,15411,23.466548894238464,57.927470509321104,266.03958,656.72205,18.874717712402344,14.095023155212402,2.468512535095215,-0.4261367917060852,2.0423758029937744
222.6,222.6,rgbd,15498,22.63640494432927,55.87824965782941,277.353,684.64935,18.874717712402344,14.694418907165527,2.468512535095215,-0.4261367917060852,2.0423758029937744
224.6,224.6,rgbd,15593,22.775162104589388,56.220773449124664,277.353,684.64935,18.874717712402344,14.694418907165527,2.468512535095215,-0.4261367917060852,2.0423758029937744
226.5,226.5,rgbd,15734,21.338784706917068,52.67505706351912,298.69925,737.34283,18.874717712402344,15.825363159179688,2.468512535095215,-0.4261367917060852,2.0423758029937744
228.6,228.6,rgbd,15919,20.928216694435413,51.66156459233238,308.1401,760.6477,18.874717712402344,16.32554817199707,2.468512535095215,-0.4261367917060852,2.0423758029937744
230.7,230.7,rgbd,16134,17.91934245625923,52.13545582179633,309.4631,900.36786,18.913496017456055,16.36202621459961,2.909451484680176,-0.5456308126449585,2.3638205528259277
232.7,232.7,rgbd,16508,21.151464172330424,53.51413988993344,308.47922,780.46606,18.89284896850586,16.327829360961914,2.5300443172454834,-0.41842320561408997,2.111621141433716
234.8,234.8,rgbd,16468,21.397342181625255,53.386689740534734,308.4664,769.6283,18.856388092041016,16.358720779418945,2.4950149059295654,-0.3862549662590027,2.108759880065918
236.9,236.9,rgbd,16536,21.485696521457083,53.607135143884044,308.4664,769.6283,18.856388092041016,16.358720779418945,2.4950149059295654,-0.3862549662590027,2.108759880065918
238.9,238.9,rgbd,16711,21.45443492413376,53.52913687835066,312.18512,778.90656,18.856388092041016,16.55593490600586,2.4950149059295654,-0.3862549662590027,2.108759880065918
240.9,240.9,rgbd,16890,20.82078315122675,51.94816292483545,325.1318,811.2087,18.856388092041016,17.242528915405273,2.4950149059295654,-0.3862549662590027,2.108759880065918
243.0,243.0,rgbd,17107,21.08496958496669,52.60731367955648,325.18292,811.33624,18.856388092041016,17.2452392578125,2.4950149059295654,-0.3862549662590027,2.108759880065918
244.9,244.9,rgbd,17342,21.374615218477366,53.3299838563669,325.18292,811.33624,18.856388092041016,17.2452392578125,2.4950149059295654,-0.3862549662590027,2.108759880065918
246.9,246.9,rgbd,17682,21.11072191785833,52.671567011632575,335.70294,837.58386,18.856388092041016,17.80314064025879,2.4950149059295654,-0.3862549662590027,2.108759880065918
248.9,248.9,rgbd,18048,21.431149765176553,53.471039681797706,337.5285,842.1387,18.856388092041016,17.89995574951172,2.4950149059295654,-0.3862549662590027,2.108759880065918
250.9,250.9,rgbd,18173,21.57958137647127,53.84137877533853,337.5285,842.1387,18.856388092041016,17.89995574951172,2.4950149059295654,-0.3862549662590027,2.108759880065918
253.0,253.0,rgbd,18320,20.581517323095426,51.35119187489024,356.759,890.119,18.856388092041016,18.919795989990234,2.4950149059295654,-0.3862549662590027,2.108759880065918
255.1,255.1,rgbd,18442,20.71857764588023,51.693159419035254,356.759,890.119,18.856388092041016,18.919795989990234,2.4950149059295654,-0.3862549662590027,2.108759880065918
257.0,257.0,rgbd,18837,19.912894260267844,49.682968427269905,379.144,945.97,18.856388092041016,20.10692596435547,2.4950149059295654,-0.3862549662590027,2.108759880065918
259.1,259.1,rgbd,19000,20.085204169723898,50.112884223503116,379.144,945.97,18.856388092041016,20.10692596435547,2.4950149059295654,-0.3862549662590027,2.108759880065918
261.1,261.1,rgbd,19123,20.21523987332151,50.43732356926653,379.14383,945.9695,18.856388092041016,20.106916427612305,2.4950149059295654,-0.3862549662590027,2.108759880065918
263.2,263.2,rgbd,19495,20.608487231626988,51.41848156580301,379.14383,945.9695,18.856388092041016,20.106916427612305,2.4950149059295654,-0.3862549662590027,2.108759880065918
265.3,265.3,rgbd,19601,20.720541586412956,51.69805884438599,379.14383,945.9695,18.856388092041016,20.106916427612305,2.4950149059295654,-0.3862549662590027,2.108759880065918
267.2,267.2,rgbd,19651,20.773400094794667,51.82994326285319,379.14377,945.96936,18.856388092041016,20.106914520263672,2.4950149059295654,-0.3862549662590027,2.108759880065918
269.3,269.3,rgbd,19902,21.038736384235076,52.49196126493838,379.14377,945.96936,18.856388092041016,20.106914520263672,2.4950149059295654,-0.3862549662590027,2.108759880065918
271.3,271.3,rgbd,19936,21.074678351728995,52.58163701024076,379.14377,945.96936,18.856388092041016,20.106914520263672,2.4950149059295654,-0.3862549662590027,2.108759880065918
273.3,273.3,rgbd,20038,21.182504254210755,52.85066424614789,379.14377,945.96936,18.856388092041016,20.106914520263672,2.4950149059295654,-0.3862549662590027,2.108759880065918
275.4,275.4,rgbd,20135,21.72094590310375,53.128706791293794,378.98532,926.9854,18.80701446533203,20.151275634765625,2.4459664821624756,-0.36370205879211426,2.0822644233703613
277.4,277.4,rgbd,20389,21.99495237240538,53.79891744562648,378.98532,926.9854,18.80701446533203,20.151275634765625,2.4459664821624756,-0.36370205879211426,2.0822644233703613
279.5,279.5,rgbd,21134,22.54910497638807,55.76734675471091,378.9673,937.2434,18.828662872314453,20.127147674560547,2.473151206970215,-0.39381107687950134,2.0793402194976807
281.5,281.5,rgbd,21145,22.938401026971782,55.820228535419346,378.80533,921.81665,18.829456329345703,20.117698669433594,2.433483839035034,-0.35887497663497925,2.07460880279541
283.5,283.5,rgbd,20697,21.714351286443776,54.58655479121064,379.1593,953.14844,18.853200912475586,20.11113739013672,2.5138468742370605,-0.433145135641098,2.0807018280029297
285.5,285.5,rgbd,20713,21.565510261261192,54.566340016961846,379.593,960.4688,18.87165069580078,20.114456176757812,2.530259609222412,-0.44740965962409973,2.0828499794006348
287.4,287.4,rgbd,21096,22.24390726103736,55.58606755801277,379.51956,948.39453,18.877347946166992,20.104496002197266,2.498934507369995,-0.4129785895347595,2.085955858230591
289.4,289.4,rgbd,21500,23.591897464830087,56.776642237411295,378.67685,911.32983,18.82232093811035,20.118499755859375,2.4066162109375,-0.35321763157844543,2.053398609161377
291.4,291.4,rgbd,21652,23.758686693418653,57.178039894159504,378.67685,911.32983,18.82232093811035,20.118499755859375,2.4066162109375,-0.35321763157844543,2.053398609161377
293.5,293.5,rgbd,21755,23.871708341738536,57.450039622087566,378.67685,911.32983,18.82232093811035,20.118499755859375,2.4066162109375,-0.35321763157844543,2.053398609161377
295.6,295.6,rgbd,21339,23.013815536348385,56.36174751668961,378.60785,927.22565,18.755552291870117,20.18644142150879,2.4490396976470947,-0.3726669251918793,2.0763728618621826
297.6,297.6,rgbd,21456,23.139998413603774,56.67077439046311,378.60785,927.22565,18.755552291870117,20.18644142150879,2.4490396976470947,-0.3726669251918793,2.0763728618621826
299.6,299.6,rgbd,21536,23.226277304034813,56.8820748169749,378.60785,927.22565,18.755552291870117,20.18644142150879,2.4490396976470947,-0.3726669251918793,2.0763728618621826
301.6,301.6,rgbd,21631,23.328733486421665,57.13299407345766,378.60785,927.22565,18.755552291870117,20.18644142150879,2.4490396976470947,-0.3726669251918793,2.0763728618621826
303.6,303.6,rgbd,21695,23.397756598766495,57.30203441466709,378.60785,927.22565,18.755552291870117,20.18644142150879,2.4490396976470947,-0.3726669251918793,2.0763728618621826
305.6,305.6,rgbd,21768,23.476486086284815,57.494846053859106,378.60785,927.22565,18.755552291870117,20.18644142150879,2.4490396976470947,-0.3726669251918793,2.0763728618621826
307.7,307.7,rgbd,21849,23.56384346284624,57.708787735702295,378.60785,927.22565,18.755552291870117,20.18644142150879,2.4490396976470947,-0.3726669251918793,2.0763728618621826
309.7,309.7,rgbd,21954,23.67708450653697,57.98611954549902,378.60785,927.22565,18.755552291870117,20.18644142150879,2.4490396976470947,-0.3726669251918793,2.0763728618621826
311.8,311.8,rgbd,22147,23.885232329701847,58.49588182445873,378.60785,927.22565,18.755552291870117,20.18644142150879,2.4490396976470947,-0.3726669251918793,2.0763728618621826
313.9,313.9,rgbd,24869,22.748324137313436,65.29096656514304,380.89496,1093.2234,16.96790885925293,22.447961807250977,2.8701441287994385,-0.2588918209075928,2.6112523078918457
315.8,315.8,rgbd,25159,23.01359471513405,66.05233132865952,380.89496,1093.2234,16.96790885925293,22.447961807250977,2.8701441287994385,-0.2588918209075928,2.6112523078918457
317.8,317.8,rgbd,25542,23.363934823083348,67.05785789564852,380.89496,1093.2234,16.96790885925293,22.447961807250977,2.8701441287994385,-0.2588918209075928,2.6112523078918457
319.8,319.8,rgbd,25824,23.621887591860634,67.79821949327491,380.89496,1093.2234,16.96790885925293,22.447961807250977,2.8701441287994385,-0.2588918209075928,2.6112523078918457
321.8,321.8,rgbd,26090,23.865204742551267,68.49657475912106,380.89496,1093.2234,16.96790885925293,22.447961807250977,2.8701441287994385,-0.2588918209075928,2.6112523078918457
323.8,323.8,rgbd,26360,24.112180797763568,69.20543160791227,380.89496,1093.2234,16.96790885925293,22.447961807250977,2.8701441287994385,-0.2588918209075928,2.6112523078918457
325.9,325.9,rgbd,26503,24.242986634413043,69.58086319819799,380.89496,1093.2234,16.96790885925293,22.447961807250977,2.8701441287994385,-0.2588918209075928,2.6112523078918457
327.8,327.8,rgbd,26556,24.291467119325088,69.72000917221996,380.89496,1093.2234,16.96790885925293,22.447961807250977,2.8701441287994385,-0.2588918209075928,2.6112523078918457
329.8,329.8,rgbd,26577,24.31067636806382,69.7751424826815,380.89496,1093.2234,16.96790885925293,22.447961807250977,2.8701441287994385,-0.2588918209075928,2.6112523078918457
331.8,331.8,rgbd,26674,24.399404802714162,70.02980586909909,380.89496,1093.2234,16.96790885925293,22.447961807250977,2.8701441287994385,-0.2588918209075928,2.6112523078918457
334.0,334.0,rgbd,26775,24.491792141886172,70.29497083846172,380.89496,1093.2234,16.96790885925293,22.447961807250977,2.8701441287994385,-0.2588918209075928,2.6112523078918457
336.1,336.1,rgbd,26942,24.64455140566563,70.73341192641777,380.89496,1093.2234,16.96790885925293,22.447961807250977,2.8701441287994385,-0.2588918209075928,2.6112523078918457
338.0,338.0,rgbd,27201,24.881465473443352,71.41338942211009,380.89496,1093.2234,16.96790885925293,22.447961807250977,2.8701441287994385,-0.2588918209075928,2.6112523078918457
340.1,340.1,rgbd,27636,25.852939312414975,72.41576494459642,381.6296,1068.9694,16.997211456298828,22.452484130859375,2.801064968109131,-0.24356064200401306,2.557504415512085
342.0,342.0,rgbd,27828,25.71047324612536,73.84031273959066,376.8673,1082.3605,16.798770904541016,22.434219360351562,2.8719935417175293,-0.15979042649269104,2.712203025817871
344.1,344.1,rgbd,28365,25.67260725153735,74.52596778430242,380.6056,1104.8741,16.955123901367188,22.44782066345215,2.902937173843384,-0.45162367820739746,2.4513134956359863
347.1,347.1,rgbd,28487,25.783027067672993,74.84650958122415,380.6056,1104.8741,16.955123901367188,22.44782066345215,2.902937173843384,-0.45162367820739746,2.4513134956359863
348.0,348.0,rgbd,28586,25.87263003322569,75.10662136725081,380.6056,1104.8741,16.955123901367188,22.44782066345215,2.902937173843384,-0.45162367820739746,2.4513134956359863
350.1,350.1,rgbd,28382,21.906907112608806,75.18485963713549,377.49622,1295.5731,16.83070182800293,22.42902374267578,3.432016134262085,-0.8495659232139587,2.5824501514434814
352.1,352.1,rgbd,28463,21.969427705805952,75.39943132449395,377.49622,1295.5731,16.83070182800293,22.42902374267578,3.432016134262085,-0.8495659232139587,2.5824501514434814
354.1,354.1,rgbd,28622,22.092153314674416,75.82062759967909,377.49622,1295.5731,16.83070182800293,22.42902374267578,3.432016134262085,-0.8495659232139587,2.5824501514434814
356.2,356.2,rgbd,28770,22.206388472614876,76.21268450991431,377.49622,1295.5731,16.83070182800293,22.42902374267578,3.432016134262085,-0.8495659232139587,2.5824501514434814
358.0,358.0,rgbd,28891,22.299783432822952,76.53321752436338,377.49622,1295.5731,16.83070182800293,22.42902374267578,3.432016134262085,-0.8495659232139587,2.5824501514434814
360.1,360.1,rgbd,28999,22.383144223752478,76.819313107508,377.49622,1295.5731,16.83070182800293,22.42902374267578,3.432016134262085,-0.8495659232139587,2.5824501514434814
362.1,362.1,rgbd,29360,22.661785386026164,77.77561408450066,377.49622,1295.5731,16.83070182800293,22.42902374267578,3.432016134262085,-0.8495659232139587,2.5824501514434814
364.1,364.1,rgbd,29730,22.94737328087731,78.75575636008872,377.49622,1295.5731,16.83070182800293,22.42902374267578,3.432016134262085,-0.8495659232139587,2.5824501514434814
366.1,366.1,rgbd,29963,23.127216468716007,79.37298109039146,377.49622,1295.5731,16.83070182800293,22.42902374267578,3.432016134262085,-0.8495659232139587,2.5824501514434814
368.2,368.2,rgbd,30050,23.19436821696479,79.60344697681352,377.49622,1295.5731,16.83070182800293,22.42902374267578,3.432016134262085,-0.8495659232139587,2.5824501514434814
370.1,370.1,rgbd,30387,23.454484759031917,80.49617115755183,377.49622,1295.5731,16.83070182800293,22.42902374267578,3.432016134262085,-0.8495659232139587,2.5824501514434814
372.1,372.1,rgbd,30633,23.644362116149164,81.14783331915902,377.49622,1295.5731,16.83070182800293,22.42902374267578,3.432016134262085,-0.8495659232139587,2.5824501514434814
374.1,374.1,rgbd,30821,24.358197988911325,81.83600929353435,376.61905,1265.3235,16.791479110717773,22.429176330566406,3.3596906661987305,-0.8345727920532227,2.525117874145508
376.1,376.1,rgbd,31388,27.078188341795098,82.85867383680308,378.8137,1159.1617,16.88895034790039,22.429676055908203,3.059978485107422,-0.6440576910972595,2.4159207344055176
378.1,378.1,rgbd,31372,24.864110462686337,82.2876280834216,381.24808,1261.7383,16.992918014526367,22.43570327758789,3.3094940185546875,-0.757409393787384,2.5520846843719482
380.2,380.2,rgbd,31514,23.863303223203957,83.40399106362807,377.84763,1320.6051,16.83786964416504,22.440345764160156,3.4950733184814453,-0.8491162061691284,2.6459569931030273
382.3,382.3,rgbd,31353,23.13900387350095,82.85534335557271,378.4065,1354.9849,16.861923217773438,22.441478729248047,3.5807652473449707,-0.902166485786438,2.678598642349243
384.3,384.3,rgbd,31888,23.1288736380516,85.27088255551675,373.96118,1378.7096,16.82074546813965,22.232141494750977,3.686772108078003,-0.9378538727760315,2.748918294906616
386.3,386.3,rgbd,31953,23.176019171997705,85.44469738762,373.96118,1378.7096,16.82074546813965,22.232141494750977,3.686772108078003,-0.9378538727760315,2.748918294906616
388.3,388.3,rgbd,32062,23.25507860584579,85.73617149068546,373.96118,1378.7096,16.82074546813965,22.232141494750977,3.686772108078003,-0.9378538727760315,2.748918294906616
390.4,390.4,rgbd,32221,23.196762719600976,85.88537837779577,375.1628,1389.03,16.868497848510742,22.240440368652344,3.702472686767578,-0.9539529085159302,2.7485196590423584
392.4,392.4,rgbd,32235,23.498776292274602,85.52604995421991,376.9027,1371.7736,16.972469329833984,22.206710815429688,3.6395957469940186,-0.9566800594329834,2.682915687561035
394.5,394.5,rgbd,32428,23.660449045010044,86.22206996284241,376.0986,1370.5573,16.929567337036133,22.21548843383789,3.644143581390381,-1.005039930343628,2.639103651046753
396.5,396.5,rgbd,32724,24.087808922826824,87.53849101540646,373.82413,1358.5295,16.80364227294922,22.246612548828125,3.634140729904175,-1.0097954273223877,2.624345302581787
398.4,398.4,rgbd,32788,29.540519008263008,85.27413189253748,384.50113,1109.9331,17.109020233154297,22.473590850830078,2.886683464050293,-0.33089783787727356,2.555785655975342
400.4,400.4,rgbd,32861,29.606288737664105,85.46398829207864,384.50113,1109.9331,17.109020233154297,22.473590850830078,2.886683464050293,-0.33089783787727356,2.555785655975342
402.4,402.4,rgbd,32908,29.648633631936047,85.58622460411198,384.50113,1109.9331,17.109020233154297,22.473590850830078,2.886683464050293,-0.33089783787727356,2.555785655975342
404.6,404.6,rgbd,32966,29.700889033378015,85.73706941470631,384.50113,1109.9331,17.109020233154297,22.473590850830078,2.886683464050293,-0.33089783787727356,2.555785655975342
406.5,406.5,rgbd,33003,29.7342243756772,85.83329800077512,384.50113,1109.9331,17.109020233154297,22.473590850830078,2.886683464050293,-0.33089783787727356,2.555785655975342
408.5,408.5,rgbd,33028,29.756748255609082,85.89831731568647,384.50113,1109.9331,17.109020233154297,22.473590850830078,2.886683464050293,-0.33089783787727356,2.555785655975342
410.5,410.5,rgbd,33107,29.827923716193833,86.10377835080635,384.50113,1109.9331,17.109020233154297,22.473590850830078,2.886683464050293,-0.33089783787727356,2.555785655975342
412.8,412.8,rgbd,33234,29.893739522206005,86.2937663369023,385.1263,1111.7378,17.136838912963867,22.473590850830078,2.886683464050293,-0.33089783787727356,2.555785655975342
414.8,414.8,rgbd,33474,30.109617763926217,86.91693850759667,385.1263,1111.7378,17.136838912963867,22.473590850830078,2.886683464050293,-0.33089783787727356,2.555785655975342
416.7,416.7,rgbd,33668,30.28411934265005,87.42066934557461,385.1263,1111.7378,17.136838912963867,22.473590850830078,2.886683464050293,-0.33089783787727356,2.555785655975342
418.8,418.8,rgbd,33833,29.452664044873135,85.02051730898467,397.93924,1148.7246,17.706972122192383,22.473590850830078,2.886683464050293,-0.33089783787727356,2.555785655975342
420.8,420.8,rgbd,34062,27.324874157726104,78.87825915749919,431.83002,1246.5565,19.214998245239258,22.473590850830078,2.886683464050293,-0.33089783787727356,2.555785655975342
422.8,422.8,rgbd,34104,27.35856697419679,78.9755196496786,431.83002,1246.5565,19.214998245239258,22.473590850830078,2.886683464050293,-0.33089783787727356,2.555785655975342
424.8,424.8,rgbd,34144,27.390655370835535,79.06814868984947,431.83002,1246.5565,19.214998245239258,22.473590850830078,2.886683464050293,-0.33089783787727356,2.555785655975342
426.8,426.8,rgbd,34061,26.210946351333643,78.83615821523622,432.04794,1299.4952,19.226181030273438,22.47185516357422,3.0077569484710693,-0.27751272916793823,2.7302441596984863
428.9,428.9,rgbd,35219,32.73620352508061,90.85119424928921,387.65588,1075.8425,16.960269927978516,22.856704711914062,2.7752513885498047,-0.4155690670013428,2.359682321548462
430.8,430.8,rgbd,35865,31.312044496712996,92.09339983271195,389.4416,1145.4059,17.043689727783203,22.849605560302734,2.9411494731903076,-0.7591156959533691,2.1820337772369385
432.9,432.9,rgbd,36389,32.71099375141554,92.25761124774094,394.42816,1112.4395,17.257495880126953,22.85546875,2.820385456085205,-0.5066688656806946,2.3137166500091553
434.8,434.8,rgbd,36446,32.76223249509717,92.40212425554883,394.42816,1112.4395,17.257495880126953,22.85546875,2.820385456085205,-0.5066688656806946,2.3137166500091553
436.8,436.8,rgbd,35979,30.0128596879819,87.79484765958448,409.80765,1198.7861,16.86803436279297,24.294925689697266,2.925240993499756,-0.4352632761001587,2.4899778366088867
438.8,438.8,rgbd,35963,32.09425184904043,91.25331089135469,394.10077,1120.5433,16.310039520263672,24.16307830810547,2.8432912826538086,-0.4375552833080292,2.405735969543457
440.9,440.9,rgbd,36040,32.16296851317791,91.44869239285997,394.10077,1120.5433,16.310039520263672,24.16307830810547,2.8432912826538086,-0.4375552833080292,2.405735969543457
443.0,443.0,rgbd,36180,31.970687461356214,93.19796480249445,388.2059,1131.6616,16.11460304260254,24.090316772460938,2.915106773376465,-0.2570669651031494,2.6580398082733154
444.9,444.9,rgbd,36423,32.77835645954854,93.53461299645762,389.40665,1111.1906,16.154996871948242,24.104408264160156,2.853548049926758,-0.24236279726028442,2.611185312271118
447.0,447.0,rgbd,36502,31.68543149548445,94.22025086538103,387.4114,1152.0121,16.045270919799805,24.1448974609375,2.97361421585083,-0.2579546570777893,2.7156596183776855
449.1,449.1,rgbd,36635,31.834600983294557,93.46583002901323,391.96143,1150.7919,16.219463348388672,24.166114807128906,2.9359824657440186,-0.25167664885520935,2.6843059062957764
451.1,451.1,rgbd,36949,33.1058084474298,95.05609860784519,388.7073,1116.0881,16.12847328186035,24.100688934326172,2.871281623840332,-0.34683823585510254,2.5244433879852295
453.1,453.1,rgbd,37255,33.0114741315278,92.2881549412345,403.68127,1128.547,16.64769744873047,24.24847412109375,2.7956385612487793,-0.2498702108860016,2.5457682609558105
455.1,455.1,rgbd,37324,32.377101410724826,92.83617936014893,402.04153,1152.79,16.575233459472656,24.255558013916016,2.8673408031463623,-0.308510959148407,2.5588297843933105
457.1,457.1,rgbd,36888,31.141028169771737,95.03423791290204,388.15485,1184.5466,16.09981346130371,24.109275817871094,3.0517373085021973,-0.3593001365661621,2.692437171936035
459.1,459.1,rgbd,36909,31.15875647142987,95.08834003272884,388.15485,1184.5466,16.09981346130371,24.109275817871094,3.0517373085021973,-0.3593001365661621,2.692437171936035
461.2,461.2,rgbd,36987,31.22460444901722,95.28929076351409,388.15485,1184.5466,16.09981346130371,24.109275817871094,3.0517373085021973,-0.3593001365661621,2.692437171936035
463.2,463.2,rgbd,37065,31.29045242660457,95.49024149429934,388.15485,1184.5466,16.09981346130371,24.109275817871094,3.0517373085021973,-0.3593001365661621,2.692437171936035
465.1,465.1,rgbd,37394,31.568195819248654,96.33784137158585,388.15485,1184.5466,16.09981346130371,24.109275817871094,3.0517373085021973,-0.3593001365661621,2.692437171936035
467.1,467.1,rgbd,37629,31.76658395685157,96.94326985536193,388.15485,1184.5466,16.09981346130371,24.109275817871094,3.0517373085021973,-0.3593001365661621,2.692437171936035
469.1,469.1,rgbd,37975,32.05867883179033,97.83466668679394,388.15485,1184.5466,16.09981346130371,24.109275817871094,3.0517373085021973,-0.3593001365661621,2.692437171936035
471.1,471.1,rgbd,38222,32.26719742748361,98.47101066761391,388.15485,1184.5466,16.09981346130371,24.109275817871094,3.0517373085021973,-0.3593001365661621,2.692437171936035
473.1,473.1,rgbd,38494,32.49682114419847,99.17176193394197,388.15485,1184.5466,16.09981346130371,24.109275817871094,3.0517373085021973,-0.3593001365661621,2.692437171936035
475.0,475.0,rgbd,38586,32.57448798955791,99.40878074461175,388.15485,1184.5466,16.09981346130371,24.109275817871094,3.0517373085021973,-0.3593001365661621,2.692437171936035
477.0,477.0,rgbd,38717,32.685078823711024,99.74627492067415,388.15485,1184.5466,16.09981346130371,24.109275817871094,3.0517373085021973,-0.3593001365661621,2.692437171936035
479.0,479.0,rgbd,38904,32.84294512895249,100.22804141627469,388.15485,1184.5466,16.09981346130371,24.109275817871094,3.0517373085021973,-0.3593001365661621,2.692437171936035
481.1,481.1,rgbd,39024,32.94424970985611,100.53719638671355,388.15485,1184.5466,16.09981346130371,24.109275817871094,3.0517373085021973,-0.3593001365661621,2.692437171936035
483.2,483.2,rgbd,39082,32.99321359062619,100.68662128909232,388.15485,1184.5466,16.09981346130371,24.109275817871094,3.0517373085021973,-0.3593001365661621,2.692437171936035
485.2,485.2,rgbd,39163,33.06159418273614,100.89530089413854,388.15485,1184.5466,16.09981346130371,24.109275817871094,3.0517373085021973,-0.3593001365661621,2.692437171936035
487.3,487.3,rgbd,39193,33.08692032796204,100.97258963674825,388.15485,1184.5466,16.09981346130371,24.109275817871094,3.0517373085021973,-0.3593001365661621,2.692437171936035
489.4,489.4,rgbd,39253,33.13757261841385,101.12716712196767,388.15485,1184.5466,16.09981346130371,24.109275817871094,3.0517373085021973,-0.3593001365661621,2.692437171936035
491.4,491.4,rgbd,39327,33.20004377663774,101.31781268707164,388.15485,1184.5466,16.09981346130371,24.109275817871094,3.0517373085021973,-0.3593001365661621,2.692437171936035
493.4,493.4,rgbd,39456,33.30894620110913,101.65015428029339,388.15485,1184.5466,16.09981346130371,24.109275817871094,3.0517373085021973,-0.3593001365661621,2.692437171936035
495.4,495.4,rgbd,39789,29.18183949766103,102.31685261049216,388.88022,1363.485,16.11668586730957,24.129043579101562,3.5061824321746826,-0.8378121256828308,2.668370246887207
497.3,497.3,rgbd,40119,33.2849079247599,102.96331118733211,389.64365,1205.321,16.14736557006836,24.130477905273438,3.093393325805664,-0.41603121161460876,2.6773622035980225
499.4,499.4,rgbd,40727,35.741596960488536,100.97735992190827,403.32803,1139.4846,16.61040687561035,24.281646728515625,2.8252055644989014,-0.16441892087459564,2.6607866287231445
501.4,501.4,rgbd,41226,36.34980969604106,105.7073945291996,390.0011,1134.1462,16.18607521057129,24.094852447509766,2.9080591201782227,-0.14781278371810913,2.7602462768554688
503.4,503.4,rgbd,41477,37.31874761389492,106.29189608545155,390.2179,1111.4253,16.194541931152344,24.09564208984375,2.848217010498047,-0.12355832755565643,2.724658727645874
505.3,505.3,rgbd,41385,36.45082938649773,105.24703922201377,393.2177,1135.3651,16.29622459411621,24.129375457763672,2.8873701095581055,-0.13685879111289978,2.750511407852173
507.3,507.3,rgbd,41436,36.49574885728936,105.37673836422285,393.2177,1135.3651,16.29622459411621,24.129375457763672,2.8873701095581055,-0.13685879111289978,2.750511407852173
509.3,509.3,rgbd,41443,36.50191427484899,105.39454020727115,393.2177,1135.3651,16.29622459411621,24.129375457763672,2.8873701095581055,-0.13685879111289978,2.750511407852173
511.4,511.4,rgbd,41455,36.512483562094076,105.4250576524968,393.2177,1135.3651,16.29622459411621,24.129375457763672,2.8873701095581055,-0.13685879111289978,2.750511407852173
513.3,513.3,rgbd,41547,36.59351476430642,105.65902473256024,393.2177,1135.3651,16.29622459411621,24.129375457763672,2.8873701095581055,-0.13685879111289978,2.750511407852173
515.4,515.4,rgbd,41669,36.70096918463148,105.96928542568784,393.2177,1135.3651,16.29622459411621,24.129375457763672,2.8873701095581055,-0.13685879111289978,2.750511407852173
517.6,517.6,rgbd,41763,36.78376193471801,106.20833874662222,393.2177,1135.3651,16.29622459411621,24.129375457763672,2.8873701095581055,-0.13685879111289978,2.750511407852173
519.6,519.6,rgbd,42384,33.55652124497391,99.25164668575749,427.03574,1263.063,17.92557716369629,23.822704315185547,2.957745313644409,-0.7365266680717468,2.2212185859680176
521.7,521.7,rgbd,42210,30.889541209659985,97.97945610860401,430.8046,1366.4819,18.13707733154297,23.752702713012695,3.1719298362731934,-0.9575018286705017,2.214427947998047
523.6,523.6,rgbd,42077,30.807559415382187,97.91316643814234,429.7379,1365.8011,18.113794326782227,23.724346160888672,3.1782188415527344,-0.9464257955551147,2.23179292678833
525.6,525.6,rgbd,41904,30.72114918388091,97.85359185416097,428.2316,1364.0115,18.031814575195312,23.748668670654297,3.1852190494537354,-0.9417334198951721,2.243485689163208
527.6,527.6,rgbd,41932,30.741676870429895,97.91897703390316,428.2316,1364.0115,18.031814575195312,23.748668670654297,3.1852190494537354,-0.9417334198951721,2.243485689163208
529.6,529.6,rgbd,41901,31.9299851528026,99.01008574429444,423.1993,1312.2775,17.81662940979004,23.7530517578125,3.1008496284484863,-0.8547781109809875,2.2460715770721436
531.7,531.7,rgbd,41904,31.932271254696552,99.0171746027282,423.1993,1312.2775,17.81662940979004,23.7530517578125,3.1008496284484863,-0.8547781109809875,2.2460715770721436
533.7,533.7,rgbd,42198,30.878241107095377,98.08959202357764,430.19855,1366.5934,18.195697784423828,23.642871856689453,3.1766574382781982,-0.952080488204956,2.224576950073242
535.8,535.8,rgbd,42354,30.9923935695985,98.45221528429327,430.19855,1366.5934,18.195697784423828,23.642871856689453,3.1766574382781982,-0.952080488204956,2.224576950073242
537.6,537.6,rgbd,42398,31.02459041799682,98.55449363987972,430.19855,1366.5934,18.195697784423828,23.642871856689453,3.1766574382781982,-0.952080488204956,2.224576950073242
539.7,539.7,rgbd,42455,31.066299971603733,98.68699060052582,430.19855,1366.5934,18.195697784423828,23.642871856689453,3.1766574382781982,-0.952080488204956,2.224576950073242
541.6,541.6,rgbd,42579,31.157036544362626,98.97522960263312,430.19855,1366.5934,18.195697784423828,23.642871856689453,3.1766574382781982,-0.952080488204956,2.224576950073242
543.6,543.6,rgbd,42655,31.212649282505176,99.15189221682792,430.19855,1366.5934,18.195697784423828,23.642871856689453,3.1766574382781982,-0.952080488204956,2.224576950073242
545.6,545.6,rgbd,42740,31.274847739638286,99.3494754037563,430.19855,1366.5934,18.195697784423828,23.642871856689453,3.1766574382781982,-0.952080488204956,2.224576950073242
547.8,547.8,rgbd,42889,31.38387797625986,99.69582710790135,430.19855,1366.5934,18.195697784423828,23.642871856689453,3.1766574382781982,-0.952080488204956,2.224576950073242
549.7,549.7,rgbd,42604,28.855162962419133,98.92581810121663,430.66614,1476.4775,18.21354103088379,23.645381927490234,3.4283576011657715,-1.1244031190872192,2.303954601287842
551.7,551.7,rgbd,42717,31.47872311429325,99.53644418797393,429.1594,1357.0118,18.14422607421875,23.65266990661621,3.1620230674743652,-0.9263571500778198,2.235666036605835
553.8,553.8,rgbd,42846,32.09029162766552,97.08984666821985,441.30258,1335.1702,18.764137268066406,23.51840591430664,3.0255208015441895,-0.814795196056366,2.2107255458831787
555.8,555.8,rgbd,42996,32.202636858122275,97.42974950629652,441.30258,1335.1702,18.764137268066406,23.51840591430664,3.0255208015441895,-0.814795196056366,2.2107255458831787
557.8,557.8,rgbd,43186,32.34494081670082,97.86029310119363,441.30258,1335.1702,18.764137268066406,23.51840591430664,3.0255208015441895,-0.814795196056366,2.2107255458831787
559.8,559.8,rgbd,43422,32.52169731261944,98.39507356643426,441.30258,1335.1702,18.764137268066406,23.51840591430664,3.0255208015441895,-0.814795196056366,2.2107255458831787
561.7,561.7,rgbd,43591,32.64827293893404,98.77803076400065,441.30258,1335.1702,18.764137268066406,23.51840591430664,3.0255208015441895,-0.814795196056366,2.2107255458831787
563.8,563.8,rgbd,43712,32.738898091502485,99.05221905338249,441.30258,1335.1702,18.764137268066406,23.51840591430664,3.0255208015441895,-0.814795196056366,2.2107255458831787
565.8,565.8,rgbd,43794,32.80031348415217,99.2380326048644,441.30258,1335.1702,18.764137268066406,23.51840591430664,3.0255208015441895,-0.814795196056366,2.2107255458831787
567.7,567.7,rgbd,43805,32.80855213438567,99.26295881299002,441.30258,1335.1702,18.764137268066406,23.51840591430664,3.0255208015441895,-0.814795196056366,2.2107255458831787
569.8,569.8,rgbd,43895,32.87595927265971,99.46690051583603,441.30258,1335.1702,18.764137268066406,23.51840591430664,3.0255208015441895,-0.814795196056366,2.2107255458831787
571.8,571.8,rgbd,43635,32.29292872351036,98.64144938042428,442.35968,1351.2246,18.844135284423828,23.474660873413086,3.0545835494995117,-0.8663004636764526,2.1882829666137695
573.8,573.8,rgbd,43927,31.93164914174982,99.2019689875637,442.8037,1375.6571,18.857707977294922,23.481311798095703,3.1066973209381104,-0.931894063949585,2.1748032569885254
575.8,575.8,rgbd,44174,32.536553984573175,99.91527230465546,442.1146,1357.673,18.83193016052246,23.47686004638672,3.070862293243408,-0.9020912647247314,2.1687710285186768
577.8,577.8,rgbd,44474,32.7575203040229,100.59382941271443,442.1146,1357.673,18.83193016052246,23.47686004638672,3.070862293243408,-0.9020912647247314,2.1687710285186768
579.8,579.8,rgbd,44746,31.889512559914756,97.92830468814441,456.92612,1403.1572,19.46282958984375,23.47686004638672,3.070862293243408,-0.9020912647247314,2.1687710285186768
581.8,581.8,rgbd,45190,33.568284542791446,95.78852012056738,471.76843,1346.2112,20.101238250732422,23.469619750976562,2.8535423278808594,-0.5708213448524475,2.2827210426330566
583.8,583.8,rgbd,45554,33.786226715282304,96.41042633795144,472.50076,1348.3009,20.132442474365234,23.469619750976562,2.8535423278808594,-0.5708213448524475,2.2827210426330566
585.8,585.8,rgbd,45836,33.9953788409729,97.00725077109237,472.50076,1348.3009,20.132442474365234,23.469619750976562,2.8535423278808594,-0.5708213448524475,2.2827210426330566
587.8,587.8,rgbd,46299,34.33877399769187,97.98714336876704,472.50076,1348.3009,20.132442474365234,23.469619750976562,2.8535423278808594,-0.5708213448524475,2.2827210426330566
589.8,589.8,rgbd,46495,34.48414214178888,98.40195751378698,472.50076,1348.3009,20.132442474365234,23.469619750976562,2.8535423278808594,-0.5708213448524475,2.2827210426330566
591.9,591.9,rgbd,46561,34.533092639290935,98.54163982792635,472.50076,1348.3009,20.132442474365234,23.469619750976562,2.8535423278808594,-0.5708213448524475,2.2827210426330566
593.9,593.9,rgbd,46593,34.55682621383738,98.60936458629695,472.50076,1348.3009,20.132442474365234,23.469619750976562,2.8535423278808594,-0.5708213448524475,2.2827210426330566
595.8,595.8,rgbd,46632,34.58575150781587,98.69190413556112,472.50076,1348.3009,20.132442474365234,23.469619750976562,2.8535423278808594,-0.5708213448524475,2.2827210426330566
597.9,597.9,rgbd,46675,34.617643498612665,98.78290927962162,472.50076,1348.3009,20.132442474365234,23.469619750976562,2.8535423278808594,-0.5708213448524475,2.2827210426330566
600.0,600.0,rgbd,45561,31.503338806500647,106.52790213842435,427.69077,1446.2277,20.336658477783203,21.030532836914062,3.3814797401428223,-1.117756724357605,2.2637228965759277
601.9,601.9,rgbd,45676,30.818060686026698,107.15049868602554,426.27893,1482.1179,20.303083419799805,20.995773315429688,3.4768733978271484,-1.2210646867752075,2.2558088302612305
603.9,603.9,rgbd,45480,30.6247546897968,106.64697300049893,426.45374,1485.0731,20.298503875732422,21.00912094116211,3.4823780059814453,-1.2427912950515747,2.239586591720581
605.9,605.9,rgbd,45513,30.347131945001767,106.89169160904117,425.78613,1499.7463,20.29018783569336,20.98482894897461,3.5222995281219482,-1.2848930358886719,2.2374064922332764
608.0,608.0,rgbd,45777,30.139255419586082,107.48160019260436,425.90546,1518.8497,20.290481567382812,20.990406036376953,3.566166400909424,-1.3163609504699707,2.249805450439453
610.1,610.1,rgbd,45828,30.172833461537255,107.60134507780485,425.90546,1518.8497,20.290481567382812,20.990406036376953,3.566166400909424,-1.3163609504699707,2.249805450439453
612.1,612.1,rgbd,45753,28.824358086312518,107.42771287820432,425.8957,1587.3033,20.283889770507812,20.996746063232422,3.7269768714904785,-1.5422337055206299,2.1847431659698486
614.1,614.1,rgbd,45808,28.859008047948855,107.5568524801605,425.8957,1587.3033,20.283889770507812,20.996746063232422,3.7269768714904785,-1.5422337055206299,2.1847431659698486
616.1,616.1,rgbd,45945,28.94531795238845,107.87852748866955,425.8957,1587.3033,20.283889770507812,20.996746063232422,3.7269768714904785,-1.5422337055206299,2.1847431659698486
618.1,618.1,rgbd,46013,28.988157904957006,108.03819099654264,425.8957,1587.3033,20.283889770507812,20.996746063232422,3.7269768714904785,-1.5422337055206299,2.1847431659698486
620.1,620.1,rgbd,46095,29.03981784776027,108.2307264030955,425.8957,1587.3033,20.283889770507812,20.996746063232422,3.7269768714904785,-1.5422337055206299,2.1847431659698486
622.1,622.1,rgbd,46181,29.093997787773446,108.43265378069971,425.8957,1587.3033,20.283889770507812,20.996746063232422,3.7269768714904785,-1.5422337055206299,2.1847431659698486
624.2,624.2,rgbd,46270,29.150067725694058,108.64162513659244,425.8957,1587.3033,20.283889770507812,20.996746063232422,3.7269768714904785,-1.5422337055206299,2.1847431659698486
626.4,626.4,rgbd,46307,23.9895589717879,108.5078813297221,426.76163,1930.2981,20.3106689453125,21.01169776916504,4.523129463195801,-2.1965227127075195,2.326606512069702
628.4,628.4,rgbd,46811,16.112166266911178,110.50443194783169,423.61197,2905.32,20.281707763671875,20.88640594482422,6.8584465980529785,-4.339085578918457,2.5193610191345215
630.1,630.1,rgbd,46615,23.54834884404561,108.99488156295894,427.68063,1979.5443,20.350658416748047,21.015567779541016,4.628557205200195,-2.3584070205688477,2.2701504230499268
632.3,632.3,rgbd,46895,23.285710925966292,109.66522623543604,427.6196,2013.896,20.3496036529541,21.013656616210938,4.709550380706787,-2.4462194442749023,2.2633309364318848
634.2,634.2,rgbd,47003,21.03037911078389,110.28792860430619,426.18445,2235.005,20.32220458984375,20.97136878967285,5.244219779968262,-2.9054577350616455,2.338761806488037
636.2,636.2,rgbd,47158,21.099730189697397,110.65162089913136,426.18445,2235.005,20.32220458984375,20.97136878967285,5.244219779968262,-2.9054577350616455,2.338761806488037
638.2,638.2,rgbd,47432,21.222325000163853,111.29453502030617,426.18445,2235.005,20.32220458984375,20.97136878967285,5.244219779968262,-2.9054577350616455,2.338761806488037
640.4,640.4,rgbd,47608,21.30107203170435,111.7075017550754,426.18445,2235.005,20.32220458984375,20.97136878967285,5.244219779968262,-2.9054577350616455,2.338761806488037
642.3,642.3,rgbd,47758,21.36818597904,112.05946204039007,426.18445,2235.005,20.32220458984375,20.97136878967285,5.244219779968262,-2.9054577350616455,2.338761806488037
644.3,644.3,rgbd,47883,21.424114268486374,112.35276227815231,426.18445,2235.005,20.32220458984375,20.97136878967285,5.244219779968262,-2.9054577350616455,2.338761806488037
646.2,646.2,rgbd,47995,21.47422601583033,112.61555929118727,426.18445,2235.005,20.32220458984375,20.97136878967285,5.244219779968262,-2.9054577350616455,2.338761806488037
648.3,648.3,rgbd,48146,21.54178738948155,112.96986597840404,426.18445,2235.005,20.32220458984375,20.97136878967285,5.244219779968262,-2.9054577350616455,2.338761806488037
650.2,650.2,rgbd,48298,21.609796189448343,113.32651906752292,426.18445,2235.005,20.32220458984375,20.97136878967285,5.244219779968262,-2.9054577350616455,2.338761806488037
652.3,652.3,rgbd,48586,21.738654968332792,114.00228281532712,426.18445,2235.005,20.32220458984375,20.97136878967285,5.244219779968262,-2.9054577350616455,2.338761806488037
654.2,654.2,rgbd,48888,21.873777715635235,114.71089618976067,426.18445,2235.005,20.32220458984375,20.97136878967285,5.244219779968262,-2.9054577350616455,2.338761806488037
656.2,656.2,rgbd,49186,22.00711075767539,115.41012395658584,426.18445,2235.005,20.32220458984375,20.97136878967285,5.244219779968262,-2.9054577350616455,2.338761806488037
658.3,658.3,rgbd,49585,22.185633857588222,116.34633831552289,426.18445,2235.005,20.32220458984375,20.97136878967285,5.244219779968262,-2.9054577350616455,2.338761806488037
660.3,660.3,rgbd,49827,22.293911025956408,116.91416757583058,426.18445,2235.005,20.32220458984375,20.97136878967285,5.244219779968262,-2.9054577350616455,2.338761806488037
662.3,662.3,rgbd,49942,22.34536505224707,117.18400379457182,426.18445,2235.005,20.32220458984375,20.97136878967285,5.244219779968262,-2.9054577350616455,2.338761806488037
664.3,664.3,rgbd,49995,22.369078646972334,117.30836309538302,426.18445,2235.005,20.32220458984375,20.97136878967285,5.244219779968262,-2.9054577350616455,2.338761806488037
666.5,666.5,rgbd,50059,22.39771393116888,117.45853281711727,426.18445,2235.005,20.32220458984375,20.97136878967285,5.244219779968262,-2.9054577350616455,2.338761806488037
668.6,668.6,rgbd,50158,22.44200913641041,117.69082660542496,426.18445,2235.005,20.32220458984375,20.97136878967285,5.244219779968262,-2.9054577350616455,2.338761806488037
670.5,670.5,rgbd,50257,22.486304341651937,117.92312039373266,426.18445,2235.005,20.32220458984375,20.97136878967285,5.244219779968262,-2.9054577350616455,2.338761806488037
672.6,672.6,rgbd,50469,22.49645708674065,117.7472793468738,428.62137,2243.42,20.30061912536621,21.11370849609375,5.234036445617676,-2.906313180923462,2.327723264694214
674.7,674.7,rgbd,50494,21.837631734214174,118.57466179340634,425.8414,2312.247,20.32538414001465,20.951210021972656,5.429831504821777,-2.9501230716705322,2.479708194732666
676.7,676.7,rgbd,50710,22.13870928614687,119.10699640098258,425.75165,2290.558,20.315675735473633,20.956804275512695,5.380033493041992,-2.9340102672576904,2.4460232257843018
678.7,678.7,rgbd,50851,21.835193872726567,119.40576275561335,425.86722,2328.855,20.330394744873047,20.947317123413086,5.468500137329102,-2.9466257095336914,2.5218746662139893
680.7,680.7,rgbd,51249,21.89947244944203,120.45780770631983,425.45187,2340.1934,20.314666748046875,20.94308853149414,5.500489234924316,-2.9805943965911865,2.519894599914551
682.7,682.7,rgbd,51384,21.95715999028526,120.77511739119862,425.45187,2340.1934,20.314666748046875,20.94308853149414,5.500489234924316,-2.9805943965911865,2.519894599914551
684.7,684.7,rgbd,51314,21.76989851796749,120.01477414877986,427.56403,2357.108,20.278793334960938,21.084293365478516,5.512876987457275,-2.9962329864501953,2.51664400100708
686.7,686.7,rgbd,51237,21.96660776924688,119.73726486374768,427.9119,2332.4949,20.287294387817383,21.092605590820312,5.450876235961914,-2.9657533168792725,2.4851231575012207
688.9,688.9,rgbd,51439,22.260333328966368,120.31002190494117,427.55374,2310.792,20.312639236450195,21.048654556274414,5.40468168258667,-2.956590175628662,2.448091506958008
692.6,692.6,rgbd,51656,22.35424052646993,120.81756044094249,427.55374,2310.792,20.312639236450195,21.048654556274414,5.40468168258667,-2.956590175628662,2.448091506958008
692.8,692.8,rgbd,51752,22.395784724443857,121.04209361815967,427.55374,2310.792,20.312639236450195,21.048654556274414,5.40468168258667,-2.956590175628662,2.448091506958008
694.7,694.7,rgbd,51825,22.427375624986528,121.21283238833523,427.55374,2310.792,20.312639236450195,21.048654556274414,5.40468168258667,-2.956590175628662,2.448091506958008
696.8,696.8,rgbd,51899,22.45939927759143,121.38591004577347,427.55374,2310.792,20.312639236450195,21.048654556274414,5.40468168258667,-2.956590175628662,2.448091506958008
698.9,698.9,rgbd,51971,22.490557426071874,121.55430992868635,427.55374,2310.792,20.312639236450195,21.048654556274414,5.40468168258667,-2.956590175628662,2.448091506958008
700.9,700.9,rgbd,52062,22.52993786373466,121.76714866959013,427.55374,2310.792,20.312639236450195,21.048654556274414,5.40468168258667,-2.956590175628662,2.448091506958008
703.0,703.0,rgbd,52212,22.59485067306892,122.11798175899197,427.55374,2310.792,20.312639236450195,21.048654556274414,5.40468168258667,-2.956590175628662,2.448091506958008
705.0,705.0,rgbd,52364,22.660628986527634,122.47349262291917,427.55374,2310.792,20.312639236450195,21.048654556274414,5.40468168258667,-2.956590175628662,2.448091506958008
707.1,707.1,rgbd,52553,22.7424191262888,122.91554231556549,427.55374,2310.792,20.312639236450195,21.048654556274414,5.40468168258667,-2.956590175628662,2.448091506958008
709.1,709.1,rgbd,52800,22.849308885659212,123.49324746944718,427.55374,2310.792,20.312639236450195,21.048654556274414,5.40468168258667,-2.956590175628662,2.448091506958008
711.1,711.1,rgbd,52907,22.895613356317654,123.74350840655383,427.55374,2310.792,20.312639236450195,21.048654556274414,5.40468168258667,-2.956590175628662,2.448091506958008
713.3,713.3,rgbd,52979,22.926771504798097,123.91190828946671,427.55374,2310.792,20.312639236450195,21.048654556274414,5.40468168258667,-2.956590175628662,2.448091506958008
715.1,715.1,rgbd,53094,22.976537991954363,124.18088032467479,427.55374,2310.792,20.312639236450195,21.048654556274414,5.40468168258667,-2.956590175628662,2.448091506958008
717.2,717.2,rgbd,53308,23.069146933271238,124.68140219888807,427.55374,2310.792,20.312639236450195,21.048654556274414,5.40468168258667,-2.956590175628662,2.448091506958008
719.1,719.1,rgbd,53547,23.172574676143824,125.24039625466834,427.55374,2310.792,20.312639236450195,21.048654556274414,5.40468168258667,-2.956590175628662,2.448091506958008
721.2,721.2,rgbd,53830,23.29504350975446,125.90230135000647,427.55374,2310.792,20.312639236450195,21.048654556274414,5.40468168258667,-2.956590175628662,2.448091506958008
723.2,723.2,rgbd,54054,23.39197997169362,126.42621209684656,427.55374,2310.792,20.312639236450195,21.048654556274414,5.40468168258667,-2.956590175628662,2.448091506958008
725.1,725.1,rgbd,54178,23.44564122740994,126.71623411741874,427.55374,2310.792,20.312639236450195,21.048654556274414,5.40468168258667,-2.956590175628662,2.448091506958008
727.2,727.2,rgbd,54380,23.533057143980077,127.18868934447988,427.55374,2310.792,20.312639236450195,21.048654556274414,5.40468168258667,-2.956590175628662,2.448091506958008
729.2,729.2,rgbd,54482,23.577197854327373,127.42725584527312,427.55374,2310.792,20.312639236450195,21.048654556274414,5.40468168258667,-2.956590175628662,2.448091506958008
731.2,731.2,rgbd,54536,23.600566465687706,127.55355575745779,427.55374,2310.792,20.312639236450195,21.048654556274414,5.40468168258667,-2.956590175628662,2.448091506958008
733.3,733.3,rgbd,54822,26.361452493110598,128.64964512636533,426.1341,2079.6274,20.308612823486328,20.982925415039062,4.880218505859375,-2.527872323989868,2.3523459434509277
735.3,735.3,rgbd,54883,26.390784670011836,128.79279255536662,426.1341,2079.6274,20.308612823486328,20.982925415039062,4.880218505859375,-2.527872323989868,2.3523459434509277
737.2,737.2,rgbd,54477,25.555353071414142,127.31372918905376,427.89572,2131.7256,20.318052291870117,21.059879302978516,4.981881141662598,-2.5541672706604004,2.4277138710021973
739.2,739.2,rgbd,54688,25.927375307826892,127.90053083944805,427.58228,2109.2764,20.31139373779297,21.05135154724121,4.933030128479004,-2.5204544067382812,2.4125754833221436
741.3,741.3,rgbd,54752,25.865310522092134,127.8102703229869,428.38498,2116.812,20.31686782836914,21.085187911987305,4.941377639770508,-2.520705223083496,2.4206721782684326
743.3,743.3,rgbd,55007,25.90365819616305,128.3918827598719,428.4305,2123.5225,20.298809051513672,21.106189727783203,4.956515312194824,-2.5212886333465576,2.4352269172668457
745.3,745.3,rgbd,54824,26.658826325529834,128.48990232187947,426.67944,2056.5046,20.314422607421875,21.003768920898438,4.819788455963135,-2.4338836669921875,2.3859047889709473
747.3,747.3,rgbd,55099,27.158687743178078,128.70130234323983,428.11533,2028.7799,20.33038330078125,21.057907104492188,4.738862991333008,-2.3867084980010986,2.3521547317504883
749.2,749.2,rgbd,55339,27.437651509809836,129.2161111583791,428.26703,2016.9,20.333770751953125,21.061859130859375,4.709444999694824,-2.351283311843872,2.3581619262695312
751.3,751.3,rgbd,55330,27.58744063169086,129.41246118900494,427.5477,2005.6228,20.337772369384766,21.02234649658203,4.6909918785095215,-2.3373806476593018,2.3536112308502197
753.3,753.3,rgbd,56027,26.190139424134774,130.37087753461367,429.7509,2139.2402,20.320465087890625,21.14867401123047,4.977860927581787,-2.6117746829986572,2.36608624458313
755.4,755.4,rgbd,56199,26.27054180121995,130.77110940381877,429.7509,2139.2402,20.320465087890625,21.14867401123047,4.977860927581787,-2.6117746829986572,2.36608624458313
757.4,757.4,rgbd,56432,26.37945897482952,131.31328397082333,429.7509,2139.2402,20.320465087890625,21.14867401123047,4.977860927581787,-2.6117746829986572,2.36608624458313
5.6,5.6,rgbd,231,16.13953043646172,32.23363977248116,7.166426,14.312684,2.5787439346313477,2.7790374755859375,1.9971857070922852,0.0014994479715824127,1.9986851215362549
7.6,7.6,rgbd,687,20.899904211780395,41.74934249737637,16.455349,32.870964,4.2796192169240.5,240.5,rgbd,18430,19.420037893745732,50.80959764694599,362.72675,949.0198,20.40175437927246,17.779193878173828,2.6163489818573,-0.186777725815773,2.4295711517333984
240.8,240.8,rgbd,44363,40.66289951235406,111.07145649263148,399.40955,1090.9945,20.499074935913086,19.484272003173828,2.731518507003784,-0.37061429023742676,2.3609042167663574
242.5,242.5,rgbd,18702,20.520482472506853,51.4987797312871,363.15424,911.3821,20.47700309753418,17.7347354888916,2.5096280574798584,-0.4032811224460602,2.106346845626831
242.8,242.8,rgbd,44587,39.73396561304603,111.42219053073663,400.16266,1122.1382,20.527908325195312,19.49359130859375,2.8042051792144775,-0.4294835031032562,2.3747217655181885
244.4,244.4,rgbd,19025,18.95903680821439,52.43193075812569,362.8514,1003.47925,20.385231018066406,17.799720764160156,2.765537738800049,-0.27889251708984375,2.486645221710205
244.9,244.9,rgbd,44633,37.31621190684172,108.87661637987188,409.9411,1196.0753,20.840293884277344,19.67060089111328,2.9176759719848633,-0.5326534509658813,2.3850226402282715
246.5,246.5,rgbd,18827,17.990765417265706,52.07797914291421,361.51556,1046.4813,20.28546714782715,17.821407318115234,2.8947060108184814,-0.3109433650970459,2.5837626457214355
247.0,247.0,rgbd,44879,37.359680269571854,112.59936199606429,398.57242,1201.2683,20.472667694091797,19.46851348876953,3.013927459716797,-0.4372408092021942,2.5766866207122803
248.7,248.7,rgbd,18909,18.069123241890754,52.30480201908773,361.51556,1046.4813,20.28546714782715,17.821407318115234,2.8947060108184814,-0.3109433650970459,2.5837626457214355
249.1,249.1,rgbd,43946,37.081179216612604,104.62094231480386,420.04974,1185.1295,21.031843185424805,19.972084045410156,2.8214027881622314,-0.5575902462005615,2.26381254196167
250.8,250.8,rgbd,18988,18.144614316834396,52.52332649735247,361.51556,1046.4813,20.28546714782715,17.821407318115234,2.8947060108184814,-0.3109433650970459,2.5837626457214355
251.3,251.3,rgbd,43979,37.1090242745052,104.699504438692,420.04974,1185.1295,21.031843185424805,19.972084045410156,2.8214027881622314,-0.5575902462005615,2.26381254196167
252.8,252.8,rgbd,19051,18.204816060143887,52.69759285343701,361.51556,1046.4813,20.28546714782715,17.821407318115234,2.8947060108184814,-0.3109433650970459,2.5837626457214355
253.3,253.3,rgbd,43613,38.528756238262986,105.54575844184292,413.21414,1131.9597,20.798072814941406,19.867904663085938,2.7394022941589355,-0.51777184009552,2.221630573272705
254.9,254.9,rgbd,19132,18.2822183015418,52.92164959697427,361.51556,1046.4813,20.28546714782715,17.821407318115234,2.8947060108184814,-0.3109433650970459,2.5837626457214355
255.3,255.3,rgbd,43658,38.568510303122586,105.65466081338083,413.21414,1131.9597,20.798072814941406,19.867904663085938,2.7394022941589355,-0.51777184009552,2.221630573272705
256.9,256.9,rgbd,19216,18.36248729262112,53.154004738420326,361.51556,1046.4813,20.28546714782715,17.821407318115234,2.8947060108184814,-0.3109433650970459,2.5837626457214355
257.2,257.2,rgbd,43740,38.64095104353342,105.85310513484991,413.21414,1131.9597,20.798072814941406,19.867904663085938,2.7394022941589355,-0.51777184009552,2.221630573272705
259.0,259.0,rgbd,19301,18.44371186692757,53.389126012502636,361.51556,1046.4813,20.28546714782715,17.821407318115234,2.8947060108184814,-0.3109433650970459,2.5837626457214355
259.3,259.3,rgbd,43804,38.697490158000406,106.00798850770384,413.21414,1131.9597,20.798072814941406,19.867904663085938,2.7394022941589355,-0.51777184009552,2.221630573272705
261.1,261.1,rgbd,19487,18.80598771088888,54.56565686948746,357.1294,1036.2125,19.985050201416016,17.869827270507812,2.9015042781829834,-0.22362777590751648,2.6778764724731445
261.4,261.4,rgbd,43877,38.892472879767915,107.23461731663885,409.16824,1128.1617,20.67359733581543,19.791826248168945,2.7572073936462402,-0.48022857308387756,2.2769787311553955
263.2,263.2,rgbd,19746,19.412156872957414,55.65026313245452,354.82312,1017.19763,19.849124908447266,17.876008987426758,2.866773843765259,-0.20976242423057556,2.6570115089416504
263.5,263.5,rgbd,44235,36.5012121134591,107.3915143741639,411.90405,1211.8776,20.767337799072266,19.834224700927734,2.9421355724334717,-0.48615384101867676,2.455981731414795
265.3,265.3,rgbd,20048,19.123765590518392,56.77725338198411,353.09915,1048.3291,19.756254196166992,17.872777938842773,2.9689369201660156,-0.13438814878463745,2.8345487117767334
265.5,265.5,rgbd,44615,37.22207064641261,108.11360821316083,412.66776,1198.6168,20.7921199798584,19.847314834594727,2.9045565128326416,-0.4819376766681671,2.422618865966797
267.3,267.3,rgbd,20600,18.756625747546597,58.31761542039571,353.23804,1098.2786,19.750436782836914,17.885074615478516,3.1091742515563965,-0.28013861179351807,2.829035758972168
267.6,267.6,rgbd,44917,37.09109200062941,108.94993185078724,412.27194,1210.9916,20.776187896728516,19.843482971191406,2.937361001968384,-0.48559898138046265,2.4517619609832764
269.4,269.4,rgbd,20810,18.882642753340658,59.08663040606576,352.19473,1102.0703,19.709165573120117,17.869590759277344,3.129150629043579,-0.11485543847084045,3.0142951011657715
269.5,269.5,rgbd,45547,37.129388678314015,110.31426826232443,412.88403,1226.7102,20.799325942993164,19.85083770751953,2.9710769653320312,-0.5017789602279663,2.4692981243133545
271.5,271.5,rgbd,20998,18.719709444248135,59.6255977183494,352.16418,1121.7054,19.691234588623047,17.88431167602539,3.1851775646209717,-0.22849154472351074,2.956686019897461
271.5,271.5,rgbd,45493,37.38657170381679,109.88998091411025,413.9868,1216.8273,20.83971405029297,19.86528205871582,2.9392900466918945,-0.5029522776603699,2.43633770942688
273.4,273.4,rgbd,45519,37.40793874631342,109.95278485106246,413.9868,1216.8273,20.83971405029297,19.86528205871582,2.9392900466918945,-0.5029522776603699,2.43633770942688
273.6,273.6,rgbd,21036,18.75358643057452,59.73350193366977,352.16418,1121.7054,19.691234588623047,17.88431167602539,3.1851775646209717,-0.22849154472351074,2.956686019897461
275.6,275.6,rgbd,21135,18.841844894951155,60.01462081042549,352.16418,1121.7054,19.691234588623047,17.88431167602539,3.1851775646209717,-0.22849154472351074,2.956686019897461
275.7,275.7,rgbd,45606,37.47943615774445,110.1629364862487,413.9868,1216.8273,20.83971405029297,19.86528205871582,2.9392900466918945,-0.5029522776603699,2.43633770942688
277.5,277.5,rgbd,45681,37.54107185725397,110.34410168899547,413.9868,1216.8273,20.83971405029297,19.86528205871582,2.9392900466918945,-0.5029522776603699,2.43633770942688
277.9,277.9,rgbd,21226,18.922971362206443,60.27302301027166,352.16418,1121.7054,19.691234588623047,17.88431167602539,3.1851775646209717,-0.22849154472351074,2.956686019897461
279.6,279.6,rgbd,45675,38.59970514526769,110.0549643027634,415.0199,1183.2992,20.881908416748047,19.874614715576172,2.851186752319336,-0.48696720600128174,2.3642194271087646
280.0,280.0,rgbd,21256,17.07836371746582,61.05446550829282,348.14816,1244.6157,19.479751586914062,17.872310638427734,3.5749599933624268,-0.5133029818534851,3.061656951904297
281.6,281.6,rgbd,45828,38.7290046501878,110.42362132604359,415.0199,1183.2992,20.881908416748047,19.874614715576172,2.851186752319336,-0.48696720600128174,2.3642194271087646
281.9,281.9,rgbd,21424,17.213345139395358,61.53701867941595,348.14816,1244.6157,19.479751586914062,17.872310638427734,3.5749599933624268,-0.5133029818534851,3.061656951904297
283.8,283.8,rgbd,46039,38.90731965370507,110.93203068494634,415.0199,1183.2992,20.881908416748047,19.874614715576172,2.851186752319336,-0.48696720600128174,2.3642194271087646
284.1,284.1,rgbd,21618,17.36921654329018,62.09425269845099,348.14816,1244.6157,19.479751586914062,17.872310638427734,3.5749599933624268,-0.5133029818534851,3.061656951999.7,99.7,rgbd,8093,13.26437422990865,37.803419709290566,214.08116,610.13055,16.326614379882812,13.112403869628906,2.849996328353882,-0.49296334385871887,2.3570330142974854
101.9,101.9,rgbd,8198,12.976026585023742,36.98162744617826,221.67764,631.78046,16.326614379882812,13.577686309814453,2.849996328353882,-0.49296334385871887,2.3570330142974854
104.0,104287.9,287.9,rgbd,46408,39.21915963615945,111.82114468226915,415.0199,1183.2992,20.881908416748047,19.874614715576172,2.851186752319336,-0.48696720600128174,2.3642194271087646
288.2,288.2,rgbd,21976,17.656855525735267,63.12255052739194,348.14816,1244.6157,19.479751586914062,17.872310638427734,3.5749599933624268,-0.5133029818534851,3.061656951904297
289.9,289.9,rgbd,46610,39.38986878644613,112.30786833392013,415.0199,1183.2992,20.881908416748047,19.874614715576172,2.851186752319336,-0.48696720600128174,2.3642194271087646
290.3,290.3,rgbd,22145,17.792640408509623,63.60797603881937,348.14816,1244.6157,19.479751586914062,17.872310638427734,3.5749599933624268,-0.5133029818534851,3.061656951904297
291.9,291.9,rgbd,46698,39.46423712914528,112.51990636038194,415.0199,1183.2992,20.881908416748047,19.874614715576172,2.851186752319336,-0.48696720600128174,2.3642194271087646
292.2,292.2,rgbd,22275,17.89709031833605,63.981380278378936,348.14816,1244.6157,19.479751586914062,17.872310638427734,3.5749599933624268,-0.5133029818534851,3.061656951904297
294.0,294.0,rgbd,46957,39.68311668322573,113.1439728246275,415.0199,1183.2992,20.881908416748047,19.874614715576172,2.851186752319336,-0.48696720600128174,2.3642194271087646
294.3,294.3,rgbd,22531,18.102776294609633,64.71669939628084,348.14816,1244.6157,19.479751586914062,17.872310638427734,3.5749599933624268,-0.5133029818534851,3.061656951904297
296.1,296.1,rgbd,47133,39.83185336862402,113.5680488775511,415.0199,1183.2992,20.881908416748047,19.874614715576172,2.851186752319336,-0.48696720600128174,2.3642194271087646
296.5,296.5,rgbd,22764,18.289982671452385,65.38595468718376,348.14816,1244.6157,19.479751586914062,17.872310638427734,3.5749599933624268,-0.5133029818534851,3.061656951904297
298.2,298.2,rgbd,47319,39.98904100205631,114.01622016075449,415.0199,1183.2992,20.881908416748047,19.874614715576172,2.851186752319336,-0.48696720600128174,2.3642194271087646
298.5,298.5,rgbd,22973,18.457905988019487,65.98627381078336,348.14816,1244.6157,19.479751586914062,17.872310638427734,3.5749599933624268,-0.5133029818534851,3.061656951904297
300.2,300.2,rgbd,47526,40.163975626359985,114.51499142754533,415.0199,1183.2992,20.881908416748047,19.874614715576172,2.851186752319336,-0.48696720600128174,2.3642194271087646
300.6,300.6,rgbd,23244,18.67564387696535,66.76467803324982,348.14816,1244.6157,19.479751586914062,17.872310638427734,3.5749599933624268,-0.5133029818534851,3.061656951904297
302.2,302.2,rgbd,47725,40.33214949223647,114.99448651011238,415.0199,1183.2992,20.881908416748047,19.874614715576172,2.851186752319336,-0.48696720600128174,2.3642194271087646
302.5,302.5,rgbd,23425,18.821070289877532,67.2845716283289,348.14816,1244.6157,19.479751586914062,17.872310638427734,3.5749599933624268,-0.5133029818534851,3.061656951904297
304.2,304.2,rgbd,47779,40.37778461162003,115.12460075362303,415.0199,1183.2992,20.881908416748047,19.874614715576172,2.851186752319336,-0.48696720600128174,2.3642194271087646
304.5,304.5,rgbd,23505,18.885347157463027,67.51435885267325,348.14816,1244.6157,19.479751586914062,17.872310638427734,3.5749599933624268,-0.5133029818534851,3.061656951904297
306.3,306.3,rgbd,47800,40.39553160249142,115.17520073721052,415.0199,1183.2992,20.881908416748047,19.874614715576172,2.851186752319336,-0.48696720600128174,2.3642194271087646
306.7,306.7,rgbd,23571,18.93837557322106,67.70393331275734,348.14816,1244.6157,19.479751586914062,17.872310638427734,3.5749599933624268,-0.5133029818534851,3.061656951904297
308.3,308.3,rgbd,47836,40.4259550154138,115.26194356621761,415.0199,1183.2992,20.881908416748047,19.874614715576172,2.851186752319336,-0.48696720600128174,2.3642194271087646
308.6,308.6,rgbd,23647,18.99943859742728,67.92223117588448,348.14816,1244.6157,19.479751586914062,17.872310638427734,3.5749599933624268,-0.5133029818534851,3.061656951904297
310.3,310.3,rgbd,47716,33.06471765954706,115.58610690908763,412.81778,1443.1093,20.788837432861328,19.857666015625,3.495753526687622,-0.8240349292755127,2.6717185974121094
310.7,310.7,rgbd,24098,27.76880598777438,70.61032052431908,341.28156,867.8083,18.148130416870117,18.805328369140625,2.542792797088623,-0.34675997495651245,2.196032762527466
312.4,312.4,rgbd,47671,32.341759879259456,114.86871382876416,415.0042,1473.9767,20.884971618652344,19.870948791503906,3.5517148971557617,-0.8226007223129272,2.729114294052124
312.7,312.7,rgbd,23869,28.321749870818625,70.69594186322195,337.629,842.77985,18.08279037475586,18.671289443969727,2.496171474456787,-0.3174019753932953,2.178769588470459
314.5,314.5,rgbd,48064,31.800323769606038,114.86073918610516,418.45456,1511.4312,21.025245666503906,19.902481079101562,3.611936092376709,-0.8524705171585083,2.759465456008911
314.9,314.9,rgbd,24023,29.05567141453055,72.83964243893253,329.80667,826.7921,17.904878616333008,18.419933319091797,2.506899356842041,-0.29924434423446655,2.2076549530029297
316.6,316.6,rgbd,48125,31.840682868930813,115.00651367616743,418.45456,1511.4312,21.025245666503906,19.902481079101562,3.611936092376709,-0.8524705171585083,2.759465456008911
316.8,316.8,rgbd,24133,29.18871574103425,73.1731711684119,329.80667,826.7921,17.904878616333008,18.419933319091797,2.506899356842041,-0.29924434423446655,2.2076549530029297
318.5,318.5,rgbd,48191,31.884350091151063,115.16423689492332,418.45456,1511.4312,21.025245666503906,19.902481079101562,3.611936092376709,-0.8524705171585083,2.759465456008911
318.9,318.9,rgbd,24275,29.360463871611753,73.60372643737615,329.80667,826.7921,17.904878616333008,18.419933319091797,2.506899356842041,-0.29924434423446655,2.2076549530029297
320.5,320.5,rgbd,48256,31.927355688792215,115.31957036794047,418.45456,1511.4312,21.025245666503906,19.902481079101562,3.611936092376709,-0.8524705171585083,2.759465456008911
320.9,320.9,rgbd,24147,27.55124716704885,69.44503017758292,347.71387,876.43945,19.20658302307129,18.10388946533203,2.5205767154693604,-0.3285835385322571,2.191993236541748
322.5,322.5,rgbd,48306,31.96043691774695,115.43905765487675,418.45456,1511.4312,21.025245666503906,19.902481079101562,3.611936092376709,-0.8524705171585083,2.759465456008911
323.0,323.0,rgbd,24065,26.769124333073414,68.01431560890933,353.82257,898.98346,19.602264404296875,18.050086975097656,2.5407748222351074,-0.3675248622894287,2.1732499599456787
324.6,324.6,rgbd,48358,31.994841395859872,115.56332443329049,418.45456,1511.4312,21.025245666503906,19.902481079101562,3.611936092376709,-0.8524705171585083,2.759465456008911
325.0,325.0,rgbd,24165,26.015848850249675,66.78372955312163,361.83963,928.8569,19.3867130279541,18.664310455322266,2.567040205001831,-0.3893626034259796,2.177677631378174
326.6,326.6,rgbd,48397,32.02064475444456,115.65652451710078,418.45456,1511.4312,21.025245666503906,19.902481079101562,3.611936092376709,-0.8524705171585083,2.759465456008911
327.0,327.0,rgbd,24335,26.179614623748094,66.69141262293002,364.88956,929.54004,19.40093421936035,18.80783462524414,2.5474557876586914,-0.3751033544540405,2.1723523139953613
328.7,328.7,rgbd,48429,32.04181674097559,115.73299638073999,418.45456,1511.4312,21.025245666503906,19.902481079101562,3.611936092376709,-0.8524705171585083,2.759465456008911
329.1,329.1,rgbd,24345,26.19037263263396,66.7188181756824,364.88956,929.54004,19.40093421936035,18.80783462524414,2.5474557876586914,-0.3751033544540405,2.1723523139953613
330.7,330.7,rgbd,48638,32.18009627800638,116.23245324013364,418.45456,1511.4312,21.025245666503906,19.902481079101562,3.611936092376709,-0.8524705171585083,2.759465456008911
331.1,331.1,rgbd,24552,26.413063416571326,67.28611311765678,364.88956,929.54004,19.40093421936035,18.80783462524414,2.5474557876586914,-0.3751033544540405,2.1723523139953613
332.7,332.7,rgbd,48715,32.231041370596664,116.4164636620155,418.45456,1511.4312,21.025245666503906,19.902481079101562,3.61195.8,195.8,rgbd,17259,19.861765297754616,60.194678768409204,286.7197,868.956,16.61908721923828,17.25243377685547,3.0306811332702637,-0.6794538497924805,2.351227283477783
197.9,197.9,rgbd,17664,20.327546279874767,61.606309832674995,286.72388,868.9686,16.61908721923828,17.252685546875,3.0306811332702637,-0.6794538497924805,2.351227283477783
199.8,199.8,rgbd,17827,20.515124973467362,62.17480102961374,286.72388,868.9686,16.61908721923828,17.252685546875,3.0306811332702637,-0.6794538497924805,2.351227283477783
201.8,201.8,rgbd,17850,20.54159313268595,62.255017578875034,286.72388,868.9686,16.61908721923828,17.252685546875,3.0306811332702637,-0.6794538497924805,2.351227283477783
203.8,203.8,rgbd,18092,20.808720447523992,63.0645943369602,286.88046,869.4432,16.61908721923828,17.262107849121094,3.0306811332702637,-0.6794538497924805,2.351227283477783
205.9,205.9,rgbd,18397,20.620935976582352,64.11264150833031,286.9481,892.15155,16.52495002746582,17.36453628540039,3.1091043949127197,-0.6892474293708801,2.4198570251464844
208.0,208.0,rgbd,18536,20.043135129512834,64.65563552811071,286.68808,924.8054,16.51874351501465,17.35531997680664,3.2258243560791016,-0.7295193672180176,2.496304988861084
210.1,210.1,rgbd,18708,16.303011296884367,65.24969377471781,286.714,1147.5181,16.513355255126953,17.362552642822266,4.002309322357178,-1.1798831224441528,2.8224263191223145
212.2,212.2,rgbd,18747,16.336997689902248,65.38571783165678,286.714,1147.5181,16.513355255126953,17.362552642822266,4.002309322357178,-1.1798831224441528,2.8224263191223145
214.1,214.1,rgbd,18835,16.41368493568618,65.69264390885238,286.714,1147.5181,16.513355255126953,17.362552642822266,4.002309322357178,-1.1798831224441528,2.8224263191223145
216.2,216.2,rgbd,19062,16.611503171969737,66.48437367616373,286.714,1147.5181,16.513355255126953,17.362552642822266,4.002309322357178,-1.1798831224441528,2.8224263191223145
218.2,218.2,rgbd,19125,16.666404268383232,66.70410484506512,286.714,1147.5181,16.513355255126953,17.362552642822266,4.002309322357178,-1.1798831224441528,2.8224263191223145
220.1,220.1,rgbd,19129,16.669890052282504,66.71805603039219,286.714,1147.5181,16.513355255126953,17.362552642822266,4.002309322357178,-1.1798831224441528,2.8224263191223145
222.1,222.1,rgbd,19131,16.671632944232137,66.72503162305573,286.714,1147.5181,16.513355255126953,17.362552642822266,4.002309322357178,-1.1798831224441528,2.8224263191223145
224.1,224.1,rgbd,19165,16.701262107375932,66.84361669833585,286.714,1147.5181,16.513355255126953,17.362552642822266,4.002309322357178,-1.1798831224441528,2.8224263191223145
226.2,226.2,rgbd,19351,16.863351058691972,67.49234681604472,286.714,1147.5181,16.513355255126953,17.362552642822266,4.002309322357178,-1.1798831224441528,2.8224263191223145
228.2,228.2,rgbd,19592,17.07336953862297,68.33290573200082,286.714,1147.5181,16.513355255126953,17.362552642822266,4.002309322357178,-1.1798831224441528,2.8224263191223145
230.3,230.3,rgbd,19831,17.281645126604335,69.16648905529341,286.714,1147.5181,16.513355255126953,17.362552642822266,4.002309322357178,-1.1798831224441528,2.8224263191223145
232.3,232.3,rgbd,19968,17.401033225154322,69.64431715274564,286.714,1147.5181,16.513355255126953,17.362552642822266,4.002309322357178,-1.1798831224441528,2.8224263191223145
234.4,234.4,rgbd,20050,17.47249179508935,69.93031645195063,286.714,1147.5181,16.513355255126953,17.362552642822266,4.002309322357178,-1.1798831224441528,2.8224263191223145
236.4,236.4,rgbd,20130,17.542207473074743,70.20934015849207,286.714,1147.5181,16.513355255126953,17.362552642822266,4.002309322357178,-1.1798831224441528,2.8224263191223145
238.5,238.5,rgbd,20244,17.64155231420393,70.60694894031364,286.714,1147.5181,16.513355255126953,17.362552642822266,4.002309322357178,-1.1798831224441528,2.8224263191223145
240.4,240.4,rgbd,20324,17.711267992189324,70.88597264685508,286.714,1147.5181,16.513355255126953,17.362552642822266,4.002309322357178,-1.1798831224441528,2.8224263191223145
242.5,242.5,rgbd,20472,17.840241996462304,71.40216650395676,286.714,1147.5181,16.513355255126953,17.362552642822266,4.002309322357178,-1.1798831224441528,2.8224263191223145
244.6,244.6,rgbd,20445,18.149816952665823,71.29778896978404,286.75504,1126.4576,16.469566345214844,17.41120719909668,3.9282925128936768,-1.152402639389038,2.7758898735046387
246.7,246.7,rgbd,21174,27.771905766238905,73.80082838902374,286.90735,762.4252,15.985503196716309,17.94797134399414,2.6573915481567383,-0.6154389381408691,2.041952610015869
248.7,248.7,rgbd,20915,27.57345838851973,72.88897264861038,286.94327,758.5193,15.966203689575195,17.97191619873047,2.643446922302246,-0.6324860453605652,2.010960817337036
250.8,250.8,rgbd,21134,27.522525011628694,73.59326849863737,287.173,767.8801,15.963740348815918,17.98908042907715,2.673928737640381,-0.6571868062019348,2.016741991043091
252.7,252.7,rgbd,21643,27.912949743469287,75.38847977154627,287.0863,775.3749,15.968849182128906,17.977895736694336,2.7008423805236816,-0.6732574701309204,2.027585029602051
254.7,254.7,rgbd,21879,28.08160067822215,76.24467001707535,286.95776,779.12225,15.983392715454102,17.953495025634766,2.715111255645752,-0.6929289102554321,2.0221824645996094
256.7,256.7,rgbd,22022,28.03445235420173,76.9780441698124,286.08157,785.53345,16.04993438720703,17.82447052001953,2.7458372116088867,-0.5891745090484619,2.156662702560425
258.6,258.6,rgbd,22459,28.59076221156192,78.50558051084447,286.08157,785.53345,16.04993438720703,17.82447052001953,2.7458372116088867,-0.5891745090484619,2.156662702560425
260.6,260.6,rgbd,22871,27.666186365369402,80.01345748509617,285.83942,826.677,16.002286911010742,17.862409591674805,2.8921029567718506,-0.9041852951049805,1.9879176616668701
262.6,262.6,rgbd,22760,26.06506595359214,79.27395316988591,287.10565,873.1994,15.989766120910645,17.95558738708496,3.0413870811462402,-1.0586634874343872,1.9827234745025635
264.6,264.6,rgbd,22850,25.960935828139057,79.58705439947312,287.107,880.1686,15.987196922302246,17.95855712890625,3.0656466484069824,-1.0791072845458984,1.986539363861084
266.6,266.6,rgbd,22950,26.87917457436739,79.94140664447801,287.08527,853.82086,15.985295295715332,17.959335327148438,2.974102020263672,-0.9926292896270752,1.9814727306365967
268.7,268.7,rgbd,23053,26.999808778339496,80.3001850708127,287.08527,853.82086,15.985295295715332,17.959335327148438,2.974102020263672,-0.9926292896270752,1.9814727306365967
270.7,270.7,rgbd,23248,24.907933462484774,74.07873643315268,313.82825,933.35724,17.474380493164062,17.959335327148438,2.974102020263672,-0.9926292896270752,1.9814727306365967
272.7,272.7,rgbd,23562,25.205693026316993,75.05883208445853,313.91376,934.7888,17.479141235351562,17.959335327148438,2.9778523445129395,-0.9926292896270752,1.9852230548858643
274.7,274.7,rgbd,23951,25.5014455532536,76.29834489290252,313.91245,939.20166,17.479068756103516,17.959335327148438,2.991922378540039,-0.9926292896270752,1.9992930889129639
276.8,276.8,rgbd,24172,25.736914018088246,77.00284944378974,313.91046,939.19574,17.478958129882812,17.959335327148438,2.991922378540039,-0.9926292896270752,1.9992930889129639
278.8,278.8,rgbd,24291,25.862969402012677,77.37999758129023,313.91833,939.2193,17.47939682006836,17.959335327148438,2.991922378540039,-0.9926292896270752,1.9992930889129639
280.9,280.9,rgbd,24328,25.89870828723028,77.48692486961417,313.96265,939.35187,17.481863021850586,17.959335327148438,2.991922378540039,-0.9926292896270752,1.9992930889129639
282.9,282.9,rgbd,24480,26.05916741325416,77.96700440094891,313.97897,939.4007,17.482772827148438,17.959335327148438,2.991922378540039,-0.9926292896270752,1.9992930889129639
284.9,284.9,rgbd,24567,26.151779650384594,78.24409301953071,313.97897,939.4007,17.482772827148438,17.959335327148438,2.991922378540039,-0.9926292896270752,1.9992930889129639
286.9,286.9,rgbd,24673,26.26461754849754,78.58169524446946,313.97897,939.4007,17.482772827148438,17.959335327148438,2.991922378540039,-0.9926292896270752,1.9992930889129639
288.9,288.9,rgbd,24789,26.388100531338125,78.95114673591186,313.97897,939.4007,17.482772827148438,17.959335327148438,2.991922378540039,-0.9926292896270752,1.9992930889129639
290.9,290.9,rgbd,25011,26.624421412291657,79.65820045229302,313.97897,939.4007,17.482772827148438,17.959335327148438,2.991922378540039,-0.9926292896270752,1.9992930889129639
293.0,293.0,rgbd,25188,26.81283941197082,80.22193246940772,313.97897,939.4007,17.482772827148438,17.959335327148438,2.991922378540039,-0.9926292896270752,1.9992930889129639
4.2,4.2,rgbd,271,22.95382039976843,45.15803909889907,6.0011463,11.8063135,2.18027925491333,2.752466917037964,1.9673430919647217,0.0014560427516698837,1.968799114227295
4.5,4.5,rgbd,25549,24.150959559623203,72.25779955013525,353.5812,1057.8876,19.687877655029297,17.959335327148438,2.991922378540039,-0.9926292896270752,1.9992930889129639
6.3,6.3,rgbd,527,31.60602141524169,62.18120874696548,8.475229,16.674038,2.18027925491333,3.8872220516204834,1.967384934425354,0.0014141425490379333,1.968799114227295
6.4,6.4,rgbd,25783,24.372155087313203,72.91959942859357,353.5812,1057.8876,19.687877655029297,17.959335327148438,2.991922378540039,-0.9926292896270752,1.9992930889129639
8.5,8.5,rgbd,832,30.640116202824476,60.284430021149625,13.801242,27.153944,3.55041241645813,3.8872220516204834,1.96750009059906,0.001299045979976654,1.968799114227295
8.7,8.7,rgbd,25977,24.555539413688674,73.46827112270005,353.5812,1057.8876,19.687877655029297,17.959335327148438,2.991922378540039,-0.9926292896270752,1.9992930889129639
10.4,10.4,rgbd,891,32.81291290470746,64.55940763082249,13.801242,27.153944,3.55041241645813,3.8872220516204834,1.96750009059906,0.001299045979976654,1.968799114227295
10.7,10.7,rgbd,26009,24.5857883747403,73.55877367018152,353.5812,1057.8876,19.687877655029297,17.959335327148438,2.991922378540039,-0.9926292896270752,1.9992930889129639
12.3,12.3,rgbd,1006,31.204668591995052,61.39518896903536,16.385649,32.238766,4.215259075164795,3.8872220516204834,1.96750009059906,0.001299045979976654,1.968799114227295
12.7,12.7,rgbd,26069,24.642505176712096,73.72846594670929,353.5812,1057.8876,19.687877655029297,17.959335327148438,2.991922378540039,-0.9926292896270752,1.9992930889129639
14.4,14.4,rgbd,1160,29.62607205453534,61.19625565991383,18.955408,39.1547,4.876338005065918,3.8872220516204834,2.0656216144561768,-0.0968225747346878,1.968799114227295
14.8,14.8,rgbd,26233,19.238224080766962,74.06193369222288,354.20355,1363.5874,19.67449951171875,18.0031795501709,3.8497281074523926,-1.7359591722488403,2.113769054412842
16.5,16.5,rgbd,1231,29.52795462768248,60.99358223950535,20.182451,41.68931,5.191998481750488,3.8872220516204834,2.0656216144561768,-0.0968225747346878,1.968799114227295
17.0,17.0,rgbd,26307,19.29249269594543,74.27085311025455,354.20355,1363.5874,19.67449951171875,18.0031795501709,3.8497281074523926,-1.7359591722488403,2.113769054412842
18.5,18.5,rgbd,1315,26.67606428578172,55.102653098886606,23.86455,49.295128,6.139229774475098,3.8872220516204834,2.0656216144561768,-0.0968225747346878,1.968799114227295
18.9,18.9,rgbd,26417,19.37316225904856,74.58140900192322,354.20355,1363.5874,19.67449951171875,18.0031795501709,3.8497281074523926,-1.7359591722488403,2.113769054412842
20.5,20.5,rgbd,1430,22.36653352128737,46.20079403818771,30.951849,63.934807,7.065256595611572,4.380852699279785,2.0656216144561768,-0.0968225747346878,1.968799114227295
20.9,20.9,rgbd,26533,19.458231980139132,74.90890430586474,354.20355,1363.5874,19.67449951171875,18.0031795501709,3.8497281074523926,-1.7359591722488403,2.113769054412842
22.5,22.5,rgbd,1495,20.924619739269616,43.22234747233184,34.58859,71.44694,7.523589134216309,4.597352027893066,2.0656216144561768,-0.0968225747346878,1.968799114227295
23.0,23.0,rgbd,26610,19.51470067431132,75.12629343003282,354.20355,1363.5874,19.67449951171875,18.0031795501709,3.8497281074523926,-1.7359591722488403,2.113769054412842
24.6,24.6,rgbd,1582,12.441629448843408,25.699699352444267,61.55714,127.15376,9.28048324584961,6.632966995239258,2.0656216144561768,-0.0968225747346878,1.968799114227295
25.1,25.1,rgbd,26764,19.433672043963835,75.52774107139166,354.35986,1377.1973,19.676095962524414,18.009662628173828,3.886436939239502,-1.760819435119629,2.125617504119873
26.5,26.5,rgbd,1737,11.760251114494126,24.292091425866793,71.50475,147.70093,10.580148696899414,6.758388519287109,2.065609931945801,-0.09755468368530273,1.968055248260498
27.1,27.1,rgbd,26955,19.695713474418447,76.1049389290009,354.182,1368.5719,19.670188903808594,18.00602912902832,3.8640356063842773,-1.7535121440887451,2.1105234622955322
28.5,28.5,rgbd,1899,11.208851447453178,23.69180535588099,80.1543,169.41968,11.273113250732422,7.110218048095703,2.1136693954467773,-0.1130291149020195,2.000640392303467
29.0,29.0,rgbd,27078,20.402833842201623,76.10619419839581,355.79233,1327.1686,19.61449432373047,18.13925552368164,3.730177640914917,-1.6958160400390625,2.0343616008758545
30.5,30.5,rgbd,2115,10.807362583126126,22.84319200360129,92.58776,195.69992,11.84438705444336,7.817016124725342,2.1136693954467773,-0.1130291149020195,2.000640392303467
31.0,31.0,rgbd,27257,20.59560042960433,76.65459799773647,355.58206,1323.438,19.624841690063477,18.118976593017578,3.7218918800354004,-1.695422649383545,2.0264692306518555
32.5,32.5,rgbd,2272,10.667276479990143,22.642623767002274,100.34173,212.98782,11.833251953125,8.47964096069336,2.122624635696411,-0.15306514501571655,1.9695594310760498
33.1,33.1,rgbd,27432,21.42650116074585,77.231704450319,355.19092,1280.2837,19.63348960876465,18.091073989868164,3.604494333267212,-1.6449391841888428,1.9595551490783691
34.6,34.6,rgbd,2435,11.271499916018298,24.267072567187736,100.34173,216.03159,11.833251953125,8.47964096069336,2.152958631515503,-0.15306514501571655,1.9998934268951416
35.0,35.0,rgbd,27596,21.340057440748005,77.69342796773851,355.19092,1293.1549,19.63348960876465,18.091073989868164,3.6407320499420166,-1.6449391841888428,1.9957928657531738
36.6,36.6,rgbd,2561,11.910833301398464,25.522781455674657,100.34173,215.01434,11.833251953125,8.47964096069336,2.1428208351135254,-0.15306514501571655,1.9897557497024536
37.1,37.1,rgbd,27760,21.466879060558217,78.15515148515804,355.19092,1293.1549,19.63348960876465,18.091073989868164,3.6407320499420166,-1.6449391841888428,1.9957928657531738
38.6,38.6,rgbd,2723,11.335338770346718,24.289600367608227,112.10559,240.2222,11.833251953125,9.473776817321777,2.1428208351135254,-0.15306514501571655,1.9897557497024536
39.1,39.1,rgbd,27960,21.621539572521893,78.71822894542575,355.19092,1293.1549,19.63348960876465,18.091073989868164,3.6407320499420166,-1.6449391841888428,1.9957928657531738
40.6,40.6,rgbd,2890,9.770333074096643,21.043680747301114,137.33339,295.7934,14.496160507202148,9.473776817321777,2.153834581375122,-0.15306514501571655,2.0007693767547607
41.1,41.1,rgbd,28096,21.726708720657193,79.10112161840779,355.19092,1293.1549,19.63348960876465,18.091073989868164,3.6407320499420166,-1.6449391841888428,1.9957928657531738
42.6,42.6,rgbd,3103,10.489749552959207,22.59318498833168,137.3423,295.8126,14.497100830078125,9.473776817321777,2.153834581375122,-0.15306514501571655,2.0007693767547607
43.1,43.1,rgbd,28342,21.916941150372516,79.79370689453708,355.19092,1293.1549,19.63348960876465,18.091073989868164,3.6407320499420166,-1.6449391841888428,1.9957928657531738
44.6,44.6,rgbd,3375,11.40823024092913,24.571440632682602,137.35458,295.83905,14.498397827148438,9.473776817321777,2.153834581375122,-0.15306514501571655,2.0007693767547607
45.1,45.1,rgbd,28538,22.068508452096918,80.34552280559943,355.19092,1293.1549,19.63348960876465,18.091073989868164,3.6407320499420166,-1.6449391841888428,1.9957928657531738
46.6,46.6,rgbd,3711,10.794740315856238,23.250084963671878,159.61232,343.77853,14.501934051513672,11.006278038024902,2.153834581375122,-0.15306514501571655,2.0007693767547607
47.1,47.1,rgbd,28832,22.181825387620286,80.75808023605981,357.0169,1299.8029,19.63348960876465,18.184078216552734,3.6407320499420166,-1.6449391841888428,1.9957928657531738
48.6,48.6,rgbd,4238,12.32619287440544,26.54858136419403,159.63188,343.82068,14.503711700439453,11.006278038024902,2.153834581375122,-0.15306514501571655,2.0007693767547607
49.1,49.1,rgbd,29131,22.41186027215478,81.59557558811939,357.0169,1299.8029,19.63348960876465,18.184078216552734,3.6407320499420166,-1.6449391841888428,1.9957928657531738
50.5,50.5,rgbd,4445,12.927616359078995,27.843946783782183,159.63972,343.83755,14.504424095153809,11.006278038024902,2.153834581375122,-0.15306514501571655,2.0007693767547607
51.1,51.1,rgbd,29309,22.548804116459593,82.0941514164358,357.0169,1299.8029,19.63348960876465,18.184078216552734,3.6407320499420166,-1.6449391841888428,1.9957928657531738
52.6,52.6,rgbd,4491,13.059832154531566,28.12871871059182,159.65889,343.87885,14.506165504455566,11.006278038024902,2.153834581375122,-0.15306514501571655,2.0007693767547607
53.0,53.0,rgbd,29371,22.596503657734303,82.26781266000668,357.0169,1299.8029,19.63348960876465,18.184078216552734,3.6407320499420166,-1.6449391841888428,1.9957928657531738
54.6,54.6,rgbd,4517,13.104826799131793,28.225629509504714,160.03186,344.68216,14.54005241394043,11.006278038024902,2.153834581375122,-0.15306514501571655,2.0007693767547607
55.0,55.0,rgbd,29413,22.628816250210722,82.38545414758696,357.0169,1299.8029,19.63348960876465,18.184078216552734,3.6407320499420166,-1.6449391841888428,1.9957928657531738
56.6,56.6,rgbd,4618,13.397850378213553,28.856753835486554,160.03186,344.68216,14.54005241394043,11.006278038024902,2.153834581375122,-0.15306514501571655,2.0007693767547607
58.0,58.0,rgbd,30917,40.29961590213989,98.4494307970998,314.0394,767.1785,16.723508834838867,18.7783203125,2.442937135696411,-0.44282984733581543,2.0001072883605957
58.6,58.6,rgbd,4570,8.63742162716941,30.687422941913177,148.92094,529.0931,15.572555541992188,9.563037872314453,3.5528452396392822,-1.0935471057891846,2.4592981338500977
59.1,59.1,rgbd,30958,35.606944765612965,99.033336795747,312.6018,869.43713,16.42827606201172,19.028278350830078,2.781292676925659,-0.7026557922363281,2.078636884689331
60.6,60.6,rgbd,4661,8.795706050940485,30.204275244142657,154.3159,529.91766,15.142786979675293,10.190719604492188,3.4339795112609863,-1.004747748374939,2.429231643676758
61.1,61.1,rgbd,31137,34.43626489137106,99.6646300955183,312.41776,904.19214,16.367053985595703,19.08820915222168,2.894176483154297,-0.786216676235199,2.107959747314453
62.7,62.7,rgbd,4749,6.7632819637883435,30.70851522384484,154.64766,702.1739,15.035324096679688,10.285621643066406,4.540475368499756,-1.7351770401000977,2.805298328399658
63.2,63.2,rgbd,31185,34.489350953444664,99.8182705311603,312.41776,904.19214,16.367053985595703,19.08820915222168,2.894176483154297,-0.786216676235199,2.107959747314453
64.7,64.7,rgbd,4812,6.853003329069174,31.115892873687383,154.64766,702.1739,15.035324096679688,10.285621643066406,4.540475368499756,-1.7351770401000977,2.805298328399658
65.2,65.2,rgbd,31276,34.5899932794592,100.10954719039826,312.41776,904.19214,16.367053985595703,19.08820915222168,2.894176483154297,-0.786216676235199,2.107959747314453
66.7,66.7,rgbd,4885,6.956966180902517,31.587933642552546,154.64766,702.1739,15.035324096679688,10.285621643066406,4.540475368499756,-1.7351770401000977,2.805298328399658
67.1,67.1,rgbd,31368,34.69174156510028,100.40402469204541,312.41776,904.19214,16.367053985595703,19.08820915222168,2.894176483154297,-0.786216676235199,2.107959747314453
68.7,68.7,rgbd,4952,6.984497215793481,31.7129364758756,156.15079,708.9988,15.181463241577148,10.285621643066406,4.540475368499756,-1.7351770401000977,2.805298328399658
69.1,69.1,rgbd,31423,34.75256934455962,100.58007102455187,312.41776,904.19214,16.367053985595703,19.08820915222168,2.894176483154297,-0.786216676235199,2.107959747314453
70.7,70.7,rgbd,5025,6.826637231746596,30.996178261457214,162.11676,736.08716,15.320028305053711,10.582014083862305,4.540475368499756,-1.7351770401000977,2.805298328399658
71.1,71.1,rgbd,31496,34.83330439729656,100.81373252042408,312.41776,904.19214,16.367053985595703,19.08820915222168,2.894176483154297,-0.786216676235199,2.107959747314453
72.7,72.7,rgbd,5198,5.591297841871717,25.38715009270447,204.74925,929.65894,17.01903533935547,12.03060245513916,4.540475368499756,-1.7351770401000977,2.805298328399658
73.1,73.1,rgbd,31634,31.55829399492331,91.33527232343194,346.3503,1002.3989,18.144725799560547,19.08820915222168,2.894176483154297,-0.786216676235199,2.107959747314453
74.8,74.8,rgbd,5310,5.517549648188908,25.052297968984913,211.9566,962.3837,17.01903533935547,12.454090118408203,4.540475368499756,-1.7351770401000977,2.805298328399658
75.2,75.2,rgbd,31726,31.650073821930107,91.60089934036802,346.3503,1002.3989,18.144725799560547,19.08820915222168,2.894176483154297,-0.786216676235199,2.107959747314453
76.9,76.9,rgbd,5572,4.91470447218728,22.315094370869122,249.69646,1133.7406,17.01903533935547,14.671598434448242,4.540475368499756,-1.7351770401000977,2.805298328399658
77.4,77.4,rgbd,31942,31.865556894033016,92.22454538013096,346.3503,1002.3989,18.144725799560547,19.08820915222168,2.894176483154297,-0.786216676235199,2.107959747314453
78.8,78.8,rgbd,5791,4.7516192508407,21.57461065317492,268.41736,1218.7424,17.008621215820312,15.78125286102295,4.540475368499756,-1.7351770401000977,2.805298328399658
79.3,79.3,rgbd,32174,31.860478424410765,92.20985003664683,348.9215,1009.84045,18.27942657470703,19.08820915222168,2.894176483154297,-0.786216676235199,2.107959747314453
80.8,80.8,rgbd,5996,4.699692601619047,21.33883842267374,280.99,1275.8281,17.5447998046875,16.01557159423828,4.540475368499756,-1.7351770401000977,2.805298328399658
81.2,81.2,rgbd,32445,31.17703983711285,90.2318572188778,359.57367,1040.6697,18.837474822998047,19.08820915222168,2.894176483154297,-0.786216676235199,2.107959747314453
82.8,82.8,rgbd,6257,4.8786786033920855,22.15152018686722,282.46368,1282.5194,17.636816024780273,16.01557159423828,4.540475368499756,-1.7351770401000977,2.805298328399658
83.2,83.2,rgbd,32692,31.414387004311706,90.91878182153039,359.57367,1040.6697,18.837474822998047,19.08820915222168,2.894176483154297,-0.786216676235199,2.107959747314453
84.8,84.8,rgbd,6487,4.7093790114217375,21.382820110548547,303.3744,1377.464,17.8814754486084,16.96584701538086,4.540475368499756,-1.7351770401000977,2.805298328399658
85.2,85.2,rgbd,32877,31.334848835468193,90.68858362677886,362.52634,1049.2152,18.99216079711914,19.08820915222168,2.894176483154297,-0.786216676235199,2.107959747314453
86.9,86.9,rgbd,6699,4.726556830347415,21.46081557477259,312.1503,1417.3108,18.398744583129883,16.96584701538086,4.540475368499756,-1.7351770401000977,2.805298328399658
87.3,87.3,rgbd,33158,29.943503492504156,86.6617845627965,382.61386,1107.352,20.044513702392578,19.08820915222168,2.894176483154297,-0.786216676235199,2.107959747314453
88.9,88.9,rgbd,6967,4.708834500084567,21.380346347241996,325.86002,1479.5593,19.206823348999023,16.96584701538086,4.540475368499756,-1.7351770401000977,2.805298328399658
89.2,89.2,rgbd,33418,29.869182355901188,86.44668065866271,386.57355,1118.812,20.251955032348633,19.08820915222168,2.894176483154297,-0.786216676235199,2.107959747314453
90.9,90.9,rgbd,7300,4.9320402826395835,22.393807791001713,325.98297,1480.1177,19.214069366455078,16.96584701538086,4.540475368499756,-1.7351770401000977,2.805298328399658
91.3,91.3,rgbd,33631,29.908501454687567,86.5604805697741,388.52603,1124.4629,20.3542423248291,19.08820915222168,2.894176483154297,-0.786216676235199,2.107959747314453
92.8,92.8,rgbd,7458,5.042586360241902,22.89573960078754,325.73746,1479.0029,19.19959831237793,16.96584701538086,4.540475368499756,-1.7351770401000977,2.805298328399658
93.2,93.2,rgbd,33747,30.011661817708106,86.85904486301824,388.52603,1124.4629,20.3542423248291,19.08820915222168,2.894176483154297,-0.786216676235199,2.107959747314453
94.8,94.8,rgbd,7500,5.070983869913417,23.024677796447644,325.73746,1479.0029,19.19959831237793,16.96584701538086,4.540475368499756,-1.7351770401000977,2.805298328399658
95.2,95.2,rgbd,33769,30.03122671414304,86.91566912553006,388.52603,1124.4629,20.3542423248291,19.08820915222168,2.894176483154297,-0.786216676235199,2.107959747314453
96.9,96.9,rgbd,7504,5.073688394644037,23.03695762460575,325.73746,1479.0029,19.19959831237793,16.96584701538086,4.540475368499756,-1.7351770401000977,2.805298328399658
97.2,97.2,rgbd,33774,30.03567328151461,86.92853827610094,388.52603,1124.4629,20.3542423248291,19.08820915222168,2.894176483154297,-0.786216676235199,2.107959747314453
98.8,98.8,rgbd,7564,5.114256265603345,23.221155046977334,325.73746,1479.0029,19.19959831237793,16.96584701538086,4.540475368499756,-1.7351770401000977,2.805298328399658
99.2,99.2,rgbd,33930,30.174406183507752,87.33005577391202,388.52603,1124.4629,20.3542423248291,19.08820915222168,2.894176483154297,-0.786216676235199,2.107959747314453
100.8,100.8,rgbd,7789,5.066821226282536,23.182701485081065,335.98328,1537.2557,19.200965881347656,17.498249053955078,4.5753936767578125,-1.7718284130096436,2.803565502166748
101.2,101.2,rgbd,34084,29.9675450485356,87.93613282880057,387.5995,1137.3638,20.329866409301758,19.065521240234375,2.9343788623809814,-0.8232046961784363,2.1111741065979004
102.8,102.8,rgbd,7939,5.164970669011472,23.620482458820465,336.1066,1537.0852,19.173072814941406,17.53013801574707,4.573207378387451,-1.8076307773590088,2.7655766010284424
103.2,103.2,rgbd,34285,31.10642256235982,88.10649030899948,389.13138,1102.184,20.37932014465332,19.094423294067383,2.83242130279541,-0.7108023762702942,2.1216189861297607
104.9,104.9,rgbd,8006,5.2085596644546985,23.819823978500647,336.1066,1537.0852,19.173072814941406,17.53013801574707,4.573207378387451,-1.8076307773590088,2.7655766010284424
105.3,105.3,rgbd,34362,31.17628385847479,88.30436692424793,389.13138,1102.184,20.37932014465332,19.094423294067383,2.83242130279541,-0.7108023762702942,2.1216189861297607
106.9,106.9,rgbd,8101,5.270364956501063,24.102472401927773,336.1066,1537.0852,19.173072814941406,17.53013801574707,4.573207378387451,-1.8076307773590088,2.7655766010284424
107.3,107.3,rgbd,34476,31.27971486830734,88.59732710786251,389.13138,1102.184,20.37932014465332,19.094423294067383,2.83242130279541,-0.7108023762702942,2.1216189861297607
108.8,108.8,rgbd,8174,5.317857444073533,24.3196654009823,336.1066,1537.0852,19.173072814941406,17.53013801574707,4.573207378387451,-1.8076307773590088,2.7655766010284424
109.2,109.2,rgbd,34558,31.354112612221982,88.80805285397125,389.13138,1102.184,20.37932014465332,19.094423294067383,2.83242130279541,-0.7108023762702942,2.1216189861297607
110.9,110.9,rgbd,8239,5.360145275473677,24.513056427537702,336.1066,1537.0852,19.173072814941406,17.53013801574707,4.573207378387451,-1.8076307773590088,2.7655766010284424
111.2,111.2,rgbd,34668,31.453914463814797,89.09073373289759,389.13138,1102.184,20.37932014465332,19.094423294067383,2.83242130279541,-0.7108023762702942,2.1216189861297607
112.9,112.9,rgbd,8354,5.434962207950855,24.855209782212643,336.1066,1537.0852,19.173072814941406,17.53013801574707,4.573207378387451,-1.8076307773590088,2.7655766010284424
113.3,113.3,rgbd,34734,31.513795574770484,89.26034226025341,389.13138,1102.184,20.37932014465332,19.094423294067383,2.83242130279541,-0.7108023762702942,2.1216189861297607
115.0,115.0,rgbd,8499,5.529296601074255,25.286620533759304,336.1066,1537.0852,19.173072814941406,17.53013801574707,4.573207378387451,-1.8076307773590088,2.7655766010284424
115.3,115.3,rgbd,34807,31.580027712645713,89.44793957081362,389.13138,1102.184,20.37932014465332,19.094423294067383,2.83242130279541,-0.7108023762702942,2.1216189861297607
117.0,117.0,rgbd,8632,5.615824009939165,25.68232832655728,336.1066,1537.0852,19.173072814941406,17.53013801574707,4.573207378387451,-1.8076307773590088,2.7655766010284424
117.4,117.4,rgbd,34919,31.681644143358394,89.73576010208409,389.13138,1102.184,20.37932014465332,19.094423294067383,2.83242130279541,-0.7108023762702942,2.1216189861297607
119.0,119.0,rgbd,9112,5.877109135317704,27.105384201565816,336.16937,1550.4221,19.19234848022461,17.51580238342285,4.612026691436768,-1.7895513772964478,2.8224754333496094
119.4,119.4,rgbd,35243,22.215873998860545,89.60842331542499,393.30008,1586.3882,20.471500396728516,19.212078094482422,4.033531188964844,-1.2740498781204224,2.759481430053711
120.9,120.9,rgbd,9238,5.95873528921966,27.408109505394957,337.05353,1550.329,19.22230339050293,17.534502029418945,4.599652290344238,-1.7874513864517212,2.8122007846832275
121.3,121.3,rgbd,35454,21.51784740302605,89.53515372328845,395.97855,1647.6555,20.549564361572266,19.269437789916992,4.160971641540527,-1.3270249366760254,2.833946466445923
122.9,122.9,rgbd,9141,6.411257596895873,27.24179071410635,335.55063,1425.7733,19.170730590820312,17.503278732299805,4.249055862426758,-1.5345481634140015,2.714507579803467
123.3,123.3,rgbd,35529,21.563366626674355,89.72455792392157,395.97855,1647.6555,20.549564361572266,19.269437789916992,4.160971641540527,-1.3270249366760254,2.833946466445923
124.9,124.9,rgbd,9275,6.505241681567577,27.641134325931127,335.55063,1425.7733,19.170730590820312,17.503278732299805,4.249055862426758,-1.5345481634140015,2.714507579803467
125.3,125.3,rgbd,35615,21.61556200312441,89.94174140731421,395.97855,1647.6555,20.549564361572266,19.269437789916992,4.160971641540527,-1.3270249366760254,2.833946466445923
126.9,126.9,rgbd,9399,6.5922120285772134,28.01067617567942,335.55063,1425.7733,19.170730590820312,17.503278732299805,4.249055862426758,-1.5345481634140015,2.714507579803467
127.3,127.3,rgbd,35726,21.6829304541239,90.22205962425123,395.97855,1647.6555,20.549564361572266,19.269437789916992,4.160971641540527,-1.3270249366760254,2.833946466445923
129.0,129.0,rgbd,9502,6.664453526496509,28.31763432506712,335.55063,1425.7733,19.170730590820312,17.503278732299805,4.249055862426758,-1.5345481634140015,2.714507579803467
129.4,129.4,rgbd,35866,21.76789967160073,90.57561413209972,395.97855,1647.6555,20.549564361572266,19.269437789916992,4.160971641540527,-1.3270249366760254,2.833946466445923
131.0,131.0,rgbd,9740,6.867755091571554,28.93847949822852,336.57608,1418.2218,19.20180320739746,17.528358459472656,4.2136735916137695,-1.508423089981079,2.7052505016326904
131.4,131.4,rgbd,36169,21.99209403317573,91.40516550263533,395.69974,1644.6365,20.54349136352539,19.26156234741211,4.15627384185791,-1.2955303192138672,2.860743761062622
133.0,133.0,rgbd,9886,6.932839653329391,29.4192148771964,336.03888,1425.9669,19.19835090637207,17.503528594970703,4.243458271026611,-1.5390251874923706,2.704432964324951
133.4,133.4,rgbd,36321,22.036981843252995,91.81794601443593,395.57626,1648.184,20.53904151916504,19.259723663330078,4.166539192199707,-1.311898946762085,2.854640007019043
135.0,135.0,rgbd,10089,7.075199197090858,30.02331164232596,336.03888,1425.9669,19.19835090637207,17.503528594970703,4.243458271026611,-1.5390251874923706,2.704432964324951
135.4,135.4,rgbd,36548,22.17470918772089,92.3917923772915,395.57626,1648.184,20.53904151916504,19.259723663330078,4.166539192199707,-1.311898946762085,2.854640007019043
137.0,137.0,rgbd,10326,7.24140221123602,30.728587175999394,336.03888,1425.9669,19.19835090637207,17.503528594970703,4.243458271026611,-1.5390251874923706,2.704432964324951
137.4,137.4,rgbd,36842,22.353087334300454,93.13501189570354,395.57626,1648.184,20.53904151916504,19.259723663330078,4.166539192199707,-1.311898946762085,2.854640007019043
139.0,139.0,rgbd,10521,7.378151526671912,31.308877172059812,336.03888,1425.9669,19.19835090637207,17.503528594970703,4.243458271026611,-1.5390251874923706,2.704432964324951
139.5,139.5,rgbd,37002,22.45016387665668,93.53948510300262,395.57626,1648.184,20.53904151916504,19.259723663330078,4.166539192199707,-1.311898946762085,2.854640007019043
141.0,141.0,rgbd,10702,7.505082942538048,31.847505322249226,336.03888,1425.9669,19.19835090637207,17.503528594970703,4.243458271026611,-1.5390251874923706,2.704432964324951
141.4,141.4,rgbd,37103,22.511443444019047,93.79480881511016,395.57626,1648.184,20.53904151916504,19.259723663330078,4.166539192199707,-1.311898946762085,2.854640007019043
143.1,143.1,rgbd,10739,7.531030248543833,31.957611629194023,336.03888,1425.9669,19.19835090637207,17.503528594970703,4.243458271026611,-1.5390251874923706,2.704432964324951
143.4,143.4,rgbd,37128,22.52661165376221,93.85800775375064,395.57626,1648.184,20.53904151916504,19.259723663330078,4.166539192199707,-1.311898946762085,2.854640007019043
145.1,145.1,rgbd,10807,7.578717189311221,32.15996916628176,336.03888,1425.9669,19.19835090637207,17.503528594970703,4.243458271026611,-1.5390251874923706,2.704432964324951
145.4,145.4,rgbd,37200,22.57029609782251,94.04002069703523,395.57626,1648.184,20.53904151916504,19.259723663330078,4.166539192199707,-1.311898946762085,2.854640007019043
147.1,147.1,rgbd,10928,7.733866097825499,32.46966121767881,336.56033,1413.0061,19.199323654174805,17.529802322387695,4.198373794555664,-1.508180022239685,2.6901938915252686
147.4,147.4,rgbd,37177,21.86973277913022,93.93646840974549,395.7675,1699.9293,20.536678314208984,19.271251678466797,4.2952728271484375,-1.337783694267273,2.957489252090454
149.1,149.1,rgbd,11262,7.933343554744989,33.459635806965615,336.58466,1419.578,19.200298309326172,17.53017807006836,4.21759557723999,-1.5272055864334106,2.690390110015869
149.4,149.4,rgbd,37365,21.67238731521295,92.59676091112921,403.52383,1724.0833,20.537193298339844,19.648441314697266,4.272568702697754,-1.3533682823181152,2.9192006587982178
151.1,151.1,rgbd,11641,8.150050449033143,34.37361794464209,338.6609,1428.3347,19.200298309326172,17.63831329345703,4.21759557723999,-1.5272055864334106,2.690390110015869
151.4,151.4,rgbd,37768,21.906134728247363,93.59546276171626,403.52383,1724.0833,20.537193298339844,19.648441314697266,4.272568702697754,-1.3533682823181152,2.9192006587982178
153.1,153.1,rgbd,11896,7.784298666088987,32.83102364289755,362.3402,1528.2045,19.200298309326172,18.871593475341797,4.21759557723999,-1.5272055864334106,2.690390110015869
153.5,153.5,rgbd,38114,22.09518816830308,94.40321097415423,403.73627,1724.991,20.537193298339844,19.658784866333008,4.272568702697754,-1.3533682823181152,2.9192006587982178
155.1,155.1,rgbd,12218,7.995003455134099,33.71969122973455,362.3402,1528.2045,19.200298309326172,18.871593475341797,4.21759557723999,-1.5272055864334106,2.690390110015869
155.5,155.5,rgbd,38306,22.20649309899296,94.87876894516324,403.73627,1724.991,20.537193298339844,19.658784866333008,4.272568702697754,-1.3533682823181152,2.9192006587982178
157.2,157.2,rgbd,13350,14.893831443150427,36.68972791484582,363.86206,896.34424,20.588281631469727,17.673259735107422,2.4634177684783936,-0.3751274645328522,2.088290214538574
157.5,157.5,rgbd,38509,22.323742021314235,95.37971956978922,403.7441,1725.0244,20.537193298339844,19.65916633605957,4.272568702697754,-1.3533682823181152,2.9192006587982178
159.2,159.2,rgbd,13395,14.944035369363293,36.81340115500822,363.86206,896.34424,20.588281631469727,17.673259735107422,2.4634177684783936,-0.3751274645328522,2.088290214538574
159.5,159.5,rgbd,38532,22.33707516594251,95.43668634509123,403.7441,1725.0244,20.537193298339844,19.65916633605957,4.272568702697754,-1.3533682823181152,2.9192006587982178
161.2,161.2,rgbd,13472,15.029939865327533,37.02501981039722,363.86206,896.34424,20.588281631469727,17.673259735107422,2.4634177684783936,-0.3751274645328522,2.088290214538574
161.5,161.5,rgbd,38606,22.379973109529132,95.61997075258466,403.7441,1725.0244,20.537193298339844,19.65916633605957,4.272568702697754,-1.3533682823181152,2.9192006587982178
163.2,163.2,rgbd,13634,15.210673999693851,37.470243474981864,363.86206,896.34424,20.588281631469727,17.673259735107422,2.4634177684783936,-0.3751274645328522,2.088290214538574
163.6,163.6,rgbd,38716,22.443740322968708,95.89242054750733,403.7441,1725.0244,20.537193298339844,19.65916633605957,4.272568702697754,-1.3533682823181152,2.9192006587982178
165.2,165.2,rgbd,13702,15.286537710415518,37.65712748233838,363.86206,896.34424,20.588281631469727,17.673259735107422,2.4634177684783936,-0.3751274645328522,2.088290214538574
165.5,165.5,rgbd,38797,22.49069618013785,96.0930426692231,403.7441,1725.0244,20.537193298339844,19.65916633605957,4.272568702697754,-1.3533682823181152,2.9192006587982178
167.2,167.2,rgbd,13780,15.373557849184486,37.87149443195322,363.86206,896.34424,20.588281631469727,17.673259735107422,2.4634177684783936,-0.3751274645328522,2.088290214538574
167.6,167.6,rgbd,38938,22.572434153728576,96.44227376998761,403.7441,1725.0244,20.537193298339844,19.65916633605957,4.272568702697754,-1.3533682823181152,2.9192006587982178
169.2,169.2,rgbd,13851,15.452768488320341,38.06662332198722,363.86206,896.34424,20.588281631469727,17.673259735107422,2.4634177684783936,-0.3751274645328522,2.088290214538574
169.5,169.5,rgbd,38988,22.601419250746563,96.56611458586154,403.7441,1725.0244,20.537193298339844,19.65916633605957,4.272568702697754,-1.3533682823181152,2.9192006587982178
171.2,171.2,rgbd,13925,15.535326055870389,38.26999709469873,363.86206,896.34424,20.588281631469727,17.673259735107422,2.4634177684783936,-0.3751274645328522,2.088290214538574
171.5,171.5,rgbd,39051,22.63794047298923,96.7221540138627,403.7441,1725.0244,20.537193298339844,19.65916633605957,4.272568702697754,-1.3533682823181152,2.9192006587982178
173.4,173.4,rgbd,13807,14.41080425443,38.01828143548688,363.1674,958.1006,20.566625595092773,17.658092498779297,2.638179063796997,-0.38477835059165955,2.2534008026123047
173.6,173.6,rgbd,39135,22.71326985257845,96.90409426051494,403.8529,1723.0016,20.540775299072266,19.661035537719727,4.266408920288086,-1.3616232872009277,2.904785394668579
175.3,175.3,rgbd,14126,14.379714545991586,38.72184073661722,364.80704,982.3561,20.740461349487305,17.589147567749023,2.69281005859375,-0.6179008483886719,2.074909210205078
175.6,175.6,rgbd,39140,23.61060727003885,96.33663316508556,406.28366,1657.7295,20.604415893554688,19.718280792236328,4.080226898193359,-1.222949504852295,2.8572771549224854
177.3,177.3,rgbd,14325,13.713598175297166,39.24611595206204,365.00427,1044.5836,20.63150978088379,17.691593170166016,2.8618392944335938,-0.7125301361083984,2.1493091583251953
177.6,177.6,rgbd,39351,23.737889797733747,96.85597474908742,406.28366,1657.7295,20.604415893554688,19.718280792236328,4.080226898193359,-1.222949504852295,2.8572771549224854
179.3,179.3,rgbd,14587,13.77986366207383,39.98937290750671,364.7719,1058.5736,20.615419387817383,17.694129943847656,2.902015209197998,-0.7246228456497192,2.1773922443389893
179.8,179.8,rgbd,39562,23.03061336013602,95.72985841906208,413.2671,1717.8005,20.801185607910156,19.867477416992188,4.156635284423828,-1.2404661178588867,2.9161694049835205
181.4,181.4,rgbd,14651,13.840322376982495,40.164825013222796,364.7719,1058.5736,20.615419387817383,17.694129943847656,2.902015209197998,-0.7246228456497192,2.1773922443389893
181.6,181.6,rgbd,39699,23.110366507862086,96.06136316107239,413.2671,1717.8005,20.801185607910156,19.867477416992188,4.156635284423828,-1.2404661178588867,2.9161694049835205
183.4,183.4,rgbd,14794,13.975409818106549,40.55685081193215,364.7719,1058.5736,20.615419387817383,17.694129943847656,2.902015209197998,-0.7246228456497192,2.1773922443389893
183.6,183.6,rgbd,39777,23.155773409487143,96.25010308718045,413.2671,1717.8005,20.801185607910156,19.867477416992188,4.156635284423828,-1.2404661178588867,2.9161694049835205
185.4,185.4,rgbd,14897,14.072710562412684,40.839219044568964,364.7719,1058.5736,20.615419387817383,17.694129943847656,2.902015209197998,-0.7246228456497192,2.1773922443389893
185.6,185.6,rgbd,39846,23.19594105323239,96.4170653295068,413.2671,1717.8005,20.801185607910156,19.867477416992188,4.156635284423828,-1.2404661178588867,2.9161694049835205
187.4,187.4,rgbd,15040,14.207798003536737,41.231244843278326,364.7719,1058.5736,20.615419387817383,17.694129943847656,2.902015209197998,-0.7246228456497192,2.1773922443389893
187.6,187.6,rgbd,39940,23.25066219108823,96.64452113789343,413.2671,1717.8005,20.801185607910156,19.867477416992188,4.156635284423828,-1.2404661178588867,2.9161694049835205
189.6,189.6,rgbd,39972,23.269290663549793,96.72195290245058,413.2671,1717.8005,20.801185607910156,19.867477416992188,4.156635284423828,-1.2404661178588867,2.9161694049835205
189.7,189.7,rgbd,15087,14.25219737229779,41.360092483413574,364.7719,1058.5736,20.615419387817383,17.694129943847656,2.902015209197998,-0.7246228456497192,2.1773922443389893
191.4,191.4,rgbd,15090,14.255031374559133,41.36831680086902,364.7719,1058.5736,20.615419387817383,17.694129943847656,2.902015209197998,-0.7246228456497192,2.1773922443389893
191.6,191.6,rgbd,39973,23.269872803314218,96.72437264509298,413.2671,1717.8005,20.801185607910156,19.867477416992188,4.156635284423828,-1.2404661178588867,2.9161694049835205
193.4,193.4,rgbd,15117,14.280537394911226,41.44233565796799,364.7719,1058.5736,20.615419387817383,17.694129943847656,2.902015209197998,-0.7246228456497192,2.1773922443389893
193.6,193.6,rgbd,39993,23.281515598602695,96.77276749794122,413.2671,1717.8005,20.801185607910156,19.867477416992188,4.156635284423828,-1.2404661178588867,2.9161694049835205
195.4,195.4,rgbd,15211,14.369336132433332,41.70003093823848,364.7719,1058.5736,20.615419387817383,17.694129943847656,2.902015209197998,-0.7246228456497192,2.1773922443389893
195.7,195.7,rgbd,40074,23.328668919521025,96.9687666519765,413.2671,1717.8005,20.801185607910156,19.867477416992188,4.156635284423828,-1.2404661178588867,2.9161694049835205
197.4,197.4,rgbd,15403,14.446898209900219,42.221346626432236,364.81546,1066.1804,20.61124610900879,17.699825286865234,2.9225196838378906,-0.7331100702285767,2.1894097328186035
197.7,197.7,rgbd,40288,23.551950236800934,97.55504323908028,412.9771,1710.6014,20.792438507080078,19.861888885498047,4.1421217918396,-1.2396146059036255,2.9025070667266846
199.4,199.4,rgbd,15381,14.299244359935926,42.13304339822626,365.0579,1075.6512,20.624025344848633,17.700613021850586,2.9465224742889404,-0.7557688355445862,2.190753698348999
199.7,199.7,rgbd,40097,24.145529475552397,97.24400709714058,412.3339,1660.6387,20.77569580078125,19.846935272216797,4.027412414550781,-1.1938413381576538,2.833570957183838
201.4,201.4,rgbd,15770,15.194561622687287,43.27277839982669,364.43234,1037.8713,20.547658920288086,17.73595428466797,2.847912311553955,-0.6880518198013306,2.159860372543335
201.7,201.7,rgbd,40146,22.34676415793444,97.40944471015061,412.13663,1796.5017,20.769699096679688,19.843168258666992,4.35899543762207,-1.3449060916900635,3.014089345932007
203.6,203.6,rgbd,16185,17.08042105783877,44.46244795354142,364.01505,947.5762,20.52387046813965,17.73617935180664,2.603123664855957,-0.41047728061676025,2.1926465034484863
203.7,203.7,rgbd,40636,23.25940795537303,99.5927054927203,408.02185,1747.078,20.651329040527344,19.75765609741211,4.281824588775635,-1.2402653694152832,3.0415592193603516
205.9,205.9,rgbd,16459,17.343158095125393,45.37575516392208,362.72675,949.0198,20.40175437927246,17.779193878173828,2.6163489818573,-0.186777725815773,2.4295711517333984
205.9,205.9,rgbd,40917,22.47064293839305,101.0386439762421,404.96387,1820.9092,20.57089614868164,19.68625259399414,4.49647331237793,-1.4043233394622803,3.0921497344970703
207.8,207.8,rgbd,41017,22.525560559280194,101.28557958729921,404.96387,1820.9092,20.57089614868164,19.68625259399414,4.49647331237793,-1.4043233394622803,3.0921497344970703
207.9,207.9,rgbd,16602,17.493839886704645,45.7699913258056,362.72675,949.0198,20.40175437927246,17.779193878173828,2.6163489818573,-0.186777725815773,2.4295711517333984
209.9,209.9,rgbd,16767,17.667703492373015,46.224879204901974,362.72675,949.0198,20.40175437927246,17.779193878173828,2.6163489818573,-0.186777725815773,2.4295711517333984
209.9,209.9,rgbd,41185,22.522650152827907,101.27249514836826,406.67508,1828.6036,20.57089614868164,19.769439697265625,4.49647331237793,-1.4043233394622803,3.0921497344970703
211.9,211.9,rgbd,17003,17.916381134419897,46.875506716821626,362.72675,949.0198,20.40175437927246,17.779193878173828,2.6163489818573,-0.186777725815773,2.4295711517333984
211.9,211.9,rgbd,41401,22.637901761074303,101.79072255892069,406.72665,1828.8356,20.57089614868164,19.77194595336914,4.49647331237793,-1.4043233394622803,3.0921497344970703
214.0,214.0,rgbd,17196,18.119748867110776,47.40758769055253,362.72675,949.0198,20.40175437927246,17.779193878173828,2.6163489818573,-0.186777725815773,2.4295711517333984
214.0,214.0,rgbd,41601,22.74648057195357,102.27894618848212,406.7406,1828.8983,20.57089614868164,19.772624969482422,4.49647331237793,-1.4043233394622803,3.0921497344970703
216.0,216.0,rgbd,17345,18.276752971623424,47.81836522985774,362.72675,949.0198,20.40175437927246,17.779193878173828,2.6163489818573,-0.186777725815773,2.4295711517333984
216.0,216.0,rgbd,41751,22.82868609980196,102.64857878539006,406.73724,1828.8832,20.57089614868164,19.7724609375,4.49647331237793,-1.4043233394622803,3.0921497344970703
218.1,218.1,rgbd,17526,18.467476078447515,48.31736344874527,362.72675,949.0198,20.40175437927246,17.779193878173828,2.6163489818573,-0.186777725815773,2.4295711517333984
218.1,218.1,rgbd,41953,22.934234511921694,103.12317018876941,406.8242,1829.274,20.57089614868164,19.776687622070312,4.49647331237793,-1.4043233394622803,3.0921497344970703
220.2,220.2,rgbd,17618,18.564418210092906,48.570997902544455,362.72675,949.0198,20.40175437927246,17.779193878173828,2.6163489818573,-0.186777725815773,2.4295711517333984
220.3,220.3,rgbd,42022,22.971954393248954,103.29277662318471,406.8242,1829.274,20.57089614868164,19.776687622070312,4.49647331237793,-1.4043233394622803,3.0921497344970703
222.1,222.1,rgbd,17653,18.601298368871046,48.66748927083763,362.72675,949.0198,20.40175437927246,17.779193878173828,2.6163489818573,-0.186777725815773,2.4295711517333984
222.3,222.3,rgbd,42060,22.9937910084406,103.39096838621602,406.80536,1829.1895,20.57089614868164,19.775772094726562,4.49647331237793,-1.4043233394622803,3.0921497344970703
224.2,224.2,rgbd,17820,18.77726941218388,49.127890942407895,362.72675,949.0198,20.40175437927246,17.779193878173828,2.6163489818573,-0.186777725815773,2.4295711517333984
224.3,224.3,rgbd,42248,23.097103629227597,103.85551327546689,406.79593,1829.1471,20.57089614868164,19.775314331054688,4.49647331237793,-1.4043233394622803,3.0921497344970703
226.1,226.1,rgbd,17933,18.89633963909616,49.439420217182985,362.72675,949.0198,20.40175437927246,17.779193878173828,2.6163489818573,-0.186777725815773,2.4295711517333984
226.3,226.3,rgbd,42387,23.17309533071554,104.19720794374207,406.79593,1829.1471,20.57089614868164,19.775314331054688,4.49647331237793,-1.4043233394622803,3.0921497344970703
228.2,228.2,rgbd,18033,19.00171152131941,49.71510984087775,362.72675,949.0198,20.40175437927246,17.779193878173828,2.6163489818573,-0.186777725815773,2.4295711517333984
228.4,228.4,rgbd,42493,23.231045836886203,104.4577808562397,406.79593,1829.1471,20.57089614868164,19.775314331054688,4.49647331237793,-1.4043233394622803,3.0921497344970703
230.3,230.3,rgbd,18130,19.103922247075968,49.982528775861674,362.72675,949.0198,20.40175437927246,17.779193878173828,2.6163489818573,-0.186777725815773,2.4295711517333984
230.5,230.5,rgbd,42749,23.535063029245187,105.189730749285,406.399,1816.3962,20.555633544921875,19.770687103271484,4.469490051269531,-1.3569612503051758,3.1125288009643555
232.3,232.3,rgbd,18194,19.17136025169885,50.15897013502633,362.72675,949.0198,20.40175437927246,17.779193878173828,2.6163489818573,-0.186777725815773,2.4295711517333984
232.7,232.7,rgbd,42830,23.579656823377654,105.3890422698046,406.399,1816.3962,20.555633544921875,19.770687103271484,4.469490051269531,-1.3569612503051758,3.1125288009643555
234.3,234.3,rgbd,18242,19.221938755166015,50.29130115439982,362.72675,949.0198,20.40175437927246,17.779193878173828,2.6163489818573,-0.186777725815773,2.4295711517333984
234.8,234.8,rgbd,42877,23.60553223478785,105.50469216442708,406.399,1816.3962,20.555633544921875,19.770687103271484,4.469490051269531,-1.3569612503051758,3.1125288009643555
236.3,236.3,rgbd,18261,19.241959412788432,50.34368218290182,362.72675,949.0198,20.40175437927246,17.779193878173828,2.6163489818573,-0.186777725815773,2.4295711517333984
236.7,236.7,rgbd,42920,23.629205483524842,105.61049951482637,406.399,1816.3962,20.555633544921875,19.770687103271484,4.469490051269531,-1.3569612503051758,3.1125288009643555
238.3,238.3,rgbd,18298,19.280947009211037,50.44568734366889,362.72675,949.0198,20.40175437927246,17.779193878173828,2.6163489818573,-0.186777725815773,2.4295711517333984
238.9,238.9,rgbd,44532,42.02012785514358,110.9416129416321,401.40033,1059.7778,20.573060989379883,19.510967254638672,2.6402015686035156,-0.35433676838874817,2.28586483001709
240.5,240.5,rgbd,18430,19.420037893745732,50.80959764694599,362.72675,949.0198,20.40175437927246,17.779193878173828,2.6163489818573,-0.186777725815773,2.4295711517333984
240.8,240.8,rgbd,44363,40.66289951235406,111.07145649263148,399.40955,1090.9945,20.499074935913086,19.484272003173828,2.731518507003784,-0.37061429023742676,2.3609042167663574
242.5,242.5,rgbd,18702,20.520482472506853,51.4987797312871,363.15424,911.3821,20.47700309753418,17.7347354888916,2.5096280574798584,-0.4032811224460602,2.106346845626831
242.8,242.8,rgbd,44587,39.73396561304603,111.42219053073663,400.16266,1122.1382,20.527908325195312,19.49359130859375,2.8042051792144775,-0.4294835031032562,2.3747217655181885
244.4,244.4,rgbd,19025,18.95903680821439,52.43193075812569,362.8514,1003.47925,20.385231018066406,17.799720764160156,2.765537738800049,-0.27889251708984375,2.486645221710205
244.9,244.9,rgbd,44633,37.31621190684172,108.87661637987188,409.9411,1196.0753,20.840293884277344,19.67060089111328,2.9176759719848633,-0.5326534509658813,2.3850226402282715
246.5,246.5,rgbd,18827,17.990765417265706,52.07797914291421,361.51556,1046.4813,20.28546714782715,17.821407318115234,2.8947060108184814,-0.3109433650970459,2.5837626457214355
247.0,247.0,rgbd,44879,37.359680269571854,112.59936199606429,398.57242,1201.2683,20.472667694091797,19.46851348876953,3.013927459716797,-0.4372408092021942,2.5766866207122803
248.7,248.7,rgbd,18909,18.069123241890754,52.30480201908773,361.51556,1046.4813,20.28546714782715,17.821407318115234,2.8947060108184814,-0.3109433650970459,2.5837626457214355
249.1,249.1,rgbd,43946,37.081179216612604,104.62094231480386,420.04974,1185.1295,21.031843185424805,19.972084045410156,2.8214027881622314,-0.5575902462005615,2.26381254196167
250.8,250.8,rgbd,18988,18.144614316834396,52.52332649735247,361.51556,1046.4813,20.28546714782715,17.821407318115234,2.8947060108184814,-0.3109433650970459,2.5837626457214355
251.3,251.3,rgbd,43979,37.1090242745052,104.699504438692,420.04974,1185.1295,21.031843185424805,19.972084045410156,2.8214027881622314,-0.5575902462005615,2.26381254196167
252.8,252.8,rgbd,19051,18.204816060143887,52.69759285343701,361.51556,1046.4813,20.28546714782715,17.821407318115234,2.8947060108184814,-0.3109433650970459,2.5837626457214355
253.3,253.3,rgbd,43613,38.528756238262986,105.54575844184292,413.21414,1131.9597,20.798072814941406,19.867904663085938,2.7394022941589355,-0.51777184009552,2.221630573272705
254.9,254.9,rgbd,19132,18.2822183015418,52.92164959697427,361.51556,1046.4813,20.28546714782715,17.821407318115234,2.8947060108184814,-0.3109433650970459,2.5837626457214355
255.3,255.3,rgbd,43658,38.568510303122586,105.65466081338083,413.21414,1131.9597,20.798072814941406,19.867904663085938,2.7394022941589355,-0.51777184009552,2.221630573272705
256.9,256.9,rgbd,19216,18.36248729262112,53.154004738420326,361.51556,1046.4813,20.28546714782715,17.821407318115234,2.8947060108184814,-0.3109433650970459,2.5837626457214355
257.2,257.2,rgbd,43740,38.64095104353342,105.85310513484991,413.21414,1131.9597,20.798072814941406,19.867904663085938,2.7394022941589355,-0.51777184009552,2.221630573272705
259.0,259.0,rgbd,19301,18.44371186692757,53.389126012502636,361.51556,1046.4813,20.28546714782715,17.821407318115234,2.8947060108184814,-0.3109433650970459,2.5837626457214355
259.3,259.3,rgbd,43804,38.697490158000406,106.00798850770384,413.21414,1131.9597,20.798072814941406,19.867904663085938,2.7394022941589355,-0.51777184009552,2.221630573272705
261.1,261.1,rgbd,19487,18.80598771088888,54.56565686948746,357.1294,1036.2125,19.985050201416016,17.869827270507812,2.9015042781829834,-0.22362777590751648,2.6778764724731445
261.4,261.4,rgbd,43877,38.892472879767915,107.23461731663885,409.16824,1128.1617,20.67359733581543,19.791826248168945,2.7572073936462402,-0.48022857308387756,2.2769787311553955
263.2,263.2,rgbd,19746,19.412156872957414,55.65026313245452,354.82312,1017.19763,19.849124908447266,17.876008987426758,2.866773843765259,-0.20976242423057556,2.6570115089416504
263.5,263.5,rgbd,44235,36.5012121134591,107.3915143741639,411.90405,1211.8776,20.767337799072266,19.834224700927734,2.9421355724334717,-0.48615384101867676,2.455981731414795
265.3,265.3,rgbd,20048,19.123765590518392,56.77725338198411,353.09915,1048.3291,19.756254196166992,17.872777938842773,2.9689369201660156,-0.13438814878463745,2.8345487117767334
265.5,265.5,rgbd,44615,37.22207064641261,108.11360821316083,412.66776,1198.6168,20.7921199798584,19.847314834594727,2.9045565128326416,-0.4819376766681671,2.422618865966797
267.3,267.3,rgbd,20600,18.756625747546597,58.31761542039571,353.23804,1098.2786,19.750436782836914,17.885074615478516,3.1091742515563965,-0.28013861179351807,2.829035758972168
267.6,267.6,rgbd,44917,37.09109200062941,108.94993185078724,412.27194,1210.9916,20.776187896728516,19.843482971191406,2.937361001968384,-0.48559898138046265,2.4517619609832764
269.4,269.4,rgbd,20810,18.882642753340658,59.08663040606576,352.19473,1102.0703,19.709165573120117,17.869590759277344,3.129150629043579,-0.11485543847084045,3.0142951011657715
269.5,269.5,rgbd,45547,37.129388678314015,110.31426826232443,412.88403,1226.7102,20.799325942993164,19.85083770751953,2.9710769653320312,-0.5017789602279663,2.4692981243133545
271.5,271.5,rgbd,20998,18.719709444248135,59.6255977183494,352.16418,1121.7054,19.691234588623047,17.88431167602539,3.1851775646209717,-0.22849154472351074,2.956686019897461
271.5,271.5,rgbd,45493,37.38657170381679,109.88998091411025,413.9868,1216.8273,20.83971405029297,19.86528205871582,2.9392900466918945,-0.5029522776603699,2.43633770942688
273.4,273.4,rgbd,45519,37.40793874631342,109.95278485106246,413.9868,1216.8273,20.83971405029297,19.86528205871582,2.9392900466918945,-0.5029522776603699,2.43633770942688
273.6,273.6,rgbd,21036,18.75358643057452,59.73350193366977,352.16418,1121.7054,19.691234588623047,17.88431167602539,3.1851775646209717,-0.22849154472351074,2.956686019897461
275.6,275.6,rgbd,21135,18.841844894951155,60.01462081042549,352.16418,1121.7054,19.691234588623047,17.88431167602539,3.1851775646209717,-0.22849154472351074,2.956686019897461
275.7,275.7,rgbd,45606,37.47943615774445,110.1629364862487,413.9868,1216.8273,20.83971405029297,19.86528205871582,2.9392900466918945,-0.5029522776603699,2.43633770942688
277.5,277.5,rgbd,45681,37.54107185725397,110.34410168899547,413.9868,1216.8273,20.83971405029297,19.86528205871582,2.9392900466918945,-0.5029522776603699,2.43633770942688
277.9,277.9,rgbd,21226,18.922971362206443,60.27302301027166,352.16418,1121.7054,19.691234588623047,17.88431167602539,3.1851775646209717,-0.22849154472351074,2.956686019897461
279.6,279.6,rgbd,45675,38.59970514526769,110.0549643027634,415.0199,1183.2992,20.881908416748047,19.874614715576172,2.851186752319336,-0.48696720600128174,2.3642194271087646
280.0,280.0,rgbd,21256,17.07836371746582,61.05446550829282,348.14816,1244.6157,19.479751586914062,17.872310638427734,3.5749599933624268,-0.5133029818534851,3.061656951904297
281.6,281.6,rgbd,45828,38.7290046501878,110.42362132604359,415.0199,1183.2992,20.881908416748047,19.874614715576172,2.851186752319336,-0.48696720600128174,2.3642194271087646
281.9,281.9,rgbd,21424,17.213345139395358,61.53701867941595,348.14816,1244.6157,19.479751586914062,17.872310638427734,3.5749599933624268,-0.5133029818534851,3.061656951904297
283.8,283.8,rgbd,46039,38.90731965370507,110.93203068494634,415.0199,1183.2992,20.881908416748047,19.874614715576172,2.851186752319336,-0.48696720600128174,2.3642194271087646
284.1,284.1,rgbd,21618,17.36921654329018,62.09425269845099,348.14816,1244.6157,19.479751586914062,17.872310638427734,3.5749599933624268,-0.5133029818534851,3.061656951904297
285.9,285.9,rgbd,46217,39.05774652871017,111.36092578392591,415.0199,1183.2992,20.881908416748047,19.874614715576172,2.851186752319336,-0.48696720600128174,2.3642194271087646
286.0,286.0,rgbd,21773,17.493752974237076,62.53946544561816,348.14816,1244.6157,19.479751586914062,17.872310638427734,3.5749599933624268,-0.5133029818534851,3.061656951904297
287.9,287.9,rgbd,46408,39.21915963615945,111.82114468226915,415.0199,1183.2992,20.881908416748047,19.874614715576172,2.851186752319336,-0.48696720600128174,2.3642194271087646
288.2,288.2,rgbd,21976,17.656855525735267,63.12255052739194,348.14816,1244.6157,19.479751586914062,17.872310638427734,3.5749599933624268,-0.5133029818534851,3.061656951904297
289.9,289.9,rgbd,46610,39.38986878644613,112.30786833392013,415.0199,1183.2992,20.881908416748047,19.874614715576172,2.851186752319336,-0.48696720600128174,2.3642194271087646
290.3,290.3,rgbd,22145,17.792640408509623,63.60797603881937,348.14816,1244.6157,19.479751586914062,17.872310638427734,3.5749599933624268,-0.5133029818534851,3.061656951904297
291.9,291.9,rgbd,46698,39.46423712914528,112.51990636038194,415.0199,1183.2992,20.881908416748047,19.874614715576172,2.851186752319336,-0.48696720600128174,2.3642194271087646
292.2,292.2,rgbd,22275,17.89709031833605,63.981380278378936,348.14816,1244.6157,19.479751586914062,17.872310638427734,3.5749599933624268,-0.5133029818534851,3.061656951904297
294.0,294.0,rgbd,46957,39.68311668322573,113.1439728246275,415.0199,1183.2992,20.881908416748047,19.874614715576172,2.851186752319336,-0.48696720600128174,2.3642194271087646
294.3,294.3,rgbd,22531,18.102776294609633,64.71669939628084,348.14816,1244.6157,19.479751586914062,17.872310638427734,3.5749599933624268,-0.5133029818534851,3.061656951904297
296.1,296.1,rgbd,47133,39.83185336862402,113.5680488775511,415.0199,1183.2992,20.881908416748047,19.874614715576172,2.851186752319336,-0.48696720600128174,2.3642194271087646
296.5,296.5,rgbd,22764,18.289982671452385,65.38595468718376,348.14816,1244.6157,19.479751586914062,17.872310638427734,3.5749599933624268,-0.5133029818534851,3.061656951904297
298.2,298.2,rgbd,47319,39.98904100205631,114.01622016075449,415.0199,1183.2992,20.881908416748047,19.874614715576172,2.851186752319336,-0.48696720600128174,2.3642194271087646
298.5,298.5,rgbd,22973,18.457905988019487,65.98627381078336,348.14816,1244.6157,19.479751586914062,17.872310638427734,3.5749599933624268,-0.5133029818534851,3.061656951904297
300.2,300.2,rgbd,47526,40.163975626359985,114.51499142754533,415.0199,1183.2992,20.881908416748047,19.874614715576172,2.851186752319336,-0.48696720600128174,2.3642194271087646
300.6,300.6,rgbd,23244,18.67564387696535,66.76467803324982,348.14816,1244.6157,19.479751586914062,17.872310638427734,3.5749599933624268,-0.5133029818534851,3.061656951904297
302.2,302.2,rgbd,47725,40.33214949223647,114.99448651011238,415.0199,1183.2992,20.881908416748047,19.874614715576172,2.851186752319336,-0.48696720600128174,2.3642194271087646
302.5,302.5,rgbd,23425,18.821070289877532,67.2845716283289,348.14816,1244.6157,19.479751586914062,17.872310638427734,3.5749599933624268,-0.5133029818534851,3.061656951904297
304.2,304.2,rgbd,47779,40.37778461162003,115.12460075362303,415.0199,1183.2992,20.881908416748047,19.874614715576172,2.851186752319336,-0.48696720600128174,2.3642194271087646
304.5,304.5,rgbd,23505,18.885347157463027,67.51435885267325,348.14816,1244.6157,19.479751586914062,17.872310638427734,3.5749599933624268,-0.5133029818534851,3.061656951904297
306.3,306.3,rgbd,47800,40.39553160249142,115.17520073721052,415.0199,1183.2992,20.881908416748047,19.874614715576172,2.851186752319336,-0.48696720600128174,2.3642194271087646
306.7,306.7,rgbd,23571,18.93837557322106,67.70393331275734,348.14816,1244.6157,19.479751586914062,17.872310638427734,3.5749599933624268,-0.5133029818534851,3.061656951904297
308.3,308.3,rgbd,47836,40.4259550154138,115.26194356621761,415.0199,1183.2992,20.881908416748047,19.874614715576172,2.851186752319336,-0.48696720600128174,2.3642194271087646
308.6,308.6,rgbd,23647,18.99943859742728,67.92223117588448,348.14816,1244.6157,19.479751586914062,17.872310638427734,3.5749599933624268,-0.5133029818534851,3.061656951904297
310.3,310.3,rgbd,47716,33.06471765954706,115.58610690908763,412.81778,1443.1093,20.788837432861328,19.857666015625,3.495753526687622,-0.8240349292755127,2.6717185974121094
310.7,310.7,rgbd,24098,27.76880598777438,70.61032052431908,341.28156,867.8083,18.148130416870117,18.805328369140625,2.542792797088623,-0.34675997495651245,2.196032762527466
312.4,312.4,rgbd,47671,32.341759879259456,114.86871382876416,415.0042,1473.9767,20.884971618652344,19.870948791503906,3.5517148971557617,-0.8226007223129272,2.729114294052124
312.7,312.7,rgbd,23869,28.321749870818625,70.69594186322195,337.629,842.77985,18.08279037475586,18.671289443969727,2.496171474456787,-0.3174019753932953,2.178769588470459
314.5,314.5,rgbd,48064,31.800323769606038,114.86073918610516,418.45456,1511.4312,21.025245666503906,19.902481079101562,3.611936092376709,-0.8524705171585083,2.759465456008911
314.9,314.9,rgbd,24023,29.05567141453055,72.83964243893253,329.80667,826.7921,17.904878616333008,18.419933319091797,2.506899356842041,-0.29924434423446655,2.2076549530029297
316.6,316.6,rgbd,48125,31.840682868930813,115.00651367616743,418.45456,1511.4312,21.025245666503906,19.902481079101562,3.611936092376709,-0.8524705171585083,2.759465456008911
316.8,316.8,rgbd,24133,29.18871574103425,73.1731711684119,329.80667,826.7921,17.904878616333008,18.419933319091797,2.506899356842041,-0.29924434423446655,2.2076549530029297
318.5,318.5,rgbd,48191,31.884350091151063,115.16423689492332,418.45456,1511.4312,21.025245666503906,19.902481079101562,3.611936092376709,-0.8524705171585083,2.759465456008911
318.9,318.9,rgbd,24275,29.360463871611753,73.60372643737615,329.80667,826.7921,17.904878616333008,18.419933319091797,2.506899356842041,-0.29924434423446655,2.2076549530029297
320.5,320.5,rgbd,48256,31.927355688792215,115.31957036794047,418.45456,1511.4312,21.025245666503906,19.902481079101562,3.611936092376709,-0.8524705171585083,2.759465456008911
320.9,320.9,rgbd,24147,27.55124716704885,69.44503017758292,347.71387,876.43945,19.20658302307129,18.10388946533203,2.5205767154693604,-0.3285835385322571,2.191993236541748
322.5,322.5,rgbd,48306,31.96043691774695,115.43905765487675,418.45456,1511.4312,21.025245666503906,19.902481079101562,3.611936092376709,-0.8524705171585083,2.759465456008911
323.0,323.0,rgbd,24065,26.769124333073414,68.01431560890933,353.82257,898.98346,19.602264404296875,18.050086975097656,2.5407748222351074,-0.3675248622894287,2.1732499599456787
324.6,324.6,rgbd,48358,31.994841395859872,115.56332443329049,418.45456,1511.4312,21.025245666503906,19.902481079101562,3.611936092376709,-0.8524705171585083,2.759465456008911
325.0,325.0,rgbd,24165,26.015848850249675,66.78372955312163,361.83963,928.8569,19.3867130279541,18.664310455322266,2.567040205001831,-0.3893626034259796,2.177677631378174
326.6,326.6,rgbd,48397,32.02064475444456,115.65652451710078,418.45456,1511.4312,21.025245666503906,19.902481079101562,3.611936092376709,-0.8524705171585083,2.759465456008911
327.0,327.0,rgbd,24335,26.179614623748094,66.69141262293002,364.88956,929.54004,19.40093421936035,18.80783462524414,2.5474557876586914,-0.3751033544540405,2.1723523139953613
328.7,328.7,rgbd,48429,32.04181674097559,115.73299638073999,418.45456,1511.4312,21.025245666503906,19.902481079101562,3.611936092376709,-0.8524705171585083,2.759465456008911
329.1,329.1,rgbd,24345,26.19037263263396,66.7188181756824,364.88956,929.54004,19.40093421936035,18.80783462524414,2.5474557876586914,-0.3751033544540405,2.1723523139953613
330.7,330.7,rgbd,48638,32.18009627800638,116.23245324013364,418.45456,1511.4312,21.025245666503906,19.902481079101562,3.611936092376709,-0.8524705171585083,2.759465456008911
331.1,331.1,rgbd,24552,26.413063416571326,67.28611311765678,364.88956,929.54004,19.40093421936035,18.80783462524414,2.5474557876586914,-0.3751033544540405,2.1723523139953613
332.7,332.7,rgbd,48715,32.231041370596664,116.4164636620155,418.45456,1511.4312,21.025245666503906,19.902481079101562,3.611936092376709,-0.8524705171585083,2.759465456008911
333.2,333.2,rgbd,24571,26.433503633454468,67.33818366788631,364.88956,929.54004,19.40093421936035,18.80783462524414,2.5474557876586914,-0.3751033544540405,2.1723523139953613
334.7,334.7,rgbd,48527,32.61084806311424,116.00581235444857,418.31525,1488.0631,21.021095275878906,19.899784088134766,3.557276725769043,-0.8277877569198608,2.7294888496398926
335.3,335.3,rgbd,24614,26.479763071663676,67.45602754472158,364.88956,929.54004,19.40093421936035,18.80783462524414,2.5474557876586914,-0.3751033544540405,2.1723523139953613
336.9,336.9,rgbd,48574,32.64243274502258,116.11816780977568,418.31525,1488.0631,21.021095275878906,19.899784088134766,3.557276725769043,-0.8277877569198608,2.7294888496398926
337.3,337.3,rgbd,24686,26.55722073564189,67.65334752453875,364.88956,929.54004,19.40093421936035,18.80783462524414,2.5474557876586914,-0.3751033544540405,2.1723523139953613
338.8,338.8,rgbd,48234,32.206823772768374,115.28924341939941,418.3738,1497.6329,21.026254653930664,19.897686004638672,3.5796525478363037,-0.8957459926605225,2.6839065551757812
339.3,339.3,rgbd,24785,26.588931789740776,67.81798418756146,365.46353,932.1548,19.41026496887207,18.8283634185791,2.550609588623047,-0.3840223550796509,2.1665871143341064
340.9,340.9,rgbd,48260,32.22418450208985,115.35138880085034,418.3738,1497.6329,21.026254653930664,19.897686004638672,3.5796525478363037,-0.8957459926605225,2.6839065551757812
341.2,341.2,rgbd,24689,26.255474626431663,67.5043749682925,365.73926,940.3372,19.41979217529297,18.833324432373047,2.571058988571167,-0.41276097297668457,2.1582980155944824
342.8,342.8,rgbd,48278,32.236203468543174,115.39441252647022,418.3738,1497.6329,21.026254653930664,19.897686004638672,3.5796525478363037,-0.8957459926605225,2.6839065551757812
343.3,343.3,rgbd,25176,25.724796709888956,72.4139440573436,347.66785,978.6666,18.871484756469727,18.42292022705078,2.8149471282958984,-0.501164972782135,2.313782215118408
344.8,344.8,rgbd,48313,32.25957368109131,115.4780697707311,418.3738,1497.6329,21.026254653930664,19.897686004638672,3.5796525478363037,-0.8957459926605225,2.6839065551757812
345.3,345.3,rgbd,25272,25.822889357019132,72.6900696781533,347.66785,978.6666,18.871484756469727,18.42292022705078,2.8149471282958984,-0.501164972782135,2.313782215118408
347.0,347.0,rgbd,48340,32.27760213077131,115.54260535916092,418.3738,1497.6329,21.026254653930664,19.897686004638672,3.5796525478363037,-0.8957459926605225,2.6839065551757812
347.4,347.4,rgbd,25310,25.861717696508162,72.79936940305713,347.66785,978.6666,18.871484756469727,18.42292022705078,2.8149471282958984,-0.501164972782135,2.313782215118408
348.9,348.9,rgbd,48364,32.29362741937574,115.59997032665409,418.3738,1497.6329,21.026254653930664,19.897686004638672,3.5796525478363037,-0.8957459926605225,2.6839065551757812
349.3,349.3,rgbd,25348,25.90054603599719,72.90866912796098,347.66785,978.6666,18.871484756469727,18.42292022705078,2.8149471282958984,-0.501164972782135,2.313782215118408
350.8,350.8,rgbd,48406,32.32167167443351,115.70035901976713,418.3738,1497.6329,21.026254653930664,19.897686004638672,3.5796525478363037,-0.8957459926605225,2.6839065551757812
