timestamp,elapsed_time,slam_mode,num_points,density_3d,density_2d,coverage_2d,volume,bbox_x,bbox_y,bbox_z,z_range_min,z_range_max
4.2,4.2,rgbd,271,22.95382039976843,45.15803909889907,6.0011463,11.8063135,2.18027925491333,2.752466917037964,1.9673430919647217,0.0014560427516698837,1.968799114227295
4.5,4.5,rgbd,25549,24.150959559623203,72.25779955013525,353.5812,1057.8876,19.687877655029297,17.959335327148438,2.991922378540039,-0.9926292896270752,1.9992930889129639
6.3,6.3,rgbd,527,31.60602141524169,62.18120874696548,8.475229,16.674038,2.18027925491333,3.8872220516204834,1.967384934425354,0.0014141425490379333,1.968799114227295
6.4,6.4,rgbd,25783,24.372155087313203,72.91959942859357,353.5812,1057.8876,19.687877655029297,17.959335327148438,2.991922378540039,-0.9926292896270752,1.9992930889129639
8.5,8.5,rgbd,832,30.640116202824476,60.284430021149625,13.801242,27.153944,3.55041241645813,3.8872220516204834,1.96750009059906,0.001299045979976654,1.968799114227295
8.7,8.7,rgbd,25977,24.555539413688674,73.46827112270005,353.5812,1057.8876,19.687877655029297,17.959335327148438,2.991922378540039,-0.9926292896270752,1.9992930889129639
10.4,10.4,rgbd,891,32.81291290470746,64.55940763082249,13.801242,27.153944,3.55041241645813,3.8872220516204834,1.96750009059906,0.001299045979976654,1.968799114227295
10.7,10.7,rgbd,26009,24.5857883747403,73.55877367018152,353.5812,1057.8876,19.687877655029297,17.959335327148438,2.991922378540039,-0.9926292896270752,1.9992930889129639
12.3,12.3,rgbd,1006,31.204668591995052,61.39518896903536,16.385649,32.238766,4.215259075164795,3.8872220516204834,1.96750009059906,0.001299045979976654,1.968799114227295
12.7,12.7,rgbd,26069,24.642505176712096,73.72846594670929,353.5812,1057.8876,19.687877655029297,17.959335327148438,2.991922378540039,-0.9926292896270752,1.9992930889129639
14.4,14.4,rgbd,1160,29.62607205453534,61.19625565991383,18.955408,39.1547,4.876338005065918,3.8872220516204834,2.0656216144561768,-0.0968225747346878,1.968799114227295
14.8,14.8,rgbd,26233,19.238224080766962,74.06193369222288,354.20355,1363.5874,19.67449951171875,18.0031795501709,3.8497281074523926,-1.7359591722488403,2.113769054412842
16.5,16.5,rgbd,1231,29.52795462768248,60.99358223950535,20.182451,41.68931,5.191998481750488,3.8872220516204834,2.0656216144561768,-0.0968225747346878,1.968799114227295
17.0,17.0,rgbd,26307,19.29249269594543,74.27085311025455,354.20355,1363.5874,19.67449951171875,18.0031795501709,3.8497281074523926,-1.7359591722488403,2.113769054412842
18.5,18.5,rgbd,1315,26.67606428578172,55.102653098886606,23.86455,49.295128,6.139229774475098,3.8872220516204834,2.0656216144561768,-0.0968225747346878,1.968799114227295
18.9,18.9,rgbd,26417,19.37316225904856,74.58140900192322,354.20355,1363.5874,19.67449951171875,18.0031795501709,3.8497281074523926,-1.7359591722488403,2.113769054412842
20.5,20.5,rgbd,1430,22.36653352128737,46.20079403818771,30.951849,63.934807,7.065256595611572,4.380852699279785,2.0656216144561768,-0.0968225747346878,1.968799114227295
20.9,20.9,rgbd,26533,19.458231980139132,74.90890430586474,354.20355,1363.5874,19.67449951171875,18.0031795501709,3.8497281074523926,-1.7359591722488403,2.113769054412842
22.5,22.5,rgbd,1495,20.924619739269616,43.22234747233184,34.58859,71.44694,7.523589134216309,4.597352027893066,2.0656216144561768,-0.0968225747346878,1.968799114227295
23.0,23.0,rgbd,26610,19.51470067431132,75.12629343003282,354.20355,1363.5874,19.67449951171875,18.0031795501709,3.8497281074523926,-1.7359591722488403,2.113769054412842
24.6,24.6,rgbd,1582,12.441629448843408,25.699699352444267,61.55714,127.15376,9.28048324584961,6.632966995239258,2.0656216144561768,-0.0968225747346878,1.968799114227295
25.1,25.1,rgbd,26764,19.433672043963835,75.52774107139166,354.35986,1377.1973,19.676095962524414,18.009662628173828,3.886436939239502,-1.760819435119629,2.125617504119873
26.5,26.5,rgbd,1737,11.760251114494126,24.292091425866793,71.50475,147.70093,10.580148696899414,6.758388519287109,2.065609931945801,-0.09755468368530273,1.968055248260498
27.1,27.1,rgbd,26955,19.695713474418447,76.1049389290009,354.182,1368.5719,19.670188903808594,18.00602912902832,3.8640356063842773,-1.7535121440887451,2.1105234622955322
28.5,28.5,rgbd,1899,11.208851447453178,23.69180535588099,80.1543,169.41968,11.273113250732422,7.110218048095703,2.1136693954467773,-0.1130291149020195,2.000640392303467
29.0,29.0,rgbd,27078,20.402833842201623,76.10619419839581,355.79233,1327.1686,19.61449432373047,18.13925552368164,3.730177640914917,-1.6958160400390625,2.0343616008758545
30.5,30.5,rgbd,2115,10.807362583126126,22.84319200360129,92.58776,195.69992,11.84438705444336,7.817016124725342,2.1136693954467773,-0.1130291149020195,2.000640392303467
31.0,31.0,rgbd,27257,20.59560042960433,76.65459799773647,355.58206,1323.438,19.624841690063477,18.118976593017578,3.7218918800354004,-1.695422649383545,2.0264692306518555
32.5,32.5,rgbd,2272,10.667276479990143,22.642623767002274,100.34173,212.98782,11.833251953125,8.47964096069336,2.122624635696411,-0.15306514501571655,1.9695594310760498
33.1,33.1,rgbd,27432,21.42650116074585,77.231704450319,355.19092,1280.2837,19.63348960876465,18.091073989868164,3.604494333267212,-1.6449391841888428,1.9595551490783691
34.6,34.6,rgbd,2435,11.271499916018298,24.267072567187736,100.34173,216.03159,11.833251953125,8.47964096069336,2.152958631515503,-0.15306514501571655,1.9998934268951416
35.0,35.0,rgbd,27596,21.340057440748005,77.69342796773851,355.19092,1293.1549,19.63348960876465,18.091073989868164,3.6407320499420166,-1.6449391841888428,1.9957928657531738
36.6,36.6,rgbd,2561,11.910833301398464,25.522781455674657,100.34173,215.01434,11.833251953125,8.47964096069336,2.1428208351135254,-0.15306514501571655,1.9897557497024536
37.0,37.0,rgbd,27760,21.466879060558217,78.15515148515804,355.19092,1293.1549,19.63348960876465,18.091073989868164,3.6407320499420166,-1.6449391841888428,1.9957928657531738
38.6,38.6,rgbd,2723,11.335338770346718,24.289600367608227,112.10559,240.2222,11.833251953125,9.473776817321777,2.1428208351135254,-0.15306514501571655,1.9897557497024536
39.1,39.1,rgbd,27960,21.621539572521893,78.71822894542575,355.19092,1293.1549,19.63348960876465,18.091073989868164,3.6407320499420166,-1.6449391841888428,1.9957928657531738
40.6,40.6,rgbd,2890,9.770333074096643,21.043680747301114,137.33339,295.7934,14.496160507202148,9.473776817321777,2.153834581375122,-0.15306514501571655,2.0007693767547607
41.1,41.1,rgbd,28096,21.726708720657193,79.10112161840779,355.19092,1293.1549,19.63348960876465,18.091073989868164,3.6407320499420166,-1.6449391841888428,1.9957928657531738
42.6,42.6,rgbd,3103,10.489749552959207,22.59318498833168,137.3423,295.8126,14.497100830078125,9.473776817321777,2.153834581375122,-0.15306514501571655,2.0007693767547607
43.1,43.1,rgbd,28342,21.916941150372516,79.79370689453708,355.19092,1293.1549,19.63348960876465,18.091073989868164,3.6407320499420166,-1.6449391841888428,1.9957928657531738
44.6,44.6,rgbd,3375,11.40823024092913,24.571440632682602,137.35458,295.83905,14.498397827148438,9.473776817321777,2.153834581375122,-0.15306514501571655,2.0007693767547607
45.1,45.1,rgbd,28538,22.068508452096918,80.34552280559943,355.19092,1293.1549,19.63348960876465,18.091073989868164,3.6407320499420166,-1.6449391841888428,1.9957928657531738
46.6,46.6,rgbd,3711,10.794740315856238,23.250084963671878,159.61232,343.77853,14.501934051513672,11.006278038024902,2.153834581375122,-0.15306514501571655,2.0007693767547607
47.1,47.1,rgbd,28832,22.181825387620286,80.75808023605981,357.0169,1299.8029,19.63348960876465,18.184078216552734,3.6407320499420166,-1.6449391841888428,1.9957928657531738
48.6,48.6,rgbd,4238,12.32619287440544,26.54858136419403,159.63188,343.82068,14.503711700439453,11.006278038024902,2.153834581375122,-0.15306514501571655,2.0007693767547607
49.1,49.1,rgbd,29131,22.41186027215478,81.59557558811939,357.0169,1299.8029,19.63348960876465,18.184078216552734,3.6407320499420166,-1.6449391841888428,1.9957928657531738
50.5,50.5,rgbd,4445,12.927616359078995,27.843946783782183,159.63972,343.83755,14.99.7,99.7,rgbd,8093,13.26437422990865,37.803419709290566,214.08116,610.13055,16.3266143798828151.1,51.1,rgbd,29309,22.548804116459593,82.0941514164358,357.0169,1299.8029,19.63348960876465,18.184078216552734,3.6407320499420166,-1.6449391841888428,1.9957928657531738
52.6,52.6,rgbd,4491,13.059832154531566,28.12871871059182,159.65889,343.87885,14.506165504455566,11.006278038024902,2.153834581375122,-0.15306514501571655,2.0007693767547607
53.0,53.0,rgbd,29371,22.596503657734303,82.26781266000668,357.0169,1299.8029,19.63348960876465,18.184078216552734,3.6407320499420166,-1.6449391841888428,1.9957928657531738
54.6,54.6,rgbd,4517,13.104826799131793,28.225629509504714,160.03186,344.68216,14.54005241394043,11.006278038024902,2.153834581375122,-0.15306514501571655,2.0007693767547607
55.0,55.0,rgbd,29413,22.628816250210722,82.38545414758696,357.0169,1299.8029,19.63348960876465,18.184078216552734,3.6407320499420166,-1.6449391841888428,1.9957928657531738
56.6,56.6,rgbd,4618,13.397850378213553,28.856753835486554,160.03186,344.68216,14.54005241394043,11.006278038024902,2.153834581375122,-0.15306514501571655,2.0007693767547607
58.0,58.0,rgbd,30917,40.29961590213989,98.4494307970998,314.0394,767.1785,16.723508834838867,18.7783203125,2.442937135696411,-0.44282984733581543,2.0001072883605957
58.6,58.6,rgbd,4570,8.63742162716941,30.687422941913177,148.92094,529.0931,15.572555541992188,9.563037872314453,3.5528452396392822,-1.0935471057891846,2.4592981338500977
59.1,59.1,rgbd,30958,35.606944765612965,99.033336795747,312.6018,869.43713,16.42827606201172,19.028278350830078,2.781292676925659,-0.7026557922363281,2.078636884689331
60.6,60.6,rgbd,4661,8.795706050940485,30.204275244142657,154.3159,529.91766,15.142786979675293,10.190719604492188,3.4339795112609863,-1.004747748374939,2.429231643676758
61.1,61.1,rgbd,31137,34.43626489137106,99.6646300955183,312.41776,904.19214,16.367053985595703,19.08820915222168,2.894176483154297,-0.786216676235199,2.107959747314453
62.7,62.7,rgbd,4749,6.7632819637883435,30.70851522384484,154.64766,702.1739,15.035324096679688,10.285621643066406,4.540475368499756,-1.7351770401000977,2.805298328399658
63.2,63.2,rgbd,31185,34.489350953444664,99.8182705311603,312.41776,904.19214,16.367053985595703,19.08820915222168,2.894176483154297,-0.786216676235199,2.107959747314453
64.7,64.7,rgbd,4812,6.853003329069174,31.115892873687383,154.64766,702.1739,15.035324096679688,10.285621643066406,4.540475368499756,-1.7351770401000977,2.805298328399658
65.2,65.2,rgbd,31276,34.5899932794592,100.10954719039826,312.41776,904.19214,16.367053985595703,19.08820915222168,2.894176483154297,-0.786216676235199,2.107959747314453
66.7,66.7,rgbd,4885,6.956966180902517,31.587933642552546,154.64766,702.1739,15.035324096679688,10.285621643066406,4.540475368499756,-1.7351770401000977,2.805298328399658
67.1,67.1,rgbd,31368,34.69174156510028,100.40402469204541,312.41776,904.19214,16.367053985595703,19.08820915222168,2.894176483154297,-0.786216676235199,2.107959747314453
68.7,68.7,rgbd,4952,6.984497215793481,31.7129364758756,156.15079,708.9988,15.181463241577148,10.285621643066406,4.540475368499756,-1.7351770401000977,2.805298328399658
69.1,69.1,rgbd,31423,34.75256934455962,100.58007102455187,312.41776,904.19214,16.367053985595703,19.08820915222168,2.894176483154297,-0.786216676235199,2.107959747314453
70.7,70.7,rgbd,5025,6.826637231746596,30.996178261457214,162.11676,736.08716,15.320028305053711,10.582014083862305,4.540475368499756,-1.7351770401000977,2.805298328399658
71.1,71.1,rgbd,31496,34.83330439729656,100.81373252042408,312.41776,904.19214,16.367053985595703,19.08820915222168,2.894176483154297,-0.786216676235199,2.107959747314453
72.7,72.7,rgbd,5198,5.591297841871717,25.38715009270447,204.74925,929.65894,17.01903533935547,12.03060245513916,4.540475368499756,-1.7351770401000977,2.805298328399658
73.1,73.1,rgbd,31634,31.55829399492331,91.33527232343194,346.3503,1002.3989,18.144725799560547,19.08820915222168,2.894176483154297,-0.786216676235199,2.107959747314453
74.8,74.8,rgbd,5310,5.517549648188908,25.052297968984913,211.9566,962.3837,17.01903533935547,12.454090118408203,4.540475368499756,-1.7351770401000977,2.805298328399658
75.2,75.2,rgbd,31726,31.650073821930107,91.60089934036802,346.3503,1002.3989,18.144725799560547,19.08820915222168,2.894176483154297,-0.786216676235199,2.107959747314453
76.9,76.9,rgbd,5572,4.91470447218728,22.315094370869122,249.69646,1133.7406,17.01903533935547,14.671598434448242,4.540475368499756,-1.7351770401000977,2.805298328399658
77.3,77.3,rgbd,31942,31.865556894033016,92.22454538013096,346.3503,1002.3989,18.144725799560547,19.08820915222168,2.894176483154297,-0.786216676235199,2.107959747314453
78.8,78.8,rgbd,5791,4.7516192508407,21.57461065317492,268.41736,1218.7424,17.008621215820312,15.78125286102295,4.540475368499756,-1.7351770401000977,2.805298328399658
79.3,79.3,rgbd,32174,31.860478424410765,92.20985003664683,348.9215,1009.84045,18.27942657470703,19.08820915222168,2.894176483154297,-0.786216676235199,2.107959747314453
80.8,80.8,rgbd,5996,4.699692601619047,21.33883842267374,280.99,1275.8281,17.5447998046875,16.01557159423828,4.540475368499756,-1.7351770401000977,2.805298328399658
81.2,81.2,rgbd,32445,31.17703983711285,90.2318572188778,359.57367,1040.6697,18.837474822998047,19.08820915222168,2.894176483154297,-0.786216676235199,2.107959747314453
82.8,82.8,rgbd,6257,4.8786786033920855,22.15152018686722,282.46368,1282.5194,17.636816024780273,16.01557159423828,4.540475368499756,-1.7351770401000977,2.805298328399658
83.2,83.2,rgbd,32692,31.414387004311706,90.91878182153039,359.57367,1040.6697,18.837474822998047,19.08820915222168,2.894176483154297,-0.786216676235199,2.107959747314453
84.8,84.8,rgbd,6487,4.7093790114217375,21.382820110548547,303.3744,1377.464,17.8814754486084,16.96584701538086,4.540475368499756,-1.7351770401000977,2.805298328399658
85.2,85.2,rgbd,32877,31.334848835468193,90.68858362677886,362.52634,1049.2152,18.99216079711914,19.08820915222168,2.894176483154297,-0.786216676235199,2.107959747314453
86.9,86.9,rgbd,6699,4.726556830347415,21.46081557477259,312.1503,1417.3108,18.398744583129883,16.96584701538086,4.540475368499756,-1.7351770401000977,2.805298328399658
87.3,87.3,rgbd,33158,29.943503492504156,86.6617845627965,382.61386,1107.352,20.044513702392578,19.08820915222168,2.894176483154297,-0.786216676235199,2.107959747314453
88.9,88.9,rgbd,6967,4.708834500084567,21.380346347241996,325.86002,1479.5593,19.206823348999023,16.96584701538086,4.540475368499756,-1.7351770401000977,2.805298328399658
89.2,89.2,rgbd,33418,29.869182355901188,86.44668065866271,386.57355,1118.812,20.251955032348633,19.08820915222168,2.894176483154297,-0.786216676235199,2.107959747314453
90.9,90.9,rgbd,7300,4.9320402826395835,22.393807791001713,325.98297,1480.1177,19.214069366455078,16.96584701538086,4.540475368499756,-1.7351770401000977,2.805298328399658
91.3,91.3,rgbd,33631,29.908501454687567,86.5604805697741,388.52603,1124.4629,20.3542423248291,19.08820915222168,2.894176483154297,-0.786216676235199,2.107959747314453
92.8,92.8,rgbd,7458,5.042586360241902,22.89573960078754,325.73746,1479.0029,19.19959831237793,16.96584701538086,4.540475368499756,-1.7351770401000977,2.805298328399658
93.2,93.2,rgbd,33747,30.011661817708106,86.85904486301824,388.52603,1124.4629,20.3542423248291,19.08820915222168,2.894176483154297,-0.786216676235199,2.107959747314453
94.8,94.8,rgbd,7500,5.070983869913417,23.024677796447644,325.73746,1479.0029,19.19959831237793,16.96584701538086,4.540475368499756,-1.7351770401000977,2.805298328399658
95.2,95.2,rgbd,33769,30.03122671414304,86.91566912553006,388.52603,1124.4629,20.3542423248291,19.08820915222168,2.894176483154297,-0.786216676235199,2.107959747314453
96.9,96.9,rgbd,7504,5.073688394644037,23.03695762460575,325.73746,1479.0029,19.19959831237793,16.96584701538086,4.540475368499756,-1.7351770401000977,2.805298328399658
97.2,97.2,rgbd,33774,30.03567328151461,86.92853827610094,388.52603,1124.4629,20.3542423248291,19.08820915222168,2.894176483154297,-0.786216676235199,2.107959747314453
98.8,98.8,rgbd,7564,5.114256265603345,23.221155046977334,325.73746,1479.0029,19.19959831237793,16.96584701538086,4.540475368499756,-1.7351770401000977,2.805298328399658
99.2,99.2,rgbd,33930,30.174406183507752,87.33005577391202,388.52603,1124.4629,20.3542423248291,19.08820915222168,2.894176483154297,-0.786216676235199,2.107959747314453
100.8,100.8,rgbd,7789,5.066821226282536,23.182701485081065,335.98328,1537.2557,19.200965881347656,17.498249053955078,4.5753936767578125,-1.7718284130096436,2.803565502166748
101.2,101.2,rgbd,34084,29.9675450485356,87.93613282880057,387.5995,1137.3638,20.329866409301758,19.065521240234375,2.9343788623809814,-0.8232046961784363,2.1111741065979004
102.8,102.8,rgbd,7939,5.164970669011472,23.620482458820465,336.1066,1537.0852,19.173072814941406,17.53013801574707,4.573207378387451,-1.8076307773590088,2.7655766010284424
103.2,103.2,rgbd,34285,31.10642256235982,88.10649030899948,389.13138,1102.184,20.37932014465332,19.094423294067383,2.83242130279541,-0.7108023762702942,2.1216189861297607
104.9,104.9,rgbd,8006,5.2085596644546985,23.819823978500647,336.1066,1537.0852,19.173072814941406,17.53013801574707,4.573207378387451,-1.8076307773590088,2.7655766010284424
105.3,105.3,rgbd,34362,31.17628385847479,88.30436692424793,389.13138,1102.184,20.37932014465332,19.094423294067383,2.83242130279541,-0.7108023762702942,2.1216189861297607
106.9,106.9,rgbd,8101,5.270364956501063,24.102472401927773,336.1066,1537.0852,19.173072814941406,17.53013801574707,4.573207378387451,-1.8076307773590088,2.7655766010284424
107.3,107.3,rgbd,34476,31.27971486830734,88.59732710786251,389.13138,1102.184,20.37932014465332,19.094423294067383,2.83242130279541,-0.7108023762702942,2.1216189861297607
108.8,108.8,rgbd,8174,5.317857444073533,24.3196654009823,336.1066,1537.0852,19.173072814941406,17.53013801574707,4.573207378387451,-1.8076307773590088,2.7655766010284424
109.2,109.2,rgbd,34558,31.354112612221982,88.80805285397125,389.13138,1102.184,20.37932014465332,19.094423294067383,2.83242130279541,-0.7108023762702942,2.1216189861297607
110.9,110.9,rgbd,8239,5.360145275473677,24.513056427537702,336.1066,1537.0852,19.173072814941406,17.53013801574707,4.573207378387451,-1.8076307773590088,2.7655766010284424
111.2,111.2,rgbd,34668,31.453914463814797,89.09073373289759,389.13138,1102.184,20.37932014465332,19.094423294067383,2.83242130279541,-0.7108023762702942,2.1216189861297607
112.9,112.9,rgbd,8354,5.434962207950855,24.855209782212643,336.1066,1537.0852,19.173072814941406,17.53013801574707,4.573207378387451,-1.8076307773590088,2.7655766010284424
113.3,113.3,rgbd,34734,31.513795574770484,89.26034226025341,389.13138,1102.184,20.37932014465332,19.094423294067383,2.83242130279541,-0.7108023762702942,2.1216189861297607
115.0,115.0,rgbd,8499,5.529296601074255,25.286620533759304,336.1066,1537.0852,19.173072814941406,17.53013801574707,4.573207378387451,-1.8076307773590088,2.7655766010284424
115.3,115.3,rgbd,34807,31.580027712645713,89.44793957081362,389.13138,1102.184,20.37932014465332,19.094423294067383,2.83242130279541,-0.7108023762702942,2.1216189861297607
117.0,117.0,rgbd,8632,5.615824009939165,25.68232832655728,336.1066,1537.0852,19.173072814941406,17.53013801574707,4.573207378387451,-1.8076307773590088,2.7655766010284424
117.4,117.4,rgbd,34919,31.681644143358394,89.73576010208409,389.13138,1102.184,20.37932014465332,19.094423294067383,2.83242130279541,-0.7108023762702942,2.1216189861297607
119.0,119.0,rgbd,9112,5.877109135317704,27.105384201565816,336.16937,1550.4221,19.19234848022461,17.51580238342285,4.612026691436768,-1.7895513772964478,2.8224754333496094
119.4,119.4,rgbd,35243,22.215873998860545,89.60842331542499,393.30008,1586.3882,20.471500396728516,19.212078094482422,4.033531188964844,-1.2740498781204224,2.759481430053711
120.9,120.9,rgbd,9238,5.95873528921966,27.408109505394957,337.05353,1550.329,19.22230339050293,17.534502029418945,4.599652290344238,-1.7874513864517212,2.8122007846832275
121.3,121.3,rgbd,35454,21.51784740302605,89.53515372328845,395.97855,1647.6555,20.549564361572266,19.269437789916992,4.160971641540527,-1.3270249366760254,2.833946466445923
122.9,122.9,rgbd,9141,6.411257596895873,27.24179071410635,335.55063,1425.7733,19.170730590820312,17.503278732299805,4.249055862426758,-1.5345481634140015,2.714507579803467
123.3,123.3,rgbd,35529,21.563366626674355,89.72455792392157,395.97855,1647.6555,20.549564361572266,19.269437789916992,4.160971641540527,-1.3270249366760254,2.833946466445923
124.9,124.9,rgbd,9275,6.505241681567577,27.641134325931127,335.55063,1425.7733,19.170730590820312,17.503278732299805,4.249055862426758,-1.5345481634140015,2.714507579803467
125.3,125.3,rgbd,35615,21.61556200312441,89.94174140731421,395.97855,1647.6555,20.549564361572266,19.269437789916992,4.160971641540527,-1.3270249366760254,2.833946466445923
126.9,126.9,rgbd,9399,6.5922120285772134,28.01067617567942,335.55063,1425.7733,19.170730590820312,17.503278732299805,4.249055862426758,-1.5345481634140015,2.714507579803467
127.3,127.3,rgbd,35726,21.6829304541239,90.22205962425123,395.97855,1647.6555,20.549564361572266,19.269437789916992,4.160971641540527,-1.3270249366760254,2.833946466445923
129.0,129.0,rgbd,9502,6.664453526496509,28.31763432506712,335.55063,1425.7733,19.170730590820312,17.503278732299805,4.249055862426758,-1.5345481634140015,2.714507579803467
129.4,129.4,rgbd,35866,21.76789967160073,90.57561413209972,395.97855,1647.6555,20.549564361572266,19.269437789916992,4.160971641540527,-1.3270249366760254,2.833946466445923
131.0,131.0,rgbd,9740,6.867755091571554,28.93847949822852,336.57608,1418.2218,19.20180320739746,17.528358459472656,4.2136735916137695,-1.508423089981079,2.7052505016326904
131.4,131.4,rgbd,36169,21.99209403317573,91.40516550263533,395.69974,1644.6365,20.54349136352539,19.26156234741211,4.15627384185791,-1.2955303192138672,2.860743761062622
133.0,133.0,rgbd,9886,6.932839653329391,29.4192148771964,336.03888,1425.9669,19.19835090637207,17.503528594970703,4.243458271026611,-1.5390251874923706,2.704432964324951
133.4,133.4,rgbd,36321,22.036981843252995,91.81794601443593,395.57626,1648.184,20.53904151916504,19.259723663330078,4.166539192199707,-1.311898946762085,2.854640007019043
135.0,135.0,rgbd,10089,7.075199197090858,30.02331164232596,336.03888,1425.9669,19.19835090637207,17.503528594970703,4.243458271026611,-1.5390251874923706,2.704432964324951
135.4,135.4,rgbd,36548,22.17470918772089,92.3917923772915,395.57626,1648.184,20.53904151916504,19.259723663330078,4.166539192199707,-1.311898946762085,2.854640007019043
137.0,137.0,rgbd,10326,7.24140221123602,30.728587175999394,336.03888,1425.9669,19.19835090637207,17.503528594970703,4.243458271026611,-1.5390251874923706,2.704432964324951
137.4,137.4,rgbd,36842,22.353087334300454,93.13501189570354,395.57626,1648.184,20.53904151916504,19.259723663330078,4.166539192199707,-1.311898946762085,2.854640007019043
139.0,139.0,rgbd,10521,7.378151526671912,31.308877172059812,336.03888,1425.9669,19.19835090637207,17.503528594970703,4.243458271026611,-1.5390251874923706,2.704432964324951
139.5,139.5,rgbd,37002,22.45016387665668,93.53948510300262,395.57626,1648.184,20.53904151916504,19.259723663330078,4.166539192199707,-1.311898946762085,2.854640007019043
141.0,141.0,rgbd,10702,7.505082942538048,31.847505322249226,336.03888,1425.9669,19.19835090637207,17.503528594970703,4.243458271026611,-1.5390251874923706,2.704432964324951
141.4,141.4,rgbd,37103,22.511443444019047,93.79480881511016,395.57626,1648.184,20.53904151916504,19.259723663330078,4.166539192199707,-1.311898946762085,2.854640007019043
143.1,143.1,rgbd,10739,7.531030248543833,31.957611629194023,336.03888,1425.9669,19.19835090637207,17.503528594970703,4.243458271026611,-1.5390251874923706,2.704432964324951
143.4,143.4,rgbd,37128,22.52661165376221,93.85800775375064,395.57626,1648.184,20.53904151916504,19.259723663330078,4.166539192199707,-1.311898946762085,2.854640007019043
145.1,145.1,rgbd,10807,7.578717189311221,32.15996916628176,336.03888,1425.9669,19.19835090637207,17.503528594970703,4.243458271026611,-1.5390251874923706,2.704432964324951
145.4,145.4,rgbd,37200,22.57029609782251,94.04002069703523,395.57626,1648.184,20.53904151916504,19.259723663330078,4.166539192199707,-1.311898946762085,2.854640007019043
147.1,147.1,rgbd,10928,7.733866097825499,32.46966121767881,336.56033,1413.0061,19.199323654174805,17.529802322387695,4.198373794555664,-1.508180022239685,2.6901938915252686
147.4,147.4,rgbd,37177,21.86973277913022,93.93646840974549,395.7675,1699.9293,20.536678314208984,19.271251678466797,4.2952728271484375,-1.337783694267273,2.957489252090454
149.1,149.1,rgbd,11262,7.933343554744989,33.459635806965615,336.58466,1419.578,19.200298309326172,17.53017807006836,4.21759557723999,-1.5272055864334106,2.690390110015869
149.4,149.4,rgbd,37365,21.67238731521295,92.59676091112921,403.52383,1724.0833,20.537193298339844,19.648441314697266,4.272568702697754,-1.3533682823181152,2.9192006587982178
151.1,151.1,rgbd,11641,8.150050449033143,34.37361794464209,338.6609,1428.3347,19.200298309326172,17.63831329345703,4.21759557723999,-1.5272055864334106,2.690390110015869
151.4,151.4,rgbd,37768,21.906134728247363,93.59546276171626,403.52383,1724.0833,20.537193298339844,19.648441314697266,4.272568702697754,-1.3533682823181152,2.9192006587982178
153.1,153.1,rgbd,11896,7.784298666088987,32.83102364289755,362.3402,1528.2045,19.200298309326172,18.871593475341797,4.21759557723999,-1.5272055864334106,2.690390110015869
153.5,153.5,rgbd,38114,22.09518816830308,94.40321097415423,403.73627,1724.991,20.537193298339844,19.658784866333008,4.272568702697754,-1.3533682823181152,2.9192006587982178
155.1,155.1,rgbd,12218,7.995003455134099,33.71969122973455,362.3402,1528.2045,19.200298309326172,18.871593475341797,4.21759557723999,-1.5272055864334106,2.690390110015869
155.5,155.5,rgbd,38306,22.20649309899296,94.87876894516324,403.73627,1724.991,20.537193298339844,19.658784866333008,4.272568702697754,-1.3533682823181152,2.9192006587982178
157.2,157.2,rgbd,13350,14.893831443150427,36.68972791484582,363.86206,896.34424,20.588281631469727,17.673259735107422,2.4634177684783936,-0.3751274645328522,2.088290214538574
157.5,157.5,rgbd,38509,22.323742021314235,95.37971956978922,403.7441,1725.0244,20.537193298339844,19.65916633605957,4.272568702697754,-1.3533682823181152,2.9192006587982178
159.2,159.2,rgbd,13395,14.944035369363293,36.81340115500822,363.86206,896.34424,20.588281631469727,17.673259735107422,2.4634177684783936,-0.3751274645328522,2.088290214538574
159.5,159.5,rgbd,38532,22.33707516594251,95.43668634509123,403.7441,1725.0244,20.537193298339844,19.65916633605957,4.272568702697754,-1.3533682823181152,2.9192006587982178
161.2,161.2,rgbd,13472,15.029939865327533,37.02501981039722,363.86206,896.34424,20.588281631469727,17.673259735107422,2.4634177684783936,-0.3751274645328522,2.088290214538574
161.5,161.5,rgbd,38606,22.379973109529132,95.61997075258466,403.7441,1725.0244,20.537193298339844,19.65916633605957,4.272568702697754,-1.3533682823181152,2.9192006587982178
163.2,163.2,rgbd,13634,15.210673999693851,37.470243474981864,363.86206,896.34424,20.588281631469727,17.673259735107422,2.4634177684783936,-0.3751274645328522,2.088290214538574
163.6,163.6,rgbd,38716,22.443740322968708,95.89242054750733,403.7441,1725.0244,20.537193298339844,19.65916633605957,4.272568702697754,-1.3533682823181152,2.9192006587982178
165.2,165.2,rgbd,13702,15.286537710415518,37.65712748233838,363.86206,896.34424,20.588281631469727,17.673259735107422,2.4634177684783936,-0.3751274645328522,2.088290214538574
165.5,165.5,rgbd,38797,22.49069618013785,96.0930426692231,403.7441,1725.0244,20.537193298339844,19.65916633605957,4.272568702697754,-1.3533682823181152,2.9192006587982178
167.2,167.2,rgbd,13780,15.373557849184486,37.87149443195322,363.86206,896.34424,20.588281631469727,17.673259735107422,2.4634177684783936,-0.3751274645328522,2.088290214538574
167.6,167.6,rgbd,38938,22.572434153728576,96.44227376998761,403.7441,1725.0244,20.537193298339844,19.65916633605957,4.272568702697754,-1.3533682823181152,2.9192006587982178
169.2,169.2,rgbd,13851,15.452768488320341,38.06662332198722,363.86206,896.34424,20.588281631469727,17.673259735107422,2.4634177684783936,-0.3751274645328522,2.088290214538574
169.5,169.5,rgbd,38988,22.601419250746563,96.56611458586154,403.7441,1725.0244,20.537193298339844,19.65916633605957,4.272568702697754,-1.3533682823181152,2.9192006587982178
171.2,171.2,rgbd,13925,15.535326055870389,38.26999709469873,363.86206,896.34424,20.588281631469727,17.673259735107422,2.4634177684783936,-0.3751274645328522,2.088290214538574
171.5,171.5,rgbd,39051,22.63794047298923,96.7221540138627,403.7441,1725.0244,20.537193298339844,19.65916633605957,4.272568702697754,-1.3533682823181152,2.9192006587982178
173.4,173.4,rgbd,13807,14.41080425443,38.01828143548688,363.1674,958.1006,20.566625595092773,17.658092498779297,2.638179063796997,-0.38477835059165955,2.2534008026123047
173.6,173.6,rgbd,39135,22.71326985257845,96.90409426051494,403.8529,1723.0016,20.540775299072266,19.661035537719727,4.266408920288086,-1.3616232872009277,2.904785394668579
175.3,175.3,rgbd,14126,14.379714545991586,38.72184073661722,364.80704,982.3561,20.740461349487305,17.589147567749023,2.69281005859375,-0.6179008483886719,2.074909210205078
175.6,175.6,rgbd,39140,23.61060727003885,96.33663316508556,406.28366,1657.7295,20.604415893554688,19.718280792236328,4.080226898193359,-1.222949504852295,2.8572771549224854
177.3,177.3,rgbd,14325,13.713598175297166,39.24611595206204,365.00427,1044.5836,20.63150978088379,17.691593170166016,2.8618392944335938,-0.7125301361083984,2.1493091583251953
177.6,177.6,rgbd,39351,23.737889797733747,96.85597474908742,406.28366,1657.7295,20.604415893554688,19.718280792236328,4.080226898193359,-1.222949504852295,2.8572771549224854
179.3,179.3,rgbd,14587,13.77986366207383,39.98937290750671,364.7719,1058.5736,20.615419387817383,17.694129943847656,2.902015209197998,-0.7246228456497192,2.1773922443389893
179.8,179.8,rgbd,39562,23.03061336013602,95.72985841906208,413.2671,1717.8005,20.801185607910156,19.867477416992188,4.156635284423828,-1.2404661178588867,2.9161694049835205
181.4,181.4,rgbd,14651,13.840322376982495,40.164825013222796,364.7719,1058.5736,20.615419387817383,17.694129943847656,2.902015209197998,-0.7246228456497192,2.1773922443389893
181.6,181.6,rgbd,39699,23.110366507862086,96.06136316107239,413.2671,1717.8005,20.801185607910156,19.867477416992188,4.156635284423828,-1.2404661178588867,2.9161694049835205
183.4,183.4,rgbd,14794,13.975409818106549,40.55685081193215,364.7719,1058.5736,20.615419387817383,17.694129943847656,2.902015209197998,-0.7246228456497192,2.1773922443389893
183.6,183.6,rgbd,39777,23.155773409487143,96.25010308718045,413.2671,1717.8005,20.801185607910156,19.867477416992188,4.156635284423828,-1.2404661178588867,2.9161694049835205
185.4,185.4,rgbd,14897,14.072710562412684,40.839219044568964,364.7719,1058.5736,20.615419387817383,17.694129943847656,2.902015209197998,-0.7246228456497192,2.1773922443389893
185.6,185.6,rgbd,39846,23.19594105323239,96.4170653295068,413.2671,1717.8005,20.801185607910156,19.867477416992188,4.156635284423828,-1.2404661178588867,2.9161694049835205
187.4,187.4,rgbd,15040,14.207798003536737,41.231244843278326,364.7719,1058.5736,20.615419387817383,17.694129943847656,2.902015209197998,-0.7246228456497192,2.1773922443389893
187.6,187.6,rgbd,39940,23.25066219108823,96.64452113789343,413.2671,1717.8005,20.801185607910156,19.867477416992188,4.156635284423828,-1.2404661178588867,2.9161694049835205
189.6,189.6,rgbd,39972,23.269290663549793,96.72195290245058,413.2671,1717.8005,20.801185607910156,19.867477416992188,4.156635284423828,-1.2404661178588867,2.9161694049835205
189.7,189.7,rgbd,15087,14.25219737229779,41.360092483413574,364.7719,1058.5736,20.615419387817383,17.694129943847656,2.902015209197998,-0.7246228456497192,2.1773922443389893
191.4,191.4,rgbd,15090,14.255031374559133,41.36831680086902,364.7719,1058.5736,20.615419387817383,17.694129943847656,2.902015209197998,-0.7246228456497192,2.1773922443389893
191.6,191.6,rgbd,39973,23.269872803314218,96.72437264509298,413.2671,1717.8005,20.801185607910156,19.867477416992188,4.156635284423828,-1.2404661178588867,2.9161694049835205
193.4,193.4,rgbd,15117,14.280537394911226,41.44233565796799,364.7719,1058.5736,20.615419387817383,17.694129943847656,2.902015209197998,-0.7246228456497192,2.1773922443389893
193.6,193.6,rgbd,39993,23.281515598602695,96.77276749794122,413.2671,1717.8005,20.801185607910156,19.867477416992188,4.156635284423828,-1.2404661178588867,2.9161694049835205
195.4,195.4,rgbd,15211,14.369336132433332,41.70003093823848,364.7719,1058.5736,20.615419387817383,17.694129943847656,2.902015209197998,-0.7246228456497192,2.1773922443389893
195.7,195.7,rgbd,40074,23.328668919521025,96.9687666519765,413.2671,1717.8005,20.801185607910156,19.867477416992188,4.156635284423828,-1.2404661178588867,2.9161694049835205
197.4,197.4,rgbd,15403,14.446898209900219,42.221346626432236,364.81546,1066.1804,20.61124610900879,17.699825286865234,2.9225196838378906,-0.7331100702285767,2.1894097328186035
197.7,197.7,rgbd,40288,23.551950236800934,97.55504323908028,412.9771,1710.6014,20.792438507080078,19.861888885498047,4.1421217918396,-1.2396146059036255,2.9025070667266846
199.4,199.4,rgbd,15381,14.299244359935926,42.13304339822626,365.0579,1075.6512,20.624025344848633,17.700613021850586,2.9465224742889404,-0.7557688355445862,2.190753698348999
199.7,199.7,rgbd,40097,24.145529475552397,97.24400709714058,412.3339,1660.6387,20.77569580078125,19.846935272216797,4.027412414550781,-1.1938413381576538,2.833570957183838
201.4,201.4,rgbd,15770,15.194561622687287,43.27277839982669,364.43234,1037.8713,20.547658920288086,17.73595428466797,2.847912311553955,-0.6880518198013306,2.159860372543335
201.7,201.7,rgbd,40146,22.34676415793444,97.40944471015061,412.13663,1796.5017,20.769699096679688,19.843168258666992,4.35899543762207,-1.3449060916900635,3.014089345932007
203.6,203.6,rgbd,16185,17.08042105783877,44.46244795354142,364.01505,947.5762,20.52387046813965,17.73617935180664,2.603123664855957,-0.41047728061676025,2.1926465034484863
203.7,203.7,rgbd,40636,23.25940795537303,99.5927054927203,408.02185,1747.078,20.651329040527344,19.75765609741211,4.281824588775635,-1.2402653694152832,3.0415592193603516
205.9,205.9,rgbd,16459,17.343158095125393,45.37575516392208,362.72675,949.0198,20.40175437927246,17.779193878173828,2.6163489818573,-0.186777725815773,2.4295711517333984
205.9,205.9,rgbd,40917,22.47064293839305,101.0386439762421,404.96387,1820.9092,20.57089614868164,19.68625259399414,4.49647331237793,-1.4043233394622803,3.0921497344970703
207.8,207.8,rgbd,41017,22.525560559280194,101.28557958729921,404.96387,1820.9092,20.57089614868164,19.68625259399414,4.49647331237793,-1.4043233394622803,3.0921497344970703
207.9,207.9,rgbd,16602,17.493839886704645,45.7699913258056,362.72675,949.0198,20.40175437927246,17.779193878173828,2.6163489818573,-0.186777725815773,2.4295711517333984
209.9,209.9,rgbd,16767,17.667703492373015,46.224879204901974,362.72675,949.0198,20.40175437927246,17.779193878173828,2.6163489818573,-0.186777725815773,2.4295711517333984
209.9,209.9,rgbd,41185,22.522650152827907,101.27249514836826,406.67508,1828.6036,20.57089614868164,19.769439697265625,4.49647331237793,-1.4043233394622803,3.0921497344970703
211.9,211.9,rgbd,17003,17.916381134419897,46.875506716821626,362.72675,949.0198,20.40175437927246,17.779193878173828,2.6163489818573,-0.186777725815773,2.4295711517333984
211.9,211.9,rgbd,41401,22.637901761074303,101.79072255892069,406.72665,1828.8356,20.57089614868164,19.77194595336914,4.49647331237793,-1.4043233394622803,3.0921497344970703
214.0,214.0,rgbd,17196,18.119748867110776,47.40758769055253,362.72675,949.0198,20.40175437927246,17.779193878173828,2.6163489818573,-0.186777725815773,2.4295711517333984
214.0,214.0,rgbd,41601,22.74648057195357,102.27894618848212,406.7406,1828.8983,20.57089614868164,19.772624969482422,4.49647331237793,-1.4043233394622803,3.0921497344970703
216.0,216.0,rgbd,17345,18.276752971623424,47.81836522985774,362.72675,949.0198,20.40175437927246,17.779193878173828,2.6163489818573,-0.186777725815773,2.4295711517333984
216.0,216.0,rgbd,41751,22.82868609980196,102.64857878539006,406.73724,1828.8832,20.57089614868164,19.7724609375,4.49647331237793,-1.4043233394622803,3.0921497344970703
218.1,218.1,rgbd,17526,18.467476078447515,48.31736344874527,362.72675,949.0198,20.40175437927246,17.779193878173828,2.6163489818573,-0.186777725815773,2.4295711517333984
218.1,218.1,rgbd,41953,22.934234511921694,103.12317018876941,406.8242,1829.274,20.57089614868164,19.776687622070312,4.49647331237793,-1.4043233394622803,3.0921497344970703
220.2,220.2,rgbd,17618,18.564418210092906,48.570997902544455,362.72675,949.0198,20.40175437927246,17.779193878173828,2.6163489818573,-0.186777725815773,2.4295711517333984
220.3,220.3,rgbd,42022,22.971954393248954,103.29277662318471,406.8242,1829.274,20.57089614868164,19.776687622070312,4.49647331237793,-1.4043233394622803,3.0921497344970703
222.1,222.1,rgbd,17653,18.601298368871046,48.66748927083763,362.72675,949.0198,20.40175437927246,17.779193878173828,2.6163489818573,-0.186777725815773,2.4295711517333984
222.3,222.3,rgbd,42060,22.9937910084406,103.39096838621602,406.80536,1829.1895,20.57089614868164,19.775772094726562,4.49647331237793,-1.4043233394622803,3.0921497344970703
224.2,224.2,rgbd,17820,18.77726941218388,49.127890942407895,362.72675,949.0198,20.40175437927246,17.779193878173828,2.6163489818573,-0.186777725815773,2.4295711517333984
224.3,224.3,rgbd,42248,23.097103629227597,103.85551327546689,406.79593,1829.1471,20.57089614868164,19.775314331054688,4.49647331237793,-1.4043233394622803,3.0921497344970703
226.1,226.1,rgbd,17933,18.89633963909616,49.439420217182985,362.72675,949.0198,20.40175437927246,17.779193878173828,2.6163489818573,-0.186777725815773,2.4295711517333984
226.3,226.3,rgbd,42387,23.17309533071554,104.19720794374207,406.79593,1829.1471,20.57089614868164,19.775314331054688,4.49647331237793,-1.4043233394622803,3.0921497344970703
228.2,228.2,rgbd,18033,19.00171152131941,49.71510984087775,362.72675,949.0198,20.40175437927246,17.779193878173828,2.6163489818573,-0.186777725815773,2.4295711517333984
228.4,228.4,rgbd,42493,23.231045836886203,104.4577808562397,406.79593,1829.1471,20.57089614868164,19.775314331054688,4.49647331237793,-1.4043233394622803,3.0921497344970703
230.3,230.3,rgbd,18130,19.103922247075968,49.982528775861674,362.72675,949.0198,20.40175437927246,17.779193878173828,2.6163489818573,-0.186777725815773,2.4295711517333984
230.5,230.5,rgbd,42749,23.535063029245187,105.189730749285,406.399,1816.3962,20.555633544921875,19.770687103271484,4.469490051269531,-1.3569612503051758,3.1125288009643555
232.3,232.3,rgbd,18194,19.17136025169885,50.15897013502633,362.72675,949.0198,20.40175437927246,17.779193878173828,2.6163489818573,-0.186777725815773,2.4295711517333984
232.7,232.7,rgbd,42830,23.579656823377654,105.3890422698046,406.399,1816.3962,20.555633544921875,19.770687103271484,4.469490051269531,-1.3569612503051758,3.1125288009643555
234.3,234.3,rgbd,18242,19.221938755166015,50.29130115439982,362.72675,949.0198,20.40175437927246,17.779193878173828,2.6163489818573,-0.186777725815773,2.4295711517333984
234.8,234.8,rgbd,42877,23.60553223478785,105.50469216442708,406.399,1816.3962,20.555633544921875,19.770687103271484,4.469490051269531,-1.3569612503051758,3.1125288009643555
236.3,236.3,rgbd,18261,19.241959412788432,50.34368218290182,362.72675,949.0198,20.40175437927246,17.779193878173828,2.6163489818573,-0.186777725815773,2.4295711517333984
236.7,236.7,rgbd,42920,23.629205483524842,105.61049951482637,406.399,1816.3962,20.555633544921875,19.770687103271484,4.469490051269531,-1.3569612503051758,3.1125288009643555
238.3,238.3,rgbd,18298,19.280947009211037,50.44568734366889,362.72675,949.0198,20.40175437927246,17.779193878173828,2.6163489818573,-0.186777725815773,2.4295711517333984
238.9,238.9,rgbd,44532,42.02012785514358,110.9416129416321,401.40033,1059.7778,20.573060989379883,19.510967254638672,2.6402015686035156,-0.35433676838874817,2.28586483001709
240.5,240.5,rgbd,18430,19.420037893745732,50.80959764694599,362.72675,949.0198,20.40175437927246,17.779193878173828,2.6163489818573,-0.186777725815773,2.4295711517333984
240.8,240.8,rgbd,44363,40.66289951235406,111.07145649263148,399.40955,1090.9945,20.499074935913086,19.484272003173828,2.731518507003784,-0.37061429023742676,2.3609042167663574
242.5,242.5,rgbd,18702,20.520482472506853,51.4987797312871,363.15424,911.3821,20.47700309753418,17.7347354888916,2.5096280574798584,-0.4032811224460602,2.106346845626831
242.8,242.8,rgbd,44587,39.73396561304603,111.42219053073663,400.16266,1122.1382,20.527908325195312,19.49359130859375,2.8042051792144775,-0.4294835031032562,2.3747217655181885
244.4,244.4,rgbd,19025,18.95903680821439,52.43193075812569,362.8514,1003.47925,20.385231018066406,17.799720764160156,2.765537738800049,-0.27889251708984375,2.486645221710205
244.9,244.9,rgbd,44633,37.31621190684172,108.87661637987188,409.9411,1196.0753,20.840293884277344,19.67060089111328,2.9176759719848633,-0.5326534509658813,2.3850226402282715
246.5,246.5,rgbd,18827,17.990765417265706,52.07797914291421,361.51556,1046.4813,20.28546714782715,17.821407318115234,2.8947060108184814,-0.3109433650970459,2.5837626457214355
247.0,247.0,rgbd,44879,37.359680269571854,112.59936199606429,398.57242,1201.2683,20.472667694091797,19.46851348876953,3.013927459716797,-0.4372408092021942,2.5766866207122803
248.7,248.7,rgbd,18909,18.069123241890754,52.30480201908773,361.51556,1046.4813,20.28546714782715,17.821407318115234,2.8947060108184814,-0.3109433650970459,2.5837626457214355
249.1,249.1,rgbd,43946,37.081179216612604,104.62094231480386,420.04974,1185.1295,21.031843185424805,19.972084045410156,2.8214027881622314,-0.5575902462005615,2.26381254196167
250.8,250.8,rgbd,18988,18.144614316834396,52.52332649735247,361.51556,1046.4813,20.28546714782715,17.821407318115234,2.8947060108184814,-0.3109433650970459,2.5837626457214355
251.3,251.3,rgbd,43979,37.1090242745052,104.699504438692,420.04974,1185.1295,21.031843185424805,19.972084045410156,2.8214027881622314,-0.5575902462005615,2.26381254196167
252.8,252.8,rgbd,19051,18.204816060143887,52.69759285343701,361.51556,1046.4813,20.28546714782715,17.821407318115234,2.8947060108184814,-0.3109433650970459,2.5837626457214355
253.3,253.3,rgbd,43613,38.528756238262986,105.54575844184292,413.21414,1131.9597,20.798072814941406,19.867904663085938,2.7394022941589355,-0.51777184009552,2.221630573272705
254.9,254.9,rgbd,19132,18.2822183015418,52.92164959697427,361.51556,1046.4813,20.28546714782715,17.821407318115234,2.8947060108184814,-0.3109433650970459,2.5837626457214355
255.3,255.3,rgbd,43658,38.568510303122586,105.65466081338083,413.21414,1131.9597,20.798072814941406,19.867904663085938,2.7394022941589355,-0.51777184009552,2.221630573272705
256.9,256.9,rgbd,19216,18.36248729262112,53.154004738420326,361.51556,1046.4813,20.28546714782715,17.821407318115234,2.8947060108184814,-0.3109433650970459,2.5837626457214355
257.2,257.2,rgbd,43740,38.64095104353342,105.85310513484991,413.21414,1131.9597,20.798072814941406,19.867904663085938,2.7394022941589355,-0.51777184009552,2.221630573272705
259.0,259.0,rgbd,19301,18.44371186692757,53.389126012502636,361.51556,1046.4813,20.28546714782715,17.821407318115234,2.8947060108184814,-0.3109433650970459,2.5837626457214355
259.2,259.2,rgbd,43804,38.697490158000406,106.00798850770384,413.21414,1131.9597,20.798072814941406,19.867904663085938,2.7394022941589355,-0.51777184009552,2.221630573272705
261.1,261.1,rgbd,19487,18.80598771088888,54.56565686948746,357.1294,1036.2125,19.985050201416016,17.869827270507812,2.9015042781829834,-0.22362777590751648,2.6778764724731445
261.4,261.4,rgbd,43877,38.892472879767915,107.23461731663885,409.16824,1128.1617,20.67359733581543,19.791826248168945,2.7572073936462402,-0.48022857308387756,2.2769787311553955
263.2,263.2,rgbd,19746,19.412156872957414,55.65026313245452,354.82312,1017.19763,19.849124908447266,17.876008987426758,2.866773843765259,-0.20976242423057556,2.6570115089416504
263.5,263.5,rgbd,44235,36.5012121134591,107.3915143741639,411.90405,1211.8776,20.767337799072266,19.834224700927734,2.9421355724334717,-0.48615384101867676,2.455981731414795
265.2,265.2,rgbd,20048,19.123765590518392,56.77725338198411,353.09915,1048.3291,19.756254196166992,17.872777938842773,2.9689369201660156,-0.13438814878463745,2.8345487117767334
265.5,265.5,rgbd,44615,37.22207064641261,108.11360821316083,412.66776,1198.6168,20.7921199798584,19.847314834594727,2.9045565128326416,-0.4819376766681671,2.422618865966797
267.3,267.3,rgbd,20600,18.756625747546597,58.31761542039571,353.23804,1098.2786,19.750436782836914,17.885074615478516,3.1091742515563965,-0.28013861179351807,2.829035758972168
267.6,267.6,rgbd,44917,37.09109200062941,108.94993185078724,412.27194,1210.9916,20.776187896728516,19.843482971191406,2.937361001968384,-0.48559898138046265,2.4517619609832764
269.4,269.4,rgbd,20810,18.882642753340658,59.08663040606576,352.19473,1102.0703,19.709165573120117,17.869590759277344,3.129150629043579,-0.11485543847084045,3.0142951011657715
269.5,269.5,rgbd,45547,37.129388678314015,110.31426826232443,412.88403,1226.7102,20.799325942993164,19.85083770751953,2.9710769653320312,-0.5017789602279663,2.4692981243133545
271.5,271.5,rgbd,20998,18.719709444248135,59.6255977183494,352.16418,1121.7054,19.691234588623047,17.88431167602539,3.1851775646209717,-0.22849154472351074,2.956686019897461
271.5,271.5,rgbd,45493,37.38657170381679,109.88998091411025,413.9868,1216.8273,20.83971405029297,19.86528205871582,2.9392900466918945,-0.5029522776603699,2.43633770942688
273.4,273.4,rgbd,45519,37.40793874631342,109.95278485106246,413.9868,1216.8273,20.83971405029297,19.86528205871582,2.9392900466918945,-0.5029522776603699,2.43633770942688
273.6,273.6,rgbd,21036,18.75358643057452,59.73350193366977,352.16418,1121.7054,19.691234588623047,17.88431167602539,3.1851775646209717,-0.22849154472351074,2.956686019897461
275.6,275.6,rgbd,21135,18.841844894951155,60.01462081042549,352.16418,1121.7054,19.691234588623047,17.88431167602539,3.1851775646209717,-0.22849154472351074,2.956686019897461
275.7,275.7,rgbd,45606,37.47943615774445,110.1629364862487,413.9868,1216.8273,20.83971405029297,19.86528205871582,2.9392900466918945,-0.5029522776603699,2.43633770942688
277.5,277.5,rgbd,45681,37.54107185725397,110.34410168899547,413.9868,1216.8273,20.83971405029297,19.86528205871582,2.9392900466918945,-0.5029522776603699,2.43633770942688
277.9,277.9,rgbd,21226,18.922971362206443,60.27302301027166,352.16418,1121.7054,19.691234588623047,17.88431167602539,3.1851775646209717,-0.22849154472351074,2.956686019897461
279.6,279.6,rgbd,45675,38.59970514526769,110.0549643027634,415.0199,1183.2992,20.881908416748047,19.874614715576172,2.851186752319336,-0.48696720600128174,2.3642194271087646
280.0,280.0,rgbd,21256,17.07836371746582,61.05446550829282,348.14816,1244.6157,19.479751586914062,17.872310638427734,3.5749599933624268,-0.5133029818534851,3.061656951904297
281.6,281.6,rgbd,45828,38.7290046501878,110.42362132604359,415.0199,1183.2992,20.881908416748047,19.874614715576172,2.851186752319336,-0.48696720600128174,2.3642194271087646
281.9,281.9,rgbd,21424,17.213345139395358,61.53701867941595,348.14816,1244.6157,19.479751586914062,17.872310638427734,3.5749599933624268,-0.5133029818534851,3.061656951904297
283.8,283.8,rgbd,46039,38.90731965370507,110.93203068494634,415.0199,1183.2992,20.881908416748047,19.874614715576172,2.851186752319336,-0.48696720600128174,2.3642194271087646
284.1,284.1,rgbd,21618,17.36921654329018,62.09425269845099,348.14816,1244.6157,19.479751586914062,17.872310638427734,3.5749599933624268,-0.5133029818534851,3.061656951904297
285.9,285.9,rgbd,46217,39.05774652871017,111.36092578392591,415.0199,1183.2992,20.881908416748047,19.874614715576172,2.851186752319336,-0.48696720600128174,2.3642194271087646
286.0,286.0,rgbd,21773,17.493752974237076,62.53946544561816,348.14816,1244.6157,19.479751586914062,17.872310638427734,3.5749599933624268,-0.5133029818534851,3.061656951904297
287.9,287.9,rgbd,46408,39.21915963615945,111.82114468226915,415.0199,1183.2992,20.881908416748047,19.874614715576172,2.851186752319336,-0.48696720600128174,2.3642194271087646
288.2,288.2,rgbd,21976,17.656855525735267,63.12255052739194,348.14816,1244.6157,19.479751586914062,17.872310638427734,3.5749599933624268,-0.5133029818534851,3.061656951904297
289.9,289.9,rgbd,46610,39.38986878644613,112.30786833392013,415.0199,1183.2992,20.881908416748047,19.874614715576172,2.851186752319336,-0.48696720600128174,2.3642194271087646
290.3,290.3,rgbd,22145,17.792640408509623,63.60797603881937,348.14816,1244.6157,19.479751586914062,17.872310638427734,3.5749599933624268,-0.5133029818534851,3.061656951904297
291.9,291.9,rgbd,46698,39.46423712914528,112.51990636038194,415.0199,1183.2992,20.881908416748047,19.874614715576172,2.851186752319336,-0.48696720600128174,2.3642194271087646
292.2,292.2,rgbd,22275,17.89709031833605,63.981380278378936,348.14816,1244.6157,19.479751586914062,17.872310638427734,3.5749599933624268,-0.5133029818534851,3.061656951904297
294.0,294.0,rgbd,46957,39.68311668322573,113.1439728246275,415.0199,1183.2992,20.881908416748047,19.874614715576172,2.851186752319336,-0.48696720600128174,2.3642194271087646
294.3,294.3,rgbd,22531,18.102776294609633,64.71669939628084,348.14816,1244.6157,19.479751586914062,17.872310638427734,3.5749599933624268,-0.5133029818534851,3.061656951904297
296.1,296.1,rgbd,47133,39.83185336862402,113.5680488775511,415.0199,1183.2992,20.881908416748047,19.874614715576172,2.851186752319336,-0.48696720600128174,2.3642194271087646
296.5,296.5,rgbd,22764,18.289982671452385,65.38595468718376,348.14816,1244.6157,19.479751586914062,17.872310638427734,3.5749599933624268,-0.5133029818534851,3.061656951904297
298.2,298.2,rgbd,47319,39.98904100205631,114.01622016075449,415.0199,1183.2992,20.881908416748047,19.874614715576172,2.851186752319336,-0.48696720600128174,2.3642194271087646
298.5,298.5,rgbd,22973,18.457905988019487,65.98627381078336,348.14816,1244.6157,19.479751586914062,17.872310638427734,3.5749599933624268,-0.5133029818534851,3.061656951904297
300.2,300.2,rgbd,47526,40.163975626359985,114.51499142754533,415.0199,1183.2992,20.881908416748047,19.874614715576172,2.851186752319336,-0.48696720600128174,2.3642194271087646
300.6,300.6,rgbd,23244,18.67564387696535,66.76467803324982,348.14816,1244.6157,19.479751586914062,17.872310638427734,3.5749599933624268,-0.5133029818534851,3.061656951904297
302.2,302.2,rgbd,47725,40.33214949223647,114.99448651011238,415.0199,1183.2992,20.881908416748047,19.874614715576172,2.851186752319336,-0.48696720600128174,2.3642194271087646
302.5,302.5,rgbd,23425,18.821070289877532,67.2845716283289,348.14816,1244.6157,19.479751586914062,17.872310638427734,3.5749599933624268,-0.5133029818534851,3.061656951904297
304.2,304.2,rgbd,47779,40.37778461162003,115.12460075362303,415.0199,1183.2992,20.881908416748047,19.874614715576172,2.851186752319336,-0.48696720600128174,2.3642194271087646
304.5,304.5,rgbd,23505,18.885347157463027,67.51435885267325,348.14816,1244.6157,19.479751586914062,17.872310638427734,3.5749599933624268,-0.5133029818534851,3.061656951904297
306.3,306.3,rgbd,47800,40.39553160249142,115.17520073721052,415.0199,1183.2992,20.881908416748047,19.874614715576172,2.851186752319336,-0.48696720600128174,2.3642194271087646
306.7,306.7,rgbd,23571,18.93837557322106,67.70393331275734,348.14816,1244.6157,19.479751586914062,17.872310638427734,3.5749599933624268,-0.5133029818534851,3.061656951904297
308.3,308.3,rgbd,47836,40.4259550154138,115.26194356621761,415.0199,1183.2992,20.881908416748047,19.874614715576172,2.851186752319336,-0.48696720600128174,2.3642194271087646
308.6,308.6,rgbd,23647,18.99943859742728,67.92223117588448,348.14816,1244.6157,19.479751586914062,17.872310638427734,3.5749599933624268,-0.5133029818534851,3.061656951904297
310.3,310.3,rgbd,47716,33.06471765954706,115.58610690908763,412.81778,1443.1093,20.788837432861328,19.857666015625,3.495753526687622,-0.8240349292755127,2.6717185974121094
310.7,310.7,rgbd,24098,27.76880598777438,70.61032052431908,341.28156,867.8083,18.148130416870117,18.805328369140625,2.542792797088623,-0.34675997495651245,2.196032762527466
312.4,312.4,rgbd,47671,32.341759879259456,114.86871382876416,415.0042,1473.9767,20.884971618652344,19.870948791503906,3.5517148971557617,-0.8226007223129272,2.729114294052124
312.7,312.7,rgbd,23869,28.321749870818625,70.69594186322195,337.629,842.77985,18.08279037475586,18.671289443969727,2.496171474456787,-0.3174019753932953,2.178769588470459
314.5,314.5,rgbd,48064,31.800323769606038,114.86073918610516,418.45456,1511.4312,21.025245666503906,19.902481079101562,3.611936092376709,-0.8524705171585083,2.759465456008911
314.9,314.9,rgbd,24023,29.05567141453055,72.83964243893253,329.80667,826.7921,17.904878616333008,18.419933319091797,2.506899356842041,-0.29924434423446655,2.2076549530029297
316.6,316.6,rgbd,48125,31.840682868930813,115.00651367616743,418.45456,1511.4312,21.025245666503906,19.902481079101562,3.611936092376709,-0.8524705171585083,2.759465456008911
316.8,316.8,rgbd,24133,29.18871574103425,73.1731711684119,329.80667,826.7921,17.904878616333008,18.419933319091797,2.506899356842041,-0.29924434423446655,2.2076549530029297
318.5,318.5,rgbd,48191,31.884350091151063,115.16423689492332,418.45456,1511.4312,21.025245666503906,19.902481079101562,3.611936092376709,-0.8524705171585083,2.759465456008911
318.9,318.9,rgbd,24275,29.360463871611753,73.60372643737615,329.80667,826.7921,17.904878616333008,18.419933319091797,2.506899356842041,-0.29924434423446655,2.2076549530029297
320.5,320.5,rgbd,48256,31.927355688792215,115.31957036794047,418.45456,1511.4312,21.025245666503906,19.902481079101562,3.611936092376709,-0.8524705171585083,2.759465456008911
320.9,320.9,rgbd,24147,27.55124716704885,69.44503017758292,347.71387,876.43945,19.20658302307129,18.10388946533203,2.5205767154693604,-0.3285835385322571,2.191993236541748
322.5,322.5,rgbd,48306,31.96043691774695,115.43905765487675,418.45456,1511.4312,21.025245666503906,19.902481079101562,3.611936092376709,-0.8524705171585083,2.759465456008911
323.0,323.0,rgbd,24065,26.769124333073414,68.01431560890933,353.82257,898.98346,19.602264404296875,18.050086975097656,2.5407748222351074,-0.3675248622894287,2.1732499599456787
324.6,324.6,rgbd,48358,31.994841395859872,115.56332443329049,418.45456,1511.4312,21.025245666503906,19.902481079101562,3.611936092376709,-0.8524705171585083,2.759465456008911
325.0,325.0,rgbd,24165,26.015848850249675,66.78372955312163,361.83963,928.8569,19.3867130279541,18.664310455322266,2.567040205001831,-0.3893626034259796,2.177677631378174
326.6,326.6,rgbd,48397,32.02064475444456,115.65652451710078,418.45456,1511.4312,21.025245666503906,19.902481079101562,3.611936092376709,-0.8524705171585083,2.759465456008911
327.0,327.0,rgbd,24335,26.179614623748094,66.69141262293002,364.88956,929.54004,19.40093421936035,18.80783462524414,2.5474557876586914,-0.3751033544540405,2.1723523139953613
328.7,328.7,rgbd,48429,32.04181674097559,115.73299638073999,418.45456,1511.4312,21.025245666503906,19.902481079101562,3.611936092376709,-0.8524705171585083,2.759465456008911
329.1,329.1,rgbd,24345,26.19037263263396,66.7188181756824,364.88956,929.54004,19.40093421936035,18.80783462524414,2.5474557876586914,-0.3751033544540405,2.1723523139953613
330.7,330.7,rgbd,48638,32.18009627800638,116.23245324013364,418.45456,1511.4312,21.025245666503906,19.902481079101562,3.611936092376709,-0.8524705171585083,2.759465456008911
331.1,331.1,rgbd,24552,26.413063416571326,67.28611311765678,364.88956,929.54004,19.40093421936035,18.80783462524414,2.5474557876586914,-0.3751033544540405,2.1723523139953613
332.7,332.7,rgbd,48715,32.231041370596664,116.4164636620155,418.45456,1511.4312,21.025245666503906,19.902481079101562,3.611936092376709,-0.8524705171585083,2.759465456008911
333.2,333.2,rgbd,24571,26.433503633454468,67.33818366788631,364.88956,929.54004,19.40093421936035,18.80783462524414,2.5474557876586914,-0.3751033544540405,2.1723523139953613
334.7,334.7,rgbd,48527,32.61084806311424,116.00581235444857,418.31525,1488.0631,21.021095275878906,19.899784088134766,3.557276725769043,-0.8277877569198608,2.7294888496398926
335.3,335.3,rgbd,24614,26.479763071663676,67.45602754472158,364.88956,929.54004,19.40093421936035,18.80783462524414,2.5474557876586914,-0.3751033544540405,2.1723523139953613
336.9,336.9,rgbd,48574,32.64243274502258,116.11816780977568,418.31525,1191.6,191.6,rgbd,39973,23.269872803314218,96.72437264509298,413.2671,1717.8005,20.801185607910156,19.867477416992188,4.156635284423828,-1.2404661178588867,2.9161694049835205
193.4,193.4,rgbd,15117,14.280537394911226,41.44233565796799,364.7719,1058.5736,20.615419387817383,17.694129943847656,2.902015209197998,-0.7246228456497192,2.1773922443389893
193.6,193.6,rgbd,39993,23.281515598602695,96.77276749794122,413.2671,1717.8005,20.801185607910156,19.867477416992188,4.156635284423828,-1.2404661178588867,2.9161694049835205
195.4,195.4,rgbd,15211,14.369336132433332,41.70003093823848,364.7719,1058.5736,20.615419387817383,17.694129943847656,2.902015209197998,-0.7246228456497192,2.1773922443389893
195.7,195.7,rgbd,40074,23.328668919521025,96.9687666519765,413.2671,1717.8005,20.801185607910156,19.867477416992188,4.156635284423828,-1.2404661178588867,2.9161694049835205
197.4,197.4,rgbd,15403,14.446898209900219,42.221346626432236,364.81546,1066.1804,20.61124610900879,17.699825286865234,2.9225196838378906,-0.7331100702285767,2.1894097328186035
197.7,197.7,rgbd,40288,23.551950236800934,97.55504323908028,412.9771,1710.6014,20.792438507080078,19.861888885498047,4.1421217918396,-1.2396146059036255,2.9025070667266846
199.4,199.4,rgbd,15381,14.299244359935926,42.13304339822626,365.0579,1075.6512,20.624025344848633,17.700613021850586,2.9465224742889404,-0.7557688355445862,2.190753698348999
199.7,199.7,rgbd,40097,24.145529475552397,97.24400709714058,412.3339,1660.6387,20.77569580078125,19.846935272216797,4.027412414550781,-1.1938413381576538,2.833570957183838
201.4,201.4,rgbd,15770,15.194561622687287,43.27277839982669,364.43234,1037.8713,20.547658920288086,17.73595428466797,2.847912311553955,-0.6880518198013306,2.159860372543335
201.7,201.7,rgbd,40146,22.34676415793444,97.40944471015061,412.13663,1796.5017,20.769699096679688,19.843168258666992,4.35899543762207,-1.3449060916900635,3.014089345932007
203.6,203.6,rgbd,16185,17.08042105783877,44.46244795354142,364.01505,947.5762,20.52387046813965,17.73617935180664,2.603123664855957,-0.41047728061676025,2.1926465034484863
203.7,203.7,rgbd,40636,23.25940795537303,99.5927054927203,408.02185,1747.078,20.651329040527344,19.75765609741211,4.281824588775635,-1.2402653694152832,3.0415592193603516
205.9,205.9,rgbd,16459,17.343158095125393,45.37575516392208,362.72675,949.0198,20.40175437927246,17.779193878173828,2.6163489818573,-0.186777725815773,2.4295711517333984
205.9,205.9,rgbd,40917,22.47064293839305,101.0386439762421,404.96387,1820.9092,20.57089614868164,19.68625259399414,4.49647331237793,-1.4043233394622803,3.0921497344970703
207.8,207.8,rgbd,41017,22.525560559280194,101.28557958729921,404.96387,1820.9092,20.57089614868164,19.68625259399414,4.49647331237793,-1.4043233394622803,3.0921497344970703
207.9,207.9,rgbd,16602,17.493839886704645,45.7699913258056,362.72675,949.0198,20.40175437927246,17.779193878173828,2.6163489818573,-0.186777725815773,2.4295711517333984
209.9,209.9,rgbd,16767,17.667703492373015,46.224879204901974,362.72675,949.0198,20.40175437927246,17.779193878173828,2.6163489818573,-0.186777725815773,2.4295711517333984
209.9,209.9,rgbd,41185,22.522650152827907,101.27249514836826,406.67508,1828.6036,20.57089614868164,19.769439697265625,4.49647331237793,-1.4043233394622803,3.0921497344970703
211.9,211.9,rgbd,17003,17.916381134419897,46.875506716821626,362.72675,949.0198,20.40175437927246,17.779193878173828,2.6163489818573,-0.186777725815773,2.4295711517333984
211.9,211.9,rgbd,41401,22.637901761074303,101.79072255892069,406.72665,1828.8356,20.57089614868164,19.77194595336914,4.49647331237793,-1.4043233394622803,3.0921497344970703
214.0,214.0,rgbd,17196,18.119748867110776,47.40758769055253,362.72675,949.0198,20.40175437927246,17.779193878173828,2.6163489818573,-0.186777725815773,2.4295711517333984
214.0,214.0,rgbd,41601,22.74648057195357,102.27894618848212,406.7406,1828.8983,20.57089614868164,19.772624969482422,4.49647331237793,-1.4043233394622803,3.0921497344970703
216.0,216.0,rgbd,17345,18.276752971623424,47.81836522985774,362.72675,949.0198,20.40175437927246,17.779193878173828,2.6163489818573,-0.186777725815773,2.4295711517333984
216.0,216.0,rgbd,41751,22.82868609980196,102.64857878539006,406.73724,1828.8832,20.57089614868164,19.7724609375,4.49647331237793,-1.4043233394622803,3.0921497344970703
218.1,218.1,rgbd,17526,18.467476078447515,48.31736344874527,362.72675,949.0198,20.40175437927246,17.779193878173828,2.6163489818573,-0.186777725815773,2.4295711517333984
218.1,218.1,rgbd,41953,22.934234511921694,103.12317018876941,406.8242,1829.274,20.57089614868164,19.776687622070312,4.49647331237793,-1.4043233394622803,3.0921497344970703
220.2,220.2,rgbd,17618,18.564418210092906,48.570997902544455,362.72675,949.0198,20.40175437927246,17.779193878173828,2.6163489818573,-0.186777725815773,2.4295711517333984
220.3,220.3,rgbd,42022,22.971954393248954,103.29277662318471,406.8242,1829.274,20.57089614868164,19.776687622070312,4.49647331237793,-1.4043233394622803,3.0921497344970703
222.1,222.1,rgbd,17653,18.601298368871046,48.66748927083763,362.72675,949.0198,20.40175437927246,17.779193878173828,2.6163489818573,-0.186777725815773,2.4295711517333984
222.3,222.3,rgbd,42060,22.9937910084406,103.39096838621602,406.80536,1829.1895,20.57089614868164,19.775772094726562,4.49647331237793,-1.4043233394622803,3.0921497344970703
224.2,224.2,rgbd,17820,18.77726941218388,49.127890942407895,362.72675,949.0198,20.40175437927246,17.779193878173828,2.6163489818573,-0.186777725815773,2.4295711517333984
224.3,224.3,rgbd,42248,23.097103629227597,103.85551327546689,406.79593,1829.1471,20.57089614868164,19.775314331054688,4.49647331237793,-1.4043233394622803,3.0921497344970703
226.1,226.1,rgbd,17933,18.89633963909616,49.439420217182985,362.72675,949.0198,20.40175437927246,17.779193878173828,2.6163489818573,-0.186777725815773,2.4295711517333984
226.3,226.3,rgbd,42387,23.17309533071554,104.19720794374207,406.79593,1829.1471,20.57089614868164,19.775314331054688,4.49647331237793,-1.4043233394622803,3.0921497344970703
228.2,228.2,rgbd,18033,19.00171152131941,49.71510984087775,362.72675,949.0198,20.40175437927246,17.779193878173828,2.6163489818573,-0.186777725815773,2.4295711517333984
228.4,228.4,rgbd,42493,23.231045836886203,104.4577808562397,406.79593,1829.1471,20.57089614868164,19.775314331054688,4.49647331237793,-1.4043233394622803,3.0921497344970703
230.3,230.3,rgbd,18130,19.103922247075968,49.982528775861674,362.72675,949.0198,20.40175437927246,17.779193878173828,2.6163489818573,-0.186777725815773,2.4295711517333984
230.5,230.5,rgbd,42749,23.535063029245187,105.189730749285,406.399,1816.3962,20.555633544921875,19.770687103271484,4.469490051269531,-1.3569612503051758,3.1125288009643555
232.3,232.3,rgbd,18194,19.17136025169885,50.15897013502633,362.72675,949.0198,20.40175437927246,17.779193878173828,2.6163489818573,-0.186777725815773,2.4295711517333984
232.7,232.7,rgbd,42830,23.579656823377654,105.3890422698046,406.399,1816.3962,20.555633544921875,19.770687103271484,4.469490051269531,-1.3569612503051758,3.1125288009643555
234.3,234.3,rgbd,18242,19.221938755166015,50.29130115439982,362.72675,949.0198,20.40175437927246,17.779193878173828,2.6163489818573,-0.186777725815773,2.4295711517333984
234.8,234.8,rgbd,42877,23.60553223478785,105.50469216442708,406.399,1816.3962,20.555633544921875,19.770687103271484,4.469490051269531,-1.3569612503051758,3.1125288009643555
236.3,236.3,rgbd,18261,19.241959412788432,50.34368218290182,362.72675,949.0198,20.40175437927246,17.779193878173828,2.6163489818573,-0.186777725815773,2.4295711517333984
236.7,236.7,rgbd,42920,23.629205483524842,105.61049951482637,406.399,1816.3962,20.555633544921875,19.770687103271484,4.469490051269531,-1.3569612503051758,3.1125288009643555
238.3,238.3,rgbd,18298,19.280947009211037,50.44568734366889,362.72675,949.0198,20.40175437927246,17.779193878173828,2.6163489818573,-0.186777725815773,2.4295711517333984
238.9,238.9,rgbd,44532,42.02012785514358,110.9416129416321,401.40033,1059.7778,20.573060989379883,19.510967254638672,2.6402015686035156,-0.35433676838874817,2.28586483001709
240.5,240.5,rgbd,18430,19.420037893745732,50.80959764694599,362.72675,949.0198,20.40175437927246,17.779193878173828,2.6163489818573,-0.186777725815773,2.4295711517333984
240.8,240.8,rgbd,44363,40.66289951235406,111.07145649263148,399.40955,1090.9945,20.499074935913086,19.484272003173828,2.731518507003784,-0.37061429023742676,2.3609042167663574
242.5,242.5,rgbd,18702,20.520482472506853,51.4987797312871,363.15424,911.3821,20.47700309753418,17.7347354888916,2.5096280574798584,-0.4032811224460602,2.106346845626831
242.8,242.8,rgbd,44587,39.73396561304603,111.42219053073663,400.16266,1122.1382,20.527908325195312,19.49359130859375,2.8042051792144775,-0.4294835031032562,2.3747217655181885
244.4,244.4,rgbd,19025,18.95903680821439,52.43193075812569,362.8514,1003.47925,20.385231018066406,17.799720764160156,2.765537738800049,-0.27889251708984375,2.486645221710205
244.9,244.9,rgbd,44633,37.31621190684172,108.87661637987188,409.9411,1196.0753,20.840293884277344,19.67060089111328,2.9176759719848633,-0.5326534509658813,2.3850226402282715
246.5,246.5,rgbd,18827,17.990765417265706,52.07797914291421,361.51556,1046.4813,20.28546714782715,17.821407318115234,2.8947060108184814,-0.3109433650970459,2.5837626457214355
247.0,247.0,rgbd,44879,37.359680269571854,112.59936199606429,398.57242,1201.2683,20.472667694091797,19.46851348876953,3.013927459716797,-0.4372408092021942,2.5766866207122803
248.7,248.7,rgbd,18909,18.069123241890754,52.30480201908773,361.51556,1046.4813,20.28546714782715,17.821407318115234,2.8947060108184814,-0.3109433650970459,2.5837626457214355
249.1,249.1,rgbd,43946,37.081179216612604,104.62094231480386,420.04974,1185.1295,21.031843185424805,19.972084045410156,2.8214027881622314,-0.5575902462005615,2.26381254196167
250.8,250.8,rgbd,18988,18.144614316834396,52.52332649735247,361.51556,1046.4813,20.28546714782715,17.821407318115234,2.8947060108184814,-0.3109433650970459,2.5837626457214355
251.3,251.3,rgbd,43979,37.1090242745052,104.699504438692,420.04974,1185.1295,21.031843185424805,19.972084045410156,2.8214027881622314,-0.5575902462005615,2.26381254196167
252.8,252.8,rgbd,19051,18.204816060143887,52.69759285343701,361.51556,1046.4813,20.28546714782715,17.821407318115234,2.8947060108184814,-0.3109433650970459,2.5837626457214355
253.3,253.3,rgbd,43613,38.528756238262986,105.54575844184292,413.21414,1131.9597,20.798072814941406,19.867904663085938,2.7394022941589355,-0.51777184009552,2.221630573272705
254.9,254.9,rgbd,19132,18.2822183015418,52.92164959697427,361.51556,1046.4813,20.28546714782715,17.821407318115234,2.8947060108184814,-0.3109433650970459,2.5837626457214355
255.3,255.3,rgbd,43658,38.568510303122586,105.65466081338083,413.21414,1131.9597,20.798072814941406,19.867904663085938,2.7394022941589355,-0.51777184009552,2.221630573272705
256.9,256.9,rgbd,19216,18.36248729262112,53.154004738420326,361.51556,1046.4813,20.28546714782715,17.821407318115234,2.8947060108184814,-0.3109433650970459,2.5837626457214355
257.2,257.2,rgbd,43740,38.64095104353342,105.85310513484991,413.21414,1131.9597,20.798072814941406,19.867904663085938,2.7394022941589355,-0.51777184009552,2.221630573272705
259.0,259.0,rgbd,19301,18.44371186692757,53.389126012502636,361.51556,1046.4813,20.28546714782715,17.821407318115234,2.8947060108184814,-0.3109433650970459,2.5837626457214355
259.3,259.3,rgbd,43804,38.697490158000406,106.00798850770384,413.21414,1131.9597,20.798072814941406,19.867904663085938,2.7394022941589355,-0.51777184009552,2.221630573272705
261.1,261.1,rgbd,19487,18.80598771088888,54.56565686948746,357.1294,1036.2125,19.985050201416016,17.869827270507812,2.9015042781829834,-0.22362777590751648,2.6778764724731445
261.4,261.4,rgbd,43877,38.892472879767915,107.23461731663885,409.16824,1128.1617,20.67359733581543,19.791826248168945,2.7572073936462402,-0.48022857308387756,2.2769787311553955
263.2,263.2,rgbd,19746,19.412156872957414,55.65026313245452,354.82312,1017.19763,19.849124908447266,17.876008987426758,2.866773843765259,-0.20976242423057556,2.6570115089416504
263.5,263.5,rgbd,44235,36.5012121134591,107.3915143741639,411.90405,1211.8776,20.767337799072266,19.834224700927734,2.9421355724334717,-0.48615384101867676,2.455981731414795
265.3,265.3,rgbd,20048,19.123765590518392,56.77725338198411,353.09915,1048.3291,19.756254196166992,17.872777938842773,2.9689369201660156,-0.13438814878463745,2.8345487117767334
265.5,265.5,rgbd,44615,37.22207064641261,108.11360821316083,412.66776,1198.6168,20.7921199798584,19.847314834594727,2.9045565128326416,-0.4819376766681671,2.422618865966797
267.3,267.3,rgbd,20600,18.756625747546597,58.31761542039571,353.23804,1098.2786,19.750436782836914,17.885074615478516,3.1091742515563965,-0.28013861179351807,2.829035758972168
267.6,267.6,rgbd,44917,37.09109200062941,108.94993185078724,412.27194,1210.9916,20.776187896728516,19.843482971191406,2.937361001968384,-0.48559898138046265,2.4517619609832764
269.4,269.4,rgbd,20810,18.882642753340658,59.08663040606576,352.19473,1102.0703,19.709165573120117,17.869590759277344,3.129150629043579,-0.11485543847084045,3.0142951011657715
269.5,269.5,rgbd,45547,37.129388678314015,110.31426826232443,412.88403,1226.7102,20.799325942993164,19.85083770751953,2.9710769653320312,-0.5017789602279663,2.4692981243133545
271.5,271.5,rgbd,20998,18.719709444248135,59.6255977183494,352.16418,1121.7054,19.691234588623047,17.88431167602539,3.1851775646209717,-0.22849154472351074,2.956686019897461
271.5,271.5,rgbd,45493,37.38657170381679,109.88998091411025,413.9868,1216.8273,20.83971405029297,19.86528205871582,2.9392900466918945,-0.5029522776603699,2.43633770942688
273.4,273.4,rgbd,45519,37.40793874631342,109.95278485106246,413.9868,1216.8273,20.83971405029297,19.86528205871582,2.9392900466918945,-0.5029522776603699,2.43633770942688
273.6,273.6,rgbd,21036,18.75358643057452,59.73350193366977,352.16418,1121.7054,19.691234588623047,17.88431167602539,3.1851775646209717,-0.22849154472351074,2.956686019897461
275.6,275.6,rgbd,21135,18.841844894951155,60.01462081042549,352.16418,1121.7054,19.691234588623047,17.88431167602539,3.1851775646209717,-0.22849154472351074,2.956686019897461
275.7,275.7,rgbd,45606,37.47943615774445,110.1629364862487,413.9868,1216.8273,20.83971405029297,19.86528205871582,2.9392900466918945,-0.5029522776603699,2.43633770942688
277.5,277.5,rgbd,45681,37.54107185725397,110.34410168899547,413.9868,1216.8273,20.83971405029297,19.86528205871582,2.9392900466918945,-0.5029522776603699,2.43633770942688
277.9,277.9,rgbd,21226,18.922971362206443,60.27302301027166,352.16418,1121.7054,19.691234588623047,17.88431167602539,3.1851775646209717,-0.22849154472351074,2.956686019897461
279.6,279.6,rgbd,45675,38.59970514526769,110.0549643027634,415.0199,1183.2992,20.881908416748047,19.874614715576172,2.851186752319336,-0.48696720600128174,2.3642194271087646
280.0,280.0,rgbd,21256,17.07836371746582,61.05446550829282,348.14816,1244.6157,19.479751586914062,17.872310638427734,3.5749599933624268,-0.5133029818534851,3.061656951904297
281.6,281.6,rgbd,45828,38.7290046501878,110.42362132604359,415.0199,1183.2992,20.881908416748047,19.874614715576172,2.851186752319336,-0.48696720600128174,2.3642194271087646
281.9,281.9,rgbd,21424,17.213345139395358,61.53701867941595,348.14816,1244.6157,19.479751586914062,17.872310638427734,3.5749599933624268,-0.5133029818534851,3.061656951904297
283.8,283.8,rgbd,46039,38.90731965370507,110.93203068494634,415.0199,1183.2992,20.881908416748047,19.874614715576172,2.851186752319336,-0.48696720600128174,2.3642194271087646
284.1,284.1,rgbd,21618,17.36921654329018,62.09425269845099,348.14816,1244.6157,19.479751586914062,17.872310638427734,3.5749599933624268,-0.5133029818534851,3.061656951904297
285.9,285.9,rgbd,46217,39.05774652871017,111.36092578392591,415.0199,1183.2992,20.881908416748047,19.874614715576172,2.851186752319336,-0.48696720600128174,2.3642194271087646
286.0,286.0,rgbd,21773,17.493752974237076,62.53946544561816,348.14816,1244.6157,19.479751586914062,17.872310638427734,3.5749599933624268,-0.5133029818534851,3.061656951904297
287.9,287.9,rgbd,46408,39.21915963615945,111.82114468226915,415.0199,1183.2992,20.881908416748047,19.874614715576172,2.851186752319336,-0.48696720600128174,2.3642194271087646
288.2,288.2,rgbd,21976,17.656855525735267,63.12255052739194,348.14816,1244.6157,19.479751586914062,17.872310638427734,3.5749599933624268,-0.5133029818534851,3.061656951904297
289.9,289.9,rgbd,46610,39.38986878644613,112.30786833392013,415.0199,1183.2992,20.881908416748047,19.874614715576172,2.851186752319336,-0.48696720600128174,2.3642194271087646
290.3,290.3,rgbd,22145,17.792640408509623,63.60797603881937,348.14816,1244.6157,19.479751586914062,17.872310638427734,3.5749599933624268,-0.5133029818534851,3.061656951904297
291.9,291.9,rgbd,46698,39.46423712914528,112.51990636038194,415.0199,1183.2992,20.881908416748047,19.874614715576172,2.851186752319336,-0.48696720600128174,2.3642194271087646
292.2,292.2,rgbd,22275,17.89709031833605,63.981380278378936,348.14816,1244.6157,19.479751586914062,17.872310638427734,3.5749599933624268,-0.5133029818534851,3.061656951904297
294.0,294.0,rgbd,46957,39.68311668322573,113.1439728246275,415.0199,1183.2992,20.881908416748047,19.874614715576172,2.851186752319336,-0.48696720600128174,2.3642194271087646
294.3,294.3,rgbd,22531,18.102776294609633,64.71669939628084,348.14816,1244.6157,19.479751586914062,17.872310638427734,3.5749599933624268,-0.5133029818534851,3.061656951904297
296.1,296.1,rgbd,47133,39.83185336862402,113.5680488775511,415.0199,1183.2992,20.881908416748047,19.874614715576172,2.851186752319336,-0.48696720600128174,2.3642194271087646
296.5,296.5,rgbd,22764,18.289982671452385,65.38595468718376,348.14816,1244.6157,19.479751586914062,17.872310638427734,3.5749599933624268,-0.5133029818534851,3.061656951904297
298.2,298.2,rgbd,47319,39.98904100205631,114.01622016075449,415.0199,1183.2992,20.881908416748047,19.874614715576172,2.851186752319336,-0.48696720600128174,2.3642194271087646
298.5,298.5,rgbd,22973,18.457905988019487,65.98627381078336,348.14816,1244.6157,19.479751586914062,17.872310638427734,3.5749599933624268,-0.5133029818534851,3.061656951904297
300.2,300.2,rgbd,47526,40.163975626359985,114.51499142754533,415.0199,1183.2992,20.881908416748047,19.874614715576172,2.851186752319336,-0.48696720600128174,2.3642194271087646
300.6,300.6,rgbd,23244,18.67564387696535,66.76467803324982,348.14816,1244.6157,19.479751586914062,17.872310638427734,3.5749599933624268,-0.5133029818534851,3.061656951904297
302.2,302.2,rgbd,47725,40.33214949223647,114.99448651011238,415.0199,1183.2992,20.881908416748047,19.874614715576172,2.851186752319336,-0.48696720600128174,2.3642194271087646
302.5,302.5,rgbd,23425,18.821070289877532,67.2845716283289,348.14816,1244.6157,19.479751586914062,17.872310638427734,3.5749599933624268,-0.5133029818534851,3.061656951904297
304.2,304.2,rgbd,47779,40.37778461162003,115.12460075362303,415.0199,1183.2992,20.881908416748047,19.874614715576172,2.851186752319336,-0.48696720600128174,2.3642194271087646
304.5,304.5,rgbd,23505,18.885347157463027,67.51435885267325,348.14816,1244.6157,19.479751586914062,17.872310638427734,3.5749599933624268,-0.5133029818534851,3.061656951904297
306.3,306.3,rgbd,47800,40.39553160249142,115.17520073721052,415.0199,1183.2992,20.881908416748047,19.874614715576172,2.851186752319336,-0.48696720600128174,2.3642194271087646
306.7,306.7,rgbd,23571,18.93837557322106,67.70393331275734,348.14816,1244.6157,19.479751586914062,17.872310638427734,3.5749599933624268,-0.5133029818534851,3.061656951904297
308.3,308.3,rgbd,47836,40.4259550154138,115.26194356621761,415.0199,1183.2992,20.881908416748047,19.874614715576172,2.851186752319336,-0.48696720600128174,2.3642194271087646
308.6,308.6,rgbd,23647,18.99943859742728,67.92223117588448,348.14816,1244.6157,19.479751586914062,17.872310638427734,3.5749599933624268,-0.5133029818534851,3.061656951904297
310.3,310.3,rgbd,47716,33.06471765954706,115.58610690908763,412.81778,1443.1093,20.788837432861328,19.857666015625,3.495753526687622,-0.8240349292755127,2.6717185974121094
310.7,310.7,rgbd,24098,27.76880598777438,70.61032052431908,341.28156,867.8083,18.148130416870117,18.805328369140625,2.542792797088623,-0.34675997495651245,2.196032762527466
312.4,312.4,rgbd,47671,32.341759879259456,114.86871382876416,415.0042,1473.9767,20.884971618652344,19.870948791503906,3.5517148971557617,-0.8226007223129272,2.729114294052124
312.7,312.7,rgbd,23869,28.321749870818625,70.69594186322195,337.629,842.77985,18.08279037475586,18.671289443969727,2.496171474456787,-0.3174019753932953,2.178769588470459
314.5,314.5,rgbd,48064,31.800323769606038,114.86073918610516,418.45456,1511.4312,21.025245666503906,19.902481079101562,3.611936092376709,-0.8524705171585083,2.759465456008911
314.9,314.9,rgbd,24023,29.05567141453055,72.83964243893253,329.80667,826.7921,17.904878616333008,18.419933319091797,2.506899356842041,-0.29924434423446655,2.2076549530029297
316.6,316.6,rgbd,48125,31.840682868930813,115.00651367616743,418.45456,1511.4312,21.025245666503906,19.902481079101562,3.611936092376709,-0.8524705171585083,2.759465456008911
316.8,316.8,rgbd,24133,29.18871574103425,73.1731711684119,329.80667,826.7921,17.904878616333008,18.419933319091797,2.506899356842041,-0.29924434423446655,2.2076549530029297
318.5,318.5,rgbd,48191,31.884350091151063,115.16423689492332,418.45456,1511.4312,21.025245666503906,19.902481079101562,3.611936092376709,-0.8524705171585083,2.759465456008911
318.9,318.9,rgbd,24275,29.360463871611753,73.60372643737615,329.80667,826.7921,17.904878616333008,18.419933319091797,2.506899356842041,-0.29924434423446655,2.2076549530029297
320.5,320.5,rgbd,48256,31.927355688792215,115.31957036794047,418.45456,1511.4312,21.025245666503906,19.902481079101562,3.611936092376709,-0.8524705171585083,2.759465456008911
320.9,320.9,rgbd,24147,27.55124716704885,69.44503017758292,347.71387,876.43945,19.20658302307129,18.10388946533203,2.5205767154693604,-0.3285835385322571,2.191993236541748
322.5,322.5,rgbd,48306,31.96043691774695,115.43905765487675,418.45456,1511.4312,21.025245666503906,19.902481079101562,3.611936092376709,-0.8524705171585083,2.759465456008911
323.0,323.0,rgbd,24065,26.769124333073414,68.01431560890933,353.82257,898.98346,19.602264404296875,18.050086975097656,2.5407748222351074,-0.3675248622894287,2.1732499599456787
324.6,324.6,rgbd,48358,31.994841395859872,115.56332443329049,418.45456,1511.4312,21.025245666503906,19.902481079101562,3.611936092376709,-0.8524705171585083,2.759465456008911
325.0,325.0,rgbd,24165,26.015848850249675,66.78372955312163,361.83963,928.8569,19.3867130279541,18.664310455322266,2.567040205001831,-0.3893626034259796,2.177677631378174
326.6,326.6,rgbd,48397,32.02064475444456,115.65652451710078,418.45456,1511.4312,21.025245666503906,19.902481079101562,3.611936092376709,-0.8524705171585083,2.759465456008911
327.0,327.0,rgbd,24335,26.179614623748094,66.69141262293002,364.88956,929.54004,19.40093421936035,18.80783462524414,2.5474557876586914,-0.3751033544540405,2.1723523139953613
328.7,328.7,rgbd,48429,32.04181674097559,115.73299638073999,418.45456,1511.4312,21.025245666503906,19.902481079101562,3.611936092376709,-0.8524705171585083,2.759465456008911
329.1,329.1,rgbd,24345,26.19037263263396,66.7188181756824,364.88956,929.54004,19.40093421936035,18.80783462524414,2.5474557876586914,-0.3751033544540405,2.1723523139953613
330.7,330.7,rgbd,48638,32.18009627800638,116.23245324013364,418.45456,1511.4312,21.025245666503906,19.902481079101562,3.611936092376709,-0.8524705171585083,2.759465456008911
331.1,331.1,rgbd,24552,26.413063416571326,67.28611311765678,364.88956,929.54004,19.40093421936035,18.80783462524414,2.5474557876586914,-0.3751033544540405,2.1723523139953613
332.7,332.7,rgbd,48715,32.231041370596664,116.4164636620155,418.45456,1511.4312,21.025245666503906,19.902481079101562,3.611936092376709,-0.8524705171585083,2.759465456008911
333.2,333.2,rgbd,24571,26.433503633454468,67.33818366788631,364.88956,929.54004,19.40093421936035,18.80783462524414,2.5474557876586914,-0.3751033544540405,2.1723523139953613
334.7,334.7,rgbd,48527,32.61084806311424,116.00581235444857,418.31525,1488.0631,21.021095275878906,19.899784088134766,3.557276725769043,-0.8277877569198608,2.7294888496398926
335.3,335.3,rgbd,24614,26.479763071663676,67.45602754472158,364.88956,929.54004,19.40093421936035,18.80783462524414,2.5474557876586914,-0.3751033544540405,2.1723523139953613
336.9,336.9,rgbd,48574,32.64243274502258,116.11816780977568,418.31525,1488.0631,21.021095275878906,19.899784088134766,3.557276725769043,-0.8277877569198608,2.7294888496398926
337.3,337.3,rgbd,24686,26.55722073564189,67.65334752453875,364.88956,929.54004,19.40093421936035,18.80783462524414,2.5474557876586914,-0.3751033544540405,2.1723523139953613
338.8,338.8,rgbd,48234,32.206823772768374,115.28924341939941,418.3738,1497.6329,21.026254653930664,19.897686004638672,3.5796525478363037,-0.8957459926605225,2.6839065551757812
339.3,339.3,rgbd,24785,26.588931789740776,67.81798418756146,365.46353,932.1548,19.41026496887207,18.8283634185791,2.550609588623047,-0.3840223550796509,2.1665871143341064
340.9,340.9,rgbd,48260,32.22418450208985,115.35138880085034,418.3738,1497.6329,21.026254653930664,19.897686004638672,3.5796525478363037,-0.8957459926605225,2.6839065551757812
341.2,341.2,rgbd,24689,26.255474626431663,67.5043749682925,365.73926,940.3372,19.41979217529297,18.833324432373047,2.571058988571167,-0.41276097297668457,2.1582980155944824
342.8,342.8,rgbd,48278,32.236203468543174,115.39441252647022,418.3738,1497.6329,21.026254653930664,19.897686004638672,3.5796525478363037,-0.8957459926605225,2.6839065551757812
343.3,343.3,rgbd,25176,25.724796709888956,72.4139440573436,347.66785,978.6666,18.871484756469727,18.42292022705078,2.8149471282958984,-0.501164972782135,2.313782215118408
344.8,344.8,rgbd,48313,32.25957368109131,115.4780697707311,418.3738,1497.6329,21.026254653930664,19.897686004638672,3.5796525478363037,-0.8957459926605225,2.6839065551757812
345.3,345.3,rgbd,25272,25.822889357019132,72.6900696781533,347.66785,978.6666,18.871484756469727,18.42292022705078,2.8149471282958984,-0.501164972782135,2.313782215118408
347.0,347.0,rgbd,48340,32.27760213077131,115.54260535916092,418.3738,1497.6329,21.026254653930664,19.897686004638672,3.5796525478363037,-0.8957459926605225,2.6839065551757812
347.4,347.4,rgbd,25310,25.861717696508162,72.79936940305713,347.66785,978.6666,18.871484756469727,18.42292022705078,2.8149471282958984,-0.501164972782135,2.313782215118408
348.9,348.9,rgbd,48364,32.29362741937574,115.59997032665409,418.3738,1497.6329,21.026254653930664,19.897686004638672,3.5796525478363037,-0.8957459926605225,2.6839065551757812
349.3,349.3,rgbd,25348,25.90054603599719,72.90866912796098,347.66785,978.6666,18.871484756469727,18.42292022705078,2.8149471282958984,-0.501164972782135,2.313782215118408
350.8,350.8,rgbd,48406,32.32167167443351,115.70035901976713,418.3738,1497.6329,21.026254653930664,19.897686004638672,3.5796525478363037,-0.8957459926605225,2.6839065551757812
6.513355255126953,17.362552642822266,4.002309322357178,-1.1798831224441528,2.8224263191223145
234.4,234.4,rgbd,20050,17.47249179508935,69.93031645195063,286.714,1147.5181,16.513355255126953,17.362552642822266,4.002309322357178,-1.1798831224441528,2.8224263191223145
236.4,236.4,rgbd,20130,17.542207473074743,70.20934015849207,286.714,1147.5181,16.513355255126953,17.362552642822266,4.002309322357178,-1.1798831224441528,2.8224263191223145
238.5,238.5,rgbd,20244,17.64155231420393,70.60694894031364,286.714,1147.5181,16.513355255126953,17.362552642822266,4.002309322357178,-1.1798831224441528,2.8224263191223145
240.4,240.4,rgbd,20324,17.711267992189324,70.88597264685508,286.714,1147.5181,16.513355255126953,17.362552642822266,4.002309322357178,-1.1798831224441528,2.8224263191223145
242.5,242.5,rgbd,20472,17.840241996462304,71.40216650395676,286.714,1147.5181,16.513355255126953,17.362552642822266,4.002309322357178,-1.1798831224441528,2.8224263191223145
244.6,244.6,rgbd,20445,18.149816952665823,71.29778896978404,286.75504,1126.4576,16.469566345214844,17.41120719909668,3.9282925128936768,-1.152402639389038,2.7758898735046387
246.7,246.7,rgbd,21174,27.771905766238905,73.80082838902374,286.90735,762.4252,15.985503196716309,17.94797134399414,2.6573915481567383,-0.6154389381408691,2.041952610015869
248.7,248.7,rgbd,20915,27.57345838851973,72.88897264861038,286.94327,758.5193,15.966203689575195,17.97191619873047,2.643446922302246,-0.6324860453605652,2.010960817337036
250.8,250.8,rgbd,21134,27.522525011628694,73.59326849863737,287.173,767.8801,15.963740348815918,17.98908042907715,2.673928737640381,-0.6571868062019348,2.016741991043091
252.7,252.7,rgbd,21643,27.912949743469287,75.38847977154627,287.0863,775.3749,15.968849182128906,17.977895736694336,2.7008423805236816,-0.6732574701309204,2.027585029602051
254.7,254.7,rgbd,21879,28.08160067822215,76.24467001707535,286.95776,779.12225,15.983392715454102,17.953495025634766,2.715111255645752,-0.6929289102554321,2.0221824645996094
256.7,256.7,rgbd,22022,28.03445235420173,76.9780441698124,286.08157,785.53345,16.04993438720703,17.82447052001953,2.7458372116088867,-0.5891745090484619,2.156662702560425
258.6,258.6,rgbd,22459,28.59076221156192,78.50558051084447,286.08157,785.53345,16.04993438720703,17.82447052001953,2.7458372116088867,-0.5891745090484619,2.156662702560425
260.6,260.6,rgbd,22871,27.666186365369402,80.01345748509617,285.83942,826.677,16.002286911010742,17.862409591674805,2.8921029567718506,-0.9041852951049805,1.9879176616668701
262.6,262.6,rgbd,22760,26.06506595359214,79.27395316988591,287.10565,873.1994,15.989766120910645,17.95558738708496,3.0413870811462402,-1.0586634874343872,1.9827234745025635
264.6,264.6,rgbd,22850,25.960935828139057,79.58705439947312,287.107,880.1686,15.987196922302246,17.95855712890625,3.0656466484069824,-1.0791072845458984,1.986539363861084
266.6,266.6,rgbd,22950,26.87917457436739,79.94140664447801,287.08527,853.82086,15.985295295715332,17.959335327148438,2.974102020263672,-0.9926292896270752,1.9814727306365967
268.7,268.7,rgbd,23053,26.999808778339496,80.3001850708127,287.08527,853.82086,15.985295295715332,17.959335327148438,2.974102020263672,-0.9926292896270752,1.9814727306365967
270.7,270.7,rgbd,23248,24.907933462484774,74.07873643315268,313.82825,933.35724,17.474380493164062,17.959335327148438,2.974102020263672,-0.9926292896270752,1.9814727306365967
272.7,272.7,rgbd,23562,25.205693026316993,75.05883208445853,313.91376,934.7888,17.479141235351562,17.959335327148438,2.9778523445129395,-0.9926292896270752,1.9852230548858643
274.7,274.7,rgbd,23951,25.5014455532536,76.29834489290252,313.91245,939.20166,17.479068756103516,17.959335327148438,2.991922378540039,-0.9926292896270752,1.9992930889129639
276.8,276.8,rgbd,24172,25.736914018088246,77.00284944378974,313.91046,939.19574,17.478958129882812,17.959335327148438,2.991922378540039,-0.9926292896270752,1.9992930889129639
278.8,278.8,rgbd,24291,25.862969402012677,77.37999758129023,313.91833,939.2193,17.47939682006836,17.959335327148438,2.991922378540039,-0.9926292896270752,1.9992930889129639
280.9,280.9,rgbd,24328,25.89870828723028,77.48692486961417,313.96265,939.35187,17.481863021850586,17.959335327148438,2.991922378540039,-0.9926292896270752,1.9992930889129639
282.9,282.9,rgbd,24480,26.05916741325416,77.96700440094891,313.97897,939.4007,17.482772827148438,17.959335327148438,2.991922378540039,-0.9926292896270752,1.9992930889129639
284.9,284.9,rgbd,24567,26.151779650384594,78.24409301953071,313.97897,939.4007,17.482772827148438,17.959335327148438,2.991922378540039,-0.9926292896270752,1.9992930889129639
286.9,286.9,rgbd,24673,26.26461754849754,78.58169524446946,313.97897,939.4007,17.482772827148438,17.959335327148438,2.991922378540039,-0.9926292896270752,1.9992930889129639
288.9,288.9,rgbd,24789,26.388100531338125,78.95114673591186,313.97897,939.4007,17.482772827148438,17.959335327148438,2.991922378540039,-0.9926292896270752,1.9992930889129639
290.9,290.9,rgbd,25011,26.624421412291657,79.65820045229302,313.97897,939.4007,17.482772827148438,17.959335327148438,2.991922378540039,-0.9926292896270752,1.9992930889129639
293.0,293.0,rgbd,25188,26.81283941197082,80.22193246940772,313.97897,939.4007,17.482772827148438,17.959335327148438,2.991922378540039,-0.9926292896270752,1.9992930889129639
4.2,4.2,rgbd,271,22.95382039976843,45.15803909889907,6.0011463,11.8063135,2.18027925491333,2.752466917037964,1.9673430919647217,0.0014560427516698837,1.968799114227295
4.5,4.5,rgbd,25549,24.150959559623203,72.25779955013525,353.5812,1057.8876,19.687877655029297,17.959335327148438,2.991922378540039,-0.9926292896270752,1.9992930889129639
6.3,6.3,rgbd,527,31.60602141524169,62.18120874696548,8.475229,16.674038,2.18027925491333,3.8872220516204834,1.967384934425354,0.0014141425490379333,1.968799114227295
6.4,6.4,rgbd,25783,24.372155087313203,72.91959942859357,353.5812,1057.8876,19.687877655029297,17.959335327148438,2.991922378540039,-0.9926292896270752,1.9992930889129639
8.5,8.5,rgbd,832,30.640116202824476,60.284430021149625,13.801242,27.153944,3.55041241645813,3.8872220516204834,1.96750009059906,0.001299045979976654,1.968799114227295
8.7,8.7,rgbd,25977,24.555539413688674,73.46827112270005,353.5812,1057.8876,19.687877655029297,17.959335327148438,2.991922378540039,-0.9926292896270752,1.9992930889129639
10.4,10.4,rgbd,891,32.81291290470746,64.55940763082249,13.801242,27.153944,3.55041241645813,3.8872220516204834,1.96750009059906,0.001299045979976654,1.968799114227295
10.7,10.7,rgbd,26009,24.5857883747403,73.55877367018152,353.5812,1057.8876,19.687877655029297,17.959335327148438,2.991922378540039,-0.9926292896270752,1.9992930889129639
12.3,12.3,rgbd,1006,31.204668591995052,61.39518896903536,16.385649,32.238766,4.215259075164795,3.8872220516204834,1.96750009059906,0.001299045979976654,1.968799114227295
12.7,12.7,rgbd,26069,24.642505176712096,73.72846594670929,353.5812,1057.8876,19.687877655029297,17.959335327148438,2.991922378540039,-0.9926292896270752,1.9992930889129639
14.4,14.4,rgbd,1160,29.62607205453534,61.19625565991383,18.955408,39.1547,4.876338005065918,3.8872220516204834,2.0656216144561768,-0.0968225747346878,1.968799114227295
14.8,14.8,rgbd,26233,19.238224080766962,74.06193369222288,354.20355,1363.5874,19.67449951171875,18.0031795501709,3.8497281074523926,-1.7359591722488403,2.113769054412842
16.5,16.5,rgbd,1231,29.52795462768248,60.99358223950535,20.182451,41.68931,5.191998481750488,3.8872220516204834,2.0656216144561768,-0.0968225747346878,1.968799114227295
17.0,17.0,rgbd,26307,19.29249269594543,74.27085311025455,354.20355,1363.5874,19.67449951171875,18.0031795501709,3.8497281074523926,-1.7359591722488403,2.113769054412842
18.5,18.5,rgbd,1315,26.67606428578172,55.102653098886606,23.86455,49.295128,6.139229774475098,3.8872220516204834,2.0656216144561768,-0.0968225747346878,1.968799114227295
18.9,18.9,rgbd,26417,19.37316225904856,74.58140900192322,354.20355,1363.5874,19.67449951171875,18.0031795501709,3.8497281074523926,-1.7359591722488403,2.113769054412842
20.5,20.5,rgbd,1430,22.36653352128737,46.20079403818771,30.951849,63.934807,7.065256595611572,4.380852699279785,2.0656216144561768,-0.0968225747346878,1.968799114227295
20.9,20.9,rgbd,26533,19.458231980139132,74.90890430586474,354.20355,1363.5874,19.67449951171875,18.0031795501709,3.8497281074523926,-1.7359591722488403,2.113769054412842
22.5,22.5,rgbd,1495,20.924619739269616,43.22234747233184,34.58859,71.44694,7.523589134216309,4.597352027893066,2.0656216144561768,-0.0968225747346878,1.968799114227295
23.0,23.0,rgbd,26610,19.51470067431132,75.12629343003282,354.20355,1363.5874,19.67449951171875,18.0031795501709,3.8497281074523926,-1.7359591722488403,2.113769054412842
24.6,24.6,rgbd,1582,12.441629448843408,25.699699352444267,61.55714,127.15376,9.28048324584961,6.632966995239258,2.0656216144561768,-0.0968225747346878,1.968799114227295
25.1,25.1,rgbd,26764,19.433672043963835,75.52774107139166,354.35986,1377.1973,19.676095962524414,18.009662628173828,3.886436939239502,-1.760819435119629,2.125617504119873
26.5,26.5,rgbd,1737,11.760251114494126,24.292091425866793,71.50475,147.70093,10.580148696899414,6.758388519287109,2.065609931945801,-0.09755468368530273,1.968055248260498
27.1,27.1,rgbd,26955,19.695713474418447,76.1049389290009,354.182,1368.5719,19.670188903808594,18.00602912902832,3.8640356063842773,-1.7535121440887451,2.1105234622955322
28.5,28.5,rgbd,1899,11.208851447453178,23.69180535588099,80.1543,169.41968,11.273113250732422,7.110218048095703,2.1136693954467773,-0.1130291149020195,2.000640392303467
29.0,29.0,rgbd,27078,20.402833842201623,76.10619419839581,355.79233,1327.1686,19.61449432373047,18.13925552368164,3.730177640914917,-1.6958160400390625,2.0343616008758545
30.5,30.5,rgbd,2115,10.807362583126126,22.84319200360129,92.58776,195.69992,11.84438705444336,7.817016124725342,2.1136693954467773,-0.1130291149020195,2.000640392303467
31.0,31.0,rgbd,27257,20.59560042960433,76.65459799773647,355.58206,1323.438,19.624841690063477,18.118976593017578,3.7218918800354004,-1.695422649383545,2.0264692306518555
32.5,32.5,rgbd,2272,10.667276479990143,22.642623767002274,100.34173,212.98782,11.833251953125,8.47964096069336,2.122624635696411,-0.15306514501571655,1.9695594310760498
33.1,33.1,rgbd,27432,21.42650116074585,77.231704450319,355.19092,1280.2837,19.63348960876465,18.091073989868164,3.604494333267212,-1.6449391841888428,1.9595551490783691
34.6,34.6,rgbd,2435,11.271499916018298,24.267072567187736,100.34173,216.03159,11.833251953125,8.47964096069336,2.152958631515503,-0.15306514501571655,1.9998934268951416
35.0,35.0,rgbd,27596,21.340057440748005,77.69342796773851,355.19092,1293.1549,19.63348960876465,18.091073989868164,3.6407320499420166,-1.6449391841888428,1.9957928657531738
36.6,36.6,rgbd,2561,11.910833301398464,25.522781455674657,100.34173,215.01434,11.833251953125,8.47964096069336,2.1428208351135254,-0.15306514501571655,1.9897557497024536
37.1,37.1,rgbd,27760,21.466879060558217,78.15515148515804,355.19092,1293.1549,19.63348960876465,18.091073989868164,3.6407320499420166,-1.6449391841888428,1.9957928657531738
38.6,38.6,rgbd,2723,11.335338770346718,24.289600367608227,112.10559,240.2222,11.833251953125,9.473776817321777,2.1428208351135254,-0.15306514501571655,1.9897557497024536
39.1,39.1,rgbd,27960,21.621539572521893,78.71822894542575,355.19092,1293.1549,19.63348960876465,18.091073989868164,3.6407320499420166,-1.6449391841888428,1.9957928657531738
40.6,40.6,rgbd,2890,9.770333074096643,21.043680747301114,137.33339,295.7934,14.496160507202148,9.473776817321777,2.153834581375122,-0.15306514501571655,2.0007693767547607
41.1,41.1,rgbd,28096,21.726708720657193,79.10112161840779,355.19092,1293.1549,19.63348960876465,18.091073989868164,3.6407320499420166,-1.6449391841888428,1.9957928657531738
42.6,42.6,rgbd,3103,10.489749552959207,22.59318498833168,137.3423,295.8126,14.497100830078125,9.473776817321777,2.153834581375122,-0.15306514501571655,2.0007693767547607
43.1,43.1,rgbd,28342,21.916941150372516,79.79370689453708,355.19092,1293.1549,19.63348960876465,18.091073989868164,3.6407320499420166,-1.6449391841888428,1.9957928657531738
44.6,44.6,rgbd,3375,11.40823024092913,24.571440632682602,137.35458,295.83905,14.498397827148438,9.473776817321777,2.153834581375122,-0.15306514501571655,2.0007693767547607
45.1,45.1,rgbd,28538,22.068508452096918,80.34552280559943,355.19092,1293.1549,19.63348960876465,18.091073989868164,3.6407320499420166,-1.6449391841888428,1.9957928657531738
46.6,46.6,rgbd,3711,10.794740315856238,23.250084963671878,159.61232,343.77853,14.501934051513672,11.006278038024902,2.153834581375122,-0.15306514501571655,2.0007693767547607
47.1,47.1,rgbd,28832,22.181825387620286,80.75808023605981,357.0169,1299.8029,19.63348960876465,18.184078216552734,3.6407320499420166,-1.6449391841888428,1.9957928657531738
48.6,48.6,rgbd,4238,12.32619287440544,26.54858136419403,159.63188,343.82068,14.503711700439453,11.006278038024902,2.153834581375122,-0.15306514501571655,2.0007693767547607
49.1,49.1,rgbd,29131,22.41186027215478,81.59557558811939,357.0169,1299.8029,19.63348960876465,18.184078216552734,3.6407320499420166,-1.6449391841888428,1.9957928657531738
50.5,50.5,rgbd,4445,12.927616359078995,27.843946783782183,159.63972,343.83755,14.504424095153809,11.006278038024902,2.153834581375122,-0.15306514501571655,2.0007693767547607
51.1,51.1,rgbd,29309,22.548804116459593,82.0941514164358,357.0169,1299.8029,19.63348960876465,18.184078216552734,3.6407320499420166,-1.6449391841888428,1.9957928657531738
52.6,52.6,rgbd,4491,13.059832154531566,28.12871871059182,159.65889,343.87885,14.506165504455566,11.006278038024902,2.153834581375122,-0.15306514501571655,2.0007693767547607
53.0,53.0,rgbd,29371,22.596503657734303,82.26781266000668,357.0169,1299.8029,19.63348960876465,18.184078216552734,3.6407320499420166,-1.6449391841888428,1.9957928657531738
54.6,54.6,rgbd,4517,13.104826799131793,28.225629509504714,160.03186,344.68216,14.54005241394043,11.006278038024902,2.153834581375122,-0.15306514501571655,2.0007693767547607
55.0,55.0,rgbd,29413,22.628816250210722,82.38545414758696,357.0169,1299.8029,19.63348960876465,18.184078216552734,3.6407320499420166,-1.6449391841888428,1.9957928657531738
56.6,56.6,rgbd,4618,13.397850378213553,28.856753835486554,160.03186,344.68216,14.54005241394043,11.006278038024902,2.153834581375122,-0.15306514501571655,2.0007693767547607
58.0,58.0,rgbd,30917,40.29961590213989,98.4494307970998,314.0394,767.1785,16.723508834838867,18.7783203125,2.442937135696411,-0.44282984733581543,2.0001072883605957
58.6,58.6,rgbd,4570,8.63742162716941,30.687422941913177,148.92094,529.0931,15.572555541992188,9.563037872314453,3.5528452396392822,-1.0935471057891846,2.4592981338500977
59.1,59.1,rgbd,30958,35.606944765612965,99.033336795747,312.6018,869.43713,16.42827606201172,19.028278350830078,2.781292676925659,-0.7026557922363281,2.078636884689331
60.6,60.6,rgbd,4661,8.795706050940485,30.204275244142657,154.3159,529.91766,15.142786979675293,10.190719604492188,3.4339795112609863,-1.004747748374939,2.429231643676758
61.1,61.1,rgbd,31137,34.43626489137106,99.6646300955183,312.41776,904.19214,16.367053985595703,19.08820915222168,2.894176483154297,-0.786216676235199,2.107959747314453
62.7,62.7,rgbd,4749,6.7632819637883435,30.70851522384484,154.64766,702.1739,15.035324096679688,10.285621643066406,4.540475368499756,-1.7351770401000977,2.805298328399658
63.2,63.2,rgbd,31185,34.489350953444664,99.8182705311603,312.41776,904.19214,16.367053985595703,19.08820915222168,2.894176483154297,-0.786216676235199,2.107959747314453
64.7,64.7,rgbd,4812,6.853003329069174,31.115892873687383,154.64766,702.1739,15.035324096679688,10.285621643066406,4.540475368499756,-1.7351770401000977,2.805298328399658
65.2,65.2,rgbd,31276,34.5899932794592,100.10954719039826,312.41776,904.19214,16.367053985595703,19.08820915222168,2.894176483154297,-0.786216676235199,2.107959747314453
66.7,66.7,rgbd,4885,6.956966180902517,31.587933642552546,154.64766,702.1739,15.035324096679688,10.285621643066406,4.540475368499756,-1.7351770401000977,2.805298328399658
67.1,67.1,rgbd,31368,34.69174156510028,100.40402469204541,312.41776,904.19214,16.367053985595703,19.08820915222168,2.894176483154297,-0.786216676235199,2.107959747314453
68.7,68.7,rgbd,4952,6.984497215793481,31.7129364758756,156.15079,708.9988,15.181463241577148,10.285621643066406,4.540475368499756,-1.7351770401000977,2.805298328399658
69.1,69.1,rgbd,31423,34.75256934455962,100.58007102455187,312.41776,904.19214,16.367053985595703,19.08820915222168,2.894176483154297,-0.786216676235199,2.107959747314453
70.7,70.7,rgbd,5025,6.826637231746596,30.996178261457214,162.11676,736.08716,15.320028305053711,10.582014083862305,4.540475368499756,-1.7351770401000977,2.805298328399658
71.1,71.1,rgbd,31496,34.83330439729656,100.81373252042408,312.41776,904.19214,16.367053985595703,19.08820915222168,2.894176483154297,-0.786216676235199,2.107959747314453
72.7,72.7,rgbd,5198,5.591297841871717,25.38715009270447,204.74925,929.65894,17.01903533935547,12.03060245513916,4.540475368499756,-1.7351770401000977,2.805298328399658
73.1,73.1,rgbd,31634,31.55829399492331,91.33527232343194,346.3503,1002.3989,18.144725799560547,19.08820915222168,2.894176483154297,-0.786216676235199,2.107959747314453
74.8,74.8,rgbd,5310,5.517549648188908,25.052297968984913,211.9566,962.3837,17.01903533935547,12.454090118408203,4.540475368499756,-1.7351770401000977,2.805298328399658
75.2,75.2,rgbd,31726,31.650073821930107,91.60089934036802,346.3503,1002.3989,18.144725799560547,19.08820915222168,2.894176483154297,-0.786216676235199,2.107959747314453
76.9,76.9,rgbd,5572,4.91470447218728,22.315094370869122,249.69646,1133.7406,17.01903533935547,14.671598434448242,4.540475368499756,-1.7351770401000977,2.805298328399658
77.4,77.4,rgbd,31942,31.865556894033016,92.22454538013096,346.3503,1002.3989,18.144725799560547,19.08820915222168,2.894176483154297,-0.786216676235199,2.107959747314453
78.8,78.8,rgbd,5791,4.7516192508407,21.57461065317492,268.41736,1218.7424,17.008621215820312,15.78125286102295,4.540475368499756,-1.7351770401000977,2.805298328399658
79.3,79.3,rgbd,32174,31.860478424410765,92.20985003664683,348.9215,1009.84045,18.27942657470703,19.08820915222168,2.894176483154297,-0.786216676235199,2.107959747314453
80.8,80.8,rgbd,5996,4.699692601619047,21.33883842267374,280.99,1275.8281,17.5447998046875,16.01557159423828,4.540475368499756,-1.7351770401000977,2.805298328399658
81.2,81.2,rgbd,32445,31.17703983711285,90.2318572188778,359.57367,1040.6697,18.837474822998047,19.08820915222168,2.894176483154297,-0.786216676235199,2.107959747314453
82.8,82.8,rgbd,6257,4.8786786033920855,22.15152018686722,282.46368,1282.5194,17.636816024780273,16.01557159423828,4.540475368499756,-1.7351770401000977,2.805298328399658
83.2,83.2,rgbd,32692,31.414387004311706,90.91878182153039,359.57367,1040.6697,18.837474822998047,19.08820915222168,2.894176483154297,-0.786216676235199,2.107959747314453
84.8,84.8,rgbd,6487,4.7093790114217375,21.382820110548547,303.3744,1377.464,17.8814754486084,16.96584701538086,4.540475368499756,-1.7351770401000977,2.805298328399658
85.2,85.2,rgbd,32877,31.334848835468193,90.68858362677886,362.52634,1049.2152,18.99216079711914,19.08820915222168,2.894176483154297,-0.786216676235199,2.107959747314453
86.9,86.9,rgbd,6699,4.726556830347415,21.46081557477259,312.1503,1417.3108,18.398744583129883,16.96584701538086,4.540475368499756,-1.7351770401000977,2.805298328399658
87.3,87.3,rgbd,33158,29.943503492504156,86.6617845627965,382.61386,1107.352,20.044513702392578,19.08820915222168,2.894176483154297,-0.786216676235199,2.107959747314453
88.9,88.9,rgbd,6967,4.708834500084567,21.380346347241996,325.86002,1479.5593,19.206823348999023,16.96584701538086,4.540475368499756,-1.7351770401000977,2.805298328399658
89.2,89.2,rgbd,33418,29.869182355901188,86.44668065866271,386.57355,1118.812,20.251955032348633,19.08820915222168,2.894176483154297,-0.786216676235199,2.107959747314453
90.9,90.9,rgbd,7300,4.9320402826395835,22.393807791001713,325.98297,1480.1177,19.214069366455078,16.96584701538086,4.540475368499756,-1.7351770401000977,2.805298328399658
91.3,91.3,rgbd,33631,29.908501454687567,86.5604805697741,388.52603,1124.4629,20.3542423248291,19.08820915222168,2.894176483154297,-0.786216676235199,2.107959747314453
92.8,92.8,rgbd,7458,5.042586360241902,22.89573960078754,325.73746,1479.0029,19.19959831237793,16.96584701538086,4.540475368499756,-1.7351770401000977,2.805298328399658
93.2,93.2,rgbd,33747,30.011661817708106,86.85904486301824,388.52603,1124.4629,20.3542423248291,19.08820915222168,2.894176483154297,-0.786216676235199,2.107959747314453
94.8,94.8,rgbd,7500,5.070983869913417,23.024677796447644,325.73746,1479.0029,19.19959831237793,16.96584701538086,4.540475368499756,-1.7351770401000977,2.805298328399658
95.2,95.2,rgbd,33769,30.03122671414304,86.91566912553006,388.52603,1124.4629,20.3542423248291,19.08820915222168,2.894176483154297,-0.786216676235199,2.107959747314453
96.9,96.9,rgbd,7504,5.073688394644037,23.03695762460575,325.73746,1479.0029,19.19959831237793,16.96584701538086,4.540475368499756,-1.7351770401000977,2.805298328399658
97.2,97.2,rgbd,33774,30.03567328151461,86.92853827610094,388.52603,1124.4629,20.3542423248291,19.08820915222168,2.894176483154297,-0.786216676235199,2.107959747314453
98.8,98.8,rgbd,7564,5.114256265603345,23.221155046977334,325.73746,1479.0029,19.19959831237793,16.96584701538086,4.540475368499756,-1.7351770401000977,2.805298328399658
99.2,99.2,rgbd,33930,30.174406183507752,87.33005577391202,388.52603,1124.4629,20.3542423248291,19.08820915222168,2.894176483154297,-0.786216676235199,2.107959747314453
100.8,100.8,rgbd,7789,5.066821226282536,23.182701485081065,335.98328,1537.2557,19.200965881347656,17.498249053955078,4.5753936767578125,-1.7718284130096436,2.803565502166748
101.2,101.2,rgbd,34084,29.9675450485356,87.93613282880057,387.5995,1137.3638,20.329866409301758,19.065521240234375,2.9343788623809814,-0.8232046961784363,2.1111741065979004
102.8,102.8,rgbd,7939,5.164970669011472,23.620482458820465,336.1066,1537.0852,19.173072814941406,17.53013801574707,4.573207378387451,-1.8076307773590088,2.7655766010284424
103.2,103.2,rgbd,34285,31.10642256235982,88.10649030899948,389.13138,1102.184,20.37932014465332,19.094423294067383,2.83242130279541,-0.7108023762702942,2.1216189861297607
104.9,104.9,rgbd,8006,5.2085596644546985,23.819823978500647,336.1066,1537.0852,19.173072814941406,17.53013801574707,4.573207378387451,-1.8076307773590088,2.7655766010284424
105.3,105.3,rgbd,34362,31.17628385847479,88.30436692424793,389.13138,1102.184,20.37932014465332,19.094423294067383,2.83242130279541,-0.7108023762702942,2.1216189861297607
106.9,106.9,rgbd,8101,5.270364956501063,24.102472401927773,336.1066,1537.0852,19.173072814941406,17.53013801574707,4.573207378387451,-1.8076307773590088,2.7655766010284424
107.3,107.3,rgbd,34476,31.27971486830734,88.59732710786251,389.13138,1102.184,20.37932014465332,19.094423294067383,2.83242130279541,-0.7108023762702942,2.1216189861297607
108.8,108.8,rgbd,8174,5.317857444073533,24.3196654009823,336.1066,1537.0852,19.173072814941406,17.53013801574707,4.573207378387451,-1.8076307773590088,2.7655766010284424
109.2,109.2,rgbd,34558,31.354112612221982,88.80805285397125,389.13138,1102.184,20.37932014465332,19.094423294067383,2.83242130279541,-0.7108023762702942,2.1216189861297607
110.9,110.9,rgbd,8239,5.360145275473677,24.513056427537702,336.1066,1537.0852,19.173072814941406,17.53013801574707,4.573207378387451,-1.8076307773590088,2.7655766010284424
111.2,111.2,rgbd,34668,31.453914463814797,89.09073373289759,389.13138,1102.184,20.37932014465332,19.094423294067383,2.83242130279541,-0.7108023762702942,2.1216189861297607
112.9,112.9,rgbd,8354,5.434962207950855,24.855209782212643,336.1066,1537.0852,19.173072814941406,17.53013801574707,4.573207378387451,-1.8076307773590088,2.7655766010284424
113.3,113.3,rgbd,34734,31.513795574770484,89.26034226025341,389.13138,1102.184,20.37932014465332,19.094423294067383,2.83242130279541,-0.7108023762702942,2.1216189861297607
115.0,115.0,rgbd,8499,5.529296601074255,25.286620533759304,336.1066,1537.0852,19.173072814941406,17.53013801574707,4.573207378387451,-1.8076307773590088,2.7655766010284424
115.3,115.3,rgbd,34807,31.580027712645713,89.44793957081362,389.13138,1102.184,20.37932014465332,19.094423294067383,2.83242130279541,-0.7108023762702942,2.1216189861297607
117.0,117.0,rgbd,8632,5.615824009939165,25.68232832655728,336.1066,1537.0852,19.173072814941406,17.53013801574707,4.573207378387451,-1.8076307773590088,2.7655766010284424
117.4,117.4,rgbd,34919,31.681644143358394,89.73576010208409,389.13138,1102.184,20.37932014465332,19.094423294067383,2.83242130279541,-0.7108023762702942,2.1216189861297607
119.0,119.0,rgbd,9112,5.877109135317704,27.105384201565816,336.16937,1550.4221,19.19234848022461,17.51580238342285,4.612026691436768,-1.7895513772964478,2.8224754333496094
119.4,119.4,rgbd,35243,22.215873998860545,89.60842331542499,393.30008,1586.3882,20.471500396728516,19.212078094482422,4.033531188964844,-1.2740498781204224,2.759481430053711
120.9,120.9,rgbd,9238,5.95873528921966,27.408109505394957,337.05353,1550.329,19.22230339050293,17.534502029418945,4.599652290344238,-1.7874513864517212,2.8122007846832275
121.3,121.3,rgbd,35454,21.51784740302605,89.53515372328845,395.97855,1647.6555,20.549564361572266,19.269437789916992,4.160971641540527,-1.3270249366760254,2.833946466445923
122.9,122.9,rgbd,9141,6.411257596895873,27.24179071410635,335.55063,1425.7733,19.170730590820312,17.503278732299805,4.249055862426758,-1.5345481634140015,2.714507579803467
123.3,123.3,rgbd,35529,21.563366626674355,89.72455792392157,395.97855,1647.6555,20.549564361572266,19.269437789916992,4.160971641540527,-1.3270249366760254,2.833946466445923
124.9,124.9,rgbd,9275,6.505241681567577,27.641134325931127,335.55063,1425.7733,19.170730590820312,17.503278732299805,4.249055862426758,-1.5345481634140015,2.714507579803467
125.3,125.3,rgbd,35615,21.61556200312441,89.94174140731421,395.97855,1647.6555,20.549564361572266,19.269437789916992,4.160971641540527,-1.3270249366760254,2.833946466445923
126.9,126.9,rgbd,9399,6.5922120285772134,28.01067617567942,335.55063,1425.7733,19.170730590820312,17.503278732299805,4.249055862426758,-1.5345481634140015,2.714507579803467
127.3,127.3,rgbd,35726,21.6829304541239,90.22205962425123,395.97855,1647.6555,20.549564361572266,19.269437789916992,4.160971641540527,-1.3270249366760254,2.833946466445923
129.0,129.0,rgbd,9502,6.664453526496509,28.31763432506712,335.55063,1425.7733,19.170730590820312,17.503278732299805,4.249055862426758,-1.5345481634140015,2.714507579803467
129.4,129.4,rgbd,35866,21.76789967160073,90.57561413209972,395.97855,1647.6555,20.549564361572266,19.269437789916992,4.160971641540527,-1.3270249366760254,2.833946466445923
131.0,131.0,rgbd,9740,6.867755091571554,28.93847949822852,336.57608,1418.2218,19.20180320739746,17.528358459472656,4.2136735916137695,-1.508423089981079,2.7052505016326904
131.4,131.4,rgbd,36169,21.99209403317573,91.40516550263533,395.69974,1644.6365,20.54349136352539,19.26156234741211,4.15627384185791,-1.2955303192138672,2.860743761062622
133.0,133.0,rgbd,9886,6.932839653329391,29.4192148771964,336.03888,1425.9669,19.19835090637207,17.503528594970703,4.243458271026611,-1.5390251874923706,2.704432964324951
133.4,133.4,rgbd,36321,22.036981843252995,91.81794601443593,395.57626,1648.184,20.53904151916504,19.259723663330078,4.166539192199707,-1.311898946762085,2.854640007019043
135.0,135.0,rgbd,10089,7.075199197090858,30.02331164232596,336.03888,1425.9669,19.19835090637207,17.503528594970703,4.243458271026611,-1.5390251874923706,2.704432964324951
135.4,135.4,rgbd,36548,22.17470918772089,92.3917923772915,395.57626,1648.184,20.53904151916504,19.259723663330078,4.166539192199707,-1.311898946762085,2.854640007019043
137.0,137.0,rgbd,10326,7.24140221123602,30.728587175999394,336.03888,1425.9669,19.19835090637207,17.503528594970703,4.243458271026611,-1.5390251874923706,2.704432964324951
137.4,137.4,rgbd,36842,22.353087334300454,93.13501189570354,395.57626,1648.184,20.53904151916504,19.259723663330078,4.166539192199707,-1.311898946762085,2.854640007019043
139.0,139.0,rgbd,10521,7.378151526671912,31.308877172059812,336.03888,1425.9669,19.19835090637207,17.503528594970703,4.243458271026611,-1.5390251874923706,2.704432964324951
139.5,139.5,rgbd,37002,22.45016387665668,93.53948510300262,395.57626,1648.184,20.53904151916504,19.259723663330078,4.166539192199707,-1.311898946762085,2.854640007019043
141.0,141.0,rgbd,10702,7.505082942538048,31.847505322249226,336.03888,1425.9669,19.19835090637207,17.503528594970703,4.243458271026611,-1.5390251874923706,2.704432964324951
141.4,141.4,rgbd,37103,22.511443444019047,93.79480881511016,395.57626,1648.184,20.53904151916504,19.259723663330078,4.166539192199707,-1.311898946762085,2.854640007019043
143.1,143.1,rgbd,10739,7.531030248543833,31.957611629194023,336.03888,1425.9669,19.19835090637207,17.503528594970703,4.243458271026611,-1.5390251874923706,2.704432964324951
143.4,143.4,rgbd,37128,22.52661165376221,93.85800775375064,395.57626,1648.184,20.53904151916504,19.259723663330078,4.166539192199707,-1.311898946762085,2.854640007019043
145.1,145.1,rgbd,10807,7.578717189311221,32.15996916628176,336.03888,1425.9669,19.19835090637207,17.503528594970703,4.243458271026611,-1.5390251874923706,2.704432964324951
145.4,145.4,rgbd,37200,22.57029609782251,94.04002069703523,395.57626,1648.184,20.53904151916504,19.259723663330078,4.166539192199707,-1.311898946762085,2.854640007019043
147.1,147.1,rgbd,10928,7.733866097825499,32.46966121767881,336.56033,1413.0061,19.199323654174805,17.529802322387695,4.198373794555664,-1.508180022239685,2.6901938915252686
147.4,147.4,rgbd,37177,21.86973277913022,93.93646840974549,395.7675,1699.9293,20.536678314208984,19.271251678466797,4.2952728271484375,-1.337783694267273,2.957489252090454
149.1,149.1,rgbd,11262,7.933343554744989,33.459635806965615,336.58466,1419.578,19.200298309326172,17.53017807006836,4.21759557723999,-1.5272055864334106,2.690390110015869
149.4,149.4,rgbd,37365,21.67238731521295,92.59676091112921,403.52383,1724.0833,20.537193298339844,19.648441314697266,4.272568702697754,-1.3533682823181152,2.9192006587982178
151.1,151.1,rgbd,11641,8.150050449033143,34.37361794464209,338.6609,1428.3347,19.200298309326172,17.63831329345703,4.21759557723999,-1.5272055864334106,2.690390110015869
151.4,151.4,rgbd,37768,21.906134728247363,93.59546276171626,403.52383,1724.0833,20.537193298339844,19.648441314697266,4.272568702697754,-1.3533682823181152,2.9192006587982178
153.1,153.1,rgbd,11896,7.784298666088987,32.83102364289755,362.3402,1528.2045,19.200298309326172,18.871593475341797,4.21759557723999,-1.5272055864334106,2.690390110015869
153.5,153.5,rgbd,38114,22.09518816830308,94.40321097415423,403.73627,1724.991,20.537193298339844,19.658784866333008,4.272568702697754,-1.3533682823181152,2.9192006587982178
155.1,155.1,rgbd,12218,7.995003455134099,33.71969122973455,362.3402,1528.2045,19.200298309326172,18.871593475341797,4.21759557723999,-1.5272055864334106,2.690390110015869
155.5,155.5,rgbd,38306,22.20649309899296,94.87876894516324,403.73627,1724.991,20.537193298339844,19.658784866333008,4.272568702697754,-1.3533682823181152,2.9192006587982178
157.2,157.2,rgbd,13350,14.893831443150427,36.68972791484582,363.86206,896.34424,20.588281631469727,17.673259735107422,2.4634177684783936,-0.3751274645328522,2.088290214538574
157.5,157.5,rgbd,38509,22.323742021314235,95.37971956978922,403.7441,1725.0244,20.537193298339844,19.65916633605957,4.272568702697754,-1.3533682823181152,2.9192006587982178
159.2,159.2,rgbd,13395,14.944035369363293,36.81340115500822,363.86206,896.34424,20.588281631469727,17.673259735107422,2.4634177684783936,-0.3751274645328522,2.088290214538574
159.5,159.5,rgbd,38532,22.33707516594251,95.43668634509123,403.7441,1725.0244,20.537193298339844,19.65916633605957,4.272568702697754,-1.3533682823181152,2.9192006587982178
161.2,161.2,rgbd,13472,15.029939865327533,37.02501981039722,363.86206,896.34424,20.588281631469727,17.673259735107422,2.4634177684783936,-0.3751274645328522,2.088290214538574
161.5,161.5,rgbd,38606,22.379973109529132,95.61997075258466,403.7441,1725.0244,20.537193298339844,19.65916633605957,4.272568702697754,-1.3533682823181152,2.9192006587982178
163.2,163.2,rgbd,13634,15.210673999693851,37.470243474981864,363.86206,896.34424,20.588281631469727,17.673259735107422,2.4634177684783936,-0.3751274645328522,2.088290214538574
163.6,163.6,rgbd,38716,22.443740322968708,95.89242054750733,403.7441,1725.0244,20.537193298339844,19.65916633605957,4.272568702697754,-1.3533682823181152,2.9192006587982178
165.2,165.2,rgbd,13702,15.286537710415518,37.65712748233838,363.86206,896.34424,20.588281631469727,17.673259735107422,2.4634177684783936,-0.3751274645328522,2.088290214538574
165.5,165.5,rgbd,38797,22.49069618013785,96.0930426692231,403.7441,1725.0244,20.537193298339844,19.65916633605957,4.272568702697754,-1.3533682823181152,2.9192006587982178
167.2,167.2,rgbd,13780,15.373557849184486,37.87149443195322,363.86206,896.34424,20.588281631469727,17.673259735107422,2.4634177684783936,-0.3751274645328522,2.088290214538574
167.6,167.6,rgbd,38938,22.572434153728576,96.44227376998761,403.7441,1725.0244,20.537193298339844,19.65916633605957,4.272568702697754,-1.3533682823181152,2.9192006587982178
169.2,169.2,rgbd,13851,15.452768488320341,38.06662332198722,363.86206,896.34424,20.588281631469727,17.673259735107422,2.4634177684783936,-0.3751274645328522,2.088290214538574
169.5,169.5,rgbd,38988,22.601419250746563,96.56611458586154,403.7441,1725.0244,20.537193298339844,19.65916633605957,4.272568702697754,-1.3533682823181152,2.9192006587982178
171.2,171.2,rgbd,13925,15.535326055870389,38.26999709469873,363.86206,896.34424,20.588281631469727,17.673259735107422,2.4634177684783936,-0.3751274645328522,2.088290214538574
171.5,171.5,rgbd,39051,22.63794047298923,96.7221540138627,403.7441,1725.0244,20.537193298339844,19.65916633605957,4.272568702697754,-1.3533682823181152,2.9192006587982178
173.4,173.4,rgbd,13807,14.41080425443,38.01828143548688,363.1674,958.1006,20.566625595092773,17.658092498779297,2.638179063796997,-0.38477835059165955,2.2534008026123047
173.6,173.6,rgbd,39135,22.71326985257845,96.90409426051494,403.8529,1723.0016,20.540775299072266,19.661035537719727,4.266408920288086,-1.3616232872009277,2.904785394668579
175.3,175.3,rgbd,14126,14.379714545991586,38.72184073661722,364.80704,982.3561,20.740461349487305,17.589147567749023,2.69281005859375,-0.6179008483886719,2.074909210205078
175.6,175.6,rgbd,39140,23.61060727003885,96.33663316508556,406.28366,1657.7295,20.604415893554688,19.718280792236328,4.080226898193359,-1.222949504852295,2.8572771549224854
177.3,177.3,rgbd,14325,13.713598175297166,39.24611595206204,365.00427,1044.5836,20.63150978088379,17.691593170166016,2.8618392944335938,-0.7125301361083984,2.1493091583251953
177.6,177.6,rgbd,39351,23.737889797733747,96.85597474908742,406.28366,1657.7295,20.604415893554688,19.718280792236328,4.080226898193359,-1.222949504852295,2.8572771549224854
179.3,179.3,rgbd,14587,13.77986366207383,39.98937290750671,364.7719,1058.5736,20.615419387817383,17.694129943847656,2.902015209197998,-0.7246228456497192,2.1773922443389893
179.8,179.8,rgbd,39562,23.03061336013602,95.72985841906208,413.2671,1717.8005,20.801185607910156,19.867477416992188,4.156635284423828,-1.2404661178588867,2.9161694049835205
181.4,181.4,rgbd,14651,13.840322376982495,40.164825013222796,364.7719,1058.5736,20.615419387817383,17.694129943847656,2.902015209197998,-0.7246228456497192,2.1773922443389893
181.6,181.6,rgbd,39699,23.110366507862086,96.06136316107239,413.2671,1717.8005,20.801185607910156,19.867477416992188,4.156635284423828,-1.2404661178588867,2.9161694049835205
183.4,183.4,rgbd,14794,13.975409818106549,40.55685081193215,364.7719,1058.5736,20.615419387817383,17.694129943847656,2.902015209197998,-0.7246228456497192,2.1773922443389893
183.6,183.6,rgbd,39777,23.155773409487143,96.25010308718045,413.2671,1717.8005,20.801185607910156,19.867477416992188,4.156635284423828,-1.2404661178588867,2.9161694049835205
185.4,185.4,rgbd,14897,14.072710562412684,40.839219044568964,364.7719,1058.5736,20.615419387817383,17.694129943847656,2.902015209197998,-0.7246228456497192,2.1773922443389893
185.6,185.6,rgbd,39846,23.19594105323239,96.4170653295068,413.2671,1717.8005,20.801185607910156,19.867477416992188,4.156635284423828,-1.2404661178588867,2.9161694049835205
187.4,187.4,rgbd,15040,14.207798003536737,41.231244843278326,364.7719,1058.5736,20.615419387817383,17.694129943847656,2.902015209197998,-0.7246228456497192,2.1773922443389893
187.6,187.6,rgbd,39940,23.25066219108823,96.64452113789343,413.2671,1717.8005,20.801185607910156,19.867477416992188,4.156635284423828,-1.2404661178588867,2.9161694049835205
189.6,189.6,rgbd,39972,23.269290663549793,96.72195290245058,413.2671,1717.8005,20.801185607910156,19.867477416992188,4.156635284423828,-1.2404661178588867,2.9161694049835205
189.7,189.7,rgbd,15087,14.25219737229779,41.360092483413574,364.7719,1058.5736,20.615419387817383,17.694129943847656,2.902015209197998,-0.7246228456497192,2.1773922443389893
191.4,191.4,rgbd,15090,14.255031374559133,41.36831680086902,364.7719,1058.5736,20.615419387817383,17.694129943847656,2.902015209197998,-0.7246228456497192,2.1773922443389893
191.6,191.6,rgbd,39973,23.269872803314218,96.72437264509298,413.2671,1717.8005,20.801185607910156,19.867477416992188,4.156635284423828,-1.2404661178588867,2.9161694049835205
193.4,193.4,rgbd,15117,14.280537394911226,41.44233565796799,364.7719,1058.5736,20.615419387817383,17.694129943847656,2.902015209197998,-0.7246228456497192,2.1773922443389893
193.6,193.6,rgbd,39993,23.281515598602695,96.77276749794122,413.2671,1717.8005,20.801185607910156,19.867477416992188,4.156635284423828,-1.2404661178588867,2.9161694049835205
195.4,195.4,rgbd,15211,14.369336132433332,41.70003093823848,364.7719,1058.5736,20.615419387817383,17.694129943847656,2.902015209197998,-0.7246228456497192,2.1773922443389893
195.7,195.7,rgbd,40074,23.328668919521025,96.9687666519765,413.2671,1717.8005,20.801185607910156,19.867477416992188,4.156635284423828,-1.2404661178588867,2.9161694049835205
197.4,197.4,rgbd,15403,14.446898209900219,42.221346626432236,364.81546,1066.1804,20.61124610900879,17.699825286865234,2.9225196838378906,-0.7331100702285767,2.1894097328186035
197.7,197.7,rgbd,40288,23.551950236800934,97.55504323908028,412.9771,1710.6014,20.792438507080078,19.861888885498047,4.1421217918396,-1.2396146059036255,2.9025070667266846
199.4,199.4,rgbd,15381,14.299244359935926,42.13304339822626,365.0579,1075.6512,20.624025344848633,17.700613021850586,2.9465224742889404,-0.7557688355445862,2.190753698348999
199.7,199.7,rgbd,40097,24.145529475552397,97.24400709714058,412.3339,1660.6387,20.77569580078125,19.846935272216797,4.027412414550781,-1.1938413381576538,2.833570957183838
201.4,201.4,rgbd,15770,15.194561622687287,43.27277839982669,364.43234,1037.8713,20.547658920288086,17.73595428466797,2.847912311553955,-0.6880518198013306,2.159860372543335
201.7,201.7,rgbd,40146,22.34676415793444,97.40944471015061,412.13663,1796.5017,20.769699096679688,19.843168258666992,4.35899543762207,-1.3449060916900635,3.014089345932007
203.6,203.6,rgbd,16185,17.08042105783877,44.46244795354142,364.01505,947.5762,20.52387046813965,17.73617935180664,2.603123664855957,-0.41047728061676025,2.1926465034484863
203.7,203.7,rgbd,40636,23.25940795537303,99.5927054927203,408.02185,1747.078,20.651329040527344,19.75765609741211,4.281824588775635,-1.2402653694152832,3.0415592193603516
205.9,205.9,rgbd,16459,17.343158095125393,45.37575516392208,362.72675,949.0198,20.40175437927246,17.779193878173828,2.6163489818573,-0.186777725815773,2.4295711517333984
205.9,205.9,rgbd,40917,22.47064293839305,101.0386439762421,404.96387,1820.9092,20.57089614868164,19.68625259399414,4.49647331237793,-1.4043233394622803,3.0921497344970703
207.8,207.8,rgbd,41017,22.525560559280194,101.28557958729921,404.96387,1820.9092,20.57089614868164,19.68625259399414,4.49647331237793,-1.4043233394622803,3.0921497344970703
207.9,207.9,rgbd,16602,17.493839886704645,45.7699913258056,362.72675,949.0198,20.40175437927246,17.779193878173828,2.6163489818573,-0.186777725815773,2.4295711517333984
209.9,209.9,rgbd,16767,17.667703492373015,46.224879204901974,362.72675,949.0198,20.40175437927246,17.779193878173828,2.6163489818573,-0.186777725815773,2.4295711517333984
209.9,209.9,rgbd,41185,22.522650152827907,101.27249514836826,406.67508,1828.6036,20.57089614868164,19.769439697265625,4.49647331237793,-1.4043233394622803,3.0921497344970703
211.9,211.9,rgbd,17003,17.916381134419897,46.875506716821626,362.72675,949.0198,20.40175437927246,17.779193878173828,2.6163489818573,-0.186777725815773,2.4295711517333984
211.9,211.9,rgbd,41401,22.637901761074303,101.79072255892069,406.72665,1828.8356,20.57089614868164,19.77194595336914,4.49647331237793,-1.4043233394622803,3.0921497344970703
214.0,214.0,rgbd,17196,18.119748867110776,47.40758769055253,362.72675,949.0198,20.40175437927246,17.779193878173828,2.6163489818573,-0.186777725815773,2.4295711517333984
214.0,214.0,rgbd,41601,22.74648057195357,102.27894618848212,406.7406,1828.8983,20.57089614868164,19.772624969482422,4.49647331237793,-1.4043233394622803,3.0921497344970703
216.0,216.0,rgbd,17345,18.276752971623424,47.81836522985774,362.72675,949.0198,20.40175437927246,17.779193878173828,2.6163489818573,-0.186777725815773,2.4295711517333984
216.0,216.0,rgbd,41751,22.82868609980196,102.64857878539006,406.73724,1828.8832,20.57089614868164,19.7724609375,4.49647331237793,-1.4043233394622803,3.0921497344970703
218.1,218.1,rgbd,17526,18.467476078447515,48.31736344874527,362.72675,949.0198,20.40175437927246,17.779193878173828,2.6163489818573,-0.186777725815773,2.4295711517333984
218.1,218.1,rgbd,41953,22.934234511921694,103.12317018876941,406.8242,1829.274,20.57089614868164,19.776687622070312,4.49647331237793,-1.4043233394622803,3.0921497344970703
220.2,220.2,rgbd,17618,18.564418210092906,48.570997902544455,362.72675,949.0198,20.40175437927246,17.779193878173828,2.6163489818573,-0.186777725815773,2.4295711517333984
220.3,220.3,rgbd,42022,22.971954393248954,103.29277662318471,406.8242,1829.274,20.57089614868164,19.776687622070312,4.49647331237793,-1.4043233394622803,3.0921497344970703
222.1,222.1,rgbd,17653,18.601298368871046,48.66748927083763,362.72675,949.0198,20.40175437927246,17.779193878173828,2.6163489818573,-0.186777725815773,2.4295711517333984
222.3,222.3,rgbd,42060,22.9937910084406,103.39096838621602,406.80536,1829.1895,20.57089614868164,19.775772094726562,4.49647331237793,-1.4043233394622803,3.0921497344970703
224.2,224.2,rgbd,17820,18.77726941218388,49.127890942407895,362.72675,949.0198,20.40175437927246,17.779193878173828,2.6163489818573,-0.186777725815773,2.4295711517333984
224.3,224.3,rgbd,42248,23.097103629227597,103.85551327546689,406.79593,1829.1471,20.57089614868164,19.775314331054688,4.49647331237793,-1.4043233394622803,3.0921497344970703
226.1,226.1,rgbd,17933,18.89633963909616,49.439420217182985,362.72675,949.0198,20.40175437927246,17.779193878173828,2.6163489818573,-0.186777725815773,2.4295711517333984
226.3,226.3,rgbd,42387,23.17309533071554,104.19720794374207,406.79593,1829.1471,20.57089614868164,19.775314331054688,4.49647331237793,-1.4043233394622803,3.0921497344970703
228.2,228.2,rgbd,18033,19.00171152131941,49.71510984087775,362.72675,949.0198,20.40175437927246,17.779193878173828,2.6163489818573,-0.186777725815773,2.4295711517333984
228.4,228.4,rgbd,42493,23.231045836886203,104.4577808562397,406.79593,1829.1471,20.57089614868164,19.775314331054688,4.49647331237793,-1.4043233394622803,3.0921497344970703
230.3,230.3,rgbd,18130,19.103922247075968,49.982528775861674,362.72675,949.0198,20.40175437927246,17.779193878173828,2.6163489818573,-0.186777725815773,2.4295711517333984
230.5,230.5,rgbd,42749,23.535063029245187,105.189730749285,406.399,1816.3962,20.555633544921875,19.770687103271484,4.469490051269531,-1.3569612503051758,3.1125288009643555
232.3,232.3,rgbd,18194,19.17136025169885,50.15897013502633,362.72675,949.0198,20.40175437927246,17.779193878173828,2.6163489818573,-0.186777725815773,2.4295711517333984
232.7,232.7,rgbd,42830,23.579656823377654,105.3890422698046,406.399,1816.3962,20.555633544921875,19.770687103271484,4.469490051269531,-1.3569612503051758,3.1125288009643555
234.3,234.3,rgbd,18242,19.221938755166015,50.29130115439982,362.72675,949.0198,20.40175437927246,17.779193878173828,2.6163489818573,-0.186777725815773,2.4295711517333984
234.8,234.8,rgbd,42877,23.60553223478785,105.50469216442708,406.399,1816.3962,20.555633544921875,19.770687103271484,4.469490051269531,-1.3569612503051758,3.1125288009643555
236.3,236.3,rgbd,18261,19.241959412788432,50.34368218290182,362.72675,949.0198,20.40175437927246,17.779193878173828,2.6163489818573,-0.186777725815773,2.4295711517333984
236.7,236.7,rgbd,42920,23.629205483524842,105.61049951482637,406.399,1816.3962,20.555633544921875,19.770687103271484,4.469490051269531,-1.3569612503051758,3.1125288009643555
238.3,238.3,rgbd,18298,19.280947009211037,50.44568734366889,362.72675,949.0198,20.40175437927246,17.779193878173828,2.6163489818573,-0.186777725815773,2.4295711517333984
238.9,238.9,rgbd,44532,42.02012785514358,110.9416129416321,401.40033,1059.7778,20.573060989379883,19.510967254638672,2.6402015686035156,-0.35433676838874817,2.28586483001709
240.5,240.5,rgbd,18430,19.420037893745732,50.80959764694599,362.72675,949.0198,20.40175437927246,17.779193878173828,2.6163489818573,-0.186777725815773,2.4295711517333984
240.8,240.8,rgbd,44363,40.66289951235406,111.07145649263148,399.40955,1090.9945,20.499074935913086,19.484272003173828,2.731518507003784,-0.37061429023742676,2.3609042167663574
242.5,242.5,rgbd,18702,20.520482472506853,51.4987797312871,363.15424,911.3821,20.47700309753418,17.7347354888916,2.5096280574798584,-0.4032811224460602,2.106346845626831
242.8,242.8,rgbd,44587,39.73396561304603,111.42219053073663,400.16266,1122.1382,20.527908325195312,19.49359130859375,2.8042051792144775,-0.4294835031032562,2.3747217655181885
244.4,244.4,rgbd,19025,18.95903680821439,52.43193075812569,362.8514,1003.47925,20.385231018066406,17.799720764160156,2.765537738800049,-0.27889251708984375,2.486645221710205
244.9,244.9,rgbd,44633,37.31621190684172,108.87661637987188,409.9411,1196.0753,20.840293884277344,19.67060089111328,2.9176759719848633,-0.5326534509658813,2.3850226402282715
246.5,246.5,rgbd,18827,17.990765417265706,52.07797914291421,361.51556,1046.4813,20.28546714782715,17.821407318115234,2.8947060108184814,-0.3109433650970459,2.5837626457214355
247.0,247.0,rgbd,44879,37.359680269571854,112.59936199606429,398.57242,1201.2683,20.472667694091797,19.46851348876953,3.013927459716797,-0.4372408092021942,2.5766866207122803
248.7,248.7,rgbd,18909,18.069123241890754,52.30480201908773,361.51556,1046.4813,20.28546714782715,17.821407318115234,2.8947060108184814,-0.3109433650970459,2.5837626457214355
249.1,249.1,rgbd,43946,37.081179216612604,104.62094231480386,420.04974,1185.1295,21.031843185424805,19.972084045410156,2.8214027881622314,-0.5575902462005615,2.26381254196167
250.8,250.8,rgbd,18988,18.144614316834396,52.52332649735247,361.51556,1046.4813,20.28546714782715,17.821407318115234,2.8947060108184814,-0.3109433650970459,2.5837626457214355
251.3,251.3,rgbd,43979,37.1090242745052,104.699504438692,420.04974,1185.1295,21.031843185424805,19.972084045410156,2.8214027881622314,-0.5575902462005615,2.26381254196167
252.8,252.8,rgbd,19051,18.204816060143887,52.69759285343701,361.51556,1046.4813,20.28546714782715,17.821407318115234,2.8947060108184814,-0.3109433650970459,2.5837626457214355
253.3,253.3,rgbd,43613,38.528756238262986,105.54575844184292,413.21414,1131.9597,20.798072814941406,19.867904663085938,2.7394022941589355,-0.51777184009552,2.221630573272705
254.9,254.9,rgbd,19132,18.2822183015418,52.92164959697427,361.51556,1046.4813,20.28546714782715,17.821407318115234,2.8947060108184814,-0.3109433650970459,2.5837626457214355
255.3,255.3,rgbd,43658,38.568510303122586,105.65466081338083,413.21414,1131.9597,20.798072814941406,19.867904663085938,2.7394022941589355,-0.51777184009552,2.221630573272705
256.9,256.9,rgbd,19216,18.36248729262112,53.154004738420326,361.51556,1046.4813,20.28546714782715,17.821407318115234,2.8947060108184814,-0.3109433650970459,2.5837626457214355
257.2,257.2,rgbd,43740,38.64095104353342,105.85310513484991,413.21414,1131.9597,20.798072814941406,19.867904663085938,2.7394022941589355,-0.51777184009552,2.221630573272705
259.0,259.0,rgbd,19301,18.44371186692757,53.389126012502636,361.51556,1046.4813,20.28546714782715,17.821407318115234,2.8947060108184814,-0.3109433650970459,2.5837626457214355
259.3,259.3,rgbd,43804,38.697490158000406,106.00798850770384,413.21414,1131.9597,20.798072814941406,19.867904663085938,2.7394022941589355,-0.51777184009552,2.221630573272705
261.1,261.1,rgbd,19487,18.80598771088888,54.56565686948746,357.1294,1036.2125,19.985050201416016,17.869827270507812,2.9015042781829834,-0.22362777590751648,2.6778764724731445
261.4,261.4,rgbd,43877,38.892472879767915,107.23461731663885,409.16824,1128.1617,20.67359733581543,19.791826248168945,2.7572073936462402,-0.48022857308387756,2.2769787311553955
263.2,263.2,rgbd,19746,19.412156872957414,55.65026313245452,354.82312,1017.19763,19.849124908447266,17.876008987426758,2.866773843765259,-0.20976242423057556,2.6570115089416504
263.5,263.5,rgbd,44235,36.5012121134591,107.3915143741639,411.90405,1211.8776,20.767337799072266,19.834224700927734,2.9421355724334717,-0.48615384101867676,2.455981731414795
265.3,265.3,rgbd,20048,19.123765590518392,56.77725338198411,353.09915,1048.3291,19.756254196166992,17.872777938842773,2.9689369201660156,-0.13438814878463745,2.8345487117767334
265.5,265.5,rgbd,44615,37.22207064641261,108.11360821316083,412.66776,1198.6168,20.7921199798584,19.847314834594727,2.9045565128326416,-0.4819376766681671,2.422618865966797
267.3,267.3,rgbd,20600,18.756625747546597,58.31761542039571,353.23804,1098.2786,19.750436782836914,17.885074615478516,3.1091742515563965,-0.28013861179351807,2.829035758972168
267.6,267.6,rgbd,44917,37.09109200062941,108.94993185078724,412.27194,1210.9916,20.776187896728516,19.843482971191406,2.937361001968384,-0.48559898138046265,2.4517619609832764
269.4,269.4,rgbd,20810,18.882642753340658,59.08663040606576,352.19473,1102.0703,19.709165573120117,17.869590759277344,3.129150629043579,-0.11485543847084045,3.0142951011657715
269.5,269.5,rgbd,45547,37.129388678314015,110.31426826232443,412.88403,1226.7102,20.799325942993164,19.85083770751953,2.9710769653320312,-0.5017789602279663,2.4692981243133545
271.5,271.5,rgbd,20998,18.719709444248135,59.6255977183494,352.16418,1121.7054,19.691234588623047,17.88431167602539,3.1851775646209717,-0.22849154472351074,2.956686019897461
271.5,271.5,rgbd,45493,37.38657170381679,109.88998091411025,413.9868,1216.8273,20.83971405029297,19.86528205871582,2.9392900466918945,-0.5029522776603699,2.43633770942688
273.4,273.4,rgbd,45519,37.40793874631342,109.95278485106246,413.9868,1216.8273,20.83971405029297,19.86528205871582,2.9392900466918945,-0.5029522776603699,2.43633770942688
273.6,273.6,rgbd,21036,18.75358643057452,59.73350193366977,352.16418,1121.7054,19.691234588623047,17.88431167602539,3.1851775646209717,-0.22849154472351074,2.956686019897461
275.6,275.6,rgbd,21135,18.841844894951155,60.01462081042549,352.16418,1121.7054,19.691234588623047,17.88431167602539,3.1851775646209717,-0.22849154472351074,2.956686019897461
275.7,275.7,rgbd,45606,37.47943615774445,110.1629364862487,413.9868,1216.8273,20.83971405029297,19.86528205871582,2.9392900466918945,-0.5029522776603699,2.43633770942688
277.5,277.5,rgbd,45681,37.54107185725397,110.34410168899547,413.9868,1216.8273,20.83971405029297,19.86528205871582,2.9392900466918945,-0.5029522776603699,2.43633770942688
277.9,277.9,rgbd,21226,18.922971362206443,60.27302301027166,352.16418,1121.7054,19.691234588623047,17.88431167602539,3.1851775646209717,-0.22849154472351074,2.956686019897461
279.6,279.6,rgbd,45675,38.59970514526769,110.0549643027634,415.0199,1183.2992,20.881908416748047,19.874614715576172,2.851186752319336,-0.48696720600128174,2.3642194271087646
280.0,280.0,rgbd,21256,17.07836371746582,61.05446550829282,348.14816,1244.6157,19.479751586914062,17.872310638427734,3.5749599933624268,-0.5133029818534851,3.061656951904297
281.6,281.6,rgbd,45828,38.7290046501878,110.42362132604359,415.0199,1183.2992,20.881908416748047,19.874614715576172,2.851186752319336,-0.48696720600128174,2.3642194271087646
281.9,281.9,rgbd,21424,17.213345139395358,61.53701867941595,348.14816,1244.6157,19.479751586914062,17.872310638427734,3.5749599933624268,-0.5133029818534851,3.061656951904297
283.8,283.8,rgbd,46039,38.90731965370507,110.93203068494634,415.0199,1183.2992,20.881908416748047,19.874614715576172,2.851186752319336,-0.48696720600128174,2.3642194271087646
284.1,284.1,rgbd,21618,17.36921654329018,62.09425269845099,348.14816,1244.6157,19.479751586914062,17.872310638427734,3.5749599933624268,-0.5133029818534851,3.061656951904297
285.9,285.9,rgbd,46217,39.05774652871017,111.36092578392591,415.0199,1183.2992,20.881908416748047,19.874614715576172,2.851186752319336,-0.48696720600128174,2.3642194271087646
286.0,286.0,rgbd,21773,17.493752974237076,62.53946544561816,348.14816,1244.6157,19.479751586914062,17.872310638427734,3.5749599933624268,-0.5133029818534851,3.061656951904297
287.9,287.9,rgbd,46408,39.21915963615945,111.82114468226915,415.0199,1183.2992,20.881908416748047,19.874614715576172,2.851186752319336,-0.48696720600128174,2.3642194271087646
288.2,288.2,rgbd,21976,17.656855525735267,63.12255052739194,348.14816,1244.6157,19.479751586914062,17.872310638427734,3.5749599933624268,-0.5133029818534851,3.061656951904297
289.9,289.9,rgbd,46610,39.38986878644613,112.30786833392013,415.0199,1183.2992,20.881908416748047,19.874614715576172,2.851186752319336,-0.48696720600128174,2.3642194271087646
290.3,290.3,rgbd,22145,17.792640408509623,63.60797603881937,348.14816,1244.6157,19.479751586914062,17.872310638427734,3.5749599933624268,-0.5133029818534851,3.061656951904297
291.9,291.9,rgbd,46698,39.46423712914528,112.51990636038194,415.0199,1183.2992,20.881908416748047,19.874614715576172,2.851186752319336,-0.48696720600128174,2.3642194271087646
292.2,292.2,rgbd,22275,17.89709031833605,63.981380278378936,348.14816,1244.6157,19.479751586914062,17.872310638427734,3.5749599933624268,-0.5133029818534851,3.061656951904297
294.0,294.0,rgbd,46957,39.68311668322573,113.1439728246275,415.0199,1183.2992,20.881908416748047,19.874614715576172,2.851186752319336,-0.48696720600128174,2.3642194271087646
294.3,294.3,rgbd,22531,18.102776294609633,64.71669939628084,348.14816,1244.6157,19.479751586914062,17.872310638427734,3.5749599933624268,-0.5133029818534851,3.061656951904297
296.1,296.1,rgbd,47133,39.83185336862402,113.5680488775511,415.0199,1183.2992,20.881908416748047,19.874614715576172,2.851186752319336,-0.48696720600128174,2.3642194271087646
296.5,296.5,rgbd,22764,18.289982671452385,65.38595468718376,348.14816,1244.6157,19.479751586914062,17.872310638427734,3.5749599933624268,-0.5133029818534851,3.061656951904297
298.2,298.2,rgbd,47319,39.98904100205631,114.01622016075449,415.0199,1183.2992,20.881908416748047,19.874614715576172,2.851186752319336,-0.48696720600128174,2.3642194271087646
298.5,298.5,rgbd,22973,18.457905988019487,65.98627381078336,348.14816,1244.6157,19.479751586914062,17.872310638427734,3.5749599933624268,-0.5133029818534851,3.061656951904297
300.2,300.2,rgbd,47526,40.163975626359985,114.51499142754533,415.0199,1183.2992,20.881908416748047,19.874614715576172,2.851186752319336,-0.48696720600128174,2.3642194271087646
300.6,300.6,rgbd,23244,18.67564387696535,66.76467803324982,348.14816,1244.6157,19.479751586914062,17.872310638427734,3.5749599933624268,-0.5133029818534851,3.061656951904297
302.2,302.2,rgbd,47725,40.33214949223647,114.99448651011238,415.0199,1183.2992,20.881908416748047,19.874614715576172,2.851186752319336,-0.48696720600128174,2.3642194271087646
302.5,302.5,rgbd,23425,18.821070289877532,67.2845716283289,348.14816,1244.6157,19.479751586914062,17.872310638427734,3.5749599933624268,-0.5133029818534851,3.061656951904297
304.2,304.2,rgbd,47779,40.37778461162003,115.12460075362303,415.0199,1183.2992,20.881908416748047,19.874614715576172,2.851186752319336,-0.48696720600128174,2.3642194271087646
304.5,304.5,rgbd,23505,18.885347157463027,67.51435885267325,348.14816,1244.6157,19.479751586914062,17.872310638427734,3.5749599933624268,-0.5133029818534851,3.061656951904297
306.3,306.3,rgbd,47800,40.39553160249142,115.17520073721052,415.0199,1183.2992,20.881908416748047,19.874614715576172,2.851186752319336,-0.48696720600128174,2.3642194271087646
306.7,306.7,rgbd,23571,18.93837557322106,67.70393331275734,348.14816,1244.6157,19.479751586914062,17.872310638427734,3.5749599933624268,-0.5133029818534851,3.061656951904297
308.3,308.3,rgbd,47836,40.4259550154138,115.26194356621761,415.0199,1183.2992,20.881908416748047,19.874614715576172,2.851186752319336,-0.48696720600128174,2.3642194271087646
308.6,308.6,rgbd,23647,18.99943859742728,67.92223117588448,348.14816,1244.6157,19.479751586914062,17.872310638427734,3.5749599933624268,-0.5133029818534851,3.061656951904297
310.3,310.3,rgbd,47716,33.06471765954706,115.58610690908763,412.81778,1443.1093,20.788837432861328,19.857666015625,3.495753526687622,-0.8240349292755127,2.6717185974121094
310.7,310.7,rgbd,24098,27.76880598777438,70.61032052431908,341.28156,867.8083,18.148130416870117,18.805328369140625,2.542792797088623,-0.34675997495651245,2.196032762527466
312.4,312.4,rgbd,47671,32.341759879259456,114.86871382876416,415.0042,1473.9767,20.884971618652344,19.870948791503906,3.5517148971557617,-0.8226007223129272,2.729114294052124
312.7,312.7,rgbd,23869,28.321749870818625,70.69594186322195,337.629,842.77985,18.08279037475586,18.671289443969727,2.496171474456787,-0.3174019753932953,2.178769588470459
314.5,314.5,rgbd,48064,31.800323769606038,114.86073918610516,418.45456,1511.4312,21.025245666503906,19.902481079101562,3.611936092376709,-0.8524705171585083,2.759465456008911
314.9,314.9,rgbd,24023,29.05567141453055,72.83964243893253,329.80667,826.7921,17.904878616333008,18.419933319091797,2.506899356842041,-0.29924434423446655,2.2076549530029297
316.6,316.6,rgbd,48125,31.840682868930813,115.00651367616743,418.45456,1511.4312,21.025245666503906,19.902481079101562,3.611936092376709,-0.8524705171585083,2.759465456008911
316.8,316.8,rgbd,24133,29.18871574103425,73.1731711684119,329.80667,826.7921,17.904878616333008,18.419933319091797,2.506899356842041,-0.29924434423446655,2.2076549530029297
318.5,318.5,rgbd,48191,31.884350091151063,115.16423689492332,418.45456,1511.4312,21.025245666503906,19.902481079101562,3.611936092376709,-0.8524705171585083,2.759465456008911
318.9,318.9,rgbd,24275,29.360463871611753,73.60372643737615,329.80667,826.7921,17.904878616333008,18.419933319091797,2.506899356842041,-0.29924434423446655,2.2076549530029297
320.5,320.5,rgbd,48256,31.927355688792215,115.31957036794047,418.45456,1511.4312,21.025245666503906,19.902481079101562,3.611936092376709,-0.8524705171585083,2.759465456008911
320.9,320.9,rgbd,24147,27.55124716704885,69.44503017758292,347.71387,876.43945,19.20658302307129,18.10388946533203,2.5205767154693604,-0.3285835385322571,2.191993236541748
322.5,322.5,rgbd,48306,31.96043691774695,115.43905765487675,418.45456,1511.4312,21.025245666503906,19.902481079101562,3.611936092376709,-0.8524705171585083,2.759465456008911
323.0,323.0,rgbd,24065,26.769124333073414,68.01431560890933,353.82257,898.98346,19.602264404296875,18.050086975097656,2.5407748222351074,-0.3675248622894287,2.1732499599456787
324.6,324.6,rgbd,48358,31.994841395859872,115.56332443329049,418.45456,1511.4312,21.025245666503906,19.902481079101562,3.611936092376709,-0.8524705171585083,2.759465456008911
325.0,325.0,rgbd,24165,26.015848850249675,66.78372955312163,361.83963,928.8569,19.3867130279541,18.664310455322266,2.567040205001831,-0.3893626034259796,2.177677631378174
326.6,326.6,rgbd,48397,32.02064475444456,115.65652451710078,418.45456,1511.4312,21.025245666503906,19.902481079101562,3.611936092376709,-0.8524705171585083,2.759465456008911
327.0,327.0,rgbd,24335,26.179614623748094,66.69141262293002,364.88956,929.54004,19.40093421936035,18.80783462524414,2.5474557876586914,-0.3751033544540405,2.1723523139953613
328.7,328.7,rgbd,48429,32.04181674097559,115.73299638073999,418.45456,1511.4312,21.025245666503906,19.902481079101562,3.611936092376709,-0.8524705171585083,2.759465456008911
329.1,329.1,rgbd,24345,26.19037263263396,66.7188181756824,364.88956,929.54004,19.40093421936035,18.80783462524414,2.5474557876586914,-0.3751033544540405,2.1723523139953613
330.7,330.7,rgbd,48638,32.18009627800638,116.23245324013364,418.45456,1511.4312,21.025245666503906,19.902481079101562,3.611936092376709,-0.8524705171585083,2.759465456008911
331.1,331.1,rgbd,24552,26.413063416571326,67.28611311765678,364.88956,929.54004,19.40093421936035,18.80783462524414,2.5474557876586914,-0.3751033544540405,2.1723523139953613
332.7,332.7,rgbd,48715,32.231041370596664,116.4164636620155,418.45456,1511.4312,21.025245666503906,19.902481079101562,3.611936092376709,-0.8524705171585083,2.759465456008911
333.2,333.2,rgbd,24571,26.433503633454468,67.33818366788631,364.88956,929.54004,19.40093421936035,18.80783462524414,2.5474557876586914,-0.3751033544540405,2.1723523139953613
334.7,334.7,rgbd,48527,32.61084806311424,116.00581235444857,418.31525,1488.0631,21.021095275878906,19.899784088134766,3.557276725769043,-0.8277877569198608,2.7294888496398926
335.3,335.3,rgbd,24614,26.479763071663676,67.45602754472158,364.88956,929.54004,19.40093421936035,18.80783462524414,2.5474557876586914,-0.3751033544540405,2.1723523139953613
336.9,336.9,rgbd,48574,32.64243274502258,116.11816780977568,418.31525,1488.0631,21.021095275878906,19.899784088134766,3.557276725769043,-0.8277877569198608,2.7294888496398926
337.3,337.3,rgbd,24686,26.55722073564189,67.65334752453875,364.88956,929.54004,19.40093421936035,18.80783462524414,2.5474557876586914,-0.3751033544540405,2.1723523139953613
338.8,338.8,rgbd,48234,32.206823772768374,115.28924341939941,418.3738,1497.6329,21.026254653930664,19.897686004638672,3.5796525478363037,-0.8957459926605225,2.6839065551757812
339.3,339.3,rgbd,24785,26.588931789740776,67.81798418756146,365.46353,932.1548,19.41026496887207,18.8283634185791,2.550609588623047,-0.3840223550796509,2.1665871143341064
340.9,340.9,rgbd,48260,32.22418450208985,115.35138880085034,418.3738,1497.6329,21.026254653930664,19.897686004638672,3.5796525478363037,-0.8957459926605225,2.6839065551757812
341.2,341.2,rgbd,24689,26.255474626431663,67.5043749682925,365.73926,940.3372,19.41979217529297,18.833324432373047,2.571058988571167,-0.41276097297668457,2.1582980155944824
342.8,342.8,rgbd,48278,32.236203468543174,115.39441252647022,418.3738,1497.6329,21.026254653930664,19.897686004638672,3.5796525478363037,-0.8957459926605225,2.6839065551757812
343.3,343.3,rgbd,25176,25.724796709888956,72.4139440573436,347.66785,978.6666,18.871484756469727,18.42292022705078,2.8149471282958984,-0.501164972782135,2.313782215118408
344.8,344.8,rgbd,48313,32.25957368109131,115.4780697707311,418.3738,1497.6329,21.026254653930664,19.897686004638672,3.5796525478363037,-0.8957459926605225,2.6839065551757812
345.3,345.3,rgbd,25272,25.822889357019132,72.6900696781533,347.66785,978.6666,18.871484756469727,18.42292022705078,2.8149471282958984,-0.501164972782135,2.313782215118408
347.0,347.0,rgbd,48340,32.27760213077131,115.54260535916092,418.3738,1497.6329,21.026254653930664,19.897686004638672,3.5796525478363037,-0.8957459926605225,2.6839065551757812
347.4,347.4,rgbd,25310,25.861717696508162,72.79936940305713,347.66785,978.6666,18.871484756469727,18.42292022705078,2.8149471282958984,-0.501164972782135,2.313782215118408
348.9,348.9,rgbd,48364,32.29362741937574,115.59997032665409,418.3738,1497.6329,21.026254653930664,19.897686004638672,3.5796525478363037,-0.8957459926605225,2.6839065551757812
349.3,349.3,rgbd,25348,25.90054603599719,72.90866912796098,347.66785,978.6666,18.871484756469727,18.42292022705078,2.8149471282958984,-0.501164972782135,2.313782215118408
350.8,350.8,rgbd,48406,32.32167167443351,115.70035901976713,418.3738,1497.6329,21.026254653930664,19.897686004638672,3.5796525478363037,-0.8957459926605225,2.6839065551757812
