timestamp,elapsed_time,slam_mode,num_points,density_3d,density_2d,coverage_2d,volume,bbox_x,bbox_y,bbox_z,z_range_min,z_range_max
6.4,6.4,rgbd,457,32.700445762654844,65.28371309069969,7.0002146,13.975345,2.1635897159576416,3.2354631423950195,1.9964165687561035,0.0015250779688358307,1.9979416131973267
10.4,10.4,rgbd,690,36.930875744456955,73.7294149836775,9.358544,18.683554,2.892491102218628,3.235461711883545,1.9964165687561035,0.0015250779688358307,1.9979416131973267
12.5,12.5,rgbd,997,40.64952245387536,81.15532146210423,12.285085,24.526733,3.197352886199951,3.8422675132751465,1.9964643716812134,0.001477271318435669,1.9979416131973267
14.5,14.5,rgbd,1198,41.25450167826683,83.79005296234125,14.29764,29.039255,3.6668078899383545,3.8992061614990234,2.031052350997925,-0.03311075642704964,1.9979416131973267
16.5,16.5,rgbd,1221,42.05024505062505,85.39871007263662,14.29764,29.036692,3.6668078899383545,3.8992061614990234,2.0308730602264404,-0.032931506633758545,1.9979416131973267
18.5,18.5,rgbd,1337,37.905925664758136,76.98212496403336,17.367668,35.27153,4.454154968261719,3.8992061614990234,2.0308730602264404,-0.032931506633758545,1.9979416131973267
20.6,20.6,rgbd,1452,37.512043068675666,76.1822001332172,19.05957,38.70757,4.888064384460449,3.8992061614990234,2.0308730602264404,-0.032931506633758545,1.9979416131973267
22.7,22.7,rgbd,1556,32.64994558156486,66.30789463331656,23.466286,47.657047,6.018221378326416,3.8992061614990234,2.0308730602264404,-0.032931506633758545,1.9979416131973267
24.7,24.7,rgbd,1621,24.21574780247159,49.17910766977356,32.96115,66.93991,7.001312732696533,4.707852840423584,2.0308730602264404,-0.032931506633758545,1.9979416131973267
26.7,26.7,rgbd,1709,22.941176085025777,46.59061677716931,36.681206,74.49487,7.7914934158325195,4.707852840423584,2.0308730602264404,-0.032931506633758545,1.9979416131973267
28.8,28.8,rgbd,1785,21.533553218442812,43.73191186197178,40.816875,82.89389,7.7914934158325195,5.238646030426025,2.0308730602264404,-0.032931506633758545,1.9979416131973267
30.7,30.7,rgbd,1918,16.280781922274702,33.064200850910034,58.008358,117.80761,11.028663635253906,5.259781360626221,2.0308730602264404,-0.032931506633758545,1.9979416131973267
32.7,32.7,rgbd,1997,16.951366787686435,34.426073565832816,58.008358,117.80761,11.028663635253906,5.259781360626221,2.0308730602264404,-0.032931506633758545,1.9979416131973267
34.8,34.8,rgbd,2030,16.26737374842799,34.86117758533336,58.230965,124.78966,11.08322525024414,5.253973007202148,2.143012046813965,-0.020400382578372955,2.1226117610931396
36.8,36.8,rgbd,2212,14.322810323404713,30.697786778949794,72.05731,154.43896,11.081178665161133,6.502675533294678,2.143279552459717,-0.034551121294498444,2.1087284088134766
38.8,38.8,rgbd,2394,13.828689033567098,30.164654256515675,79.36441,173.11836,11.103370666503906,7.1477766036987305,2.181309700012207,-0.03419779986143112,2.1471118927001953
40.8,40.8,rgbd,2549,13.269547631397712,28.72393430152578,88.741325,192.09396,11.0875244140625,8.00370979309082,2.1646506786346436,-0.0350002720952034,2.129650354385376
42.8,42.8,rgbd,3035,12.600787830521474,27.536896900222896,110.21576,240.85796,11.091251373291016,9.937179565429688,2.185331344604492,-0.026940029114484787,2.158391237258911
44.8,44.8,rgbd,3241,13.56130496214813,29.468834009682855,109.9806,238.9888,11.058095932006836,9.945708274841309,2.173008680343628,-0.039501216262578964,2.133507490158081
46.8,46.8,rgbd,3658,15.281323819201926,33.21922247454852,110.11697,239.37717,11.079669952392578,9.938650131225586,2.173844575881958,-0.03825043886899948,2.135594129562378
48.9,48.9,rgbd,3904,16.71012021043635,35.6120272110207,109.625885,233.63087,11.03668212890625,9.932866096496582,2.1311652660369873,-0.04116269201040268,2.0900025367736816
50.8,50.8,rgbd,3922,16.29981614588195,35.818484621928896,109.49654,240.61621,11.04434871673584,9.91425895690918,2.1974778175354004,-0.1266109049320221,2.070866823196411
52.9,52.9,rgbd,4036,16.91389177853143,36.78358802116011,109.72285,238.62042,11.067816734313965,9.913684844970703,2.1747560501098633,-0.05995341017842293,2.114802598953247
54.9,54.9,rgbd,4153,17.404776745252935,37.851142800024334,109.71928,238.61266,11.067816734313965,9.913362503051758,2.1747560501098633,-0.05995341017842293,2.114802598953247
56.9,56.9,rgbd,4678,19.604995332119728,42.63608139140714,109.71928,238.61266,11.067816734313965,9.913362503051758,2.1747560501098633,-0.05995341017842293,2.114802598953247
58.9,58.9,rgbd,4993,20.925126484239804,45.50704454623682,109.71928,238.61266,11.067816734313965,9.913362503051758,2.1747560501098633,-0.05995341017842293,2.114802598953247
61.0,61.0,rgbd,5180,21.708823390419024,47.21139410164365,109.71928,238.61266,11.067816734313965,9.913362503051758,2.1747560501098633,-0.05995341017842293,2.114802598953247
63.0,63.0,rgbd,5271,22.090194612142604,48.040783457483336,109.71928,238.61266,11.067816734313965,9.913362503051758,2.1747560501098633,-0.05995341017842293,2.114802598953247
65.1,65.1,rgbd,5325,22.316502809648902,48.53294856973985,109.71928,238.61266,11.067816734313965,9.913362503051758,2.1747560501098633,-0.05995341017842293,2.114802598953247
67.1,67.1,rgbd,5396,22.61405618044422,49.180054550669716,109.71928,238.61266,11.067816734313965,9.913362503051758,2.1747560501098633,-0.05995341017842293,2.114802598953247
69.1,69.1,rgbd,5494,23.02476364999269,50.07324308772784,109.71928,238.61266,11.067816734313965,9.913362503051758,2.1747560501098633,-0.05995341017842293,2.114802598953247
71.2,71.2,rgbd,5627,23.58215235866561,51.285427530878145,109.71928,238.61266,11.067816734313965,9.913362503051758,2.1747560501098633,-0.05995341017842293,2.114802598953247
73.2,73.2,rgbd,5802,24.315558554287872,52.880407061339085,109.71928,238.61266,11.067816734313965,9.913362503051758,2.1747560501098633,-0.05995341017842293,2.114802598953247
75.2,75.2,rgbd,5960,24.977719576621116,54.32044572312667,109.71928,238.61266,11.067816734313965,9.913362503051758,2.1747560501098633,-0.05995341017842293,2.114802598953247
77.3,77.3,rgbd,6199,25.979342895213808,56.49873205329903,109.71928,238.61266,11.067816734313965,9.913362503051758,2.1747560501098633,-0.05995341017842293,2.114802598953247
79.3,79.3,rgbd,6329,26.52415892624749,57.683573990212864,109.71928,238.61266,11.067816734313965,9.913362503051758,2.1747560501098633,-0.05995341017842293,2.114802598953247
81.3,81.3,rgbd,6389,26.77561247903227,58.23042411494233,109.71928,238.61266,11.067816734313965,9.913362503051758,2.1747560501098633,-0.05995341017842293,2.114802598953247
83.3,83.3,rgbd,6510,27.282710477148235,59.33323853314675,109.71928,238.61266,11.067816734313965,9.913362503051758,2.1747560501098633,-0.05995341017842293,2.114802598953247
85.4,85.4,rgbd,6786,28.500990904595536,61.77232579366907,109.85502,238.09698,11.034152030944824,9.955909729003906,2.167374610900879,-0.14378274977207184,2.0235917568206787
87.4,87.4,rgbd,6676,27.044250141968636,60.84396090240537,109.7233,246.85469,11.00869083404541,9.966970443725586,2.2497928142547607,-0.14103275537490845,2.108760118484497
89.3,89.3,rgbd,6716,27.52463491724407,61.008490516608305,110.08304,243.9996,11.004989624023438,10.003011703491211,2.2165050506591797,-0.1863081157207489,2.0301969051361084
91.5,91.5,rgbd,6919,26.9678086223748,59.70863878837086,115.87938,256.56516,11.571090698242188,10.014559745788574,2.2140707969665527,-0.13038331270217896,2.0836875438690186
93.3,93.3,rgbd,7097,26.488772474443184,61.155565653720764,116.04831,267.92484,11.624616622924805,9.982979774475098,2.3087353706359863,-0.20589296519756317,2.102842330932617
95.5,95.5,rgbd,7360,21.955514617422924,54.344815060639576,135.4315,335.2233,11.743399620056152,11.532564163208008,2.475224018096924,-0.4422319829463959,2.032992124557495
97.5,97.5,rgbd,7486,22.331383481797285,55.27517466629727,135.4315,335.2233,11.743399620056152,11.532564163208008,2.475224018096924,-0.4422319829463959,2.032992124557495
99.5,99.5,rgbd,7744,21.504358915081323,53.22810690577798,145.48705,360.11304,12.615324974060059,11.532564163208008,2.475224018096924,-0.4422319829463959,2.032992124557495
101.5,101.5,rgbd,8064,21.235227822848955,52.56194650218122,153.41898,379.74634,13.303110122680664,11.532564163208008,2.475224018096924,-0.4422319829463959,2.032992124557495
103.5,103.5,rgbd,8353,21.996262153305718,54.4456769757837,153.41898,379.74634,13.303110122680664,11.532564163208008,2.475224018096924,-0.4422319829463959,2.032992124557495
105.6,105.6,rgbd,8555,20.77516888842381,51.42319669745703,166.36461,411.78967,14.425639152526855,11.532564163208008,2.475224018096924,-0.4422319829463959,2.032992124557495
107.7,107.7,rgbd,8721,21.17828730285728,52.421005072884014,166.36461,411.78967,14.425639152526855,11.532564163208008,2.475224018096924,-0.4422319829463959,2.032992124557495
109.7,109.7,rgbd,8989,20.4187030036097,50.54086453163596,177.85608,440.23364,15.422076225280762,11.532564163208008,2.475224018096924,-0.4422319829463959,2.032992124557495
111.7,111.7,rgbd,9217,20.719314886980158,51.28494486305612,179.72136,444.85062,15.583816528320312,11.532564163208008,2.475224018096924,-0.4422319829463959,2.032992124557495
113.7,113.7,rgbd,9468,20.42981419810453,50.56836692157519,187.23167,463.44034,16.235042572021484,11.532564163208008,2.475224018096924,-0.4422319829463959,2.032992124557495
115.7,115.7,rgbd,9691,20.67034242483003,51.16372811878639,189.41153,468.83597,16.424060821533203,11.532564163208008,2.475224018096924,-0.4422319829463959,2.032992124557495
117.8,117.8,rgbd,9908,18.56274081395015,45.94694224566123,215.64003,533.7574,18.220157623291016,11.835245132446289,2.475224018096924,-0.4422319829463959,2.032992124557495
119.8,119.8,rgbd,10280,19.188626877050847,47.49614932334686,216.4386,535.734,18.220157623291016,11.879074096679688,2.475224018096924,-0.4422319829463959,2.032992124557495
121.8,121.8,rgbd,10475,19.55373624723452,48.39987859307565,216.42616,535.70325,18.220157623291016,11.87839126586914,2.475224018096924,-0.4422319829463959,2.032992124557495
123.8,123.8,rgbd,10581,19.751606991120617,48.889653020843284,216.42616,535.70325,18.220157623291016,11.87839126586914,2.475224018096924,-0.4422319829463959,2.032992124557495
125.8,125.8,rgbd,10605,19.79640791426464,49.00054534411143,216.42616,535.70325,18.220157623291016,11.87839126586914,2.475224018096924,-0.4422319829463959,2.032992124557495
127.8,127.8,rgbd,10721,19.996908470297306,49.496826118850606,216.59975,536.1329,18.234771728515625,11.87839126586914,2.475224018096924,-0.4422319829463959,2.032992124557495
129.9,129.9,rgbd,10911,19.88311476263164,49.21516306775075,221.69997,548.7571,18.664140701293945,11.87839126586914,2.475224018096924,-0.4422319829463959,2.032992124557495
131.8,131.8,rgbd,11228,19.88379817787612,49.216855743977014,228.13322,564.68085,19.205734252929688,11.87839126586914,2.475224018096924,-0.4422319829463959,2.032992124557495
133.8,133.8,rgbd,11404,20.18913064149443,49.97262196736482,228.20496,564.8584,19.211772918701172,11.87839126586914,2.475224018096924,-0.4422319829463959,2.032992124557495
135.8,135.8,rgbd,11584,20.50941234570036,50.765388602103414,228.18697,564.81384,19.21025848388672,11.87839126586914,2.475224018096924,-0.4422319829463959,2.032992124557495
137.8,137.8,rgbd,11620,20.573150160310615,50.923153967234256,228.18697,564.81384,19.21025848388672,11.87839126586914,2.475224018096924,-0.4422319829463959,2.032992124557495
139.8,139.8,rgbd,11676,20.67229787192657,51.168566757437794,228.18697,564.81384,19.21025848388672,11.87839126586914,2.475224018096924,-0.4422319829463959,2.032992124557495
141.9,141.9,rgbd,11729,20.76613409899167,51.40083243388043,228.18697,564.81384,19.21025848388672,11.87839126586914,2.475224018096924,-0.4422319829463959,2.032992124557495
143.9,143.9,rgbd,11845,20.971511501624718,51.90918749930205,228.18697,564.81384,19.21025848388672,11.87839126586914,2.475224018096924,-0.4422319829463959,2.032992124557495
145.9,145.9,rgbd,11823,21.28368503430025,52.21155260058747,226.44414,555.4959,19.241260528564453,11.768674850463867,2.453125476837158,-0.388041615486145,2.0650839805603027
147.9,147.9,rgbd,12141,22.07936012325131,53.38510079644969,227.423,549.88007,19.24109649658203,11.819648742675781,2.4178736209869385,-0.3070833683013916,2.110790252685547
150.2,150.2,rgbd,12277,22.326686783062048,53.98310538489522,227.423,549.88007,19.24109649658203,11.819648742675781,2.4178736209869385,-0.3070833683013916,2.110790252685547
152.0,152.0,rgbd,12462,22.66312378353989,54.79656750888362,227.423,549.88007,19.24109649658203,11.819648742675781,2.4178736209869385,-0.3070833683013916,2.110790252685547
154.0,154.0,rgbd,12595,22.904994708207745,55.38138081964285,227.423,549.88007,19.24109649658203,11.819648742675781,2.4178736209869385,-0.3070833683013916,2.110790252685547
156.0,156.0,rgbd,12665,23.032295194875037,55.68917729898981,227.423,549.88007,19.24109649658203,11.819648742675781,2.4178736209869385,-0.3070833683013916,2.110790252685547
158.1,158.1,rgbd,12912,23.48148405497248,56.77525916182839,227.423,549.88007,19.24109649658203,11.819648742675781,2.4178736209869385,-0.3070833683013916,2.110790252685547
160.1,160.1,rgbd,12980,23.362350205127726,56.92784723966382,228.00792,555.5948,19.242477416992188,11.849197387695312,2.436734676361084,-0.25233420729637146,2.1844005584716797
162.2,162.2,rgbd,13096,21.75548949654258,57.06170880731871,229.50592,601.963,19.253047943115234,11.92049789428711,2.6228647232055664,-0.34948107600212097,2.273383617401123
164.2,164.2,rgbd,13134,18.57567347863315,56.315324006349194,233.22249,707.0538,19.187570571899414,12.15487289428711,3.031670570373535,-0.5804368853569031,2.4512336254119873
166.1,166.1,rgbd,13161,18.61386010752938,56.43109328822611,233.22249,707.0538,19.187570571899414,12.15487289428711,3.031670570373535,-0.5804368853569031,2.4512336254119873
168.2,168.2,rgbd,13235,18.718519757096825,56.74838687559247,233.22249,707.0538,19.187570571899414,12.15487289428711,3.031670570373535,-0.5804368853569031,2.4512336254119873
170.2,170.2,rgbd,13308,18.821765087075523,57.06139271177821,233.22249,707.0538,19.187570571899414,12.15487289428711,3.031670570373535,-0.5804368853569031,2.4512336254119873
172.2,172.2,rgbd,13368,18.90662426240048,57.3186577826158,233.22249,707.0538,19.187570571899414,12.15487289428711,3.031670570373535,-0.5804368853569031,2.4512336254119873
174.2,174.2,rgbd,13452,19.02542710785542,57.678828881788434,233.22249,707.0538,19.187570571899414,12.15487289428711,3.031670570373535,-0.5804368853569031,2.4512336254119873
176.7,176.7,rgbd,13513,19.11170060276913,57.94038170380666,233.22249,707.0538,19.187570571899414,12.15487289428711,3.031670570373535,-0.5804368853569031,2.4512336254119873
178.3,178.3,rgbd,13628,19.274347355475296,58.43347308957871,233.22249,707.0538,19.187570571899414,12.15487289428711,3.031670570373535,-0.5804368853569031,2.4512336254119873
180.2,180.2,rgbd,13901,20.468660220881514,59.715603742051194,232.78673,679.1358,19.189212799072266,12.131124496459961,2.9174163341522217,-0.4897032380104065,2.42771315574646
182.3,182.3,rgbd,14385,21.198724823214167,61.67743238896974,233.22955,678.57855,19.160282135009766,12.172553062438965,2.909487724304199,-0.5028547048568726,2.406632900238037
184.3,184.3,rgbd,13838,22.4417984298586,58.317151664872455,237.28868,616.61725,18.89674186706543,12.557121276855469,2.598595380783081,-0.4304600656032562,2.168135404586792
186.3,186.3,rgbd,14092,23.7169944279015,59.277165083742105,237.73067,594.1731,18.893959045410156,12.582364082336426,2.4993538856506348,-0.4367947280406952,2.062559127807617
188.3,188.3,rgbd,14163,23.836488226111904,59.57582238724378,237.73067,594.1731,18.893959045410156,12.582364082336426,2.4993538856506348,-0.4367947280406952,2.062559127807617
190.3,190.3,rgbd,14105,24.03529115043097,59.331418488924605,237.73239,586.8454,18.874717712402344,12.595281600952148,2.468512535095215,-0.4261367917060852,2.0423758029937744
192.3,192.3,rgbd,14175,24.154572992368596,59.625867215916784,237.73239,586.8454,18.874717712402344,12.595281600952148,2.468512535095215,-0.4261367917060852,2.0423758029937744
194.3,194.3,rgbd,14284,24.340311860528608,60.08436594794747,237.73239,586.8454,18.874717712402344,12.595281600952148,2.468512535095215,-0.4261367917060852,2.0423758029937744
196.4,196.4,rgbd,14343,24.44084941301889,60.33254416069802,237.73239,586.8454,18.874717712402344,12.595281600952148,2.468512535095215,-0.4261367917060852,2.0423758029937744
198.4,198.4,rgbd,14376,24.49708228136091,60.47135570342291,237.73239,586.8454,18.874717712402344,12.595281600952148,2.468512535095215,-0.4261367917060852,2.0423758029937744
200.3,200.3,rgbd,14399,24.53627488656899,60.56810314229177,237.73239,586.8454,18.874717712402344,12.595281600952148,2.468512535095215,-0.4261367917060852,2.0423758029937744
202.4,202.4,rgbd,14432,24.59250775491101,60.706914685016656,237.73239,586.8454,18.874717712402344,12.595281600952148,2.468512535095215,-0.4261367917060852,2.0423758029937744
204.5,204.5,rgbd,14475,24.66578088638698,60.887790331597564,237.73239,586.8454,18.874717712402344,12.595281600952148,2.468512535095215,-0.4261367917060852,2.0423758029937744
206.5,206.5,rgbd,14517,24.737349991549554,61.06445956779287,237.73239,586.8454,18.874717712402344,12.595281600952148,2.468512535095215,-0.4261367917060852,2.0423758029937744
208.5,208.5,rgbd,14637,24.941833149156906,61.569228814065184,237.73239,586.8454,18.874717712402344,12.595281600952148,2.468512535095215,-0.4261367917060852,2.0423758029937744
210.6,210.6,rgbd,14743,25.122459938376736,62.01510831493906,237.73239,586.8454,18.874717712402344,12.595281600952148,2.468512535095215,-0.4261367917060852,2.0423758029937744
212.6,212.6,rgbd,14950,25.47519338524942,62.885835264758796,237.73239,586.8454,18.874717712402344,12.595281600952148,2.468512535095215,-0.4261367917060852,2.0423758029937744
214.7,214.7,rgbd,15154,25.82281475318192,63.743942983421725,237.73239,586.8454,18.874717712402344,12.595281600952148,2.468512535095215,-0.4261367917060852,2.0423758029937744
216.6,216.6,rgbd,15247,25.981289200327616,64.13513914928276,237.73239,586.8454,18.874717712402344,12.595281600952148,2.468512535095215,-0.4261367917060852,2.0423758029937744
218.5,218.5,rgbd,15267,26.01536972659551,64.21926735699482,237.73239,586.8454,18.874717712402344,12.595281600952148,2.468512535095215,-0.4261367917060852,2.0423758029937744
220.6,220.6,rgbd,15411,23.466548894238464,57.927470509321104,266.03958,656.72205,18.874717712402344,14.095023155212402,2.468512535095215,-0.4261367917060852,2.0423758029937744
222.6,222.6,rgbd,15498,22.63640494432927,55.87824965782941,277.353,684.64935,18.874717712402344,14.694418907165527,2.468512535095215,-0.4261367917060852,2.0423758029937744
224.6,224.6,rgbd,15593,22.775162104589388,56.220773449124664,277.353,684.64935,18.874717712402344,14.694418907165527,2.468512535095215,-0.4261367917060852,2.0423758029937744
226.5,226.5,rgbd,15734,21.338784706917068,52.67505706351912,298.69925,737.34283,18.874717712402344,15.825363159179688,2.468512535095215,-0.4261367917060852,2.0423758029937744
228.6,228.6,rgbd,15919,20.928216694435413,51.66156459233238,308.1401,760.6477,18.874717712402344,16.32554817199707,2.468512535095215,-0.4261367917060852,2.0423758029937744
230.7,230.7,rgbd,16134,17.91934245625923,52.13545582179633,309.4631,900.36786,18.913496017456055,16.36202621459961,2.909451484680176,-0.5456308126449585,2.3638205528259277
232.7,232.7,rgbd,16508,21.151464172330424,53.51413988993344,308.47922,780.46606,18.89284896850586,16.327829360961914,2.5300443172454834,-0.41842320561408997,2.111621141433716
234.8,234.8,rgbd,16468,21.397342181625255,53.386689740534734,308.4664,769.6283,18.856388092041016,16.358720779418945,2.4950149059295654,-0.3862549662590027,2.108759880065918
236.9,236.9,rgbd,16536,21.485696521457083,53.607135143884044,308.4664,769.6283,18.856388092041016,16.358720779418945,2.4950149059295654,-0.3862549662590027,2.108759880065918
238.9,238.9,rgbd,16711,21.45443492413376,53.52913687835066,312.18512,778.90656,18.856388092041016,16.55593490600586,2.4950149059295654,-0.3862549662590027,2.108759880065918
240.9,240.9,rgbd,16890,20.82078315122675,51.94816292483545,325.1318,811.2087,18.856388092041016,17.242528915405273,2.4950149059295654,-0.3862549662590027,2.108759880065918
243.0,243.0,rgbd,17107,21.08496958496669,52.60731367955648,325.18292,811.33624,18.856388092041016,17.2452392578125,2.4950149059295654,-0.3862549662590027,2.108759880065918
244.9,244.9,rgbd,17342,21.374615218477366,53.3299838563669,325.18292,811.33624,18.856388092041016,17.2452392578125,2.4950149059295654,-0.3862549662590027,2.108759880065918
246.9,246.9,rgbd,17682,21.11072191785833,52.671567011632575,335.70294,837.58386,18.856388092041016,17.80314064025879,2.4950149059295654,-0.3862549662590027,2.108759880065918
248.9,248.9,rgbd,18048,21.431149765176553,53.471039681797706,337.5285,842.1387,18.856388092041016,17.89995574951172,2.4950149059295654,-0.3862549662590027,2.108759880065918
250.9,250.9,rgbd,18173,21.57958137647127,53.84137877533853,337.5285,842.1387,18.856388092041016,17.89995574951172,2.4950149059295654,-0.3862549662590027,2.108759880065918
253.0,253.0,rgbd,18320,20.581517323095426,51.35119187489024,356.759,890.119,18.856388092041016,18.919795989990234,2.4950149059295654,-0.3862549662590027,2.108759880065918
255.1,255.1,rgbd,18442,20.71857764588023,51.693159419035254,356.759,890.119,18.856388092041016,18.919795989990234,2.4950149059295654,-0.3862549662590027,2.108759880065918
257.0,257.0,rgbd,18837,19.912894260267844,49.682968427269905,379.144,945.97,18.856388092041016,20.10692596435547,2.4950149059295654,-0.3862549662590027,2.108759880065918
259.1,259.1,rgbd,19000,20.085204169723898,50.112884223503116,379.144,945.97,18.856388092041016,20.10692596435547,2.4950149059295654,-0.3862549662590027,2.108759880065918
261.1,261.1,rgbd,19123,20.21523987332151,50.43732356926653,379.14383,945.9695,18.856388092041016,20.106916427612305,2.4950149059295654,-0.3862549662590027,2.108759880065918
263.2,263.2,rgbd,19495,20.608487231626988,51.41848156580301,379.14383,945.9695,18.856388092041016,20.106916427612305,2.4950149059295654,-0.3862549662590027,2.108759880065918
265.3,265.3,rgbd,19601,20.720541586412956,51.69805884438599,379.14383,945.9695,18.856388092041016,20.106916427612305,2.4950149059295654,-0.3862549662590027,2.108759880065918
267.2,267.2,rgbd,19651,20.773400094794667,51.82994326285319,379.14377,945.96936,18.856388092041016,20.106914520263672,2.4950149059295654,-0.3862549662590027,2.108759880065918
269.3,269.3,rgbd,19902,21.038736384235076,52.49196126493838,379.14377,945.96936,18.856388092041016,20.106914520263672,2.4950149059295654,-0.3862549662590027,2.108759880065918
271.3,271.3,rgbd,19936,21.074678351728995,52.58163701024076,379.14377,945.96936,18.856388092041016,20.106914520263672,2.4950149059295654,-0.3862549662590027,2.108759880065918
273.3,273.3,rgbd,20038,21.182504254210755,52.85066424614789,379.14377,945.96936,18.856388092041016,20.106914520263672,2.4950149059295654,-0.3862549662590027,2.108759880065918
275.4,275.4,rgbd,20135,21.72094590310375,53.128706791293794,378.98532,926.9854,18.80701446533203,20.151275634765625,2.4459664821624756,-0.36370205879211426,2.0822644233703613
277.4,277.4,rgbd,20389,21.99495237240538,53.79891744562648,378.98532,926.9854,18.80701446533203,20.151275634765625,2.4459664821624756,-0.36370205879211426,2.0822644233703613
279.5,279.5,rgbd,21134,22.54910497638807,55.76734675471091,378.9673,937.2434,18.828662872314453,20.127147674560547,2.473151206970215,-0.39381107687950134,2.0793402194976807
281.5,281.5,rgbd,21145,22.938401026971782,55.820228535419346,378.80533,921.81665,18.829456329345703,20.117698669433594,2.433483839035034,-0.35887497663497925,2.07460880279541
283.5,283.5,rgbd,20697,21.714351286443776,54.58655479121064,379.1593,953.14844,18.853200912475586,20.11113739013672,2.5138468742370605,-0.433145135641098,2.0807018280029297
285.5,285.5,rgbd,20713,21.565510261261192,54.566340016961846,379.593,960.4688,18.87165069580078,20.114456176757812,2.530259609222412,-0.44740965962409973,2.0828499794006348
287.4,287.4,rgbd,21096,22.24390726103736,55.58606755801277,379.51956,948.39453,18.877347946166992,20.104496002197266,2.498934507369995,-0.4129785895347595,2.085955858230591
289.4,289.4,rgbd,21500,23.591897464830087,56.776642237411295,378.67685,911.32983,18.82232093811035,20.118499755859375,2.4066162109375,-0.35321763157844543,2.053398609161377
291.4,291.4,rgbd,21652290.9,290.9,rgbd,25011,26.624421412291657,79.65820045229302,313.97897,939.4007,17.482772827148438,17.959335327148438,2.991922378540039,-0.9926292896270752,1.9992930889129639
293.0,293.0,rgbd,25188,26.81283941197082,80.22193246940772,313.97897,939.4007,17.482772827148438,17.959335327148438,2.991922378540039,-0.9926292896270752,1.9992930889129639
4.2,4.2,rgbd,271,22.95382039976843,45.15803909889907,6.0011463,11.8063135,2.18027925491333,2.752466917037964,1.9673430919647217,0.0014560427516698837,1.968799114227295
4.5,4.5,rgbd,25549,24.150959559623203,72.25779955013525,353.5812,1057.8876,19.687877655029297,17.959335327148438,2.991922378540039,-0.9926292896270752,1.9992930889129639
6.3,6.3,rgbd,527,31.60602141524169,62.18120874696548,8.475229,16.674038,2.18027925491333,3.8872220516204834,1.967384934425354,0.0014141425490379333,1.968799114227295
6.4,6.4,rgbd,25783,24.372155087313203,72.91959942859357,353.5812,1057.8876,19.687877655029297,17.959335327148438,2.991922378540039,-0.9926292896270752,1.9992930889129639
8.5,8.5,rgbd,832,30.640116202824476,60.284430021149625,13.801242,27.153944,3.55041241645813,3.8872220516204834,1.96750009059906,0.001299045979976654,1.968799114227295
8.7,8.7,rgbd,25977,24.555539413688674,73.46827112270005,353.5812,1057.8876,19.687877655029297,17.959335327148438,2.991922378540039,-0.9926292896270752,1.9992930889129639
10.4,10.4,rgbd,891,32.81291290470746,64.55940763082249,13.801242,27.153944,3.55041241645813,3.8872220516204834,1.96750009059906,0.001299045979976654,1.968799114227295
10.7,10.7,rgbd,26009,24.5857883747403,73.55877367018152,353.5812,1057.8876,19.687877655029297,17.959335327148438,2.991922378540039,-0.9926292896270752,1.9992930889129639
12.3,12.3,rgbd,1006,31.204668591995052,61.39518896903536,16.385649,32.238766,4.215259075164795,3.8872220516204834,1.96750009059906,0.001299045979976654,1.968799114227295
12.7,12.7,rgbd,26069,24.642505176712096,73.72846594670929,353.5812,1057.8876,19.687877655029297,17.959335327148438,2.991922378540039,-0.9926292896270752,1.9992930889129639
14.4,14.4,rgbd,1160,29.62607205453534,61.19625565991383,18.955408,39.1547,4.876338005065918,3.8872220516204834,2.0656216144561768,-0.0968225747346878,1.968799114227295
14.8,14.8,rgbd,26233,19.238224080766962,74.06193369222288,354.20355,1363.5874,19.67449951171875,18.0031795501709,3.8497281074523926,-1.7359591722488403,2.113769054412842
16.5,16.5,rgbd,1231,29.52795462768248,60.99358223950535,20.182451,41.68931,5.191998481750488,3.8872220516204834,2.0656216144561768,-0.0968225747346878,1.968799114227295
17.0,17.0,rgbd,26307,19.29249269594543,74.27085311025455,354.20355,1363.5874,19.67449951171875,18.0031795501709,3.8497281074523926,-1.7359591722488403,2.113769054412842
18.5,18.5,rgbd,1315,26.67606428578172,55.102653098886606,23.86455,49.295128,6.139229774475098,3.8872220516204834,2.0656216144561768,-0.0968225747346878,1.968799114227295
18.9,18.9,rgbd,26417,19.37316225904856,74.58140900192322,354.20355,1363.5874,19.67449951171875,18.0031795501709,3.8497281074523926,-1.7359591722488403,2.113769054412842
20.5,20.5,rgbd,1430,22.36653352128737,46.20079403818771,30.951849,63.934807,7.065256595611572,4.380852699279785,2.0656216144561768,-0.0968225747346878,1.968799114227295
20.9,20.9,rgbd,26533,19.458231980139132,74.90890430586474,354.20355,1363.5874,19.67449951171875,18.0031795501709,3.8497281074523926,-1.7359591722488403,2.113769054412842
22.5,22.5,rgbd,1495,20.924619739269616,43.22234747233184,34.58859,71.44694,7.523589134216309,4.597352027893066,2.0656216144561768,-0.0968225747346878,1.968799114227295
23.0,23.0,rgbd,26610,19.51470067431132,75.12629343003282,354.20355,1363.5874,19.67449951171875,18.0031795501709,3.8497281074523926,-1.7359591722488403,2.113769054412842
24.6,24.6,rgbd,1582,12.441629448843408,25.699699352444267,61.55714,127.15376,9.28048324584961,6.632966995239258,2.0656216144561768,-0.0968225747346878,1.968799114227295
25.1,25.1,rgbd,26764,19.433672043963835,75.52774107139166,354.35986,1377.1973,19.676095962524414,18.009662628173828,3.886436939239502,-1.760819435119629,2.125617504119873
26.5,26.5,rgbd,1737,11.760251114494126,24.292091425866793,71.50475,147.70093,10.580148696899414,6.758388519287109,2.065609931945801,-0.09755468368530273,1.968055248260498
27.1,27.1,rgbd,26955,19.695713474418447,76.1049389290009,354.182,1368.5719,19.670188903808594,18.00602912902832,3.8640356063842773,-1.7535121440887451,2.1105234622955322
28.5,28.5,rgbd,1899,11.208851447453178,23.69180535588099,80.1543,169.41968,11.273113250732422,7.110218048095703,2.1136693954467773,-0.1130291149020195,2.000640392303467
29.0,29.0,rgbd,27078,20.402833842201623,76.10619419839581,355.79233,1327.1686,19.61449432373047,18.13925552368164,3.730177640914917,-1.6958160400390625,2.0343616008758545
30.5,30.5,rgbd,2115,10.807362583126126,22.84319200360129,92.58776,195.69992,11.84438705444336,7.817016124725342,2.1136693954467773,-0.1130291149020195,2.000640392303467
31.0,31.0,rgbd,27257,20.59560042960433,76.65459799773647,355.58206,1323.438,19.624841690063477,18.118976593017578,3.7218918800354004,-1.695422649383545,2.0264692306518555
32.5,32.5,rgbd,2272,10.667276479990143,22.642623767002274,100.34173,212.98782,11.833251953125,8.47964096069336,2.122624635696411,-0.15306514501571655,1.9695594310760498
33.1,33.1,rgbd,27432,21.42650116074585,77.231704450319,355.19092,1280.2837,19.63348960876465,18.091073989868164,3.604494333267212,-1.6449391841888428,1.9595551490783691
34.6,34.6,rgbd,2435,11.271499916018298,24.267072567187736,100.34173,216.03159,11.833251953125,8.47964096069336,2.152958631515503,-0.15306514501571655,1.9998934268951416
35.0,35.0,rgbd,27596,21.340057440748005,77.69342796773851,355.19092,1293.1549,19.63348960876465,18.091073989868164,3.6407320499420166,-1.6449391841888428,1.9957928657531738
36.6,36.6,rgbd,2561,11.910833301398464,25.522781455674657,100.34173,215.01434,11.833251953125,8.47964096069336,2.1428208351135254,-0.15306514501571655,1.9897557497024536
37.1,37.1,rgbd,27760,21.466879060558217,78.15515148515804,355.19092,1293.1549,19.63348960876465,18.091073989868164,3.6407320499420166,-1.6449391841888428,1.9957928657531738
38.6,38.6,rgbd,2723,11.335338770346718,24.289600367608227,112.10559,240.2222,11.833251953125,9.473776817321777,2.1428208351135254,-0.15306514501571655,1.9897557497024536
39.1,39.1,rgbd,27960,21.621539572521893,78.71822894542575,355.19092,1293.1549,19.63348960876465,18.091073989868164,3.6407320499420166,-1.6449391841888428,1.9957928657531738
40.6,40.6,rgbd,2890,9.770333074096643,21.043680747301114,137.33339,295.7934,14.496160507202148,9.473776817321777,2.153834581375122,-0.15306514501571655,2.0007693767547607
41.1,41.1,rgbd,28096,21.726708720657193,79.10112161840779,355.19092,1293.1549,19.63348960876465,18.091073989868164,3.6407320499420166,-1.6449391841888428,1.9957928657531738
42.6,42.6,rgbd,3103,10.489749552959207,22.59318498833168,137.3423,295.8126,14.497100830078125,9.473776817321777,2.153834581375122,-0.15306514501571655,2.0007693767547607
43.1,43.1,rgbd,28342,21.916941150372516,79.79370689453708,355.19092,1293.1549,19.63348960876465,18.091073989868164,3.6407320499420166,-1.6449391841888428,1.9957928657531738
44.6,44.6,rgbd,3375,11.40823024092913,24.571440632682602,137.35458,295.83905,14.498397827148438,9.473776817321777,2.153834581375122,-0.15306514501571655,2.0007693767547607
45.1,45.1,rgbd,28538,22.068508452096918,80.34552280559943,355.19092,1293.1549,19.63348960876465,18.091073989868164,3.6407320499420166,-1.6449391841888428,1.9957928657531738
46.6,46.6,rgbd,3711,10.794740315856238,23.250084963671878,159.61232,343.77853,14.501934051513672,11.006278038024902,2.153834581375122,-0.15306514501571655,2.0007693767547607
47.1,47.1,rgbd,28832,22.181825387620286,80.75808023605981,357.0169,1299.8029,19.63348960876465,18.184078216552734,3.6407320499420166,-1.64493918382.3,382.3,rgbd,31353,23.13900387350095,82.85534335557271,378.4065,1354.9849,16.861923217773438,22.441478729248047,3.5807652473449707,-0.902166485786438,2.678598642349243
384.3,384.3,rgbd,31888,23.12849.1,49.1,rgbd,29131,22.41186027215478,81.59557558811939,357.0169,1299.8029,19.63348960876465,18.184078216552734,3.6407320499420166,-1.6449391841888428,1.9957928657531738
50.5,50.5,rgbd,4445,12.927616359078995,27.843946783782183,159.63972,343.83755,14.504424095153809,11.006278038024902,2.153834581375122,-0.15306514501571655,2.0007693767547607
51.1,51.1,rgbd,29309,22.548804116459593,82.0941514164358,357.0169,1299.8029,19.63348960876465,18.184078216552734,3.6407320499420166,-1.6449391841888428,1.9957928657531738
52.6,52.6,rgbd,4491,13.059832154531566,28.12871871059182,159.65889,343.87885,14.506165504455566,11.006278038024902,2.153834581375122,-0.15306514501571655,2.0007693767547607
53.0,53.0,rgbd,29371,22.596503657734303,82.26781266000668,357.0169,1299.8029,19.63348960876465,18.184078216552734,3.6407320499420166,-1.6449391841888428,1.9957928657531738
54.6,54.6,rgbd,4517,13.104826799131793,28.225629509504714,160.03186,344.68216,14.54005241394043,11.006278038024902,2.153834581375122,-0.15306514501571655,2.0007693767547607
55.0,55.0,rgbd,29413,22.628816250210722,82.38545414758696,357.0169,1299.8029,19.63348960876465,18.184078216552734,3.6407320499420166,-1.6449391841888428,1.9957928657531738
56.6,56.6,rgbd,4618,13.397850378213553,28.856753835486554,160.03186,344.68216,14.54005241394043,11.006278038024902,2.153834581375122,-0.15306514501571655,2.0007693767547607
58.0,58.0,rgbd,30917,40.29961590213989,98.4494307970998,314.0394,767.1785,16.723508834838867,18.7783203125,2.442937135696411,-0.44282984733581543,2.0001072883605957
58.6,58.6,rgbd,4570,8.63742162716941,30.687422941913177,148.92094,529.0931,15.572555541992188,9.563037872314453,3.5528452396392822,-1.0935471057891846,2.4592981338500977
59.1,59.1,rgbd,30958,35.606944765612965,99.033336795747,312.6018,869.43713,16.42827606201172,19.028278350830078,2.781292676925659,-0.7026557922363281,2.078636884689331
60.6,60.6,rgbd,4661,8.795706050940485,30.204275244142657,154.3159,529.91766,15.142786979675293,10.190719604492188,3.4339795112609863,-1.004747748374939,2.429231643676758
61.1,61.1,rgbd,31137,34.43626489137106,99.6646300955183,312.41776,904.19214,16.367053985595703,19.08820915222168,2.894176483154297,-0.786216676235199,2.107959747314453
62.7,62.7,rgbd,4749,6.7632819637883435,30.70851522384484,154.64766,702.1739,15.035324096679688,10.285621643066406,4.540475368499756,-1.7351770401000977,2.805298328399658
63.2,63.2,rgbd,31185,34.489350953444664,99.8182705311603,312.41776,904.19214,16.367053985595703,19.08820915222168,2.894176483154297,-0.786216676235199,2.107959747314453
64.7,64.7,rgbd,4812,6.853003329069174,31.115892873687383,154.64766,702.1739,15.035324096679688,10.285621643066406,4.540475368499756,-1.7351770401000977,2.805298328399658
65.2,65.2,rgbd,31276,34.5899932794592,100.10954719039826,312.41776,904.19214,16.367053985595703,19.08820915222168,2.894176483154297,-0.786216676235199,2.107959747314453
66.7,66.7,rgbd,4885,6.956966180902517,31.587933642552546,154.64766,702.1739,15.035324096679688,10.285621643066406,4.540475368499756,-1.7351770401000977,2.805298328399658
67.1,67.1,rgbd,31368,34.69174156510028,100.40402469204541,312.41776,904.19214,16.367053985595703,19.08820915222168,2.894176483154297,-0.786216676235199,2.107959747314453
68.7,68.7,rgbd,4952,6.984497215793481,31.7129364758756,156.15079,708.9988,15.181463241577148,10.285621643066406,4.540475368499756,-1.7351770401000977,2.805298328399658
69.1,69.1,rgbd,31423,34.75256934455962,100.58007102455187,312.41776,904.19214,16.367053985595703,19.08820915222168,2.894176483154297,-0.786216676235199,2.107959747314453
70.7,70.7,rgbd,5025,6.826637231746596,30.996178261457214,162.11676,736.08716,15.320028305053711,10.582014083862305,4.540475368499756,-1.7351770401000977,2.805298328399658
71.1,71.1,rgbd,31496,34.83330439729656,100.81373252042408,312.41776,904.19214,16.367053985595703,19.08820915222168,2.894176483154297,-0.786216676235199,2.107959747314453
72.7,72.7,rgbd,5198,5.591297841871717,25.38715009270447,204.74925,929.65894,17.01903533935547,12.03060245513916,4.540475368499756,-1.7351770401000977,2.805298328399658
73.1,73.1,rgbd,31634,31.55829399492331,91.33527232343194,346.3503,1002.3989,18.144725799560547,19.08820915222168,2.894176483154297,-0.786216676235199,2.107959747314453
74.8,74.8,rgbd,5310,5.517549648188908,25.052297968984913,211.9566,962.3837,17.01903533935547,12.454090118408203,4.540475368499756,-1.7351770401000977,2.805298328399658
75.2,75.2,rgbd,31726,31.650073821930107,91.60089934036802,346.3503,1002.3989,18.144725799560547,19.08820915222168,2.894176483154297,-0.786216676235199,2.107959747314453
76.9,76.9,rgbd,5572,4.91470447218728,22.315094370869122,249.69646,1133.7406,17.01903533935547,14.671598434448242,4.540475368499756,-1.7351770401000977,2.805298328399658
77.4,77.4,rgbd,31942,31.865556894033016,92.22454538013096,346.3503,1002.3989,18.144725799560547,19.08820915222168,2.894176483154297,-0.786216676235199,2.107959747314453
78.8,78.8,rgbd,5791,4.7516192508407,21.57461065317492,268.41736,1218.7424,17.008621215820312,15.78125286102295,4.540475368499756,-1.7351770401000977,2.805298328399658
79.3,79.3,rgbd,32174,31.860478424410765,92.20985003664683,348.9215,1009.84045,18.27942657470703,19.08820915222168,2.894176483154297,-0.786216676235199,2.107959747314453
80.8,80.8,rgbd,5996,4.699692601619047,21.33883842267374,280.99,1275.8281,17.5447998046875,16.01557159423828,4.540475368499756,-1.7351770401000977,2.805298328399658
81.2,81.2,rgbd,32445,31.17703983711285,90.2318572188778,359.57367,1040.6697,18.837474822998047,19.08820915222168,2.894176483154297,-0.786216676235199,2.107959747314453
82.8,82.8,rgbd,6257,4.8786786033920855,22.15152018686722,282.46368,1282.5194,17.636816024780273,16.01557159423828,4.540475368499756,-1.7351770401000977,2.805298328399658
83.2,83.2,rgbd,32692,31.414387004311706,90.91878182153039,359.57367,1040.6697,18.837474822998047,19.08820915222168,2.894176483154297,-0.786216676235199,2.107959747314453
84.8,84.8,rgbd,6487,4.7093790114217375,21.382820110548547,303.3744,1377.464,17.8814754486084,16.96584701538086,4.540475368499756,-1.7351770401000977,2.805298328399658
85.2,85.2,rgbd,32877,31.334848835468193,90.68858362677886,362.52634,1049.2152,18.99216079711914,19.08820915222168,2.894176483154297,-0.786216676235199,2.107959747314453
86.9,86.9,rgbd,6699,4.726556830347415,21.46081557477259,312.1503,1417.3108,18.398744583129883,16.96584701538086,4.540475368499756,-1.7351770401000977,2.805298328399658
87.3,87.3,rgbd,33158,29.943503492504156,86.6617845627965,382.61386,1107.352,20.044513702392578,19.08820915222168,2.894176483154297,-0.786216676235199,2.107959747314453
88.9,88.9,rgbd,6967,4.708834500084567,21.380346347241996,325.86002,1479.5593,19.206823348999023,16.96584701538086,4.540475368499756,-1.7351770401000977,2.805298328399658
89.2,89.2,rgbd,33418,29.869182355901188,86.44668065866271,386.57355,1118.812,20.251955032348633,19.08820915222168,2.894176483154297,-0.786216676235199,2.107959747314453
90.9,90.9,rgbd,7300,4.9320402826395835,22.393807791001713,325.98297,1480.1177,19.214069366455078,16.96584701538086,4.540475368499756,-1.7351770401000977,2.805298328399658
91.3,91.3,rgbd,33631,29.908501454687567,86.5604805697741,388.52603,1124.4629,20.3542423248291,19.08820915222168,2.894176483154297,-0.786216676235199,2.107959747314453
92.8,92.8,rgbd,7458,5.042586360241902,22.89573960078754,325.73746,1479.0029,19.19959831237793,16.96584701538086,4.540475368499756,-1.7351770401000977,2.805298328399658
93.2,93.2,rgbd,33747,30.011661817708106,86.85904486301824,388.52603,1124.4629,20.3542423248291,19.08820915222168,2.894176483154297,-0.786216676235199,2.107959747314453
94.8,94.8,rgbd,7500,5.070983869913417,23.024677796447644,325.73746,1479.0029,19.19959831237793,16.96584701538086,4.540475368499756,-1.7351770401000977,2.805298328399658
95.2,95.2,rgbd,33769,30.03122671414304,86.91566912553006,388.52603,1124.4629,20.3542423248291,19.08820915222168,2.894176483154297,-0.7862166762477.0,477.0,rgbd,38717,32.685078823711024,99.74627492067415,388.15485,1184.5466,16.09981346130371,24.109275817871094,3.0517373085021973,-0.3593001365661621,2.692437171936035
479.0,479.0,rgbd,38904,32.84294512895249,100.22804141627469,388.15485,1184.5466,16.09981346130371,24.109275817871094,3.0517373085021973,-0.3593001365661621,2.692437171936035
481.1,481.1,rgbd,39024,32.94424970985611,100.53719638671355,388.15485,1184.5466,16.09981346130371,24.109275817871094,3.0517373085021973,-0.3593001365661621,2.692437171936035
483.2,483.2,rgbd,39082,32.99321359062619,100.68662128909232,388.15485,1184.5466,16.09981346130371,24.109275817871094,3.0517373085021973,-0.3593001365661621,2.692437171936035
485.2,485.2,rgbd,39163,33.06159418273614,100.89530089413854,388.15485,1184.5466,16.09981346130371,24.109275817871094,3.0517373085021973,-0.3593001365661621,2.692437171936035
487.3,487.3,rgbd,39193,33.08692032796204,100.97258963674825,388.15485,1184.5466,16.09981346130371,24.109275817871094,3.0517373085021973,-0.3593001365661621,2.692437171936035
489.4,489.4,rgbd,39253,33.13757261841385,101.12716712196767,388.15485,1184.5466,16.09981346130371,24.109275817871094,3.0517373085021973,-0.3593001365661621,2.692437171936035
491.4,491.4,rgbd,39327,33.20004377663774,101.31781268707164,388.15485,1184.5466,16.09981346130371,24.109275817871094,3.0517373085021973,-0.3593001365661621,2.692437171936035
493.4,493.4,rgbd,39456,33.30894620110913,101.65015428029339,388.15485,1184.5466,16.09981346130371,24.109275817871094,3.0517373085021973,-0.3593001365661621,2.692437171936035
495.4,495.4,rgbd,39789,29.18183949766103,102.31685261049216,388.88022,1363.485,16.11668586730957,24.129043579101562,3.5061824321746826,-0.8378121256828308,2.668370246887207
497.3,497.3,rgbd,40119,33.2849079247599,102.96331118733211,389.64365,1205.321,16.14736557006836,24.130477905273438,3.093393325805664,-0.41603121161460876,2.6773622035980225
499.4,499.4,rgbd,40727,35.741596960488536,100.97735992190827,403.32803,1139.4846,16.61040687561035,24.281646728515625,2.8252055644989014,-0.16441892087459564,2.6607866287231445
501.4,501.4,rgbd,41226,36.34980969604106,105.7073945291996,390.0011,1134.1462,16.18607521057129,24.094852447509766,2.9080591201782227,-0.14781278371810913,2.7602462768554688
503.4,503.4,rgbd,41477,37.31874761389492,106.29189608545155,390.2179,1111.4253,16.194541931152344,24.09564208984375,2.848217010498047,-0.12355832755565643,2.724658727645874
505.3,505.3,rgbd,41385,36.45082938649773,105.24703922201377,393.2177,1135.3651,16.29622459411621,24.129375457763672,2.8873701095581055,-0.13685879111289978,2.750511407852173
507.3,507.3,rgbd,41436,36.49574885728936,105.37673836422285,393.2177,1135.3651,16.29622459411621,24.129375457763672,2.8873701095581055,-0.13685879111289978,2.750511407852173
509.3,509.3,rgbd,41443,36.50191427484899,105.39454020727115,393.2177,1135.3651,16.29622459411621,24.129375457763672,2.8873701095581055,-0.13685879111289978,2.750511407852173
511.4,511.4,rgbd,41455,36.512483562094076,105.4250576524968,393.2177,1135.3651,16.29622459411621,24.129375457763672,2.8873701095581055,-0.13685879111289978,2.750511407852173
513.3,513.3,rgbd,41547,36.59351476430642,105.65902473256024,393.2177,1135.3651,16.29622459411621,24.129375457763672,2.8873701095581055,-0.13685879111289978,2.750511407852173
515.4,515.4,rgbd,41669,36.70096918463148,105.96928542568784,393.2177,1135.3651,16.29622459411621,24.129375457763672,2.8873701095581055,-0.13685879111289978,2.750511407852173
517.6,517.6,rgbd,41763,36.78376193471801,106.20833874662222,393.2177,1135.3651,16.29622459411621,24.129375457763672,2.8873701095581055,-0.13685879111289978,2.750511407852173
519.6,519.6,rgbd,42384,33.55652124497391,99.25164668575749,427.03574,1263.063,17.92557716369629,23.822704315185547,2.957745313644409,-0.7365266680717468,2.2212185859680176
521.7,521.7,rgbd,42210,30.889541209659985,97.97945610860401,430.8046,1366.4819,18.13707733154297,23.752702713012695,3.1719298362731934,-0.9575018286705017,2.214427947998047
523.6,523.6,rgbd,42077,30.807559415382187,97.91316643814234,429.7379,1365.8011,18.113794326782227,23.724346160888672,3.1782188415527344,-0.9464257955551147,2.23179292678833
525.6,525.6,rgbd,41904,30.72114918388091,97.85359185416097,428.2316,1364.0115,18.031814575195312,23.748668670654297,3.1852190494537354,-0.9417334198951721,2.243485689163208
527.6,527.6,rgbd,41932,30.741676870429895,97.91897703390316,428.2316,1364.0115,18.031814575195312,23.748668670654297,3.1852190494537354,-0.9417334198951721,2.243485689163208
529.6,529.6,rgbd,41901,31.9299851528026,99.01008574429444,423.1993,1312.2775,17.81662940979004,23.7530517578125,3.1008496284484863,-0.8547781109809875,2.2460715770721436
531.7,531.7,rgbd,41904,31.932271254696552,99.0171746027282,423.1993,1312.2775,17.81662940979004,23.7530517578125,3.1008496284484863,-0.8547781109809875,2.2460715770721436
533.7,533.7,rgbd,42198,30.878241107095377,98.08959202357764,430.19855,1366.5934,18.195697784423828,23.642871856689453,3.1766574382781982,-0.952080488204956,2.224576950073242
535.8,535.8,rgbd,42354,30.9923935695985,98.45221528429327,430.19855,1366.5934,18.195697784423828,23.642871856689453,3.1766574382781982,-0.952080488204956,2.224576950073242
537.6,537.6,rgbd,42398,31.02459041799682,98.55449363987972,430.19855,1366.5934,18.195697784423828,23.642871856689453,3.1766574382781982,-0.952080488204956,2.224576950073242
539.7,539.7,rgbd,42455,31.066299971603733,98.68699060052582,430.19855,1366.5934,18.195697784423828,23.642871856689453,3.1766574382781982,-0.952080488204956,2.224576950073242
541.6,541.6,rgbd,42579,31.157036544362626,98.97522960263312,430.19855,1366.5934,18.195697784423828,23.642871856689453,3.1766574382781982,-0.952080488204956,2.224576950073242
543.6,543.6,rgbd,42655,31.212649282505176,99.15189221682792,430.19855,1366.5934,18.195697784423828,23.642871856689453,3.1766574382781982,-0.952080488204956,2.224576950073242
545.6,545.6,rgbd,42740,31.274847739638286,99.3494754037563,430.19855,1366.5934,18.195697784423828,23.642871856689453,3.1766574382781982,-0.952080488204956,2.224576950073242
547.8,547.8,rgbd,42889,31.38387797625986,99.69582710790135,430.19855,1366.5934,18.195697784423828,23.642871856689453,3.1766574382781982,-0.952080488204956,2.224576950073242
549.7,549.7,rgbd,42604,28.855162962419133,98.92581810121663,430.66614,1476.4775,18.21354103088379,23.645381927490234,3.4283576011657715,-1.1244031190872192,2.303954601287842
551.7,551.7,rgbd,42717,31.47872311429325,99.53644418797393,429.1594,1357.0118,18.14422607421875,23.65266990661621,3.1620230674743652,-0.9263571500778198,2.235666036605835
553.8,553.8,rgbd,42846,32.09029162766552,97.08984666821985,441.30258,1335.1702,18.764137268066406,23.51840591430664,3.0255208015441895,-0.814795196056366,2.2107255458831787
555.8,555.8,rgbd,42996,32.202636858122275,97.42974950629652,441.30258,1335.1702,18.764137268066406,23.51840591430664,3.0255208015441895,-0.814795196056366,2.2107255458831787
557.8,557.8,rgbd,43186,32.34494081670082,97.86029310119363,441.30258,1335.1702,18.764137268066406,23.51840591430664,3.0255208015441895,-0.814795196056366,2.2107255458831787
559.8,559.8,rgbd,43422,32.52169731261944,98.39507356643426,441.30258,1335.1702,18.764137268066406,23.51840591430664,3.0255208015441895,-0.814795196056366,2.2107255458831787
561.7,561.7,rgbd,43591,32.64827293893404,98.77803076400065,441.30258,1335.1702,18.764137268066406,23.51840591430664,3.0255208015441895,-0.814795196056366,2.2107255458831787
563.8,563.8,rgbd,43712,32.738898091502485,99.05221905338249,441.30258,1335.1702,18.764137268066406,23.51840591430664,3.0255208015441895,-0.814795196056366,2.2107255458831787
565.8,565.8,rgbd,43794,32.80031348415217,99.2380326048644,441.30258,1335.1702,18.764137268066406,23.51840591430664,3.0255208015441895,-0.814795196056366,2.2107255458831787
567.7,567.7,rgbd,43805,32.80855213438567,99.26295881299002,441.30258,1335.1702,18.764137268066406,23.51840591430664,3.0255208015441895,-0.814795196056366,2.2107255458831787
569.8,569.8,rgbd,43895,32.87595927265971,99.46690051583603,441.30258,1335.1702,18.764137268066406,23.51840591430664,3.0255208015441895,-0.814795196056366,2.2107255458831787
571.8,571.8,rgbd,43635,32.29292872351036,98.64144938042428,442.35968,1351.2246,18.844135284423828,23.474660873413086,3.0545835494995117,-0.8663004636764526,2.1882829666137695
573.8,573.8,rgbd,43927,31.93164914174982,99.2019689875637,442.8037,1375.6571,18.857707977294922,23.481311798095703,3.1066973209381104,-0.931894063949585,2.1748032569885254
575.8,575.8,rgbd,44174,32.536553984573175,99.91527230465546,442.1146,1357.673,18.83193016052246,23.47686004638672,3.070862293243408,-0.9020912647247314,2.1687710285186768
577.8,577.8,rgbd,44474,32.7575203040229,100.59382941271443,442.1146,1357.673,18.83193016052246,23.47686004638672,3.070862293243408,-0.9020912647247314,2.1687710285186768
579.8,579.8,rgbd,44746,31.889512559914756,97.92830468814441,456.92612,1403.1572,19.46282958984375,23.47686004638672,3.070862293243408,-0.9020912647247314,2.1687710285186768
581.8,581.8,rgbd,45190,33.568284542791446,95.78852012056738,471.76843,1346.2112,20.101238250732422,23.469619750976562,2.8535423278808594,-0.5708213448524475,2.2827210426330566
583.8,583.8,rgbd,45554,33.786226715282304,96.41042633795144,472.50076,1348.3009,20.132442474365234,23.469619750976562,2.8535423278808594,-0.5708213448524475,2.2827210426330566
585.8,585.8,rgbd,45836,33.9953788409729,97.00725077109237,472.50076,1348.3009,20.132442474365234,23.469619750976562,2.8535423278808594,-0.5708213448524475,2.2827210426330566
587.8,587.8,rgbd,46299,34.33877399769187,97.98714336876704,472.50076,1348.3009,20.132442474365234,23.469619750976562,2.8535423278808594,-0.5708213448524475,2.2827210426330566
589.8,589.8,rgbd,46495,34.48414214178888,98.40195751378698,472.50076,1348.3009,20.132442474365234,23.469619750976562,2.8535423278808594,-0.5708213448524475,2.2827210426330566
591.9,591.9,rgbd,46561,34.533092639290935,98.54163982792635,472.50076,1348.3009,20.132442474365234,23.469619750976562,2.8535423278808594,-0.5708213448524475,2.2827210426330566
593.9,593.9,rgbd,46593,34.55682621383738,98.60936458629695,472.50076,1348.3009,20.132442474365234,23.469619750976562,2.8535423278808594,-0.5708213448524475,2.2827210426330566
595.8,595.8,rgbd,46632,34.58575150781587,98.69190413556112,472.50076,1348.3009,20.132442474365234,23.469619750976562,2.8535423278808594,-0.5708213448524475,2.2827210426330566
597.9,597.9,rgbd,46675,34.617643498612665,98.78290927962162,472.50076,1348.3009,20.132442474365234,23.469619750976562,2.8535423278808594,-0.5708213448524475,2.2827210426330566
600.0,600.0,rgbd,45561,31.503338806500647,106.52790213842435,427.69077,1446.2277,20.336658477783203,21.030532836914062,3.3814797401428223,-1.117756724357605,2.2637228965759277
601.9,601.9,rgbd,45676,30.818060686026698,107.15049868602554,426.27893,1482.1179,20.303083419799805,20.995773315429688,3.4768733978271484,-1.2210646867752075,2.2558088302612305
603.9,603.9,rgbd,45480,30.6247546897968,106.64697300049893,426.45374,1485.0731,20.298503875732422,21.00912094116211,3.4823780059814453,-1.2427912950515747,2.239586591720581
605.9,605.9,rgbd,45513,30.347131945001767,106.89169160904117,425.78613,1499.7463,20.29018783569336,20.98482894897461,3.5222995281219482,-1.2848930358886719,2.2374064922332764
608.0,608.0,rgbd,45777,30.139255419586082,107.48160019260436,425.90546,1518.8497,20.290481567382812,20.990406036376953,3.566166400909424,-1.3163609504699707,2.249805450439453
610.1,610.1,rgbd,45828,30.172833461537255,107.60134507780485,425.90546,1518.8497,20.290481567382812,20.990406036376953,3.566166400909424,-1.3163609504699707,2.249805450439453
612.1,612.1,rgbd,45753,28.824358086312518,107.42771287820432,425.8957,1587.3033,20.283889770507812,20.996746063232422,3.7269768714904785,-1.5422337055206299,2.1847431659698486
614.1,614.1,rgbd,45808,28.859008047948855,107.5568524801605,425.8957,1587.3033,20.283889770507812,20.996746063232422,3.7269768714904785,-1.5422337055206299,2.1847431659698486
616.1,616.1,rgbd,45945,28.94531795238845,107.87852748866955,425.8957,1587.3033,20.283889770507812,20.996746063232422,3.7269768714904785,-1.5422337055206299,2.1847431659698486
618.1,618.1,rgbd,46013,28.988157904957006,108.03819099654264,425.8957,1587.3033,20.283889770507812,20.996746063232422,3.7269768714904785,-1.5422337055206299,2.1847431659698486
620.1,620.1,rgbd,46095,29.03981784776027,108.2307264030955,425.8957,1587.3033,20.283889770507812,20.996746063232422,3.7269768714904785,-1.5422337055206299,2.1847431659698486
622.1,622.1,rgbd,46181,29.093997787773446,108.43265378069971,425.8957,1587.3033,20.283889770507812,20.996746063232422,3.7269768714904785,-1.5422337055206299,2.1847431659698486
624.2,624.2,rgbd,46270,29.150067725694058,108.64162513659244,425.8957,1587.3033,20.283889770507812,20.996746063232422,3.7269768714904785,-1.5422337055206299,2.1847431659698486
626.4,626.4,rgbd,46307,23.9895589717879,108.5078813297221,426.76163,1930.2981,20.3106689453125,21.01169776916504,4.523129463195801,-2.1965227127075195,2.326606512069702
628.4,628.4,rgbd,46811,16.112166266911178,110.50443194783169,423.61197,2905.32,20.281707763671875,20.88640594482422,6.8584465980529785,-4.339085578918457,2.5193610191345215
630.1,630.1,rgbd,46615,23.54834884404561,108.99488156295894,427.68063,1979.5443,20.350658416748047,21.015567779541016,4.628557205200195,-2.3584070205688477,2.2701504230499268
632.3,632.3,rgbd,46895,23.285710925966292,109.66522623543604,427.6196,2013.896,20.3496036529541,21.013656616210938,4.709550380706787,-2.4462194442749023,2.2633309364318848
634.2,634.2,rgbd,47003,21.03037911078389,110.28792860430619,426.18445,2235.005,20.32220458984375,20.97136878967285,5.244219779968262,-2.9054577350616455,2.338761806488037
636.2,636.2,rgbd,47158,21.099730189697397,110.65162089913136,426.18445,2235.005,20.32220458984375,20.97136878967285,5.244219779968262,-2.9054577350616455,2.338761806488037
638.2,638.2,rgbd,47432,21.222325000163853,111.29453502030617,426.18445,2235.005,20.32220458984375,20.97136878967285,5.244219779968262,-2.9054577350616455,2.338761806488037
640.4,640.4,rgbd,47608,21.30107203170435,111.7075017550754,426.18445,2235.005,20.32220458984375,20.97136878967285,5.244219779968262,-2.9054577350616455,2.338761806488037
642.3,642.3,rgbd,47758,21.36818597904,112.05946204039007,426.18445,2235.005,20.32220458984375,20.97136878967285,5.244219779968262,-2.9054577350616455,2.338761806488037
644.3,644.3,rgbd,47883,21.424114268486374,112.35276227815231,426.18445,2235.005,20.32220458984375,20.97136878967285,5.244219779968262,-2.9054577350616455,2.338761806488037
646.2,646.2,rgbd,47995,21.47422601583033,112.61555929118727,426.18445,2235.005,20.32220458984375,20.97136878967285,5.244219779968262,-2.9054577350616455,2.338761806488037
648.3,648.3,rgbd,48146,21.54178738948155,112.96986597840404,426.18445,2235.005,20.32220458984375,20.97136878967285,5.244219779968262,-2.9054577350616455,2.338761806488037
650.2,650.2,rgbd,48298,21.609796189448343,113.32651906752292,426.18445,2235.005,20.32220458984375,20.97136878967285,5.244219779968262,-2.9054577350616455,2.338761806488037
652.3,652.3,rgbd,48586,21.738654968332792,114.00228281532712,426.18445,2235.005,20.32220458984375,20.97136878967285,5.244219779968262,-2.9054577350616455,2.338761806488037
654.2,654.2,rgbd,48888,21.873777715635235,114.71089618976067,426.18445,2235.005,20.32220458984375,20.97136878967285,5.244219779968262,-2.9054577350616455,2.338761806488037
656.2,656.2,rgbd,49186,22.00711075767539,115.41012395658584,426.18445,2235.005,20.32220458984375,20.97136878967285,5.244219779968262,-2.9054577350616455,2.338761806488037
658.3,658.3,rgbd,49585,22.185633857588222,116.34633831552289,426.18445,2235.005,20.32220458984375,20.97136878967285,5.244219779968262,-2.9054577350616455,2.338761806488037
660.3,660.3,rgbd,49827,22.293911025956408,116.91416757583058,426.18445,2235.005,20.32220458984375,20.97136878967285,5.244219779968262,-2.9054577350616455,2.338761806488037
662.3,662.3,rgbd,49942,22.34536505224707,117.18400379457182,426.18445,2235.005,20.32220458984375,20.97136878967285,5.244219779968262,-2.9054577350616455,2.338761806488037
664.3,664.3,rgbd,49995,22.369078646972334,117.30836309538302,426.18445,2235.005,20.32220458984375,20.97136878967285,5.244219779968262,-2.9054577350616455,2.338761806488037
666.5,666.5,rgbd,50059,22.39771393116888,117.45853281711727,426.18445,2235.005,20.32220458984375,20.97136878967285,5.244219779968262,-2.9054577350616455,2.338761806488037
668.6,668.6,rgbd,50158,22.44200913641041,117.69082660542496,426.18445,2235.005,20.32220458984375,20.97136878967285,5.244219779968262,-2.9054577350616455,2.338761806488037
670.5,670.5,rgbd,50257,22.486304341651937,117.92312039373266,426.18445,2235.005,20.32220458984375,20.97136878967285,5.244219779968262,-2.9054577350616455,2.338761806488037
672.6,672.6,rgbd,50469,22.49645708674065,117.7472793468738,428.62137,2243.42,20.30061912536621,21.11370849609375,5.234036445617676,-2.906313180923462,2.327723264694214
674.7,674.7,rgbd,50494,21.837631734214174,118.57466179340634,425.8414,2312.247,20.32538414001465,20.951210021972656,5.429831504821777,-2.9501230716705322,2.479708194732666
676.7,676.7,rgbd,50710,22.13870928614687,119.10699640098258,425.75165,2290.558,20.315675735473633,20.956804275512695,5.380033493041992,-2.9340102672576904,2.4460232257843018
678.7,678.7,rgbd,50851,21.835193872726567,119.40576275561335,425.86722,2328.855,20.330394744873047,20.947317123413086,5.468500137329102,-2.9466257095336914,2.5218746662139893
680.7,680.7,rgbd,51249,21.89947244944203,120.45780770631983,425.45187,2340.1934,20.314666748046875,20.94308853149414,5.500489234924316,-2.9805943965911865,2.519894599914551
682.7,682.7,rgbd,51384,21.95715999028526,120.77511739119862,425.45187,2340.1934,20.314666748046875,20.94308853149414,5.500489234924316,-2.9805943965911865,2.519894599914551
684.7,684.7,rgbd,51314,21.76989851796749,120.01477414877986,427.56403,2357.108,20.278793334960938,21.084293365478516,5.512876987457275,-2.9962329864501953,2.51664400100708
686.7,686.7,rgbd,51237,21.96660776924688,119.73726486374768,427.9119,2332.4949,20.287294387817383,21.092605590820312,5.450876235961914,-2.9657533168792725,2.4851231575012207
688.9,688.9,rgbd,51439,22.260333328966368,120.31002190494117,427.55374,2310.792,20.312639236450195,21.048654556274414,5.40468168258667,-2.956590175628662,2.448091506958008
692.6,692.6,rgbd,51656,22.35424052646993,120.81756044094249,427.55374,2310.792,20.312639236450195,21.048654556274414,5.40468168258667,-2.956590175628662,2.448091506958008
692.8,692.8,rgbd,51752,22.395784724443857,121.04209361815967,427.55374,2310.792,20.312639236450195,21.048654556274414,5.40468168258667,-2.956590175628662,2.448091506958008
694.7,694.7,rgbd,51825,22.427375624986528,121.21283238833523,427.55374,2310.792,20.312639236450195,21.048654556274414,5.40468168258667,-2.956590175628662,2.448091506958008
696.8,696.8,rgbd,51899,22.45939927759143,121.38591004577347,427.55374,2310.792,20.312639236450195,21.048654556274414,5.40468168258667,-2.956590175628662,2.448091506958008
698.9,698.9,rgbd,51971,22.490557426071874,121.55430992868635,427.55374,2310.792,20.312639236450195,21.048654556274414,5.40468168258667,-2.956590175628662,2.448091506958008
700.9,700.9,rgbd,52062,22.52993786373466,121.76714866959013,427.55374,2310.792,20.312639236450195,21.048654556274414,5.40468168258667,-2.956590175628662,2.448091506958008
703.0,703.0,rgbd,52212,22.59485067306892,122.11798175899197,427.55374,2310.792,20.312639236450195,21.048654556274414,5.40468168258667,-2.956590175628662,2.448091506958008
705.0,705.0,rgbd,52364,22.660628986527634,122.47349262291917,427.55374,2310.792,20.312639236450195,21.048654556274414,5.40468168258667,-2.956590175628662,2.448091506958008
707.1,707.1,rgbd,52553,22.7424191262888,122.91554231556549,427.55374,2310.792,20.312639236450195,21.048654556274414,5.40468168258667,-2.956590175628662,2.448091506958008
709.1,709.1,rgbd,52800,22.849308885659212,123.49324746944718,427.55374,2310.792,20.312639236450195,21.048654556274414,5.40468168258667,-2.956590175628662,2.448091506958008
711.1,711.1,rgbd,52907,22.895613356317654,123.74350840655383,427.55374,2310.792,20.312639236450195,21.048654556274414,5.40468168258667,-2.956590175628662,2.448091506958008
713.3,713.3,rgbd,52979,22.926771504798097,123.91190828946671,427.55374,2310.792,20.312639236450195,21.048654556274414,5.40468168258667,-2.956590175628662,2.448091506958008
715.1,715.1,rgbd,53094,22.976537991954363,124.18088032467479,427.55374,2310.792,20.312639236450195,21.048654556274414,5.40468168258667,-2.956590175628662,2.448091506958008
717.2,717.2,rgbd,53308,23.069146933271238,124.68140219888807,427.55374,2310.792,20.312639236450195,21.048654556274414,5.40468168258667,-2.956590175628662,2.448091506958008
719.1,719.1,rgbd,53547,23.172574676143824,125.24039625466834,427.55374,2310.792,20.312639236450195,21.048654556274414,5.40468168258667,-2.956590175628662,2.448091506958008
721.2,721.2,rgbd,53830,23.29504350975446,125.90230135000647,427.55374,2310.792,20.312639236450195,21.048654556274414,5.40468168258667,-2.956590175628662,2.448091506958008
723.2,723.2,rgbd,54054,23.39197997169362,126.42621209684656,427.55374,2310.792,20.312639236450195,21.048654556274414,5.40468168258667,-2.956590175628662,2.448091506958008
725.1,725.1,rgbd,54178,23.44564122740994,126.71623411741874,427.55374,2310.792,20.312639236450195,21.048654556274414,5.40468168258667,-2.956590175628662,2.448091506958008
727.2,727.2,rgbd,54380,23.533057143980077,127.18868934447988,427.55374,2310.792,20.312639236450195,21.048654556274414,5.40468168258667,-2.956590175628662,2.448091506958008
729.2,729.2,rgbd,54482,23.577197854327373,127.42725584527312,427.55374,2310.792,20.312639236450195,21.048654556274414,5.40468168258667,-2.956590175628662,2.448091506958008
731.2,731.2,rgbd,54536,23.600566465687706,127.55355575745779,427.55374,2310.792,20.312639236450195,21.048654556274414,5.40468168258667,-2.956590175628662,2.448091506958008
733.3,733.3,rgbd,54822,26.361452493110598,128.64964512636533,426.1341,2079.6274,20.308612823486328,20.982925415039062,4.880218505859375,-2.527872323989868,2.3523459434509277
735.3,735.3,rgbd,54883,26.390784670011836,128.79279255536662,426.1341,2079.6274,20.308612823486328,20.982925415039062,4.880218505859375,-2.527872323989868,2.3523459434509277
737.2,737.2,rgbd,54477,25.555353071414142,127.31372918905376,427.89572,2131.7256,20.318052291870117,21.059879302978516,4.981881141662598,-2.5541672706604004,2.4277138710021973
739.2,739.2,rgbd,54688,25.927375307826892,127.90053083944805,427.58228,2109.2764,20.31139373779297,21.05135154724121,4.933030128479004,-2.5204544067382812,2.4125754833221436
741.3,741.3,rgbd,54752,25.865310522092134,127.8102703229869,428.38498,2116.812,20.31686782836914,21.085187911987305,4.941377639770508,-2.520705223083496,2.4206721782684326
743.3,743.3,rgbd,55007,25.90365819616305,128.3918827598719,428.4305,2123.5225,20.298809051513672,21.106189727783203,4.956515312194824,-2.5212886333465576,2.4352269172668457
745.3,745.3,rgbd,54824,26.658826325529834,128.48990232187947,426.67944,2056.5046,20.314422607421875,21.003768920898438,4.819788455963135,-2.4338836669921875,2.3859047889709473
747.3,747.3,rgbd,55099,27.158687743178078,128.70130234323983,428.11533,2028.7799,20.33038330078125,21.057907104492188,4.738862991333008,-2.3867084980010986,2.3521547317504883
749.2,749.2,rgbd,55339,27.437651509809836,129.2161111583791,428.26703,2016.9,20.333770751953125,21.061859130859375,4.709444999694824,-2.351283311843872,2.3581619262695312
751.3,751.3,rgbd,55330,27.58744063169086,129.41246118900494,427.5477,2005.6228,20.337772369384766,21.02234649658203,4.6909918785095215,-2.3373806476593018,2.3536112308502197
753.3,753.3,rgbd,56027,26.190139424134774,130.37087753461367,429.7509,2139.2402,20.320465087890625,21.14867401123047,4.977860927581787,-2.6117746829986572,2.36608624458313
755.4,755.4,rgbd,56199,26.27054180121995,130.77110940381877,429.7509,2139.2402,20.320465087890625,21.14867401123047,4.977860927581787,-2.6117746829986572,2.36608624458313
757.4,757.4,rgbd,56432,26.37945897482952,131.31328397082333,429.7509,2139.2402,20.320465087890625,21.14867401123047,4.977860927581787,-2.6117746829986572,2.36608624458313
5.6,5.6,rgbd,231,16.13953043646172,32.23363977248116,7.166426,14.312684,2.5787439346313477,2.7790374755859375,1.9971857070922852,0.0014994479715824127,1.9986851215362549
7.6,7.6,rgbd,687,20.899904211780395,41.74934249737637,16.455349,32.870964,4.279619216918945,3.8450498580932617,1.9975852966308594,0.0010998491197824478,1.9986851215362549
9.7,9.7,rgbd,800,24.296835998048515,48.53500069950599,16.48295,32.926098,4.279619216918945,3.851499080657959,1.9975852966308594,0.0010998491197824478,1.9986851215362549
11.7,11.7,rgbd,830,25.207967347975334,50.35506322573747,16.48295,32.926098,4.279619216918945,3.851499080657959,1.9975852966308594,0.0010998491197824478,1.9986851215362549
13.8,13.8,rgbd,898,21.60731004514394,43.162443434226475,20.805124,41.56001,5.401824951171875,3.851499080657959,1.9975852966308594,0.0010998491197824478,1.9986851215362549
15.9,15.9,rgbd,1072,23.638365065553902,47.219649012909194,22.702414,45.350006,5.894435882568359,3.851499080657959,1.9975852966308594,0.0010998491197824478,1.9986851215362549
17.9,17.9,rgbd,1197,20.166724487310415,40.284751360199,29.713476,59.3552,6.601734161376953,4.500859260559082,1.9975852966308594,0.0010998491197824478,1.9986851215362549
19.9,19.9,rgbd,1266,19.319650228459892,38.59264708379102,32.804176,65.52914,7.288425445556641,4.500859260559082,1.9975852966308594,0.0010998491197824478,1.9986851215362549
22.0,22.0,rgbd,1365,17.290715961296797,34.539679990162035,39.519764,78.9441,7.952277183532715,4.969615936279297,1.9975852966308594,0.0010998491197824478,1.9986851215362549
24.0,24.0,rgbd,1458,16.974940102311727,33.90888995272702,42.997574,85.89132,8.652091979980469,4.969615936279297,1.9975852966308594,0.0010998491197824478,1.9986851215362549
26.0,26.0,rgbd,1590,15.369150353519732,30.38737825261167,52.324356,103.453995,10.578929901123047,4.946091651916504,1.9771671295166016,-0.012700904160737991,1.9644662141799927
28.0,28.0,rgbd,1727,15.76705903675376,30.959082923991158,55.783306,109.53216,11.27769947052002,4.9463372230529785,1.963529348373413,-0.013480603694915771,1.950048804283142
30.0,30.0,rgbd,1965,16.476012029009333,32.34383082222342,60.75347,119.2643,12.227883338928223,4.968437194824219,1.9630861282348633,-0.022363364696502686,1.9407228231430054
32.0,32.0,rgbd,2145,17.146472454654,35.16860354972815,60.9919,125.09862,12.223165512084961,4.989861488342285,2.0510692596435547,-0.005108978599309921,2.0459601879119873
34.0,34.0,rgbd,2364,19.146920230199893,38.6174346033189,61.215874,123.46633,12.495183944702148,4.899157524108887,2.0169005393981934,-0.012887679040431976,2.0040128231048584
36.0,36.0,rgbd,2442,16.430919290722372,33.54842328780347,72.790306,148.62224,12.502559661865234,5.822032451629639,2.0417861938476562,0.0009012594819068909,2.04268741607666
38.0,38.0,rgbd,2589,11.71087957677789,23.911112451463694,108.27602,221.07648,12.950496673583984,8.360761642456055,2.0417861938476562,0.0009012594819068909,2.04268741607666
40.3,40.3,rgbd,2749,11.95722864970039,24.41410446929903,112.59885,229.90277,13.467535018920898,8.360761642456055,2.0417861938476562,0.0009012594819068909,2.04268741607666
42.2,42.2,rgbd,2981,12.111627472142759,24.729352993577564,120.545006,246.12712,13.467535018920898,8.950784683227539,2.0417861938476562,0.0009012594819068909,2.04268741607666
44.2,44.2,rgbd,3175,12.89983804899472,26.33871041751384,120.545006,246.12712,13.467535018920898,8.950784683227539,2.0417861938476562,0.0009012594819068909,2.04268741607666
46.3,46.3,rgbd,3426,12.949597427225454,26.440307966961146,129.57489,264.5642,13.467535018920898,9.62127685546875,2.0417861938476562,0.0009012594819068909,2.04268741607666
48.4,48.4,rgbd,3757,12.556375822566118,25.63743555206252,146.54352,299.21054,13.467535018920898,10.881242752075195,2.0417861938476562,0.0009012594819068909,2.04268741607666
50.3,50.3,rgbd,4161,12.257725759333585,25.027654888475414,166.25609,339.45938,15.119967460632324,10.995796203613281,2.0417861938476562,0.0009012594819068909,2.04268741607666
52.3,52.3,rgbd,4481,11.98230026100456,24.46529467807632,183.15741,373.96826,15.119967460632324,12.113611221313477,2.0417861938476562,0.0009012594819068909,2.04268741607666
54.3,54.3,rgbd,4766,12.744397019403646,26.021333281792398,183.15741,373.96826,15.119967460632324,12.113611221313477,2.0417861938476562,0.0009012594819068909,2.04268741607666
56.3,56.3,rgbd,5018,13.41826085019295,27.397219536639426,183.15727,373.968,15.119967460632324,12.113602638244629,2.0417861938476562,0.0009012594819068909,2.04268741607666
58.4,58.4,rgbd,5127,13.709729649051267,27.992336501464795,183.15727,373.968,15.119967460632324,12.113602638244629,2.0417861938476562,0.0009012594819068909,2.04268741607666
60.4,60.4,rgbd,5139,13.741817957182457,28.057853965482266,183.15727,373.968,15.119967460632324,12.113602638244629,2.0417861938476562,0.0009012594819068909,2.04268741607666
62.5,62.5,rgbd,5237,13.9990424533816,28.58305250969058,183.22046,374.09702,15.119967460632324,12.117781639099121,2.0417861938476562,0.0009012594819068909,2.04268741607666
64.5,64.5,rgbd,5446,14.440025488891091,29.483443677973295,184.71384,377.14615,15.243206024169922,12.117781639099121,2.0417861938476562,0.0009012594819068909,2.04268741607666
66.5,66.5,rgbd,5696,15.102905824004058,30.83690386108679,184.71375,377.14597,15.24319839477539,12.117781639099121,2.0417861938476562,0.0009012594819068909,2.04268741607666
68.5,68.5,rgbd,5911,15.671791193869792,32.00086705106812,184.71375,377.1745,15.24319839477539,12.117781639099121,2.041940689086914,0.0007467810064554214,2.04268741607666
70.5,70.5,rgbd,6005,15.916752530745649,32.50106370327303,184.76318,377.27545,15.247278213500977,12.117781639099121,2.041940689086914,0.0007467810064554214,2.04268741607666
72.6,72.6,rgbd,6122,16.226870773226455,33.13430674295379,184.76318,377.27545,15.247278213500977,12.117781639099121,2.041940689086914,0.0007467810064554214,2.04268741607666
74.6,74.6,rgbd,6170,16.354098770141658,33.394098759233074,184.76318,377.27545,15.247278213500977,12.117781639099121,2.041940689086914,0.0007467810064554214,2.04268741607666
76.8,76.8,rgbd,6295,16.685421678774997,34.07064046829372,184.76318,377.27545,15.247278213500977,12.117781639099121,2.041940689086914,0.0007467810064554214,2.04268741607666
79.2,79.2,rgbd,6459,17.11866061169493,34.95528978081153,184.7789,377.30756,15.248574256896973,12.117781639099121,2.041940689086914,0.0007467810064554214,2.04268741607666
81.3,81.3,rgbd,6678,17.719054327143457,36.186323312440905,184.54486,376.88242,15.271951675415039,12.083908081054688,2.042226552963257,-0.03717774897813797,2.0050487518310547
83.4,83.4,rgbd,6878,17.47440760785205,37.34456009374486,184.17676,393.6042,15.370035171508789,11.982845306396484,2.1371002197265625,-0.16160929203033447,1.975490927696228
85.3,85.3,rgbd,7097,14.577840118004566,39.059443275548425,181.69742,486.8348,15.859423637390137,11.456748008728027,2.6793711185455322,-0.39253148436546326,2.286839723587036
87.3,87.3,rgbd,7237,14.133680571283351,40.280937531954905,179.66315,512.0393,16.326614379882812,11.004311561584473,2.849996328353882,-0.49296334385871887,2.3570330142974854
89.4,89.4,rgbd,7308,14.272341801152237,40.67612152598127,179.66315,512.0393,16.326614379882812,11.004311561584473,2.849996328353882,-0.49296334385871887,2.3570330142974854
91.4,91.4,rgbd,7449,14.54771128582143,41.46092354228715,179.66315,512.0393,16.326614379882812,11.004311561584473,2.849996328353882,-0.49296334385871887,2.3570330142974854
94.1,94.1,rgbd,7652,14.327152954965195,40.83233558433801,187.4005,534.09076,16.326614379882812,11.478221893310547,2.849996328353882,-0.49296334385871887,2.3570330142974854
95.7,95.7,rgbd,7784,14.574301960461197,41.536709381663236,187.4005,534.09076,16.326614379882812,11.478221893310547,2.849996328353882,-0.49296334385871887,2.3570330142974854
97.9,97.9,rgbd,7933,14.527504668722976,41.403335491776666,191.60292,546.0676,16.326614379882812,11.735618591308594,2.849996328353882,-0.49296334385871887,2.3570330142974854
99.7,99.7,rgbd,8093,13.26437422990865,37.803419709290566,214.08116,610.13055,16.326614379882812,13.112403869628906,2.849996328353882,-0.49296334385871887,2.3570330142974854
101.9,101.9,rgbd,8198,12.976026585023742,36.98162744617826,221.67764,631.78046,16.326614379882812,13.577686309814453,2.849996328353882,-0.49296334385871887,2.3570330142974854
104.0,104.0,rgbd,8256,11.270550256512635,32.745186251051834,252.12866,732.52856,16.37442970275879,15.397706031799316,2.9053759574890137,-0.4889913499355316,2.416384696960449
106.0,106.0,rgbd,8390,11.453478276664367,33.27666093099865,252.12866,732.52856,16.37442970275879,15.397706031799316,2.9053759574890137,-0.4889913499355316,2.416384696960449
108.0,108.0,rgbd,8455,11.542212017782743,33.53446581306241,252.12866,732.52856,16.37442970275879,15.397706031799316,2.9053759574890137,-0.4889913499355316,2.416384696960449
110.0,110.0,rgbd,8551,11.673264927742192,33.915223792725804,252.12866,732.52856,16.37442970275879,15.397706031799316,2.9053759574890137,-0.4889913499355316,2.416384696960449
112.0,112.0,rgbd,8625,11.774284879169267,34.208724735383,252.12866,732.52856,16.37442970275879,15.397706031799316,2.9053759574890137,-0.4889913499355316,2.416384696960449
114.1,114.1,rgbd,8705,11.883495637468808,34.526023051769165,252.12866,732.52856,16.37442970275879,15.397706031799316,2.9053759574890137,-0.4889913499355316,2.416384696960449
116.1,116.1,rgbd,8811,12.028199892215701,34.946443320980826,252.12866,732.52856,16.37442970275879,15.397706031799316,2.9053759574890137,-0.4889913499355316,2.416384696960449
118.1,118.1,rgbd,9141,12.478694270201308,36.255298876073745,252.12866,732.52856,16.37442970275879,15.397706031799316,2.9053759574890137,-0.4889913499355316,2.416384696960449
120.2,120.2,rgbd,9357,12.773563317610067,37.11200433031638,252.12866,732.52856,16.37442970275879,15.397706031799316,2.9053759574890137,-0.4889913499355316,2.416384696960449
122.2,122.2,rgbd,9693,13.23224850246814,38.44465725913825,252.12866,732.52856,16.37442970275879,15.397706031799316,2.9053759574890137,-0.4889913499355316,2.416384696960449
124.1,124.1,rgbd,10059,13.73188772168854,39.89629705660494,252.12866,732.52856,16.37442970275879,15.397706031799316,2.9053759574890137,-0.4889913499355316,2.416384696960449
126.3,126.3,rgbd,10290,14.047233786278465,40.812495945169985,252.12866,732.52856,16.37442970275879,15.397706031799316,2.9053759574890137,-0.4889913499355316,2.416384696960449
128.2,128.2,rgbd,10393,14.187842637589124,41.22101752751717,252.12866,732.52856,16.37442970275879,15.397706031799316,2.9053759574890137,-0.4889913499355316,2.416384696960449
130.2,130.2,rgbd,10463,14.283402051101223,41.49865355435506,252.12866,732.52856,16.37442970275879,15.397706031799316,2.9053759574890137,-0.4889913499355316,2.416384696960449
132.3,132.3,rgbd,10486,14.314800144112342,41.58987682031608,252.12866,732.52856,16.37442970275879,15.397706031799316,2.9053759574890137,-0.4889913499355316,2.416384696960449
134.4,134.4,rgbd,10610,14.484076819476629,42.08168921071463,252.12866,732.52856,16.37442970275879,15.397706031799316,2.9053759574890137,-0.4889913499355316,2.416384696960449
136.5,136.5,rgbd,10818,14.768024791055437,42.90666483331865,252.12866,732.52856,16.37442970275879,15.397706031799316,2.9053759574890137,-0.4889913499355316,2.416384696960449
138.5,138.5,rgbd,11043,15.075180048772895,43.799066348154724,252.12866,732.52856,16.37442970275879,15.397706031799316,2.9053759574890137,-0.4889913499355316,2.416384696960449
140.7,140.7,rgbd,11091,15.14070650375262,43.989445337986425,252.12866,732.52856,16.37442970275879,15.397706031799316,2.9053759574890137,-0.4889913499355316,2.416384696960449
143.0,143.0,rgbd,11153,15.225344841434765,44.2353515331857,252.12866,732.52856,16.37442970275879,15.397706031799316,2.9053759574890137,-0.4889913499355316,2.416384696960449
144.9,144.9,rgbd,11230,15.330460196298073,44.54075116270738,252.12866,732.52856,16.37442970275879,15.397706031799316,2.9053759574890137,-0.4889913499355316,2.416384696960449
146.9,146.9,rgbd,11278,15.395986651277797,44.73113015253907,252.12866,732.52856,16.37442970275879,15.397706031799316,2.9053759574890137,-0.4889913499355316,2.416384696960449
148.9,148.9,rgbd,11387,13.68402735857706,39.757244713691406,286.4132,832.13806,16.37442970275879,17.491491317749023,2.9053759574890137,-0.4889913499355316,2.416384696960449
151.0,151.0,rgbd,11505,13.884220089340234,40.07071656053833,287.1174,828.63855,16.447006225585938,17.457122802734375,2.886061668395996,-0.5766863226890564,2.309375286102295
153.1,153.1,rgbd,11819,14.508356395383728,41.140356727165766,287.28482,814.634,16.459455490112305,17.454090118408203,2.835631847381592,-0.5050584077835083,2.330573320388794
155.1,155.1,rgbd,12163,14.64579689558064,42.32315404872528,287.38406,830.4772,16.438941955566406,17.48190689086914,2.8897814750671387,-0.5815274715423584,2.3082540035247803
157.1,157.1,rgbd,12526,15.096923957182542,43.58485584042232,287.3934,829.70544,16.426448822021484,17.495771408081055,2.887002468109131,-0.6418730020523071,2.2451295852661133
159.2,159.2,rgbd,12989,17.440470355258622,45.73775854615277,283.98856,744.762,15.904975891113281,17.855327606201172,2.622507095336914,-0.043125104159116745,2.5793819427490234
161.4,161.4,rgbd,13122,17.61905088934511,46.20608727712808,283.98856,744.762,15.904975891113281,17.855327606201172,2.622507095336914,-0.043125104159116745,2.5793819427490234
163.3,163.3,rgbd,13137,17.63919155108419,46.25890630693732,283.98856,744.762,15.904975891113281,17.855327606201172,2.622507095336914,-0.043125104159116745,2.5793819427490234
165.4,165.4,rgbd,14685,23.049362331961,60.714051573840166,241.87152,637.1109,16.88127899169922,14.32779598236084,2.6340880393981934,-0.4640539884567261,2.170034170150757
167.5,167.5,rgbd,14970,23.496694185185984,61.89236309570223,241.87152,637.1109,16.88127899169922,14.32779598236084,2.6340880393981934,-0.4640539884567261,2.170034170150757
169.5,169.5,rgbd,15145,24.042284306754038,62.47431707967389,242.41962,629.9318,16.872093200683594,14.368082046508789,2.5985183715820312,-0.41552650928497314,2.1829919815063477
171.5,171.5,rgbd,15341,24.45589891529691,63.10246046100128,243.11255,627.2924,16.85831642150879,14.420927047729492,2.5802552700042725,-0.40733200311660767,2.1729233264923096
173.5,173.5,rgbd,15464,23.774062022969886,63.4653804032532,243.6604,650.4568,16.846569061279297,14.463502883911133,2.6695220470428467,-0.4565413296222687,2.2129807472229004
176.1,176.1,rgbd,15519,23.858617985933112,63.69110440235944,243.6604,650.4568,16.846569061279297,14.463502883911133,2.6695220470428467,-0.4565413296222687,2.2129807472229004
177.5,177.5,rgbd,15500,21.96125095558146,63.799589218795944,242.94827,705.7886,16.81976318359375,14.444214820861816,2.9050981998443604,-0.5917115807533264,2.3133866786956787
179.5,179.5,rgbd,15764,21.67529874543325,62.214190811353866,253.3827,727.2795,16.618106842041016,15.247386932373047,2.8702807426452637,-0.5759643316268921,2.294316291809082
181.5,181.5,rgbd,15812,20.51838437958184,62.18468142040917,254.27484,770.626,16.61908721923828,15.300168991088867,3.0306811332702637,-0.6794538497924805,2.351227283477783
183.7,183.7,rgbd,15892,20.62219608906619,62.49930161479525,254.27484,770.626,16.61908721923828,15.300168991088867,3.0306811332702637,-0.6794538497924805,2.351227283477783
185.7,185.7,rgbd,15999,20.761044250501506,62.920106124786635,254.27484,770.626,16.61908721923828,15.300168991088867,3.0306811332702637,-0.6794538497924805,2.351227283477783
187.6,187.6,rgbd,16146,20.951798266679003,63.49822073197107,254.27484,770.626,16.61908721923828,15.300168991088867,3.0306811332702637,-0.6794538497924805,2.351227283477783
189.7,189.7,rgbd,16295,21.145147575593604,64.08420084401514,254.27484,770.626,16.61908721923828,15.300168991088867,3.0306811332702637,-0.6794538497924805,2.351227283477783
191.7,191.7,rgbd,16543,21.466963874995088,65.059523446612,254.27484,770.626,16.61908721923828,15.300168991088867,3.0306811332702637,-0.6794538497924805,2.351227283477783
193.7,193.7,rgbd,16845,21.003086897735127,63.65365798361473,264.63522,802.02496,16.61908721923828,15.92357063293457,3.0306811332702637,-0.6794538497924805,2.351227283477783
195.8,195.8,rgbd,17259,19.861765297754616,60.194678768409204,286.7197,868.956,16.61908721923828,17.25243377685547,3.0306811332702637,-0.6794538497924805,2.351227283477783
197.9,197.9,rgbd,17664,20.327546279874767,61.606309832674995,286.72388,868.9686,16.61908721923828,17.252685546875,3.0306811332702637,-0.6794538497924805,2.351227283477783
199.8,199.8,rgbd,17827,20.515124973467362,62.17480102961374,286.72388,868.9686,16.61908721923828,17.252685546875,3.0306811332702637,-0.6794538497924805,2.351227283477783
201.8,201.8,rgbd,17850,20.54159313268595,62.255017578875034,286.72388,868.9686,16.61908721923828,17.252685546875,3.0306811332702637,-0.6794538497924805,2.351227283477783
203.8,203.8,rgbd,18092,20.808720447523992,63.0645943369602,286.88046,869.4432,16.61908721923828,17.262107849121094,3.0306811332702637,-0.6794538497924805,2.351227283477783
205.9,205.9,rgbd,18397,20.620935976582352,64.11264150833031,286.9481,892.15155,16.52495002746582,17.36453628540039,3.1091043949127197,-0.6892474293708801,2.4198570251464844
208.0,208.0,rgbd,18536,20.043135129512834,64.65563552811071,286.68808,924.8054,16.51874351501465,17.35531997680664,3.2258243560791016,-0.7295193672180176,2.496304988861084
210.1,210.1,rgbd,18708,16.303011296884367,65.24969377471781,286.714,1147.5181,16.513355255126953,17.362552642822266,4.002309322357178,-1.1798831224441528,2.8224263191223145
212.2,212.2,rgbd,18747,16.336997689902248,65.38571783165678,286.714,1147.5181,16.513355255126953,17.362552642822266,4.002309322357178,-1.1798831224441528,2.8224263191223145
214.1,214.1,rgbd,18835,16.41368493568618,65.69264390885238,286.714,1147.5181,16.513355255126953,17.362552642822266,4.002309322357178,-1.1798831224441528,2.8224263191223145
216.2,216.2,rgbd,19062,16.611503171969737,66.48437367616373,286.714,1147.5181,16.513355255126953,17.362552642822266,4.002309322357178,-1.1798831224441528,2.8224263191223145
218.2,218.2,rgbd,19125,16.666404268383232,66.70410484506512,286.714,1147.5181,16.513355255126953,17.362552642822266,4.002309322357178,-1.1798831224441528,2.8224263191223145
220.1,220.1,rgbd,19129,16.669890052282504,66.71805603039219,286.714,1147.5181,16.513355255126953,17.362552642822266,4.002309322357178,-1.1798831224441528,2.8224263191223145
222.1,222.1,rgbd,19131,16.671632944232137,66.72503162305573,286.714,1147.5181,16.513355255126953,17.362552642822266,4.002309322357178,-1.1798831224441528,2.8224263191223145
224.1,224.1,rgbd,19165,16.701262107375932,66.84361669833585,286.714,1147.5181,16.513355255126953,17.362552642822266,4.002309322357178,-1.1798831224441528,2.8224263191223145
226.2,226.2,rgbd,19351,16.863351058691972,67.49234681604472,286.714,1147.5181,16.513355255126953,17.362552642822266,4.002309322357178,-1.1798831224441528,2.8224263191223145
228.2,228.2,rgbd,19592,17.07336953862297,68.33290573200082,286.714,1147.5181,16.513355255126953,17.362552642822266,4.002309322357178,-1.1798831224441528,2.8224263191223145
230.3,230.3,rgbd,19831,17.281645126604335,69.16648905529341,286.714,1147.5181,16.513355255126953,17.362552642822266,4.002309322357178,-1.1798831224441528,2.8224263191223145
232.3,232.3,rgbd,19968,17.401033225154322,69.64431715274564,286.714,1147.5181,16.513355255126953,17.362552642822266,4.002309322357178,-1.1798831224441528,2.8224263191223145
234.4,234.4,rgbd,20050,17.47249179508935,69.93031645195063,286.714,1147.5181,16.513355255126953,17.362552642822266,4.002309322357178,-1.1798831224441528,2.8224263191223145
236.4,236.4,rgbd,20130,17.542207473074743,70.20934015849207,286.714,1147.5181,16.513355255126953,17.362552642822266,4.002309322357178,-1.1798831224441528,2.8224263191223145
238.5,238.5,rgbd,20244,17.64155231420393,70.60694894031364,286.714,1147.5181,16.513355255126953,17.362552642822266,4.002309322357178,-1.1798831224441528,2.8224263191223145
240.4,240.4,rgbd,20324,17.711267992189324,70.88597264685508,286.714,1147.5181,16.513355255126953,17.362552642822266,4.002309322357178,-1.1798831224441528,2.8224263191223145
242.5,242.5,rgbd,20472,17.840241996462304,71.40216650395676,286.714,1147.5181,16.513355255126953,17.362552642822266,4.002309322357178,-1.1798831224441528,2.8224263191223145
244.6,244.6,rgbd,20445,18.149816952665823,71.29778896978404,286.75504,1126.4576,16.469566345214844,17.41120719909668,3.9282925128936768,-1.152402639389038,2.7758898735046387
246.7,246.7,rgbd,21174,27.771905766238905,73.80082838902374,286.90735,762.4252,15.985503196716309,17.94797134399414,2.6573915481567383,-0.6154389381408691,2.041952610015869
248.7,248.7,rgbd,20915,27.57345838851973,72.88897264861038,286.94327,758.5193,15.966203689575195,17.97191619873047,2.643446922302246,-0.6324860453605652,2.010960817337036
250.8,250.8,rgbd,21134,27.522525011628694,73.59326849863737,287.173,767.8801,15.963740348815918,17.98908042907715,2.673928737640381,-0.6571868062019348,2.016741991043091
252.7,252.7,rgbd,21643,27.912949743469287,75.38847977154627,287.0863,775.3749,15.968849182128906,17.977895736694336,2.7008423805236816,-0.6732574701309204,2.027585029602051
254.7,254.7,rgbd,21879,28.08160067822215,76.24467001707535,286.95776,779.12225,15.983392715454102,17.953495025634766,2.715111255645752,-0.6929289102554321,2.0221824645996094
256.7,256.7,rgbd,22022,28.03445235420173,76.9780441698124,286.08157,785.53345,16.04993438720703,17.82447052001953,2.7458372116088867,-0.5891745090484619,2.156662702560425
258.6,258.6,rgbd,22459,28.59076221156192,78.50558051084447,286.08157,785.53345,16.04993438720703,17.82447052001953,2.7458372116088867,-0.5891745090484619,2.156662702560425
260.6,260.6,rgbd,22871,27.666186365369402,80.01345748509617,285.83942,826.677,16.002286911010742,17.862409591674805,2.8921029567718506,-0.9041852951049805,1.9879176616668701
262.6,262.6,rgbd,22760,26.06506595359214,79.27395316988591,287.10565,873.1994,15.989766120910645,17.95558738708496,3.0413870811462402,-1.0586634874343872,1.9827234745025635
264.6,264.6,rgbd,22850,25.960935828139057,79.58705439947312,287.107,880.1686,15.987196922302246,17.95855712890625,3.0656466484069824,-1.0791072845458984,1.986539363861084
266.6,266.6,rgbd,22950,26.87917457436739,79.94140664447801,287.08527,853.82086,15.985295295715332,17.959335327148438,2.974102020263672,-0.9926292896270752,1.9814727306365967
268.7,268.7,rgbd,23053,26.999808778339496,80.3001850708127,287.08527,853.82086,15.985295295715332,17.959335327148438,2.974102020263672,-0.9926292896270752,1.9814727306365967
270.7,270.7,rgbd,23248,24.907933462484774,74.07873643315268,313.82825,933.35724,17.474380493164062,17.959335327148438,2.974102020263672,-0.9926292896270752,1.9814727306365967
272.7,272.7,rgbd,23562,25.205693026316993,75.05883208445853,313.91376,934.7888,17.479141235351562,17.959335327148438,2.9778523445129395,-0.9926292896270752,1.9852230548858643
274.7,274.7,rgbd,23951,25.5014455532536,76.29834489290252,313.91245,939.20166,17.479068756103516,17.959335327148438,2.991922378540039,-0.9926292896270752,1.9992930889129639
276.8,276.8,rgbd,24172,25.736914018088246,77.00284944378974,313.91046,939.19574,17.478958129882812,17.959335327148438,2.991922378540039,-0.9926292896270752,1.9992930889129639
278.8,278.8,rgbd,24291,25.862969402012677,77.37999758129023,313.91833,939.2193,17.47939682006836,17.959335327148438,2.991922378540039,-0.9926292896270752,1.9992930889129639
280.9,280.9,rgbd,24328,25.89870828723028,77.48692486961417,313.96265,939.35187,17.481863021850586,17.959335327148438,2.991922378540039,-0.9926292896270752,1.9992930889129639
282.9,282.9,rgbd,24480,26.05916741325416,77.96700440094891,313.97897,939.4007,17.482772827148438,17.959335327148438,2.991922378540039,-0.9926292896270752,1.9992930889129639
284.9,284.9,rgbd,24567,26.151779650384594,78.24409301953071,313.97897,939.4007,17.482772827148438,17.959335327148438,2.991922378540039,-0.9926292896270752,1.9992930889129639
286.9,286.9,rgbd,24673,26.26461754849754,78.58169524446946,313.97897,939.4007,17.482772827148438,17.959335327148438,2.991922378540039,-0.9926292896270752,1.9992930889129639
288.9,288.9,rgbd,24789,26.388100531338125,78.95114673591186,313.97897,939.4007,17.482772827148438,17.959335327148438,2.991922378540039,-0.9926292896270752,1.9992930889129639
290.9,290.9,rgbd,25011,26.624421412291657,79.65820045229302,313.97897,939.4007,17.482772827148438,17.959335327148438,2.991922378540039,-0.9926292896270752,1.9992930889129639
293.0,293.0,rgbd,25188,26.81283941197082,80.22193246940772,313.97897,939.4007,17.482772827148438,17.959335327148438,2.991922378540039,-0.9926292896270752,1.9992930889129639
4.2,4.2,rgbd,271,22.95382039976843,45.15803909889907,6.0011463,11.8063135,2.18027925491333,2.752466917037964,1.9673430919647217,0.0014560427516698837,1.968799114227295
4.5,4.5,rgbd,25549,24.150959559623203,72.25779955013525,353.5812,1057.8876,19.687877655029297,17.959335327148438,2.991922378540039,-0.9926292896270752,1.9992930889129639
6.3,6.3,rgbd,527,31.60602141524169,62.18120874696548,8.475229,16.674038,2.18027925491333,3.8872220516204834,1.967384934425354,0.0014141425490379333,1.968799114227295
6.4,6.4,rgbd,25783,24.372155087313203,72.91959942859357,353.5812,1057.8876,19.687877655029297,17.959335327148438,2.991922378540039,-0.9926292896270752,1.9992930889129639
8.5,8.5,rgbd,832,30.640116202824476,60.284430021149625,13.801242,27.153944,3.55041241645813,3.8872220516204834,1.96750009059906,0.001299045979976654,1.968799114227295
8.7,8.7,rgbd,25977,24.555539413688674,73.46827112270005,353.5812,1057.8876,19.687877655029297,17.959335327148438,2.991922378540039,-0.9926292896270752,1.9992930889129639
10.4,10.4,rgbd,891,32.81291290470746,64.55940763082249,13.801242,27.153944,3.55041241645813,3.8872220516204834,1.96750009059906,0.001299045979976654,1.968799114227295
10.7,10.7,rgbd,26009,24.5857883747403,73.55877367018152,353.5812,1057.8876,19.687877655029297,17.959335327148438,2.991922378540039,-0.9926292896270752,1.9992930889129639
12.3,12.3,rgbd,1006,31.204668591995052,61.39518896903536,16.385649,32.238766,4.215259075164795,3.8872220516204834,1.96750009059906,0.001299045979976654,1.968799114227295
12.7,12.7,rgbd,26069,24.642505176712096,73.72846594670929,353.5812,1057.8876,19.687877655029297,17.959335327148438,2.991922378540039,-0.9926292896270752,1.9992930889129639
14.4,14.4,rgbd,1160,29.62607205453534,61.19625565991383,18.955408,39.1547,4.876338005065918,3.8872220516204834,2.0656216144561768,-0.0968225747346878,1.968799114227295
14.8,14.8,rgbd,26233,19.238224080766962,74.06193369222288,354.20355,1363.5874,19.67449951171875,18.0031795501709,3.8497281074523926,-1.7359591722488403,2.113769054412842
16.5,16.5,rgbd,1231,29.52795462768248,60.99358223950535,20.182451,41.68931,5.191998481750488,3.8872220516204834,2.0656216144561768,-0.0968225747346878,1.968799114227295
17.0,17.0,rgbd,26307,19.29249269594543,74.27085311025455,354.20355,1363.5874,19.67449951171875,18.0031795501709,3.8497281074523926,-1.7359591722488403,2.113769054412842
18.5,18.5,rgbd,1315,26.67606428578172,55.102653098886606,23.86455,49.295128,6.139229774475098,3.8872220516204834,2.0656216144561768,-0.0968225747346878,1.968799114227295
18.9,18.9,rgbd,26417,19.37316225904856,74.58140900192322,354.20355,1363.5874,19.67449951171875,18.0031795501709,3.8497281074523926,-1.7359591722488403,2.113769054412842
20.5,20.5,rgbd,1430,22.36653352128737,46.20079403818771,30.951849,63.934807,7.065256595611572,4.380852699279785,2.0656216144561768,-0.0968225747346878,1.968799114227295
20.9,20.9,rgbd,26533,19.458231980139132,74.90890430586474,354.20355,1363.5874,19.67449951171875,18.0031795501709,3.8497281074523926,-1.7359591722488403,2.113769054412842
22.5,22.5,rgbd,1495,20.924619739269616,43.22234747233184,34.58859,71.44694,7.523589134216309,4.597352027893066,2.0656216144561768,-0.0968225747346878,1.968799114227295
23.0,23.0,rgbd,26610,19.51470067431132,75.12629343003282,354.20355,1363.5874,19.67449951171875,18.0031795501709,3.8497281074523926,-1.7359591722488403,2.113769054412842
24.6,24.6,rgbd,1582,12.441629448843408,25.699699352444267,61.55714,127.15376,9.28048324584961,6.632966995239258,2.0656216144561768,-0.0968225747346878,1.968799114227295
25.1,25.1,rgbd,26764,19.433672043963835,75.52774107139166,354.35986,1377.1973,19.676095962524414,18.009662628173828,3.886436939239502,-1.760819435119629,2.125617504119873
26.5,26.5,rgbd,1737,11.760251114494126,24.292091425866793,71.50475,147.70093,10.580148696899414,6.758388519287109,2.065609931945801,-0.09755468368530273,1.968055248260498
27.1,27.1,rgbd,26955,19.695713474418447,76.1049389290009,354.182,1368.5719,19.670188903808594,18.00602912902832,3.8640356063842773,-1.7535121440887451,2.1105234622955322
28.5,28.5,rgbd,1899,11.208851447453178,23.69180535588099,80.1543,169.41968,11.273113250732422,7.110218048095703,2.1136693954467773,-0.1130291149020195,2.000640392303467
29.0,29.0,rgbd,27078,20.402833842201623,76.10619419839581,355.79233,1327.1686,19.61449432373047,18.13925552368164,3.730177640914917,-1.6958160400390625,2.0343616008758545
30.5,30.5,rgbd,2115,10.807362583126126,22.84319200360129,92.58776,195.69992,11.84438705444336,7.817016124725342,2.1136693954467773,-0.1130291149020195,2.000640392303467
31.0,31.0,rgbd,27257,20.59560042960433,76.65459799773647,355.58206,1323.438,19.624841690063477,18.118976593017578,3.7218918800354004,-1.695422649383545,2.0264692306518555
32.5,32.5,rgbd,2272,10.667276479990143,22.642623767002274,100.34173,212.98782,11.833251953125,8.47964096069336,2.122624635696411,-0.15306514501571655,1.9695594310760498
33.1,33.1,rgbd,27432,21.42650116074585,77.231704450319,355.19092,1280.2837,19.63348960876465,18.091073989868164,3.604494333267212,-1.6449391841888428,1.9595551490783691
34.6,34.6,rgbd,2435,11.271499916018298,24.267072567187736,100.34173,216.03159,11.833251953125,8.47964096069336,2.152958631515503,-0.15306514501571655,1.9998934268951416
35.0,35.0,rgbd,27596,21.340057440748005,77.69342796773851,355.19092,1293.1549,19.63348960876465,18.091073989868164,3.6407320499420166,-1.6449391841888428,1.9957928657531738
36.6,36.6,rgbd,2561,11.910833301398464,25.522781455674657,100.34173,215.01434,11.833251953125,8.47964096069336,2.1428208351135254,-0.15306514501571655,1.9897557497024536
37.1,37.1,rgbd,27760,21.466879060558217,78.15515148515804,355.19092,1293.1549,19.63348960876465,18.091073989868164,3.6407320499420166,-1.6449391841888428,1.9957928657531738
38.6,38.6,rgbd,2723,11.335338770346718,24.289600367608227,112.10559,240.2222,11.833251953125,9.473776817321777,2.1428208351135254,-0.15306514501571655,1.9897557497024536
39.1,39.1,rgbd,27960,21.621539572521893,78.71822894542575,355.19092,1293.1549,19.63348960876465,18.091073989868164,3.6407320499420166,-1.6449391841888428,1.9957928657531738
40.6,40.6,rgbd,2890,9.770333074096643,21.043680747301114,137.33339,295.7934,14.496160507202148,9.473776817321777,2.153834581375122,-0.15306514501571655,2.0007693767547607
41.1,41.1,rgbd,28096,21.726708720657193,79.10112161840779,355.19092,1293.1549,19.63348960876465,18.091073989868164,3.6407320499420166,-1.6449391841888428,1.9957928657531738
42.6,42.6,rgbd,3103,10.489749552959207,22.59318498833168,137.3423,295.8126,14.497100830078125,9.473776817321777,2.153834581375122,-0.15306514501571655,2.0007693767547607
43.1,43.1,rgbd,28342,21.916941150372516,79.79370689453708,355.19092,1293.1549,19.63348960876465,18.091073989868164,3.6407320499420166,-1.6449391841888428,1.9957928657531738
44.6,44.6,rgbd,3375,11.40823024092913,24.571440632682602,137.35458,295.83905,14.498397827148438,9.473776817321777,2.153834581375122,-0.15306514501571655,2.0007693767547607
45.1,45.1,rgbd,28538,22.068508452096918,80.34552280559943,355.19092,1293.1549,19.63348960876465,18.091073989868164,3.6407320499420166,-1.6449391841888428,1.9957928657531738
46.6,46.6,rgbd,3711,10.794740315856238,23.250084963671878,159.61232,343.77853,14.501934051513672,11.006278038024902,2.153834581375122,-0.15306514501571655,2.0007693767547607
47.1,47.1,rgbd,28832,22.181825387620286,80.75808023605981,357.0169,1299.8029,19.63348960876465,18.184078216552734,3.6407320499420166,-1.6449391841888428,1.9957928657531738
48.6,48.6,rgbd,4238,12.32619287440544,26.54858136419403,159.63188,343.82068,14.503711700439453,11.006278038024902,2.153834581375122,-0.15306514501571655,2.0007693767547607
49.1,49.1,rgbd,29131,22.41186027215478,81.59557558811939,357.0169,1299.8029,19.63348960876465,18.184078216552734,3.6407320499420166,-1.6449391841888428,1.9957928657531738
50.5,50.5,rgbd,4445,12.927616359078995,27.843946783782183,159.63972,343.83755,14.504424095153809,11.006278038024902,2.153834581375122,-0.15306514501571655,2.0007693767547607
51.1,51.1,rgbd,29309,22.548804116459593,82.0941514164358,357.0169,1299.8029,19.63348960876465,18.184078216552734,3.6407320499420166,-1.6449391841888428,1.9957928657531738
52.6,52.6,rgbd,4491,13.059832154531566,28.12871871059182,159.65889,343.87885,14.506165504455566,11.006278038024902,2.153834581375122,-0.15306514501571655,2.0007693767547607
53.0,53.0,rgbd,29371,22.596503657734303,82.26781266000668,357.0169,1299.8029,19.63348960876465,18.184078216552734,3.6407320499420166,-1.6449391841888428,1.9957928657531738
54.6,54.6,rgbd,4517,13.104826799131793,28.225629509504714,160.03186,344.68216,14.54005241394043,11.006278038024902,2.153834581375122,-0.15306514501571655,2.0007693767547607
55.0,55.0,rgbd,29413,22.628816250210722,82.38545414758696,357.0169,1299.8029,19.63348960876465,18.184078216552734,3.6407320499420166,-1.6449391841888428,1.9957928657531738
56.6,56.6,rgbd,4618,13.397850378213553,28.856753835486554,160.03186,344.68216,14.54005241394043,11.006278038024902,2.153834581375122,-0.15306514501571655,2.0007693767547607
58.0,58.0,rgbd,30917,40.29961590213989,98.4494307970998,314.0394,767.1785,16.723508834838867,18.7783203125,2.442937135696411,-0.44282984733581543,2.0001072883605957
58.6,58.6,rgbd,4570,8.63742162716941,30.687422941913177,148.92094,529.0931,15.572555541992188,9.563037872314453,3.5528452396392822,-1.0935471057891846,2.4592981338500977
59.1,59.1,rgbd,30958,35.606944765612965,99.033336795747,312.6018,869.43713,16.42827606201172,19.028278350830078,2.781292676925659,-0.7026557922363281,2.078636884689331
60.6,60.6,rgbd,4661,8.795706050940485,30.204275244142657,154.3159,529.91766,15.142786979675293,10.190719604492188,3.4339795112609863,-1.004747748374939,2.429231643676758
61.1,61.1,rgbd,31137,34.43626489137106,99.6646300955183,312.41776,904.19214,16.367053985595703,19.08820915222168,2.894176483154297,-0.786216676235199,2.107959747314453
62.7,62.7,rgbd,4749,6.7632819637883435,30.70851522384484,154.64766,702.1739,15.035324096679688,10.285621643066406,4.540475368499756,-1.7351770401000977,2.805298328399658
63.2,63.2,rgbd,31185,34.489350953444664,99.8182705311603,312.41776,904.19214,16.367053985595703,19.08820915222168,2.894176483154297,-0.786216676235199,2.107959747314453
64.7,64.7,rgbd,4812,6.853003329069174,31.115892873687383,154.64766,702.1739,15.035324096679688,10.285621643066406,4.540475368499756,-1.7351770401000977,2.805298328399658
65.2,65.2,rgbd,31276,34.5899932794592,100.10954719039826,312.41776,904.19214,16.367053985595703,19.08820915222168,2.894176483154297,-0.786216676235199,2.107959747314453
66.7,66.7,rgbd,4885,6.956966180902517,31.587933642552546,154.64766,702.1739,15.035324096679688,10.285621643066406,4.540475368499756,-1.7351770401000977,2.805298328399658
67.1,67.1,rgbd,31368,34.69174156510028,100.40402469204541,312.41776,904.19214,16.367053985595703,19.08820915222168,2.894176483154297,-0.786216676235199,2.107959747314453
68.7,68.7,rgbd,4952,6.984497215793481,31.7129364758756,156.15079,708.9988,15.181463241577148,10.285621643066406,4.540475368499756,-1.7351770401000977,2.805298328399658
69.1,69.1,rgbd,31423,34.75256934455962,100.58007102455187,312.41776,904.19214,16.367053985595703,19.08820915222168,2.894176483154297,-0.786216676235199,2.107959747314453
70.7,70.7,rgbd,5025,6.826637231746596,30.996178261457214,162.11676,736.08716,15.320028305053711,10.582014083862305,4.540475368499756,-1.7351770401000977,2.805298328399658
71.1,71.1,rgbd,31496,34.83330439729656,100.81373252042408,312.41776,904.19214,16.367053985595703,19.08820915222168,2.894176483154297,-0.786216676235199,2.107959747314453
72.7,72.7,rgbd,5198,5.591297841871717,25.38715009270447,204.74925,929.65894,17.01903533935547,12.03060245513916,4.540475368499756,-1.7351770401000977,2.805298328399658
73.1,73.1,rgbd,31634,31.55829399492331,91.33527232343194,346.3503,1002.3989,18.144725799560547,19.08820915222168,2.894176483154297,-0.786216676235199,2.107959747314453
74.8,74.8,rgbd,5310,5.517549648188908,25.052297968984913,211.9566,962.3837,17.01903533935547,12.454090118408203,4.540475368499756,-1.7351770401000977,2.805298328399658
75.2,75.2,rgbd,31726,31.650073821930107,91.60089934036802,346.3503,1002.3989,18.144725799560547,19.08820915222168,2.894176483154297,-0.786216676235199,2.107959747314453
76.9,76.9,rgbd,5572,4.91470447218728,22.315094370869122,249.69646,1133.7406,17.01903533935547,14.671598434448242,4.540475368499756,-1.7351770401000977,2.805298328399658
77.4,77.4,rgbd,31942,31.865556894033016,92.22454538013096,346.3503,1002.3989,18.144725799560547,19.08820915222168,2.894176483154297,-0.786216676235199,2.107959747314453
78.8,78.8,rgbd,5791,4.7516192508407,21.57461065317492,268.41736,1218.7424,17.008621215820312,15.78125286102295,4.540475368499756,-1.7351770401000977,2.805298328399658
79.3,79.3,rgbd,32174,31.860478424410765,92.20985003664683,348.9215,1009.84045,18.27942657470703,19.08820915222168,2.894176483154297,-0.786216676235199,2.107959747314453
80.8,80.8,rgbd,5996,4.699692601619047,21.33883842267374,280.99,1275.8281,17.5447998046875,16.01557159423828,4.540475368499756,-1.7351770401000977,2.805298328399658
81.2,81.2,rgbd,32445,31.17703983711285,90.2318572188778,359.57367,1040.6697,18.837474822998047,19.08820915222168,2.894176483154297,-0.786216676235199,2.107959747314453
82.8,82.8,rgbd,6257,4.8786786033920855,22.15152018686722,282.46368,1282.5194,17.636816024780273,16.01557159423828,4.540475368499756,-1.7351770401000977,2.805298328399658
83.2,83.2,rgbd,32692,31.414387004311706,90.91878182153039,359.57367,1040.6697,18.837474822998047,19.08820915222168,2.894176483154297,-0.786216676235199,2.107959747314453
84.8,84.8,rgbd,6487,4.7093790114217375,21.382820110548547,303.3744,1377.464,17.8814754486084,16.96584701538086,4.540475368499756,-1.7351770401000977,2.805298328399658
85.2,85.2,rgbd,32877,31.334848835468193,90.68858362677886,362.52634,1049.2152,18.99216079711914,19.08820915222168,2.894176483154297,-0.786216676235199,2.107959747314453
86.9,86.9,rgbd,6699,4.726556830347415,21.46081557477259,312.1503,1417.3108,18.398744583129883,16.96584701538086,4.540475368499756,-1.7351770401000977,2.805298328399658
87.3,87.3,rgbd,33158,29.943503492504156,86.6617845627965,382.61386,1107.352,20.044513702392578,19.08820915222168,2.894176483154297,-0.786216676235199,2.107959747314453
88.9,88.9,rgbd,6967,4.708834500084567,21.380346347241996,325.86002,1479.5593,19.206823348999023,16.96584701538086,4.540475368499756,-1.7351770401000977,2.805298328399658
89.2,89.2,rgbd,33418,29.869182355901188,86.44668065866271,386.57355,1118.812,20.251955032348633,19.08820915222168,2.894176483154297,-0.786216676235199,2.107959747314453
90.9,90.9,rgbd,7300,4.9320402826395835,22.393807791001713,325.98297,1480.1177,19.214069366455078,16.96584701538086,4.540475368499756,-1.7351770401000977,2.805298328399658
91.3,91.3,rgbd,33631,29.908501454687567,86.5604805697741,388.52603,1124.4629,20.3542423248291,19.08820915222168,2.894176483154297,-0.786216676235199,2.107959747314453
92.8,92.8,rgbd,7458,5.042586360241902,22.89573960078754,325.73746,1479.0029,19.19959831237793,16.96584701538086,4.540475368499756,-1.7351770401000977,2.805298328399658
93.2,93.2,rgbd,33747,30.011661817708106,86.85904486301824,388.52603,1124.4629,20.3542423248291,19.08820915222168,2.894176483154297,-0.786216676235199,2.107959747314453
94.8,94.8,rgbd,7500,5.070983869913417,23.024677796447644,325.73746,1479.0029,19.19959831237793,16.96584701538086,4.540475368499756,-1.7351770401000977,2.805298328399658
95.2,95.2,rgbd,33769,30.03122671414304,86.91566912553006,388.52603,1124.4629,20.3542423248291,19.08820915222168,2.894176483154297,-0.786216676235199,2.107959747314453
96.9,96.9,rgbd,7504,5.073688394644037,23.03695762460575,325.73746,1479.0029,19.19959831237793,16.96584701538086,4.540475368499756,-1.7351770401000977,2.805298328399658
97.2,97.2,rgbd,33774,30.03567328151461,86.92853827610094,388.52603,1124.4629,20.3542423248291,19.08820915222168,2.894176483154297,-0.786216676235199,2.107959747314453
98.8,98.8,rgbd,7564,5.114256265603345,23.221155046977334,325.73746,1479.0029,19.19959831237793,16.96584701538086,4.540475368499756,-1.7351770401000977,2.805298328399658
99.2,99.2,rgbd,33930,30.174406183507752,87.33005577391202,388.52603,1124.4629,20.3542423248291,19.08820915222168,2.894176483154297,-0.786216676235199,2.107959747314453
100.8,100.8,rgbd,7789,5.066821226282536,23.182701485081065,335.98328,1537.2557,19.200965881347656,17.498249053955078,4.5753936767578125,-1.7718284130096436,2.803565502166748
101.2,101.2,rgbd,34084,29.9675450485356,87.93613282880057,387.5995,1137.3638,20.329866409301758,19.065521240234375,2.9343788623809814,-0.8232046961784363,2.1111741065979004
102.8,102.8,rgbd,7939,5.164970669011472,23.620482458820465,336.1066,1537.0852,19.173072814941406,17.53013801574707,4.573207378387451,-1.8076307773590088,2.7655766010284424
103.2,103.2,rgbd,34285,31.10642256235982,88.10649030899948,389.13138,1102.184,20.37932014465332,19.094423294067383,2.83242130279541,-0.7108023762702942,2.1216189861297607
104.9,104.9,rgbd,8006,5.2085596644546985,23.819823978500647,336.1066,1537.0852,19.173072814941406,17.53013801574707,4.573207378387451,-1.8076307773590088,2.7655766010284424
105.3,105.3,rgbd,34362,31.17628385847479,88.30436692424793,389.13138,1102.184,20.37932014465332,19.094423294067383,2.83242130279541,-0.7108023762702942,2.1216189861297607
106.9,106.9,rgbd,8101,5.270364956501063,24.102472401927773,336.1066,1537.0852,19.173072814941406,17.53013801574707,4.573207378387451,-1.8076307773590088,2.7655766010284424
107.3,107.3,rgbd,34476,31.27971486830734,88.59732710786251,389.13138,1102.184,20.37932014465332,19.094423294067383,2.83242130279541,-0.7108023762702942,2.1216189861297607
108.8,108.8,rgbd,8174,5.317857444073533,24.3196654009823,336.1066,1537.0852,19.173072814941406,17.53013801574707,4.573207378387451,-1.8076307773590088,2.7655766010284424
109.2,109.2,rgbd,34558,31.354112612221982,88.80805285397125,389.13138,1102.184,20.37932014465332,19.094423294067383,2.83242130279541,-0.7108023762702942,2.1216189861297607
110.9,110.9,rgbd,8239,5.360145275473677,24.513056427537702,336.1066,1537.0852,19.173072814941406,17.53013801574707,4.573207378387451,-1.8076307773590088,2.7655766010284424
111.2,111.2,rgbd,34668,31.453914463814797,89.09073373289759,389.13138,1102.184,20.37932014465332,19.094423294067383,2.83242130279541,-0.7108023762702942,2.1216189861297607
112.9,112.9,rgbd,8354,5.434962207950855,24.855209782212643,336.1066,1537.0852,19.173072814941406,17.53013801574707,4.573207378387451,-1.8076307773590088,2.7655766010284424
113.3,113.3,rgbd,34734,31.513795574770484,89.26034226025341,389.13138,1102.184,20.37932014465332,19.094423294067383,2.83242130279541,-0.7108023762702942,2.1216189861297607
115.0,115.0,rgbd,8499,5.529296601074255,25.286620533759304,336.1066,1537.0852,19.173072814941406,17.53013801574707,4.573207378387451,-1.8076307773590088,2.7655766010284424
115.3,115.3,rgbd,34807,31.580027712645713,89.44793957081362,389.13138,1102.184,20.37932014465332,19.094423294067383,2.83242130279541,-0.7108023762702942,2.1216189861297607
117.0,117.0,rgbd,8632,5.615824009939165,25.68232832655728,336.1066,1537.0852,19.173072814941406,17.53013801574707,4.573207378387451,-1.8076307773590088,2.7655766010284424
117.4,117.4,rgbd,34919,31.681644143358394,89.73576010208409,389.13138,1102.184,20.37932014465332,19.094423294067383,2.83242130279541,-0.7108023762702942,2.1216189861297607
119.0,119.0,rgbd,9112,5.877109135317704,27.105384201565816,336.16937,1550.4221,19.19234848022461,17.51580238342285,4.612026691436768,-1.7895513772964478,2.8224754333496094
119.4,119.4,rgbd,35243,22.215873998860545,89.60842331542499,393.30008,1586.3882,20.471500396728516,19.212078094482422,4.033531188964844,-1.2740498781204224,2.759481430053711
