timestamp,elapsed_time,slam_mode,num_points,density_3d,density_2d,coverage_2d,volume,bbox_x,bbox_y,bbox_z,z_range_min,z_range_max
5.6,5.6,rgbd,231,16.13953043646172,32.23363977248116,7.166426,14.312684,2.5787439346313477,2.7790374755859375,1.9971857070922852,0.0014994479715824127,1.9986851215362549
7.6,7.6,rgbd,687,20.899904211780395,41.74934249737637,16.455349,32.870964,4.279619216918945,3.8450498580932617,1.9975852966308594,0.0010998491197824478,1.9986851215362549
9.7,9.7,rgbd,800,24.296835998048515,48.53500069950599,16.48295,32.926098,4.279619216918945,3.851499080657959,1.9975852966308594,0.0010998491197824478,1.9986851215362549
11.7,11.7,rgbd,830,25.207967347975334,50.35506322573747,16.48295,32.926098,4.279619216918945,3.851499080657959,1.9975852966308594,0.0010998491197824478,1.9986851215362549
13.8,13.8,rgbd,898,21.60731004514394,43.162443434226475,20.805124,41.56001,5.401824951171875,3.851499080657959,1.9975852966308594,0.0010998491197824478,1.9986851215362549
15.9,15.9,rgbd,1072,23.638365065553902,47.219649012909194,22.702414,45.350006,5.894435882568359,3.851499080657959,1.9975852966308594,0.0010998491197824478,1.9986851215362549
17.9,17.9,rgbd,1197,20.166724487310415,40.284751360199,29.713476,59.3552,6.601734161376953,4.500859260559082,1.9975852966308594,0.0010998491197824478,1.9986851215362549
19.9,19.9,rgbd,1266,19.319650228459892,38.59264708379102,32.804176,65.52914,7.288425445556641,4.500859260559082,1.9975852966308594,0.0010998491197824478,1.9986851215362549
22.0,22.0,rgbd,1365,17.290715961296797,34.539679990162035,39.519764,78.9441,7.952277183532715,4.969615936279297,1.9975852966308594,0.0010998491197824478,1.9986851215362549
24.0,24.0,rgbd,1458,16.974940102311727,33.90888995272702,42.997574,85.89132,8.652091979980469,4.969615936279297,1.9975852966308594,0.0010998491197824478,1.9986851215362549
26.0,26.0,rgbd,1590,15.369150353519732,30.38737825261167,52.324356,103.453995,10.578929901123047,4.946091651916504,1.9771671295166016,-0.012700904160737991,1.9644662141799927
28.0,28.0,rgbd,1727,15.76705903675376,30.959082923991158,55.783306,109.53216,11.27769947052002,4.9463372230529785,1.963529348373413,-0.013480603694915771,1.950048804283142
30.0,30.0,rgbd,1965,16.476012029009333,32.34383082222342,60.75347,119.2643,12.227883338928223,4.968437194824219,1.9630861282348633,-0.022363364696502686,1.9407228231430054
32.0,32.0,rgbd,2145,17.146472454654,35.16860354972815,60.9919,125.09862,12.223165512084961,4.989861488342285,2.0510692596435547,-0.005108978599309921,2.0459601879119873
34.0,34.0,rgbd,2364,19.146920230199893,38.6174346033189,61.215874,123.46633,12.495183944702148,4.899157524108887,2.0169005393981934,-0.012887679040431976,2.0040128231048584
36.0,36.0,rgbd,2442,16.430919290722372,33.54842328780347,72.790306,148.62224,12.502559661865234,5.822032451629639,2.0417861938476562,0.0009012594819068909,2.04268741607666
38.0,38.0,rgbd,2589,11.71087957677789,23.911112451463694,108.27602,221.07648,12.950496673583984,8.360761642456055,2.0417861938476562,0.0009012594819068909,2.04268741607666
40.3,40.3,rgbd,2749,11.95722864970039,24.41410446929903,112.59885,229.90277,13.467535018920898,8.360761642456055,2.0417861938476562,0.0009012594819068909,2.04268741607666
42.2,42.2,rgbd,2981,12.111627472142759,24.729352993577564,120.545006,246.12712,13.467535018920898,8.950784683227539,2.0417861938476562,0.0009012594819068909,2.04268741607666
44.2,44.2,rgbd,3175,12.89983804899472,26.33871041751384,120.545006,246.12712,13.467535018920898,8.950784683227539,2.0417861938476562,0.0009012594819068909,2.04268741607666
46.3,46.3,rgbd,3426,12.949597427225454,26.440307966961146,129.57489,264.5642,13.467535018920898,9.62127685546875,2.0417861938476562,0.0009012594819068909,2.04268741607666
48.4,48.4,rgbd,3757,12.556375822566118,25.63743555206252,146.54352,299.21054,13.467535018920898,10.881242752075195,2.0417861938476562,0.0009012594819068909,2.04268741607666
50.3,50.3,rgbd,4161,12.257725759333585,25.027654888475414,166.25609,339.45938,15.119967460632324,10.995796203613281,2.0417861938476562,0.0009012594819068909,2.04268741607666
52.3,52.3,rgbd,4481,11.98230026100456,24.46529467807632,183.15741,373.96826,15.119967460632324,12.113611221313477,2.0417861938476562,0.0009012594819068909,2.04268741607666
54.3,54.3,rgbd,4766,12.744397019403646,26.021333281792398,183.15741,373.96826,15.119967460632324,12.113611221313477,2.0417861938476562,0.0009012594819068909,2.04268741607666
56.3,56.3,rgbd,5018,13.41826085019295,27.397219536639426,183.15727,373.968,15.119967460632324,12.113602638244629,2.0417861938476562,0.0009012594819068909,2.04268741607666
58.4,58.4,rgbd,5127,13.709729649051267,27.992336501464795,183.15727,373.968,15.119967460632324,12.113602638244629,2.0417861938476562,0.0009012594819068909,2.04268741607666
60.4,60.4,rgbd,5139,13.741817957182457,28.057853965482266,183.15727,373.968,15.119967460632324,12.113602638244629,2.0417861938476562,0.0009012594819068909,2.04268741607666
62.5,62.5,rgbd,5237,13.9990424533816,28.58305250969058,183.22046,374.09702,15.119967460632324,12.117781639099121,2.0417861938476562,0.0009012594819068909,2.04268741607666
64.5,64.5,rgbd,5446,14.440025488891091,29.483443677973295,184.71384,377.14615,15.243206024169922,12.117781639099121,2.0417861938476562,0.0009012594819068909,2.04268741607666
66.5,66.5,rgbd,5696,15.102905824004058,30.83690386108679,184.71375,377.14597,15.24319839477539,12.117781639099121,2.0417861938476562,0.0009012594819068909,2.04268741607666
68.5,68.5,rgbd,5911,15.671791193869792,32.00086705106812,184.71375,377.1745,15.24319839477539,12.117781639099121,2.041940689086914,0.0007467810064554214,2.04268741607666
70.5,70.5,rgbd,6005,15.916752530745649,32.50106370327303,184.76318,377.27545,15.247278213500977,12.117781639099121,2.041940689086914,0.0007467810064554214,2.04268741607666
72.6,72.6,rgbd,6122,16.226870773226455,33.13430674295379,184.76318,377.27545,15.247278213500977,12.117781639099121,2.041940689086914,0.0007467810064554214,2.04268741607666
74.6,74.6,rgbd,6170,16.354098770141658,33.394098759233074,184.76318,377.27545,15.247278213500977,12.117781639099121,2.041940689086914,0.0007467810064554214,2.04268741607666
76.8,76.8,rgbd,6295,16.685421678774997,34.07064046829372,184.76318,377.27545,15.247278213500977,12.117781639099121,2.041940689086914,0.0007467810064554214,2.04268741607666
79.2,79.2,rgbd,6459,17.11866061169493,34.95528978081153,184.7789,377.30756,15.248574256896973,12.117781639099121,2.041940689086914,0.0007467810064554214,2.04268741607666
81.3,81.3,rgbd,6678,17.719054327143457,36.186323312440905,184.54486,376.88242,15.271951675415039,12.083908081054688,2.042226552963257,-0.03717774897813797,2.0050487518310547
83.4,83.4,rgbd,6878,17.47440760785205,37.34456009374486,184.17676,393.6042,15.370035171508789,11.982845306396484,2.1371002197265625,-0.16160929203033447,1.975490927696228
85.3,85.3,rgbd,7097,14.577840118004566,39.059443275548425,181.69742,486.8348,15.859423637390137,11.456748008728027,2.6793711185455322,-0.39253148436546326,2.286839723587036
87.3,87.3,rgbd,7237,14.133680571283351,40.280937531954905,179.66315,512.0393,16.326614379882812,11.004311561584473,2.849996328353882,-0.49296334385871887,2.3570330142974854
89.4,89.4,rgbd,7308,14.272341801152237,40.67612152598127,179.66315,512.0393,16.326614379882812,11.004311561584473,2.849996328353882,-0.49296334385871887,2.3570330142974854
91.4,91.4,rgbd,7449,14.54771128582143,41.46092354228715,179.66315,512.0393,16.326614379882812,11.004311561584473,2.849996328353882,-0.49296334385871887,2.3570330142974854
94.1,94.1,rgbd,7652,14.327152954965195,40.83233558433801,187.4005,534.09076,16.326614379882812,11.478221893310547,2.849996328353882,-0.49296334385871887,2.3570330142974854
95.7,95.7,rgbd,7784,14.574301960461197,41.536709381663236,187.4005,534.09076,16.326614379882812,11.478221893310547,2.849996328353882,-0.49296334385871887,2.3570330142974854
97.9,97.9,rgbd,7933,14.527504668722976,41.403335491776666,191.60292,546.0676,16.326614379882812,11.735618591308594,2.849996328353882,-0.49296334385871887,2.35703301101.5,101.99.7,99.7,rgbd,8093,13.26437422990865,37.803419709290566,214.08116,610.13055,16.326614379882812,13.112403869628906,2.849996328353882,-0.49296334385871887,2.3570330142974854
101.9,101.9,rgbd,8198,12.976026585023742,36.98162744617826,221.67764,631.78046,16.326614379882812,13.577686309814453,2.849996328353882,-0.49296334385871887,2.3570330142974854
104.0,104.0,rgbd,8256,11.270550256512635,32.745186251051834,252.12866,732.52856,16.37442970275879,15.397706031799316,2.9053759574890137,-0.4889913499355316,2.416384696960449
106.0,106.0,rgbd,8390,11.453478276664367,33.27666093099865,252.12866,732.52856,16.37442970275879,15.397706031799316,2.9053759574890137,-0.4889913499355316,2.416384696960449
108.0,108.0,rgbd,8455,11.542212017782743,33.53446581306241,252.12866,732.52856,16.37442970275879,15.397706031799316,2.9053759574890137,-0.4889913499355316,2.416384696960449
110.0,110.0,rgbd,8551,11.673264927742192,33.915223792725804,252.12866,732.52856,16.37442970275879,15.397706031799316,2.9053759574890137,-0.4889913499355316,2.416384696960449
112.0,112.0,rgbd,8625,11.774284879169267,34.208724735383,252.12866,732.52856,16.37442970275879,15.397706031799316,2.9053759574890137,-0.4889913499355316,2.416384696960449
114.1,114.1,rgbd,8705,11.883495637468808,34.526023051769165,252.12866,732.52856,16.37442970275879,15.397706031799316,2.9053759574890137,-0.4889913499355316,2.416384696960449
116.1,116.1,rgbd,8811,12.028199892215701,34.946443320980826,252.12866,732.52856,16.37442970275879,15.397706031799316,2.9053759574890137,-0.4889913499355316,2.416384696960449
118.1,118.1,rgbd,9141,12.478694270201308,36.255298876073745,252.12866,732.52856,16.37442970275879,15.397706031799316,2.9053759574890137,-0.4889913499355316,2.416384696960449
120.2,120.2,rgbd,9357,12.773563317610067,37.11200433031638,252.12866,732.52856,16.37442970275879,15.397706031799316,2.9053759574890137,-0.4889913499355316,2.416384696960449
122.2,122.2,rgbd,9693,13.23224850246814,38.44465725913825,252.12866,732.52856,16.37442970275879,15.397706031799316,2.9053759574890137,-0.4889913499355316,2.416384696960449
124.1,124.1,rgbd,10059,13.73188772168854,39.89629705660494,252.12866,732.52856,16.37442970275879,15.397706031799316,2.9053759574890137,-0.4889913499355316,2.416384696960449
126.3,126.3,rgbd,10290,14.047233786278465,40.812495945169985,252.12866,732.52856,16.37442970275879,15.397706031799316,2.9053759574890137,-0.4889913499355316,2.416384696960449
128.2,128.2,rgbd,10393,14.187842637589124,41.22101752751717,252.12866,732.52856,16.37442970275879,15.397706031799316,2.9053759574890137,-0.4889913499355316,2.416384696960449
130.2,130.2,rgbd,10463,14.283402051101223,41.49865355435506,252.12866,732.52856,16.37442970275879,15.397706031799316,2.9053759574890137,-0.4889913499355316,2.416384696960449
132.3,132.3,rgbd,10486,14.314800144112342,41.58987682031608,252.12866,732.52856,16.37442970275879,15.397706031799316,2.9053759574890137,-0.4889913499355316,2.416384696960449
134.4,134.4,rgbd,10610,14.484076819476629,42.08168921071463,252.12866,732.52856,16.37442970275879,15.397706031799316,2.9053759574890137,-0.4889913499355316,2.416384696960449
136.5,136.5,rgbd,10818,14.768024791055437,42.90666483331865,252.12866,732.52856,16.37442970275879,15.397706031799316,2.9053759574890137,-0.4889913499355316,2.416384696960449
138.5,138.5,rgbd,11043,15.075180048772895,43.799066348154724,252.12866,732.52856,16.37442970275879,15.397706031799316,2.9053759574890137,-0.4889913499355316,2.416384696960449
140.7,140.7,rgbd,11091,15.14070650375262,43.989445337986425,252.12866,732.52856,16.37442970275879,15.397706031799316,2.9053759574890137,-0.4889913499355316,2.416384696960449
143.0,143.0,rgbd,11153,15.225344841434765,44.2353515331857,252.12866,732.52856,16.37442970275879,15.397706031799316,2.9053759574890137,-0.4889913499355316,2.416384696960449
144.9,144.9,rgbd,11230,15.330460196298073,44.54075116270738,252.12866,732.52856,16.37442970275879,15.397706031799316,2.9053759574890137,-0.4889913499355316,2.416384696960449
146.9,146.9,rgbd,11278,15.395986651277797,44.73113015253907,252.12866,732.52856,16.37442970275879,15.397706031799316,2.9053759574890137,-0.4889913499355316,2.416384696960449
148.9,148.9,rgbd,11387,13.68402735857706,39.757244713691406,286.4132,832.13806,16.37442970275879,17.491491317749023,2.9053759574890137,-0.4889913499355316,2.416384696960449
151.0,151.0,rgbd,11505,13.884220089340234,40.07071656053833,287.1174,828.63855,16.447006225585938,17.457122802734375,2.886061668395996,-0.5766863226890564,2.309375286102295
153.1,153.1,rgbd,11819,14.508356395383728,41.140356727165766,287.28482,814.634,16.459455490112305,17.454090118408203,2.835631847381592,-0.5050584077835083,2.330573320388794
155.1,155.1,rgbd,12163,14.64579689558064,42.32315404872528,287.38406,830.4772,16.438941955566406,17.48190689086914,2.8897814750671387,-0.5815274715423584,2.3082540035247803
157.1,157.1,rgbd,12526,15.096923957182542,43.58485584042232,287.3934,829.70544,16.426448822021484,17.495771408081055,2.887002468109131,-0.6418730020523071,2.2451295852661133
159.2,159.2,rgbd,12989,17.440470355258622,45.73775854615277,283.98856,744.762,15.904975891113281,17.855327606201172,2.622507095336914,-0.043125104159116745,2.5793819427490234
161.3,161.3,rgbd,13122,17.61905088934511,46.20608727712808,283.98856,744.762,15.904975891113281,17.855327606201172,2.622507095336914,-0.043125104159116745,2.5793819427490234
163.3,163.3,rgbd,13137,17.63919155108419,46.25890630693732,283.98856,744.762,15.904975891113281,17.855327606201172,2.622507095336914,-0.043125104159116745,2.5793819427490234
165.5,165.5,rgbd,14685,23.049362331961,60.714051573840166,241.87152,637.1109,16.88127899169922,14.32779598236084,2.6340880393981934,-0.4640539884567261,2.170034170150757
167.5,167.5,rgbd,14970,23.496694185185984,61.89236309570223,241.87152,637.1109,16.88127899169922,14.32779598236084,2.6340880393981934,-0.4640539884567261,2.170034170150757
169.5,169.5,rgbd,15145,24.042284306754038,62.47431707967389,242.41962,629.9318,16.872093200683594,14.368082046508789,2.5985183715820312,-0.41552650928497314,2.1829919815063477
171.5,171.5,rgbd,15341,24.45589891529691,63.10246046100128,243.11255,627.2924,16.85831642150879,14.420927047729492,2.5802552700042725,-0.40733200311660767,2.1729233264923096
173.5,173.5,rgbd,15464,23.774062022969886,63.4653804032532,243.6604,650.4568,16.846569061279297,14.463502883911133,2.6695220470428467,-0.4565413296222687,2.2129807472229004
176.1,176.1,rgbd,15519,23.858617985933112,63.69110440235944,243.6604,650.4568,16.846569061279297,14.463502883911133,2.6695220470428467,-0.4565413296222687,2.2129807472229004
177.5,177.5,rgbd,15500,21.96125095558146,63.799589218795944,242.94827,705.7886,16.81976318359375,14.444214820861816,2.9050981998443604,-0.5917115807533264,2.3133866786956787
179.5,179.5,rgbd,15764,21.67529874543325,62.214190811353866,253.3827,727.2795,16.618106842041016,15.247386932373047,2.8702807426452637,-0.5759643316268921,2.294316291809082
181.5,181.5,rgbd,15812,20.51838437958184,62.18468142040917,254.27484,770.626,16.61908721923828,15.300168991088867,3.0306811332702637,-0.6794538497924805,2.351227283477783
183.7,183.7,rgbd,15892,20.62219608906619,62.49930161479525,254.27484,770.626,16.61908721923828,15.300168991088867,3.0306811332702637,-0.6794538497924805,2.351227283477783
185.7,185.7,rgbd,15999,20.761044250501506,62.920106124786635,254.27484,770.626,16.61908721923828,15.300168991088867,3.0306811332702637,-0.6794538497924805,2.351227283477783
187.6,187.6,rgbd,16146,20.951798266679003,63.49822073197107,254.27484,770.626,16.61908721923828,15.300168991088867,3.0306811332702637,-0.6794538497924805,2.351227283477783
189.7,189.7,rgbd,16295,21.145147575593604,64.08420084401514,254.27484,770.626,16.61908721923828,15.300168991088867,3.0306811332702637,-0.6794538497924805,2.351227283477783
191.7,191.7,rgbd,16543,21.466963874995088,65.059523446612,254.27484,770.626,16.61908721923828,15.300168991088867,3.0306811332702637,-0.6794538497924805,2.351227283477783
193.7,193.7,rgbd,16845,21.003086897735127,63.65365798361473,264.63522,802.02496,16.61908721923828,15.92357063293457,3.0306811332702637,-0.6794538497924805,2.351227283477783
195.8,195.8,rgbd,17259,19.861765297754616,60.194678768409204,286.7197,868.956,16.61908721923828,17.25243377685547,3.0306811332702637,-0.6794538497924805,2.351227283477783
197.9,197.9,rgbd,17664,20.327546279874767,61.606309832674995,286.72388,868.9686,16.61908721923828,17.252685546875,3.0306811332702637,-0.6794538497924805,2.351227283477783
199.8,199.8,rgbd,17827,20.515124973467362,62.17480102961374,286.72388,868.9686,16.61908721923828,17.252685546875,3.0306811332702637,-0.6794538497924805,2.351227283477783
201.8,201.8,rgbd,17850,20.54159313268595,62.255017578875034,286.72388,868.9686,16.61908721923828,17.252685546875,3.0306811332702637,-0.6794538497924805,2.351227283477783
203.8,203.8,rgbd,18092,20.808720447523992,63.0645943369602,286.88046,869.4432,16.61908721923828,17.262107849121094,3.0306811332702637,-0.6794538497924805,2.351227283477783
205.9,205.9,rgbd,18397,20.620935976582352,64.11264150833031,286.9481,892.15155,16.52495002746582,17.36453628540039,3.1091043949127197,-0.6892474293708801,2.4198570251464844
208.0,208.0,rgbd,18536,20.043135129512834,64.65563552811071,286.68808,924.8054,16.51874351501465,17.35531997680664,3.2258243560791016,-0.7295193672180176,2.496304988861084
210.1,210.1,rgbd,18708,16.303011296884367,65.24969377471781,286.714,1147.5181,16.513355255126953,17.362552642822266,4.002309322357178,-1.1798831224441528,2.8224263191223145
212.2,212.2,rgbd,18747,16.336997689902248,65.38571783165678,286.714,1147.5181,16.513355255126953,17.362552642822266,4.002309322357178,-1.1798831224441528,2.8224263191223145
214.1,214.1,rgbd,18835,16.41368493568618,65.69264390885238,286.714,1147.5181,16.513355255126953,17.362552642822266,4.002309322357178,-1.1798831224441528,2.8224263191223145
216.2,216.2,rgbd,19062,16.611503171969737,66.48437367616373,286.714,1147.5181,16.513355255126953,17.362552642822266,4.002309322357178,-1.1798831224441528,2.8224263191223145
218.2,218.2,rgbd,19125,16.666404268383232,66.70410484506512,286.714,1147.5181,16.513355255126953,17.362552642822266,4.002309322357178,-1.1798831224441528,2.8224263191223145
220.1,220.1,rgbd,19129,16.669890052282504,66.71805603039219,286.714,1147.5181,16.513355255126953,17.362552642822266,4.002309322357178,-1.1798831224441528,2.8224263191223145
222.1,222.1,rgbd,19131,16.671632944232137,66.72503162305573,286.714,1147.5181,16.513355255126953,17.362552642822266,4.002309322357178,-1.1798831224441528,2.8224263191223145
224.1,224.1,rgbd,19165,16.701262107375932,66.84361669833585,286.714,1147.5181,16.513355255126953,17.362552642822266,4.002309322357178,-1.1798831224441528,2.8224263191223145
226.2,226.2,rgbd,19351,16.863351058691972,67.49234681604472,286.714,1147.5181,16.513355255126953,17.362552642822266,4.002309322357178,-1.1798831224441528,2.8224263191223145
228.2,228.2,rgbd,19592,17.07336953862297,68.33290573200082,286.714,1147.5181,16.513355255126953,17.362552642822266,4.002309322357178,-1.1798831224441528,2.8224263191223145
230.3,230.3,rgbd,19831,17.281645126604335,69.16648905529341,286.714,1147.5181,16.513355255126953,17.362552642822266,4.002309322357178,-1.1798831224441528,2.8224263191223145
232.3,232.3,rgbd,19968,17.401033225154322,69.64431715274564,286.714,1147.5181,16.513355255126953,17.362552642822266,4.002309322357178,-1.1798831224441528,2.8224263191223145
234.3,234.3,rgbd,20050,17.47249179508935,69.93031645195063,286.714,1147.5181,16.513355255126953,17.362552642822266,4.002309322357178,-1.1798831224441528,2.8224263191223145
236.4,236.4,rgbd,20130,17.542207473074743,70.20934015849207,286.714,1147.5181,16.513355255126953,17.362552642822266,4.002309322357178,-1.1798831224441528,2.8224263191223145
238.5,238.5,rgbd,20244,17.64155231420393,70.60694894031364,286.714,1147.5181,16.513355255126953,17.362552642822266,4.002309322357178,-1.1798831224441528,2.8224263191223145
240.4,240.4,rgbd,20324,17.711267992189324,70.88597264685508,286.714,1147.5181,16.513355255126953,17.362552642822266,4.002309322357178,-1.1798831224441528,2.8224263191223145
242.5,242.5,rgbd,20472,17.840241996462304,71.40216650395676,286.714,1147.5181,16.513355255126953,17.362552642822266,4.002309322357178,-1.1798831224441528,2.8224263191223145
244.6,244.6,rgbd,20445,18.149816952665823,71.29778896978404,286.75504,1126.4576,16.469566345214844,17.41120719909668,3.9282925128936768,-1.152402639389038,2.7758898735046387
246.7,246.7,rgbd,21174,27.771905766238905,73.80082838902374,286.90735,762.4252,15.985503196716309,17.94797134399414,2.6573915481567383,-0.6154389381408691,2.041952610015869
248.7,248.7,rgbd,20915,27.57345838851973,72.88897264861038,286.94327,758.5193,15.966203689575195,17.97191619873047,2.643446922302246,-0.6324860453605652,2.010960817337036
250.8,250.8,rgbd,21134,27.522525011628694,73.59326849863737,287.173,767.8801,15.963740348815918,17.98908042907715,2.673928737640381,-0.6571868062019348,2.016741991043091
252.7,252.7,rgbd,21643,27.912949743469287,75.38847977154627,287.0863,775.3749,15.968849182128906,17.977895736694336,2.7008423805236816,-0.6732574701309204,2.027585029602051
254.7,254.7,rgbd,21879,28.08160067822215,76.24467001707535,286.95776,779.12225,15.983392715454102,17.953495025634766,2.715111255645752,-0.6929289102554321,2.0221824645996094
256.7,256.7,rgbd,22022,28.03445235420173,76.9780441698124,286.08157,785.53345,16.04993438720703,17.82447052001953,2.7458372116088867,-0.5891745090484619,2.156662702560425
258.6,258.6,rgbd,22459,28.59076221156192,78.50558051084447,286.08157,785.53345,16.04993438720703,17.82447052001953,2.7458372116088867,-0.5891745090484619,2.156662702560425
260.6,260.6,rgbd,22871,27.666186365369402,80.01345748509617,285.83942,826.677,16.002286911010742,17.862409591674805,2.8921029567718506,-0.9041852951049805,1.9879176616668701
262.6,262.6,rgbd,22760,26.06506595359214,79.27395316988591,287.10565,873.1994,15.989766120910645,17.95558738708496,3.0413870811462402,-1.0586634874343872,1.9827234745025635
264.6,264.6,rgbd,22850,25.960935828139057,79.58705439947312,287.107,880.1686,15.987196922302246,17.95855712890625,3.0656466484069824,-1.0791072845458984,1.986539363861084
266.6,266.6,rgbd,22950,26.87917457436739,79.94140664447801,287.08527,853.82086,15.985295295715332,17.959335327148438,2.974102020263672,-0.9926292896270752,1.9814727306365967
268.7,268.7,rgbd,23053,26.999808778339496,80.3001850708127,287.08527,853.82086,15.985295295715332,17.959335327148438,2.974102020263672,-0.9926292896270752,1.9814727306365967
270.7,270.7,rgbd,23248,24.907933462484774,74.07873643315268,313.82825,933.35724,17.474380493164062,17.959335327148438,2.974102020263672,-0.9926292896270752,1.9814727306365967
272.7,272.7,rgbd,23562,25.205693026316993,75.05883208445853,313.91376,934.7888,17.479141235351562,17.959335327148438,2.9778523445129395,-0.9926292896270752,1.9852230548858643
274.7,274.7,rgbd,23951,25.5014455532536,76.29834489290252,313.91245,939.20166,17.479068756103516,17.959335327148438,2.991922378540039,-0.9926292896270752,1.9992930889129639
276.8,276.8,rgbd,24172,25.736914018088246,77.00284944378974,313.91046,939.19574,17.478958129882812,17.959335327148438,2.991922378540039,-0.9926292896270752,1.9992930889129639
278.8,278.8,rgbd,24291,25.862969402012677,77.37999758129023,313.91833,939.2193,17.47939682006836,17.959335327148438,2.991922378540039,-0.9926292896270752,1.9992930889129639
280.9,280.9,rgbd,24328,25.89870828723028,77.48692486961417,313.96265,939.35187,17.481863021850586,17.959335327148438,2.991922378540039,-0.9926292896270752,1.9992930889129639
282.9,282.9,rgbd,24480,26.05916741325416,77.96700440094891,313.97897,939.4007,17.482772827148438,17.959335327148438,2.991922378540039,-0.9926292896270752,1.9992930889129639
284.9,284.9,rgbd,24567,26.151779650384594,78.24409301953071,313.97897,939.4007,17.482772827148438,17.959335327148438,2.991922378540039,-0.9926292896270752,1.9992930889129639
286.9,286.9,rgbd,24673,26.26461754849754,78.58169524446946,313.97897,939.4007,17.482772827148438,17.959335327148438,2.991922378540039,-0.9926292896270752,1.9992930889129639
288.9,288.9,rgbd,24789,26.388100531338125,78.95114673591186,313.97897,939.4007,17.482772827148438,17.959335327148438,2.991922378540039,-0.9926292896270752,1.9992930889129639
290.9,290.9,rgbd,25011,26.624421412291657,79.65820045229302,313.97897,939.4007,17.482772827148438,17.959335327148438,2.991922378540039,-0.9926292896270752,1.9992930889129639
293.0,293.0,rgbd,25188,26.81283941197082,80.22193246940772,313.97897,939.4007,17.482772827148438,17.959335327148438,2.991922378540039,-0.9926292896270752,1.9992930889129639
4.2,4.2,rgbd,271,22.95382039976843,45.15803909889907,6.0011463,11.8063135,2.18027925491333,2.752466917037964,1.9673430919647217,0.0014560427516698837,1.968799114227295
4.5,4.5,rgbd,25549,24.150959559623203,72.25779955013525,353.5812,1057.8876,19.687877655029297,17.959335327148438,2.991922378540039,-0.9926292896270752,1.9992930889129639
6.3,6.3,rgbd,527,31.60602141524169,62.18120874696548,8.475229,16.674038,2.18027925491333,3.8872220516204834,1.967384934425354,0.0014141425490379333,1.968799114227295
6.4,6.4,rgbd,25783,24.372155087313203,72.91959942859357,353.5812,1057.8876,19.687877655029297,17.959335327148438,2.991922378540039,-0.9926292896270752,1.9992930889129639
8.5,8.5,rgbd,832,30.640116202824476,60.284430021149625,13.801242,27.153944,3.55041241645813,3.8872220516204834,1.96750009059906,0.001299045979976654,1.968799114227295
8.7,8.7,rgbd,25977,24.555539413688674,73.46827112270005,353.5812,1057.8876,19.687877655029297,17.959335327148438,2.991922378540039,-0.9926292896270752,1.9992930889129639
10.4,10.4,rgbd,891,32.81291290470746,64.55940763082249,13.801242,27.153944,3.55041241645813,3.8872220516204834,1.96750009059906,0.001299045979976654,1.968799114227295
10.7,10.7,rgbd,26009,24.5857883747403,73.55877367018152,353.5812,1057.8876,19.687877655029297,17.959335327148438,2.991922378540039,-0.9926292896270752,1.9992930889129639
12.3,12.3,rgbd,1006,31.204668591995052,61.39518896903536,16.385649,32.238766,4.215259075164795,3.8872220516204834,1.96750009059906,0.001299045979976654,1.968799114227295
12.7,12.7,rgbd,26069,24.642505176712096,73.72846594670929,353.5812,1057.8876,19.687877655029297,17.959335327148438,2.991922378540039,-0.9926292896270752,1.9992930889129639
14.4,14.4,rgbd,1160,29.62607205453534,61.19625565991383,18.955408,39.1547,4.876338005065918,3.8872220516204834,2.0656216144561768,-0.0968225747346878,1.968799114227295
14.8,14.8,rgbd,26233,19.238224080766962,74.06193369222288,354.20355,1363.5874,19.67449951171875,18.0031795501709,3.8497281074523926,-1.7359591722488403,2.113769054412842
16.5,16.5,rgbd,1231,29.52795462768248,60.99358223950535,20.182451,41.68931,5.191998481750488,3.8872220516204834,2.0656216144561768,-0.0968225747346878,1.968799114227295
17.0,17.0,rgbd,26307,19.29249269594543,74.27085311025455,354.20355,1363.5874,19.67449951171875,18.0031795501709,3.8497281074523926,-1.7359591722488403,2.113769054412842
18.5,18.5,rgbd,1315,26.67606428578172,55.102653098886606,23.86455,49.295128,6.139229774475098,3.8872220516204834,2.0656216144561768,-0.0968225747346878,1.968799114227295
18.9,18.9,rgbd,26417,19.37316225904856,74.58140900192322,354.20355,1363.5874,19.67449951171875,18.0031795501709,3.8497281074523926,-1.7359591722488403,2.113769054412842
20.5,20.5,rgbd,1430,22.36653352128737,46.20079403818771,30.951849,63.934807,7.065256595611572,4.380852699279785,2.0656216144561768,-0.0968225747346878,1.968799114227295
20.9,20.9,rgbd,26533,19.458231980139132,74.90890430586474,354.20355,1363.5874,19.67449951171875,18.0031795501709,3.8497281074523926,-1.7359591722488403,2.113769054412842
22.5,22.5,rgbd,1495,20.924619739269616,43.22234747233184,34.58859,71.44694,7.523589134216309,4.597352027893066,2.0656216144561768,-0.0968225747346878,1.968799114227295
23.0,23.0,rgbd,26610,19.51470067431132,75.12629343003282,354.20355,1363.5874,19.67449951171875,18.0031795501709,3.8497281074523926,-1.7359591722488403,2.113769054412842
24.6,24.6,rgbd,1582,12.441629448843408,25.699699352444267,61.55714,127.15376,9.28048324584961,6.632966995239258,2.0656216144561768,-0.0968225747346878,1.968799114227295
25.1,25.1,rgbd,26764,19.433672043963835,75.52774107139166,354.35986,1377.1973,19.676095962524414,18.009662628173828,3.886436939239502,-1.760819435119629,2.125617504119873
26.5,26.5,rgbd,1737,11.760251114494126,24.292091425866793,71.50475,147.70093,10.580148696899414,6.758388519287109,2.065609931945801,-0.09755468368530273,1.968055248260498
27.1,27.1,rgbd,26955,19.695713474418447,76.1049389290009,354.182,1368.5719,19.670188903808594,18.00602912902832,3.8640356063842773,-1.7535121440887451,2.1105234622955322
28.5,28.5,rgbd,1899,11.208851447453178,23.69180535588099,80.1543,169.41968,11.273113250732422,7.110218048095703,2.1136693954467773,-0.1130291149020195,2.000640392303467
29.0,29.0,rgbd,27078,20.402833842201623,76.10619419839581,355.79233,1327.1686,19.61449432373047,18.13925552368164,3.730177640914917,-1.6958160400390625,2.0343616008758545
30.5,30.5,rgbd,2115,10.807362583126126,22.84319200360129,92.58776,195.69992,11.84438705444336,7.817016124725342,2.1136693954467773,-0.1130291149020195,2.000640392303467
31.0,31.0,rgbd,27257,20.59560042960433,76.65459799773647,355.58206,1323.438,19.624841690063477,18.118976593017578,3.7218918800354004,-1.695422649383545,2.0264692306518555
32.5,32.5,rgbd,2272,10.667276479990143,22.642623767002274,100.34173,212.98782,11.833251953125,8.47964096069336,2.122624635696411,-0.15306514501571655,1.9695594310760498
33.1,33.1,rgbd,27432,21.42650116074585,77.231704450319,355.19092,1280.2837,19.63348960876465,18.091073989868164,3.604494333267212,-1.6449391841888428,1.9595551490783691
34.6,34.6,rgbd,2435,11.271499916018298,24.267072567187736,100.34173,216.03159,11.833251953125,8.47964096069336,2.152958631515503,-0.15306514501571655,1.9998934268951416
35.0,35.0,rgbd,27596,21.340057440748005,77.69342796773851,355.19092,1293.1549,19.63348960876465,18.091073989868164,3.6407320499420166,-1.6449391841888428,1.9957928657531738
36.6,36.6,rgbd,2561,11.910833301398464,25.522781455674657,100.34173,215.01434,11.833251953125,8.47964096069336,2.1428208351135254,-0.15306514501571655,1.9897557497024536
37.1,37.1,rgbd,27760,21.466879060558217,78.15515148515804,355.19092,1293.1549,19.63348960876465,18.091073989868164,3.6407320499420166,-1.6449391841888428,1.9957928657531738
38.6,38.6,rgbd,2723,11.335338770346718,24.289600367608227,112.10559,240.2222,11.833251953125,9.473776817321777,2.1428208351135254,-0.15306514501571655,1.9897557497024536
39.1,39.1,rgbd,27960,21.621539572521893,78.71822894542575,355.19092,1293.1549,19.63348960876465,18.091073989868164,3.6407320499420166,-1.6449391841888428,1.9957928657531738
40.6,40.6,rgbd,2890,9.770333074096643,21.043680747301114,137.33339,295.7934,14.496160507202148,9.473776817321777,2.153834581375122,-0.15306514501571655,2.0007693767547607
41.1,41.1,rgbd,28096,21.726708720657193,79.10112161840779,355.19092,1293.1549,19.63348960876465,18.091073989868164,3.6407320499420166,-1.6449391841888428,1.9957928657531738
42.6,42.6,rgbd,3103,10.489749552959207,22.59318498833168,137.3423,295.8126,14.497100830078125,9.473776817321777,2.153834581375122,-0.15306514501571655,2.0007693767547607
43.1,43.1,rgbd,28342,21.916941150372516,79.79370689453708,355.19092,1293.1549,19.63348960876465,18.091073989868164,3.6407320499420166,-1.6449391841888428,1.9957928657531738
44.6,44.6,rgbd,3375,11.40823024092913,24.571440632682602,137.35458,295.83905,14.498397827148438,9.473776817321777,2.153834581375122,-0.15306514501571655,2.0007693767547607
45.1,45.1,rgbd,28538,22.068508452096918,80.34552280559943,355.19092,1293.1549,19.63348960876465,18.091073989868164,3.6407320499420166,-1.6449391841888428,1.9957928657531738
46.6,46.6,rgbd,3711,10.794740315856238,23.250084963671878,159.61232,343.77853,14.501934051513672,11.006278038024902,2.153834581375122,-0.15306514501571655,2.0007693767547607
47.1,47.1,rgbd,28832,22.181825387620286,80.75808023605981,357.0169,1299.8029,19.63348960876465,18.184078216552734,3.6407320499420166,-1.6449391841888428,1.9957928657531738
48.6,48.6,rgbd,4238,12.32619287440544,26.54858136419403,159.63188,343.82068,14.503711700439453,11.006278038024902,2.153834581375122,-0.15306514501571655,2.0007693767547607
49.1,49.1,rgbd,29131,22.41186027215478,81.59557558811939,357.0169,1299.8029,19.63348960876465,18.184078216552734,3.6407320499420166,-1.6449391841888428,1.9957928657531738
50.5,50.5,rgbd,4445,12.927616359078995,27.843946783782183,159.63972,343.83755,14.504424095153809,11.006278038024902,2.153834581375122,-0.15306514501571655,2.0007693767547607
51.1,51.1,rgbd,29309,22.548804116459593,82.0941514164358,357.0169,1299.8029,19.63348960876465,18.184078216552734,3.6407320499420166,-1.6449391841888428,1.9957928657531738
52.6,52.6,rgbd,4491,13.059832154531566,28.12871871059182,159.65889,343.87885,14.506165504455566,11.006278038024902,2.153834581375122,-0.15306514501571655,2.0007693767547607
53.0,53.0,rgbd,29371,22.596503657734303,82.26781266000668,357.0169,1299.8029,19.63348960876465,18.184078216552734,3.6407320499420166,-1.6449391841888428,1.9957928657531738
54.6,54.6,rgbd,4517,13.104826799131793,28.225629509504714,160.03186,344.68216,14.54005241394043,11.006278038024902,2.153834581375122,-0.15306514501571655,2.0007693767547607
55.0,55.0,rgbd,29413,22.628816250210722,82.38545414758696,357.0169,1299.8029,19.63348960876465,18.184078216552734,3.6407320499420166,-1.6449391841888428,1.9957928657531738
56.6,56.6,rgbd,4618,13.397850378213553,28.856753835486554,160.03186,344.68216,14.54005241394043,11.006278038024902,2.153834581375122,-0.15306514501571655,2.0007693767547607
58.0,58.0,rgbd,30917,40.29961590213989,98.4494307970998,314.0394,767.1785,16.723508834838867,18.7783203125,2.442937135696411,-0.44282984733581543,2.0001072883605957
58.6,58.6,rgbd,4570,8.63742162716941,30.687422941913177,148.92094,529.0931,15.572555541992188,9.563037872314453,3.5528452396392822,-1.0935471057891846,2.4592981338500977
59.1,59.1,rgbd,30958,35.606944765612965,99.033336795747,312.6018,869.43713,16.42827606201172,19.028278350830078,2.781292676925659,-0.7026557922363281,2.078636884689331
60.6,60.6,rgbd,4661,8.795706050940485,30.204275244142657,154.3159,529.91766,15.142786979675293,10.190719604492188,3.4339795112609863,-1.004747748374939,2.429231643676758
61.1,61.1,rgbd,31137,34.43626489137106,99.6646300955183,312.41776,904.19214,16.367053985595703,19.08820915222168,2.894176483154297,-0.786216676235199,2.107959747314453
62.7,62.7,rgbd,4749,6.7632819637883435,30.70851522384484,154.64766,702.1739,15.035324096679688,10.285621643066406,4.540475368499756,-1.7351770401000977,2.805298328399658
63.2,63.2,rgbd,31185,34.489350953444664,99.8182705311603,312.41776,904.19214,16.367053985595703,19.08820915222168,2.894176483154297,-0.786216676235199,2.107959747314453
64.7,64.7,rgbd,4812,6.853003329069174,31.115892873687383,154.64766,702.1739,15.035324096679688,10.285621643066406,4.540475368499756,-1.7351770401000977,2.805298328399658
65.2,65.2,rgbd,31276,34.5899932794592,100.10954719039826,312.41776,904.19214,16.367053985595703,19.08820915222168,2.894176483154297,-0.786216676235199,2.107959747314453
66.7,66.7,rgbd,4885,6.956966180902517,31.587933642552546,154.64766,702.1739,15.035324096679688,10.285621643066406,4.540475368499756,-1.7351770401000977,2.805298328399658
67.1,67.1,rgbd,31368,34.69174156510028,100.40402469204541,312.41776,904.19214,16.367053985595703,19.08820915222168,2.894176483154297,-0.786216676235199,2.107959747314453
68.7,68.7,rgbd,4952,6.984497215793481,31.7129364758756,156.15079,708.9988,15.181463241577148,10.285621643066406,4.540475368499756,-1.7351770401000977,2.805298328399658
69.1,69.1,rgbd,31423,34.75256934455962,100.58007102455187,312.41776,904.19214,16.367053985595703,19.08820915222168,2.894176483154297,-0.786216676235199,2.107959747314453
70.7,70.7,rgbd,5025,6.826637231746596,30.996178261457214,162.11676,736.08716,15.320028305053711,10.582014083862305,4.540475368499756,-1.7351770401000977,2.805298328399658
71.1,71.1,rgbd,31496,34.83330439729656,100.81373252042408,312.41776,904.19214,16.367053985595703,19.08820915222168,2.894176483154297,-0.786216676235199,2.107959747314453
72.7,72.7,rgbd,5198,5.591297841871717,25.38715009270447,204.74925,929.65894,17.01903533935547,12.03060245513916,4.540475368499756,-1.7351770401000977,2.805298328399658
73.1,73.1,rgbd,31634,31.55829399492331,91.33527232343194,346.3503,1002.3989,18.144725799560547,19.08820915222168,2.894176483154297,-0.786216676235199,2.107959747314453
74.8,74.8,rgbd,5310,5.517549648188908,25.052297968984913,211.9566,962.3837,17.01903533935547,12.454090118408203,4.540475368499756,-1.7351770401000977,2.805298328399658
75.2,75.2,rgbd,31726,31.650073821930107,91.60089934036802,346.3503,1002.3989,18.144725799560547,19.08820915222168,2.894176483154297,-0.786216676235199,2.107959747314453
76.9,76.9,rgbd,5572,4.91470447218728,22.315094370869122,249.69646,1133.7406,17.01903533935547,14.671598434448242,4.540475368499756,-1.7351770401000977,2.805298328399658
77.4,77.4,rgbd,31942,31.865556894033016,92.22454538013096,346.3503,1002.3989,18.144725799560547,19.08820915222168,2.894176483154297,-0.786216676235199,2.107959747314453
78.8,78.8,rgbd,5791,4.7516192508407,21.57461065317492,268.41736,1218.7424,17.008621215820312,15.78125286102295,4.540475368499756,-1.7351770401000977,2.805298328399658
79.3,79.3,rgbd,32174,31.860478424410765,92.20985003664683,348.9215,1009.84045,18.27942657470703,19.08820915222168,2.894176483154297,-0.786216676235199,2.107959747314453
80.8,80.8,rgbd,5996,4.699692601619047,21.33883842267374,280.99,1275.8281,17.5447998046875,16.01557159423828,4.540475368499756,-1.7351770401000977,2.805298328399658
81.2,81.2,rgbd,32445,31.17703983711285,90.2318572188778,359.57367,1040.6697,18.837474822998047,19.08820915222168,2.894176483154297,-0.786216676235199,2.107959747314453
82.8,82.8,rgbd,6257,4.8786786033920855,22.15152018686722,282.46368,1282.5194,17.636816024780273,16.01557159423828,4.540475368499756,-1.7351770401000977,2.805298328399658
83.2,83.2,rgbd,32692,31.414387004311706,90.91878182153039,359.57367,1040.6697,18.837474822998047,19.08820915222168,2.894176483154297,-0.786216676235199,2.107959747314453
84.8,84.8,rgbd,6487,4.7093790114217375,21.382820110548547,303.3744,1377.464,17.8814754486084,16.96584701538086,4.540475368499756,-1.7351770401000977,2.805298328399658
85.2,85.2,rgbd,32877,31.334848835468193,90.68858362677886,362.52634,1049.2152,18.99216079711914,19.08820915222168,2.894176483154297,-0.786216676235199,2.107959747314453
86.9,86.9,rgbd,6699,4.726556830347415,21.46081557477259,312.1503,1417.3108,18.398744583129883,16.96584701538086,4.540475368499756,-1.7351770401000977,2.805298328399658
87.3,87.3,rgbd,33158,29.943503492504156,86.6617845627965,382.61386,1107.352,20.044513702392578,19.08820915222168,2.894176483154297,-0.786216676235199,2.107959747314453
88.9,88.9,rgbd,6967,4.708834500084567,21.380346347241996,325.86002,1479.5593,19.206823348999023,16.96584701538086,4.540475368499756,-1.7351770401000977,2.805298328399658
89.2,89.2,rgbd,33418,29.869182355901188,86.44668065866271,386.57355,1118.812,20.251955032348633,19.08820915222168,2.894176483154297,-0.786216676235199,2.107959747314453
90.9,90.9,rgbd,7300,4.9320402826395835,22.393807791001713,325.98297,1480.1177,19.214069366455078,16.96584701538086,4.540475368499756,-1.7351770401000977,2.805298328399658
91.3,91.3,rgbd,33631,29.908501454687567,86.5604805697741,388.52603,1124.4629,20.3542423248291,19.08820915222168,2.894176483154297,-0.786216676235199,2.107959747314453
92.8,92.8,rgbd,7458,5.042586360241902,22.89573960078754,325.73746,1479.0029,19.19959831237793,16.96584701538086,4.540475368499756,-1.7351770401000977,2.805298328399658
93.2,93.2,rgbd,33747,30.011661817708106,86.85904486301824,388.52603,1124.4629,20.3542423248291,19.08820915222168,2.894176483154297,-0.786216676235199,2.107959747314453
94.8,94.8,rgbd,7500,5.070983869913417,23.024677796447644,325.73746,1479.0029,19.19959831237793,16.96584701538086,4.540475368499756,-1.7351770401000977,2.805298328399658
95.2,95.2,rgbd,33769,30.03122671414304,86.91566912553006,388.52603,1124.4629,20.3542423248291,19.08820915222168,2.894176483154297,-0.786216676235199,2.107959747314453
96.9,96.9,rgbd,7504,5.073688394644037,23.03695762460575,325.73746,1479.0029,19.19959831237793,16.96584701538086,4.540475368499756,-1.7351770401000977,2.805298328399658
97.2,97.2,rgbd,33774,30.03567328151461,86.92853827610094,388.52603,1124.4629,20.3542423248291,19.08820915222168,2.894176483154297,-0.786216676235199,2.107959747314453
98.8,98.8,rgbd,7564,5.114256265603345,23.221155046977334,325.73746,1479.0029,19.19959831237793,16.96584701538086,4.540475368499756,-1.7351770401000977,2.805298328399658
99.2,99.2,rgbd,33930,30.174406183507752,87.33005577391202,388.52603,1124.4629,20.3542423248291,19.08820915222168,2.894176483154297,-0.786216676235199,2.107959747314453
100.8,100.8,rgbd,7789,5.066821226282536,23.182701485081065,335.98328,1537.2557,19.200965881347656,17.498249053955078,4.5753936767578125,-1.7718284130096436,2.803565502166748
101.2,101.2,rgbd,34084,29.9675450485356,87.93613282880057,387.5995,1137.3638,20.329866409301758,19.065521240234375,2.9343788623809814,-0.8232046961784363,2.1111741065979004
102.8,102.8,rgbd,7939,5.164970669011472,23.620482458820465,336.1066,1537.0852,19.173072814941406,17.53013801574707,4.573207378387451,-1.8076307773590088,2.7655766010284424
103.2,103.2,rgbd,34285,31.10642256235982,88.10649030899948,389.13138,1102.184,20.37932014465332,19.094423294067383,2.83242130279541,-0.7108023762702942,2.1216189861297607
104.9,104.9,rgbd,8006,5.2085596644546985,23.819823978500647,336.1066,1537.0852,19.173072814941406,17.53013801574707,4.573207378387451,-1.8076307773590088,2.7655766010284424
105.3,105.3,rgbd,34362,31.17628385847479,88.30436692424793,389.13138,1102.184,20.37932014465332,19.094423294067383,2.83242130279541,-0.7108023762702942,2.1216189861297607
106.9,106.9,rgbd,8101,5.270364956501063,24.102472401927773,336.1066,1537.0852,19.173072814941406,17.53013801574707,4.573207378387451,-1.8076307773590088,2.7655766010284424
107.3,107.3,rgbd,34476,31.27971486830734,88.59732710786251,389.13138,1102.184,20.37932014465332,19.094423294067383,2.83242130279541,-0.7108023762702942,2.1216189861297607
108.8,108.8,rgbd,8174,5.317857444073533,24.3196654009823,336.1066,1537.0852,19.173072814941406,17.53013801574707,4.573207378387451,-1.8076307773590088,2.7655766010284424
109.2,109.2,rgbd,34558,31.354112612221982,88.80805285397125,389.13138,1102.184,20.37932014465332,19.094423294067383,2.83242130279541,-0.7108023762702942,2.1216189861297607
110.9,110.9,rgbd,8239,5.360145275473677,24.513056427537702,336.1066,1537.0852,19.173072814941406,17.53013801574707,4.573207378387451,-1.8076307773590088,2.7655766010284424
111.2,111.2,rgbd,34668,31.453914463814797,89.09073373289759,389.13138,1102.184,20.37932014465332,19.094423294067383,2.83242130279541,-0.7108023762702942,2.1216189861297607
112.9,112.9,rgbd,8354,5.434962207950855,24.855209782212643,336.1066,1537.0852,19.173072814941406,17.53013801574707,4.573207378387451,-1.8076307773590088,2.7655766010284424
113.3,113.3,rgbd,34734,31.513795574770484,89.26034226025341,389.13138,1102.184,20.37932014465332,19.094423294067383,2.83242130279541,-0.7108023762702942,2.1216189861297607
115.0,115.0,rgbd,8499,5.529296601074255,25.286620533759304,336.1066,1537.0852,19.173072814941406,17.53013801574707,4.573207378387451,-1.8076307773590088,2.7655766010284424
115.3,115.3,rgbd,34807,31.580027712645713,89.44793957081362,389.13138,1102.184,20.37932014465332,19.094423294067383,2.83242130279541,-0.7108023762702942,2.1216189861297607
117.0,117.0,rgbd,8632,5.615824009939165,25.68232832655728,336.1066,1537.0852,19.173072814941406,17.53013801574707,4.573207378387451,-1.8076307773590088,2.7655766010284424
117.4,117.4,rgbd,34919,31.681644143358394,89.73576010208409,389.13138,1102.184,20.37932014465332,19.094423294067383,2.83242130279541,-0.7108023762702942,2.1216189861297607
119.0,119.0,rgbd,9112,5.877109135317704,27.105384201565816,336.16937,1550.4221,19.19234848022461,17.51580238342285,4.612026691436768,-1.7895513772964478,2.8224754333496094
119.4,119.4,rgbd,35243,22.215873998860545,89.60842331542499,393.30008,1586.3882,20.471500396728516,19.212078094482422,4.033531188964844,-1.2740498781204224,2.759481430053711
120.9,120.9,rgbd,9238,5.95873528921966,27.408109505394957,337.05353,1550.329,19.22230339050293,17.534502029418945,4.599652290344238,-1.7874513864517212,2.8122007846832275
121.3,121.3,rgbd,35454,21.51784740302605,89.53515372328845,395.97855,1647.6555,20.549564361572266,19.269437789916992,4.160971641540527,-1.3270249366760254,2.833946466445923
122.9,122.9,rgbd,9141,6.411257596895873,27.24179071410635,335.55063,1425.7733,19.170730590820312,17.503278732299805,4.249055862426758,-1.5345481634140015,2.714507579803467
123.3,123.3,rgbd,35529,21.563366626674355,89.72455792392157,395.97855,1647.6555,20.549564361572266,19.269437789916992,4.160971641540527,-1.3270249366760254,2.833946466445923
124.9,124.9,rgbd,9275,6.505241681567577,27.641134325931127,335.55063,1425.7733,19.170730590820312,17.503278732299805,4.249055862426758,-1.5345481634140015,2.714507579803467
125.3,125.3,rgbd,35615,21.61556200312441,89.94174140731421,395.97855,1647.6555,20.549564361572266,19.269437789916992,4.160971641540527,-1.3270249366760254,2.833946466445923
126.9,126.9,rgbd,9399,6.5922120285772134,28.01067617567942,335.55063,1425.7733,19.170730590820312,17.503278732299805,4.249055862426758,-1.5345481634140015,2.714507579803467
127.3,127.3,rgbd,35726,21.6829304541239,90.22205962425123,395.97855,1647.6555,20.549564361572266,19.269437789916992,4.160971641540527,-1.3270249366760254,2.833946466445923
129.0,129.0,rgbd,9502,6.664453526496509,28.31763432506712,335.55063,1425.7733,19.170730590820312,17.503278732299805,4.249055862426758,-1.5345481634140015,2.714507579803467
129.3,129.3,rgbd,35866,21.76789967160073,90.57561413209972,395.97855,1647.6555,20.549564361572266,19.269437789916992,4.160971641540527,-1.3270249366760254,2.833946466445923
131.0,131.0,rgbd,9740,6.867755091571554,28.93847949822852,336.57608,1418.2218,19.20180320739746,17.528358459472656,4.2136735916137695,-1.508423089981079,2.7052505016326904
131.4,131.4,rgbd,36169,21.99209403317573,91.40516550263533,395.69974,1644.6365,20.54349136352539,19.26156234741211,4.15627384185791,-1.2955303192138672,2.860743761062622
133.0,133.0,rgbd,9886,6.932839653329391,29.4192148771964,336.03888,1425.9669,19.19835090637207,17.503528594970703,4.243458271026611,-1.5390251874923706,2.704432964324951
133.4,133.4,rgbd,36321,22.036981843252995,91.81794601443593,395.57626,1648.184,20.53904151916504,19.259723663330078,4.166539192199707,-1.311898946762085,2.854640007019043
135.0,135.0,rgbd,10089,7.075199197090858,30.02331164232596,336.03888,1425.9669,19.19835090637207,17.503528594970703,4.243458271026611,-1.5390251874923706,2.704432964324951
135.4,135.4,rgbd,36548,22.17470918772089,92.3917923772915,395.57626,1648.184,20.53904151916504,19.259723663330078,4.166539192199707,-1.311898946762085,2.854640007019043
137.0,137.0,rgbd,10326,7.24140221123602,30.728587175999394,336.03888,1425.9669,19.19835090637207,17.503528594970703,4.243458271026611,-1.5390251874923706,2.704432964324951
137.4,137.4,rgbd,36842,22.353087334300454,93.13501189570354,395.57626,1648.184,20.53904151916504,19.259723663330078,4.166539192199707,-1.311898946762085,2.854640007019043
139.0,139.0,rgbd,10521,7.378151526671912,31.308877172059812,336.03888,1425.9669,19.19835090637207,17.503528594970703,4.243458271026611,-1.5390251874923706,2.704432964324951
139.5,139.5,rgbd,37002,22.45016387665668,93.53948510300262,395.57626,1648.184,20.53904151916504,19.259723663330078,4.166539192199707,-1.311898946762085,2.854640007019043
141.0,141.0,rgbd,10702,7.505082942538048,31.847505322249226,336.03888,1425.9669,19.19835090637207,17.503528594970703,4.243458271026611,-1.5390251874923706,2.704432964324951
141.4,141.4,rgbd,37103,22.511443444019047,93.79480881511016,395.57626,1648.184,20.53904151916504,19.259723663330078,4.166539192199707,-1.311898946762085,2.854640007019043
143.1,143.1,rgbd,10739,7.531030248543833,31.957611629194023,336.03888,1425.9669,19.19835090637207,17.503528594970703,4.243458271026611,-1.5390251874923706,2.704432964324951
143.4,143.4,rgbd,37128,22.52661165376221,93.85800775375064,395.57626,1648.184,20.53904151916504,19.259723663330078,4.166539192199707,-1.311898946762085,2.854640007019043
145.1,145.1,rgbd,10807,7.578717189311221,32.15996916628176,336.03888,1425.9669,19.19835090637207,17.503528594970703,4.243458271026611,-1.5390251874923706,2.704432964324951
145.4,145.4,rgbd,37200,22.57029609782251,94.04002069703523,395.57626,1648.184,20.53904151916504,19.259723663330078,4.166539192199707,-1.311898946762085,2.854640007019043
147.1,147.1,rgbd,10928,7.733866097825499,32.46966121767881,336.56033,1413.0061,19.199323654174805,17.529802322387695,4.198373794555664,-1.508180022239685,2.6901938915252686
147.4,147.4,rgbd,37177,21.86973277913022,93.93646840974549,395.7675,1699.9293,20.536678314208984,19.271251678466797,4.2952728271484375,-1.337783694267273,2.957489252090454
149.1,149.1,rgbd,11262,7.933343554744989,33.459635806965615,336.58466,1419.578,19.200298309326172,17.53017807006836,4.21759557723999,-1.5272055864334106,2.690390110015869
149.4,149.4,rgbd,37365,21.67238731521295,92.59676091112921,403.52383,1724.0833,20.537193298339844,19.648441314697266,4.272568702697754,-1.3533682823181152,2.9192006587982178
151.1,151.1,rgbd,11641,8.150050449033143,34.37361794464209,338.6609,1428.3347,19.200298309326172,17.63831329345703,4.21759557723999,-1.5272055864334106,2.690390110015869
151.4,151.4,rgbd,37768,21.906134728247363,93.59546276171626,403.52383,1724.0833,20.537193298339844,19.648441314697266,4.272568702697754,-1.3533682823181152,2.9192006587982178
153.1,153.1,rgbd,11896,7.784298666088987,32.83102364289755,362.3402,1528.2045,19.200298309326172,18.871593475341797,4.21759557723999,-1.5272055864334106,2.690390110015869
153.5,153.5,rgbd,38114,22.09518816830308,94.40321097415423,403.73627,1724.991,20.537193298339844,19.658784866333008,4.272568702697754,-1.3533682823181152,2.9192006587982178
155.1,155.1,rgbd,12218,7.995003455134099,33.71969122973455,362.3402,1528.2045,19.200298309326172,18.871593475341797,4.21759557723999,-1.5272055864334106,2.690390110015869
155.5,155.5,rgbd,38306,22.20649309899296,94.87876894516324,403.73627,1724.991,20.537193298339844,19.658784866333008,4.272568702697754,-1.3533682823181152,2.9192006587982178
157.2,157.2,rgbd,13350,14.893831443150427,36.68972791484582,363.86206,896.34424,20.588281631469727,17.673259735107422,2.4634177684783936,-0.3751274645328522,2.088290214538574
157.5,157.5,rgbd,38509,22.323742021314235,95.37971956978922,403.7441,1725.0244,20.537193298339844,19.65916633605957,4.272568702697754,-1.3533682823181152,2.9192006587982178
159.2,159.2,rgbd,13395,14.944035369363293,36.81340115500822,363.86206,896.34424,20.588281631469727,17.673259735107422,2.4634177684783936,-0.3751274645328522,2.088290214538574
159.5,159.5,rgbd,38532,22.33707516594251,95.43668634509123,403.7441,1725.0244,20.537193298339844,19.65916633605957,4.272568702697754,-1.3533682823181152,2.9192006587982178
161.2,161.2,rgbd,13472,15.029939865327533,37.02501981039722,363.86206,896.34424,20.588281631469727,17.673259735107422,2.4634177684783936,-0.3751274645328522,2.088290214538574
161.5,161.5,rgbd,38606,22.379973109529132,95.61997075258466,403.7441,1725.0244,20.537193298339844,19.65916633605957,4.272568702697754,-1.3533682823181152,2.9192006587982178
163.2,163.2,rgbd,13634,15.210673999693851,37.470243474981864,363.86206,896.34424,20.588281631469727,17.673259735107422,2.4634177684783936,-0.3751274645328522,2.088290214538574
163.6,163.6,rgbd,38716,22.443740322968708,95.89242054750733,403.7441,1725.0244,20.537193298339844,19.65916633605957,4.272568702697754,-1.3533682823181152,2.9192006587982178
165.2,165.2,rgbd,13702,15.286537710415518,37.65712748233838,363.86206,896.34424,20.588281631469727,17.673259735107422,2.4634177684783936,-0.3751274645328522,2.088290214538574
165.5,165.5,rgbd,38797,22.49069618013785,96.0930426692231,403.7441,1725.0244,20.537193298339844,19.65916633605957,4.272568702697754,-1.3533682823181152,2.9192006587982178
167.2,167.2,rgbd,13780,15.373557849184486,37.87149443195322,363.86206,896.34424,20.588281631469727,17.673259735107422,2.4634177684783936,-0.3751274645328522,2.088290214538574
167.6,167.6,rgbd,38938,22.572434153728576,96.44227376998761,403.7441,1725.0244,20.537193298339844,19.65916633605957,4.272568702697754,-1.3533682823181152,2.9192006587982178
169.2,169.2,rgbd,13851,15.452768488320341,38.06662332198722,363.86206,896.34424,20.588281631469727,17.673259735107422,2.4634177684783936,-0.3751274645328522,2.088290214538574
169.5,169.5,rgbd,38988,22.601419250746563,96.56611458586154,403.7441,1725.0244,20.537193298339844,19.65916633605957,4.272568702697754,-1.3533682823181152,2.9192006587982178
171.2,171.2,rgbd,13925,15.535326055870389,38.26999709469873,363.86206,896.34424,20.588281631469727,17.673259735107422,2.4634177684783936,-0.3751274645328522,2.088290214538574
171.5,171.5,rgbd,39051,22.63794047298923,96.7221540138627,403.7441,1725.0244,20.537193298339844,19.65916633605957,4.272568702697754,-1.3533682823181152,2.9192006587982178
173.5,173.5,rgbd,13807,14.41080425443,38.01828143548688,363.1674,958.1006,20.566625595092773,17.658092498779297,2.638179063796997,-0.38477835059165955,2.2534008026123047
173.6,173.6,rgbd,39135,22.71326985257845,96.90409426051494,403.8529,1723.0016,20.540775299072266,19.661035537719727,4.266408920288086,-1.3616232872009277,2.904785394668579
175.3,175.3,rgbd,14126,14.379714545991586,38.72184073661722,364.80704,982.3561,20.740461349487305,17.589147567749023,2.69281005859375,-0.6179008483886719,2.074909210205078
175.6,175.6,rgbd,39140,23.61060727003885,96.33663316508556,406.28366,1657.7295,20.604415893554688,19.718280792236328,4.080226898193359,-1.222949504852295,2.8572771549224854
177.3,177.3,rgbd,14325,13.713598175297166,39.24611595206204,365.00427,1044.5836,20.63150978088379,17.691593170166016,2.8618392944335938,-0.7125301361083984,2.1493091583251953
177.6,177.6,rgbd,39351,23.737889797733747,96.85597474908742,406.28366,1657.7295,20.604415893554688,19.718280792236328,4.080226898193359,-1.222949504852295,2.8572771549224854
179.3,179.3,rgbd,14587,13.77986366207383,39.98937290750671,364.7719,1058.5736,20.615419387817383,17.694129943847656,2.902015209197998,-0.7246228456497192,2.1773922443389893
179.8,179.8,rgbd,39562,23.03061336013602,95.72985841906208,413.2671,1717.8005,20.801185607910156,19.867477416992188,4.156635284423828,-1.2404661178588867,2.9161694049835205
181.4,181.4,rgbd,14651,13.840322376982495,40.164825013222796,364.7719,1058.5736,20.615419387817383,17.694129943847656,2.902015209197998,-0.7246228456497192,2.1773922443389893
181.6,181.6,rgbd,39699,23.110366507862086,96.06136316107239,413.2671,1717.8005,20.801185607910156,19.867477416992188,4.156635284423828,-1.2404661178588867,2.9161694049835205
183.4,183.4,rgbd,14794,13.975409818106549,40.55685081193215,364.7719,1058.5736,20.615419387817383,17.694129943847656,2.902015209197998,-0.7246228456497192,2.1773922443389893
183.6,183.6,rgbd,39777,23.155773409487143,96.25010308718045,413.2671,1717.8005,20.801185607910156,19.867477416992188,4.156635284423828,-1.2404661178588867,2.9161694049835205
185.4,185.4,rgbd,14897,14.072710562412684,40.839219044568964,364.7719,1058.5736,20.615419387817383,17.694129943847656,2.902015209197998,-0.7246228456497192,2.1773922443389893
185.6,185.6,rgbd,39846,23.19594105323239,96.4170653295068,413.2671,1717.8005,20.801185607910156,19.867477416992188,4.156635284423828,-1.2404661178588867,2.9161694049835205
187.4,187.4,rgbd,15040,14.207798003536737,41.231244843278326,364.7719,1058.5736,20.615419387817383,17.694129943847656,2.902015209197998,-0.7246228456497192,2.1773922443389893
187.6,187.6,rgbd,39940,23.25066219108823,96.64452113789343,413.2671,1717.8005,20.801185607910156,19.867477416992188,4.156635284423828,-1.2404661178588867,2.9161694049835205
189.6,189.6,rgbd,39972,23.269290663549793,96.72195290245058,413.2671,1717.8005,20.801185607910156,19.867477416992188,4.156635284423828,-1.2404661178588867,2.9161694049835205
189.7,189.7,rgbd,15087,14.25219737229779,41.360092483413574,364.7719,1058.5736,20.615419387817383,17.694129943847656,2.902015209197998,-0.7246228456497192,2.1773922443389893
191.4,191.4,rgbd,15090,14.255031374559133,41.36831680086902,364.7719,1058.5736,20.615419387817383,17.694129943847656,2.902015209197998,-0.7246228456497192,2.1773922443389893
191.6,191.6,rgbd,39973,23.269872803314218,96.72437264509298,413.2671,1717.8005,20.801185607910156,19.867477416992188,4.156635284423828,-1.2404661178588867,2.9161694049835205
193.4,193.4,rgbd,15117,14.280537394911226,41.44233565796799,364.7719,1058.5736,20.615419387817383,17.694129943847656,2.902015209197998,-0.7246228456497192,2.1773922443389893
193.6,193.6,rgbd,39993,23.281515598602695,96.77276749794122,413.2671,1717.8005,20.801185607910156,19.867477416992188,4.156635284423828,-1.2404661178588867,2.9161694049835205
195.4,195.4,rgbd,15211,14.369336132433332,41.70003093823848,364.7719,1058.5736,20.615419387817383,17.694129943847656,2.902015209197998,-0.7246228456497192,2.1773922443389893
195.7,195.7,rgbd,40074,23.328668919521025,96.9687666519765,413.2671,1717.8005,20.801185607910156,19.867477416992188,4.156635284423828,-1.2404661178588867,2.9161694049835205
197.4,197.4,rgbd,15403,14.446898209900219,42.221346626432236,364.81546,1066.1804,20.61124610900879,17.699825286865234,2.9225196838378906,-0.7331100702285767,2.1894097328186035
197.7,197.7,rgbd,40288,23.551950236800934,97.55504323908028,412.9771,1710.6014,20.792438507080078,19.861888885498047,4.1421217918396,-1.2396146059036255,2.9025070667266846
199.4,199.4,rgbd,15381,14.299244359935926,42.13304339822626,365.0579,1075.6512,20.624025344848633,17.700613021850586,2.9465224742889404,-0.7557688355445862,2.190753698348999
199.7,199.7,rgbd,40097,24.145529475552397,97.24400709714058,412.3339,1660.6387,20.77569580078125,19.846935272216797,4.027412414550781,-1.1938413381576538,2.833570957183838
201.4,201.4,rgbd,15770,15.194561622687287,43.27277839982669,364.43234,1037.8713,20.547658920288086,17.73595428466797,2.847912311553955,-0.6880518198013306,2.159860372543335
201.7,201.7,rgbd,40146,22.34676415793444,97.40944471015061,412.13663,1796.5017,20.769699096679688,19.843168258666992,4.35899543762207,-1.3449060916900635,3.014089345932007
203.6,203.6,rgbd,16185,17.08042105783877,44.46244795354142,364.01505,947.5762,20.52387046813965,17.73617935180664,2.603123664855957,-0.41047728061676025,2.1926465034484863
203.7,203.7,rgbd,40636,23.25940795537303,99.5927054927203,408.02185,1747.078,20.651329040527344,19.75765609741211,4.281824588775635,-1.2402653694152832,3.0415592193603516
205.9,205.9,rgbd,16459,17.343158095125393,45.37575516392208,362.72675,949.0198,20.40175437927246,17.779193878173828,2.6163489818573,-0.186777725815773,2.4295711517333984
205.9,205.9,rgbd,40917,22.47064293839305,101.0386439762421,404.96387,1820.9092,20.57089614868164,19.68625259399414,4.49647331237793,-1.4043233394622803,3.0921497344970703
207.8,207.8,rgbd,41017,22.525560559280194,101.28557958729921,404.96387,1820.9092,20.57089614868164,19.68625259399414,4.49647331237793,-1.4043233394622803,3.0921497344970703
207.9,207.9,rgbd,16602,17.493839886704645,45.7699913258056,362.72675,949.0198,20.40175437927246,17.779193878173828,2.6163489818573,-0.186777725815773,2.4295711517333984
209.9,209.9,rgbd,16767,17.667703492373015,46.224879204901974,362.72675,949.0198,20.40175437927246,17.779193878173828,2.6163489818573,-0.186777725815773,2.4295711517333984
209.9,209.9,rgbd,41185,22.522650152827907,101.27249514836826,406.67508,1828.6036,20.57089614868164,19.769439697265625,4.49647331237793,-1.4043233394622803,3.0921497344970703
4,5.40468168258667,-2.956590175628662,2.448091506958008
707.1,707.1,rgbd,52553,22.7424191262888,122.91554231556549,427.55374,2310.792,20.312639236450195,21.048654556274414,5.40468168258667,-2.956590175628662,2.448091506958008
709.1,709.1,rgbd,52800,22.849308885659212,123.49324746944718,427.55374,2310.792,20.312639236450195,21.048654556274414,5.40468168258667,-2.956590175628662,2.448091506958008
711.1,711.1,rgbd,52907,22.895613356317654,123.74350840655383,427.55374,2310.792,20.312639236450195,21.048654556274414,5.40468168258667,-2.956590175628662,2.448091506958008
713.3,713.3,rgbd,52979,22.926771504798097,123.91190828946671,427.55374,2310.792,20.312639236450195,21.048654556274414,5.40468168258667,-2.956590175628662,2.448091506958008
715.1,715.1,rgbd,53094,22.976537991954363,124.18088032467479,427.55374,2310.792,20.312639236450195,21.048654556274414,5.40468168258667,-2.956590175628662,2.448091506958008
717.2,717.2,rgbd,53308,23.069146933271238,124.68140219888807,427.55374,2310.792,20.312639236450195,21.048654556274414,5.40468168258667,-2.956590175628662,2.448091506958008
719.1,719.1,rgbd,53547,23.172574676143824,125.24039625466834,427.55374,2310.792,20.312639236450195,21.048654556274414,5.40468168258667,-2.956590175628662,2.448091506958008
721.2,721.2,rgbd,53830,23.29504350975446,125.90230135000647,427.55374,2310.792,20.312639236450195,21.048654556274414,5.40468168258667,-2.956590175628662,2.448091506958008
723.2,723.2,rgbd,54054,23.39197997169362,126.42621209684656,427.55374,2310.792,20.312639236450195,21.048654556274414,5.40468168258667,-2.956590175628662,2.448091506958008
725.1,725.1,rgbd,54178,23.44564122740994,126.71623411741874,427.55374,2310.792,20.312639236450195,21.048654556274414,5.40468168258667,-2.956590175628662,2.448091506958008
727.2,727.2,rgbd,54380,23.533057143980077,127.18868934447988,427.55374,2310.792,20.312639236450195,21.048654556274414,5.40468168258667,-2.956590175628662,2.448091506958008
729.2,729.2,rgbd,54482,23.577197854327373,127.42725584527312,427.55374,2310.792,20.312639236450195,21.048654556274414,5.40468168258667,-2.956590175628662,2.448091506958008
731.2,731.2,rgbd,54536,23.600566465687706,127.55355575745779,427.55374,2310.792,20.312639236450195,21.048654556274414,5.40468168258667,-2.956590175628662,2.448091506958008
733.3,733.3,rgbd,54822,26.361452493110598,128.64964512636533,426.1341,2079.6274,20.308612823486328,20.982925415039062,4.880218505859375,-2.527872323989868,2.3523459434509277
735.3,735.3,rgbd,54883,26.390784670011836,128.79279255536662,426.1341,2079.6274,20.308612823486328,20.982925415039062,4.880218505859375,-2.527872323989868,2.3523459434509277
737.2,737.2,rgbd,54477,25.555353071414142,127.31372918905376,427.89572,2131.7256,20.318052291870117,21.059879302978516,4.981881141662598,-2.5541672706604004,2.4277138710021973
739.2,739.2,rgbd,54688,25.927375307826892,127.90053083944805,427.58228,2109.2764,20.31139373779297,21.05135154724121,4.933030128479004,-2.5204544067382812,2.4125754833221436
741.3,741.3,rgbd,54752,25.865310522092134,127.8102703229869,428.38498,2116.812,20.31686782836914,21.085187911987305,4.941377639770508,-2.520705223083496,2.4206721782684326
743.3,743.3,rgbd,55007,25.90365819616305,128.3918827598719,428.4305,2123.5225,20.298809051513672,21.106189727783203,4.956515312194824,-2.5212886333465576,2.4352269172668457
745.3,745.3,rgbd,54824,26.658826325529834,128.48990232187947,426.67944,2056.5046,20.314422607421875,21.003768920898438,4.819788455963135,-2.4338836669921875,2.3859047889709473
747.3,747.3,rgbd,55099,27.158687743178078,128.70130234323983,428.11533,2028.7799,20.33038330078125,21.057907104492188,4.738862991333008,-2.3867084980010986,2.3521547317504883
749.2,749.2,rgbd,55339,27.437651509809836,129.2161111583791,428.26703,2016.9,20.333770751953125,21.061859130859375,4.709444999694824,-2.351283311843872,2.3581619262695312
751.3,751.3,rgbd,55330,27.58744063169086,129.41246118900494,427.5477,2005.6228,20.337772369384766,21.02234649658203,4.6909918785095215,-2.3373806476593018,2.3536112308502197
753.3,753.3,rgbd,56027,26.190139424134774,130.37087753461367,429.7509,2139.2402,20.320465087890625,21.14867401123047,4.977860927581787,-2.6117746829986572,2.36608624458313
755.4,755.4,rgbd,56199,26.27054180121995,130.77110940381877,429.7509,2139.2402,20.320465087890625,21.14867401123047,4.977860927581787,-2.6117746829986572,2.36608624458313
757.4,757.4,rgbd,56432,26.37945897482952,131.31328397082333,429.7509,2139.2402,20.320465087890625,21.14867401123047,4.977860927581787,-2.6117746829986572,2.36608624458313
5.6,5.6,rgbd,231,16.13953043646172,32.23363977248116,7.166426,14.312684,2.5787439346313477,2.7790374755859375,1.9971857070922852,0.0014994479715824127,1.9986851215362549
7.6,7.6,rgbd,687,20.899904211780395,41.74934249737637,16.455349,32.870964,4.279619216918945,3.8450498580932617,1.9975852966308594,0.0010998491197824478,1.9986851215362549
9.7,9.7,rgbd,800,24.296835998048515,48.53500069950599,16.48295,32.926098,4.279619216918945,3.851499080657959,1.9975852966308594,0.0010998491197824478,1.9986851215362549
11.7,11.7,rgbd,830,25.207967347975334,50.35506322573747,16.48295,32.926098,4.279619216918945,3.851499080657959,1.9975852966308594,0.0010998491197824478,1.9986851215362549
13.8,13.8,rgbd,898,21.60731004514394,43.162443434226475,20.805124,41.56001,5.401824951171875,3.851499080657959,1.9975852966308594,0.0010998491197824478,1.9986851215362549
15.9,15.9,rgbd,1072,23.638365065553902,47.219649012909194,22.702414,45.350006,5.894435882568359,3.851499080657959,1.9975852966308594,0.0010998491197824478,1.9986851215362549
17.9,17.9,rgbd,1197,20.166724487310415,40.284751360199,29.713476,59.3552,6.601734161376953,4.500859260559082,1.9975852966308594,0.0010998491197824478,1.9986851215362549
19.9,19.9,rgbd,1266,19.319650228459892,38.59264708379102,32.804176,65.52914,7.288425445556641,4.500859260559082,1.9975852966308594,0.0010998491197824478,1.9986851215362549
22.0,22.0,rgbd,1365,17.290715961296797,34.539679990162035,39.519764,78.9441,7.952277183532715,4.969615936279297,1.9975852966308594,0.0010998491197824478,1.9986851215362549
24.0,24.0,rgbd,1458,16.974940102311727,33.90888995272702,42.997574,85.89132,8.652091979980469,4.969615936279297,1.9975852966308594,0.0010998491197824478,1.9986851215362549
26.0,26.0,rgbd,1590,15.369150353519732,30.38737825261167,52.324356,103.453995,10.578929901123047,4.946091651916504,1.9771671295166016,-0.012700904160737991,1.9644662141799927
28.0,28.0,rgbd,1727,15.76705903675376,30.959082923991158,55.783306,109.53216,11.27769947052002,4.9463372230529785,1.963529348373413,-0.013480603694915771,1.950048804283142
30.0,30.0,rgbd,1965,16.476012029009333,32.34383082222342,60.75347,119.2643,12.227883338928223,4.968437194824219,1.9630861282348633,-0.022363364696502686,1.9407228231430054
32.0,32.0,rgbd,2145,17.146472454654,35.16860354972815,60.9919,125.09862,12.223165512084961,4.989861488342285,2.0510692596435547,-0.005108978599309921,2.0459601879119873
34.0,34.0,rgbd,2364,19.146920230199893,38.6174346033189,61.215874,123.46633,12.495183944702148,4.899157524108887,2.0169005393981934,-0.012887679040431976,2.0040128231048584
36.0,36.0,rgbd,2442,16.430919290722372,33.54842328780347,72.790306,148.62224,12.502559661865234,5.822032451629639,2.0417861938476562,0.0009012594819068909,2.04268741607666
38.0,38.0,rgbd,2589,11.71087957677789,23.911112451463694,108.27602,221.07648,12.950496673583984,8.360761642456055,2.0417861938476562,0.0009012594819068909,2.04268741607666
40.3,40.3,rgbd,2749,11.95722864970039,24.41410446929903,112.59885,229.90277,13.467535018920898,8.360761642456055,2.0417861938476562,0.0009012594819068909,2.04268741607666
42.2,42.2,rgbd,2981,12.111627472142759,24.729352993577564,120.545006,246.12712,13.467535018920898,8.950784683227539,2.0417861938476562,0.0009012594819068909,2.04268741607666
44.2,44.2,rgbd,3175,12.89983804899472,26.33871041751384,120.545006,246.12712,13.467535018920898,8.950784683227539,2.0417861938476562,0.0009012594819068909,2.04268741607666
46.3,46.3,rgbd,3426,12.949597427225454,26.440307966961146,129.57489,264.5642,13.467535018920898,9.62127685546875,2.0417861938476562,0.0009012594819068909,2.04268741607666
48.4,48.4,rgbd,3757,12.556375822566118,25.63743555206252,146.54352,299.21054,13.467535018920898,10.881242752075195,2.0417861938476562,0.0009012594819068909,2.04268741607666
50.3,50.3,rgbd,4161,12.257725759333585,25.027654888475414,166.25609,339.45938,15.119967460632324,10.995796203613281,2.0417861938476562,0.0009012594819068909,2.04268741607666
52.3,52.3,rgbd,4481,11.98230026100456,24.46529467807632,183.15741,373.96826,15.119967460632324,12.113611221313477,2.0417861938476562,0.0009012594819068909,2.04268741607666
54.3,54.3,rgbd,4766,12.744397019403646,26.021333281792398,183.15741,373.96826,15.119967460632324,12.113611221313477,2.0417861938476562,0.0009012594819068909,2.04268741607666
56.3,56.3,rgbd,5018,13.41826085019295,27.397219536639426,183.15727,373.968,15.119967460632324,12.113602638244629,2.0417861938476562,0.0009012594819068909,2.04268741607666
58.4,58.4,rgbd,5127,13.709729649051267,27.992336501464795,183.15727,373.968,15.119967460632324,12.113602638244629,2.0417861938476562,0.0009012594819068909,2.04268741607666
60.4,60.4,rgbd,5139,13.741817957182457,28.057853965482266,183.15727,373.968,15.119967460632324,12.113602638244629,2.0417861938476562,0.0009012594819068909,2.04268741607666
62.5,62.5,rgbd,5237,13.9990424533816,28.58305250969058,183.22046,374.09702,15.119967460632324,12.117781639099121,2.0417861938476562,0.0009012594819068909,2.04268741607666
64.5,64.5,rgbd,5446,14.440025488891091,29.483443677973295,184.71384,377.14615,15.243206024169922,12.117781639099121,2.0417861938476562,0.0009012594819068909,2.04268741607666
66.5,66.5,rgbd,5696,15.102905824004058,30.83690386108679,184.71375,377.14597,15.24319839477539,12.117781639099121,2.0417861938476562,0.0009012594819068909,2.04268741607666
68.5,68.5,rgbd,5911,15.671791193869792,32.00086705106812,184.71375,377.1745,15.24319839477539,12.117781639099121,2.041940689086914,0.0007467810064554214,2.04268741607666
70.5,70.5,rgbd,6005,15.916752530745649,32.50106370327303,184.76318,377.27545,15.247278213500977,12.117781639099121,2.041940689086914,0.0007467810064554214,2.04268741607666
72.6,72.6,rgbd,6122,16.226870773226455,33.13430674295379,184.76318,377.27545,15.247278213500977,12.117781639099121,2.041940689086914,0.0007467810064554214,2.04268741607666
74.6,74.6,rgbd,6170,16.354098770141658,33.394098759233074,184.76318,377.27545,15.247278213500977,12.117781639099121,2.041940689086914,0.0007467810064554214,2.04268741607666
76.8,76.8,rgbd,6295,16.685421678774997,34.07064046829372,184.76318,377.27545,15.247278213500977,12.117781639099121,2.041940689086914,0.0007467810064554214,2.04268741607666
79.2,79.2,rgbd,6459,17.11866061169493,34.95528978081153,184.7789,377.30756,15.248574256896973,12.117781639099121,2.041940689086914,0.0007467810064554214,2.04268741607666
81.3,81.3,rgbd,6678,17.719054327143457,36.186323312440905,184.54486,376.88242,15.271951675415039,12.083908081054688,2.042226552963257,-0.03717774897813797,2.0050487518310547
83.4,83.4,rgbd,6878,17.47440760785205,37.34456009374486,184.17676,393.6042,15.370035171508789,11.982845306396484,2.1371002197265625,-0.16160929203033447,1.975490927696228
85.3,85.3,rgbd,7097,14.577840118004566,39.059443275548425,181.69742,486.8348,15.859423637390137,11.456748008728027,2.6793711185455322,-0.39253148436546326,2.286839723587036
87.3,87.3,rgbd,7237,14.133680571283351,40.280937531954905,179.66315,512.0393,16.326614379882812,11.004311561584473,2.849996328353882,-0.49296334385871887,2.3570330142974854
89.4,89.4,rgbd,7308,14.272341801152237,40.67612152598127,179.66315,512.0393,16.326614379882812,11.004311561584473,2.849996328353882,-0.49296334385871887,2.3570330142974854
91.4,91.4,rgbd,7449,14.54771128582143,41.46092354228715,179.66315,512.0393,16.326614379882812,11.004311561584473,2.849996328353882,-0.49296334385871887,2.3570330142974854
94.1,94.1,rgbd,7652,14.327152954965195,40.83233558433801,187.4005,534.09076,16.326614379882812,11.478221893310547,2.849996328353882,-0.49296334385871887,2.3570330142974854
95.7,95.7,rgbd,7784,14.574301960461197,41.536709381663236,187.4005,534.09076,16.326614379882812,11.478221893310547,2.849996328353882,-0.49296334385871887,2.3570330142974854
97.9,97.9,rgbd,7933,14.527504668722976,41.403335491776666,191.60292,546.0676,16.326614379882812,11.735618591308594,2.849996328353882,-0.49296334385871887,2.3570330142974854
99.7,99.7,rgbd,8093,13.26437422990865,37.803419709290566,214.08116,610.13055,16.326614379882812,13.112403869628906,2.849996328353882,-0.49296334385871887,2.3570330142974854
101.9,101.9,rgbd,8198,12.976026585023742,36.98162744617826,221.67764,631.78046,16.326614379882812,13.577686309814453,2.849996328353882,-0.49296334385871887,2.3570330142974854
104.0,104.0,rgbd,8256,11.270550256512635,32.745186251051834,252.12866,732.52856,16.37442970275879,15.397706031799316,2.9053759574890137,-0.4889913499355316,2.416384696960449
106.0,106.0,rgbd,8390,11.453478276664367,33.27666093099865,252.12866,732.52856,16.37442970275879,15.397706031799316,2.9053759574890137,-0.4889913499355316,2.416384696960449
108.0,108.0,rgbd,8455,11.542212017782743,33.53446581306241,252.12866,732.52856,16.37442970275879,15.397706031799316,2.9053759574890137,-0.4889913499355316,2.416384696960449
110.0,110.0,rgbd,8551,11.673264927742192,33.915223792725804,252.12866,732.52856,16.37442970275879,15.397706031799316,2.9053759574890137,-0.4889913499355316,2.416384696960449
112.0,112.0,rgbd,8625,11.774284879169267,34.208724735383,252.12866,732.52856,16.37442970275879,15.397706031799316,2.9053759574890137,-0.4889913499355316,2.416384696960449
114.1,114.1,rgbd,8705,11.883495637468808,34.526023051769165,252.12866,732.52856,16.37442970275879,15.397706031799316,2.9053759574890137,-0.4889913499355316,2.416384696960449
116.1,116.1,rgbd,8811,12.028199892215701,34.946443320980826,252.12866,732.52856,16.37442970275879,15.397706031799316,2.9053759574890137,-0.4889913499355316,2.416384696960449
118.1,118.1,rgbd,9141,12.478694270201308,36.255298876073745,252.12866,732.52856,16.37442970275879,15.397706031799316,2.9053759574890137,-0.4889913499355316,2.416384696960449
120.2,120.2,rgbd,9357,12.773563317610067,37.11200433031638,252.12866,732.52856,16.37442970275879,15.397706031799316,2.9053759574890137,-0.4889913499355316,2.416384696960449
122.2,122.2,rgbd,9693,13.23224850246814,38.44465725913825,252.12866,732.52856,16.37442970275879,15.397706031799316,2.9053759574890137,-0.4889913499355316,2.416384696960449
124.1,124.1,rgbd,10059,13.73188772168854,39.89629705660494,252.12866,732.52856,16.37442970275879,15.397706031799316,2.9053759574890137,-0.4889913499355316,2.416384696960449
126.3,126.3,rgbd,10290,14.047233786278465,40.812495945169985,252.12866,732.52856,16.37442970275879,15.397706031799316,2.9053759574890137,-0.4889913499355316,2.416384696960449
128.2,128.2,rgbd,10393,14.187842637589124,41.22101752751717,252.12866,732.52856,16.37442970275879,15.397706031799316,2.9053759574890137,-0.4889913499355316,2.416384696960449
130.2,130.2,rgbd,10463,14.283402051101223,41.49865355435506,252.12866,732.52856,16.37442970275879,15.397706031799316,2.9053759574890137,-0.4889913499355316,2.416384696960449
132.3,132.3,rgbd,10486,14.314800144112342,41.58987682031608,252.12866,732.52856,16.37442970275879,15.397706031799316,2.9053759574890137,-0.4889913499355316,2.416384696960449
134.4,134.4,rgbd,10610,14.484076819476629,42.08168921071463,252.12866,732.52856,16.37442970275879,15.397706031799316,2.9053759574890137,-0.4889913499355316,2.416384696960449
136.5,136.5,rgbd,10818,14.768024791055437,42.90666483331865,252.12866,732.52856,16.37442970275879,15.397706031799316,2.9053759574890137,-0.4889913499355316,2.416384696960449
138.5,138.5,rgbd,11043,15.075180048772895,43.799066348154724,252.12866,732.52856,16.37442970275879,15.397706031799316,2.9053759574890137,-0.4889913499355316,2.416384696960449
140.7,140.7,rgbd,11091,15.14070650375262,43.989445337986425,252.12866,732.52856,16.37442970275879,15.397706031799316,2.9053759574890137,-0.4889913499355316,2.416384696960449
143.0,143.0,rgbd,11153,15.225344841434765,44.2353515331857,252.12866,732.52856,16.37442970275879,15.397706031799316,2.9053759574890137,-0.4889913499355316,2.416384696960449
144.9,144.9,rgbd,11230,15.330460196298073,44.54075116270738,252.12866,732.52856,16.37442970275879,15.397706031799316,2.9053759574890137,-0.4889913499355316,2.416384696960449
146.9,146.9,rgbd,11278,15.395986651277797,44.73113015253907,252.12866,732.52856,16.37442970275879,15.397706031799316,2.9053759574890137,-0.4889913499355316,2.416384696960449
148.9,148.9,rgbd,11387,13.68402735857706,39.757244713691406,286.4132,832.13806,16.37442970275879,17.491491317749023,2.9053759574890137,-0.4889913499355316,2.416384696960449
151.0,151.0,rgbd,11505,13.884220089340234,40.07071656053833,287.1174,828.63855,16.447006225585938,17.457122802734375,2.886061668395996,-0.5766863226890564,2.309375286102295
153.1,153.1,rgbd,11819,14.508356395383728,41.140356727165766,287.28482,814.634,16.459455490112305,17.454090118408203,2.835631847381592,-0.5050584077835083,2.330573320388794
155.1,155.1,rgbd,12163,14.64579689558064,42.32315404872528,287.38406,830.4772,16.438941955566406,17.48190689086914,2.8897814750671387,-0.5815274715423584,2.3082540035247803
157.1,157.1,rgbd,12526,15.096923957182542,43.58485584042232,287.3934,829.70544,16.426448822021484,17.495771408081055,2.887002468109131,-0.6418730020523071,2.2451295852661133
159.2,159.2,rgbd,12989,17.440470355258622,45.73775854615277,283.98856,744.762,15.904975891113281,17.855327606201172,2.622507095336914,-0.043125104159116745,2.5793819427490234
161.4,161.4,rgbd,13122,17.61905088934511,46.20608727712808,283.98856,744.762,15.904975891113281,17.855327606201172,2.622507095336914,-0.043125104159116745,2.5793819427490234
163.3,163.3,rgbd,13137,17.63919155108419,46.25890630693732,283.98856,744.762,15.904975891113281,17.855327606201172,2.622507095336914,-0.043125104159116745,2.5793819427490234
165.4,165.4,rgbd,14685,23.049362331961,60.714051573840166,241.87152,637.1109,16.88127899169922,14.32779598236084,2.6340880393981934,-0.4640539884567261,2.170034170150757
167.5,167.5,rgbd,14970,23.496694185185984,61.89236309570223,241.87152,637.1109,16.88127899169922,14.32779598236084,2.6340880393981934,-0.4640539884567261,2.170034170150757
169.5,169.5,rgbd,15145,24.042284306754038,62.47431707967389,242.41962,629.9318,16.872093200683594,14.368082046508789,2.5985183715820312,-0.41552650928497314,2.1829919815063477
171.5,171.5,rgbd,15341,24.45589891529691,63.10246046100128,243.11255,627.2924,16.85831642150879,14.420927047729492,2.5802552700042725,-0.40733200311660767,2.1729233264923096
173.5,173.5,rgbd,15464,23.774062022969886,63.4653804032532,243.6604,650.4568,16.846569061279297,14.463502883911133,2.6695220470428467,-0.4565413296222687,2.2129807472229004
176.1,176.1,rgbd,15519,23.858617985933112,63.69110440235944,243.6604,650.4568,16.846569061279297,14.463502883911133,2.6695220470428467,-0.4565413296222687,2.2129807472229004
177.5,177.5,rgbd,15500,21.96125095558146,63.799589218795944,242.94827,705.7886,16.81976318359375,14.444214820861816,2.9050981998443604,-0.5917115807533264,2.3133866786956787
179.5,179.5,rgbd,15764,21.67529874543325,62.214190811353866,253.3827,727.2795,16.618106842041016,15.247386932373047,2.8702807426452637,-0.5759643316268921,2.294316291809082
181.5,181.5,rgbd,15812,20.51838437958184,62.18468142040917,254.27484,770.626,16.61908721923828,15.300168991088867,3.0306811332702637,-0.6794538497924805,2.351227283477783
183.7,183.7,rgbd,15892,20.62219608906619,62.49930161479525,254.27484,770.626,16.61908721923828,15.300168991088867,3.0306811332702637,-0.6794538497924805,2.351227283477783
185.7,185.7,rgbd,15999,20.761044250501506,62.920106124786635,254.27484,770.626,16.61908721923828,15.300168991088867,3.0306811332702637,-0.6794538497924805,2.351227283477783
187.6,187.6,rgbd,16146,20.951798266679003,63.49822073197107,254.27484,770.626,16.61908721923828,15.300168991088867,3.0306811332702637,-0.6794538497924805,2.351227283477783
189.7,189.7,rgbd,16295,21.145147575593604,64.08420084401514,254.27484,770.626,16.61908721923828,15.300168991088867,3.0306811332702637,-0.6794538497924805,2.351227283477783
191.7,191.7,rgbd,16543,21.466963874995088,65.059523446612,254.27484,770.626,16.61908721923828,15.300168991088867,3.0306811332702637,-0.6794538497924805,2.351227283477783
193.7,193.7,rgbd,16845,21.003086897735127,63.65365798361473,264.63522,802.02496,16.61908721923828,15.92357063293457,3.0306811332702637,-0.6794538497924805,2.351227283477783
195.8,195.8,rgbd,17259,19.861765297754616,60.194678768409204,286.7197,868.956,16.61908721923828,17.25243377685547,3.0306811332702637,-0.6794538497924805,2.351227283477783
197.9,197.9,rgbd,17664,20.327546279874767,61.606309832674995,286.72388,868.9686,16.61908721923828,17.252685546875,3.0306811332702637,-0.6794538497924805,2.351227283477783
199.8,199.8,rgbd,17827,20.515124973467362,62.17480102961374,286.72388,868.9686,16.61908721923828,17.252685546875,3.0306811332702637,-0.6794538497924805,2.351227283477783
201.8,201.8,rgbd,17850,20.54159313268595,62.255017578875034,286.72388,868.9686,16.61908721923828,17.252685546875,3.0306811332702637,-0.6794538497924805,2.351227283477783
203.8,203.8,rgbd,18092,20.808720447523992,63.0645943369602,286.88046,869.4432,16.61908721923828,17.262107849121094,3.0306811332702637,-0.6794538497924805,2.351227283477783
205.9,205.9,rgbd,18397,20.620935976582352,64.11264150833031,286.9481,892.15155,16.52495002746582,17.36453628540039,3.1091043949127197,-0.6892474293708801,2.4198570251464844
208.0,208.0,rgbd,18536,20.043135129512834,64.65563552811071,286.68808,924.8054,16.51874351501465,17.35531997680664,3.2258243560791016,-0.7295193672180176,2.496304988861084
210.1,210.1,rgbd,18708,16.303011296884367,65.24969377471781,286.714,1147.5181,16.513355255126953,17.362552642822266,4.002309322357178,-1.1798831224441528,2.8224263191223145
212.2,212.2,rgbd,18747,16.336997689902248,65.38571783165678,286.714,1147.5181,16.513355255126953,17.362552642822266,4.002309322357178,-1.1798831224441528,2.8224263191223145
214.1,214.1,rgbd,18835,16.41368493568618,65.69264390885238,286.714,1147.5181,16.513355255126953,17.362552642822266,4.002309322357178,-1.1798831224441528,2.8224263191223145
216.2,216.2,rgbd,19062,16.611503171969737,66.48437367616373,286.714,1147.5181,16.513355255126953,17.362552642822266,4.002309322357178,-1.1798831224441528,2.8224263191223145
218.2,218.2,rgbd,19125,16.666404268383232,66.70410484506512,286.714,1147.5181,16.513355255126953,17.362552642822266,4.002309322357178,-1.1798831224441528,2.8224263191223145
220.1,220.1,rgbd,19129,16.669890052282504,66.71805603039219,286.714,1147.5181,16.513355255126953,17.362552642822266,4.002309322357178,-1.1798831224441528,2.8224263191223145
222.1,222.1,rgbd,19131,16.671632944232137,66.72503162305573,286.714,1147.5181,16.513355255126953,17.362552642822266,4.002309322357178,-1.1798831224441528,2.8224263191223145
224.1,224.1,rgbd,19165,16.701262107375932,66.84361669833585,286.714,1147.5181,16.513355255126953,17.362552642822266,4.002309322357178,-1.1798831224441528,2.8224263191223145
226.2,226.2,rgbd,19351,16.863351058691972,67.49234681604472,286.714,1147.5181,16.513355255126953,17.362552642822266,4.002309322357178,-1.1798831224441528,2.8224263191223145
228.2,228.2,rgbd,19592,17.07336953862297,68.33290573200082,286.714,1147.5181,16.513355255126953,17.362552642822266,4.002309322357178,-1.1798831224441528,2.8224263191223145
230.3,230.3,rgbd,19831,17.281645126604335,69.16648905529341,286.714,1147.5181,16.513355255126953,17.362552642822266,4.002309322357178,-1.1798831224441528,2.8224263191223145
232.3,232.3,rgbd,19968,17.401033225154322,69.64431715274564,286.714,1147.5181,16.513355255126953,17.362552642822266,4.002309322357178,-1.1798831224441528,2.8224263191223145
234.4,234.4,rgbd,20050,17.47249179508935,69.93031645195063,286.714,1147.5181,16.513355255126953,17.362552642822266,4.002309322357178,-1.1798831224441528,2.8224263191223145
236.4,236.4,rgbd,20130,17.542207473074743,70.20934015849207,286.714,1147.5181,16.513355255126953,17.362552642822266,4.002309322357178,-1.1798831224441528,2.8224263191223145
238.5,238.5,rgbd,20244,17.64155231420393,70.60694894031364,286.714,1147.5181,16.513355255126953,17.362552642822266,4.002309322357178,-1.1798831224441528,2.8224263191223145
240.4,240.4,rgbd,20324,17.711267992189324,70.88597264685508,286.714,1147.5181,16.513355255126953,17.362552642822266,4.002309322357178,-1.1798831224441528,2.8224263191223145
242.5,242.5,rgbd,20472,17.840241996462304,71.40216650395676,286.714,1147.5181,16.513355255126953,17.362552642822266,4.002309322357178,-1.1798831224441528,2.8224263191223145
244.6,244.6,rgbd,20445,18.149816952665823,71.29778896978404,286.75504,1126.4576,16.469566345214844,17.41120719909668,3.9282925128936768,-1.152402639389038,2.7758898735046387
246.7,246.7,rgbd,21174,27.771905766238905,73.80082838902374,286.90735,762.4252,15.985503196716309,17.94797134399414,2.6573915481567383,-0.6154389381408691,2.041952610015869
248.7,248.7,rgbd,20915,27.57345838851973,72.88897264861038,286.94327,758.5193,15.966203689575195,17.97191619873047,2.643446922302246,-0.6324860453605652,2.010960817337036
250.8,250.8,rgbd,21134,27.522525011628694,73.59326849863737,287.173,767.8801,15.963740348815918,17.98908042907715,2.673928737640381,-0.6571868062019348,2.016741991043091
252.7,252.7,rgbd,21643,27.912949743469287,75.38847977154627,287.0863,775.3749,15.968849182128906,17.977895736694336,2.7008423805236816,-0.6732574701309204,2.027585029602051
254.7,254.7,rgbd,21879,28.08160067822215,76.24467001707535,286.95776,779.12225,15.983392715454102,17.953495025634766,2.715111255645752,-0.6929289102554321,2.0221824645996094
256.7,256.7,rgbd,22022,28.03445235420173,76.9780441698124,286.08157,785.53345,16.04993438720703,17.82447052001953,2.7458372116088867,-0.5891745090484619,2.156662702560425
258.6,258.6,rgbd,22459,28.59076221156192,78.50558051084447,286.08157,785.53345,16.04993438720703,17.82447052001953,2.7458372116088867,-0.5891745090484619,2.156662702560425
260.6,260.6,rgbd,22871,27.666186365369402,80.01345748509617,285.83942,826.677,16.002286911010742,17.862409591674805,2.8921029567718506,-0.9041852951049805,1.9879176616668701
262.6,262.6,rgbd,22760,26.06506595359214,79.27395316988591,287.10565,873.1994,15.989766120910645,17.95558738708496,3.0413870811462402,-1.0586634874343872,1.9827234745025635
264.6,264.6,rgbd,22850,25.960935828139057,79.58705439947312,287.107,880.1686,15.987196922302246,17.95855712890625,3.0656466484069824,-1.0791072845458984,1.986539363861084
266.6,266.6,rgbd,22950,26.87917457436739,79.94140664447801,287.08527,853.82086,15.985295295715332,17.959335327148438,2.974102020263672,-0.9926292896270752,1.9814727306365967
268.7,268.7,rgbd,23053,26.999808778339496,80.3001850708127,287.08527,853.82086,15.985295295715332,17.959335327148438,2.974102020263672,-0.9926292896270752,1.9814727306365967
270.7,270.7,rgbd,23248,24.907933462484774,74.07873643315268,313.82825,933.35724,17.474380493164062,17.959335327148438,2.974102020263672,-0.9926292896270752,1.9814727306365967
272.7,272.7,rgbd,23562,25.205693026316993,75.05883208445853,313.91376,934.7888,17.479141235351562,17.959335327148438,2.9778523445129395,-0.9926292896270752,1.9852230548858643
274.7,274.7,rgbd,23951,25.5014455532536,76.29834489290252,313.91245,939.20166,17.479068756103516,17.959335327148438,2.991922378540039,-0.9926292896270752,1.9992930889129639
276.8,276.8,rgbd,24172,25.736914018088246,77.00284944378974,313.91046,939.19574,17.478958129882812,17.959335327148438,2.991922378540039,-0.9926292896270752,1.9992930889129639
278.8,278.8,rgbd,24291,25.862969402012677,77.37999758129023,313.91833,939.2193,17.47939682006836,17.959335327148438,2.991922378540039,-0.9926292896270752,1.9992930889129639
280.9,280.9,rgbd,24328,25.89870828723028,77.48692486961417,313.96265,939.35187,17.481863021850586,17.959335327148438,2.991922378540039,-0.9926292896270752,1.9992930889129639
282.9,282.9,rgbd,24480,26.05916741325416,77.96700440094891,313.97897,939.4007,17.482772827148438,17.959335327148438,2.991922378540039,-0.9926292896270752,1.9992930889129639
284.9,284.9,rgbd,24567,26.151779650384594,78.24409301953071,313.97897,939.4007,17.482772827148438,17.959335327148438,2.991922378540039,-0.9926292896270752,1.9992930889129639
286.9,286.9,rgbd,24673,26.26461754849754,78.58169524446946,313.97897,939.4007,17.482772827148438,17.959335327148438,2.991922378540039,-0.9926292896270752,1.9992930889129639
288.9,288.9,rgbd,24789,26.388100531338125,78.95114673591186,313.97897,939.4007,17.482772827148438,17.959335327148438,2.991922378540039,-0.9926292896270752,1.9992930889129639
290.9,290.9,rgbd,25011,26.624421412291657,79.65820045229302,313.97897,939.4007,17.482772827148438,17.959335327148438,2.991922378540039,-0.9926292896270752,1.9992930889129639
293.0,293.0,rgbd,25188,26.81283941197082,80.22193246940772,313.97897,939.4007,17.482772827148438,17.959335327148438,2.991922378540039,-0.9926292896270752,1.9992930889129639
4.2,4.2,rgbd,271,22.95382039976843,45.15803909889907,6.0011463,11.8063135,2.18027925491333,2.752466917037964,1.9673430919647217,0.0014560427516698837,1.968799114227295
4.5,4.5,rgbd,25549,24.150959559623203,72.25779955013525,353.5812,1057.8876,19.687877655029297,17.959335327148438,2.991922378540039,-0.9926292896270752,1.9992930889129639
6.3,6.3,rgbd,527,31.60602141524169,62.18120874696548,8.475229,16.674038,2.18027925491333,3.8872220516204834,1.967384934425354,0.0014141425490379333,1.968799114227295
6.4,6.4,rgbd,25783,24.372155087313203,72.91959942859357,353.5812,1057.8876,19.687877655029297,17.959335327148438,2.991922378540039,-0.9926292896270752,1.9992930889129639
8.5,8.5,rgbd,832,30.640116202824476,60.284430021149625,13.801242,27.153944,3.55041241645813,3.8872220516204834,1.96750009059906,0.001299045979976654,1.968799114227295
8.7,8.7,rgbd,25977,24.555539413688674,73.46827112270005,353.5812,1057.8876,19.687877655029297,17.959335327148438,2.991922378540039,-0.9926292896270752,1.9992930889129639
10.4,10.4,rgbd,891,32.81291290470746,64.55940763082249,13.801242,27.153944,3.55041241645813,3.8872220516204834,1.96750009059906,0.001299045979976654,1.968799114227295
10.7,10.7,rgbd,26009,24.5857883747403,73.55877367018152,353.5812,1057.8876,19.687877655029297,17.959335327148438,2.991922378540039,-0.9926292896270752,1.9992930889129639
12.3,12.3,rgbd,1006,31.204668591995052,61.39518896903536,16.385649,32.238766,4.215259075164795,3.8872220516204834,1.96750009059906,0.001299045979976654,1.968799114227295
12.7,12.7,rgbd,26069,24.642505176712096,73.72846594670929,353.5812,1057.8876,19.687877655029297,17.959335327148438,2.991922378540039,-0.9926292896270752,1.9992930889129639
14.4,14.4,rgbd,1160,29.62607205453534,61.19625565991383,18.955408,39.1547,4.876338005065918,3.8872220516204834,2.0656216144561768,-0.0968225747346878,1.968799114227295
14.8,14.8,rgbd,26233,19.238224080766962,74.06193369222288,354.20355,1363.5874,19.67449951171875,18.0031795501709,3.8497281074523926,-1.7359591722488403,2.113769054412842
16.5,16.5,rgbd,1231,29.52795462768248,60.99358223950535,20.182451,41.68931,5.191998481750488,3.8872220516204834,2.0656216144561768,-0.0968225747346878,1.968799114227295
17.0,17.0,rgbd,26307,19.29249269594543,74.27085311025455,354.20355,1363.5874,19.67449951171875,18.0031795501709,3.8497281074523926,-1.7359591722488403,2.113769054412842
18.5,18.5,rgbd,1315,26.67606428578172,55.102653098886606,23.86455,49.295128,6.139229774475098,3.8872220516204834,2.0656216144561768,-0.0968225747346878,1.968799114227295
18.9,18.9,rgbd,26417,19.37316225904856,74.58140900192322,354.20355,1363.5874,19.67449951171875,18.0031795501709,3.8497281074523926,-1.7359591722488403,2.113769054412842
20.5,20.5,rgbd,1430,22.36653352128737,46.20079403818771,30.951849,63.934807,7.065256595611572,4.380852699279785,2.0656216144561768,-0.0968225747346878,1.968799114227295
20.9,20.9,rgbd,26533,19.458231980139132,74.90890430586474,354.20355,1363.5874,19.67449951171875,18.0031795501709,3.8497281074523926,-1.7359591722488403,2.113769054412842
22.5,22.5,rgbd,1495,20.924619739269616,43.22234747233184,34.58859,71.44694,7.523589134216309,4.597352027893066,2.0656216144561768,-0.0968225747346878,1.968799114227295
23.0,23.0,rgbd,26610,19.51470067431132,75.12629343003282,354.20355,1363.5874,19.67449951171875,18.0031795501709,3.8497281074523926,-1.7359591722488403,2.113769054412842
24.6,24.6,rgbd,1582,12.441629448843408,25.699699352444267,61.55714,127.15376,9.28048324584961,6.632966995239258,2.0656216144561768,-0.0968225747346878,1.968799114227295
25.1,25.1,rgbd,26764,19.433672043963835,75.52774107139166,354.35986,1377.1973,19.676095962524414,18.009662628173828,3.886436939239502,-1.760819435119629,2.125617504119873
26.5,26.5,rgbd,1737,11.760251114494126,24.292091425866793,71.50475,147.70093,10.580148696899414,6.758388519287109,2.065609931945801,-0.09755468368530273,1.968055248260498
27.1,27.1,rgbd,26955,19.695713474418447,76.1049389290009,354.182,1368.5719,19.670188903808594,18.00602912902832,3.8640356063842773,-1.7535121440887451,2.1105234622955322
28.5,28.5,rgbd,1899,11.208851447453178,23.69180535588099,80.1543,169.41968,11.273113250732422,7.110218048095703,2.1136693954467773,-0.1130291149020195,2.000640392303467
29.0,29.0,rgbd,27078,20.402833842201623,76.10619419839581,355.79233,1327.1686,19.61449432373047,18.13925552368164,3.730177640914917,-1.6958160400390625,2.0343616008758545
30.5,30.5,rgbd,2115,10.807362583126126,22.84319200360129,92.58776,195.69992,11.84438705444336,7.817016124725342,2.1136693954467773,-0.1130291149020195,2.000640392303467
31.0,31.0,rgbd,27257,20.59560042960433,76.65459799773647,355.58206,1323.438,19.624841690063477,18.118976593017578,3.7218918800354004,-1.695422649383545,2.0264692306518555
32.5,32.5,rgbd,2272,10.667276479990143,22.642623767002274,100.34173,212.98782,11.833251953125,8.47964096069336,2.122624635696411,-0.15306514501571655,1.9695594310760498
33.1,33.1,rgbd,27432,21.42650116074585,77.231704450319,355.19092,1280.2837,19.63348960876465,18.091073989868164,3.604494333267212,-1.6449391841888428,1.9595551490783691
34.6,34.6,rgbd,2435,11.271499916018298,24.267072567187736,100.34173,216.03159,11.833251953125,8.47964096069336,2.152958631515503,-0.15306514501571655,1.9998934268951416
35.0,35.0,rgbd,27596,21.340057440748005,77.69342796773851,355.19092,1293.1549,19.63348960876465,18.091073989868164,3.6407320499420166,-1.6449391841888428,1.9957928657531738
36.6,36.6,rgbd,2561,11.910833301398464,25.522781455674657,100.34173,215.01434,11.833251953125,8.47964096069336,2.1428208351135254,-0.15306514501571655,1.9897557497024536
37.1,37.1,rgbd,27760,21.466879060558217,78.15515148515804,355.19092,1293.1549,19.63348960876465,18.091073989868164,3.6407320499420166,-1.6449391841888428,1.9957928657531738
38.6,38.6,rgbd,2723,11.335338770346718,24.289600367608227,112.10559,240.2222,11.833251953125,9.473776817321777,2.1428208351135254,-0.15306514501571655,1.9897557497024536
39.1,39.1,rgbd,27960,21.621539572521893,78.71822894542575,355.19092,1293.1549,19.63348960876465,18.091073989868164,3.6407320499420166,-1.6449391841888428,1.9957928657531738
40.6,40.6,rgbd,2890,9.770333074096643,21.043680747301114,137.33339,295.7934,14.496160507202148,9.473776817321777,2.153834581375122,-0.15306514501571655,2.0007693767547607
41.1,41.1,rgbd,28096,21.726708720657193,79.10112161840779,355.19092,1293.1549,19.63348960876465,18.091073989868164,3.6407320499420166,-1.6449391841888428,1.9957928657531738
42.6,42.6,rgbd,3103,10.489749552959207,22.59318498833168,137.3423,295.8126,14.497100830078125,9.473776817321777,2.153834581375122,-0.15306514501571655,2.0007693767547607
43.1,43.1,rgbd,28342,21.916941150372516,79.79370689453708,355.19092,1293.1549,19.63348960876465,18.091073989868164,3.6407320499420166,-1.6449391841888428,1.9957928657531738
44.6,44.6,rgbd,3375,11.40823024092913,24.571440632682602,137.35458,295.83905,14.498397827148438,9.473776817321777,2.153834581375122,-0.15306514501571655,2.0007693767547607
45.1,45.1,rgbd,28538,22.068508452096918,80.34552280559943,355.19092,1293.1549,19.63348960876465,18.091073989868164,3.6407320499420166,-1.6449391841888428,1.9957928657531738
46.6,46.6,rgbd,3711,10.794740315856238,23.250084963671878,159.61232,343.77853,14.501934051513672,11.006278038024902,2.153834581375122,-0.15306514501571655,2.0007693767547607
47.1,47.1,rgbd,28832,22.181825387620286,80.75808023605981,357.0169,1299.8029,19.63348960876465,18.184078216552734,3.6407320499420166,-1.6449391841888428,1.9957928657531738
48.6,48.6,rgbd,4238,12.32619287440544,26.54858136419403,159.63188,343.82068,14.503711700439453,11.006278038024902,2.153834581375122,-0.15306514501571655,2.0007693767547607
49.1,49.1,rgbd,29131,22.41186027215478,81.59557558811939,357.0169,1299.8029,19.63348960876465,18.184078216552734,3.6407320499420166,-1.6449391841888428,1.9957928657531738
50.5,50.5,rgbd,4445,12.927616359078995,27.843946783782183,159.63972,343.83755,14.504424095153809,11.006278038024902,2.153834581375122,-0.15306514501571655,2.0007693767547607
51.1,51.1,rgbd,29309,22.548804116459593,82.0941514164358,357.0169,1299.8029,19.63348960876465,18.184078216552734,3.6407320499420166,-1.6449391841888428,1.9957928657531738
52.6,52.6,rgbd,4491,13.059832154531566,28.12871871059182,159.65889,343.87885,14.506165504455566,11.006278038024902,2.153834581375122,-0.15306514501571655,2.0007693767547607
53.0,53.0,rgbd,29371,22.596503657734303,82.26781266000668,357.0169,1299.8029,19.63348960876465,18.184078216552734,3.6407320499420166,-1.6449391841888428,1.9957928657531738
54.6,54.6,rgbd,4517,13.104826799131793,28.225629509504714,160.03186,344.68216,14.54005241394043,11.006278038024902,2.153834581375122,-0.15306514501571655,2.0007693767547607
55.0,55.0,rgbd,29413,22.628816250210722,82.38545414758696,357.0169,1299.8029,19.63348960876465,18.184078216552734,3.6407320499420166,-1.6449391841888428,1.9957928657531738
56.6,56.6,rgbd,4618,13.397850378213553,28.856753835486554,160.03186,344.68216,14.54005241394043,11.006278038024902,2.153834581375122,-0.15306514501571655,2.0007693767547607
58.0,58.0,rgbd,30917,40.29961590213989,98.4494307970998,314.0394,767.1785,16.723508834838867,18.7783203125,2.442937135696411,-0.44282984733581543,2.0001072883605957
58.6,58.6,rgbd,4570,8.63742162716941,30.687422941913177,148.92094,529.0931,15.572555541992188,9.563037872314453,3.5528452396392822,-1.0935471057891846,2.4592981338500977
59.1,59.1,rgbd,30958,35.606944765612965,99.033336795747,312.6018,869.43713,16.42827606201172,19.028278350830078,2.781292676925659,-0.7026557922363281,2.078636884689331
60.6,60.6,rgbd,4661,8.795706050940485,30.204275244142657,154.3159,529.91766,15.142786979675293,10.190719604492188,3.4339795112609863,-1.004747748374939,2.429231643676758
61.1,61.1,rgbd,31137,34.43626489137106,99.6646300955183,312.41776,904.19214,16.367053985595703,19.08820915222168,2.894176483154297,-0.786216676235199,2.107959747314453
62.7,62.7,rgbd,4749,6.7632819637883435,30.70851522384484,154.64766,702.1739,15.035324096679688,10.285621643066406,4.540475368499756,-1.7351770401000977,2.805298328399658
63.2,63.2,rgbd,31185,34.489350953444664,99.8182705311603,312.41776,904.19214,16.367053985595703,19.08820915222168,2.894176483154297,-0.786216676235199,2.107959747314453
64.7,64.7,rgbd,4812,6.853003329069174,31.115892873687383,154.64766,702.1739,15.035324096679688,10.285621643066406,4.540475368499756,-1.7351770401000977,2.805298328399658
65.2,65.2,rgbd,31276,34.5899932794592,100.10954719039826,312.41776,904.19214,16.367053985595703,19.08820915222168,2.894176483154297,-0.786216676235199,2.107959747314453
66.7,66.7,rgbd,4885,6.956966180902517,31.587933642552546,154.64766,702.1739,15.035324096679688,10.285621643066406,4.540475368499756,-1.7351770401000977,2.805298328399658
67.1,67.1,rgbd,31368,34.69174156510028,100.40402469204541,312.41776,904.19214,16.367053985595703,19.08820915222168,2.894176483154297,-0.786216676235199,2.107959747314453
68.7,68.7,rgbd,4952,6.984497215793481,31.7129364758756,156.15079,708.9988,15.181463241577148,10.285621643066406,4.540475368499756,-1.7351770401000977,2.805298328399658
69.1,69.1,rgbd,31423,34.75256934455962,100.58007102455187,312.41776,904.19214,16.367053985595703,19.08820915222168,2.894176483154297,-0.786216676235199,2.107959747314453
70.7,70.7,rgbd,5025,6.826637231746596,30.996178261457214,162.11676,736.08716,15.320028305053711,10.582014083862305,4.540475368499756,-1.7351770401000977,2.805298328399658
71.1,71.1,rgbd,31496,34.83330439729656,100.81373252042408,312.41776,904.19214,16.367053985595703,19.08820915222168,2.894176483154297,-0.786216676235199,2.107959747314453
72.7,72.7,rgbd,5198,5.591297841871717,25.38715009270447,204.74925,929.65894,17.01903533935547,12.03060245513916,4.540475368499756,-1.7351770401000977,2.805298328399658
73.1,73.1,rgbd,31634,31.55829399492331,91.33527232343194,346.3503,1002.3989,18.144725799560547,19.08820915222168,2.894176483154297,-0.786216676235199,2.107959747314453
74.8,74.8,rgbd,5310,5.517549648188908,25.052297968984913,211.9566,962.3837,17.01903533935547,12.454090118408203,4.540475368499756,-1.7351770401000977,2.805298328399658
75.2,75.2,rgbd,31726,31.650073821930107,91.60089934036802,346.3503,1002.3989,18.144725799560547,19.08820915222168,2.894176483154297,-0.786216676235199,2.107959747314453
76.9,76.9,rgbd,5572,4.91470447218728,22.315094370869122,249.69646,1133.7406,17.01903533935547,14.671598434448242,4.540475368499756,-1.7351770401000977,2.805298328399658
77.4,77.4,rgbd,31942,31.865556894033016,92.22454538013096,346.3503,1002.3989,18.144725799560547,19.08820915222168,2.894176483154297,-0.786216676235199,2.107959747314453
78.8,78.8,rgbd,5791,4.7516192508407,21.57461065317492,268.41736,1218.7424,17.008621215820312,15.78125286102295,4.540475368499756,-1.7351770401000977,2.805298328399658
79.3,79.3,rgbd,32174,31.860478424410765,92.20985003664683,348.9215,1009.84045,18.27942657470703,19.08820915222168,2.894176483154297,-0.786216676235199,2.107959747314453
80.8,80.8,rgbd,5996,4.699692601619047,21.33883842267374,280.99,1275.8281,17.5447998046875,16.01557159423828,4.540475368499756,-1.7351770401000977,2.805298328399658
81.2,81.2,rgbd,32445,31.17703983711285,90.2318572188778,359.57367,1040.6697,18.837474822998047,19.08820915222168,2.894176483154297,-0.786216676235199,2.107959747314453
82.8,82.8,rgbd,6257,4.8786786033920855,22.15152018686722,282.46368,1282.5194,17.636816024780273,16.01557159423828,4.540475368499756,-1.7351770401000977,2.805298328399658
83.2,83.2,rgbd,32692,31.414387004311706,90.91878182153039,359.57367,1040.6697,18.837474822998047,19.08820915222168,2.894176483154297,-0.786216676235199,2.107959747314453
84.8,84.8,rgbd,6487,4.7093790114217375,21.382820110548547,303.3744,1377.464,17.8814754486084,16.96584701538086,4.540475368499756,-1.7351770401000977,2.805298328399658
85.2,85.2,rgbd,32877,31.334848835468193,90.68858362677886,362.52634,1049.2152,18.99216079711914,19.08820915222168,2.894176483154297,-0.786216676235199,2.107959747314453
86.9,86.9,rgbd,6699,4.726556830347415,21.46081557477259,312.1503,1417.3108,18.398744583129883,16.96584701538086,4.540475368499756,-1.7351770401000977,2.805298328399658
87.3,87.3,rgbd,33158,29.943503492504156,86.6617845627965,382.61386,1107.352,20.044513702392578,19.08820915222168,2.894176483154297,-0.786216676235199,2.107959747314453
88.9,88.9,rgbd,6967,4.708834500084567,21.380346347241996,325.86002,1479.5593,19.206823348999023,16.96584701538086,4.540475368499756,-1.7351770401000977,2.805298328399658
89.2,89.2,rgbd,33418,29.869182355901188,86.44668065866271,386.57355,1118.812,20.251955032348633,19.08820915222168,2.894176483154297,-0.786216676235199,2.107959747314453
90.9,90.9,rgbd,7300,4.9320402826395835,22.393807791001713,325.98297,1480.1177,19.214069366455078,16.96584701538086,4.540475368499756,-1.7351770401000977,2.805298328399658
91.3,91.3,rgbd,33631,29.908501454687567,86.5604805697741,388.52603,1124.4629,20.3542423248291,19.08820915222168,2.894176483154297,-0.786216676235199,2.107959747314453
92.8,92.8,rgbd,7458,5.042586360241902,22.89573960078754,325.73746,1479.0029,19.19959831237793,16.96584701538086,4.540475368499756,-1.7351770401000977,2.805298328399658
93.2,93.2,rgbd,33747,30.011661817708106,86.85904486301824,388.52603,1124.4629,20.3542423248291,19.08820915222168,2.894176483154297,-0.786216676235199,2.107959747314453
94.8,94.8,rgbd,7500,5.070983869913417,23.024677796447644,325.73746,1479.0029,19.19959831237793,16.96584701538086,4.540475368499756,-1.7351770401000977,2.805298328399658
95.2,95.2,rgbd,33769,30.03122671414304,86.91566912553006,388.52603,1124.4629,20.3542423248291,19.08820915222168,2.894176483154297,-0.786216676235199,2.107959747314453
96.9,96.9,rgbd,7504,5.073688394644037,23.03695762460575,325.73746,1479.0029,19.19959831237793,16.96584701538086,4.540475368499756,-1.7351770401000977,2.805298328399658
97.2,97.2,rgbd,33774,30.03567328151461,86.92853827610094,388.52603,1124.4629,20.3542423248291,19.08820915222168,2.894176483154297,-0.786216676235199,2.107959747314453
98.8,98.8,rgbd,7564,5.114256265603345,23.221155046977334,325.73746,1479.0029,19.19959831237793,16.96584701538086,4.540475368499756,-1.7351770401000977,2.805298328399658
99.2,99.2,rgbd,33930,30.174406183507752,87.33005577391202,388.52603,1124.4629,20.3542423248291,19.08820915222168,2.894176483154297,-0.786216676235199,2.107959747314453
100.8,100.8,rgbd,7789,5.066821226282536,23.182701485081065,335.98328,1537.2557,19.200965881347656,17.498249053955078,4.5753936767578125,-1.7718284130096436,2.803565502166748
101.2,101.2,rgbd,34084,29.9675450485356,87.93613282880057,387.5995,1137.3638,20.329866409301758,19.065521240234375,2.9343788623809814,-0.8232046961784363,2.1111741065979004
102.8,102.8,rgbd,7939,5.164970669011472,23.620482458820465,336.1066,1537.0852,19.173072814941406,17.53013801574707,4.573207378387451,-1.8076307773590088,2.7655766010284424
103.2,103.2,rgbd,34285,31.10642256235982,88.10649030899948,389.13138,1102.184,20.37932014465332,19.094423294067383,2.83242130279541,-0.7108023762702942,2.1216189861297607
104.9,104.9,rgbd,8006,5.2085596644546985,23.819823978500647,336.1066,1537.0852,19.173072814941406,17.53013801574707,4.573207378387451,-1.8076307773590088,2.7655766010284424
105.3,105.3,rgbd,34362,31.17628385847479,88.30436692424793,389.13138,1102.184,20.37932014465332,19.094423294067383,2.83242130279541,-0.7108023762702942,2.1216189861297607
106.9,106.9,rgbd,8101,5.270364956501063,24.102472401927773,336.1066,1537.0852,19.173072814941406,17.53013801574707,4.573207378387451,-1.8076307773590088,2.7655766010284424
107.3,107.3,rgbd,34476,31.27971486830734,88.59732710786251,389.13138,1102.184,20.37932014465332,19.094423294067383,2.83242130279541,-0.7108023762702942,2.1216189861297607
108.8,108.8,rgbd,8174,5.317857444073533,24.3196654009823,336.1066,1537.0852,19.173072814941406,17.53013801574707,4.573207378387451,-1.8076307773590088,2.7655766010284424
109.2,109.2,rgbd,34558,31.354112612221982,88.80805285397125,389.13138,1102.184,20.37932014465332,19.094423294067383,2.83242130279541,-0.7108023762702942,2.1216189861297607
110.9,110.9,rgbd,8239,5.360145275473677,24.513056427537702,336.1066,1537.0852,19.173072814941406,17.53013801574707,4.573207378387451,-1.8076307773590088,2.7655766010284424
111.2,111.2,rgbd,34668,31.453914463814797,89.09073373289759,389.13138,1102.184,20.37932014465332,19.094423294067383,2.83242130279541,-0.7108023762702942,2.1216189861297607
112.9,112.9,rgbd,8354,5.434962207950855,24.855209782212643,336.1066,1537.0852,19.173072814941406,17.53013801574707,4.573207378387451,-1.8076307773590088,2.7655766010284424
113.3,113.3,rgbd,34734,31.513795574770484,89.26034226025341,389.13138,1102.184,20.37932014465332,19.094423294067383,2.83242130279541,-0.7108023762702942,2.1216189861297607
115.0,115.0,rgbd,8499,5.529296601074255,25.286620533759304,336.1066,1537.0852,19.173072814941406,17.53013801574707,4.573207378387451,-1.8076307773590088,2.7655766010284424
115.3,115.3,rgbd,34807,31.580027712645713,89.44793957081362,389.13138,1102.184,20.37932014465332,19.094423294067383,2.83242130279541,-0.7108023762702942,2.1216189861297607
117.0,117.0,rgbd,8632,5.615824009939165,25.68232832655728,336.1066,1537.0852,19.173072814941406,17.53013801574707,4.573207378387451,-1.8076307773590088,2.7655766010284424
117.4,117.4,rgbd,34919,31.681644143358394,89.73576010208409,389.13138,1102.184,20.37932014465332,19.094423294067383,2.83242130279541,-0.7108023762702942,2.1216189861297607
119.0,119.0,rgbd,9112,5.877109135317704,27.105384201565816,336.16937,1550.4221,19.19234848022461,17.51580238342285,4.612026691436768,-1.7895513772964478,2.8224754333496094
119.4,119.4,rgbd,35243,22.215873998860545,89.60842331542499,393.30008,1586.3882,20.471500396728516,19.212078094482422,4.033531188964844,-1.2740498781204224,2.759481430053711
120.9,120.9,rgbd,9238,5.95873528921966,27.408109505394957,337.05353,1550.329,19.22230339050293,17.534502029418945,4.599652290344238,-1.7874513864517212,2.8122007846832275
121.3,121.3,rgbd,35454,21.51784740302605,89.53515372328845,395.97855,1647.6555,20.549564361572266,19.269437789916992,4.160971641540527,-1.3270249366760254,2.833946466445923
122.9,122.9,rgbd,9141,6.411257596895873,27.24179071410635,335.55063,1425.7733,19.170730590820312,17.503278732299805,4.249055862426758,-1.5345481634140015,2.714507579803467
123.3,123.3,rgbd,35529,21.563366626674355,89.72455792392157,395.97855,1647.6555,20.549564361572266,19.269437789916992,4.160971641540527,-1.3270249366760254,2.833946466445923
124.9,124.9,rgbd,9275,6.505241681567577,27.641134325931127,335.55063,1425.7733,19.170730590820312,17.503278732299805,4.249055862426758,-1.5345481634140015,2.714507579803467
125.3,125.3,rgbd,35615,21.61556200312441,89.94174140731421,395.97855,1647.6555,20.549564361572266,19.269437789916992,4.160971641540527,-1.3270249366760254,2.833946466445923
126.9,126.9,rgbd,9399,6.5922120285772134,28.01067617567942,335.55063,1425.7733,19.170730590820312,17.503278732299805,4.249055862426758,-1.5345481634140015,2.714507579803467
127.3,127.3,rgbd,35726,21.6829304541239,90.22205962425123,395.97855,1647.6555,20.549564361572266,19.269437789916992,4.160971641540527,-1.3270249366760254,2.833946466445923
129.0,129.0,rgbd,9502,6.664453526496509,28.31763432506712,335.55063,1425.7733,19.170730590820312,17.503278732299805,4.249055862426758,-1.5345481634140015,2.714507579803467
129.4,129.4,rgbd,35866,21.76789967160073,90.57561413209972,395.97855,1647.6555,20.549564361572266,19.269437789916992,4.160971641540527,-1.3270249366760254,2.833946466445923
131.0,131.0,rgbd,9740,6.867755091571554,28.93847949822852,336.57608,1418.2218,19.20180320739746,17.528358459472656,4.2136735916137695,-1.508423089981079,2.7052505016326904
131.4,131.4,rgbd,36169,21.99209403317573,91.40516550263533,395.69974,1644.6365,20.54349136352539,19.26156234741211,4.15627384185791,-1.2955303192138672,2.860743761062622
133.0,133.0,rgbd,9886,6.932839653329391,29.4192148771964,336.03888,1425.9669,19.19835090637207,17.503528594970703,4.243458271026611,-1.5390251874923706,2.704432964324951
133.4,133.4,rgbd,36321,22.036981843252995,91.81794601443593,395.57626,1648.184,20.53904151916504,19.259723663330078,4.166539192199707,-1.311898946762085,2.854640007019043
135.0,135.0,rgbd,10089,7.075199197090858,30.02331164232596,336.03888,1425.9669,19.19835090637207,17.503528594970703,4.243458271026611,-1.5390251874923706,2.704432964324951
135.4,135.4,rgbd,36548,22.17470918772089,92.3917923772915,395.57626,1648.184,20.53904151916504,19.259723663330078,4.166539192199707,-1.311898946762085,2.854640007019043
137.0,137.0,rgbd,10326,7.24140221123602,30.728587175999394,336.03888,1425.9669,19.19835090637207,17.503528594970703,4.243458271026611,-1.5390251874923706,2.704432964324951
137.4,137.4,rgbd,36842,22.353087334300454,93.13501189570354,395.57626,1648.184,20.53904151916504,19.259723663330078,4.166539192199707,-1.311898946762085,2.854640007019043
139.0,139.0,rgbd,10521,7.378151526671912,31.308877172059812,336.03888,1425.9669,19.19835090637207,17.503528594970703,4.243458271026611,-1.5390251874923706,2.704432964324951
139.5,139.5,rgbd,37002,22.45016387665668,93.53948510300262,395.57626,1648.184,20.53904151916504,19.259723663330078,4.166539192199707,-1.311898946762085,2.854640007019043
141.0,141.0,rgbd,10702,7.505082942538048,31.847505322249226,336.03888,1425.9669,19.19835090637207,17.503528594970703,4.243458271026611,-1.5390251874923706,2.704432964324951
141.4,141.4,rgbd,37103,22.511443444019047,93.79480881511016,395.57626,1648.184,20.53904151916504,19.259723663330078,4.166539192199707,-1.311898946762085,2.854640007019043
143.1,143.1,rgbd,10739,7.531030248543833,31.957611629194023,336.03888,1425.9669,19.19835090637207,17.503528594970703,4.243458271026611,-1.5390251874923706,2.704432964324951
143.4,143.4,rgbd,37128,22.52661165376221,93.85800775375064,395.57626,1648.184,20.53904151916504,19.259723663330078,4.166539192199707,-1.311898946762085,2.854640007019043
145.1,145.1,rgbd,10807,7.578717189311221,32.15996916628176,336.03888,1425.9669,19.19835090637207,17.503528594970703,4.243458271026611,-1.5390251874923706,2.704432964324951
145.4,145.4,rgbd,37200,22.57029609782251,94.04002069703523,395.57626,1648.184,20.53904151916504,19.259723663330078,4.166539192199707,-1.311898946762085,2.854640007019043
147.1,147.1,rgbd,10928,7.733866097825499,32.46966121767881,336.56033,1413.0061,19.199323654174805,17.529802322387695,4.198373794555664,-1.508180022239685,2.6901938915252686
147.4,147.4,rgbd,37177,21.86973277913022,93.93646840974549,395.7675,1699.9293,20.536678314208984,19.271251678466797,4.2952728271484375,-1.337783694267273,2.957489252090454
149.1,149.1,rgbd,11262,7.933343554744989,33.459635806965615,336.58466,1419.578,19.200298309326172,17.53017807006836,4.21759557723999,-1.5272055864334106,2.690390110015869
149.4,149.4,rgbd,37365,21.67238731521295,92.59676091112921,403.52383,1724.0833,20.537193298339844,19.648441314697266,4.272568702697754,-1.3533682823181152,2.9192006587982178
151.1,151.1,rgbd,11641,8.150050449033143,34.37361794464209,338.6609,1428.3347,19.200298309326172,17.63831329345703,4.21759557723999,-1.5272055864334106,2.690390110015869
151.4,151.4,rgbd,37768,21.906134728247363,93.59546276171626,403.52383,1724.0833,20.537193298339844,19.648441314697266,4.272568702697754,-1.3533682823181152,2.9192006587982178
153.1,153.1,rgbd,11896,7.784298666088987,32.83102364289755,362.3402,1528.2045,19.200298309326172,18.871593475341797,4.21759557723999,-1.5272055864334106,2.690390110015869
153.5,153.5,rgbd,38114,22.09518816830308,94.40321097415423,403.73627,1724.991,20.537193298339844,19.658784866333008,4.272568702697754,-1.3533682823181152,2.9192006587982178
155.1,155.1,rgbd,12218,7.995003455134099,33.71969122973455,362.3402,1528.2045,19.200298309326172,18.871593475341797,4.21759557723999,-1.5272055864334106,2.690390110015869
155.5,155.5,rgbd,38306,22.20649309899296,94.87876894516324,403.73627,1724.991,20.537193298339844,19.658784866333008,4.272568702697754,-1.3533682823181152,2.9192006587982178
157.2,157.2,rgbd,13350,14.893831443150427,36.68972791484582,363.86206,896.34424,20.588281631469727,17.673259735107422,2.4634177684783936,-0.3751274645328522,2.088290214538574
157.5,157.5,rgbd,38509,22.323742021314235,95.37971956978922,403.7441,1725.0244,20.537193298339844,19.65916633605957,4.272568702697754,-1.3533682823181152,2.9192006587982178
159.2,159.2,rgbd,13395,14.944035369363293,36.81340115500822,363.86206,896.34424,20.588281631469727,17.673259735107422,2.4634177684783936,-0.3751274645328522,2.088290214538574
159.5,159.5,rgbd,38532,22.33707516594251,95.43668634509123,403.7441,1725.0244,20.537193298339844,19.65916633605957,4.272568702697754,-1.3533682823181152,2.9192006587982178
161.2,161.2,rgbd,13472,15.029939865327533,37.02501981039722,363.86206,896.34424,20.588281631469727,17.673259735107422,2.4634177684783936,-0.3751274645328522,2.088290214538574
161.5,161.5,rgbd,38606,22.379973109529132,95.61997075258466,403.7441,1725.0244,20.537193298339844,19.65916633605957,4.272568702697754,-1.3533682823181152,2.9192006587982178
163.2,163.2,rgbd,13634,15.210673999693851,37.470243474981864,363.86206,896.34424,20.588281631469727,17.673259735107422,2.4634177684783936,-0.3751274645328522,2.088290214538574
163.6,163.6,rgbd,38716,22.443740322968708,95.89242054750733,403.7441,1725.0244,20.537193298339844,19.65916633605957,4.272568702697754,-1.3533682823181152,2.9192006587982178
165.2,165.2,rgbd,13702,15.286537710415518,37.65712748233838,363.86206,896.34424,20.588281631469727,17.673259735107422,2.4634177684783936,-0.3751274645328522,2.088290214538574
165.5,165.5,rgbd,38797,22.49069618013785,96.0930426692231,403.7441,1725.0244,20.537193298339844,19.65916633605957,4.272568702697754,-1.3533682823181152,2.9192006587982178
167.2,167.2,rgbd,13780,15.373557849184486,37.87149443195322,363.86206,896.34424,20.588281631469727,17.673259735107422,2.4634177684783936,-0.3751274645328522,2.088290214538574
167.6,167.6,rgbd,38938,22.572434153728576,96.44227376998761,403.7441,1725.0244,20.537193298339844,19.65916633605957,4.272568702697754,-1.3533682823181152,2.9192006587982178
169.2,169.2,rgbd,13851,15.452768488320341,38.06662332198722,363.86206,896.34424,20.588281631469727,17.673259735107422,2.4634177684783936,-0.3751274645328522,2.088290214538574
169.5,169.5,rgbd,38988,22.601419250746563,96.56611458586154,403.7441,1725.0244,20.537193298339844,19.65916633605957,4.272568702697754,-1.3533682823181152,2.9192006587982178
171.2,171.2,rgbd,13925,15.535326055870389,38.26999709469873,363.86206,896.34424,20.588281631469727,17.673259735107422,2.4634177684783936,-0.3751274645328522,2.088290214538574
171.5,171.5,rgbd,39051,22.63794047298923,96.7221540138627,403.7441,1725.0244,20.537193298339844,19.65916633605957,4.272568702697754,-1.3533682823181152,2.9192006587982178
173.4,173.4,rgbd,13807,14.41080425443,38.01828143548688,363.1674,958.1006,20.566625595092773,17.658092498779297,2.638179063796997,-0.38477835059165955,2.2534008026123047
173.6,173.6,rgbd,39135,22.71326985257845,96.90409426051494,403.8529,1723.0016,20.540775299072266,19.661035537719727,4.266408920288086,-1.3616232872009277,2.904785394668579
175.3,175.3,rgbd,14126,14.379714545991586,38.72184073661722,364.80704,982.3561,20.740461349487305,17.589147567749023,2.69281005859375,-0.6179008483886719,2.074909210205078
175.6,175.6,rgbd,39140,23.61060727003885,96.33663316508556,406.28366,1657.7295,20.604415893554688,19.718280792236328,4.080226898193359,-1.222949504852295,2.8572771549224854
177.3,177.3,rgbd,14325,13.713598175297166,39.24611595206204,365.00427,1044.5836,20.63150978088379,17.691593170166016,2.8618392944335938,-0.7125301361083984,2.1493091583251953
177.6,177.6,rgbd,39351,23.737889797733747,96.85597474908742,406.28366,1657.7295,20.604415893554688,19.718280792236328,4.080226898193359,-1.222949504852295,2.8572771549224854
179.3,179.3,rgbd,14587,13.77986366207383,39.98937290750671,364.7719,1058.5736,20.615419387817383,17.694129943847656,2.902015209197998,-0.7246228456497192,2.1773922443389893
179.8,179.8,rgbd,39562,23.03061336013602,95.72985841906208,413.2671,1717.8005,20.801185607910156,19.867477416992188,4.156635284423828,-1.2404661178588867,2.9161694049835205
181.4,181.4,rgbd,14651,13.840322376982495,40.164825013222796,364.7719,1058.5736,20.615419387817383,17.694129943847656,2.902015209197998,-0.7246228456497192,2.1773922443389893
181.6,181.6,rgbd,39699,23.110366507862086,96.06136316107239,413.2671,1717.8005,20.801185607910156,19.867477416992188,4.156635284423828,-1.2404661178588867,2.9161694049835205
183.4,183.4,rgbd,14794,13.975409818106549,40.55685081193215,364.7719,1058.5736,20.615419387817383,17.694129943847656,2.902015209197998,-0.7246228456497192,2.1773922443389893
183.6,183.6,rgbd,39777,23.155773409487143,96.25010308718045,413.2671,1717.8005,20.801185607910156,19.867477416992188,4.156635284423828,-1.2404661178588867,2.9161694049835205
185.4,185.4,rgbd,14897,14.072710562412684,40.839219044568964,364.7719,1058.5736,20.615419387817383,17.694129943847656,2.902015209197998,-0.7246228456497192,2.1773922443389893
185.6,185.6,rgbd,39846,23.19594105323239,96.4170653295068,413.2671,1717.8005,20.801185607910156,19.867477416992188,4.156635284423828,-1.2404661178588867,2.9161694049835205
187.4,187.4,rgbd,15040,14.207798003536737,41.231244843278326,364.7719,1058.5736,20.615419387817383,17.694129943847656,2.902015209197998,-0.7246228456497192,2.1773922443389893
187.6,187.6,rgbd,39940,23.25066219108823,96.64452113789343,413.2671,1717.8005,20.801185607910156,19.867477416992188,4.156635284423828,-1.2404661178588867,2.9161694049835205
189.6,189.6,rgbd,39972,23.269290663549793,96.72195290245058,413.2671,1717.8005,20.801185607910156,19.867477416992188,4.156635284423828,-1.2404661178588867,2.9161694049835205
189.7,189.7,rgbd,15087,14.25219737229779,41.360092483413574,364.7719,1058.5736,20.615419387817383,17.694129943847656,2.902015209197998,-0.7246228456497192,2.1773922443389893
191.4,191.4,rgbd,15090,14.255031374559133,41.36831680086902,364.7719,1058.5736,20.615419387817383,17.694129943847656,2.902015209197998,-0.7246228456497192,2.1773922443389893
191.6,191.6,rgbd,39973,23.269872803314218,96.72437264509298,413.2671,1717.8005,20.801185607910156,19.867477416992188,4.156635284423828,-1.2404661178588867,2.9161694049835205
193.4,193.4,rgbd,15117,14.280537394911226,41.44233565796799,364.7719,1058.5736,20.615419387817383,17.694129943847656,2.902015209197998,-0.7246228456497192,2.1773922443389893
193.6,193.6,rgbd,39993,23.281515598602695,96.77276749794122,413.2671,1717.8005,20.801185607910156,19.867477416992188,4.156635284423828,-1.2404661178588867,2.9161694049835205
195.4,195.4,rgbd,15211,14.369336132433332,41.70003093823848,364.7719,1058.5736,20.615419387817383,17.694129943847656,2.902015209197998,-0.7246228456497192,2.1773922443389893
195.7,195.7,rgbd,40074,23.328668919521025,96.9687666519765,413.2671,1717.8005,20.801185607910156,19.867477416992188,4.156635284423828,-1.2404661178588867,2.9161694049835205
197.4,197.4,rgbd,15403,14.446898209900219,42.221346626432236,364.81546,1066.1804,20.61124610900879,17.699825286865234,2.9225196838378906,-0.7331100702285767,2.1894097328186035
197.7,197.7,rgbd,40288,23.551950236800934,97.55504323908028,412.9771,1710.6014,20.792438507080078,19.861888885498047,4.1421217918396,-1.2396146059036255,2.9025070667266846
199.4,199.4,rgbd,15381,14.299244359935926,42.13304339822626,365.0579,1075.6512,20.624025344848633,17.700613021850586,2.9465224742889404,-0.7557688355445862,2.190753698348999
199.7,199.7,rgbd,40097,24.145529475552397,97.24400709714058,412.3339,1660.6387,20.77569580078125,19.846935272216797,4.027412414550781,-1.1938413381576538,2.833570957183838
201.4,201.4,rgbd,15770,15.194561622687287,43.27277839982669,364.43234,1037.8713,20.547658920288086,17.73595428466797,2.847912311553955,-0.6880518198013306,2.159860372543335
201.7,201.7,rgbd,40146,22.34676415793444,97.40944471015061,412.13663,1796.5017,20.769699096679688,19.843168258666992,4.35899543762207,-1.3449060916900635,3.014089345932007
203.6,203.6,rgbd,16185,17.08042105783877,44.46244795354142,364.01505,947.5762,20.52387046813965,17.73617935180664,2.603123664855957,-0.41047728061676025,2.1926465034484863
203.7,203.7,rgbd,40636,23.25940795537303,99.5927054927203,408.02185,1747.078,20.651329040527344,19.75765609741211,4.281824588775635,-1.2402653694152832,3.0415592193603516
205.9,205.9,rgbd,16459,17.343158095125393,45.37575516392208,362.72675,949.0198,20.40175437927246,17.779193878173828,2.6163489818573,-0.186777725815773,2.4295711517333984
205.9,205.9,rgbd,40917,22.47064293839305,101.0386439762421,404.96387,1820.9092,20.57089614868164,19.68625259399414,4.49647331237793,-1.4043233394622803,3.0921497344970703
207.8,207.8,rgbd,41017,22.525560559280194,101.28557958729921,404.96387,1820.9092,20.57089614868164,19.68625259399414,4.49647331237793,-1.4043233394622803,3.0921497344970703
207.9,207.9,rgbd,16602,17.493839886704645,45.7699913258056,362.72675,949.0198,20.40175437927246,17.779193878173828,2.6163489818573,-0.186777725815773,2.4295711517333984
209.9,209.9,rgbd,16767,17.667703492373015,46.224879204901974,362.72675,949.0198,20.40175437927246,17.779193878173828,2.6163489818573,-0.186777725815773,2.4295711517333984
209.9,209.9,rgbd,41185,22.522650152827907,101.27249514836826,406.67508,1828.6036,20.57089614868164,19.769439697265625,4.49647331237793,-1.4043233394622803,3.0921497344970703
