timestamp,slam_mode,ekf_rmse,ekf_ate,ekf_rpe,ekf_max,ekf_std,slam_rmse,slam_ate,slam_rpe,slam_max,slam_std
6.0,rgbd,0.014285494800424979,0.0082099701734643,0.014174552483183502,0.05802664606586217,0.011690669418121259,0.0,0.0,0.0,0.0,0.0
8.0,rgbd,0.007331483898045271,0.005252026410157453,0.014976122231510163,0.03065844444948767,0.0051153567553305305,0.07831103573422886,0.06917370505428247,0.0,0.1383813977702776,0.03670990120976631
10.0,rgbd,0.010546533861831676,0.009017110991503086,0.010971273686583443,0.03091657080231395,0.0054700169895235545,0.09625364317500852,0.08299919691501102,0.0,0.16552560694482307,0.04874317527536641
12.0,rgbd,0.007171899640116858,0.005729232386408875,0.006595705081857049,0.01714534659875753,0.004314167441167762,0.060898446400265566,0.03981337953110183,0.0,0.16842033175840854,0.04608161872458973
14.0,rgbd,0.005317615033223229,0.0038973386691685845,0.010810287660264806,0.022687968349830723,0.0036177038213990012,0.051211616110181324,0.0458410360526559,0.0,0.08036399507366068,0.02283044104338953
16.0,rgbd,0.010263201172403147,0.008731695394877455,0.013706793612079986,0.030430847530763954,0.005393588215306501,0.0933495459929912,0.08113261648551799,0.0,0.16745651406475162,0.04616964673149917
18.0,rgbd,0.010878396895300237,0.009337308040548746,0.010368385646632597,0.0303144960004837,0.005581594536293515,0.09932017990531673,0.0865131370688496,0.0,0.16655053127422295,0.04878499001671437
20.0,rgbd,0.010518218634261573,0.009074947985549999,0.010234319042821361,0.029012953442786957,0.005317729054557915,0.09862308445671844,0.08542608580606842,0.0,0.16958222144120808,0.0492838376307208
22.0,rgbd,0.010408451860636898,0.008961696462799026,0.010421380474345748,0.029125612678045785,0.0052937573276313965,0.10853784743715805,0.10043652897762578,0.0,0.16816863550211625,0.04114569203717846
24.0,rgbd,0.010352709392281334,0.008927205273833467,0.010079788659406442,0.028543706549955954,0.005242480115352856,0.10768654043322326,0.099612428119948,0.0,0.16714705905000396,0.0409115528246536
26.0,rgbd,0.010336652267617524,0.008912981656822217,0.009820072945728392,0.02777017834212096,0.005234991698827534,0.10745547841234461,0.09947596094115924,0.0,0.16686587272590622,0.04063512071667581
28.0,rgbd,0.010417514357717216,0.008982090288149199,0.01015850436233877,0.02873123633915079,0.005276993409961793,0.10758122230997048,0.09958591945380764,0.0,0.16655848971261905,0.04069845255346972
30.0,rgbd,0.010376289313760091,0.008923151783762597,0.010484507846365235,0.029436467602800245,0.0052957286719380065,0.10135009945569115,0.09189174418144268,0.0,0.16256466805782208,0.04275219305451809
32.0,rgbd,0.010376298945328169,0.0089211766106461,0.010287288364432653,0.02854490683948862,0.005299074229002595,0.10185845481959868,0.09232902677640108,0.0,0.16291688131689888,0.0430173875631568
34.0,rgbd,0.006904365291531438,0.005526071801942244,0.006672966784187618,0.015135918152207443,0.004139177517174492,0.10108599718109548,0.09161513179038495,0.0,0.16268797448581418,0.042720562415853584
36.0,rgbd,0.008740006146428208,0.006901694735392272,0.013118014909180716,0.029261535709373666,0.005362305215022869,0.030994904765597974,0.027243978569808674,0.0,0.05197860969877327,0.01478004577517586
38.0,rgbd,0.010496481560896727,0.009026025031160458,0.01066587576769074,0.029701492600191767,0.005357891123857391,0.09951196527335814,0.08758129219588462,0.0,0.16593575730208251,0.04724561873724497
40.0,rgbd,0.010433338569337078,0.009006277909088247,0.010108516605837847,0.02789150196224445,0.005267021162543936,0.09740904401836394,0.08305623682534342,0.0,0.16846286860972048,0.05089384423468155
42.0,rgbd,0.010792601464103987,0.009246990671995789,0.0153164850607393,0.0310662808485095,0.005565375986849622,0.09107237092110514,0.07481352055753966,0.0,0.16736820181054327,0.05193374516610511
44.0,rgbd,0.010959283335317692,0.009397260566979397,0.01224543971872804,0.03053019524317361,0.005638917011276737,0.08601317980873602,0.07031365300099296,0.0,0.16451647588684729,0.049540461266180266
46.0,rgbd,0.010533041438980208,0.008955019613837595,0.011780284584396216,0.03154806766257162,0.0055455013904117095,0.08536909181704569,0.07000981641828491,0.0,0.1661529315801244,0.04885189292898712
48.0,rgbd,0.010913503044317763,0.00937725026986083,0.01110932695825753,0.03006588787478424,0.0055831645215529925,0.08663350938936963,0.07144047796228202,0.0,0.16961788017657864,0.049006357318604025
50.0,rgbd,0.010972304435492342,0.009424743088249019,0.01046532559704886,0.030972683940459496,0.005618334481465775,0.08474189991295857,0.07070654661599535,0.0,0.16548557303842534,0.046709462280120115
52.0,rgbd,0.010920958750310331,0.009380534083918843,0.010303897525047012,0.030599856325137696,0.005592219624300951,0.0866496452660896,0.0728694023825852,0.0,0.1692563727723703,0.04688508527393387
54.0,rgbd,0.010917550580786058,0.009373857713832144,0.010371834371399415,0.030531310357772533,0.005596758190671773,0.08556348280348403,0.07185445843233039,0.0,0.16763567823436729,0.04645477793358406
56.0,rgbd,0.010932949823191082,0.009379987283857898,0.010175290298664373,0.03032725124748725,0.005616514078240885,0.08652419126915493,0.0727755643732024,0.0,0.16914779565187535,0.046799069488005635
58.0,rgbd,0.010642524352046802,0.00916476878770485,0.010438721173788064,0.029618530405601896,0.005410206803054777,0.08456695559165098,0.07109807649468382,0.0,0.16547778052012346,0.04578901065535653
60.0,rgbd,0.010388681457242371,0.008946288404892066,0.010497448517468148,0.028329031862488575,0.005280968301035833,0.08657246675596106,0.0739143050489638,0.0,0.1656284319478682,0.04507180392818447
62.0,rgbd,0.006754641625739086,0.0053682299589013485,0.006398541281624166,0.015418211227079672,0.004099669572114465,0.08478656905338902,0.07273218877939615,0.0,0.15555049436410717,0.04357511913011127
64.0,rgbd,0.0032077018788110143,0.002779973192475969,0.0051031276709307665,0.009704687588780276,0.001600343835693655,0.025215534522115602,0.02229399987630297,0.0,0.04464187264020314,0.011781373041857507
66.0,rgbd,0.010528726290052328,0.00891248270040449,0.013506487777635199,0.030449349211025333,0.0056055088445055344,0.0878764883233773,0.07638395444327532,0.0,0.1645154457294545,0.043448460313989364
68.0,rgbd,0.010563421001480795,0.009105484401034862,0.010694847597274359,0.029305509615853417,0.00535499926022743,0.09717726304468129,0.08421287892827678,0.0,0.1675948149186675,0.048493416826065935
70.0,rgbd,0.006887138628038435,0.005488236720491386,0.00678483802902372,0.015587212757376104,0.0041607614906010995,0.09239306173908929,0.08070702027400618,0.0,0.16031434388136173,0.04497615741717295
72.0,rgbd,0.009398794333877636,0.007572301848769628,0.015465184438039377,0.030116523742211788,0.005567547003991113,0.07570328571252687,0.06276330466879464,0.0,0.16439685060091372,0.042329127734038366
74.0,rgbd,0.01063405591107503,0.009157501501774464,0.010489133994781914,0.02964062315045662,0.005405858984922581,0.0986927790650298,0.085435917539189,0.0,0.16972827854349554,0.049406159877242825
76.0,rgbd,0.00907690405858495,0.007916579714701858,0.0043665381146717405,0.015582422010982495,0.004440490165457751,0.09842593860392253,0.08525694001797532,0.0,0.17000180433143966,0.04918251283570697
78.0,rgbd,0.00997689172937736,0.008598849928683453,0.010556586567178797,0.028249349199887797,0.005059461283941103,0.09281186256575207,0.08087517036339253,0.0,0.16189852282320208,0.04553294029179625
80.0,rgbd,0.010396488165801375,0.009001231199181281,0.010097778998059083,0.02783977759100021,0.005202384364936291,0.09832546467775816,0.0851064998576695,0.0,0.1690049236130425,0.04924206216308947
82.0,rgbd,0.010395859470971332,0.008969477119371091,0.010274499383013743,0.028460558830042653,0.005255699225151947,0.09863259725852715,0.0855760369963393,0.0,0.16791816614701152,0.04904213631117617
84.0,rgbd,0.010935598475080466,0.009393910790442763,0.014262782132716275,0.030701374269228046,0.00559837066202169,0.09909223054695442,0.08585622486852014,0.0,0.16995359629523935,0.04947705332875909
86.0,rgbd,0.010720552721616062,0.009244219279351835,0.010929157743581846,0.029034825847651248,0.005429057061056681,0.09912747452442734,0.08592130688675366,0.0,0.17107476316630418,0.04943465614792204
88.0,rgbd,0.010776971361056308,0.009227018867798063,0.014963477834094177,0.03145380010781284,0.005568234417688105,0.09868535045657335,0.08548385677775819,0.0,0.16966768920444592,0.0493083017871882
90.0,rgbd,0.010569511066778588,0.009124685577137233,0.010982270331705407,0.028603439820242865,0.0053342925781343095,0.09863275186165966,0.08535325503302586,0.0,0.16995615145244758,0.049429157337253594
92.0,rgbd,0.01090325176181732,0.009384288877924843,0.012385354096655499,0.02950423824543033,0.005551217995830158,0.09916603460977054,0.08580316738763617,0.0,0.16884220762074814,0.04971638448716373
94.0,rgbd,0.010740515564731169,0.00921700374507475,0.013626638670349864,0.030991830331307296,0.005514119744756232,0.0,0.0,0.0,0.0,0.0
96.0,rgbd,0.01085349295045132,0.00927487731856683,0.013846585041292752,0.032326162003257684,0.005636928237172355,0.09137114704992588,0.07843512666646126,0.23350387519942567,0.16845820217490945,0.04686808528236844
98.0,rgbd,0.0106766993430587,0.009188919052503677,0.013628360619466715,0.030041231908816905,0.005436513175612198,0.09627200956481616,0.08176722802042213,0.2136851880800177,0.17026565289209744,0.05081751910025071
100.0,rgbd,0.010630847283638344,0.009165335231306401,0.010629457591560242,0.029487295422569806,0.005386236540091266,0.09845058198054452,0.08525571604396533,0.2152034170334964,0.1695142304402725,0.04923393112619259
102.0,rgbd,0.010582487894269065,0.00913148470024873,0.010585478092034173,0.029652898194399136,0.005348367713749188,0.09887736252473556,0.08546606587401967,0.21447907827355878,0.17010489908692428,0.0497220715966834
104.0,rgbd,0.010563820315456544,0.00913921111873519,0.010301762202397358,0.02916883250258935,0.005298029802147164,0.1355579028764795,0.1338213149385098,0.0,0.1682222437843827,0.021628700848576803
106.0,rgbd,0.010743284040336275,0.00922261119733164,0.014114596449246192,0.03027799709205017,0.005510135631197945,0.11464667418742222,0.10966948530731313,0.0,0.16478212935861555,0.03341352861740252
108.0,rgbd,0.010573651842603515,0.009127698343285442,0.011359069792725081,0.028923167511530685,0.005337343556730901,0.11212657399106164,0.10552518470591075,0.0,0.16773198512559795,0.037905197371289855
110.0,rgbd,0.010719116525480448,0.009160744804531851,0.013620605600588526,0.031033677575993575,0.005565987218191461,0.10863974981496889,0.10045764667782481,0.0,0.16903186845067364,0.04136250069582766
112.0,rgbd,0.010820987085768298,0.0092562961379518,0.013343570500236,0.031558164159119065,0.005604885664926882,0.1093749494783275,0.10108415093020111,0.0,0.17003828856331332,0.0417716890262653
114.0,rgbd,0.0108852024252287,0.00937239456812682,0.011579492760290003,0.029716520053190268,0.005535869570135447,0.10977732483512077,0.1015977323516643,0.0,0.17056380474798766,0.04158078677652946
116.0,rgbd,0.01206626223176166,0.010052471563516465,0.015153044138806557,0.032538995427929755,0.006674016759817936,0.10178153078531471,0.09218511470861492,0.0,0.16371613143039573,0.04314376704880411
118.0,rgbd,0.0109304893306258,0.009362407766221735,0.013418114673765101,0.03114561946492506,0.005641003264129119,0.10210861434826593,0.09252289588450298,0.0,0.1642546146474867,0.04319355115371185
120.0,rgbd,0.010977105769075873,0.009424274165802238,0.011804137943787185,0.030126260763553087,0.0056284906958501205,0.10320393709592737,0.0934424766075991,0.0,0.16600883972686029,0.043812740128168506
122.0,rgbd,0.010981109199268167,0.009406788494285372,0.011215151644873644,0.03099371347171181,0.005665429327953208,0.09941460442549502,0.08758882450133688,0.0,0.16542584472044747,0.04702617776889442
124.0,rgbd,0.010788106981119473,0.009297587095457898,0.011488590757052412,0.0290682989681283,0.005471574402167394,0.1001570134407086,0.08812667390743527,0.0,0.16643169446886685,0.047593242034713844
126.0,rgbd,0.010376869361371778,0.008968029477624385,0.01501648647348171,0.026844616133253885,0.005220523444199485,0.09803322446759132,0.0836815976499473,0.0,0.16862599131416725,0.051067634704042034
128.0,rgbd,0.010103284658628815,0.008718058965445094,0.011609695438589227,0.024044086942915984,0.005106056087461907,0.09249694032642759,0.07714295258760694,0.0,0.16423642865197366,0.05103576036287629
130.0,rgbd,0.007299060504274488,0.006229148441731852,0.005474005285021341,0.013537025819936262,0.003804470256938459,0.07340797287043754,0.06004988906697845,0.0,0.1371675283639354,0.04222252128888653
132.0,rgbd,0.00951924116621503,0.007742696419691532,0.014862038962901841,0.03047155890174298,0.005537743631937005,0.0486866122928549,0.03551232298142753,0.0,0.11380509328857186,0.03330557210164005
134.0,rgbd,0.0060598498005498555,0.004735333511283338,0.005990527785774476,0.017350951057306142,0.0037813220098453833,0.07237063475724984,0.06342421209132405,0.0,0.11738790506500688,0.03485510143095271
136.0,rgbd,0.008140722955714809,0.00633212712823297,0.01334010538720648,0.02840955397181043,0.005116203306515304,0.027320997064253904,0.023216362215014177,0.0,0.05264079731124471,0.014402687460548206
138.0,rgbd,0.010232952127320125,0.008814404016778115,0.010484299942263041,0.028326345069938367,0.005198037232362931,0.09331510839132968,0.08073078337143938,0.0,0.16469448244693274,0.04680010758875815
140.0,rgbd,0.010636079229283531,0.009139152795454554,0.01553147082386475,0.029072541786858155,0.00544077821206964,0.09687473614665175,0.08382406751863912,0.0,0.16783598067762137,0.048561715456870186
142.0,rgbd,0.010343398906969082,0.00879356234013479,0.009140505471575789,0.027043933759717684,0.005446022614610812,0.09926866131227952,0.08600474130932284,0.0,0.1696104948101496,0.04957268997188389
144.0,rgbd,0.005588733994414186,0.0042162813691168305,0.010777804678748788,0.024711593332512456,0.0036683673584796623,0.0302029792473263,0.02625796906945282,0.0,0.05116312837250143,0.014924443566246686
146.0,rgbd,0.010322942343225458,0.008829711123093411,0.014106728379980404,0.0283878601338966,0.005347835085740552,0.09690750569288367,0.08418215763311998,0.0,0.1669456843360634,0.04800446849876395
148.0,rgbd,0.010692343928139392,0.009209402229622266,0.01139987258301148,0.029354964561408618,0.0054325987566401154,0.09914956036071712,0.08577642234067445,0.0,0.1708157314069153,0.04972967615174798
150.0,rgbd,0.010672227941836759,0.009150925268634695,0.014250239691655642,0.030308374248925452,0.005491540400505515,0.09832209526803933,0.08515617703487464,0.0,0.16996351496743453,0.04914936348217022
152.0,rgbd,0.010674115672659084,0.009203304478745284,0.014963026376166115,0.029397432553349746,0.0054070261757100165,0.098623005354191,0.08542754604416607,0.0,0.16814508735587388,0.04928114813967582
154.0,rgbd,0.010573156144591287,0.009130656050255363,0.01225907753124248,0.028033801530152946,0.005331299180297766,0.09855278268848312,0.08544374545786149,0.0,0.1685069582721611,0.049112293143118
156.0,rgbd,0.010752710672118167,0.009272305974098028,0.01332731212014542,0.029913769582069906,0.005444734035835904,0.09879163645289613,0.08558095551773422,0.0,0.16955461799104934,0.049352684685970136
158.0,rgbd,0.010828226085564496,0.009278226856355496,0.012967446884576002,0.03088902029753987,0.0055825609322337905,0.09883432734190518,0.08551950297158611,0.0,0.16967847770473427,0.049544312212601554
160.0,rgbd,0.010550082148826585,0.00908529031273503,0.012179489370217551,0.027863052142521733,0.005362996669802475,0.09876699229617418,0.08548672027434222,0.0,0.16981687257017988,0.049466548535034204
162.0,rgbd,0.010782704786179414,0.009305014629881163,0.012836874276461043,0.029532928255063665,0.005448249741301691,0.0987877217040209,0.0855447639039312,0.0,0.16837919901551368,0.04940756347050272
164.0,rgbd,0.009253921637504521,0.007882610106176675,0.005574338977815898,0.01781386317889947,0.004847630718926069,0.09661832522658012,0.08425195668691188,0.0,0.165664337723105,0.047293853342859814
166.0,rgbd,0.004295245337421823,0.0036449468002407504,0.008060136040074082,0.013633072079754276,0.002272332575143573,0.040332748735421406,0.035419702583054,0.0,0.07594926064557356,0.01929184515495174
168.0,rgbd,0.008114559580177962,0.006052319350683849,0.015279401356755073,0.03117637328485706,0.005405137154374139,0.0935130975711783,0.0817115554280128,0.0,0.1689799887630757,0.045474400786503
170.0,rgbd,0.010733565358427974,0.00924633239040506,0.012211096045138306,0.02943327254133868,0.00545112489581657,0.09916332115131091,0.08586997011683999,0.0,0.1712535061868774,0.04959548864454344
172.0,rgbd,0.010463279542633864,0.008978260924593372,0.012662206792584355,0.02958697948985071,0.005373178720014817,0.09815126697728276,0.08501773212955493,0.0,0.16998378591992638,0.04904749160551515
174.0,rgbd,0.011683780746248368,0.009799887920982148,0.012287471360526391,0.031268558810109634,0.006361833797152539,0.09717187346015128,0.0841596218600876,0.0,0.16644855427239952,0.0485750042730077
176.0,rgbd,0.0106897731866899,0.00915879303529204,0.013382719156781882,0.030830764448927205,0.0055125094938295,0.0,0.0,0.0,0.0,0.0
178.0,rgbd,0.010330062169408618,0.008738755795504982,0.012737864744430463,0.02639421830951436,0.005508568922177079,0.07957961221721756,0.06891458176048645,0.0,0.1363804872443852,0.039795666867385816
180.0,rgbd,0.01101864848019202,0.009443423026889492,0.012032222488387397,0.02994479208228959,0.005677356415203403,0.09932168756145454,0.08600865551891389,0.0,0.1702986842694094,0.04967201219886301
182.0,rgbd,0.010908141983044461,0.00938632907152245,0.011309572638564927,0.03020395132591585,0.00555737240819343,0.09930253783786205,0.08599128759277105,0.0,0.17113004734876316,0.0496637944500555
184.0,rgbd,0.010602076577028831,0.009111964337389753,0.011224504162729371,0.02983597008705992,0.005419975429770941,0.09681477076140921,0.08387769746035191,0.24969213421935363,0.16665960614906059,0.04834906106982731
186.0,rgbd,0.01074250008252478,0.009195942950690206,0.012595097942612559,0.030975589725031935,0.0055530119098284,0.09715948722159672,0.08393627618989967,0.24546558069693364,0.17075967748264856,0.04893533995525625
188.0,rgbd,0.01049531231309326,0.00907222583493639,0.010647946644512102,0.02834676686181517,0.005276959252190573,0.09792361006974094,0.08474236809942796,0.2441085261734575,0.16906894190004257,0.04906897653295533
190.0,rgbd,0.010519364517672877,0.008926123674469816,0.011926476900458343,0.031974254191813344,0.005566088932432227,0.09573929981187333,0.08267185984055768,0.23955663884843403,0.1682551937602362,0.048284336165789386
192.0,rgbd,0.010822555390669078,0.009271485235034,0.012607771690397146,0.030299423036513312,0.005582765150053046,0.09836845302021888,0.08525959555558582,0.2381575743036802,0.16773347661234247,0.04906275486852461
194.0,rgbd,0.010446434727636846,0.009001745864566877,0.010196749894927292,0.028487372524175877,0.005300619766454697,0.09607681148775378,0.08274121726382203,0.23105404827681061,0.16665915558929761,0.04883282370859148
196.0,rgbd,0.01057783281967286,0.009088774553746373,0.012595986734382895,0.02994759416511449,0.005411536221085531,0.09827206039031258,0.08474359808287311,0.22878692771217216,0.16864351182033926,0.04975862173860633
198.0,rgbd,0.010281391260266483,0.008833876954357977,0.011250935688817921,0.028218996603905755,0.005260192411114542,0.09705607570210013,0.08344535757786369,0.22050142595641403,0.1667444895239373,0.04956565473585775
200.0,rgbd,0.010626765450060475,0.0091378298816013,0.012634406123269822,0.028756278387191227,0.005424777321283647,0.09841827001436351,0.08524814663059695,0.22160235955225624,0.16825321129265752,0.04918240913851621
202.0,rgbd,0.010587157882750881,0.009081073404301043,0.012632156583868267,0.02889218490013548,0.005442611308920598,0.09737482119525666,0.08384573721213819,0.2126258966136436,0.16664465374703835,0.04951513055785345
204.0,rgbd,0.0042518027681562875,0.003493039879604758,0.008024451993538552,0.013995776310351083,0.0024241491659533353,0.06051300181901953,0.04507991404816805,0.07142553750599072,0.13338553951709523,0.0403686108078844
206.0,rgbd,0.00841204919702351,0.006598454519780187,0.016254014430520464,0.029786476274557046,0.005217563573502127,0.0792577278425925,0.06699110871998705,0.1978147423017183,0.16458314117135509,0.04235538661418801
208.0,rgbd,0.010707144985829356,0.009145900221145732,0.012770820122260197,0.03166917520238685,0.0055673569036318446,0.12159585350352513,0.11750715333392978,0.0,0.1683476149098602,0.031266923491240134
210.0,rgbd,0.010726013058649578,0.009183125700608436,0.014699647253243514,0.02973761850811892,0.005542342329840888,0.11012706041476036,0.10176797073672596,0.0,0.1712933259048178,0.042086215887451414
212.0,rgbd,0.008596357761225401,0.007157092831158304,0.006480971692966595,0.016708188029018144,0.004761658215912038,0.10021445286753412,0.08838605190284225,0.0,0.1662191732478719,0.0472317942975629
214.0,rgbd,0.003236617198969847,0.00284387600109766,0.004338331428368289,0.00922255653696251,0.0015453349743819943,0.029929926948330684,0.025480506759515728,0.0,0.0519124376237946,0.015701729280900384
216.0,rgbd,0.005251752551850344,0.0037879529663268773,0.012202876322077129,0.027094531090120305,0.003637625213069925,0.028905266683804953,0.02410743073242674,0.0,0.051515905888831565,0.015948235812876962
218.0,rgbd,0.010502849051303609,0.00908124238702444,0.01018551430369712,0.027957771383241358,0.005276445290399564,0.08913591151470021,0.07279843149910194,0.0,0.16667093738544744,0.05143538755396942
220.0,rgbd,0.010106697133169577,0.008770859066703336,0.012315289677684091,0.02037146659276589,0.005021688777059569,0.0892739608346114,0.07295117707545189,0.0,0.16642963490199517,0.05145838946572065
222.0,rgbd,0.003288630726047367,0.0028923992726014843,0.00232014941441581,0.00843484342374261,0.0015649659741212379,0.028971582349572707,0.023967178376513,0.0,0.0538634799070897,0.016276576559783092
224.0,rgbd,0.0035315280063904497,0.003073226583795014,0.005614394578413018,0.007377231095011724,0.0017398185033433038,0.03872199661644911,0.03118579892413415,0.0,0.07276836749650586,0.022952972954015567
226.0,rgbd,0.008186177723181531,0.006972689729266426,0.010040532465797796,0.024447109826291693,0.004288951346762518,0.06278183674996365,0.04839591068134003,0.0,0.12398294727019185,0.03999243497241504
228.0,rgbd,0.010355356411837716,0.008952020271515787,0.010268700281400884,0.028149638905313815,0.005205260749910511,0.08635694816266097,0.07124151039373858,0.0,0.168883957300058,0.04880747578790931
230.0,rgbd,0.010128907758051144,0.008672154305131335,0.0108754892705671,0.0282539759762857,0.005233403489040443,0.08597818929624547,0.0709014015230766,0.0,0.1681792904355108,0.04863373619951988
232.0,rgbd,0.010722830356309406,0.009157537746007843,0.015632665245567078,0.030322035773945842,0.005578404187635762,0.08346708018351902,0.06954204874669273,0.0,0.16364571822453092,0.04615903953154362
234.0,rgbd,0.010555026264524793,0.009138623513369479,0.010122880797254012,0.02858561839963698,0.00528149029400781,0.08428227823538113,0.07024254552715917,0.0,0.16515466103177287,0.04657775458747633
236.0,rgbd,0.010733722536071766,0.00917998409345132,0.014334948146195056,0.030548013936410146,0.005562435754717145,0.08473616572477535,0.07132026422515722,0.0,0.1655937584708536,0.04575628582599721
238.0,rgbd,0.010692777597582621,0.009201850961207209,0.010831934447863676,0.030010466123454285,0.0054462309571936774,0.08839574679331151,0.07594632876420171,0.0,0.16538963820372937,0.045232324706862344
240.0,rgbd,0.010623035432155502,0.00917435922859011,0.010353809066262588,0.029317084619087126,0.005355372492891109,0.08966325517227268,0.07706630695500526,0.0,0.1681818355824479,0.04582885183380649
242.0,rgbd,0.010572548552839492,0.009132090951485478,0.010377446214729299,0.029114389257138124,0.005327635287437145,0.08938836851256939,0.07677957684185578,0.0,0.16736217860185462,0.045773103514230584
244.0,rgbd,0.010617532485526089,0.009151384752711145,0.010908187024572342,0.030157872850161062,0.0053836932666198375,0.09368103283997284,0.0810630203698395,0.0,0.16564924330543837,0.0469566038218593
246.0,rgbd,0.010449740741264413,0.009010586057362865,0.010518742474126402,0.02903589565436874,0.005292109264036336,0.09215645403375525,0.07969850475397866,0.0,0.16324286968536206,0.046270512857063566
248.0,rgbd,0.009964319985165294,0.00874575754636915,0.0037353779468302763,0.016852208948872384,0.004774871485903214,0.09272508926766167,0.08019568311753686,0.0,0.1643201420771789,0.04654669256786607
250.0,rgbd,0.010545740031779612,0.009093760563784326,0.010632036982180106,0.029780165258371107,0.0053400516501659395,0.09274141893276472,0.08027861355232425,0.0,0.16237474946739633,0.046436138855197144
252.0,rgbd,0.010576702244304393,0.009117439660203066,0.010432720426914703,0.029779507723856367,0.005360869743542535,0.09860734568590952,0.08541792081317479,0.0,0.1691899565514275,0.049266493960648965
254.0,rgbd,0.010425525470558502,0.009015450770619238,0.009815356487419699,0.02770848490392976,0.0052357643892563645,0.09765419673007454,0.08453663643535268,0.0,0.1677354035113598,0.048886595700591624
256.0,rgbd,0.009839978577844903,0.008538790035825165,0.008745526473599259,0.02353843481099473,0.004890219129705688,0.09787254519964504,0.08470043064498559,0.0,0.1685543510052505,0.0490394958417248
258.0,rgbd,0.008480329470248795,0.007306996634746702,0.009704213471559404,0.023935584898273896,0.004303927056046674,0.0801300469302114,0.06940847454514831,0.0,0.13678145527610372,0.040041079934904085
260.0,rgbd,0.010179254593312842,0.008756526003742646,0.010333789358567012,0.027842476199502655,0.005190421603421001,0.09589137942270205,0.0834327571346464,0.0,0.17014713999813502,0.04726660221022572
262.0,rgbd,0.010513524969076388,0.00905601528639829,0.010847868680876983,0.029764943019754745,0.005340673591216104,0.09844928664959893,0.08527809765187538,0.0,0.16858030507883862,0.049192561456912434
264.0,rgbd,0.008707145407668633,0.007311578155892649,0.005778618774205483,0.016074795972853582,0.004728129230526426,0.09848661165022272,0.08529199207219852,0.0,0.16922707178401689,0.049243159552346094
266.0,rgbd,0.008142403753995945,0.00650932179004875,0.012354767918041841,0.028380832240993765,0.004891571192028572,0.05219989798943455,0.04117836340260475,0.0,0.12054172457346389,0.03208070662548433
268.0,rgbd,0.01041026546908117,0.008946091701018795,0.01063717305276034,0.02935842033022263,0.005323633196765756,0.09703273323698103,0.08443778031190717,0.0,0.17163229607761932,0.04780808065000333
270.0,rgbd,0.00957558353770497,0.008150869532798631,0.011504750708160103,0.02894381733425761,0.0050254478354532185,0.09256609905328411,0.08042403795562071,0.0,0.16771452133414347,0.04583074091540835
272.0,rgbd,0.010378009534708679,0.00894750708961532,0.010089298206016067,0.02818598775051902,0.0052578701756308,0.09829184524501246,0.08516555364441182,0.0,0.16915152254348564,0.04907255153454207
274.0,rgbd,0.010482117941804753,0.009039249770943576,0.010427315880267676,0.02906393945034257,0.005307236580783038,0.09848794438491429,0.08531004767513325,0.0,0.1684197604967172,0.04921454007539297
276.0,rgbd,0.010488737005857507,0.009020593791528517,0.010648756785001436,0.02972746176670114,0.005351868050156117,0.09859737646045794,0.08541933690804462,0.0,0.16914252524401843,0.04924408113748527
278.0,rgbd,0.010382370342975917,0.008939639416976054,0.010083633269714167,0.028151862905116905,0.005279816382522587,0.09843562290281996,0.08524806576536442,0.0,0.16865470514767425,0.04921726464900581
280.0,rgbd,0.00914780288233332,0.007865865714544685,0.004225471558579288,0.0160206023850012,0.004670166392622024,0.09865473844016082,0.08539322574768207,0.0,0.17101745569941995,0.04940399187415885
282.0,rgbd,0.005350262837999211,0.004042935536058118,0.010059127200267061,0.023719800137399483,0.0035042809086820994,0.03099632189341002,0.02683379778486626,0.0,0.05356684326603344,0.015515130272118134
284.0,rgbd,0.01017021662673392,0.008749452735228515,0.010853878029403916,0.029274881231825593,0.00518462950158421,0.0979065663527538,0.08504680545664663,0.0,0.17007337898216007,0.048505016406609744
286.0,rgbd,0.010469185637094251,0.0090648394966952,0.010217633497848681,0.028475163521769962,0.0052376075457307115,0.0980664588692826,0.0849769607215738,0.0,0.16771308437557286,0.04894840652855619
288.0,rgbd,0.010567579467953454,0.00908321066929947,0.013753653820327536,0.030180606477748968,0.005400835097337795,0.09818451946489135,0.08512237009498332,0.0,0.16791113586312775,0.04893242250251174
290.0,rgbd,0.010957937644367149,0.009388536067167162,0.010880686320174778,0.030910690420920862,0.005650821881225779,0.09805341682907398,0.08491579169457164,0.0,0.16685921448268373,0.04902836804076025
292.0,rgbd,0.011004379597550469,0.009404904819770679,0.01110707254738137,0.03178978611550788,0.005713504673844175,0.09828448544396896,0.0851926517461063,0.0,0.16837185533927837,0.0490107352266052
2.1,rgbd,0.010285890637264546,0.008990720022682346,0.0032366276075772057,0.01801149731468845,0.004996648844526219,0.09784563065467548,0.08470637058738666,0.0,0.16668144661153556,0.04897548591002939
4.1,rgbd,0.020922217553180914,0.012390826597408675,0.020909843952336186,0.09817873050150301,0.016858428265279703,0.0,0.0,0.0,0.0,0.0
6.1,rgbd,0.007126030566069576,0.005702057084455434,0.007321032557292676,0.015364793714711257,0.004273974337097672,0.0812643212402953,0.06217876644022797,0.0,0.16720086545976237,0.0523229482217649
8.1,rgbd,0.00738375211284296,0.005485131615737841,0.01583662687043264,0.028424163185100253,0.00494298760082868,0.011458818137753912,0.008821033372316272,0.0,0.030321660322750896,0.007313951282214053
10.1,rgbd,0.010143897504215344,0.008832915304076568,0.01079434324960445,0.02501239944185202,0.004987811524810881,0.06935501129626144,0.0543135088097364,0.0,0.1510722993617958,0.04312957630998987
12.1,rgbd,0.006600059520757374,0.005192260066456708,0.006883818998116702,0.017166068581036045,0.0040744596058641955,0.05317677024661896,0.045631649555034896,0.14610982356054147,0.09643191673807981,0.027304238732258797
14.1,rgbd,0.006637339494573089,0.005007427458605274,0.012746315152268118,0.02672082495917702,0.004356597963207722,0.021776382874507054,0.01714277370318029,0.06273729883676986,0.04882171250009486,0.013428929996789558
16.1,rgbd,0.009604344548934924,0.008138509138352101,0.013702829105947844,0.030945885403798116,0.005099814037748377,0.05772857685041365,0.04576736129765127,0.17438431400407364,0.13278046821759787,0.0351843320957549
18.1,rgbd,0.00982847383426431,0.008561164973403809,0.00823443648852571,0.019703649757714645,0.004827561725030759,0.07579349217710621,0.062110790618358835,0.2044920745776312,0.16635417106597225,0.0434384984220616
20.1,rgbd,0.010801412094455108,0.00925546036943039,0.013118918248823436,0.03227960987664686,0.005568389047484435,0.07423414754350395,0.06122547764690947,0.18435845553085853,0.1663230047352871,0.04197796503427127
22.1,rgbd,0.010668902681167446,0.008994470052978312,0.013747823907572615,0.03372755259962565,0.005738030401304811,0.0747831609612678,0.06160327780139011,0.19390586457879763,0.16453625882334288,0.042397609926547106
24.1,rgbd,0.010850049967142575,0.009179037469771162,0.013427220718382902,0.03464492377278277,0.005785227343676966,0.07497749134753504,0.06169459381461015,0.19409200597550805,0.16540799566408182,0.042607526363542376
26.1,rgbd,0.01076671628251923,0.009096762818831223,0.01341014759249758,0.03406697764637275,0.0057594344970834125,0.07682943379586753,0.06315556308063197,0.20530896310302424,0.16522003790343381,0.04375084855590696
28.1,rgbd,0.010732226605012066,0.009120015670148595,0.012846380516256172,0.03300912727201509,0.0056573847383374004,0.07695104499684935,0.06340486449612354,0.2055266788998757,0.16397802023396463,0.04360374392566935
30.1,rgbd,0.010735887483231413,0.00910331946288211,0.013107980145425578,0.03372720681686747,0.0056911206988884576,0.07703522657244191,0.06328017675530989,0.20607211311471726,0.16505888174682778,0.04393228155791819
32.1,rgbd,0.010783726094287478,0.009128466088049679,0.013474178835001837,0.03436197418298079,0.005741067440462937,0.07704556165620148,0.06335686292257581,0.20623612599074312,0.16480051745655575,0.043839782065259895
34.1,rgbd,0.01069075902093892,0.00907853962139666,0.013131657793928518,0.03303294681701093,0.005645568774403326,0.0770973980525735,0.06363660467848543,0.19284233685064026,0.16674741300118245,0.04352460604613361
36.1,rgbd,0.010732543306490408,0.009145122443990348,0.013305952717640448,0.03291363725555725,0.005617314421511052,0.07723502510263769,0.06383820834289797,0.19338240122031997,0.1663497746683475,0.043473351126567465
38.1,rgbd,0.010775421085316712,0.009161757290871285,0.013670871732472832,0.03402157206488392,0.005672028112505687,0.0798222608579117,0.06604773740741147,0.19290227932925072,0.1675185092557819,0.04482510135883823
40.1,rgbd,0.008897662247753645,0.007512607129612917,0.012590618508457732,0.02950750502348591,0.004767507482027647,0.06366287533903175,0.05291553457756168,0.1468440685709185,0.1327676626244463,0.035396439041293006
42.1,rgbd,0.010791185743726905,0.009168686647372882,0.013080245867510488,0.03363852078740517,0.005690771030176934,0.0789154585591098,0.06570155435275524,0.1831696724275723,0.1642412132943076,0.043714475351152526
44.1,rgbd,0.010734317423688139,0.009109541176172147,0.013328481325367578,0.03385514108764594,0.005678188981719343,0.078944813416911,0.06559847755637944,0.18305821595553295,0.166744417077957,0.043921786253704125
46.1,rgbd,0.008870081258774946,0.007719708231955853,0.003638556117695014,0.015332847976761137,0.004368574864958084,0.07171449438468898,0.06049814646305195,0.1650259981528964,0.14106587862887232,0.03850899868065521
48.1,rgbd,0.00989354240955772,0.008296302996710756,0.014059108818350315,0.033368958062158456,0.005390133393199586,0.06797375198435968,0.05553549550157466,0.15610702168352628,0.15415049527181715,0.03919489377745297
50.1,rgbd,0.01073243767607295,0.009135348741809544,0.013475168955088952,0.033535066578990975,0.005632994038369732,0.07891154697530578,0.06569564796426847,0.18301688069235283,0.16487093148031026,0.04371629083752189
52.1,rgbd,0.01069900938030355,0.009107933373407725,0.013314614877692326,0.033148260510532906,0.005613764457597872,0.07854041045967913,0.0653541632178186,0.18200180840343935,0.16400670812711787,0.04355949294096064
54.1,rgbd,0.010048950278909738,0.00866541351274038,0.011347684790187123,0.026877805097176813,0.0050884192399228015,0.07841668567266818,0.06529643670002527,0.18171725931616176,0.1638788938376589,0.04342294262444261
56.1,rgbd,0.006707769245962774,0.005112628283954262,0.012682482273408536,0.027130105834784212,0.004342257510465599,0.046290448663408756,0.03466272840389086,0.1040539962675956,0.12271640329321173,0.030680627390224268
58.1,rgbd,0.009289081004807964,0.007785137482097035,0.013654076955803516,0.03223183976764953,0.005067411597525112,0.0684936844776411,0.0566894432233947,0.15628178937914652,0.13500509613361414,0.038440757541236936
60.1,rgbd,0.010687299821997811,0.009098853093985457,0.013041033670862946,0.03315347109328314,0.005606179613546621,0.08422998260439854,0.06956925985167214,0.19311375818652746,0.16634904092274308,0.047484819187060184
398312765
66.1,rgbd,0.010681559742878292,0.009137712582402827,0.012749390708831122,0.029610811564858466,0.005531539324824077,0.08479553480165435,0.07234062326059511,0.0,0.1645154457294545,0.04423931451285407
68.1,rgbd,0.010511558477632599,0.009079598591122553,0.010263250434544291,0.028317816315232277,0.005296579184037098,0.08955949944266331,0.07697785938538652,0.0,0.1675948149186675,0.045774590165986964
70.1,rgbd,0.006588406389910909,0.005214064150630014,0.0064415332570335855,0.015587212757376104,0.004027484797207038,0.08389428036306877,0.07316598359470194,0.0,0.13874587794917828,0.04104861900547923
72.1,rgbd,0.009646432187186131,0.007866531468613594,0.01569275098891137,0.030260690825873415,0.00558312964163404,0.0763649263347567,0.062343823920447086,0.0,0.16439685060091372,0.04410044889895234
74.1,rgbd,0.010544557812500608,0.009110213250205357,0.009905158608708225,0.027910759122102145,0.005309586989300614,0.09304579727412345,0.08046432620696087,0.0,0.16426189138781253,0.04672272036640275
76.1,rgbd,0.009468070892467675,0.008172917732659202,0.010298905659058954,0.024135477316089775,0.004779935371945776,0.09275227471039575,0.0802783880446091,0.0,0.1641666109373946,0.04645820570052058
78.1,rgbd,0.010095437939857779,0.00869151000859991,0.010818785401910476,0.02929143336350241,0.005135710366436903,0.09281186256575207,0.08087517036339253,0.0,0.16189852282320208,0.04553294029179625
80.1,rgbd,0.010440139225943033,0.009003934638524287,0.010656183687087414,0.029419696676125005,0.005284474248424046,0.09832546467775816,0.0851064998576695,0.0,0.1690049236130425,0.04924206216308947
82.1,rgbd,0.010564137924977455,0.009038600890996965,0.011355890202038164,0.030987135569006105,0.005468519363704935,0.09863259725852715,0.0855760369963393,0.0,0.16791816614701152,0.04904213631117617
84.1,rgbd,0.010969178392016374,0.00942331322097958,0.014285318779386736,0.03064225570782962,0.00561462755088798,0.09909223054695442,0.08585622486852014,0.0,0.16995359629523935,0.04947705332875909
86.1,rgbd,0.010727684396906313,0.009257143523860818,0.011082067386979684,0.029292959095286137,0.005421116702144392,0.09912747452442734,0.08592130688675366,0.0,0.17107476316630418,0.04943465614792204
88.1,rgbd,0.010729522684649637,0.009208925080363218,0.014527905354724266,0.030307438935796432,0.0055062106665717415,0.09868535045657335,0.08548385677775819,0.0,0.16966768920444592,0.0493083017871882
90.1,rgbd,0.010688337411704699,0.009171194363324803,0.011861577114565088,0.030956783535368883,0.005489057348631517,0.09863275186165966,0.08535325503302586,0.0,0.16995615145244758,0.049429157337253594
92.1,rgbd,0.010932040153222203,0.009389499522871932,0.012313725735441672,0.03053741319022744,0.005598821360040901,0.09916603460977054,0.08580316738763617,0.0,0.16884220762074814,0.04971638448716373
94.1,rgbd,0.010514438909307844,0.00905780319354071,0.012953706958153172,0.02835317014771162,0.005339440690245605,0.0,0.0,0.0,0.0,0.0
96.1,rgbd,0.01079798009128472,0.00930224413733493,0.013401578788160411,0.029829995252065603,0.005483122108908311,0.09688766985275703,0.08388016861197159,0.24988044240423876,0.16539857454804568,0.048490595821499866
98.1,rgbd,0.010718262919030169,0.009224244278519603,0.01403331852629945,0.030389263369315307,0.005458431779518317,0.09074119906843961,0.07785506015660311,0.23094992143571239,0.17026565289209744,0.04661067277340989
100.1,rgbd,0.010619922926534147,0.009164571588998038,0.010470031863778668,0.02906511407027559,0.005365947312046173,0.09857930827766763,0.08536642695206409,0.2323900006037393,0.1695142304402725,0.0492996264685782
102.1,rgbd,0.010575383490909217,0.009128743569163343,0.010515180571576263,0.029483380241918575,0.005338986498227365,0.09860069873927906,0.0852274903732618,0.23096967216446923,0.17010489908692428,0.04958197935288214
104.1,rgbd,0.010490670663483146,0.009098093922469259,0.009764667548241504,0.027744036889696067,0.005222916613118939,0.09776758441802635,0.08266299424756558,0.21047829976331733,0.1695039204646248,0.05220469274847661
106.1,rgbd,0.010736642782780493,0.009225657230513863,0.014310421103339644,0.030078467944670395,0.005492062172818123,0.09830197985658137,0.08481392179805276,0.2044622363025943,0.16772770184941324,0.04969786628173811
108.1,rgbd,0.010528521440181488,0.009086163505104761,0.011109945875192139,0.02865096363111485,0.0053189657335673485,0.09864219215158329,0.08518001707255311,0.19695350103910367,0.16773198512559795,0.04974582157316773
110.1,rgbd,0.010660942064747485,0.009169681377942985,0.01267839301004502,0.02890598109351551,0.005438072189196097,0.09852022489518919,0.08530603351226901,0.19819788484973763,0.16903186845067364,0.04928605644401153
112.1,rgbd,0.010412140606246616,0.009036653954019779,0.011003098105436725,0.024574124058224903,0.005172190765966427,0.09900087469837435,0.08572177556320584,0.19593860399456903,0.17003828856331332,0.049527269108386944
114.1,rgbd,0.010905613305920974,0.009360483278920041,0.011518326629623838,0.030930428641868034,0.005595869401919501,0.12291146510532923,0.11875927222704133,0.0,0.17056380474798766,0.031677492237266104
116.1,rgbd,0.012016687889742798,0.010004008721264682,0.014499353971614752,0.032538995427929755,0.006657371654365665,0.11415240420345589,0.10917584386430346,0.0,0.16371613143039573,0.03333776390141369
118.1,rgbd,0.010954750657236946,0.009391617100875042,0.013354143116148137,0.03089754211276006,0.00563951152076,0.11450230620726176,0.10952367858236889,0.0,0.1642546146474867,0.033396735717244705
120.1,rgbd,0.011038383848973893,0.009460969292123549,0.011830758388478106,0.03136924840158277,0.0056864732524459245,0.11574939690990432,0.1106580489891864,0.0,0.16600883972686029,0.03395171687725662
122.1,rgbd,0.010957411324513701,0.00937631991035204,0.011198063364099488,0.031020247150496633,0.005670051840443526,0.11099281915095932,0.10456461798823578,0.0,0.16542584472044747,0.03722427390899492
124.1,rgbd,0.010740844290171556,0.009266703824573081,0.011286507394373174,0.028250147663599668,0.005430832007469354,0.11185587834348668,0.10536776544989161,0.0,0.16643169446886685,0.03754159725011073
126.1,rgbd,0.01043955298311185,0.008967790802052376,0.016062577215277395,0.029067308748937204,0.005344435855899512,0.10882951012048009,0.10064496019119641,0.0,0.16862599131416725,0.04140596890758828
128.1,rgbd,0.01010079740382909,0.008712068212531395,0.011991388773628625,0.024886419322623456,0.005111357515709546,0.10236472937299279,0.0927833347584484,0.0,0.16423642865197366,0.04324107550359673
130.1,rgbd,0.007096662294825541,0.006010409019358631,0.005581301193347536,0.013537025819936262,0.0037732743270018037,0.07967346561486918,0.06806546243490805,0.0,0.1371675283639354,0.041412002446221584
132.1,rgbd,0.00976585572423504,0.0080442722359875,0.014388352563979717,0.030347370271464044,0.005537293763192898,0.051948147975045586,0.03832846927600751,0.0,0.11380509328857186,0.03506477607222641
134.1,rgbd,0.005621451890659481,0.004418510157043262,0.0056947338204634095,0.016420797173454554,0.0034752682416044622,0.07134621344448243,0.06122205869825943,0.0,0.11738790506500688,0.03663525217072378
136.1,rgbd,0.00837827316827124,0.00659640413379441,0.01298427132058355,0.028128748885047513,0.005165550675952549,0.02704620447597661,0.022405423203318068,0.0,0.05264079731124471,0.015149065569748973
138.1,rgbd,0.0102655268137713,0.008828959181038926,0.010771598884062183,0.029007300033747328,0.005237415445026872,0.08649988434348423,0.07397177105050445,0.0,0.16469448244693274,0.04483756325992635
140.1,rgbd,0.010606835043913262,0.009114023946539424,0.014930588187373065,0.028600516337311598,0.005425819491163747,0.08916664391531777,0.0765298038485557,0.0,0.16783598067762137,0.04575892820010827
142.1,rgbd,0.01018849803663021,0.008584235975131633,0.009587801385867097,0.027043933759717684,0.005487839735786159,0.09926866131227952,0.08600474130932284,0.0,0.1696104948101496,0.04957268997188389
144.1,rgbd,0.005816955987863383,0.004428787447352001,0.010745849406673311,0.024073247658791822,0.0037713152494742476,0.0302029792473263,0.02625796906945282,0.0,0.05116312837250143,0.014924443566246686
146.1,rgbd,0.01044533833113102,0.008914977966043642,0.014255833225680605,0.030001473181533404,0.005443184795388761,0.09690750569288367,0.08418215763311998,0.0,0.1669456843360634,0.04800446849876395
148.1,rgbd,0.010627639234378263,0.009153559671698367,0.011214694887884086,0.028765309567851876,0.005399913057888386,0.09914956036071712,0.08577642234067445,0.0,0.1708157314069153,0.04972967615174798
150.1,rgbd,0.010623275143907792,0.009124466205226054,0.01351808075724556,0.029368566381030588,0.005440412783314955,0.09832209526803933,0.08515617703487464,0.0,0.16996351496743453,0.04914936348217022
152.1,rgbd,0.010681331582180362,0.009215906987109114,0.01447148746719353,0.029244806696148987,0.005399805808863601,0.098623005354191,0.08542754604416607,0.0,0.16814508735587388,0.04928114813967582
154.1,rgbd,0.01075592821427125,0.00919367650245115,0.013636700938153768,0.03171935522809287,0.005582678937466663,0.09855278268848312,0.08544374545786149,0.0,0.1685069582721611,0.049112293143118
156.1,rgbd,0.010651300999816442,0.009208625174285888,0.012324637070344913,0.028342969107884607,0.005352703558782143,0.09879163645289613,0.08558095551773422,0.0,0.16955461799104934,0.049352684685970136
158.1,rgbd,0.010176974082772712,0.00889529401117374,0.00546462958564647,0.017774287239148263,0.004944142588579346,0.09883432734190518,0.08551950297158611,0.0,0.16967847770473427,0.049544312212601554
160.1,rgbd,0.010760890968579533,0.009182157875076051,0.013167817261691564,0.03174176670656527,0.0056111274441804845,0.09876699229617418,0.08548672027434222,0.0,0.16981687257017988,0.049466548535034204
162.1,rgbd,0.010741644515492824,0.009269630558149052,0.012226007576516793,0.029000502188540778,0.005427418927321378,0.0987877217040209,0.0855447639039312,0.0,0.16837919901551368,0.04940756347050272
164.1,rgbd,0.009021796123084814,0.00760931008532182,0.005975323536796786,0.01781386317889947,0.004846772669718252,0.09661832522658012,0.08425195668691188,0.0,0.165664337723105,0.047293853342859814
166.1,rgbd,0.004181811245514711,0.003633309018575111,0.006628375297836783,0.009688130718220596,0.0020704132120555213,0.040332748735421406,0.035419702583054,0.0,0.07594926064557356,0.01929184515495174
168.1,rgbd,0.00844397347945742,0.006361281635961985,0.015346540771883733,0.03169562189286938,0.005552907713059264,0.0935130975711783,0.0817115554280128,0.0,0.1689799887630757,0.045474400786503
170.1,rgbd,0.010703061343792335,0.009226826665297118,0.011585113165241552,0.02899883342228698,0.005424130512583915,0.09916332115131091,0.08586997011683999,0.0,0.1712535061868774,0.04959548864454344
172.1,rgbd,0.010447380294745973,0.00896762099273774,0.012408266877185282,0.029364895186239078,0.005359993353881689,0.09815126697728276,0.08501773212955493,0.0,0.16998378591992638,0.04904749160551515
174.1,rgbd,0.01172985796259047,0.009832641999609006,0.012723812738196276,0.031268558810109634,0.006395992427299463,0.09717187346015128,0.0841596218600876,0.0,0.16644855427239952,0.0485750042730077
176.1,rgbd,0.010664900029776787,0.009133961755565695,0.013860728381852448,0.030592151764507563,0.005505527703408291,0.09811603406885211,0.0850164694422258,0.0,0.16693166881514968,0.04897913907960444
178.1,rgbd,0.010492614279836112,0.008785751448586177,0.014222390648172647,0.02867128612521522,0.005736333838706267,0.07957961221721756,0.06891458176048645,0.0,0.1363804872443852,0.039795666867385816
180.1,rgbd,0.0110929142114145,0.009484712166637271,0.011706537300479698,0.03160108259122745,0.005752649895295619,0.09932168756145454,0.08600865551891389,0.0,0.1702986842694094,0.04967201219886301
182.1,rgbd,0.010856716945374413,0.009343327096086486,0.01129325603269923,0.02981885641968218,0.005529063357162401,0.09930253783786205,0.08599128759277105,0.0,0.17113004734876316,0.0496637944500555
184.1,rgbd,0.010554231942886348,0.009085422377646542,0.010654423030672287,0.028841430867802356,0.005370932146657781,0.09876636941844885,0.0855740370698363,0.0,0.16869467793457132,0.04931409441196086
186.1,rgbd,0.010772064890463437,0.009222482888192359,0.013334896125140288,0.03163428247031497,0.005566254699648066,0.09856268961469601,0.08530916073155131,0.0,0.17075967748264856,0.04936548267120712
188.1,rgbd,0.010488118168251391,0.009052815007866444,0.010421424936598773,0.02918193856810919,0.005295957245347907,0.09789633795605183,0.08472541061116365,0.0,0.16906894190004257,0.049043835310620135
190.1,rgbd,0.010455681003325062,0.008891136433913056,0.01198992420922156,0.03067485765037189,0.005501723198856556,0.09863667649913965,0.0854538008962127,0.0,0.1682551937602362,0.0492629867465054
192.1,rgbd,0.01081580544007179,0.0092811555652235,0.01204975816492551,0.029908705543451933,0.005553539294144534,0.09830327002690682,0.08521879783380878,0.0,0.16773347661234247,0.049002952908405256
194.1,rgbd,0.010504549549824889,0.009032489218778268,0.010691337162447741,0.029943288098500366,0.005362807078142995,0.09633999456668257,0.0833695236317115,0.24902842102242598,0.16665915558929761,0.048279572103840394
196.1,rgbd,0.010537894926071238,0.009052142467281317,0.012085267337751254,0.029543055196311934,0.005394992699249927,0.09688648373311366,0.08379621739666988,0.24590143769885822,0.16864351182033926,0.048633164406369195
198.1,rgbd,0.010231088588103468,0.008761455324039942,0.01133248984194703,0.02835219427990086,0.005283187892028179,0.09522806084218725,0.0821081405333311,0.23803470806956994,0.1667444895239373,0.048235223954306135
200.1,rgbd,0.010735105069397774,0.009245650645532372,0.012917327564465921,0.029665217954752566,0.005455311631041496,0.09847232028265442,0.08529270261855668,0.23919488850524595,0.16825321129265752,0.04921333906444596
202.1,rgbd,0.010126063804299514,0.008805498160311443,0.009081637223464618,0.019914916254798676,0.005000037031612521,0.09491379480509946,0.08182854512549338,0.21844443976418795,0.16664465374703835,0.04809072308615892
204.1,rgbd,0.004087161525164942,0.0034028074669730547,0.008070500268960456,0.013878429699533993,0.0022640209088038567,0.05234716402113613,0.039105742061820103,0.0855944825036422,0.13338553951709523,0.034798944220336955
206.1,rgbd,0.00859614106079697,0.006805596746734537,0.015400592830924527,0.028989142530752122,0.005251427811362923,0.08211355858210734,0.07053011792144935,0.21473072288404138,0.16458314117135509,0.042049244571140905
208.1,rgbd,0.010697979400544236,0.009158590738469868,0.013307131717136817,0.03174472679215187,0.005528741171341158,0.10044198669739292,0.08606247697513839,0.19917272747159062,0.1683476149098602,0.0517865112613606
210.1,rgbd,0.010111229289281107,0.008804676343502847,0.007446304108434446,0.017564727800054553,0.004971381319771944,0.10239497772946032,0.08891115424697357,0.1881644440418915,0.1712933259048178,0.050789153514185975
212.1,rgbd,0.008316005212586523,0.006853372377280219,0.006798446523736608,0.016708188029018144,0.004710332233940479,0.11187997875545343,0.10549010116929558,0.0,0.1662191732478719,0.03726886370165441
214.1,rgbd,0.0032243542002782905,0.0028399201431048736,0.004210400948706208,0.009012252087194519,0.0015268639722121433,0.033227706006289874,0.030648611323945512,0.0,0.0519124376237946,0.012835227709477967
216.1,rgbd,0.005963235857899472,0.004146620919070542,0.013525972833386255,0.030449193154573683,0.00428552410452498,0.03198876243071074,0.028988984472808153,0.0,0.051515905888831565,0.013524780999474214
218.1,rgbd,0.010524639489677788,0.009079568155500458,0.010617735867201607,0.02885231444358904,0.005322544363113112,0.09677102930116338,0.08261048818643985,0.0,0.16667093738544744,0.05039979517423364
220.1,rgbd,0.009704731613745498,0.008418511722136464,0.009409847924999857,0.01742452415853747,0.004828092385102238,0.09691041399383869,0.08274076082165681,0.0,0.16642963490199517,0.050453888245709975
222.1,rgbd,0.003243396373961638,0.0028510970477213576,0.0038673437729606895,0.007605235607930602,0.0015462424334825573,0.0313104683173042,0.026785743237259765,0.0,0.0538634799070897,0.01621324722184001
224.1,rgbd,0.0036229431063359405,0.003125842132287702,0.006051102108546167,0.009180974010001924,0.001831618878413899,0.042164904307119624,0.03588824357711745,0.0,0.07276836749650586,0.022133981299758142
226.1,rgbd,0.008419087314564337,0.007211310176823097,0.010404028542120752,0.02590481395719667,0.004344886275140669,0.06846872235116379,0.05632833527779639,0.0,0.12398294727019185,0.03892408746821066
228.1,rgbd,0.010465624416634822,0.009022830604174206,0.010648449877092648,0.029286291664997535,0.005302624097410665,0.09032203439950891,0.07383742006505599,0.0,0.168883957300058,0.05202023929397613
230.1,rgbd,0.010133559223124542,0.008657685578345375,0.010978425231234469,0.028555396451714017,0.005266260813431385,0.08985601990960908,0.07339908718861461,0.0,0.1681792904355108,0.05183317773274384
232.1,rgbd,0.010762356361033029,0.009230212017637967,0.01495004204168228,0.029764232840252355,0.005534573204079946,0.08569545178043562,0.06997640819061435,0.0,0.16364571822453092,0.04946728972354854
234.1,rgbd,0.010539763205609193,0.009125030311612707,0.01020551302681675,0.02866339389803055,0.005274507582937263,0.08654584213762342,0.07069093595729686,0.0,0.16515466103177287,0.049929694218889285
236.1,rgbd,0.010831115278263128,0.00927299530693165,0.013545634601562818,0.030826626138876122,0.00559683984125404,0.08542835582532302,0.0701504086677488,0.0,0.1655937584708536,0.048753709015477306
238.1,rgbd,0.01064084995663641,0.009177011084392814,0.010463551218594526,0.029125614537532412,0.0053861076257888186,0.08465486324255744,0.07119542341360098,0.0,0.16538963820372937,0.045800191654338955
240.1,rgbd,0.010665770375762143,0.009198503749703851,0.010688779137389902,0.030206916015754946,0.005398720818413336,0.08596310505256476,0.0723197737424014,0.0,0.1681818355824479,0.046470482632808466
242.1,rgbd,0.010577821881374839,0.009119340688256684,0.010551802827531981,0.029673465913264006,0.005359845255751181,0.08572363622230435,0.07206160044714519,0.0,0.16736217860185462,0.046429166998450185
244.1,rgbd,0.010523849934142722,0.009100939036381078,0.010183800176611617,0.02823771392673935,0.005284347272126503,0.08707938674413583,0.07443185567334648,0.0,0.16564924330543837,0.045196442965756686
246.1,rgbd,0.01045526437093516,0.00902973474428565,0.010380796756022699,0.028731447682476527,0.005270336186049873,0.08550959857135457,0.07307257856708467,0.0,0.16324286968536206,0.044410468466246134
248.1,rgbd,0.010585647260433834,0.009122399595230342,0.010600149291138112,0.02954913861298669,0.005370079473087122,0.08620144394866208,0.0736324617407863,0.0,0.1643201420771789,0.04482130650512068
250.1,rgbd,0.010497046285502576,0.009056702803473392,0.010434965132155256,0.02926264897139249,0.005306987379817352,0.08589755614518858,0.07352194243472811,0.0,0.16237474946739633,0.04441749804232958
252.1,rgbd,0.010547140787176064,0.009106783932462961,0.010247946115609483,0.029224498013866923,0.005320588801246283,0.09193478328138019,0.0792939924473445,0.0,0.1691899565514275,0.04652383409344951
254.1,rgbd,0.010502146207448243,0.00905790321528412,0.01043234213851306,0.02941626800911382,0.0053150225121973965,0.0909792206903815,0.07842919137062163,0.0,0.1677354035113598,0.04610944088122897
256.1,rgbd,0.009746868299168506,0.008451431796370545,0.008914620777359768,0.023595038268024015,0.004855382810101885,0.09137967982629495,0.0786922598759502,0.0,0.1685543510052505,0.04645184733433207
258.1,rgbd,0.008461837636231262,0.0072964564278664434,0.009476779180711386,0.023341133089707016,0.0042853727700383655,0.07476160271609539,0.06446348971281562,0.0,0.13678145527610372,0.03786496711638602
260.1,rgbd,0.01032729789191041,0.008869093545153577,0.010902650745320474,0.029701663282712898,0.00529077134599222,0.09089066217343632,0.07842150249744771,0.0,0.17014713999813502,0.04594758335721836
262.1,rgbd,0.010444103564109006,0.009007113739041233,0.01046163907142994,0.02850321908603342,0.005286889572310838,0.09182902200562088,0.0791883755094952,0.0,0.16858030507883862,0.04649484344178378
264.1,rgbd,0.00844594019211843,0.00702018985729061,0.006000100260714312,0.016074795972853582,0.004695832204885043,0.09190200276094246,0.07922042884214164,0.0,0.16922707178401689,0.046584351079943645
266.1,rgbd,0.008314600350596156,0.0067662570012310234,0.011529813012994257,0.02655132244046881,0.0048322194883330645,0.052503646671578835,0.04054017809747256,0.0,0.12054172457346389,0.03336355607004741
268.1,rgbd,0.010467954089939002,0.008995707540142167,0.010591529956672972,0.02946938206888471,0.005353065353729578,0.09184312297269301,0.07928699026811323,0.0,0.17163229607761932,0.04635442170496065
270.1,rgbd,0.009567802879229528,0.008150578157732779,0.01147016868183186,0.028803054616806517,0.005011080485332699,0.08460790729161623,0.07374463236375824,0.0,0.14306700787970422,0.04147562143959833
272.1,rgbd,0.010432523915333761,0.008982416392552671,0.010523128389452385,0.029472715007676106,0.005306010836288589,0.09181354402305096,0.07916586552384676,0.0,0.16915152254348564,0.04650260854976772
274.1,rgbd,0.010479173206342198,0.00902705260858253,0.010393468121442914,0.0288594290277952,0.005322160490853648,0.09185521603779163,0.07921217369028709,0.0,0.1684197604967172,0.046506045334011835
276.1,rgbd,0.010420105320234537,0.008989611114411522,0.010079091808789955,0.028213879207659796,0.005269296622551148,0.09859737646045794,0.08541933690804462,0.0,0.16914252524401843,0.04924408113748527
278.1,rgbd,0.010453638503073685,0.008980053912648474,0.010591564517484336,0.029595961861601364,0.005351372691083238,0.09843562290281996,0.08524806576536442,0.0,0.16865470514767425,0.04921726464900581
280.1,rgbd,0.008972113698311504,0.0076876121259949045,0.005365288836005266,0.0160206023850012,0.0046259533088526756,0.09865473844016082,0.08539322574768207,0.0,0.17101745569941995,0.04940399187415885
282.1,rgbd,0.005554120642759374,0.004231676294690957,0.010145078555755421,0.023291541029071088,0.0035973840288849356,0.03099632189341002,0.02683379778486626,0.0,0.05356684326603344,0.015515130272118134
284.1,rgbd,0.010217780382437206,0.008816475955412382,0.010518550631778116,0.028692468550926924,0.005164570424667855,0.0979065663527538,0.08504680545664663,0.0,0.17007337898216007,0.048505016406609744
286.1,rgbd,0.010514817576351351,0.009078125356546918,0.010668291213809744,0.029750014081540495,0.005305565820416068,0.0980664588692826,0.0849769607215738,0.0,0.16771308437557286,0.04894840652855619
288.1,rgbd,0.010619247921897492,0.009094820580554714,0.014560714410686255,0.031276340468623605,0.00548203110482261,0.09818451946489135,0.08512237009498332,0.0,0.16791113586312775,0.04893242250251174
290.1,rgbd,0.010902290172112496,0.00935797163979185,0.010625429411056113,0.030274325890744042,0.005593594352989158,0.09805341682907398,0.08491579169457164,0.0,0.16685921448268373,0.04902836804076025
292.1,rgbd,0.010971006007407332,0.009404999762597604,0.010718581105933872,0.030678220961902994,0.005648800959505196,0.09828448544396896,0.0851926517461063,0.0,0.16837185533927837,0.0490107352266052
2.1,rgbd,0.010285890637264546,0.008990720022682346,0.0032366276075772057,0.01801149731468845,0.004996648844526219,0.09784563065467548,0.08470637058738666,0.0,0.16668144661153556,0.04897548591002939
4.1,rgbd,0.02909619597593352,0.018420280532865305,0.03538350550403752,0.11150565680147131,0.022522919112772075,0.0,0.0,0.0,0.0,0.0
6.1,rgbd,0.007126030566069576,0.005702057084455434,0.007321032557292676,0.015364793714711257,0.004273974337097672,0.0812643212402953,0.06217876644022797,0.0,0.16720086545976237,0.0523229482217649
8.1,rgbd,0.00738375211284296,0.005485131615737841,0.01583662687043264,0.028424163185100253,0.00494298760082868,0.011458818137753912,0.008821033372316272,0.0,0.030321660322750896,0.007313951282214053
10.1,rgbd,0.010143897504215344,0.008832915304076568,0.01079434324960445,0.02501239944185202,0.004987811524810881,0.06935501129626144,0.0543135088097364,0.0,0.1510722993617958,0.04312957630998987
12.1,rgbd,0.006600059520757374,0.005192260066456708,0.006883818998116702,0.017166068581036045,0.0040744596058641955,0.05317677024661896,0.045631649555034896,0.14610982356054147,0.09643191673807981,0.027304238732258797
14.1,rgbd,0.006637339494573089,0.005007427458605274,0.012746315152268118,0.02672082495917702,0.004356597963207722,0.021776382874507054,0.01714277370318029,0.06273729883676986,0.04882171250009486,0.013428929996789558
16.1,rgbd,0.009604344548934924,0.008138509138352101,0.013702829105947844,0.030945885403798116,0.005099814037748377,0.05772857685041365,0.04576736129765127,0.17438431400407364,0.13278046821759787,0.0351843320957549
18.1,rgbd,0.00982847383426431,0.008561164973403809,0.00823443648852571,0.019703649757714645,0.004827561725030759,0.07579349217710621,0.062110790618358835,0.2044920745776312,0.16635417106597225,0.0434384984220616
20.1,rgbd,0.009984640348672883,0.008772485626512264,0.003089771359425636,0.016374390851962496,0.004768284683718281,0.07423414754350395,0.06122547764690947,0.18435845553085853,0.1663230047352871,0.04197796503427127
22.1,rgbd,0.010668902681167446,0.008994470052978312,0.013747823907572615,0.03372755259962565,0.005738030401304811,0.0747831609612678,0.06160327780139011,0.19390586457879763,0.16453625882334288,0.042397609926547106
24.1,rgbd,0.010850049967142575,0.009179037469771162,0.013427220718382902,0.03464492377278277,0.005785227343676966,0.07497749134753504,0.06169459381461015,0.19409200597550805,0.16540799566408182,0.042607526363542376
26.1,rgbd,0.01076671628251923,0.009096762818831223,0.01341014759249758,0.03406697764637275,0.0057594344970834125,0.07682943379586753,0.06315556308063197,0.20530896310302424,0.16522003790343381,0.04375084855590696
28.1,rgbd,0.010732226605012066,0.009120015670148595,0.012846380516256172,0.03300912727201509,0.0056573847383374004,0.07695104499684935,0.06340486449612354,0.2055266788998757,0.16397802023396463,0.04360374392566935
30.1,rgbd,0.010735887483231413,0.00910331946288211,0.013107980145425578,0.03372720681686747,0.0056911206988884576,0.07703522657244191,0.06328017675530989,0.20607211311471726,0.16505888174682778,0.04393228155791819
32.1,rgbd,0.010783726094287478,0.009128466088049679,0.013474178835001837,0.03436197418298079,0.005741067440462937,0.07704556165620148,0.06335686292257581,0.20623612599074312,0.16480051745655575,0.043839782065259895
34.1,rgbd,0.01069075902093892,0.00907853962139666,0.013131657793928518,0.03303294681701093,0.005645568774403326,0.0770973980525735,0.06363660467848543,0.19284233685064026,0.16674741300118245,0.04352460604613361
36.1,rgbd,0.010732543306490408,0.009145122443990348,0.013305952717640448,0.03291363725555725,0.005617314421511052,0.07723502510263769,0.06383820834289797,0.19338240122031997,0.1663497746683475,0.043473351126567465
38.1,rgbd,0.010775421085316712,0.009161757290871285,0.013670871732472832,0.03402157206488392,0.005672028112505687,0.0798222608579117,0.06604773740741147,0.19290227932925072,0.1675185092557819,0.04482510135883823
40.1,rgbd,0.008897662247753645,0.007512607129612917,0.012590618508457732,0.02950750502348591,0.004767507482027647,0.06366287533903175,0.05291553457756168,0.1468440685709185,0.1327676626244463,0.035396439041293006
42.1,rgbd,0.010791185743726905,0.009168686647372882,0.013080245867510488,0.03363852078740517,0.005690771030176934,0.0789154585591098,0.06570155435275524,0.1831696724275723,0.1642412132943076,0.043714475351152526
44.1,rgbd,0.010734317423688139,0.009109541176172147,0.013328481325367578,0.03385514108764594,0.005678188981719343,0.078944813416911,0.06559847755637944,0.18305821595553295,0.166744417077957,0.043921786253704125
46.1,rgbd,0.009551428319137363,0.008164195375550487,0.01177061464803469,0.027177725953838366,0.004957388103170783,0.07171449438468898,0.06049814646305195,0.1650259981528964,0.14106587862887232,0.03850899868065521
48.1,rgbd,0.00989354240955772,0.008296302996710756,0.014059108818350315,0.033368958062158456,0.005390133393199586,0.06797375198435968,0.05553549550157466,0.15610702168352628,0.15415049527181715,0.03919489377745297
50.1,rgbd,0.01073243767607295,0.009135348741809544,0.013475168955088952,0.033535066578990975,0.005632994038369732,0.07891154697530578,0.06569564796426847,0.18301688069235283,0.16487093148031026,0.04371629083752189
52.1,rgbd,0.01069900938030355,0.009107933373407725,0.013314614877692326,0.033148260510532906,0.005613764457597872,0.07854041045967913,0.0653541632178186,0.18200180840343935,0.16400670812711787,0.04355949294096064
54.1,rgbd,0.010048950278909738,0.00866541351274038,0.011347684790187123,0.026877805097176813,0.0050884192399228015,0.07841668567266818,0.06529643670002527,0.18171725931616176,0.1638788938376589,0.04342294262444261
56.1,rgbd,0.006707769245962774,0.005112628283954262,0.012682482273408536,0.027130105834784212,0.004342257510465599,0.046290448663408756,0.03466272840389086,0.1040539962675956,0.12271640329321173,0.030680627390224268
58.1,rgbd,0.009289081004807964,0.007785137482097035,0.013654076955803516,0.03223183976764953,0.005067411597525112,0.0684936844776411,0.0566894432233947,0.15628178937914652,0.13500509613361414,0.038440757541236936
60.1,rgbd,0.010687299821997811,0.009098853093985457,0.013041033670862946,0.03315347109328314,0.005606179613546621,0.08422998260439854,0.06956925985167214,0.19311375818652746,0.16634904092274308,0.047484819187060184
42.0,rgbd,0.010703083910823495,0.00907662191052364,0.01315245969679913,0.033423278375538074,0.005671943220407881,0.08584356941477464,0.07038970362459147,0.0,0.16675567270663613,0.049136626191786964
644.0,rgbd,0.009723188697889781,0.008348289510003134,0.01110594314151855,0.02683100307242481,0.004984622424210605,0.08612124534810875,0.07074594031592452,0.0,0.16651345966612321,0.04911090336294772
646.0,rgbd,0.009232267547486194,0.007639443795943292,0.013880719213616298,0.03379637403133546,0.005183981342268725,0.07012777155466507,0.05757462926580786,0.0,0.13604323357363762,0.04003831175421954
648.0,rgbd,0.010523126100636174,0.008861019998509467,0.013441031287320247,0.03406133696766743,0.0056761349099458125,0.07842014504283458,0.06451720569500359,0.0,0.15483111599755633,0.044578574650248844
650.0,rgbd,0.010880001347692608,0.009190350694009286,0.013601492396999764,0.03492894229309277,0.005823391060792329,0.08647847578504932,0.07094317903016426,0.0,0.16720249302429122,0.04945292835818141
652.0,rgbd,0.010771056032148429,0.009090059007684875,0.013500678965252328,0.03469597749154484,0.005778103087042332,0.08552298555887565,0.07016297789141428,0.0,0.16565764101272568,0.04890130460746994
654.0,rgbd,0.01073552262319272,0.009109831701829395,0.013005445849250266,0.033197262555036876,0.0056800010878015565,0.08671481448466502,0.07109721322439964,0.0,0.16823696936893312,0.0496451943579046
656.0,rgbd,0.009549454748071558,0.008344636309528215,0.006590520905168392,0.014564702595261799,0.004643181112897681,0.08671123423900189,0.07120999913805402,0.0,0.167405466454422,0.0494770064374291
658.0,rgbd,0.008775532483109383,0.006738861867785235,0.015501797145945784,0.03392780431381662,0.0056211841358398875,0.026046749067324623,0.021372716195581506,0.0,0.05297634276324725,0.014887583396888296
660.0,rgbd,0.010646615031799669,0.008989053188133079,0.013331332893300395,0.03441648200339404,0.005705027117924787,0.08584662515482999,0.07036834738288136,0.0,0.16588252663877512,0.04917254047815734
662.0,rgbd,0.010795983358918442,0.009078844446558855,0.013413793466502262,0.0350083278526183,0.0058419038164994955,0.08534184163556441,0.07003266381485676,0.0,0.16539449562645242,0.048771466378867555
664.0,rgbd,0.0107255149499086,0.009073991817033895,0.012587123589138572,0.03323422006371932,0.005718333974604381,0.08585512373255783,0.07086418042372973,0.0,0.1680401022640045,0.048470302289194495
666.0,rgbd,0.00793818959403175,0.006404197693271662,0.012808103481490926,0.027852673140813994,0.004690533651546256,0.07014262635976078,0.05840059899932842,0.0,0.13217856411386797,0.03885045777290978
668.0,rgbd,0.009305050538247425,0.0077012209634179495,0.014069392875760756,0.034287723832117124,0.0052225627034962994,0.07236880681410172,0.06214889339537375,0.0,0.1362908062147139,0.037077746013306226
670.0,rgbd,0.006432776801677843,0.005100212312025021,0.006891366655601387,0.014354118225569812,0.003920261694386361,0.0821319363357191,0.07224583515261919,0.0,0.1381774660637193,0.03906653643919804
672.0,rgbd,0.00871051571715883,0.006405993580027679,0.017428195269737583,0.0345970584762279,0.0059022309605364625,0.012038348813610364,0.010323187577580988,0.0,0.020753182734300196,0.006193031599808904
674.0,rgbd,0.010689540616473496,0.009054589166995168,0.013198563620665385,0.034004634482373265,0.005681610124618752,0.09764890778207908,0.08453811121184533,0.0,0.16834248418444675,0.048873478940695984
676.0,rgbd,0.010769265402141966,0.009113694584366916,0.013604817282465292,0.035108807596504546,0.005737390375828812,0.09823278332837988,0.08515517602046563,0.0,0.16805110100034437,0.04897219330767148
678.0,rgbd,0.010302458468506696,0.008909133773715064,0.010536853964606002,0.027049533723435208,0.0051737786865457365,0.09866501939041253,0.085449027106781,0.0,0.17063426757468828,0.049327982097538574
680.0,rgbd,0.009782423154945739,0.00823123574950917,0.012767135077721058,0.03142303612644337,0.005286072343282935,0.08760074357396878,0.07668488090897584,0.0,0.15164299642877271,0.0423476010499819
682.0,rgbd,0.01002537352357189,0.00847327037861943,0.012383626066029914,0.03142362733483329,0.0053583396101728005,0.09537489910801195,0.08304329168478797,0.0,0.16434176781465207,0.046906109261147216
684.0,rgbd,0.010656066884432032,0.00898792293154764,0.0135243978033066,0.03448998383991266,0.00572442161463052,0.09357336681280044,0.0811719847689284,0.0,0.16526624304242152,0.04655194802965565
686.0,rgbd,0.010758225474822207,0.009080761018174222,0.013641375024142983,0.034731718207202666,0.005768812243254323,0.09864455677940094,0.08545813927745853,0.0,0.16861632826253062,0.04927123921152134
688.0,rgbd,0.010724980280108634,0.009096220113992005,0.013182698896496654,0.033266322091589744,0.005681899475221852,0.09863647760505787,0.08550837627045088,0.0,0.16976615333662148,0.049167797407694364
690.0,rgbd,0.01058625803729466,0.009055187933307915,0.012186521346355148,0.030722685093604322,0.005483833579227269,0.09819992438214681,0.08504330244358918,0.0,0.16721019450319766,0.04910052808420263
692.0,rgbd,0.010243887162883816,0.008621728320641488,0.013289388170211146,0.03327557498828721,0.0055320000877570824,0.0,0.0,0.0,0.0,0.0
694.0,rgbd,0.010735656842537036,0.009108283931876467,0.012998754785218697,0.03381164097899951,0.0056827362825520285,0.09807233281230461,0.08492277690175935,0.0,0.16657666417906278,0.04905409693941423
696.0,rgbd,0.010704769736006503,0.009093585287540486,0.013039316338382692,0.03392324702991653,0.0056479024176368285,0.09791354728685096,0.08481783250075982,0.0,0.16769145371876343,0.0489182791210755
698.0,rgbd,0.010653924465178112,0.009060996309954467,0.0128017281407777,0.033380500110968936,0.005603967557071708,0.09799526460092514,0.08479252527237334,0.0,0.1692784275406944,0.04912534521140043
700.0,rgbd,0.010669353756506012,0.009058426210433866,0.012920802210010823,0.03376442532565722,0.005637377419651244,0.09779066361966955,0.08467829690837515,0.0,0.1674225769886565,0.04891420983592008
702.0,rgbd,0.01067372788054787,0.009093000946056062,0.01290304522862081,0.033130894075800665,0.005589794331011514,0.09754810176872566,0.08434954252298259,0.0,0.16841164577408846,0.048997824797078635
704.0,rgbd,0.01057406445433051,0.008999917001938857,0.013254139639929182,0.033177577474996785,0.00555088578900232,0.09787595151902159,0.08482428369382816,0.0,0.1663946647426004,0.04883178044657825
706.0,rgbd,0.01092326336340078,0.0092090888812246,0.013471626402020738,0.0361039771132705,0.005874552279443875,0.09831784723883323,0.08512485236534609,0.0,0.1669769160927434,0.04919510743414003
708.0,rgbd,0.0104104079995472,0.00873594944523242,0.01384825577423359,0.03525420726209773,0.005662135816754993,0.08448812121281457,0.07243787325047868,0.0,0.15380260564951803,0.04348559698358563
710.0,rgbd,0.01094605527809663,0.009271819372898862,0.013106247457284488,0.03551068828076609,0.005818031597326066,0.09850279602053469,0.08529775926780198,0.0,0.16946296293113053,0.04926553651139063
712.0,rgbd,0.010912287596076108,0.00926637920238697,0.012846305176629678,0.03405549545024797,0.005763005904651381,0.09867415240787415,0.08557480813657171,0.0,0.16871360906081087,0.049127798299957594
714.0,rgbd,0.009304279096938185,0.008054528980443643,0.005529130832986686,0.015897228599008648,0.004657700335671494,0.09828864645101286,0.08506724825320448,0.0,0.16980819273768016,0.04923638183091729
716.0,rgbd,0.005478684561724144,0.003687086449603358,0.012607186677025418,0.028579386469240114,0.00405232995201844,0.02402278705216935,0.019229128464788817,0.0,0.05321217966111904,0.014399129009718742
718.0,rgbd,0.010253303809072212,0.008592321791833259,0.01332427782157187,0.0339516968309028,0.0055948409474016365,0.09138691091400801,0.07994619311184178,0.0,0.15426753676718327,0.044273848865091205
720.0,rgbd,0.009966665806582313,0.008554754653963409,0.011244395846079665,0.027310442053319846,0.005113765746550037,0.09227629212900713,0.07891096628217442,0.0,0.16166503999251416,0.047832765856590395
722.0,rgbd,0.008954985742842293,0.007508449467866967,0.013103004778098027,0.031047217002816294,0.004880056991777554,0.0801602214342183,0.06942267577132434,0.0,0.13753449536099885,0.04007684105730501
724.0,rgbd,0.010345731266138608,0.00872943532436351,0.01364654985601636,0.03343599299053532,0.005552577270863729,0.09067502013440594,0.07947776723361848,0.0,0.1518453053042246,0.043649098409173186
726.0,rgbd,0.009931316118291655,0.00852895563930396,0.011334416466284476,0.027293341039064223,0.005088020788501635,0.09894111225293407,0.08564394724579559,0.0,0.17088850857913884,0.04954248675639003
728.0,rgbd,0.009276796502072996,0.007711117048894621,0.013825958585196153,0.03296474285089376,0.005157288744982237,0.079701000210296,0.06903133446673766,0.0,0.13564290130757312,0.039836218398123534
730.0,rgbd,0.010401292192346362,0.008801440291703946,0.013217689325556743,0.03301588598930142,0.005542700430488349,0.09367056092683049,0.0802726553315597,0.0,0.16440654008606098,0.048274991355438716
732.0,rgbd,0.009153330565194242,0.007832362962605257,0.011586818393949365,0.026535235794940104,0.004736829198707567,0.08027831264195331,0.06951492992943717,0.0,0.13657134538609936,0.04015323147076261
734.0,rgbd,0.009979283278102748,0.00837764842403838,0.013371579128420637,0.03264641947998629,0.005422278269125288,0.09708617406932826,0.084434684984191,0.0,0.16434292919038113,0.0479219069637294
736.0,rgbd,0.010415738937775422,0.00862821086258239,0.014718860192950354,0.03666841725500012,0.005834517540526068,0.09536512728907753,0.08309870492179998,0.0,0.15732336535983654,0.046787955107928964
738.0,rgbd,0.010302153162713485,0.008722713183561406,0.012506056414217277,0.03245174605204317,0.0054816634797597245,0.0986315560277093,0.08541357732719637,0.0,0.17001070710933774,0.049322455865642045
740.0,rgbd,0.010626720563863132,0.008846756389414503,0.013933628229705576,0.03654153297377205,0.005887452023480555,0.09877344584776386,0.08543441534349398,0.0,0.16961075013060095,0.0495696911384013
742.0,rgbd,0.010146287605538812,0.008545191097770705,0.013012001497698418,0.03287183878470866,0.00547054487934162,0.09803640581436299,0.08485284601872706,0.0,0.168717493603141,0.049103272676275435
744.0,rgbd,0.01086557430771358,0.009132969623873503,0.01363981509586104,0.03589928271825895,0.005886388611521444,0.09838993978664007,0.08511344345979095,0.0,0.16989400107159025,0.04935870737403508
746.0,rgbd,0.00991810418218774,0.008299780882848192,0.013129262295495032,0.03313231924105562,0.005429772358528267,0.09766137422197803,0.08467244188296456,0.0,0.16479670873369268,0.048665404554993935
748.0,rgbd,0.010799122750980036,0.008962116133364152,0.014494657468017081,0.037215403055654094,0.006025074821346918,0.09969258378513464,0.08635155240369966,0.0,0.1709242073675602,0.049819882167937736
750.0,rgbd,0.010766011280422573,0.008938151449583726,0.01418390718847839,0.0370796477246189,0.006001370473024508,0.09824875891251612,0.08506239444521296,0.0,0.16875451326432248,0.04916510631633697
752.0,rgbd,0.01067034927336464,0.008860022999508914,0.014169850386198751,0.035976264662027885,0.005946120253052938,0.09863372226436205,0.08541449677353065,0.0,0.16939487782816742,0.04932519547500882
754.0,rgbd,0.008821903489699396,0.0073624365897768974,0.012209002925070931,0.029288728153993644,0.004860093480899795,0.07956484391023577,0.06891121934480343,0.0,0.13620734249758953,0.03977195286722257
756.0,rgbd,0.010439160822060062,0.008808331052901358,0.013181942689087693,0.03347012317347996,0.0056026228439300975,0.0936398291594924,0.0806280574065491,0.0,0.16577988515721948,0.047618630428280316
758.0,rgbd,0.010413789219605365,0.008836714685782694,0.013068149830720369,0.03205778581453309,0.005509943690496425,0.09590488626712611,0.08351910137845568,0.0,0.1646829072952698,0.0471413503714694
760.0,rgbd,0.010424226919334808,0.008778383354077825,0.013537977702126402,0.032662063319885255,0.005621787309622608,0.0,0.0,0.0,0.0,0.0
762.0,rgbd,0.011202685014172493,0.009477872652552049,0.013398665301402015,0.036764233730505205,0.005972443512396827,0.0,0.0,0.0,0.0,0.0
764.0,rgbd,0.01091500651011956,0.009273198442973243,0.01304364982393027,0.03478533361213731,0.00575718314396815,0.0,0.0,0.0,0.0,0.0
766.0,rgbd,0.010226488968092279,0.008595795461544646,0.013737829157748162,0.034117258020052256,0.005540160376541602,0.0,0.0,0.0,0.0,0.0
768.0,rgbd,0.01095226529239189,0.009232381386886496,0.014326009695717182,0.03605527399399348,0.005891964779426619,0.0,0.0,0.0,0.0,0.0
770.0,rgbd,0.009872170274159068,0.008454645021508432,0.011424746458773989,0.028241003899124824,0.005096932752378889,0.0,0.0,0.0,0.0,0.0
772.0,rgbd,0.008768633774070259,0.007480902933248215,0.011409961869975307,0.026902996448308823,0.004574388436401517,0.0,0.0,0.0,0.0,0.0
774.0,rgbd,0.009347181963071995,0.007953926521115182,0.011178358337160518,0.027154292318554006,0.004909670411288213,0.0,0.0,0.0,0.0,0.0
776.0,rgbd,0.006221053916629814,0.004958974168605617,0.006870530006863549,0.016340935607960193,0.0037563395784616406,0.0,0.0,0.0,0.0,0.0
778.0,rgbd,0.009126316177098482,0.006785934549309422,0.016673280114089913,0.03574386341348755,0.006102519091068718,0.0,0.0,0.0,0.0,0.0
780.0,rgbd,0.01079417479081485,0.009170091365010674,0.012694815723161845,0.03425337202088535,0.005694175425118148,0.0,0.0,0.0,0.0,0.0
782.0,rgbd,0.010827645547454412,0.009196019501543978,0.01284246302426631,0.034720891981701744,0.005715866813400416,0.0,0.0,0.0,0.0,0.0
784.0,rgbd,0.010055094287797134,0.008605394210932607,0.01122102151698566,0.02884928185487395,0.005201164447596149,0.0,0.0,0.0,0.0,0.0
786.0,rgbd,0.010593194964057136,0.008994258321108254,0.012645045915411605,0.03293434025693158,0.00559634673690796,0.0,0.0,0.0,0.0,0.0
788.0,rgbd,0.010497559228185922,0.00882736233616211,0.01334636446775653,0.03492373245651984,0.005681234367228484,0.0,0.0,0.0,0.0,0.0
790.0,rgbd,0.010949325377391437,0.009273083618030703,0.013283304650788866,0.03493101684379157,0.00582216853354476,0.0,0.0,0.0,0.0,0.0
792.0,rgbd,0.010932976784380075,0.009249724663851804,0.013420634304135011,0.03516967180498518,0.005828599746999732,0.0,0.0,0.0,0.0,0.0
794.0,rgbd,0.010881849708275404,0.00919445768647293,0.013434072806823292,0.03537217724362612,0.005820360893033386,0.0,0.0,0.0,0.0,0.0
796.0,rgbd,0.010894212242372647,0.0092241898102233,0.013279082588426628,0.03486089921335615,0.005796393941653266,0.0,0.0,0.0,0.0,0.0
798.0,rgbd,0.01095333975983521,0.009277191523993698,0.013162296106773773,0.03507568602576164,0.0058231751924123255,0.0,0.0,0.0,0.0,0.0
800.0,rgbd,0.008757577144204696,0.006998788848939269,0.013972656471530015,0.029573142479550202,0.005264229486321794,0.0,0.0,0.0,0.0,0.0
802.0,rgbd,0.010653135319055828,0.008963746520649489,0.013416998417442367,0.03445480980953482,0.0057567821254290085,0.0,0.0,0.0,0.0,0.0
804.0,rgbd,0.010862421724715653,0.009149271738605852,0.013276763060340651,0.03537079460815061,0.005855171421805071,0.0,0.0,0.0,0.0,0.0
806.0,rgbd,0.010746074280926209,0.009078318692662277,0.013011195513876887,0.03428553990540835,0.005749977579577366,0.0,0.0,0.0,0.0,0.0
808.0,rgbd,0.010749261941501883,0.009080324225277416,0.012743412692819167,0.033616975953350975,0.00575276839885467,0.0,0.0,0.0,0.0,0.0
810.0,rgbd,0.010841825867804527,0.00912504088273725,0.013512549373616211,0.035690713281549026,0.005854811443263496,0.0,0.0,0.0,0.0,0.0
812.0,rgbd,0.010762122115272792,0.009092780199437156,0.012925087057438785,0.034199681081207474,0.005757136499056392,0.0,0.0,0.0,0.0,0.0
814.0,rgbd,0.010797262831118643,0.009129094184770196,0.01284692149322409,0.03391160931871786,0.0057654595662315735,0.0,0.0,0.0,0.0,0.0
816.0,rgbd,0.007436260007045811,0.0057977036938451675,0.012300705936109567,0.024600310988384225,0.00465667207034842,0.0,0.0,0.0,0.0,0.0
818.0,rgbd,0.008773064416215002,0.007429958351815524,0.011568311316580723,0.027907444141493678,0.004665016413834425,0.0,0.0,0.0,0.0,0.0
820.0,rgbd,0.010727754806850055,0.009064355604485349,0.01319977914401939,0.03484791431786209,0.005737785345525704,0.0,0.0,0.0,0.0,0.0
822.0,rgbd,0.009462594469928138,0.007848402359595835,0.01377286426535884,0.033449709433640215,0.005286139849096419,0.0,0.0,0.0,0.0,0.0
824.0,rgbd,0.010443260685544884,0.008777079974032828,0.01380608337245128,0.03471028867544172,0.005659024728314879,0.0,0.0,0.0,0.0,0.0
826.0,rgbd,0.010605140826013867,0.009031114950300028,0.012804137634416492,0.03229671052897432,0.00555949410414773,0.0,0.0,0.0,0.0,0.0
828.0,rgbd,0.010777000312351522,0.009171146713758675,0.013213104559944464,0.03369258732699548,0.005659841312893698,0.0,0.0,0.0,0.0,0.0
830.0,rgbd,0.010777648325798285,0.009092193859779978,0.01334132070364476,0.03529341422202872,0.005787029829779851,0.0,0.0,0.0,0.0,0.0
832.0,rgbd,0.010954232731554586,0.009316852889814037,0.013130707090444713,0.03509384057879225,0.0057612036039898515,0.0,0.0,0.0,0.0,0.0
834.0,rgbd,0.010668213551063777,0.009080360121438405,0.012606023639749626,0.03298983103118401,0.005599807178474264,0.0,0.0,0.0,0.0,0.0
836.0,rgbd,0.010471642257415417,0.008813053247857534,0.012876117378406571,0.0336141391220834,0.005655562219418689,0.0,0.0,0.0,0.0,0.0
838.0,rgbd,0.01097503638179059,0.009240719679102342,0.0142356797841074,0.036847151862872275,0.005921192734059399,0.0,0.0,0.0,0.0,0.0
840.0,rgbd,0.010786305023262298,0.009179829326318233,0.012696314065901371,0.03408956690192804,0.00566348917139613,0.0,0.0,0.0,0.0,0.0
842.0,rgbd,0.010680023346598469,0.009097873410071476,0.013133909356810526,0.033240182926596,0.005593889353410806,0.0,0.0,0.0,0.0,0.0
844.0,rgbd,0.010863339383012352,0.009078743756092194,0.014660070568473191,0.0370640481179307,0.005965614332298413,0.0,0.0,0.0,0.0,0.0
846.0,rgbd,0.010886952851590394,0.009116407449576725,0.014389568373617738,0.03657892991857067,0.005951206399214718,0.0,0.0,0.0,0.0,0.0
848.0,rgbd,0.010349897157371465,0.008937311227944847,0.01100735092385553,0.02764291361787897,0.005219658914432715,0.0,0.0,0.0,0.0,0.0
850.0,rgbd,0.010764741764251453,0.009060911674022412,0.014182049491597702,0.035702272256615465,0.00581201728202729,0.0,0.0,0.0,0.0,0.0
852.0,rgbd,0.007890707487032612,0.006456029401062286,0.007420678455695118,0.01580125897500786,0.0045368435082700255,0.0,0.0,0.0,0.0,0.0
854.0,rgbd,0.0072528991841563535,0.0047022516273573485,0.016898987935483913,0.036666372852962,0.005522080786130448,0.0,0.0,0.0,0.0,0.0
856.0,rgbd,0.010700006272115661,0.009074982245817305,0.013070404950135148,0.034570548113603834,0.005668759252377473,0.0,0.0,0.0,0.0,0.0
858.0,rgbd,0.010563067834745397,0.00899495331802227,0.01228716158515015,0.03208615417551584,0.005537979495089607,0.0,0.0,0.0,0.0,0.0
860.0,rgbd,0.009303882404329725,0.008128927818232863,0.0037910976477381056,0.01646541979512898,0.004525788364424055,0.0,0.0,0.0,0.0,0.0
862.0,rgbd,0.0107263550338068,0.009138459261596094,0.013138137842246574,0.03265053072521376,0.005616338187415446,0.0,0.0,0.0,0.0,0.0
864.0,rgbd,0.009694818311003637,0.00846111043172288,0.003827156198100689,0.01714891068130223,0.004732770049934988,0.0,0.0,0.0,0.0,0.0
866.0,rgbd,0.010754594574881276,0.009084860872830988,0.013595108130125112,0.034714989080104425,0.005755571856155592,0.0,0.0,0.0,0.0,0.0
868.0,rgbd,0.009846387169143963,0.008615723677584801,0.0035636927924336,0.016652327316114806,0.0047666178571590416,0.0,0.0,0.0,0.0,0.0
870.0,rgbd,0.010838364996357467,0.009133033788785092,0.013809068143049661,0.03529744217201856,0.00583591034948076,0.0,0.0,0.0,0.0,0.0
872.0,rgbd,0.010985863289407233,0.009256349696664909,0.013745822627032505,0.035889603135619,0.005916855795656757,0.0,0.0,0.0,0.0,0.0
874.0,rgbd,0.009844286795733145,0.008627773009791648,0.004137994621801783,0.016538785602772606,0.004740412999745561,0.0,0.0,0.0,0.0,0.0
876.0,rgbd,0.010807923995394644,0.00919294950161726,0.013466997797353775,0.033578030780669156,0.005683388122497201,0.0,0.0,0.0,0.0,0.0
878.0,rgbd,0.00961768908055261,0.008378210754795652,0.0041001659742836115,0.016494171870158253,0.004722872833181878,0.0,0.0,0.0,0.0,0.0
880.0,rgbd,0.010840772985851488,0.009124598476867338,0.013930153159370136,0.035694681824035845,0.005853551192798917,0.0,0.0,0.0,0.0,0.0
882.0,rgbd,0.010917340289841712,0.00920490802436712,0.01402935856967359,0.035519663268718416,0.0058700926114621825,0.0,0.0,0.0,0.0,0.0
884.0,rgbd,0.010890397688068086,0.009136604962943471,0.014690154831421578,0.03598246487641193,0.0059264839116794565,0.0,0.0,0.0,0.0,0.0
886.0,rgbd,0.01105896001349985,0.009288957269269468,0.014766835766912957,0.03654332859166631,0.006001322306781608,0.0,0.0,0.0,0.0,0.0
888.0,rgbd,0.010853784080530633,0.009214045061371282,0.013728982829043399,0.03445134842183801,0.005736375377692754,0.0,0.0,0.0,0.0,0.0
890.0,rgbd,0.010695179597116232,0.009021156005279564,0.013756149902918327,0.034586640747591,0.005745050995681398,0.0,0.0,0.0,0.0,0.0
892.0,rgbd,0.00995849912047481,0.008677918155705695,0.00886633187683244,0.02137162556310283,0.004885226833563721,0.0,0.0,0.0,0.0,0.0
894.0,rgbd,0.007543430551771455,0.005834548843370096,0.01333421772618474,0.02977237878311312,0.004781357995771461,0.0,0.0,0.0,0.0,0.0
896.0,rgbd,0.010092436067630786,0.008401700442196142,0.014236027037614523,0.036131849395524704,0.005591841866399294,0.0,0.0,0.0,0.0,0.0
898.0,rgbd,0.009374821494605848,0.007964549992657447,0.011823076036881045,0.029325628060517188,0.004945019865499434,0.0,0.0,0.0,0.0,0.0
900.0,rgbd,0.010315310109828394,0.008800462740348475,0.01168979152447189,0.03149166516672016,0.005381215310472728,0.0,0.0,0.0,0.0,0.0
902.0,rgbd,0.010904908785402534,0.009197788113365619,0.013352858084873614,0.03599418095067719,0.005858133614008773,0.0,0.0,0.0,0.0,0.0
904.0,rgbd,0.011066266106504918,0.009368566303704131,0.013050227624307605,0.036136130694773234,0.005890009418759792,0.0,0.0,0.0,0.0,0.0
906.0,rgbd,0.010959375670506347,0.009284459590209394,0.01292224596321393,0.035500835113923344,0.005822948154075843,0.0,0.0,0.0,0.0,0.0
908.0,rgbd,0.009820148815089708,0.008395403376480872,0.011285958601450345,0.02895037041116582,0.005094362069649284,0.0,0.0,0.0,0.0,0.0
910.0,rgbd,0.009743782942866297,0.008223548010691464,0.012601019107453345,0.03108225579754079,0.005226333720070375,0.0,0.0,0.0,0.0,0.0
912.0,rgbd,0.004009192638557725,0.0033992440485468988,0.0030900425124090647,0.011064488650404606,0.0021257388154436885,0.0,0.0,0.0,0.0,0.0
914.0,rgbd,0.008884446035469855,0.007005089973171364,0.014955057263075389,0.03435532336805909,0.005464622203313792,0.0,0.0,0.0,0.0,0.0
916.0,rgbd,0.010613776356939329,0.00882170788133669,0.014835965553966457,0.03669455923638783,0.005901670832186969,0.0,0.0,0.0,0.0,0.0
918.0,rgbd,0.011049331300107566,0.009350990883846316,0.013165991971521669,0.0354569939170426,0.005886144040860692,0.0,0.0,0.0,0.0,0.0
920.0,rgbd,0.011116710783490991,0.009389940052408488,0.013318538650236073,0.03628392706610325,0.005950654120007293,0.0,0.0,0.0,0.0,0.0
922.0,rgbd,0.011027347308297065,0.009339485740549514,0.013345875746062639,0.03603183708446474,0.005863138644094884,0.0,0.0,0.0,0.0,0.0
924.0,rgbd,0.009947930766693857,0.008533444557369468,0.011012686327622506,0.02813745702366028,0.005112890623241964,0.0,0.0,0.0,0.0,0.0
926.0,rgbd,0.005047042296223498,0.003960051624314072,0.00658176353984546,0.01634125784718518,0.003128997774469718,0.0,0.0,0.0,0.0,0.0
928.0,rgbd,0.006346574656300609,0.005120617082595643,0.008439150222025155,0.01574420049101092,0.0037494386995158197,0.0,0.0,0.0,0.0,0.0
930.0,rgbd,0.009889791836704489,0.008344276572754473,0.012344789341477985,0.031501964213950004,0.005308580888592317,0.0,0.0,0.0,0.0,0.0
932.0,rgbd,0.011063003396407405,0.009385387681374306,0.012997197578402382,0.035861102815607865,0.00585700795792777,0.0,0.0,0.0,0.0,0.0
934.0,rgbd,0.010988647822146836,0.00933385434733639,0.012735989818571275,0.03483159607822902,0.005799098549074845,0.0,0.0,0.0,0.0,0.0
936.0,rgbd,0.010843114019394754,0.009226824065307549,0.013573198795362484,0.033846092174563865,0.005695510451702865,0.0,0.0,0.0,0.0,0.0
938.0,rgbd,0.010970899625960106,0.009259849706941145,0.014264231891069885,0.03613132362980519,0.005883521225231838,0.0,0.0,0.0,0.0,0.0
940.0,rgbd,0.010975406243348619,0.009327125913319521,0.012793477329648606,0.035109261619201276,0.005784830542342565,0.0,0.0,0.0,0.0,0.0
942.0,rgbd,0.011011048549806711,0.00933297682190353,0.012879650992707681,0.035414092818190065,0.00584283610997365,0.0,0.0,0.0,0.0,0.0
944.0,rgbd,0.011131798840765608,0.009413155188627051,0.013175590170963486,0.03642877807877395,0.005942175933620127,0.0,0.0,0.0,0.0,0.0
946.0,rgbd,0.01109923766309126,0.009410934338968092,0.012981991451788225,0.03562941328152121,0.005884504360557034,0.0,0.0,0.0,0.0,0.0
948.0,rgbd,0.011035008004581412,0.009368056494408632,0.012981647196488307,0.03501087293905437,0.0058318881315354565,0.0,0.0,0.0,0.0,0.0
950.0,rgbd,0.011156914461728019,0.009435360260738991,0.01354219191258785,0.03672374393274911,0.005954050474793043,0.0,0.0,0.0,0.0,0.0
952.0,rgbd,0.010849057528894234,0.009228501669355238,0.0138857160470948,0.03396968331450434,0.005704104329687901,0.0,0.0,0.0,0.0,0.0
954.0,rgbd,0.006440510699093771,0.005131825296359429,0.007005047336122027,0.015727841374023867,0.003891599567374164,0.0,0.0,0.0,0.0,0.0
956.0,rgbd,0.008447480131087802,0.006141556408225874,0.01766701253732303,0.03426030088031216,0.005800103917146904,0.0,0.0,0.0,0.0,0.0
958.0,rgbd,0.010821344184352153,0.009139274766044033,0.013478564479350454,0.03488669517348971,0.005794406501701704,0.0,0.0,0.0,0.0,0.0
960.0,rgbd,0.009675848921453416,0.008460310679646414,0.003819361443946918,0.015895351888046645,0.0046952311502898424,0.0,0.0,0.0,0.0,0.0
962.0,rgbd,0.01060125313481434,0.00894664467770086,0.01319356003860214,0.033215250899112335,0.005687188852093602,0.0,0.0,0.0,0.0,0.0
964.0,rgbd,0.010901790427442026,0.009102813547717876,0.014684290985354544,0.03723119502538252,0.005998984917413151,0.0,0.0,0.0,0.0,0.0
966.0,rgbd,0.008497249913876735,0.007161711476909446,0.005689547585336976,0.016832245943695975,0.004573089198821917,0.0,0.0,0.0,0.0,0.0
968.0,rgbd,0.007135047141744178,0.0053945110640175,0.013060367008908816,0.029093457860114795,0.004669919495569978,0.0,0.0,0.0,0.0,0.0
970.0,rgbd,0.009741483832845819,0.007876736868532668,0.015134675871892135,0.03691541145811832,0.005731799330881589,0.0,0.0,0.0,0.0,0.0
972.0,rgbd,0.010115872872025868,0.008440860177777919,0.013574664409056681,0.033881076538293614,0.005575191783444926,0.0,0.0,0.0,0.0,0.0
974.0,rgbd,0.011139956388199826,0.009449175763568619,0.01300603847865288,0.03629191744029231,0.005900144550787001,0.0,0.0,0.0,0.0,0.0
976.0,rgbd,0.010875733702647555,0.009125841502861904,0.013452813778513617,0.03601909103060835,0.00591613052894771,0.0,0.0,0.0,0.0,0.0
978.0,rgbd,0.011108461803308987,0.00939115479950404,0.013048360588954835,0.036077745407853995,0.005933307270597657,0.0,0.0,0.0,0.0,0.0
980.0,rgbd,0.011144892135230889,0.009410305925475947,0.013120979070966213,0.03648818914589894,0.005971160950341536,0.0,0.0,0.0,0.0,0.0
982.0,rgbd,0.01041517008756808,0.008972298778600733,0.010614884818185434,0.02881532266010849,0.005289009602987374,0.0,0.0,0.0,0.0,0.0
984.0,rgbd,0.0073423461474839136,0.005629770856081177,0.013330497210316174,0.029750581602712798,0.004713356241309462,0.0,0.0,0.0,0.0,0.0
986.0,rgbd,0.009342044935258515,0.008049825273024806,0.011202398124621234,0.025922986312979197,0.004740687360094567,0.0,0.0,0.0,0.0,0.0
988.0,rgbd,0.010575541859585733,0.008798511887103424,0.01415182806039951,0.036374997033658485,0.005867561179600075,0.0,0.0,0.0,0.0,0.0
990.0,rgbd,0.010968466238597145,0.009226214305668824,0.01419461086399298,0.03549743719483939,0.005931628883630311,0.0,0.0,0.0,0.0,0.0
992.0,rgbd,0.010831856063210674,0.009150486819310992,0.013856055287440402,0.03515186693240388,0.005796352020342587,0.0,0.0,0.0,0.0,0.0
994.0,rgbd,0.01069883076261548,0.00905169742611955,0.01302350592931199,0.033648660822945285,0.005703661402386021,0.0,0.0,0.0,0.0,0.0
996.0,rgbd,0.010633126975428665,0.008988210317695255,0.01307977933892639,0.03358600277016887,0.005681149932933058,0.0,0.0,0.0,0.0,0.0
998.0,rgbd,0.009715690958453756,0.008511883304861545,0.003579611710079753,0.01580092801615604,0.004684281524908527,0.0,0.0,0.0,0.0,0.0
1000.0,rgbd,0.010754931517689146,0.009046258728653523,0.013823717795192874,0.03510546638609209,0.005816679032269472,0.0,0.0,0.0,0.0,0.0
1002.0,rgbd,0.010968263832133748,0.009287194443972994,0.01265629589905068,0.03524615715961398,0.005835308976492202,0.0,0.0,0.0,0.0,0.0
1004.0,rgbd,0.011046508784982069,0.009324452898277697,0.012843624844866048,0.03556491835425542,0.005922831627227526,0.0,0.0,0.0,0.0,0.0
1006.0,rgbd,0.01105165950104547,0.009333224763202896,0.013066671345962455,0.036497308102824234,0.005918622580177318,0.0,0.0,0.0,0.0,0.0
1008.0,rgbd,0.01093083210783357,0.009250380703529144,0.012756449689388404,0.03535951434424723,0.005823533927901593,0.0,0.0,0.0,0.0,0.0
1010.0,rgbd,0.011088418600523562,0.009376793135429993,0.012619498869505736,0.035244567791462005,0.0059185114307391444,0.0,0.0,0.0,0.0,0.0
1012.0,rgbd,0.011098193468732203,0.009342574962725869,0.01347918165108557,0.037335083680397035,0.005990508437124339,0.0,0.0,0.0,0.0,0.0
1014.0,rgbd,0.01017624689044384,0.008834079339564191,0.008943149098802162,0.02420261840182973,0.005051241728283556,0.0,0.0,0.0,0.0,0.0
1016.0,rgbd,0.007457735719199742,0.00591683165028947,0.012586065260506766,0.027249307018381352,0.004539705417707243,0.0,0.0,0.0,0.0,0.0
1018.0,rgbd,0.009761070581574388,0.007992857601861568,0.014297834574823556,0.03551787162873785,0.005602921225114691,0.0,0.0,0.0,0.0,0.0
1020.0,rgbd,0.011104886631150187,0.009386079816534805,0.013538642711320806,0.03651728391692924,0.005934645125728757,0.0,0.0,0.0,0.0,0.0
1022.0,rgbd,0.011053005864233412,0.009369745635570347,0.013391333969474941,0.03577901227411804,0.005863173659332343,0.0,0.0,0.0,0.0,0.0
1024.0,rgbd,0.008273500445021334,0.006925006770613386,0.006829741032411123,0.015819025522738648,0.004527150410658671,0.0,0.0,0.0,0.0,0.0
1026.0,rgbd,0.0043518536486535,0.0037248734468800578,0.005107889254592011,0.011025633583035778,0.0022503217512228452,0.0,0.0,0.0,0.0,0.0
1028.0,rgbd,0.0035145591828753707,0.0029578241483565336,0.006588080230153153,0.011372797744140874,0.0018982630369188925,0.0,0.0,0.0,0.0,0.0
1030.0,rgbd,0.004500543088052208,0.003773540892572698,0.008979650846975213,0.015382121740003567,0.002452606209626027,0.0,0.0,0.0,0.0,0.0
1032.0,rgbd,0.006761543792985614,0.004969226665794409,0.013933119321360732,0.029252373988923257,0.0045853310467642424,0.0,0.0,0.0,0.0,0.0
1034.0,rgbd,0.01004232299613866,0.008368830063590868,0.014100138726578604,0.035641170120148974,0.005550759815152611,0.0,0.0,0.0,0.0,0.0
1036.0,rgbd,0.011062620526670815,0.009353488591547573,0.01320283163827779,0.03611223398917803,0.0059070994646194894,0.0,0.0,0.0,0.0,0.0
1038.0,rgbd,0.011003689134002329,0.00933209566327843,0.013017242634184979,0.03560802003682214,0.00583036577661992,0.0,0.0,0.0,0.0,0.0
1040.0,rgbd,0.011123582273354965,0.009432752741388767,0.013059446410825473,0.03586879119797267,0.005895528671113346,0.0,0.0,0.0,0.0,0.0
1042.0,rgbd,0.01085130740778512,0.009239352506680733,0.012830272589426116,0.03447455962600394,0.005690802906053298,0.0,0.0,0.0,0.0,0.0
1044.0,rgbd,0.008644731781220787,0.0073516958801782975,0.006327043443760467,0.015894699529733967,0.004547961659317081,0.0,0.0,0.0,0.0,0.0
1046.0,rgbd,0.00822458482821806,0.006605791494846143,0.011983139088376218,0.025926566178891386,0.004899725943680225,0.0,0.0,0.0,0.0,0.0
1048.0,rgbd,0.010234834977337652,0.00850395414872153,0.01400885461409785,0.03600359469447712,0.005695139230060675,0.0,0.0,0.0,0.0,0.0
1050.0,rgbd,0.010806607975268862,0.009184742760971415,0.013364844596531903,0.03452115644817472,0.0056941440397945435,0.0,0.0,0.0,0.0,0.0
1052.0,rgbd,0.010954798666124477,0.009288997497095048,0.013635985430991706,0.03549682900718309,0.005807076658206309,0.0,0.0,0.0,0.0,0.0
1054.0,rgbd,0.010956983269211448,0.009226203905840618,0.014260255135703523,0.03684902257265909,0.0059103844079409,0.0,0.0,0.0,0.0,0.0
1056.0,rgbd,0.01096584903240561,0.00927658413214074,0.014538600657854218,0.03566055121651397,0.0058476347219047166,0.0,0.0,0.0,0.0,0.0
1058.0,rgbd,0.010872299268943418,0.009252070237201534,0.013304491717248458,0.03472512526357993,0.005710174053332976,0.0,0.0,0.0,0.0,0.0
1060.0,rgbd,0.01104936140826975,0.009345731799591696,0.01433688648963678,0.035682487350362495,0.005894547027606229,0.0,0.0,0.0,0.0,0.0
1062.0,rgbd,0.010927476760925172,0.009244876995831278,0.013051011939681915,0.03569676436482707,0.00582597611499647,0.0,0.0,0.0,0.0,0.0
1064.0,rgbd,0.010744277379784516,0.009148883304242867,0.012951941832512243,0.03381780900858038,0.0056335983792861356,0.0,0.0,0.0,0.0,0.0
1066.0,rgbd,0.01046817612274718,0.008860878496087876,0.013457320186540856,0.03362755523324314,0.0055738266580888235,0.0,0.0,0.0,0.0,0.0
1068.0,rgbd,0.01084389634926399,0.009223006311537569,0.012980577823799279,0.03407725820545762,0.005703178290297352,0.0,0.0,0.0,0.0,0.0
1070.0,rgbd,0.010609472333291403,0.009025159313449816,0.013084136011582148,0.03325981922889683,0.0055774010576365935,0.0,0.0,0.0,0.0,0.0
1072.0,rgbd,0.010692121271785588,0.009077891164887983,0.013270291878300347,0.033767842409891044,0.005649190144526781,0.0,0.0,0.0,0.0,0.0
1074.0,rgbd,0.010198455925593555,0.008800678903242565,0.01116217512735284,0.028108999880024615,0.005153305163513564,0.0,0.0,0.0,0.0,0.0
1076.0,rgbd,0.00672784562867054,0.005784153839001007,0.005975046122423131,0.011673663304706403,0.003436200106220706,0.0,0.0,0.0,0.0,0.0
1078.0,rgbd,0.004113347775016614,0.00339388973098272,0.009013935916530512,0.015382856794244773,0.0023240358026855304,0.0,0.0,0.0,0.0,0.0
1080.0,rgbd,0.0077290447049834015,0.006091104682183822,0.015053202950678756,0.02925387816828683,0.004757791063330784,0.0,0.0,0.0,0.0,0.0
1082.0,rgbd,0.009965827491476153,0.008548354968341278,0.01095620816437338,0.02900993089703285,0.005122825873001819,0.0,0.0,0.0,0.0,0.0
1084.0,rgbd,0.010922175325647772,0.009181753930709373,0.013766775173392537,0.03664808798334399,0.005915176125872503,0.0,0.0,0.0,0.0,0.0
1086.0,rgbd,0.011005551393117503,0.00924885354652669,0.013426458760787702,0.036377645409982604,0.005964970204573638,0.0,0.0,0.0,0.0,0.0
1088.0,rgbd,0.010959064185943432,0.009279645352689193,0.012837172600445777,0.03507629234861865,0.005830031728896668,0.0,0.0,0.0,0.0,0.0
1090.0,rgbd,0.010983718688895354,0.009267413265280307,0.01324148738126622,0.03576548424996903,0.005895517586039045,0.0,0.0,0.0,0.0,0.0
1092.0,rgbd,0.010988547755994837,0.009266752034636085,0.013268823395123381,0.03620577446146436,0.00590554726628677,0.0,0.0,0.0,0.0,0.0
1094.0,rgbd,0.01081615262894042,0.009149779931567735,0.012848729892673974,0.03462441977624446,0.005768074626460293,0.0,0.0,0.0,0.0,0.0
1096.0,rgbd,0.007987360039447918,0.006128856517370555,0.013688749299878126,0.028358282567444684,0.005122015051642654,0.0,0.0,0.0,0.0,0.0
1098.0,rgbd,0.008943861104646213,0.007572648796167191,0.011700064729756926,0.029008227818404505,0.004758953841876489,0.0,0.0,0.0,0.0,0.0
1100.0,rgbd,0.0106775039601936,0.008994330603614717,0.01306709581912553,0.034860998032585834,0.00575422521394755,0.0,0.0,0.0,0.0,0.0
1102.0,rgbd,0.010395354054157051,0.00883545091992311,0.012360258203399546,0.032524902427973235,0.0054770606124918235,0.0,0.0,0.0,0.0,0.0
1104.0,rgbd,0.010965982513745703,0.009290123487711358,0.012958793472218372,0.03513237741015904,0.005826352038355584,0.0,0.0,0.0,0.0,0.0
1106.0,rgbd,0.010986868643571256,0.009281547155777723,0.013222961722322589,0.03557669647615222,0.00587912961127442,0.0,0.0,0.0,0.0,0.0
1108.0,rgbd,0.010974534865166393,0.009275742911359023,0.013224399810113637,0.035940716089749296,0.005865237331014456,0.0,0.0,0.0,0.0,0.0
1110.0,rgbd,0.010939458855420355,0.009262378348573443,0.013139015079183483,0.03515323750166496,0.005820662108155115,0.0,0.0,0.0,0.0,0.0
1112.0,rgbd,0.007608780824946828,0.005783176174285053,0.013411744479590426,0.028211611278632392,0.0049445342530171875,0.0,0.0,0.0,0.0,0.0
1114.0,rgbd,0.010712040035220008,0.009037959499882921,0.013223475485877403,0.035632355626437934,0.00575005128626105,0.0,0.0,0.0,0.0,0.0
1116.0,rgbd,0.010862507966703953,0.00924530621111011,0.012904492872594124,0.03458221614009407,0.005702490016608159,0.0,0.0,0.0,0.0,0.0
1118.0,rgbd,0.010742679579709207,0.009131800590694523,0.01277841993395424,0.033679046469188303,0.005658213722023265,0.0,0.0,0.0,0.0,0.0
1120.0,rgbd,0.010876288087635093,0.009171866943994059,0.013480674485226007,0.035438748156081494,0.005845553808400201,0.0,0.0,0.0,0.0,0.0
1122.0,rgbd,0.010818393029486739,0.00913824162960462,0.013440203698617523,0.035461224589829046,0.005790523953789358,0.0,0.0,0.0,0.0,0.0
1124.0,rgbd,0.009752139686837339,0.008556510226562963,0.0031617341049681165,0.014818043180702746,0.004678713628157988,0.0,0.0,0.0,0.0,0.0
1126.0,rgbd,0.01076503870708584,0.0091454044240385,0.012965028369673844,0.03434837866644776,0.0056787002285587675,0.0,0.0,0.0,0.0,0.0
1128.0,rgbd,0.010734677999510464,0.009093394326170876,0.012919610107031236,0.03406462763187594,0.005704690296759083,0.0,0.0,0.0,0.0,0.0
1130.0,rgbd,0.011052961334057084,0.009340316285485751,0.013978879633919498,0.035975052582978714,0.005909860060885593,0.0,0.0,0.0,0.0,0.0
1132.0,rgbd,0.010123916400822573,0.008408724722269226,0.014349241327354992,0.03575739063466845,0.0056379989212434764,0.0,0.0,0.0,0.0,0.0
1134.0,rgbd,0.010406588487593712,0.00867584595634034,0.013764852102629944,0.0361304465648054,0.0057468931512575485,0.0,0.0,0.0,0.0,0.0
1136.0,rgbd,0.009143189145761323,0.007773076526434968,0.011786809154333786,0.028712940748644444,0.004814269318323744,0.0,0.0,0.0,0.0,0.0
1138.0,rgbd,0.009765284680743863,0.00811939863233519,0.014063847388087376,0.03469093482497504,0.00542550926136932,0.0,0.0,0.0,0.0,0.0
1140.0,rgbd,0.009981576898013149,0.00857229885106847,0.011001593414720012,0.028143650790771448,0.005113469446366132,0.0,0.0,0.0,0.0,0.0
1142.0,rgbd,0.009570850343717928,0.007923092108003942,0.013793254082114691,0.033642202464301295,0.005368965240149283,0.0,0.0,0.0,0.0,0.0
1144.0,rgbd,0.010499592154901123,0.008846599311135574,0.013201225742652681,0.03399907830845757,0.005655008050169054,0.0,0.0,0.0,0.0,0.0
1146.0,rgbd,0.009536259628021362,0.008090958612217602,0.012368604392305074,0.029044177116182866,0.0050474386007570175,0.0,0.0,0.0,0.0,0.0
1148.0,rgbd,0.009613041477192866,0.008194779002102269,0.012447951491904329,0.02900776929411724,0.005025551069179794,0.0,0.0,0.0,0.0,0.0
1150.0,rgbd,0.010540494692710371,0.008931534969006777,0.013351511185485035,0.03338475806615749,0.005597295013170611,0.0,0.0,0.0,0.0,0.0
1152.0,rgbd,0.010835087275342619,0.009065332802615863,0.015000366998142268,0.03654871548401108,0.005934547787498922,0.0,0.0,0.0,0.0,0.0
1154.0,rgbd,0.010907105197419364,0.009250708835490336,0.013402541213027213,0.03436473312530693,0.005778350095706696,0.0,0.0,0.0,0.0,0.0
1156.0,rgbd,0.010804893477399281,0.009161956424056338,0.013325772396690886,0.033871087219370044,0.00572750185871976,0.0,0.0,0.0,0.0,0.0
1158.0,rgbd,0.010809207648320416,0.009022855044276907,0.01506765510857245,0.037122608433920234,0.005952063241807448,0.0,0.0,0.0,0.0,0.0
1160.0,rgbd,0.008569475466968656,0.006782029293226901,0.014064184031158054,0.030235210828113313,0.0052383192385334724,0.0,0.0,0.0,0.0,0.0
1162.0,rgbd,0.010780442265026821,0.009166504543779251,0.013061383795083484,0.03361801818744391,0.005673899001431988,0.0,0.0,0.0,0.0,0.0
1164.0,rgbd,0.01073324098694745,0.00911693196202166,0.012978886671380804,0.03367409161598003,0.0056642752125719105,0.0,0.0,0.0,0.0,0.0
1166.0,rgbd,0.010682629369753645,0.009082067055550936,0.012810546745316086,0.033233492004631694,0.00562446693029655,0.0,0.0,0.0,0.0,0.0
1168.0,rgbd,0.010756643823278258,0.009118514415296935,0.013161070244249886,0.034014716381446874,0.005705968909737617,0.0,0.0,0.0,0.0,0.0
1170.0,rgbd,0.010829406330765913,0.009194296395983868,0.01330606267077995,0.03467082439861569,0.005721971273925697,0.0,0.0,0.0,0.0,0.0
1172.0,rgbd,0.006498318611220479,0.004737696967611795,0.012624870181032212,0.028212079800404237,0.00444773787627109,0.0,0.0,0.0,0.0,0.0
1174.0,rgbd,0.010279506442032535,0.008631891361440762,0.013185522017428503,0.03313776555090285,0.005581998227881547,0.0,0.0,0.0,0.0,0.0
1176.0,rgbd,0.010613231529319304,0.008954194715153005,0.013108695918352108,0.0340342666637936,0.005697638150853686,0.0,0.0,0.0,0.0,0.0
1178.0,rgbd,0.010535535540992515,0.008922620849277318,0.01287830319628099,0.03313562949445219,0.005602173356435704,0.0,0.0,0.0,0.0,0.0
1180.0,rgbd,0.01057922789604264,0.008956698292514425,0.012741714494613409,0.032716304569130154,0.005630063816092668,0.0,0.0,0.0,0.0,0.0
1182.0,rgbd,0.010628439007749199,0.008989852427882918,0.013367695808484197,0.034369096076271345,0.005669767990520632,0.0,0.0,0.0,0.0,0.0
2.1,rgbd,0.010037787879028481,0.008641607616909188,0.00993611853586319,0.025700930163490582,0.005106838875444206,0.0,0.0,0.0,0.0,0.0
4.1,rgbd,0.02272732444117645,0.014532652869191759,0.024906888264380082,0.10104806054375531,0.017473788279536554,0.0,0.0,0.0,0.0,0.0
6.1,rgbd,0.008117607080013458,0.0063209146182623055,0.007629314904205507,0.023829339789677845,0.0050932880435061315,0.036319118510953895,0.029723095187836394,0.0,0.08578992499158875,0.02087141542558939
8.1,rgbd,0.00758565631181574,0.005533678052552759,0.014933478493851607,0.029832554891927963,0.005188505458384513,0.08703429508333982,0.07606067308808503,0.0,0.16552560694482307,0.042305348716696875
10.1,rgbd,0.010524425254149376,0.009010593605467144,0.010689700830587564,0.03027438920523916,0.0054380814454448685,0.0967181107537575,0.08375372218750322,0.24987007132699787,0.16509337561735613,0.04837051754441574
12.1,rgbd,0.006856922219572096,0.005442496547325681,0.00633566377530818,0.01714534659875753,0.004170924796446174,0.03730790841378506,0.027198935303241568,0.07167509087170083,0.16842033175840854,0.025536208578828882
14.1,rgbd,0.005586019535402565,0.004104978467835734,0.011279922398380224,0.02352846024437696,0.0037885044580287974,0.055568120501971574,0.05005706875389963,0.1569222030180611,0.08544635852828372,0.02412687057802976
16.1,rgbd,0.010328484378665317,0.008811411381146876,0.013211521112385554,0.029387841128696128,0.005388563726312307,0.09200732136281135,0.07921428402068863,0.20356208132711462,0.16745651406475162,0.046802183618388137
18.1,rgbd,0.010880393361357144,0.009353173055022992,0.010332552934253923,0.03030727720111091,0.0055588769999574995,0.09874643277298982,0.08541070608603903,0.19894178564939857,0.16655053127422295,0.0495567278104079
20.1,rgbd,0.010529446284375295,0.00907450401596,0.0104807508685788,0.029513717450065206,0.005340656880934272,0.09860032047024911,0.08538065357892499,0.19739119618896525,0.16958222144120808,0.049317007119972604
22.1,rgbd,0.010345278258665568,0.008913551728813906,0.009945357758478138,0.027962071218243918,0.005251035881326384,0.09785677702638128,0.08474350363330868,0.19552131950765123,0.16816863550211625,0.04893349979249695
24.1,rgbd,0.010392691183851211,0.008961519620263786,0.010149042033156369,0.02893328680264724,0.005263002578236678,0.09743394080020966,0.08439757843649452,0.19614744359171454,0.16714705905000396,0.04868697540322785
26.1,rgbd,0.010406118144593638,0.008948651275677455,0.010431535993073756,0.029438680082114484,0.005311208448701406,0.09726594674675015,0.08424494551406743,0.19591414053134115,0.16686587272590622,0.048615363331702514
28.1,rgbd,0.010406642422343461,0.008959908218452018,0.01015625366273945,0.0286983478710682,0.005293226919699794,0.09950548379562812,0.08617529938657055,0.19180581004161634,0.1670803883445222,0.04975097065421886
30.1,rgbd,0.009768434492716641,0.008568130941627693,0.0035350642627305405,0.016760582928898492,0.004691422450133684,0.09768654175767238,0.08459915038468287,0.19287086623273744,0.1685497426320619,0.0488430567712882
32.1,rgbd,0.010381473259890969,0.008931000344509811,0.01038574590987567,0.028911126191078017,0.005292657167453497,0.0977714687479554,0.0847148733312257,0.19266649566800403,0.16826084623235027,0.048812399424806065
34.1,rgbd,0.006576872749984528,0.005228143444855809,0.006334526556872624,0.015135918152207443,0.003990209429278153,0.07111662993627946,0.05315358941773616,0.0586124524972483,0.16268797448581418,0.04724691508981773
36.1,rgbd,0.008958450321216374,0.007168673235316876,0.012631577831121555,0.02893162198793869,0.005372518608897805,0.0741916861032839,0.05805694163476485,0.18836965879912204,0.16908938505315377,0.04619304942159284
38.1,rgbd,0.010450220547095433,0.009011137706649712,0.01022110073229742,0.028541918299586685,0.005292117413165673,0.09915013805803895,0.08634531809931324,0.18017381261247228,0.16593575730208251,0.04873639214443959
40.1,rgbd,0.010466172345397736,0.009024187032713727,0.010483413881723835,0.028962455746381607,0.0053013971707626005,0.10814230379939038,0.09993025559765474,0.0,0.16846286860972048,0.041336447443231505
42.1,rgbd,0.010827182893741015,0.00926988545678422,0.01532221437561194,0.03122822399088301,0.005594382274444465,0.09987485512704457,0.08780062621001528,0.0,0.16736820181054327,0.04760290667361941
44.1,rgbd,0.010959284347489471,0.009390620561810404,0.012185766525526335,0.030371271014800836,0.005649969811709738,0.09238131512988491,0.07700523993459603,0.0,0.16451647588684729,0.051034306184589213
46.1,rgbd,0.010492468221305711,0.008940085681980804,0.012096303559132191,0.031230746792070323,0.005492427275253811,0.09041830145402185,0.07428558649148304,0.0,0.1661529315801244,0.051547268380068074
48.1,rgbd,0.010962237061117718,0.00939798363183434,0.011072440488368663,0.03125193195128332,0.005643451518345546,0.09047762812327406,0.07385346506392641,0.0,0.16961788017657864,0.052267264026968886
50.1,rgbd,0.010915364913884238,0.009385965508854488,0.010202308697626205,0.030172164134882506,0.00557214883773298,0.08682492845245006,0.07092999934634,0.0,0.16548557303842534,0.050074977718430176
52.1,rgbd,0.010904523593457421,0.0093769761461376,0.010080209912691577,0.03007657946409159,0.005566053642845709,0.08746084445524376,0.07177113857553996,0.0,0.1692563727723703,0.049983026923096426
54.1,rgbd,0.010972770202461556,0.009417063970310472,0.010504086606831574,0.030917355090446807,0.005632103700670698,0.08638538215472982,0.0707785014360807,0.0,0.16763567823436729,0.049526134358351
56.1,rgbd,0.010910022611537788,0.0093648843618065,0.010077509240524862,0.02996621000751398,0.005597100523865717,0.08734599398900386,0.07169520478988663,0.0,0.16914779565187535,0.04989108413397444
58.1,rgbd,0.010574510639485762,0.009131321536356922,0.010009502649321959,0.0282343863641595,0.005332845606640216,0.08533620060967748,0.0700002494115009,0.0,0.16547778052012346,0.048808116300701324
60.1,rgbd,0.010448398116593437,0.008990398826024175,0.010651224497988124,0.028776143273961427,0.0053236972257873945,0.0843209815854207,0.07022010720771836,0.0,0.1656284319478682,0.046681521818224804
62.1,rgbd,0.00643762223863853,0.005093762850375191,0.00608817924620204,0.015418211227079672,0.003936567046495078,0.0821577442091466,0.06881826916490666,0.0,0.15555049436410717,0.044876951352359265
64.1,rgbd,0.0033207416384498354,0.0028200594384596646,0.005783092056278665,0.011858434644711055,0.0017534508242003984,0.02268440322071133,0.020118141190365493,0.0,0.03452487052336229,0.010480579398312765
66.1,rgbd,0.010681559742878292,0.009137712582402827,0.012749390708831122,0.029610811564858466,0.005531539324824077,0.08479553480165435,0.07234062326059511,0.0,0.1645154457294545,0.04423931451285407
68.1,rgbd,0.010511558477632599,0.009079598591122553,0.010263250434544291,0.028317816315232277,0.005296579184037098,0.08955949944266331,0.07697785938538652,0.0,0.1675948149186675,0.045774590165986964
70.1,rgbd,0.006588406389910909,0.005214064150630014,0.0064415332570335855,0.015587212757376104,0.004027484797207038,0.08389428036306877,0.07316598359470194,0.0,0.13874587794917828,0.04104861900547923
72.1,rgbd,0.009646432187186131,0.007866531468613594,0.01569275098891137,0.030260690825873415,0.00558312964163404,0.0763649263347567,0.062343823920447086,0.0,0.16439685060091372,0.04410044889895234
74.1,rgbd,0.010544557812500608,0.009110213250205357,0.009905158608708225,0.027910759122102145,0.005309586989300614,0.09304579727412345,0.08046432620696087,0.0,0.16426189138781253,0.04672272036640275
76.1,rgbd,0.009468070892467675,0.008172917732659202,0.010298905659058954,0.024135477316089775,0.004779935371945776,0.09275227471039575,0.0802783880446091,0.0,0.1641666109373946,0.04645820570052058
78.1,rgbd,0.010095437939857779,0.00869151000859991,0.010818785401910476,0.02929143336350241,0.005135710366436903,0.09281186256575207,0.08087517036339253,0.0,0.16189852282320208,0.04553294029179625
80.1,rgbd,0.010440139225943033,0.009003934638524287,0.010656183687087414,0.029419696676125005,0.005284474248424046,0.09832546467775816,0.0851064998576695,0.0,0.1690049236130425,0.04924206216308947
82.1,rgbd,0.010564137924977455,0.009038600890996965,0.011355890202038164,0.030987135569006105,0.005468519363704935,0.09863259725852715,0.0855760369963393,0.0,0.16791816614701152,0.04904213631117617
84.1,rgbd,0.010969178392016374,0.00942331322097958,0.014285318779386736,0.03064225570782962,0.00561462755088798,0.09909223054695442,0.08585622486852014,0.0,0.16995359629523935,0.04947705332875909
86.1,rgbd,0.010727684396906313,0.009257143523860818,0.011082067386979684,0.029292959095286137,0.005421116702144392,0.09912747452442734,0.08592130688675366,0.0,0.17107476316630418,0.04943465614792204
88.1,rgbd,0.010729522684649637,0.009208925080363218,0.014527905354724266,0.030307438935796432,0.0055062106665717415,0.09868535045657335,0.08548385677775819,0.0,0.16966768920444592,0.0493083017871882
90.1,rgbd,0.010688337411704699,0.009171194363324803,0.011861577114565088,0.030956783535368883,0.005489057348631517,0.09863275186165966,0.08535325503302586,0.0,0.16995615145244758,0.049429157337253594
92.1,rgbd,0.010932040153222203,0.009389499522871932,0.012313725735441672,0.03053741319022744,0.005598821360040901,0.09916603460977054,0.08580316738763617,0.0,0.16884220762074814,0.04971638448716373
94.1,rgbd,0.010514438909307844,0.00905780319354071,0.012953706958153172,0.02835317014771162,0.005339440690245605,0.0,0.0,0.0,0.0,0.0
96.1,rgbd,0.01079798009128472,0.00930224413733493,0.013401578788160411,0.029829995252065603,0.005483122108908311,0.09688766985275703,0.08388016861197159,0.24988044240423876,0.16539857454804568,0.048490595821499866
98.1,rgbd,0.010718262919030169,0.009224244278519603,0.01403331852629945,0.030389263369315307,0.005458431779518317,0.09074119906843961,0.07785506015660311,0.23094992143571239,0.17026565289209744,0.04661067277340989
100.1,rgbd,0.010619922926534147,0.009164571588998038,0.010470031863778668,0.02906511407027559,0.005365947312046173,0.09857930827766763,0.08536642695206409,0.2323900006037393,0.1695142304402725,0.0492996264685782
102.1,rgbd,0.010575383490909217,0.009128743569163343,0.010515180571576263,0.029483380241918575,0.005338986498227365,0.09860069873927906,0.0852274903732618,0.23096967216446923,0.17010489908692428,0.04958197935288214
104.1,rgbd,0.010490670663483146,0.009098093922469259,0.009764667548241504,0.027744036889696067,0.005222916613118939,0.09776758441802635,0.08266299424756558,0.21047829976331733,0.1695039204646248,0.05220469274847661
106.1,rgbd,0.010736642782780493,0.009225657230513863,0.014310421103339644,0.030078467944670395,0.005492062172818123,0.09830197985658137,0.08481392179805276,0.2044622363025943,0.16772770184941324,0.04969786628173811
108.1,rgbd,0.010528521440181488,0.009086163505104761,0.011109945875192139,0.02865096363111485,0.0053189657335673485,0.09864219215158329,0.08518001707255311,0.19695350103910367,0.16773198512559795,0.04974582157316773
110.1,rgbd,0.010660942064747485,0.009169681377942985,0.01267839301004502,0.02890598109351551,0.005438072189196097,0.09852022489518919,0.08530603351226901,0.19819788484973763,0.16903186845067364,0.04928605644401153
112.1,rgbd,0.01085902232517135,0.009295397027886619,0.013712537202849606,0.03130613592784256,0.0056137295938196346,0.09900742391003249,0.08573257399427689,0.1992292133397033,0.17003828856331332,0.04952166945506492
114.1,rgbd,0.010905613305920974,0.009360483278920041,0.011518326629623838,0.030930428641868034,0.005595869401919501,0.12291146510532923,0.11875927222704133,0.0,0.17056380474798766,0.031677492237266104
116.1,rgbd,0.012016687889742798,0.010004008721264682,0.014499353971614752,0.032538995427929755,0.006657371654365665,0.11415240420345589,0.10917584386430346,0.0,0.16371613143039573,0.03333776390141369
118.1,rgbd,0.010954750657236946,0.009391617100875042,0.013354143116148137,0.03089754211276006,0.00563951152076,0.11450230620726176,0.10952367858236889,0.0,0.1642546146474867,0.033396735717244705
120.1,rgbd,0.011038383848973893,0.009460969292123549,0.011830758388478106,0.03136924840158277,0.0056864732524459245,0.11574939690990432,0.1106580489891864,0.0,0.16600883972686029,0.03395171687725662
122.1,rgbd,0.010957411324513701,0.00937631991035204,0.011198063364099488,0.031020247150496633,0.005670051840443526,0.11099281915095932,0.10456461798823578,0.0,0.16542584472044747,0.03722427390899492
124.1,rgbd,0.010740844290171556,0.009266703824573081,0.011286507394373174,0.028250147663599668,0.005430832007469354,0.11185587834348668,0.10536776544989161,0.0,0.16643169446886685,0.03754159725011073
126.1,rgbd,0.01043955298311185,0.008967790802052376,0.016062577215277395,0.029067308748937204,0.005344435855899512,0.10882951012048009,0.10064496019119641,0.0,0.16862599131416725,0.04140596890758828
128.1,rgbd,0.01010079740382909,0.008712068212531395,0.011991388773628625,0.024886419322623456,0.005111357515709546,0.10236472937299279,0.0927833347584484,0.0,0.16423642865197366,0.04324107550359673
130.1,rgbd,0.007096662294825541,0.006010409019358631,0.005581301193347536,0.013537025819936262,0.0037732743270018037,0.07967346561486918,0.06806546243490805,0.0,0.1371675283639354,0.041412002446221584
132.1,rgbd,0.00976585572423504,0.0080442722359875,0.014388352563979717,0.030347370271464044,0.005537293763192898,0.051948147975045586,0.03832846927600751,0.0,0.11380509328857186,0.03506477607222641
134.1,rgbd,0.005621451890659481,0.004418510157043262,0.0056947338204634095,0.016420797173454554,0.0034752682416044622,0.07134621344448243,0.06122205869825943,0.0,0.11738790506500688,0.03663525217072378
136.1,rgbd,0.00837827316827124,0.00659640413379441,0.01298427132058355,0.028128748885047513,0.005165550675952549,0.02704620447597661,0.022405423203318068,0.0,0.05264079731124471,0.015149065569748973
138.1,rgbd,0.0102655268137713,0.008828959181038926,0.010771598884062183,0.029007300033747328,0.005237415445026872,0.08649988434348423,0.07397177105050445,0.0,0.16469448244693274,0.04483756325992635
140.1,rgbd,0.010606835043913262,0.009114023946539424,0.014930588187373065,0.028600516337311598,0.005425819491163747,0.08916664391531777,0.0765298038485557,0.0,0.16783598067762137,0.04575892820010827
142.1,rgbd,0.01018849803663021,0.008584235975131633,0.009587801385867097,0.027043933759717684,0.005487839735786159,0.09926866131227952,0.08600474130932284,0.0,0.1696104948101496,0.04957268997188389
144.1,rgbd,0.005816955987863383,0.004428787447352001,0.010745849406673311,0.024073247658791822,0.0037713152494742476,0.0302029792473263,0.02625796906945282,0.0,0.05116312837250143,0.014924443566246686
146.1,rgbd,0.01044533833113102,0.008914977966043642,0.014255833225680605,0.030001473181533404,0.005443184795388761,0.09690750569288367,0.08418215763311998,0.0,0.1669456843360634,0.04800446849876395
148.1,rgbd,0.010627639234378263,0.009153559671698367,0.011214694887884086,0.028765309567851876,0.005399913057888386,0.09914956036071712,0.08577642234067445,0.0,0.1708157314069153,0.04972967615174798
150.1,rgbd,0.010623275143907792,0.009124466205226054,0.01351808075724556,0.029368566381030588,0.005440412783314955,0.09832209526803933,0.08515617703487464,0.0,0.16996351496743453,0.04914936348217022
152.1,rgbd,0.010681331582180362,0.009215906987109114,0.01447148746719353,0.029244806696148987,0.005399805808863601,0.098623005354191,0.08542754604416607,0.0,0.16814508735587388,0.04928114813967582
154.1,rgbd,0.01075592821427125,0.00919367650245115,0.013636700938153768,0.03171935522809287,0.005582678937466663,0.09855278268848312,0.08544374545786149,0.0,0.1685069582721611,0.049112293143118
156.1,rgbd,0.010651300999816442,0.009208625174285888,0.012324637070344913,0.028342969107884607,0.005352703558782143,0.09879163645289613,0.08558095551773422,0.0,0.16955461799104934,0.049352684685970136
158.1,rgbd,0.01081828363363936,0.009285837442013008,0.012672478393962374,0.030454701888369906,0.005550539052954999,0.09883432734190518,0.08551950297158611,0.0,0.16967847770473427,0.049544312212601554
160.1,rgbd,0.010760890968579533,0.009182157875076051,0.013167817261691564,0.03174176670656527,0.0056111274441804845,0.09876699229617418,0.08548672027434222,0.0,0.16981687257017988,0.049466548535034204
162.1,rgbd,0.010741644515492824,0.009269630558149052,0.012226007576516793,0.029000502188540778,0.005427418927321378,0.0987877217040209,0.0855447639039312,0.0,0.16837919901551368,0.04940756347050272
164.1,rgbd,0.009021796123084814,0.00760931008532182,0.005975323536796786,0.01781386317889947,0.004846772669718252,0.09661832522658012,0.08425195668691188,0.0,0.165664337723105,0.047293853342859814
166.1,rgbd,0.004181811245514711,0.003633309018575111,0.006628375297836783,0.009688130718220596,0.0020704132120555213,0.040332748735421406,0.035419702583054,0.0,0.07594926064557356,0.01929184515495174
168.1,rgbd,0.00844397347945742,0.006361281635961985,0.015346540771883733,0.03169562189286938,0.005552907713059264,0.0935130975711783,0.0817115554280128,0.0,0.1689799887630757,0.045474400786503
170.1,rgbd,0.010703061343792335,0.009226826665297118,0.011585113165241552,0.02899883342228698,0.005424130512583915,0.09916332115131091,0.08586997011683999,0.0,0.1712535061868774,0.04959548864454344
172.1,rgbd,0.009854686009023462,0.008615689254223298,0.004951211798980865,0.017940364219857882,0.004783799223536036,0.09815126697728276,0.08501773212955493,0.0,0.16998378591992638,0.04904749160551515
174.1,rgbd,0.01172985796259047,0.009832641999609006,0.012723812738196276,0.031268558810109634,0.006395992427299463,0.09717187346015128,0.0841596218600876,0.0,0.16644855427239952,0.0485750042730077
176.1,rgbd,0.010664900029776787,0.009133961755565695,0.013860728381852448,0.030592151764507563,0.005505527703408291,0.09811603406885211,0.0850164694422258,0.0,0.16693166881514968,0.04897913907960444
178.1,rgbd,0.010492614279836112,0.008785751448586177,0.014222390648172647,0.02867128612521522,0.005736333838706267,0.07957961221721756,0.06891458176048645,0.0,0.1363804872443852,0.039795666867385816
180.1,rgbd,0.0110929142114145,0.009484712166637271,0.011706537300479698,0.03160108259122745,0.005752649895295619,0.09932168756145454,0.08600865551891389,0.0,0.1702986842694094,0.04967201219886301
182.1,rgbd,0.010856716945374413,0.009343327096086486,0.01129325603269923,0.02981885641968218,0.005529063357162401,0.09930253783786205,0.08599128759277105,0.0,0.17113004734876316,0.0496637944500555
184.1,rgbd,0.010554231942886348,0.009085422377646542,0.010654423030672287,0.028841430867802356,0.005370932146657781,0.09876636941844885,0.0855740370698363,0.0,0.16869467793457132,0.04931409441196086
186.1,rgbd,0.010772064890463437,0.009222482888192359,0.013334896125140288,0.03163428247031497,0.005566254699648066,0.09856268961469601,0.08530916073155131,0.0,0.17075967748264856,0.04936548267120712
188.1,rgbd,0.010488118168251391,0.009052815007866444,0.010421424936598773,0.02918193856810919,0.005295957245347907,0.09789633795605183,0.08472541061116365,0.0,0.16906894190004257,0.049043835310620135
190.1,rgbd,0.010455681003325062,0.008891136433913056,0.01198992420922156,0.03067485765037189,0.005501723198856556,0.09863667649913965,0.0854538008962127,0.0,0.1682551937602362,0.0492629867465054
192.1,rgbd,0.01081580544007179,0.0092811555652235,0.01204975816492551,0.029908705543451933,0.005553539294144534,0.09830327002690682,0.08521879783380878,0.0,0.16773347661234247,0.049002952908405256
194.1,rgbd,0.010504549549824889,0.009032489218778268,0.010691337162447741,0.029943288098500366,0.005362807078142995,0.09633999456668257,0.0833695236317115,0.24902842102242598,0.16665915558929761,0.048279572103840394
196.1,rgbd,0.010537894926071238,0.009052142467281317,0.012085267337751254,0.029543055196311934,0.005394992699249927,0.09688648373311366,0.08379621739666988,0.24590143769885822,0.16864351182033926,0.048633164406369195
198.1,rgbd,0.010231088588103468,0.008761455324039942,0.01133248984194703,0.02835219427990086,0.005283187892028179,0.09522806084218725,0.0821081405333311,0.23803470806956994,0.1667444895239373,0.048235223954306135
200.1,rgbd,0.010735105069397774,0.009245650645532372,0.012917327564465921,0.029665217954752566,0.005455311631041496,0.09847232028265442,0.08529270261855668,0.23919488850524595,0.16825321129265752,0.04921333906444596
202.1,rgbd,0.010126063804299514,0.008805498160311443,0.009081637223464618,0.019914916254798676,0.005000037031612521,0.09491379480509946,0.08182854512549338,0.21844443976418795,0.16664465374703835,0.04809072308615892
204.1,rgbd,0.004087161525164942,0.0034028074669730547,0.008070500268960456,0.013878429699533993,0.0022640209088038567,0.05234716402113613,0.039105742061820103,0.0855944825036422,0.13338553951709523,0.034798944220336955
206.1,rgbd,0.00859614106079697,0.006805596746734537,0.015400592830924527,0.028989142530752122,0.005251427811362923,0.08211355858210734,0.07053011792144935,0.21473072288404138,0.16458314117135509,0.042049244571140905
208.1,rgbd,0.010697979400544236,0.009158590738469868,0.013307131717136817,0.03174472679215187,0.005528741171341158,0.10044198669739292,0.08606247697513839,0.19917272747159062,0.1683476149098602,0.0517865112613606
210.1,rgbd,0.010723870336331567,0.009171838103060952,0.014436862080904568,0.03011495522395765,0.005556867894928882,0.10239497772946032,0.08891115424697357,0.1881644440418915,0.1712933259048178,0.050789153514185975
212.1,rgbd,0.008316005212586523,0.006853372377280219,0.006798446523736608,0.016708188029018144,0.004710332233940479,0.11187997875545343,0.10549010116929558,0.0,0.1662191732478719,0.03726886370165441
214.1,rgbd,0.0032243542002782905,0.0028399201431048736,0.004210400948706208,0.009012252087194519,0.0015268639722121433,0.033227706006289874,0.030648611323945512,0.0,0.0519124376237946,0.012835227709477967
216.1,rgbd,0.005963235857899472,0.004146620919070542,0.013525972833386255,0.030449193154573683,0.00428552410452498,0.03198876243071074,0.028988984472808153,0.0,0.051515905888831565,0.013524780999474214
218.1,rgbd,0.010524639489677788,0.009079568155500458,0.010617735867201607,0.02885231444358904,0.005322544363113112,0.09677102930116338,0.08261048818643985,0.0,0.16667093738544744,0.05039979517423364
220.1,rgbd,0.009704731613745498,0.008418511722136464,0.009409847924999857,0.01742452415853747,0.004828092385102238,0.09691041399383869,0.08274076082165681,0.0,0.16642963490199517,0.050453888245709975
222.1,rgbd,0.003243396373961638,0.0028510970477213576,0.0038673437729606895,0.007605235607930602,0.0015462424334825573,0.0313104683173042,0.026785743237259765,0.0,0.0538634799070897,0.01621324722184001
224.1,rgbd,0.0036229431063359405,0.003125842132287702,0.006051102108546167,0.009180974010001924,0.001831618878413899,0.042164904307119624,0.03588824357711745,0.0,0.07276836749650586,0.022133981299758142
226.1,rgbd,0.008419087314564337,0.007211310176823097,0.010404028542120752,0.02590481395719667,0.004344886275140669,0.06846872235116379,0.05632833527779639,0.0,0.12398294727019185,0.03892408746821066
228.1,rgbd,0.010465624416634822,0.009022830604174206,0.010648449877092648,0.029286291664997535,0.005302624097410665,0.09032203439950891,0.07383742006505599,0.0,0.168883957300058,0.05202023929397613
230.1,rgbd,0.010133559223124542,0.008657685578345375,0.010978425231234469,0.028555396451714017,0.005266260813431385,0.08985601990960908,0.07339908718861461,0.0,0.1681792904355108,0.05183317773274384
232.1,rgbd,0.010762356361033029,0.009230212017637967,0.01495004204168228,0.029764232840252355,0.005534573204079946,0.08569545178043562,0.06997640819061435,0.0,0.16364571822453092,0.04946728972354854
234.1,rgbd,0.010539763205609193,0.009125030311612707,0.01020551302681675,0.02866339389803055,0.005274507582937263,0.08654584213762342,0.07069093595729686,0.0,0.16515466103177287,0.049929694218889285
236.1,rgbd,0.010831115278263128,0.00927299530693165,0.013545634601562818,0.030826626138876122,0.00559683984125404,0.08542835582532302,0.0701504086677488,0.0,0.1655937584708536,0.048753709015477306
238.1,rgbd,0.01064084995663641,0.009177011084392814,0.010463551218594526,0.029125614537532412,0.0053861076257888186,0.08465486324255744,0.07119542341360098,0.0,0.16538963820372937,0.045800191654338955
240.1,rgbd,0.010665770375762143,0.009198503749703851,0.010688779137389902,0.030206916015754946,0.005398720818413336,0.08596310505256476,0.0723197737424014,0.0,0.1681818355824479,0.046470482632808466
242.1,rgbd,0.010577821881374839,0.009119340688256684,0.010551802827531981,0.029673465913264006,0.005359845255751181,0.08572363622230435,0.07206160044714519,0.0,0.16736217860185462,0.046429166998450185
244.1,rgbd,0.010523849934142722,0.009100939036381078,0.010183800176611617,0.02823771392673935,0.005284347272126503,0.08707938674413583,0.07443185567334648,0.0,0.16564924330543837,0.045196442965756686
246.1,rgbd,0.01045526437093516,0.00902973474428565,0.010380796756022699,0.028731447682476527,0.005270336186049873,0.08550959857135457,0.07307257856708467,0.0,0.16324286968536206,0.044410468466246134
248.1,rgbd,0.010585647260433834,0.009122399595230342,0.010600149291138112,0.02954913861298669,0.005370079473087122,0.08620144394866208,0.0736324617407863,0.0,0.1643201420771789,0.04482130650512068
250.1,rgbd,0.010497046285502576,0.009056702803473392,0.010434965132155256,0.02926264897139249,0.005306987379817352,0.08589755614518858,0.07352194243472811,0.0,0.16237474946739633,0.04441749804232958
252.1,rgbd,0.010547140787176064,0.009106783932462961,0.010247946115609483,0.029224498013866923,0.005320588801246283,0.09193478328138019,0.0792939924473445,0.0,0.1691899565514275,0.04652383409344951
254.1,rgbd,0.010502146207448243,0.00905790321528412,0.01043234213851306,0.02941626800911382,0.0053150225121973965,0.0909792206903815,0.07842919137062163,0.0,0.1677354035113598,0.04610944088122897
256.1,rgbd,0.009746868299168506,0.008451431796370545,0.008914620777359768,0.023595038268024015,0.004855382810101885,0.09137967982629495,0.0786922598759502,0.0,0.1685543510052505,0.04645184733433207
258.1,rgbd,0.008461837636231262,0.0072964564278664434,0.009476779180711386,0.023341133089707016,0.0042853727700383655,0.07476160271609539,0.06446348971281562,0.0,0.13678145527610372,0.03786496711638602
260.1,rgbd,0.01032729789191041,0.008869093545153577,0.010902650745320474,0.029701663282712898,0.00529077134599222,0.09089066217343632,0.07842150249744771,0.0,0.17014713999813502,0.04594758335721836
262.1,rgbd,0.010444103564109006,0.009007113739041233,0.01046163907142994,0.02850321908603342,0.005286889572310838,0.09182902200562088,0.0791883755094952,0.0,0.16858030507883862,0.04649484344178378
264.1,rgbd,0.00844594019211843,0.00702018985729061,0.006000100260714312,0.016074795972853582,0.004695832204885043,0.09190200276094246,0.07922042884214164,0.0,0.16922707178401689,0.046584351079943645
266.1,rgbd,0.008314600350596156,0.0067662570012310234,0.011529813012994257,0.02655132244046881,0.0048322194883330645,0.052503646671578835,0.04054017809747256,0.0,0.12054172457346389,0.03336355607004741
268.1,rgbd,0.010467954089939002,0.008995707540142167,0.010591529956672972,0.02946938206888471,0.005353065353729578,0.09184312297269301,0.07928699026811323,0.0,0.17163229607761932,0.04635442170496065
270.1,rgbd,0.009567802879229528,0.008150578157732779,0.01147016868183186,0.028803054616806517,0.005011080485332699,0.08460790729161623,0.07374463236375824,0.0,0.14306700787970422,0.04147562143959833
272.1,rgbd,0.010432523915333761,0.008982416392552671,0.010523128389452385,0.029472715007676106,0.005306010836288589,0.09181354402305096,0.07916586552384676,0.0,0.16915152254348564,0.04650260854976772
274.1,rgbd,0.010479173206342198,0.00902705260858253,0.010393468121442914,0.0288594290277952,0.005322160490853648,0.09185521603779163,0.07921217369028709,0.0,0.1684197604967172,0.046506045334011835
276.1,rgbd,0.010420105320234537,0.008989611114411522,0.010079091808789955,0.028213879207659796,0.005269296622551148,0.09859737646045794,0.08541933690804462,0.0,0.16914252524401843,0.04924408113748527
278.1,rgbd,0.010453638503073685,0.008980053912648474,0.010591564517484336,0.029595961861601364,0.005351372691083238,0.09843562290281996,0.08524806576536442,0.0,0.16865470514767425,0.04921726464900581
280.1,rgbd,0.008972113698311504,0.0076876121259949045,0.005365288836005266,0.0160206023850012,0.0046259533088526756,0.09865473844016082,0.08539322574768207,0.0,0.17101745569941995,0.04940399187415885
282.1,rgbd,0.005554120642759374,0.004231676294690957,0.010145078555755421,0.023291541029071088,0.0035973840288849356,0.03099632189341002,0.02683379778486626,0.0,0.05356684326603344,0.015515130272118134
284.1,rgbd,0.010217780382437206,0.008816475955412382,0.010518550631778116,0.028692468550926924,0.005164570424667855,0.0979065663527538,0.08504680545664663,0.0,0.17007337898216007,0.048505016406609744
286.1,rgbd,0.010514817576351351,0.009078125356546918,0.010668291213809744,0.029750014081540495,0.005305565820416068,0.0980664588692826,0.0849769607215738,0.0,0.16771308437557286,0.04894840652855619
288.1,rgbd,0.010619247921897492,0.009094820580554714,0.014560714410686255,0.031276340468623605,0.00548203110482261,0.09818451946489135,0.08512237009498332,0.0,0.16791113586312775,0.04893242250251174
290.1,rgbd,0.010902290172112496,0.00935797163979185,0.010625429411056113,0.030274325890744042,0.005593594352989158,0.09805341682907398,0.08491579169457164,0.0,0.16685921448268373,0.04902836804076025
292.1,rgbd,0.010971006007407332,0.009404999762597604,0.010718581105933872,0.030678220961902994,0.005648800959505196,0.09828448544396896,0.0851926517461063,0.0,0.16837185533927837,0.0490107352266052
2.1,rgbd,0.010285890637264546,0.008990720022682346,0.0032366276075772057,0.01801149731468845,0.004996648844526219,0.09784563065467548,0.08470637058738666,0.0,0.16668144661153556,0.04897548591002939
4.1,rgbd,0.018551929727470415,0.011577132733646906,0.021229426977533727,0.0923992792985247,0.014496347618642491,0.0,0.0,0.0,0.0,0.0
6.1,rgbd,0.007126030566069576,0.005702057084455434,0.007321032557292676,0.015364793714711257,0.004273974337097672,0.0812643212402953,0.06217876644022797,0.0,0.16720086545976237,0.0523229482217649
8.1,rgbd,0.00738375211284296,0.005485131615737841,0.01583662687043264,0.028424163185100253,0.00494298760082868,0.011458818137753912,0.008821033372316272,0.0,0.030321660322750896,0.007313951282214053
10.1,rgbd,0.010143897504215344,0.008832915304076568,0.01079434324960445,0.02501239944185202,0.004987811524810881,0.06935501129626144,0.0543135088097364,0.0,0.1510722993617958,0.04312957630998987
12.1,rgbd,0.006600059520757374,0.005192260066456708,0.006883818998116702,0.017166068581036045,0.0040744596058641955,0.05317677024661896,0.045631649555034896,0.14610982356054147,0.09643191673807981,0.027304238732258797
14.1,rgbd,0.006637339494573089,0.005007427458605274,0.012746315152268118,0.02672082495917702,0.004356597963207722,0.021776382874507054,0.01714277370318029,0.06273729883676986,0.04882171250009486,0.013428929996789558
16.1,rgbd,0.009604344548934924,0.008138509138352101,0.013702829105947844,0.030945885403798116,0.005099814037748377,0.05772857685041365,0.04576736129765127,0.17438431400407364,0.13278046821759787,0.0351843320957549
18.1,rgbd,0.00982847383426431,0.008561164973403809,0.00823443648852571,0.019703649757714645,0.004827561725030759,0.07579349217710621,0.062110790618358835,0.2044920745776312,0.16635417106597225,0.0434384984220616
20.1,rgbd,0.010801412094455108,0.00925546036943039,0.013118918248823436,0.03227960987664686,0.005568389047484435,0.07423414754350395,0.06122547764690947,0.18435845553085853,0.1663230047352871,0.04197796503427127
22.1,rgbd,0.010668902681167446,0.008994470052978312,0.013747823907572615,0.03372755259962565,0.005738030401304811,0.0747831609612678,0.06160327780139011,0.19390586457879763,0.16453625882334288,0.042397609926547106
24.1,rgbd,0.009834694555945945,0.008587321633482048,0.0031790774585473583,0.01467828615957068,0.0047936545736926,0.07497749134753504,0.06169459381461015,0.19409200597550805,0.16540799566408182,0.042607526363542376
26.1,rgbd,0.01076671628251923,0.009096762818831223,0.01341014759249758,0.03406697764637275,0.0057594344970834125,0.07682943379586753,0.06315556308063197,0.20530896310302424,0.16522003790343381,0.04375084855590696
28.1,rgbd,0.010732226605012066,0.009120015670148595,0.012846380516256172,0.03300912727201509,0.0056573847383374004,0.07695104499684935,0.06340486449612354,0.2055266788998757,0.16397802023396463,0.04360374392566935
30.1,rgbd,0.010735887483231413,0.00910331946288211,0.013107980145425578,0.03372720681686747,0.0056911206988884576,0.07703522657244191,0.06328017675530989,0.20607211311471726,0.16505888174682778,0.04393228155791819
32.1,rgbd,0.010783726094287478,0.009128466088049679,0.013474178835001837,0.03436197418298079,0.005741067440462937,0.07704556165620148,0.06335686292257581,0.20623612599074312,0.16480051745655575,0.043839782065259895
34.1,rgbd,0.01069075902093892,0.00907853962139666,0.013131657793928518,0.03303294681701093,0.005645568774403326,0.0770973980525735,0.06363660467848543,0.19284233685064026,0.16674741300118245,0.04352460604613361
36.1,rgbd,0.010732543306490408,0.009145122443990348,0.013305952717640448,0.03291363725555725,0.005617314421511052,0.07723502510263769,0.06383820834289797,0.19338240122031997,0.1663497746683475,0.043473351126567465
38.1,rgbd,0.010775421085316712,0.009161757290871285,0.013670871732472832,0.03402157206488392,0.005672028112505687,0.0798222608579117,0.06604773740741147,0.19290227932925072,0.1675185092557819,0.04482510135883823
40.1,rgbd,0.008897662247753645,0.007512607129612917,0.012590618508457732,0.02950750502348591,0.004767507482027647,0.06366287533903175,0.05291553457756168,0.1468440685709185,0.1327676626244463,0.035396439041293006
42.1,rgbd,0.010791185743726905,0.009168686647372882,0.013080245867510488,0.03363852078740517,0.005690771030176934,0.0789154585591098,0.06570155435275524,0.1831696724275723,0.1642412132943076,0.043714475351152526
44.1,rgbd,0.010734317423688139,0.009109541176172147,0.013328481325367578,0.03385514108764594,0.005678188981719343,0.078944813416911,0.06559847755637944,0.18305821595553295,0.166744417077957,0.043921786253704125
46.1,rgbd,0.009551428319137363,0.008164195375550487,0.01177061464803469,0.027177725953838366,0.004957388103170783,0.07171449438468898,0.06049814646305195,0.1650259981528964,0.14106587862887232,0.03850899868065521
48.1,rgbd,0.00989354240955772,0.008296302996710756,0.014059108818350315,0.033368958062158456,0.005390133393199586,0.06797375198435968,0.05553549550157466,0.15610702168352628,0.15415049527181715,0.03919489377745297
50.1,rgbd,0.01073243767607295,0.009135348741809544,0.013475168955088952,0.033535066578990975,0.005632994038369732,0.07891154697530578,0.06569564796426847,0.18301688069235283,0.16487093148031026,0.04371629083752189
52.1,rgbd,0.01069900938030355,0.009107933373407725,0.013314614877692326,0.033148260510532906,0.005613764457597872,0.07854041045967913,0.0653541632178186,0.18200180840343935,0.16400670812711787,0.04355949294096064
54.1,rgbd,0.010048950278909738,0.00866541351274038,0.011347684790187123,0.026877805097176813,0.0050884192399228015,0.07841668567266818,0.06529643670002527,0.18171725931616176,0.1638788938376589,0.04342294262444261
56.1,rgbd,0.006707769245962774,0.005112628283954262,0.012682482273408536,0.027130105834784212,0.004342257510465599,0.046290448663408756,0.03466272840389086,0.1040539962675956,0.12271640329321173,0.030680627390224268
58.1,rgbd,0.009289081004807964,0.007785137482097035,0.013654076955803516,0.03223183976764953,0.005067411597525112,0.0684936844776411,0.0566894432233947,0.15628178937914652,0.13500509613361414,0.038440757541236936
60.1,rgbd,0.010687299821997811,0.009098853093985457,0.013041033670862946,0.03315347109328314,0.005606179613546621,0.08422998260439854,0.06956925985167214,0.19311375818652746,0.16634904092274308,0.047484819187060184
